order,scopes,url,document_kind,law_number_guess,law_name_guess,portal_id,version_id,language,version_as_at,text_version,legal_status,last_amending_instrument,discovery_path,seed_provenance,indicator_hints,crawl_flags,review_flags
1,"seed,relevant,all",https://www.legislation.gov.au/C2004Q00685/1977-07-29/1977-07-29/text/original/epub,principal_act,,Commonwealth of Australia Constitution Act,C2004Q00685,C2013Q00005,eng,1977-07-29,consolidation,in_force,"Constitution Alteration (Referendums) 1977 (No. 84, 1977)",seed,"the developer, 2026-09-19: an Act in force, inside the scope we state (every principal act), so it is named on purpose. No indicator tag, because it carries no claim for any indicator. The register keeps it in the Q series, outside the Act collection the harvest reads, so only a seed reaches it",,,
2,"seed,relevant,all",https://www.legislation.gov.au/C2004A03712/2026-06-04/2026-06-04/text/original/epub,principal_act,"No. 119, 1988",Privacy Act 1988,C2004A03712,C2026C00227,eng,2026-06-04,consolidation,in_force,"Strengthening Oversight of the National Intelligence Community Act 2025 (No. 75, 2025)",seed,,"P6-I3,P6-I4,P7-I1,P7-I2",,
3,"seed,relevant,all",https://www.legislation.gov.au/C2018A00029/2026-06-04/2026-06-04/text/original/epub,principal_act,"No. 29, 2018",Security of Critical Infrastructure Act 2018,C2018A00029,C2026C00213,eng,2026-06-04,consolidation,in_force,"Strengthening Oversight of the National Intelligence Community Act 2025 (No. 75, 2025)",seed,,P7-I2,,
4,"seed,relevant,all",https://www.legislation.gov.au/C2004A04868/2026-06-30/2026-06-30/text/original/epub,principal_act,"No. 12, 1995",Criminal Code Act 1995,C2004A04868,C2026C00243,eng,2026-06-30,consolidation,in_force,"Secrecy Provisions Amendment (Sunsetting Provision) Act 2026 (No. 53, 2026)",seed,,P7-I2,,
5,"seed,relevant,all",https://www.legislation.gov.au/C2004A02123/2026-08-27/2026-08-27/text/original/epub,principal_act,"No. 113, 1979",Australian Security Intelligence Organisation Act 1979,C2004A02123,C2026C00387,eng,2026-08-27,consolidation,in_force,"Australian Security Intelligence Organisation Amendment Act (No. 2) 2026 (No. 81, 2026)",seed,,P7-I5,,
6,"seed,relevant,all",https://www.legislation.gov.au/C2004A02124/2026-08-27/2026-08-27/text/original/epub,principal_act,"No. 114, 1979",Telecommunications (Interception and Access) Act 1979,C2004A02124,C2026C00372,eng,2026-08-27,consolidation,in_force,"Combatting Illicit Tobacco Act 2026 (No. 82, 2026)",seed,,"P7-I3,P7-I5",,
7,"seed,relevant,all",https://www.legislation.gov.au/C2022A00011/2024-12-11/2024-12-11/text/original/epub,principal_act,"No. 11, 2022",Data Availability and Transparency Act 2022,C2022A00011,C2024C00820,eng,2024-12-11,consolidation,in_force,"Privacy and Other Legislation Amendment Act 2024 (No. 128, 2024)",seed,,P7-I5,,
8,"seed,relevant,all",https://www.legislation.gov.au/C2021A00098/asmade/2021-09-03/text/original/pdf,amending_act,"No. 98, 2021",Surveillance Legislation Amendment (Identify and Disrupt) Act 2021,C2021A00098,C2021A00098,eng,2021-09-03,as_enacted,in_force,,seed,,P7-I5,,"as_made_only,principal_unlinked"
9,"seed,relevant,all",https://www.legislation.gov.au/C2018A00148/2021-09-01/2021-09-01/text/original/epub,amending_act,"No. 148, 2018",Telecommunications and Other Legislation Amendment (Assistance and Access) Act 2018,C2018A00148,C2021C00496,eng,2021-09-01,consolidation,in_force,"Federal Circuit and Family Court of Australia (Consequential Amendments and Transitional Provisions) Act 2021 (No. 13, 2021)",seed,,P7-I5,,principal_unlinked
10,"seed,relevant,all",https://www.legislation.gov.au/C2021A00078/asmade/2021-07-23/text/original/pdf,amending_act,"No. 78, 2021",Telecommunications Legislation Amendment (International Production Orders) Act 2021,C2021A00078,C2021A00078,eng,2021-07-23,as_enacted,in_force,,seed,,P7-I5,,"as_made_only,principal_unlinked"
11,"seed,relevant,all",https://www.legislation.gov.au/C2012A00063/2026-07-01/2026-07-01/text/original/epub,principal_act,"No. 63, 2012",My Health Records Act 2012,C2012A00063,C2026C00277,eng,2026-07-01,consolidation,in_force,"Veterans’ Entitlements, Treatment and Support (Simplification and Harmonisation) Act 2025 (No. 17, 2025)",seed,,"P6-I1,P6-I2",,
12,"seed,relevant,all",https://www.legislation.gov.au/F2025L00278/latest/text,subsidiary_legislation,F2025L00278,Cyber Security (Ransomware Payment Reporting) Rules 2025,F2025L00278,F2025L00278,eng,2025-03-03,as_enacted,in_force,,seed,,P7-I2,,as_made_only
13,"seed,relevant,all",https://www.legislation.gov.au/F2021L00289/2024-10-14/2024-10-14/text/original/epub,subsidiary_legislation,F2021L00289,Telecommunications Regulations 2021,F2021L00289,F2024C00958,eng,2024-10-14,consolidation,in_force,Administrative Review Tribunal Legislation Consequential Amendments (2024 Measures No. 1) Regulations 2024,seed,,P7-I5,,
14,"seed,relevant,all",https://www.legislation.gov.au/F2025L00325/latest/text,subsidiary_legislation,F2025L00325,Security of Critical Infrastructure (Telecommunications Security and Risk Management Program) Rules 2025,F2025L00325,F2025L00325,eng,2025-03-11,as_enacted,in_force,,seed,,P7-I2,,as_made_only
15,"seed,relevant,all",https://www.legislation.gov.au/F2023L00112/2026-06-10/2026-06-10/text/original/epub,subsidiary_legislation,F2023L00112,Security of Critical Infrastructure (Critical infrastructure risk management program) Rules 2023,F2023L00112,F2026C00562,eng,2026-06-10,consolidation,in_force,Security of Critical Infrastructure Legislation Amendment (Enhanced Critical Infrastructure Risk Management Program) Rules 2026,seed,,P7-I2,,seed_title_differs_from_portal
16,"seed,relevant,all",https://www.legislation.gov.au/F2025L00276/latest/text,subsidiary_legislation,F2025L00276,Cyber Security (Security Standards for Smart Devices) Rules 2025,F2025L00276,F2025L00276,eng,2025-03-04,as_enacted,in_force,,seed,,P7-I2,,as_made_only
17,"seed,relevant,all",https://www.legislation.gov.au/F2018L01745/latest/text,subsidiary_legislation,F2018L01745,Prudential Standard CPS 234 Information Security,F2018L01745,F2018L01745,eng,2018-12-12,as_enacted,in_force,,seed,,P7-I2,,"as_made_only,seed_title_differs_from_portal"
18,"seed,relevant,all",https://www.legislation.gov.au/F2017L01396/latest/text,subsidiary_legislation,F2017L01396,Privacy (Australian Government Agencies - Governance) APP Code 2017,F2017L01396,F2017L01396,eng,2017-10-27,as_enacted,in_force,,seed,,P7-I4,,"as_made_only,seed_title_differs_from_portal"
19,"seed,relevant,all",https://www.oaic.gov.au/privacy/guidance-and-advice,agency_or_other,,Privacy Impact Assessment guidance (OAIC),,,eng,,,unknown,,seed,,P7-I4,,status_unknown
20,"seed,relevant,all",https://www.apra.gov.au/system/files/2023-07/Prudential%20Standard%20CPS%20230%20Operational%20Risk%20Management%20-%20clean.pdf,agency_or_other,,Prudential Standard CPS 230 Operational Risk Management,,,eng,,,unknown,,seed,,P7-I2,,status_unknown
21,"seed,relevant,all",https://www.oaic.gov.au/__data/assets/pdf_file/0029/242588/Privacy-Credit-Reporting-Code-2024.pdf,agency_or_other,,Privacy (Credit Reporting) Code 2024,,,eng,,,unknown,,seed,,"P7-I1,P7-I3",,status_unknown
22,"relevant,all",https://www.legislation.gov.au/C2008A00080/asmade/2008-07-12/text/original/pdf,principal_act,"No. 80, 2008",Military Memorials of National Significance Act 2008,C2008A00080,C2008A00080,eng,2008-07-12,as_enacted,in_force,,api_listing,,,,as_made_only
23,"relevant,all",https://www.legislation.gov.au/C2024A00098/asmade/2024-11-29/text/original/pdf,principal_act,"No. 98, 2024",Cyber Security Act 2024,C2024A00098,C2024A00098,eng,2024-11-29,as_enacted,in_force,,api_listing,,,,as_made_only
24,all,https://www.legislation.gov.au/C1901A00002/2026-03-28/2026-03-28/text/original/epub,principal_act,"No. 2, 1901",Acts Interpretation Act 1901,C1901A00002,C2026C00117,eng,2026-03-28,consolidation,in_force,"Law and Justice Legislation Amendment (New South Wales Local Court) Act 2026 (No. 4, 2026)",api_listing,,,,
25,all,https://www.legislation.gov.au/C1901A00006/2026-08-27/2026-08-27/text/original/epub,principal_act,"No. 6, 1901",Customs Act 1901,C1901A00006,C2026C00378,eng,2026-08-27,consolidation,in_force,"Combatting Illicit Tobacco Act 2026 (No. 82, 2026)",api_listing,,,,
26,all,https://www.legislation.gov.au/C1901A00009/2026-08-27/2026-08-27/text/original/epub,principal_act,"No. 9, 1901",Excise Act 1901,C1901A00009,C2026C00380,eng,2026-08-27,consolidation,in_force,"Combatting Illicit Tobacco Act 2026 (No. 82, 2026)",api_listing,,,,
27,all,https://www.legislation.gov.au/C1902A00012/2026-03-28/2026-03-28/text/original/epub,principal_act,"No. 12, 1902",Royal Commissions Act 1902,C1902A00012,C2026C00133,eng,2026-03-28,consolidation,in_force,"Law and Justice Legislation Amendment (New South Wales Local Court) Act 2026 (No. 4, 2026)",api_listing,,,,
28,all,https://www.legislation.gov.au/C1903A00006/2024-12-11/2024-12-11/text/original/epub,principal_act,"No. 6, 1903",Judiciary Act 1903,C1903A00006,C2024C00864,eng,2024-12-11,consolidation,in_force,"Crown References Amendment Act 2024 (No. 115, 2024)",api_listing,,,,
29,all,https://www.legislation.gov.au/C1903A00020/2026-07-01/2026-07-01/text/original/epub,principal_act,"No. 20, 1903",Defence Act 1903,C1903A00020,C2026C00299,eng,2026-07-01,consolidation,in_force,"Treasury Laws Amendment (Payday Superannuation) Act 2025 (No. 57, 2025)",api_listing,,,,
30,all,https://www.legislation.gov.au/C1905A00015/2020-10-01/2020-10-01/text/original/epub,principal_act,"No. 15, 1905",Census and Statistics Act 1905,C1905A00015,C2020C00296,eng,2020-10-01,consolidation,in_force,"Treasury Laws Amendment (2019 Measures No. 3) Act 2020 (No. 64, 2020)",api_listing,,,,
31,all,https://www.legislation.gov.au/C1905A00016/2024-10-14/2024-10-14/text/original/epub,principal_act,"No. 16, 1905",Commerce (Trade Descriptions) Act 1905,C1905A00016,C2024C00554,eng,2024-10-14,consolidation,in_force,"Administrative Review Tribunal (Consequential and Transitional Provisions No. 2) Act 2024 (No. 39, 2024)",api_listing,,,,
32,all,https://www.legislation.gov.au/C1908A00015/asmade/1998-01-01/text/original/pdf,principal_act,"No. 15, 1908",Surplus Revenue Act 1908,C1908A00015,C2004C00639,eng,1998-01-01,as_enacted,in_force,"Audit (Transitional and Miscellaneous) Amendment Act 1997 (No. 152, 1997)",api_listing,,,,as_made_only
33,all,https://www.legislation.gov.au/C1908A00016/1981-05-01/1981-05-01/text/original/epub,principal_act,"No. 16, 1908",Parliamentary Papers Act 1908,C1908A00016,C2004C00582,eng,1981-05-01,consolidation,in_force,"Parliamentary Joint Sittings Amendment Act 1981 (No. 39, 1981)",api_listing,,,,
34,all,https://www.legislation.gov.au/C1908A00024/asmade/1973-12-31/text/original/pdf,principal_act,"No. 24, 1908",Seat of Government Act 1908,C1908A00024,C2004C00607,eng,1973-12-31,as_enacted,in_force,"Statute Law Revision Act 1973 (No. 216, 1973)",api_listing,,,,as_made_only
35,all,https://www.legislation.gov.au/C1909A00011/asmade/2008-07-04/text/original/pdf,principal_act,"No. 11, 1909",Marine Insurance Act 1909,C1909A00011,C2008C00419,eng,2008-07-04,as_enacted,in_force,"Statute Law Revision Act 2008 (No. 73, 2008)",api_listing,,,,as_made_only
36,all,https://www.legislation.gov.au/C1909A00023/asmade/1973-12-31/text/original/pdf,principal_act,"No. 23, 1909",Seat of Government Acceptance Act 1909,C1909A00023,C2004C00608,eng,1973-12-31,as_enacted,in_force,"Statute Law Revision Act 1973 (No. 216, 1973)",api_listing,,,,as_made_only
37,all,https://www.legislation.gov.au/C1909A00027/asmade/2011-12-27/text/original/pdf,principal_act,"No. 27, 1909",Bills of Exchange Act 1909,C1909A00027,C2012C00128,eng,2011-12-27,as_enacted,in_force,"Acts Interpretation Amendment Act 2011 (No. 46, 2011)",api_listing,,,,as_made_only
38,all,https://www.legislation.gov.au/C1910A00008/asmade/2012-09-22/text/original/pdf,principal_act,"No. 8, 1910",Surplus Revenue Act 1910,C1910A00008,C2012C00803,eng,2012-09-22,as_enacted,in_force,"Statute Law Revision Act 2012 (No. 136, 2012)",api_listing,,,,as_made_only
39,all,https://www.legislation.gov.au/C1910A00020/asmade/2011-12-27/text/original/pdf,principal_act,"No. 20, 1910",Northern Territory Acceptance Act 1910,C1910A00020,C2012C00254,eng,2011-12-27,as_enacted,in_force,"Acts Interpretation Amendment Act 2011 (No. 46, 2011)",api_listing,,,,as_made_only
40,all,https://www.legislation.gov.au/C1910A00025/2017-03-22/2017-03-22/text/original/epub,principal_act,"No. 25, 1910",Seat of Government (Administration) Act 1910,C1910A00025,C2017C00093,eng,2017-03-22,consolidation,in_force,"Statute Update (A.C.T. Self-Government (Consequential Provisions) Regulations) Act 2017 (No. 13, 2017)",api_listing,,,,
41,all,https://www.legislation.gov.au/C1911A00020/2023-10-20/2023-10-20/text/original/epub,principal_act,"No. 20, 1911",Commonwealth Inscribed Stock Act 1911,C1911A00020,C2023C00415,eng,2023-10-20,consolidation,in_force,"Treasury Laws Amendment (2023 Law Improvement Package No. 1) Act 2023 (No. 76, 2023)",api_listing,,,,
42,all,https://www.legislation.gov.au/C1914A00012/2026-08-27/2026-08-27/text/original/epub,principal_act,"No. 12, 1914",Crimes Act 1914,C1914A00012,C2026C00368,eng,2026-08-27,consolidation,in_force,"Crimes and Other Legislation Amendment (Omnibus No. 1) Act 2026 (No. 70, 2026)",api_listing,,,,
43,all,https://www.legislation.gov.au/C1914A00033/asmade/2011-04-19/text/original/pdf,principal_act,"No. 33, 1914",Treasury Bills Act 1914,C1914A00033,C2011C00217,eng,2011-04-19,as_enacted,in_force,"Statute Law Revision Act 2011 (No. 5, 2011)",api_listing,,,,as_made_only
44,all,https://www.legislation.gov.au/C1915A00019/2023-08-22/2023-08-22/text/original/epub,principal_act,"No. 19, 1915",Jervis Bay Territory Acceptance Act 1915,C1915A00019,C2023C00223,eng,2023-08-22,consolidation,in_force,"Aboriginal Land Grant (Jervis Bay Territory) Amendment (Strengthening Land and Governance Provisions) Act 2023 (No. 57, 2023)",api_listing,,,,
45,all,https://www.legislation.gov.au/C1918A00027/2026-07-01/2026-07-01/text/original/epub,principal_act,"No. 27, 1918",Commonwealth Electoral Act 1918,C1918A00027,C2026C00260,eng,2026-07-01,consolidation,in_force,"Electoral Legislation Amendment (Electoral Reform) Act 2025 (No. 16, 2025)",api_listing,,,,
46,all,https://www.legislation.gov.au/C1918A00028/2016-10-21/2016-10-21/text/original/epub,principal_act,"No. 28, 1918",Control of Naval Waters Act 1918,C1918A00028,C2016C01077,eng,2016-10-21,consolidation,in_force,"Statute Update Act 2016 (No. 61, 2016)",api_listing,,,,
47,all,https://www.legislation.gov.au/C1918A00043/2025-02-15/2025-02-15/text/original/epub,principal_act,"No. 43, 1918",Defence Service Homes Act 1918,C1918A00043,C2025C00096,eng,2025-02-15,consolidation,in_force,"Defence Service Homes Amendment (Insurance) Act 2025 (No. 10, 2025)",api_listing,,,,
48,all,https://www.legislation.gov.au/C1919A00025/asmade/2014-07-01/text/original/pdf,principal_act,"No. 25, 1919",Loans Securities Act 1919,C1919A00025,C2014C00610,eng,2014-07-01,as_enacted,in_force,"Public Governance, Performance and Accountability (Consequential and Transitional Provisions) Act 2014 (No. 62, 2014)",api_listing,,,,as_made_only
49,all,https://www.legislation.gov.au/C1920A00050/2024-10-14/2024-10-14/text/original/epub,principal_act,"No. 50, 1920",Air Navigation Act 1920,C1920A00050,C2024C00427,eng,2024-10-14,consolidation,in_force,"Administrative Review Tribunal (Consequential and Transitional Provisions No. 1) Act 2024 (No. 38, 2024)",api_listing,,,,
50,all,https://www.legislation.gov.au/C1920A00054/asmade/2014-02-28/text/original/pdf,principal_act,"No. 54, 1920","Protection of Word ""Anzac"" Act 1920",C1920A00054,C2014C00072,eng,2014-02-28,as_enacted,in_force,"Veterans' Affairs Legislation Amendment (Miscellaneous Measures) Act 2014 (No. 5, 2014)",api_listing,,,,as_made_only
51,all,https://www.legislation.gov.au/C1921A00018/1950-12-31/1950-12-31/text/original/epub,principal_act,"No. 18, 1921",Loans Redemption and Conversion Act 1921,C1921A00018,C2004C00547,eng,1950-12-31,consolidation,in_force,"Statute Law Revision Act 1950 (No. 80, 1950)",api_listing,,,,
52,all,https://www.legislation.gov.au/C1921A00026/2026-07-01/2026-07-01/text/original/epub,principal_act,"No. 26, 1921",Excise Tariff Act 1921,C1921A00026,C2026C00322,eng,2026-07-01,consolidation,in_force,"Treasury Laws Amendment (Fuel Excise Relief No. 2) Act 2026 (No. 59, 2026)",api_listing,,,,
53,all,https://www.legislation.gov.au/C1922A00028/asmade/1922-10-18/text/original/pdf,principal_act,"No. 28, 1922",Seat of Government Acceptance Act 1922,C1922A00028,C1922A00028,eng,1922-10-18,as_enacted,in_force,,api_listing,,,,as_made_only
54,all,https://www.legislation.gov.au/C1922A00033/2024-12-11/2024-12-11/text/original/epub,principal_act,"No. 33, 1922",Superannuation Act 1922,C1922A00033,C2024C00825,eng,2024-12-11,consolidation,in_force,"Crown References Amendment Act 2024 (No. 115, 2024)",api_listing,,,,
55,all,https://www.legislation.gov.au/C1923A00014/asmade/2008-07-04/text/original/pdf,principal_act,"No. 14, 1923",Removal of Prisoners (Territories) Act 1923,C1923A00014,C2008C00388,eng,2008-07-04,as_enacted,in_force,"Statute Law Revision Act 2008 (No. 73, 2008)",api_listing,,,,as_made_only
56,all,https://www.legislation.gov.au/C1924A00031/2016-10-21/2016-10-21/text/original/epub,principal_act,"No. 31, 1924",Scout Association Act 1924,C1924A00031,C2016C01002,eng,2016-10-21,consolidation,in_force,"Statute Update Act 2016 (No. 61, 2016)",api_listing,,,,
57,all,https://www.legislation.gov.au/C1926A00021/asmade/1986-12-05/text/original/pdf,principal_act,"No. 21, 1926",Science and Industry Endowment Act 1926,C1926A00021,C2004C00158,eng,1986-12-05,as_enacted,in_force,"Science and Industry Research Legislation Amendment Act 1986 (No. 121, 1986)",api_listing,,,,as_made_only
58,all,https://www.legislation.gov.au/C1929A00004/asmade/1929-03-18/text/original/pdf,principal_act,"No. 4, 1929",Financial Agreement Validation Act 1929,C1929A00004,C1929A00004,eng,1929-03-18,as_enacted,in_force,,api_listing,,,,as_made_only
59,all,https://www.legislation.gov.au/C1932A00002/asmade/1979-05-15/text/original/pdf,principal_act,"No. 2, 1932",Financial Agreements (Commonwealth Liability) Act 1932,C1932A00002,C2004C00484,eng,1979-05-15,as_enacted,in_force,"Jurisdiction of Courts (Miscellaneous Amendments) Act 1979 (No. 19, 1979)",api_listing,,,,as_made_only
60,all,https://www.legislation.gov.au/C1933A00008/asmade/1973-12-31/text/original/pdf,principal_act,"No. 8, 1933",Australian Antarctic Territory Acceptance Act 1933,C1933A00008,C2004C00416,eng,1973-12-31,as_enacted,in_force,"Statute Law Revision Act 1973 (No. 216, 1973)",api_listing,,,,as_made_only
61,all,https://www.legislation.gov.au/C1933A00034/asmade/1989-05-11/text/original/pdf,principal_act,"No. 34, 1933",Australian Capital Territory Supreme Court Act 1933,C1933A00034,C2004C02023,eng,1989-05-11,as_enacted,in_force,"A.C.T. Self-Government (Consequential Provisions) Act 1988 (No. 109, 1988)",api_listing,,,,as_made_only
62,all,https://www.legislation.gov.au/C1933A00060/asmade/2008-07-04/text/original/pdf,principal_act,"No. 60, 1933",Ashmore and Cartier Islands Acceptance Act 1933,C1933A00060,C2008C00341,eng,2008-07-04,as_enacted,in_force,"Statute Law Revision Act 2008 (No. 73, 2008)",api_listing,,,,as_made_only
63,all,https://www.legislation.gov.au/C1933A00074/2023-10-18/2023-10-18/text/original/epub,principal_act,"No. 74, 1933",Trade Representatives Act 1933,C1933A00074,C2023C00392,eng,2023-10-18,consolidation,in_force,"Statute Law Amendment (Prescribed Forms and Other Updates) Act 2023 (No. 74, 2023)",api_listing,,,,
64,all,https://www.legislation.gov.au/C1936A00027/2026-07-01/2026-07-01/text/original/epub,principal_act,"No. 27, 1936",Income Tax Assessment Act 1936,C1936A00027,C2026C00333,eng,2026-07-01,consolidation,in_force,"Treasury Laws Amendment (Delivering an Efficient and Trusted Tax System) Act 2026 (No. 58, 2026)",api_listing,,,,
65,all,https://www.legislation.gov.au/C1938A00015/2024-10-14/2024-10-14/text/original/epub,principal_act,"No. 15, 1938",Foreign Passports (Law Enforcement and Security) Act 2005,C1938A00015,C2024C00622,eng,2024-10-14,consolidation,in_force,"Administrative Review Tribunal (Consequential and Transitional Provisions No. 2) Act 2024 (No. 39, 2024)",api_listing,,,,
66,all,https://www.legislation.gov.au/C1942A00056/1986-03-03/1986-03-03/text/original/epub,principal_act,"No. 56, 1942",Statute of Westminster Adoption Act 1942,C1942A00056,C2004C00661,eng,1986-03-03,consolidation,in_force,"Australia Act 1986 (No. 142, 1985)",api_listing,,,,
67,all,https://www.legislation.gov.au/C1944A00042/1973-12-31/1973-12-31/text/original/epub,principal_act,"No. 42, 1944",United Nations Food and Agriculture Organization Act 1944,C1944A00042,C2004C00646,eng,1973-12-31,consolidation,in_force,"Statute Law Revision Act 1973 (No. 216, 1973)",api_listing,,,,
68,all,https://www.legislation.gov.au/C1945A00016/2016-10-21/2016-10-21/text/original/epub,principal_act,"No. 16, 1945",War Gratuity Act 1945,C1945A00016,C2016C00964,eng,2016-10-21,consolidation,in_force,"Statute Update Act 2016 (No. 61, 2016)",api_listing,,,,
69,all,https://www.legislation.gov.au/C1945A00031/asmade/1994-12-16/text/original/pdf,principal_act,"No. 31, 1945",Australian National Airlines Act 1945,C1945A00031,C2004C01144,eng,1994-12-16,as_enacted,in_force,,api_listing,,,,as_made_only
70,all,https://www.legislation.gov.au/C1945A00032/2021-09-14/2021-09-14/text/original/epub,principal_act,"No. 32, 1945",Charter of the United Nations Act 1945,C1945A00032,C2021C00518,eng,2021-09-14,consolidation,in_force,"Charter of the United Nations Amendment Act 2021 (No. 106, 2021)",api_listing,,,,
71,all,https://www.legislation.gov.au/C1945A00048/2018-05-23/2018-05-23/text/original/epub,principal_act,"No. 48, 1945",War Crimes Act 1945,C1945A00048,C2018C00198,eng,2018-05-23,consolidation,in_force,"Crimes Legislation Amendment (International Crime Cooperation and Other Measures) Act 2018 (No. 34, 2018)",api_listing,,,,
72,all,https://www.legislation.gov.au/C1946A00020/2018-03-14/2018-03-14/text/original/epub,principal_act,"No. 20, 1946",Parliamentary Proceedings Broadcasting Act 1946,C1946A00020,C2018C00083,eng,2018-03-14,consolidation,in_force,"Electoral and Other Legislation Amendment Act 2017 (No. 99, 2017)",api_listing,,,,
73,all,https://www.legislation.gov.au/C1946A00045/2024-10-14/2024-10-14/text/original/epub,principal_act,"No. 45, 1946",Immigration (Guardianship of Children) Act 1946,C1946A00045,C2024C00628,eng,2024-10-14,consolidation,in_force,"Administrative Review Tribunal (Consequential and Transitional Provisions No. 1) Act 2024 (No. 38, 2024)",api_listing,,,,
74,all,https://www.legislation.gov.au/C1946A00081/asmade/1946-12-19/text/original/pdf,principal_act,"No. 81, 1946",Constitution Alteration (Social Services) 1946,C1946A00081,C1946A00081,eng,1946-12-19,as_enacted,in_force,,api_listing,,,,as_made_only
75,all,https://www.legislation.gov.au/C1947A00005/2026-04-09/2026-04-09/text/original/epub,principal_act,"No. 5, 1947",International Monetary Agreements Act 1947,C1947A00005,C2026C00173,eng,2026-04-09,consolidation,in_force,"Treasury Laws Amendment (Genetic Testing Protections in Life Insurance and Other Measures) Act 2026 (No. 35, 2026)",api_listing,,,,
76,all,https://www.legislation.gov.au/C1947A00023/asmade/2014-07-01/text/original/pdf,principal_act,"No. 23, 1947",Services Trust Funds Act 1947,C1947A00023,C2014C00415,eng,2014-07-01,as_enacted,in_force,"Public Governance, Performance and Accountability (Consequential and Transitional Provisions) Act 2014 (No. 62, 2014)",api_listing,,,,as_made_only
77,all,https://www.legislation.gov.au/C1947A00024/asmade/1947-06-10/text/original/pdf,principal_act,"No. 24, 1947","United Nations Educational, Scientific and Cultural Organization Act 1947",C1947A00024,C1947A00024,eng,1947-06-10,as_enacted,in_force,,api_listing,,,,as_made_only
78,all,https://www.legislation.gov.au/C1947A00091/asmade/1947-12-11/text/original/pdf,principal_act,"No. 91, 1947",International Labour Organisation Act 1947,C1947A00091,C1947A00091,eng,1947-12-11,as_enacted,in_force,,api_listing,,,,as_made_only
79,all,https://www.legislation.gov.au/C1947A00093/2016-10-21/2016-10-21/text/original/epub,principal_act,"No. 93, 1947",World Health Organization Act 1947,C1947A00093,C2016C00962,eng,2016-10-21,consolidation,in_force,"Statute Update Act 2016 (No. 61, 2016)",api_listing,,,,
80,all,https://www.legislation.gov.au/C1948A00020/asmade/1955-11-12/text/original/pdf,principal_act,"No. 20, 1948",Transferred Officers' Allowances Act 1948,C1948A00020,C2004C00643,eng,1955-11-12,as_enacted,in_force,"Transferred Officers' Allowances Act 1956 (No. 20, 1956)",api_listing,,,,as_made_only
81,all,https://www.legislation.gov.au/C1948A00031/2022-09-28/2022-09-28/text/original/epub,principal_act,"No. 31, 1948",Defence Forces Retirement Benefits Act 1948,C1948A00031,C2022C00288,eng,2022-09-28,consolidation,in_force,"Family Law Amendment (Western Australia De Facto Superannuation Splitting and Bankruptcy) Act 2020 (No. 112, 2020)",api_listing,,,,
82,all,https://www.legislation.gov.au/C1948A00089/2026-07-01/2026-07-01/text/original/epub,principal_act,"No. 89, 1948",Parliamentary Contributory Superannuation Act 1948,C1948A00089,C2026C00237,eng,2026-07-01,consolidation,in_force,"Treasury Laws Amendment (Payday Superannuation) Act 2025 (No. 57, 2025)",api_listing,,,,
83,all,https://www.legislation.gov.au/C1949A00013/2022-09-14/2022-09-14/text/original/epub,principal_act,"No. 13, 1949",Science and Industry Research Act 1949,C1949A00013,C2022C00256,eng,2022-09-14,consolidation,in_force,"Climate Change (Consequential Amendments) Act 2022 (No. 38, 2022)",api_listing,,,,
84,all,https://www.legislation.gov.au/C1949A00027/asmade/1949-07-12/text/original/pdf,principal_act,"No. 27, 1949",Genocide Convention Act 1949,C1949A00027,C1949A00027,eng,1949-07-12,as_enacted,in_force,,api_listing,,,,as_made_only
85,all,https://www.legislation.gov.au/C1951A00060/2017-03-22/2017-03-22/text/original/epub,principal_act,"No. 60, 1951",Public Accounts and Audit Committee Act 1951,C1951A00060,C2017C00109,eng,2017-03-22,consolidation,in_force,"Statute Update (A.C.T. Self-Government (Consequential Provisions) Regulations) Act 2017 (No. 13, 2017)",api_listing,,,,
86,all,https://www.legislation.gov.au/C1952A00001/2023-11-29/2023-11-29/text/original/epub,principal_act,"No. 1, 1952",Ministers of State Act 1952,C1952A00001,C2023C00452,eng,2023-11-29,consolidation,in_force,"Ministers of State Amendment Act 2023 (No. 104, 2023)",api_listing,,,,
87,all,https://www.legislation.gov.au/C1952A00006/asmade/1952-03-13/text/original/pdf,principal_act,"No. 6, 1952","Security Treaty (Australia, New Zealand and the United States of America) Act 1952",C1952A00006,C1952A00006,eng,1952-03-13,as_enacted,in_force,,api_listing,,,,as_made_only
88,all,https://www.legislation.gov.au/C1952A00019/2024-12-11/2024-12-11/text/original/epub,principal_act,"No. 19, 1952",Defence (Special Undertakings) Act 1952,C1952A00019,C2024C00812,eng,2024-12-11,consolidation,in_force,"Crown References Amendment Act 2024 (No. 115, 2024)",api_listing,,,,
89,all,https://www.legislation.gov.au/C1953A00001/2026-08-27/2026-08-27/text/original/epub,principal_act,"No. 1, 1953",Taxation Administration Act 1953,C1953A00001,C2026C00393,eng,2026-08-27,consolidation,in_force,"Combatting Illicit Tobacco Act 2026 (No. 82, 2026)",api_listing,,,,
90,all,https://www.legislation.gov.au/C1953A00007/asmade/2008-07-04/text/original/pdf,principal_act,"No. 7, 1953",Heard Island and McDonald Islands Act 1953,C1953A00007,C2008C00326,eng,2008-07-04,as_enacted,in_force,"Statute Law Revision Act 2008 (No. 73, 2008)",api_listing,,,,as_made_only
91,all,https://www.legislation.gov.au/C1953A00021/asmade/2005-02-22/text/original/pdf,principal_act,"No. 21, 1953",Loan (Temporary Revenue Deficits) Act 1953,C1953A00021,C2005C00101,eng,2005-02-22,as_enacted,in_force,"Financial Framework Legislation Amendment Act 2005 (No. 8, 2005)",api_listing,,,,as_made_only
92,all,https://www.legislation.gov.au/C1953A00031/2022-11-30/2022-11-30/text/original/epub,principal_act,"No. 31, 1953",Atomic Energy Act 1953,C1953A00031,C2022C00333,eng,2022-11-30,consolidation,in_force,"Atomic Energy Amendment (Mine Rehabilitation and Closure) Act 2022 (No. 63, 2022)",api_listing,,,,
93,all,https://www.legislation.gov.au/C1953A00074/2024-12-11/2024-12-11/text/original/epub,principal_act,"No. 74, 1953",Royal Powers Act 1953,C1953A00074,C2025C00006,eng,2024-12-11,consolidation,in_force,"Crown References Amendment Act 2024 (No. 115, 2024)",api_listing,,,,
94,all,https://www.legislation.gov.au/C1953A00082/2026-03-27/2026-03-27/text/original/epub,principal_act,"No. 82, 1953",International Tax Agreements Act 1953,C1953A00082,C2026C00124,eng,2026-03-27,consolidation,in_force,"Treasury Laws Amendment (Supporting Choice in Superannuation and Other Measures) Act 2026 (No. 12, 2026)",api_listing,,,,
95,all,https://www.legislation.gov.au/C1953A00092/asmade/2014-07-01/text/original/pdf,principal_act,"No. 92, 1953",Royal Australian Air Force Veterans' Residences Act 1953,C1953A00092,C2014C00545,eng,2014-07-01,as_enacted,in_force,"Public Governance, Performance and Accountability (Consequential and Transitional Provisions) Act 2014 (No. 62, 2014)",api_listing,,,,as_made_only
96,all,https://www.legislation.gov.au/C1953A00095/2026-07-07/2026-07-07/text/original/epub,principal_act,"No. 95, 1953",National Health Act 1953,C1953A00095,C2026C00359,eng,2026-07-07,consolidation,in_force,"Health Legislation Amendment (Prescribing of Pharmaceutical Benefits) Act 2026 (No. 65, 2026)",api_listing,,,,
97,all,https://www.legislation.gov.au/C1954A00001/asmade/2008-07-04/text/original/pdf,principal_act,"No. 1, 1954",Flags Act 1953,C1954A00001,C2008C00376,eng,2008-07-04,as_enacted,in_force,"Statute Law Revision Act 2008 (No. 73, 2008)",api_listing,,,,as_made_only
98,all,https://www.legislation.gov.au/C1954A00042/asmade/2012-09-22/text/original/pdf,principal_act,"No. 42, 1954",Australian Antarctic Territory Act 1954,C1954A00042,C2012C00725,eng,2012-09-22,as_enacted,in_force,"Statute Law Revision Act 2012 (No. 136, 2012)",api_listing,,,,as_made_only
99,all,https://www.legislation.gov.au/C1954A00059/asmade/2014-07-01/text/original/pdf,principal_act,"No. 59, 1954",Northern Territory (Lessees' Loans Guarantee) Act 1954,C1954A00059,C2014C00632,eng,2014-07-01,as_enacted,in_force,"Public Governance, Performance and Accountability (Consequential and Transitional Provisions) Act 2014 (No. 62, 2014)",api_listing,,,,as_made_only
100,all,https://www.legislation.gov.au/C1955A00005/2016-05-01/2016-05-01/text/original/epub,principal_act,"No. 5, 1955",Consular Fees Act 1955,C1955A00005,C2016C00572,eng,2016-05-01,consolidation,in_force,"Trade Legislation Amendment Act (No. 1) 2016 (No. 31, 2016)",api_listing,,,,
101,all,https://www.legislation.gov.au/C1955A00006/asmade/2014-09-11/text/original/pdf,principal_act,"No. 6, 1955",Meteorology Act 1955,C1955A00006,C2014C00652,eng,2014-09-11,as_enacted,in_force,"Meteorology Amendment (Online Advertising) Act 2014 (No. 102, 2014)",api_listing,,,,as_made_only
102,all,https://www.legislation.gov.au/C1955A00016/2024-12-11/2024-12-11/text/original/epub,principal_act,"No. 16, 1955",Defence Force Discipline Appeals Act 1955,C1955A00016,C2024C00831,eng,2024-12-11,consolidation,in_force,"Crown References Amendment Act 2024 (No. 115, 2024)",api_listing,,,,
103,all,https://www.legislation.gov.au/C1955A00034/2020-12-18/2020-12-18/text/original/epub,principal_act,"No. 34, 1955",Cocos (Keeling) Islands Act 1955,C1955A00034,C2021C00085,eng,2020-12-18,consolidation,in_force,"Territories Legislation Amendment Act 2020 (No. 154, 2020)",api_listing,,,,
104,all,https://www.legislation.gov.au/C1955A00066/2026-04-09/2026-04-09/text/original/epub,principal_act,"No. 66, 1955",International Finance Corporation Act 1955,C1955A00066,C2026C00172,eng,2026-04-09,consolidation,in_force,"Treasury Laws Amendment (Genetic Testing Protections in Life Insurance and Other Measures) Act 2026 (No. 35, 2026)",api_listing,,,,
105,all,https://www.legislation.gov.au/C1956A00018/asmade/1956-05-12/text/original/pdf,principal_act,"No. 18, 1956",Salaries Adjustment Act 1956,C1956A00018,C1956A00018,eng,1956-05-12,as_enacted,in_force,,api_listing,,,,as_made_only
106,all,https://www.legislation.gov.au/C1957A00089/asmade/1987-06-05/text/original/pdf,principal_act,"No. 89, 1957",Papua New Guinea (Members of the Forces Benefits) Act 1957,C1957A00089,C2004C00383,eng,1987-06-05,as_enacted,in_force,,api_listing,,,,as_made_only
107,all,https://www.legislation.gov.au/C1957A00103/2016-10-21/2016-10-21/text/original/epub,principal_act,"No. 103, 1957",Geneva Conventions Act 1957,C1957A00103,C2016C01093,eng,2016-10-21,consolidation,in_force,"Statute Update Act 2016 (No. 61, 2016)",api_listing,,,,
108,all,https://www.legislation.gov.au/C1958A00041/2020-12-18/2020-12-18/text/original/epub,principal_act,"No. 41, 1958",Christmas Island Act 1958,C1958A00041,C2021C00068,eng,2020-12-18,consolidation,in_force,"Territories Legislation Amendment Act 2020 (No. 154, 2020)",api_listing,,,,
109,all,https://www.legislation.gov.au/C1958A00062/2026-06-04/2026-06-04/text/original/epub,principal_act,"No. 62, 1958",Migration Act 1958,C1958A00062,C2026C00232,eng,2026-06-04,consolidation,in_force,"Strengthening Oversight of the National Intelligence Community Act 2025 (No. 75, 2025)",api_listing,,,,
110,all,https://www.legislation.gov.au/C1958A00069/asmade/1983-12-21/text/original/pdf,principal_act,"No. 69, 1958",Christmas Island Agreement Act 1958,C1958A00069,C2004C00122,eng,1983-12-21,as_enacted,in_force,"Christmas Island Agreement Amendment Act 1983 (No. 30, 1983)",api_listing,,,,as_made_only
111,all,https://www.legislation.gov.au/C1959A00002/2021-06-17/2021-06-17/text/original/epub,principal_act,"No. 2, 1959",Civil Aviation (Carriers' Liability) Act 1959,C1959A00002,C2021C00236,eng,2021-06-17,consolidation,in_force,"Aviation Legislation Amendment (Liability and Insurance) Act 2020 (No. 148, 2020)",api_listing,,,,
112,all,https://www.legislation.gov.au/C1959A00004/2026-08-27/2026-08-27/text/original/epub,principal_act,"No. 4, 1959",Reserve Bank Act 1959,C1959A00004,C2026C00375,eng,2026-08-27,consolidation,in_force,"Cash Distribution Framework (Consequential Amendments and Transitional Provisions) Act 2026 (No. 69, 2026)",api_listing,,,,
113,all,https://www.legislation.gov.au/C1959A00005/2023-06-24/2023-06-24/text/original/epub,principal_act,"No. 5, 1959",Commonwealth Banks Act 1959,C1959A00005,C2023C00149,eng,2023-06-24,consolidation,in_force,"Treasury Laws Amendment (2023 Measures No. 2) Act 2023 (No. 28, 2023)",api_listing,,,,
114,all,https://www.legislation.gov.au/C1959A00006/2026-03-31/2026-03-31/text/original/epub,principal_act,"No. 6, 1959",Banking Act 1959,C1959A00006,C2026C00104,eng,2026-03-31,consolidation,in_force,"Anti-Money Laundering and Counter-Terrorism Financing Amendment Act 2024 (No. 110, 2024)",api_listing,,,,
115,all,https://www.legislation.gov.au/C1959A00046/asmade/1959-05-22/text/original/pdf,principal_act,"No. 46, 1959",Housing Loans Guarantees (Australian Capital Territory) Act 1959,C1959A00046,C1959A00046,eng,1959-05-22,as_enacted,in_force,,api_listing,,,,as_made_only
116,all,https://www.legislation.gov.au/C1959A00047/asmade/1959-05-22/text/original/pdf,principal_act,"No. 47, 1959",Housing Loans Guarantees (Northern Territory) Act 1959,C1959A00047,C1959A00047,eng,1959-05-22,as_enacted,in_force,,api_listing,,,,as_made_only
117,all,https://www.legislation.gov.au/C1959A00052/2024-01-01/2024-01-01/text/original/epub,principal_act,"No. 52, 1959",Statutory Declarations Act 1959,C1959A00052,C2024C00005,eng,2024-01-01,consolidation,in_force,"Statutory Declarations Amendment Act 2023 (No. 92, 2023)",api_listing,,,,
118,all,https://www.legislation.gov.au/C1959A00094/2017-03-22/2017-03-22/text/original/epub,principal_act,"No. 94, 1959",Commonwealth Motor Vehicles (Liability) Act 1959,C1959A00094,C2017C00110,eng,2017-03-22,consolidation,in_force,,api_listing,,,,
119,all,https://www.legislation.gov.au/C1960A00014/2026-04-09/2026-04-09/text/original/epub,principal_act,"No. 14, 1960",International Monetary Agreements Act 1960,C1960A00014,C2026C00178,eng,2026-04-09,consolidation,in_force,"Treasury Laws Amendment (Genetic Testing Protections in Life Insurance and Other Measures) Act 2026 (No. 35, 2026)",api_listing,,,,
120,all,https://www.legislation.gov.au/C1960A00021/1969-03-01/1969-03-01/text/original/epub,principal_act,"No. 21, 1960",International Development Association Act 1960,C1960A00021,C2004C00518,eng,1969-03-01,consolidation,in_force,"International Development Association Act 1963 (No. 51, 1963)",api_listing,,,,
121,all,https://www.legislation.gov.au/C1960A00048/2008-07-04/2008-07-04/text/original/epub,principal_act,"No. 48, 1960",Antarctic Treaty Act 1960,C1960A00048,C2008C00398,eng,2008-07-04,consolidation,in_force,"Statute Law Revision Act 2008 (No. 73, 2008)",api_listing,,,,
122,all,https://www.legislation.gov.au/C1960A00064/2024-10-14/2024-10-14/text/original/epub,principal_act,"No. 64, 1960",National Measurement Act 1960,C1960A00064,C2024C00648,eng,2024-10-14,consolidation,in_force,"Administrative Review Tribunal (Consequential and Transitional Provisions No. 2) Act 2024 (No. 39, 2024)",api_listing,,,,
123,all,https://www.legislation.gov.au/C1960A00068/asmade/2001-04-19/text/original/pdf,principal_act,"No. 68, 1960",Defence Forces Special Retirement Benefits Act 1960,C1960A00068,C2004C00462,eng,2001-04-19,as_enacted,in_force,"Defence Legislation Amendment (Enhancement of the Reserves and Modernisation) Act 2001 (No. 10, 2001)",api_listing,,,,as_made_only
124,all,https://www.legislation.gov.au/C1960A00069/2021-05-01/2021-05-01/text/original/epub,principal_act,"No. 69, 1960",National Library Act 1960,C1960A00069,C2021C00212,eng,2021-05-01,consolidation,in_force,"National Collecting Institutions Legislation Amendment Act 2021 (No. 20, 2021)",api_listing,,,,
125,all,https://www.legislation.gov.au/C1961A00012/2026-03-28/2026-03-28/text/original/epub,principal_act,"No. 12, 1961",Marriage Act 1961,C1961A00012,C2026C00129,eng,2026-03-28,consolidation,in_force,"Law and Justice Legislation Amendment (New South Wales Local Court) Act 2026 (No. 4, 2026)",api_listing,,,,
126,all,https://www.legislation.gov.au/C1961A00038/2017-03-01/2017-03-01/text/original/epub,principal_act,"No. 38, 1961",Commonwealth Serum Laboratories Act 1961,C1961A00038,C2017C00073,eng,2017-03-01,consolidation,in_force,"Insolvency Law Reform Act 2016 (No. 11, 2016)",api_listing,,,,
127,all,https://www.legislation.gov.au/C1961A00065/2024-12-11/2024-12-11/text/original/epub,principal_act,"No. 65, 1961",Explosives Act 1961,C1961A00065,C2024C00816,eng,2024-12-11,consolidation,in_force,"Crown References Amendment Act 2024 (No. 115, 2024)",api_listing,,,,
128,all,https://www.legislation.gov.au/C1961A00086/2012-09-25/2012-09-25/text/original/epub,principal_act,"No. 86, 1961",Superannuation (Pension Increases) Act 1961,C1961A00086,C2012C00783,eng,2012-09-25,consolidation,in_force,"Statute Stocktake (Appropriations) Act (No. 1) 2012 (No. 141, 2012)",api_listing,,,,
129,all,https://www.legislation.gov.au/C1961A00087/asmade/1997-02-19/text/original/pdf,principal_act,"No. 87, 1961",Defence Forces Retirement Benefits (Pension Increases) Act 1961,C1961A00087,C2004C00481,eng,1997-02-19,as_enacted,in_force,"Defence Legislation Amendment Act (No. 1) 1997 (No. 1, 1997)",api_listing,,,,as_made_only
130,all,https://www.legislation.gov.au/C1963A00030/asmade/1963-05-31/text/original/pdf,principal_act,"No. 30, 1963",United States Naval Communication Station Agreement Act 1963,C1963A00030,C1963A00030,eng,1963-05-31,as_enacted,in_force,,api_listing,,,,as_made_only
131,all,https://www.legislation.gov.au/C1963A00050/2023-09-20/2023-09-20/text/original/epub,principal_act,"No. 50, 1963",International Organisations (Privileges and Immunities) Act 1963,C1963A00050,C2023C00265,eng,2023-09-20,consolidation,in_force,"International Organisations (Privileges and Immunities) Amendment Act 2023 (No. 78, 2023)",api_listing,,,,
132,all,https://www.legislation.gov.au/C1963A00061/2016-10-21/2016-10-21/text/original/epub,principal_act,"No. 61, 1963",Submarine Cables and Pipelines Protection Act 1963,C1963A00061,C2016C00970,eng,2016-10-21,consolidation,in_force,"Statute Update Act 2016 (No. 61, 2016)",api_listing,,,,
133,all,https://www.legislation.gov.au/C1963A00074/2021-06-17/2021-06-17/text/original/epub,principal_act,"No. 74, 1963",Air Accidents (Commonwealth Government Liability) Act 1963,C1963A00074,C2021C00232,eng,2021-06-17,consolidation,in_force,"Aviation Legislation Amendment (Liability and Insurance) Act 2020 (No. 148, 2020)",api_listing,,,,
134,all,https://www.legislation.gov.au/C1963A00081/2017-12-09/2017-12-09/text/original/epub,principal_act,"No. 81, 1963",Defence (Visiting Forces) Act 1963,C1963A00081,C2017C00397,eng,2017-12-09,consolidation,in_force,"Marriage Amendment (Definition and Religious Freedoms) Act 2017 (No. 129, 2017)",api_listing,,,,
135,all,https://www.legislation.gov.au/C1964A00091/2024-10-14/2024-10-14/text/original/epub,principal_act,"No. 91, 1964",Law Officers Act 1964,C1964A00091,C2024C00533,eng,2024-10-14,consolidation,in_force,"Administrative Review Tribunal (Consequential and Transitional Provisions No. 1) Act 2024 (No. 38, 2024)",api_listing,,,,
136,all,https://www.legislation.gov.au/C1964A00116/asmade/2014-10-03/text/original/pdf,principal_act,"No. 116, 1964",Crimes (Overseas) Act 1964,C1964A00116,C2014C00679,eng,2014-10-03,as_enacted,in_force,"National Security Legislation Amendment Act (No. 1) 2014 (No. 108, 2014)",api_listing,,,,as_made_only
137,all,https://www.legislation.gov.au/C1965A00005/2015-12-10/2015-12-10/text/original/epub,principal_act,"No. 5, 1965",Parliamentary Presiding Officers Act 1965,C1965A00005,C2016C00070,eng,2015-12-10,consolidation,in_force,"Statute Law Revision Act (No. 2) 2015 (No. 145, 2015)",api_listing,,,,
138,all,https://www.legislation.gov.au/C1965A00013/asmade/2013-01-01/text/original/pdf,principal_act,"No. 13, 1965",Jury Exemption Act 1965,C1965A00013,C2013C00074,eng,2013-01-01,as_enacted,in_force,"Fair Work Amendment Act 2012 (No. 174, 2012)",api_listing,,,,as_made_only
139,all,https://www.legislation.gov.au/C1965A00066/asmade/1973-12-19/text/original/pdf,principal_act,"No. 66, 1965",Stevedoring Industry Act 1965,C1965A00066,C2004C07091,eng,1973-12-19,as_enacted,in_force,,api_listing,,,,as_made_only
140,all,https://www.legislation.gov.au/C1965A00095/2016-10-21/2016-10-21/text/original/epub,principal_act,"No. 95, 1965",Currency Act 1965,C1965A00095,C2016C01090,eng,2016-10-21,consolidation,in_force,"Statute Update Act 2016 (No. 61, 2016)",api_listing,,,,
141,all,https://www.legislation.gov.au/C1966A00025/2026-04-09/2026-04-09/text/original/epub,principal_act,"No. 25, 1966",Asian Development Bank Act 1966,C1966A00025,C2026C00167,eng,2026-04-09,consolidation,in_force,"Treasury Laws Amendment (Genetic Testing Protections in Life Insurance and Other Measures) Act 2026 (No. 35, 2026)",api_listing,,,,
142,all,https://www.legislation.gov.au/C1966A00033/2026-05-21/2026-05-21/text/original/epub,principal_act,"No. 33, 1966",Bankruptcy Act 1966,C1966A00033,C2026C00215,eng,2026-05-21,consolidation,in_force,"Treasury Laws Amendment (The Survivors Law) Act 2026 (No. 47, 2026)",api_listing,,,,
143,all,https://www.legislation.gov.au/C1966A00059/2017-12-09/2017-12-09/text/original/epub,principal_act,"No. 59, 1966",Maintenance Orders (Commonwealth Officers) Act 1966,C1966A00059,C2017C00398,eng,2017-12-09,consolidation,in_force,"Marriage Amendment (Definition and Religious Freedoms) Act 2017 (No. 129, 2017)",api_listing,,,,
144,all,https://www.legislation.gov.au/C1967A00016/2016-10-21/2016-10-21/text/original/epub,principal_act,"No. 16, 1967",Diplomatic Privileges and Immunities Act 1967,C1967A00016,C2016C01071,eng,2016-10-21,consolidation,in_force,"Statute Update Act 2016 (No. 61, 2016)",api_listing,,,,
145,all,https://www.legislation.gov.au/C1967A00053/2024-10-14/2024-10-14/text/original/epub,principal_act,"No. 53, 1967",Narcotic Drugs Act 1967,C1967A00053,C2024C00536,eng,2024-10-14,consolidation,in_force,"Administrative Review Tribunal (Consequential and Transitional Provisions No. 2) Act 2024 (No. 39, 2024)",api_listing,,,,
146,all,https://www.legislation.gov.au/C1967A00090/asmade/2011-09-16/text/original/pdf,principal_act,"No. 90, 1967",Superannuation (Pension Increases) Act 1967,C1967A00090,C2011C00795,eng,2011-09-16,as_enacted,in_force,"Statute Stocktake Act (No. 1) 2011 (No. 100, 2011)",api_listing,,,,as_made_only
147,all,https://www.legislation.gov.au/C1967A00091/asmade/2014-07-01/text/original/pdf,principal_act,"No. 91, 1967",Defence Forces Retirement Benefits (Pension Increases) Act 1967,C1967A00091,C2014C00579,eng,2014-07-01,as_enacted,in_force,"Public Governance, Performance and Accountability (Consequential and Transitional Provisions) Act 2014 (No. 62, 2014)",api_listing,,,,as_made_only
148,all,https://www.legislation.gov.au/C1967A00092/asmade/1967-11-08/text/original/pdf,principal_act,"No. 92, 1967",Parliamentary Retiring Allowances (Increases) Act 1967,C1967A00092,C1967A00092,eng,1967-11-08,as_enacted,in_force,,api_listing,,,,as_made_only
149,all,https://www.legislation.gov.au/C1967A00103/asmade/1967-11-10/text/original/pdf,principal_act,"No. 103, 1967",Nauru Independence Act 1967,C1967A00103,C1967A00103,eng,1967-11-10,as_enacted,in_force,,api_listing,,,,as_made_only
150,all,https://www.legislation.gov.au/C1968A00036/asmade/1973-12-31/text/original/pdf,principal_act,"No. 36, 1968",Privy Council (Limitation of Appeals) Act 1968,C1968A00036,C2004C00594,eng,1973-12-31,as_enacted,in_force,"Statute Law Revision Act 1973 (No. 216, 1973)",api_listing,,,,as_made_only
151,all,https://www.legislation.gov.au/C1968A00054/asmade/2009-07-01/text/original/pdf,principal_act,"No. 54, 1968",United States Naval Communication Station (Civilian Employees) Act 1968,C1968A00054,C2009C00330,eng,2009-07-01,as_enacted,in_force,"Fair Work (State Referral and Consequential and Other Amendments) Act 2009 (No. 54, 2009)",api_listing,,,,as_made_only
152,all,https://www.legislation.gov.au/C1968A00063/2026-04-02/2026-04-02/text/original/epub,principal_act,"No. 63, 1968",Copyright Act 1968,C1968A00063,C2026C00138,eng,2026-04-02,consolidation,in_force,"Copyright Amendment Act 2026 (No. 29, 2026)",api_listing,,,,
153,all,https://www.legislation.gov.au/C1968A00151/2026-07-01/2026-07-01/text/original/epub,principal_act,"No. 151, 1968",Judges' Pensions Act 1968,C1968A00151,C2026C00252,eng,2026-07-01,consolidation,in_force,"Treasury Laws Amendment (Payday Superannuation) Act 2025 (No. 57, 2025)",api_listing,,,,
154,all,https://www.legislation.gov.au/C1969A00058/2022-06-02/2022-06-02/text/original/epub,principal_act,"No. 58, 1969",Coral Sea Islands Act 1969,C1969A00058,C2022C00171,eng,2022-06-02,consolidation,in_force,"Offshore Electricity Infrastructure (Consequential Amendments) Act 2021 (No. 121, 2021)",api_listing,,,,
155,all,https://www.legislation.gov.au/C1969A00060/2016-07-01/2016-07-01/text/original/epub,principal_act,"No. 60, 1969",Defence (Parliamentary Candidates) Act 1969,C1969A00060,C2016C00807,eng,2016-07-01,consolidation,in_force,"Defence Legislation Amendment (First Principles) Act 2015 (No. 164, 2015)",api_listing,,,,
156,all,https://www.legislation.gov.au/C1969A00092/2017-03-22/2017-03-22/text/original/epub,principal_act,"No. 92, 1969",Public Works Committee Act 1969,C1969A00092,C2017C00098,eng,2017-03-22,consolidation,in_force,"Statute Update (A.C.T. Self-Government (Consequential Provisions) Regulations) Act 2017 (No. 13, 2017)",api_listing,,,,
157,all,https://www.legislation.gov.au/C1970A00008/2026-04-09/2026-04-09/text/original/epub,principal_act,"No. 8, 1970",Parliamentary Counsel Act 1970,C1970A00008,C2026C00159,eng,2026-04-09,consolidation,in_force,"Commonwealth Entities Legislation Amendment Act 2026 (No. 13, 2026)",api_listing,,,,
158,all,https://www.legislation.gov.au/C1970A00040/asmade/1970-06-24/text/original/pdf,principal_act,"No. 40, 1970",Loan (War Service Land Settlement) Act 1970,C1970A00040,C1970A00040,eng,1970-06-24,as_enacted,in_force,,api_listing,,,,as_made_only
159,all,https://www.legislation.gov.au/C1970A00121/2016-10-21/2016-10-21/text/original/epub,principal_act,"No. 121, 1970",Commonwealth Places (Application of Laws) Act 1970,C1970A00121,C2016C00956,eng,2016-10-21,consolidation,in_force,"Statute Update Act 2016 (No. 61, 2016)",api_listing,,,,
160,all,https://www.legislation.gov.au/C1971A00003/2021-04-19/2021-04-19/text/original/epub,principal_act,"No. 3, 1971",Immigration (Education) Act 1971,C1971A00003,C2021C00210,eng,2021-04-19,consolidation,in_force,"Immigration (Education) Amendment (Expanding Access to English Tuition) Act 2020 (No. 139, 2020)",api_listing,,,,
161,all,https://www.legislation.gov.au/C1971A00015/2023-10-11/2023-10-11/text/original/epub,principal_act,"No. 15, 1971",Criminology Research Act 1971,C1971A00015,C2023C00381,eng,2023-10-11,consolidation,in_force,"Crimes and Other Legislation Amendment (Omnibus) Act 2023 (No. 63, 2023)",api_listing,,,,
162,all,https://www.legislation.gov.au/C1971A00026/2018-05-11/2018-05-11/text/original/epub,principal_act,"No. 26, 1971",Public Order (Protection of Persons and Property) Act 1971,C1971A00026,C2018C00190,eng,2018-05-11,consolidation,in_force,"Home Affairs and Integrity Agencies Legislation Amendment Act 2018 (No. 31, 2018)",api_listing,,,,
163,all,https://www.legislation.gov.au/C1971A00055/asmade/2014-06-25/text/original/pdf,principal_act,"No. 55, 1971",Income Tax (Bearer Debentures) Act 1971,C1971A00055,C2014C00341,eng,2014-06-25,as_enacted,in_force,"Income Tax (Bearer Debentures) Amendment (Temporary Budget Repair Levy) Act 2014 (No. 43, 2014)",api_listing,,,,as_made_only
164,all,https://www.legislation.gov.au/C1971A00066/asmade/1981-12-30/text/original/pdf,principal_act,"No. 66, 1971",Australian Capital Territory Evidence (Temporary Provisions) Act 1971,C1971A00066,C2004C02014,eng,1981-12-30,as_enacted,in_force,"Statute Law (Miscellaneous Amendments) Act 1981 (No. 176, 1981)",api_listing,,,,as_made_only
165,all,https://www.legislation.gov.au/C1971A00073/2014-07-01/2014-07-01/text/original/epub,principal_act,"No. 73, 1971",Superannuation (Pension Increases) Act 1971,C1971A00073,C2014C00569,eng,2014-07-01,consolidation,in_force,"Public Governance, Performance and Accountability (Consequential and Transitional Provisions) Act 2014 (No. 62, 2014)",api_listing,,,,
166,all,https://www.legislation.gov.au/C1971A00074/1978-06-12/1978-06-12/text/original/epub,principal_act,"No. 74, 1971",Defence Forces Retirement Benefits (Pension Increases) Act 1971,C1971A00074,C2004C00460,eng,1978-06-12,consolidation,in_force,"Administrative Changes (Consequential Provisions) Act 1978 (No. 36, 1978)",api_listing,,,,
167,all,https://www.legislation.gov.au/C1971A00075/asmade/1971-10-01/text/original/pdf,principal_act,"No. 75, 1971",Parliamentary Retiring Allowances (Increases) Act 1971,C1971A00075,C1971A00075,eng,1971-10-01,as_enacted,in_force,,api_listing,,,,as_made_only
168,all,https://www.legislation.gov.au/C1971A00104/asmade/1971-09-01/text/original/pdf,principal_act,"No. 104, 1971",Pay-roll Tax (State Taxation of Commonwealth Authorities) Act 1971,C1971A00104,C1971A00104,eng,1971-09-01,as_enacted,in_force,,api_listing,,,,as_made_only
169,all,https://www.legislation.gov.au/C1971A00114/asmade/1971-12-09/text/original/pdf,principal_act,"No. 114, 1971",States Grants (Secondary Schools Libraries) Act 1971,C1971A00114,C1971A00114,eng,1971-12-09,as_enacted,in_force,,api_listing,,,,as_made_only
170,all,https://www.legislation.gov.au/C1971A00121/asmade/1971-12-13/text/original/pdf,principal_act,"No. 121, 1971",Loan (War Service Land Settlement) Act 1971,C1971A00121,C1971A00121,eng,1971-12-13,as_enacted,in_force,,api_listing,,,,as_made_only
171,all,https://www.legislation.gov.au/C1972A00013/asmade/1989-05-11/text/original/pdf,principal_act,"No. 13, 1972",Commonwealth Teaching Service Act 1972,C1972A00013,C2004C02964,eng,1989-05-11,as_enacted,in_force,"A.C.T. Self-Government (Consequential Provisions) Act 1988 (No. 109, 1988)",api_listing,,,,as_made_only
172,all,https://www.legislation.gov.au/C1972A00055/2016-10-21/2016-10-21/text/original/epub,principal_act,"No. 55, 1972",Australian Institute of Marine Science Act 1972,C1972A00055,C2016C01009,eng,2016-10-21,consolidation,in_force,"Statute Update Act 2016 (No. 61, 2016)",api_listing,,,,
173,all,https://www.legislation.gov.au/C1972A00062/2016-10-21/2016-10-21/text/original/epub,principal_act,"No. 62, 1972",Consular Privileges and Immunities Act 1972,C1972A00062,C2016C01068,eng,2016-10-21,consolidation,in_force,"Statute Update Act 2016 (No. 61, 2016)",api_listing,,,,
174,all,https://www.legislation.gov.au/C1972A00091/asmade/1972-10-18/text/original/pdf,principal_act,"No. 91, 1972",Loan (War Service Land Settlement) Act 1972,C1972A00091,C1972A00091,eng,1972-10-18,as_enacted,in_force,,api_listing,,,,as_made_only
175,all,https://www.legislation.gov.au/C1972A00121/2016-03-10/2016-03-10/text/original/epub,principal_act,"No. 121, 1972",Child Care Act 1972,C1972A00121,C2016C00512,eng,2016-03-10,consolidation,in_force,"Statute Law Revision Act (No. 1) 2016 (No. 4, 2016)",api_listing,,,,
176,all,https://www.legislation.gov.au/C1973A00018/asmade/1973-04-11/text/original/pdf,principal_act,"No. 18, 1973",Commonwealth Banks Act 1973,C1973A00018,C1973A00018,eng,1973-04-11,as_enacted,in_force,,api_listing,,,,as_made_only
177,all,https://www.legislation.gov.au/C1973A00037/asmade/1973-06-01/text/original/pdf,principal_act,"No. 37, 1973",Prices Justification Act 1973,C1973A00037,C1973A00037,eng,1973-06-01,as_enacted,in_force,,api_listing,,,,as_made_only
178,all,https://www.legislation.gov.au/C1973A00054/2020-12-18/2020-12-18/text/original/epub,principal_act,"No. 54, 1973",Commonwealth Grants Commission Act 1973,C1973A00054,C2021C00039,eng,2020-12-18,consolidation,in_force,"Treasury Laws Amendment (2020 Measures No. 6) Act 2020 (No. 141, 2020)",api_listing,,,,
179,all,https://www.legislation.gov.au/C1973A00076/2025-02-21/2025-02-21/text/original/epub,principal_act,"No. 76, 1973",Insurance Act 1973,C1973A00076,C2025C00157,eng,2025-02-21,consolidation,in_force,"Administrative Review Tribunal (Miscellaneous Measures) Act 2025 (No. 14, 2025)",api_listing,,,,
180,all,https://www.legislation.gov.au/C1973A00095/asmade/2014-07-01/text/original/pdf,principal_act,"No. 95, 1973","Australian Film, Television and Radio School Act 1973",C1973A00095,C2014C00384,eng,2014-07-01,as_enacted,in_force,"Public Governance, Performance and Accountability (Consequential and Transitional Provisions) Act 2014 (No. 62, 2014)",api_listing,,,,as_made_only
181,all,https://www.legislation.gov.au/C1988A00156/2026-07-01/2026-07-01/text/original/epub,principal_act,"No. 156, 1988","Safety, Rehabilitation and Compensation (Defence-related Claims) Act 1988",C1988A00156,C2026C00265,eng,2026-07-01,consolidation,in_force,"Veterans’ Entitlements, Treatment and Support (Simplification and Harmonisation) Act 2025 (No. 17, 2025)",api_listing,,,,
182,all,https://www.legislation.gov.au/C2004A00004/asmade/2010-04-14/text/original/pdf,principal_act,"No. 100, 1973",Death Penalty Abolition Act 1973,C2004A00004,C2010C00307,eng,2010-04-14,as_enacted,in_force,"Crimes Legislation Amendment (Torture Prohibition and Death Penalty Abolition) Act 2010 (No. 37, 2010)",api_listing,,,,as_made_only
183,all,https://www.legislation.gov.au/C2004A00006/2026-04-01/2026-04-01/text/original/epub,principal_act,"No. 81, 1973",Defence Force Retirement and Death Benefits Act 1973,C2004A00006,C2026C00113,eng,2026-04-01,consolidation,in_force,"Treasury Laws Amendment (Building a Stronger and Fairer Super System) Act 2026 (No. 8, 2026)",api_listing,,,,
184,all,https://www.legislation.gov.au/C2004A00007/asmade/1973-06-19/text/original/pdf,principal_act,"No. 85, 1973",Defence Forces Retirement Benefits (Pension Increases) Act 1973,C2004A00007,C2004A00007,eng,1973-06-19,as_enacted,in_force,,api_listing,,,,as_made_only
185,all,https://www.legislation.gov.au/C2004A00019/asmade/1973-06-18/text/original/pdf,principal_act,"No. 62, 1973",International Labour Organisation Act 1973,C2004A00019,C2004A00019,eng,1973-06-18,as_enacted,in_force,,api_listing,,,,as_made_only
186,all,https://www.legislation.gov.au/C2004A00023/asmade/1973-04-18/text/original/pdf,principal_act,"No. 19, 1973",Loan Act 1973,C2004A00023,C2004A00023,eng,1973-04-18,as_enacted,in_force,,api_listing,,,,as_made_only
187,all,https://www.legislation.gov.au/C2004A00024/2021-09-01/2021-09-01/text/original/epub,principal_act,"No. 72, 1973",Maternity Leave (Commonwealth Employees) Act 1973,C2004A00024,C2021C00525,eng,2021-09-01,consolidation,in_force,"Federal Circuit and Family Court of Australia (Consequential Amendments and Transitional Provisions) Act 2021 (No. 13, 2021)",api_listing,,,,
188,all,https://www.legislation.gov.au/C2004A00031/asmade/1973-05-24/text/original/pdf,principal_act,"No. 32, 1973",Papua New Guinea Loan Guarantee Act 1973,C2004A00031,C2004A00031,eng,1973-05-24,as_enacted,in_force,,api_listing,,,,as_made_only
189,all,https://www.legislation.gov.au/C2004A00033/2024-10-14/2024-10-14/text/original/epub,principal_act,"No. 70, 1973",Papua New Guinea (Staffing Assistance) Act 1973,C2004A00033,C2024C00470,eng,2024-10-14,consolidation,in_force,"Administrative Review Tribunal (Consequential and Transitional Provisions No. 1) Act 2024 (No. 38, 2024)",api_listing,,,,
190,all,https://www.legislation.gov.au/C2004A00034/asmade/1996-07-19/text/original/pdf,principal_act,"No. 119, 1973",Papua New Guinea (Transfer of Banking Business) Act 1973,C2004A00034,C2004C00235,eng,1996-07-19,as_enacted,in_force,"Commonwealth Bank Sale Act 1995 (No. 161, 1995)",api_listing,,,,as_made_only
191,all,https://www.legislation.gov.au/C2004A00035/asmade/1973-06-08/text/original/pdf,principal_act,"No. 47, 1973",Parliamentary and Judicial Retiring Allowances Act 1973,C2004A00035,C2004A00035,eng,1973-06-08,as_enacted,in_force,,api_listing,,,,as_made_only
192,all,https://www.legislation.gov.au/C2004A00043/2019-02-01/2019-02-01/text/original/epub,principal_act,"No. 215, 1973",Remuneration Tribunal Act 1973,C2004A00043,C2019C00081,eng,2019-02-01,consolidation,in_force,"Aboriginal and Torres Strait Islander Amendment (Indigenous Land Corporation) Act 2018 (No. 144, 2018)",api_listing,,,,
193,all,https://www.legislation.gov.au/C2004A00044/asmade/1973-10-19/text/original/pdf,principal_act,"No. 114, 1973",Royal Style and Titles Act 1973,C2004A00044,C2004A00044,eng,1973-10-19,as_enacted,in_force,,api_listing,,,,as_made_only
194,all,https://www.legislation.gov.au/C2004A00046/2019-08-30/2019-08-30/text/original/epub,principal_act,"No. 161, 1973",Seas and Submerged Lands Act 1973,C2004A00046,C2019C00259,eng,2019-08-30,consolidation,in_force,"Timor Sea Maritime Boundaries Treaty Consequential Amendments Act 2019 (No. 57, 2019)",api_listing,,,,
195,all,https://www.legislation.gov.au/C2004A00047/asmade/2005-02-22/text/original/pdf,principal_act,"No. 204, 1973",Sewerage Agreements Act 1973,C2004A00047,C2005C00099,eng,2005-02-22,as_enacted,in_force,"Financial Framework Legislation Amendment Act 2005 (No. 8, 2005)",api_listing,,,,as_made_only
196,all,https://www.legislation.gov.au/C2004A00058/2026-07-01/2026-07-01/text/original/epub,principal_act,"No. 155, 1973",Student Assistance Act 1973,C2004A00058,C2026C00238,eng,2026-07-01,consolidation,in_force,"Veterans’ Entitlements, Treatment and Support (Simplification and Harmonisation) Act 2025 (No. 17, 2025)",api_listing,,,,
197,all,https://www.legislation.gov.au/C2004A00074/asmade/1974-04-11/text/original/pdf,principal_act,"No. 15, 1974",Superannuation (Distribution of Surplus) Act 1974,C2004A00074,C2004A00074,eng,1974-04-11,as_enacted,in_force,,api_listing,,,,as_made_only
198,all,https://www.legislation.gov.au/C2004A00075/2026-07-01/2026-07-01/text/original/epub,principal_act,"No. 16, 1974",Governor-General Act 1974,C2004A00075,C2026C00257,eng,2026-07-01,consolidation,in_force,"Treasury Laws Amendment (Payday Superannuation) Act 2025 (No. 57, 2025)",api_listing,,,,
199,all,https://www.legislation.gov.au/C2004A00086/asmade/2007-09-24/text/original/pdf,principal_act,"No. 27, 1974","Income Tax (Dividends, Interest and Royalties Withholding Tax) Act 1974",C2004A00086,C2007C00596,eng,2007-09-24,as_enacted,in_force,"Tax Laws Amendment (2007 Measures No. 4) Act 2007 (No. 143, 2007)",api_listing,,,,as_made_only
200,all,https://www.legislation.gov.au/C2004A00093/2016-10-21/2016-10-21/text/original/epub,principal_act,"No. 34, 1974",Canberra Water Supply (Googong Dam) Act 1974,C2004A00093,C2016C00961,eng,2016-10-21,consolidation,in_force,"Statute Update Act 2016 (No. 61, 2016)",api_listing,,,,
201,all,https://www.legislation.gov.au/C2004A00100/2025-11-01/2025-11-01/text/original/epub,principal_act,"No. 41, 1974",Human Services (Medicare) Act 1973,C2004A00100,C2025C00609,eng,2025-11-01,consolidation,in_force,"Aged Care and Other Legislation Amendment Act 2025 (No. 45, 2025)",api_listing,,,,
202,all,https://www.legislation.gov.au/C2004A00101/2026-07-07/2026-07-07/text/original/epub,principal_act,"No. 42, 1974",Health Insurance Act 1973,C2004A00101,C2026C00357,eng,2026-07-07,consolidation,in_force,"Health Legislation Amendment (Prescribing of Pharmaceutical Benefits) Act 2026 (No. 65, 2026)",api_listing,,,,
203,all,https://www.legislation.gov.au/C2004A00102/asmade/1974-08-08/text/original/pdf,principal_act,"No. 43, 1974",Petroleum and Minerals Authority Act 1973,C2004A00102,C2004A00102,eng,1974-08-08,as_enacted,in_force,,api_listing,,,,as_made_only
204,all,https://www.legislation.gov.au/C2004A00109/2026-08-27/2026-08-27/text/original/epub,principal_act,"No. 51, 1974",Competition and Consumer Act 2010,C2004A00109,C2026C00389,eng,2026-08-27,consolidation,in_force,"News Journalism Payments (Consequential Amendments) Act 2026 (No. 76, 2026)",api_listing,,,,
205,all,https://www.legislation.gov.au/C2004A00131/asmade/2005-02-22/text/original/pdf,principal_act,"No. 73, 1974",Sewerage Agreements Act 1974,C2004A00131,C2005C00098,eng,2005-02-22,as_enacted,in_force,"Financial Framework Legislation Amendment Act 2005 (No. 8, 2005)",api_listing,,,,as_made_only
206,all,https://www.legislation.gov.au/C2004A00148/asmade/1974-10-31/text/original/pdf,principal_act,"No. 90, 1974",Repatriation Acts Amendment Act 1974,C2004A00148,C2004A00148,eng,1974-10-31,as_enacted,in_force,,api_listing,,,,as_made_only
207,all,https://www.legislation.gov.au/C2004A00163/asmade/1974-07-01/text/original/pdf,principal_act,"No. 105, 1974",Defence Force Retirement and Death Benefits (Pension Increases) Act 1974,C2004A00163,C2004A00163,eng,1974-07-01,as_enacted,in_force,,api_listing,,,,as_made_only
208,all,https://www.legislation.gov.au/C2004A00191/2017-03-22/2017-03-22/text/original/epub,principal_act,"No. 135, 1974",Urban and Regional Development (Financial Assistance) Act 1974,C2004A00191,C2017C00111,eng,2017-03-22,consolidation,in_force,"Statute Update (A.C.T. Self-Government (Consequential Provisions) Regulations) Act 2017 (No. 13, 2017)",api_listing,,,,
209,all,https://www.legislation.gov.au/C2004A00192/2022-02-18/2022-02-18/text/original/epub,principal_act,"No. 136, 1974",International Arbitration Act 1974,C2004A00192,C2022C00086,eng,2022-02-18,consolidation,in_force,"Courts and Tribunals Legislation Amendment (2021 Measures No. 1) Act 2022 (No. 3, 2022)",api_listing,,,,
210,all,https://www.legislation.gov.au/C2004A00200/asmade/1974-12-13/text/original/pdf,principal_act,"No. 144, 1974",Loan Act 1974,C2004A00200,C2004A00200,eng,1974-12-13,as_enacted,in_force,,api_listing,,,,as_made_only
211,all,https://www.legislation.gov.au/C2004A00221/asmade/1988-08-01/text/original/pdf,principal_act,"No. 165, 1974",Parliament Act 1974,C2004A00221,C2004C00292,eng,1988-08-01,as_enacted,in_force,,api_listing,,,,as_made_only
212,all,https://www.legislation.gov.au/C2004A00250/asmade/2008-07-04/text/original/pdf,principal_act,"No. 28, 1975",Common Informers (Parliamentary Disqualifications) Act 1975,C2004A00250,C2008C00320,eng,2008-07-04,as_enacted,in_force,"Statute Law Revision Act 2008 (No. 73, 2008)",api_listing,,,,as_made_only
213,all,https://www.legislation.gov.au/C2004A00255/asmade/1975-04-30/text/original/pdf,principal_act,"No. 33, 1975",Privy Council (Appeals from the High Court) Act 1975,C2004A00255,C2004A00255,eng,1975-04-30,as_enacted,in_force,,api_listing,,,,as_made_only
214,all,https://www.legislation.gov.au/C2004A00274/2022-12-13/2022-12-13/text/original/epub,principal_act,"No. 52, 1975",Racial Discrimination Act 1975,C2004A00274,C2022C00366,eng,2022-12-13,consolidation,in_force,"Anti-Discrimination and Human Rights Legislation Amendment (Respect at Work) Act 2022 (No. 85, 2022)",api_listing,,,,
215,all,https://www.legislation.gov.au/C2004A00275/2025-06-10/2025-06-10/text/original/epub,principal_act,"No. 53, 1975",Family Law Act 1975,C2004A00275,C2025C00341,eng,2025-06-10,consolidation,in_force,"Family Law Amendment Act 2024 (No. 118, 2024)",api_listing,,,,
216,all,https://www.legislation.gov.au/C2004A00278/asmade/2014-07-01/text/original/pdf,principal_act,"No. 56, 1975",Postal and Telecommunications Commissions (Transitional Provisions) Act 1975,C2004A00278,C2014C00581,eng,2014-07-01,as_enacted,in_force,"Public Governance, Performance and Accountability (Consequential and Transitional Provisions) Act 2014 (No. 62, 2014)",api_listing,,,,as_made_only
217,all,https://www.legislation.gov.au/C2004A00282/2019-05-03/2019-05-03/text/original/epub,principal_act,"No. 60, 1975",Australian Bureau of Statistics Act 1975,C2004A00282,C2019C00184,eng,2019-05-03,consolidation,in_force,"Treasury Laws Amendment (2019 Measures No. 1) Act 2019 (No. 49, 2019)",api_listing,,,,
218,all,https://www.legislation.gov.au/C2004A00283/2021-05-01/2021-05-01/text/original/epub,principal_act,"No. 61, 1975",National Gallery Act 1975,C2004A00283,C2021C00216,eng,2021-05-01,consolidation,in_force,"National Collecting Institutions Legislation Amendment Act 2021 (No. 20, 2021)",api_listing,,,,
219,all,https://www.legislation.gov.au/C2004A00284/asmade/1975-06-19/text/original/pdf,principal_act,"No. 62, 1975",Loan (War Service Land Settlement) Act 1975,C2004A00284,C2004A00284,eng,1975-06-19,as_enacted,in_force,,api_listing,,,,as_made_only
220,all,https://www.legislation.gov.au/C2004A00298/2016-07-01/2016-07-01/text/original/epub,principal_act,"No. 76, 1975",Customs Tariff (Anti-Dumping) Act 1975,C2004A00298,C2016C00716,eng,2016-07-01,consolidation,in_force,"Territories Legislation Amendment Act 2016 (No. 33, 2016)",api_listing,,,,
221,all,https://www.legislation.gov.au/C2004A00310/2024-03-15/2024-03-15/text/original/epub,principal_act,"No. 50, 1998",Australian Prudential Regulation Authority Act 1998,C2004A00310,C2024C00079,eng,2024-03-15,consolidation,in_force,"Financial Accountability Regime (Consequential Amendments) Act 2023 (No. 68, 2023)",api_listing,,,,
222,all,https://www.legislation.gov.au/C2004A00311/2020-06-20/2020-06-20/text/original/epub,principal_act,"No. 51, 1998",Authorised Deposit-taking Institutions Supervisory Levy Imposition Act 1998,C2004A00311,C2020C00184,eng,2020-06-20,consolidation,in_force,"Authorised Deposit-taking Institutions Supervisory Levy Imposition Amendment Act 2020 (No. 55, 2020)",api_listing,,,,
223,all,https://www.legislation.gov.au/C2004A00312/2020-06-20/2020-06-20/text/original/epub,principal_act,"No. 52, 1998",Authorised Non-operating Holding Companies Supervisory Levy Imposition Act 1998,C2004A00312,C2020C00185,eng,2020-06-20,consolidation,in_force,"Authorised Non-operating Holding Companies Supervisory Levy Imposition Amendment Act 2020 (No. 56, 2020)",api_listing,,,,
224,all,https://www.legislation.gov.au/C2004A00313/2025-02-21/2025-02-21/text/original/epub,principal_act,"No. 53, 1998",Financial Institutions Supervisory Levies Collection Act 1998,C2004A00313,C2025C00149,eng,2025-02-21,consolidation,in_force,"Administrative Review Tribunal (Miscellaneous Measures) Act 2025 (No. 14, 2025)",api_listing,,,,
225,all,https://www.legislation.gov.au/C2004A00314/asmade/1999-12-05/text/original/pdf,principal_act,"No. 54, 1998",Financial Sector Reform (Amendments and Transitional Provisions) Act 1998,C2004A00314,C2006C00145,eng,1999-12-05,as_enacted,in_force,"Public Employment (Consequential and Transitional) Amendment Act 1999 (No. 146, 1999)",api_listing,,,,as_made_only
226,all,https://www.legislation.gov.au/C2004A00315/2020-10-01/2020-10-01/text/original/epub,principal_act,"No. 55, 1998",Financial Sector (Shareholdings) Act 1998,C2004A00315,C2020C00315,eng,2020-10-01,consolidation,in_force,"Treasury Laws Amendment (2019 Measures No. 3) Act 2020 (No. 64, 2020)",api_listing,,,,
227,all,https://www.legislation.gov.au/C2004A00316/2020-06-20/2020-06-20/text/original/epub,principal_act,"No. 56, 1998",General Insurance Supervisory Levy Imposition Act 1998,C2004A00316,C2020C00178,eng,2020-06-20,consolidation,in_force,"General Insurance Supervisory Levy Imposition Amendment Act 2020 (No. 57, 2020)",api_listing,,,,
228,all,https://www.legislation.gov.au/C2004A00317/2020-06-20/2020-06-20/text/original/epub,principal_act,"No. 57, 1998",Life Insurance Supervisory Levy Imposition Act 1998,C2004A00317,C2020C00186,eng,2020-06-20,consolidation,in_force,"Life Insurance Supervisory Levy Imposition Amendment Act 2020 (No. 58, 2020)",api_listing,,,,
229,all,https://www.legislation.gov.au/C2004A00318/2025-12-19/2025-12-19/text/original/epub,principal_act,"No. 58, 1998",Payment Systems (Regulation) Act 1998,C2004A00318,C2025C00677,eng,2025-12-19,consolidation,in_force,"Treasury Laws Amendment (Payments System Modernisation) Act 2025 (No. 46, 2025)",api_listing,,,,
230,all,https://www.legislation.gov.au/C2004A00319/2020-06-20/2020-06-20/text/original/epub,principal_act,"No. 59, 1998",Retirement Savings Account Providers Supervisory Levy Imposition Act 1998,C2004A00319,C2020C00179,eng,2020-06-20,consolidation,in_force,"Retirement Savings Account Providers Supervisory Levy Imposition Amendment Act 2020 (No. 59, 2020)",api_listing,,,,
231,all,https://www.legislation.gov.au/C2004A00320/2020-06-20/2020-06-20/text/original/epub,principal_act,"No. 60, 1998",Superannuation Supervisory Levy Imposition Act 1998,C2004A00320,C2020C00187,eng,2020-06-20,consolidation,in_force,"Superannuation Supervisory Levy Imposition Amendment Act 2020 (No. 60, 2020)",api_listing,,,,
232,all,https://www.legislation.gov.au/C2004A00338/2026-08-27/2026-08-27/text/original/epub,principal_act,"No. 83, 1998",Payment Systems and Netting Act 1998,C2004A00338,C2026C00384,eng,2026-08-27,consolidation,in_force,"Cash Distribution Framework (Consequential Amendments and Transitional Provisions) Act 2026 (No. 69, 2026)",api_listing,,,,
233,all,https://www.legislation.gov.au/C2004A00349/2018-12-29/2018-12-29/text/original/epub,principal_act,"No. 78, 1998",Comprehensive Nuclear-Test-Ban Treaty Act 1998,C2004A00349,C2019C00013,eng,2018-12-29,consolidation,in_force,"National Security Legislation Amendment (Espionage and Foreign Interference) Act 2018 (No. 67, 2018)",api_listing,,,,
234,all,https://www.legislation.gov.au/C2004A00383/2024-10-14/2024-10-14/text/original/epub,principal_act,"No. 133, 1998",Australian Radiation Protection and Nuclear Safety Act 1998,C2004A00383,C2024C00716,eng,2024-10-14,consolidation,in_force,"Administrative Review Tribunal (Consequential and Transitional Provisions No. 1) Act 2024 (No. 38, 2024)",api_listing,,,,
235,all,https://www.legislation.gov.au/C2004A00384/1999-02-05/1999-02-05/text/original/epub,principal_act,"No. 134, 1998",Australian Radiation Protection and Nuclear Safety (Licence Charges) Act 1998,C2004A00384,C2004C01008,eng,1999-02-05,consolidation,in_force,"Australian Radiation Protection and Nuclear Safety (Licence Charges) Amendment Act 2002 (No. 75, 2002)",api_listing,,,,
236,all,https://www.legislation.gov.au/C2004A00389/2016-03-10/2016-03-10/text/original/epub,principal_act,"No. 126, 1998",Anti-Personnel Mines Convention Act 1998,C2004A00389,C2016C00464,eng,2016-03-10,consolidation,in_force,"Statute Law Revision Act (No. 1) 2016 (No. 4, 2016)",api_listing,,,,
237,all,https://www.legislation.gov.au/C2004A00391/2024-10-14/2024-10-14/text/original/epub,principal_act,"No. 123, 1998",Space (Launches and Returns) Act 2018,C2004A00391,C2024C00604,eng,2024-10-14,consolidation,in_force,"Administrative Review Tribunal (Consequential and Transitional Provisions No. 1) Act 2024 (No. 38, 2024)",api_listing,,,,
238,all,https://www.legislation.gov.au/C2004A00392/2024-10-14/2024-10-14/text/original/epub,principal_act,"No. 129, 1998",National Environment Protection Measures (Implementation) Act 1998,C2004A00392,C2024C00538,eng,2024-10-14,consolidation,in_force,"Administrative Review Tribunal (Consequential and Transitional Provisions No. 1) Act 2024 (No. 38, 2024)",api_listing,,,,
239,all,https://www.legislation.gov.au/C2004A00393/2024-10-14/2024-10-14/text/original/epub,principal_act,"No. 130, 1998",National Transmission Network Sale Act 1998,C2004A00393,C2024C00626,eng,2024-10-14,consolidation,in_force,"Administrative Review Tribunal (Consequential and Transitional Provisions No. 1) Act 2024 (No. 38, 2024)",api_listing,,,,
240,all,https://www.legislation.gov.au/C2004A00400/2006-09-14/2006-09-14/text/original/epub,principal_act,"No. 6, 1999",General Interest Charge (Imposition) Act 1999,C2004A00400,C2006C00582,eng,2006-09-14,consolidation,in_force,"Tax Laws Amendment (Repeal of Inoperative Provisions) Act 2006 (No. 101, 2006)",api_listing,,,,
241,all,https://www.legislation.gov.au/C2004A00412/2026-07-01/2026-07-01/text/original/epub,principal_act,"No. 18, 1999",A New Tax System (Medicare Levy Surcharge—Fringe Benefits) Act 1999,C2004A00412,C2026C00288,eng,2026-07-01,consolidation,in_force,"Treasury Laws Amendment (Delivering an Efficient and Trusted Tax System) Act 2026 (No. 58, 2026)",api_listing,,,,
242,all,https://www.legislation.gov.au/C2004A00435/asmade/2001-01-18/text/original/pdf,principal_act,"No. 44, 1999",Financial Sector Reform (Amendments and Transitional Provisions) Act (No. 1) 1999,C2004A00435,C2004C01110,eng,2001-01-18,as_enacted,in_force,"Financial Sector Legislation Amendment Act (No. 1) 2000 (No. 160, 2000)",api_listing,,,,as_made_only
243,all,https://www.legislation.gov.au/C2004A00436/2025-07-01/2025-07-01/text/original/epub,principal_act,"No. 45, 1999",Financial Sector (Transfer and Restructure) Act 1999,C2004A00436,C2025C00407,eng,2025-07-01,consolidation,in_force,"Treasury Laws Amendment (Mergers and Acquisitions Reform) Act 2024 (No. 137, 2024)",api_listing,,,,
244,all,https://www.legislation.gov.au/C2004A00441/2025-10-31/2025-10-31/text/original/epub,principal_act,"No. 50, 1999",Telecommunications (Consumer Protection and Service Standards) Act 1999,C2004A00441,C2025C00623,eng,2025-10-31,consolidation,in_force,"Telecommunications Legislation Amendment (Triple Zero Custodian and Emergency Calling Powers) Act 2025 (No. 50, 2025)",api_listing,,,,
245,all,https://www.legislation.gov.au/C2004A00446/2026-01-01/2026-01-01/text/original/epub,principal_act,"No. 55, 1999",A New Tax System (Goods and Services Tax) Act 1999,C2004A00446,C2026C00081,eng,2026-01-01,consolidation,in_force,"Treasury Laws Amendment (Strengthening Financial Systems and Other Measures) Act 2025 (No. 72, 2025)",api_listing,,,,
246,all,https://www.legislation.gov.au/C2004A00448/2017-01-01/2017-01-01/text/original/epub,principal_act,"No. 57, 1999",A New Tax System (Goods and Services Tax Transition) Act 1999,C2004A00448,C2017C00021,eng,2017-01-01,consolidation,in_force,"Indirect Tax Laws Amendment (Assessment) Act 2012 (No. 39, 2012)",api_listing,,,,
247,all,https://www.legislation.gov.au/C2004A00452/2026-04-01/2026-04-01/text/original/epub,principal_act,"No. 62, 1999",A New Tax System (Wine Equalisation Tax) Act 1999,C2004A00452,C2026C00149,eng,2026-04-01,consolidation,in_force,"Treasury Laws Amendment (Supporting Choice in Superannuation and Other Measures) Act 2026 (No. 12, 2026)",api_listing,,,,
248,all,https://www.legislation.gov.au/C2004A00454/asmade/1999-07-08/text/original/pdf,principal_act,"No. 64, 1999",A New Tax System (Wine Equalisation Tax Imposition—Customs) Act 1999,C2004A00454,C2004A00454,eng,1999-07-08,as_enacted,in_force,,api_listing,,,,as_made_only
249,all,https://www.legislation.gov.au/C2004A00455/asmade/1999-07-08/text/original/pdf,principal_act,"No. 65, 1999",A New Tax System (Wine Equalisation Tax Imposition—Excise) Act 1999,C2004A00455,C2004A00455,eng,1999-07-08,as_enacted,in_force,,api_listing,,,,as_made_only
250,all,https://www.legislation.gov.au/C2004A00456/asmade/1999-07-08/text/original/pdf,principal_act,"No. 66, 1999",A New Tax System (Wine Equalisation Tax Imposition—General) Act 1999,C2004A00456,C2004A00456,eng,1999-07-08,as_enacted,in_force,,api_listing,,,,as_made_only
251,all,https://www.legislation.gov.au/C2004A00460/asmade/2005-07-01/text/original/pdf,principal_act,"No. 73, 1999",A New Tax System (Goods and Services Tax Imposition—Customs) Act 1999,C2004A00460,C2005C00389,eng,2005-07-01,as_enacted,in_force,"Tax Laws Amendment (Long-term Non-reviewable Contracts) Act 2005 (No. 10, 2005)",api_listing,,,,as_made_only
252,all,https://www.legislation.gov.au/C2004A00461/asmade/2005-07-01/text/original/pdf,principal_act,"No. 74, 1999",A New Tax System (Goods and Services Tax Imposition—Excise) Act 1999,C2004A00461,C2005C00390,eng,2005-07-01,as_enacted,in_force,"Tax Laws Amendment (Long-term Non-reviewable Contracts) Act 2005 (No. 10, 2005)",api_listing,,,,as_made_only
253,all,https://www.legislation.gov.au/C2004A00462/asmade/2005-07-01/text/original/pdf,principal_act,"No. 75, 1999",A New Tax System (Goods and Services Tax Imposition—General) Act 1999,C2004A00462,C2005C00391,eng,2005-07-01,as_enacted,in_force,"Tax Laws Amendment (Long-term Non-reviewable Contracts) Act 2005 (No. 10, 2005)",api_listing,,,,as_made_only
254,all,https://www.legislation.gov.au/C2004A00463/2025-04-01/2025-04-01/text/original/epub,principal_act,"No. 76, 1999",A New Tax System (Luxury Car Tax) Act 1999,C2004A00463,C2025C00298,eng,2025-04-01,consolidation,in_force,"Treasury Laws Amendment (Tax Incentives and Integrity) Act 2025 (No. 29, 2025)",api_listing,,,,
255,all,https://www.legislation.gov.au/C2004A00464/2008-10-03/2008-10-03/text/original/epub,principal_act,"No. 77, 1999",A New Tax System (Luxury Car Tax Imposition—Customs) Act 1999,C2004A00464,C2008C00521,eng,2008-10-03,consolidation,in_force,"A New Tax System (Luxury Car Tax Imposition—Customs) Amendment Act 2008 (No. 98, 2008)",api_listing,,,,
256,all,https://www.legislation.gov.au/C2004A00465/2008-10-03/2008-10-03/text/original/epub,principal_act,"No. 78, 1999",A New Tax System (Luxury Car Tax Imposition—Excise) Act 1999,C2004A00465,C2008C00522,eng,2008-10-03,consolidation,in_force,"A New Tax System (Luxury Car Tax Imposition—Excise) Amendment Act 2008 (No. 99, 2008)",api_listing,,,,
257,all,https://www.legislation.gov.au/C2004A00466/2008-10-03/2008-10-03/text/original/epub,principal_act,"No. 79, 1999",A New Tax System (Luxury Car Tax Imposition—General) Act 1999,C2004A00466,C2008C00524,eng,2008-10-03,consolidation,in_force,"A New Tax System (Luxury Car Tax Imposition—General) Amendment Act 2008 (No. 100, 2008)",api_listing,,,,
258,all,https://www.legislation.gov.au/C2004A00467/2026-06-30/2026-06-30/text/original/epub,principal_act,"No. 84, 1999",A New Tax System (Australian Business Number) Act 1999,C2004A00467,C2026C00290,eng,2026-06-30,consolidation,in_force,"Treasury Laws Amendment (Business Registries Stabilisation and Uplift) Act 2026 (No. 57, 2026)",api_listing,,,,
259,all,https://www.legislation.gov.au/C2004A00485/2026-08-24/2026-08-24/text/original/epub,principal_act,"No. 91, 1999",Environment Protection and Biodiversity Conservation Act 1999,C2004A00485,C2026C00369,eng,2026-08-24,consolidation,in_force,"Environment Protection Reform Act 2025 (No. 68, 2025)",api_listing,,,,
260,all,https://www.legislation.gov.au/C2004A00486/asmade/1999-07-16/text/original/pdf,principal_act,"No. 92, 1999",Environmental Reform (Consequential Provisions) Act 1999,C2004A00486,C2004A00486,eng,1999-07-16,as_enacted,in_force,,api_listing,,,,as_made_only
261,all,https://www.legislation.gov.au/C2004A00490/2026-07-01/2026-07-01/text/original/epub,principal_act,"No. 80, 1999",A New Tax System (Family Assistance) Act 1999,C2004A00490,C2026C00331,eng,2026-07-01,consolidation,in_force,"Regulatory Reform Omnibus Act 2025 (No. 73, 2025)",api_listing,,,,
262,all,https://www.legislation.gov.au/C2004A00491/2026-07-01/2026-07-01/text/original/epub,principal_act,"No. 81, 1999",A New Tax System (Family Assistance) (Administration) Act 1999,C2004A00491,C2026C00329,eng,2026-07-01,consolidation,in_force,"Regulatory Reform Omnibus Act 2025 (No. 73, 2025)",api_listing,,,,
263,all,https://www.legislation.gov.au/C2004A00498/2013-03-31/2013-03-31/text/original/epub,principal_act,"No. 107, 1999",Damage by Aircraft Act 1999,C2004A00498,C2013C00130,eng,2013-03-31,consolidation,in_force,"Aviation Legislation Amendment (Liability and Insurance) Act 2012 (No. 191, 2012)",api_listing,,,,
264,all,https://www.legislation.gov.au/C2004A00502/asmade/2009-07-01/text/original/pdf,principal_act,"No. 110, 1999",A New Tax System (Managing the GST Rate and Base) Act 1999,C2004A00502,C2009C00250,eng,2009-07-01,as_enacted,in_force,"Federal Financial Relations (Consequential Amendments and Transitional Provisions) Act 2009 (No. 12, 2009)",api_listing,,,,as_made_only
265,all,https://www.legislation.gov.au/C2004A00518/2022-09-28/2022-09-28/text/original/epub,principal_act,"No. 127, 1999",Superannuation (Unclaimed Money and Lost Members) Act 1999,C2004A00518,C2022C00273,eng,2022-09-28,consolidation,in_force,"Family Law Amendment (Western Australia De Facto Superannuation Splitting and Bankruptcy) Act 2020 (No. 112, 2020)",api_listing,,,,
266,all,https://www.legislation.gov.au/C2004A00519/asmade/1997-06-02/text/original/pdf,principal_act,"No. 128, 1999",Superannuation (Unclaimed Money and Lost Members) Consequential and Transitional Act 1999,C2004A00519,C2004A00519,eng,1997-06-02,as_enacted,in_force,,api_listing,,,,as_made_only
267,all,https://www.legislation.gov.au/C2004A00536/2019-03-01/2019-03-01/text/original/epub,principal_act,"No. 145, 1999",Parliamentary Service Act 1999,C2004A00536,C2019C00092,eng,2019-03-01,consolidation,in_force,"Parliamentary Service Amendment (Post-election Report) Act 2019 (No. 4, 2019)",api_listing,,,,
268,all,https://www.legislation.gov.au/C2004A00538/2024-12-11/2024-12-11/text/original/epub,principal_act,"No. 147, 1999",Public Service Act 1999,C2004A00538,C2024C00795,eng,2024-12-11,consolidation,in_force,"Public Service Amendment Act 2024 (No. 44, 2024)",api_listing,,,,
269,all,https://www.legislation.gov.au/C2004A00553/2025-12-05/2025-12-05/text/original/epub,principal_act,"No. 162, 1999",Electronic Transactions Act 1999,C2004A00553,C2026C00011,eng,2025-12-05,consolidation,in_force,"Regulatory Reform Omnibus Act 2025 (No. 73, 2025)",api_listing,,,,
270,all,https://www.legislation.gov.au/C2004A00557/2013-06-28/2013-06-28/text/original/epub,principal_act,"No. 166, 1999",New Business Tax System (Former Subsidiary Tax Imposition) Act 1999,C2004A00557,C2013C00447,eng,2013-06-28,consolidation,in_force,"Tax and Superannuation Laws Amendment (2013 Measures No. 1) Act 2013 (No. 88, 2013)",api_listing,,,,
271,all,https://www.legislation.gov.au/C2004A00564/2026-09-09/2026-09-09/text/original/epub,principal_act,"No. 173, 1999",Social Security (International Agreements) Act 1999,C2004A00564,C2026C00397,eng,2026-09-09,consolidation,in_force,Social Security (International Agreements) Amendment (Oriental Republic of Uruguay and Other Measures) Regulations 2026,api_listing,,,,
272,all,https://www.legislation.gov.au/C2004A00571/2018-12-29/2018-12-29/text/original/epub,principal_act,"No. 182, 1999","Textile, Clothing and Footwear Investment and Innovation Programs Act 1999",C2004A00571,C2019C00064,eng,2018-12-29,consolidation,in_force,"National Security Legislation Amendment (Espionage and Foreign Interference) Act 2018 (No. 67, 2018)",api_listing,,,,
273,all,https://www.legislation.gov.au/C2004A00574/2024-10-14/2024-10-14/text/original/epub,principal_act,"No. 185, 1999",Tradex Scheme Act 1999,C2004A00574,C2024C00499,eng,2024-10-14,consolidation,in_force,"Administrative Review Tribunal (Consequential and Transitional Provisions No. 1) Act 2024 (No. 38, 2024)",api_listing,,,,
274,all,https://www.legislation.gov.au/C2004A00575/2016-07-01/2016-07-01/text/original/epub,principal_act,"No. 186, 1999",Tradex Duty Imposition (Customs) Act 1999,C2004A00575,C2016C00893,eng,2016-07-01,consolidation,in_force,"Territories Legislation Amendment Act 2016 (No. 33, 2016)",api_listing,,,,
275,all,https://www.legislation.gov.au/C2004A00576/2016-07-01/2016-07-01/text/original/epub,principal_act,"No. 187, 1999",Tradex Duty Imposition (Excise) Act 1999,C2004A00576,C2016C00896,eng,2016-07-01,consolidation,in_force,"Territories Legislation Amendment Act 2016 (No. 33, 2016)",api_listing,,,,
276,all,https://www.legislation.gov.au/C2004A00577/2016-07-01/2016-07-01/text/original/epub,principal_act,"No. 188, 1999",Tradex Duty Imposition (General) Act 1999,C2004A00577,C2016C00891,eng,2016-07-01,consolidation,in_force,"Territories Legislation Amendment Act 2016 (No. 33, 2016)",api_listing,,,,
277,all,https://www.legislation.gov.au/C2004A00580/2025-12-05/2025-12-05/text/original/epub,principal_act,"No. 191, 1999",Social Security (Administration) Act 1999,C2004A00580,C2026C00010,eng,2025-12-05,consolidation,in_force,"Regulatory Reform Omnibus Act 2025 (No. 73, 2025)",api_listing,,,,
278,all,https://www.legislation.gov.au/C2004A00605/2019-08-30/2019-08-30/text/original/epub,principal_act,"No. 13, 2000",Crimes at Sea Act 2000,C2004A00605,C2019C00248,eng,2019-08-30,consolidation,in_force,"Timor Sea Maritime Boundaries Treaty Consequential Amendments Act 2019 (No. 57, 2019)",api_listing,,,,
279,all,https://www.legislation.gov.au/C2004A00616/asmade/1997-06-30/text/original/pdf,principal_act,"No. 24, 2000",Financial Sector Reform (Amendments and Transitional Provisions) Act (No. 1) 2000,C2004A00616,C2004A00616,eng,1997-06-30,as_enacted,in_force,,api_listing,,,,as_made_only
280,all,https://www.legislation.gov.au/C2004A00621/2024-10-14/2024-10-14/text/original/epub,principal_act,"No. 29, 2000",Adelaide Airport Curfew Act 2000,C2004A00621,C2024C00472,eng,2024-10-14,consolidation,in_force,"Administrative Review Tribunal (Consequential and Transitional Provisions No. 1) Act 2024 (No. 38, 2024)",api_listing,,,,
281,all,https://www.legislation.gov.au/C2004A00624/asmade/2000-04-19/text/original/pdf,principal_act,"No. 32, 2000",Primary Industries (Excise) Levies (GST Consequential Amendments) Act 2000,C2004A00624,C2004A00624,eng,2000-04-19,as_enacted,in_force,,api_listing,,,,as_made_only
282,all,https://www.legislation.gov.au/C2004A00637/2000-07-01/2000-07-01/text/original/epub,principal_act,"No. 45, 2000",A New Tax System (Family Assistance and Related Measures) Act 2000,C2004A00637,C2004C01310,eng,2000-07-01,consolidation,in_force,"Taxation Laws Amendment Act (No. 3) 2003 (No. 101, 2003)",api_listing,,,,
283,all,https://www.legislation.gov.au/C2004A00653/2024-10-14/2024-10-14/text/original/epub,principal_act,"No. 61, 2000",Product Grants and Benefits Administration Act 2000,C2004A00653,C2024C00452,eng,2024-10-14,consolidation,in_force,"Administrative Review Tribunal (Consequential and Transitional Provisions No. 2) Act 2024 (No. 39, 2024)",api_listing,,,,
284,all,https://www.legislation.gov.au/C2004A00681/asmade/2000-06-30/text/original/pdf,principal_act,"No. 87, 2000",New Business Tax System (Alienated Personal Services Income) Tax Imposition Act (No. 1) 2000,C2004A00681,C2004A00681,eng,2000-06-30,as_enacted,in_force,,api_listing,,,,as_made_only
285,all,https://www.legislation.gov.au/C2004A00682/asmade/2000-06-30/text/original/pdf,principal_act,"No. 88, 2000",New Business Tax System (Alienated Personal Services Income) Tax Imposition Act (No. 2) 2000,C2004A00682,C2004A00682,eng,2000-06-30,as_enacted,in_force,,api_listing,,,,as_made_only
286,all,https://www.legislation.gov.au/C2004A00694/2020-09-08/2020-09-08/text/original/epub,principal_act,"No. 102, 2000",Product Stewardship (Oil) Act 2000,C2004A00694,C2020C00294,eng,2020-09-08,consolidation,in_force,"Product Stewardship (Oil) Amendment Act 2020 (No. 82, 2020)",api_listing,,,,
287,all,https://www.legislation.gov.au/C2004A00707/asmade/2000-09-05/text/original/pdf,principal_act,"No. 115, 2000",Excise Amendment (Compliance Improvement) Act 2000,C2004A00707,C2004A00707,eng,2000-09-05,as_enacted,in_force,,api_listing,,,,as_made_only
288,all,https://www.legislation.gov.au/C2004A00720/asmade/2000-10-26/text/original/pdf,principal_act,"No. 127, 2000",Commonwealth Electoral Legislation (Provision of Information) Act 2000,C2004A00720,C2004A00720,eng,2000-10-26,as_enacted,in_force,,api_listing,,,,as_made_only
289,all,https://www.legislation.gov.au/C2004A00722/2018-06-19/2018-06-19/text/original/epub,principal_act,"No. 129, 2000",Renewable Energy (Electricity) (Large-scale Generation Shortfall Charge) Act 2000,C2004A00722,C2018C00236,eng,2018-06-19,consolidation,in_force,"Statute Update (Autumn 2018) Act 2018 (No. 41, 2018)",api_listing,,,,
290,all,https://www.legislation.gov.au/C2004A00727/2018-12-01/2018-12-01/text/original/epub,principal_act,"No. 134, 2000",Health Insurance (Approved Pathology Specimen Collection Centres) Tax Act 2000,C2004A00727,C2018C00480,eng,2018-12-01,consolidation,in_force,"Health Insurance (Approved Pathology Specimen Collection Centres) Tax Amendment Act 2018 (No. 103, 2018)",api_listing,,,,
291,all,https://www.legislation.gov.au/C2004A00738/2025-01-01/2025-01-01/text/original/epub,principal_act,"No. 145, 2000",Wool Services Privatisation Act 2000,C2004A00738,C2025C00024,eng,2025-01-01,consolidation,in_force,"Primary Industries (Consequential Amendments and Transitional Provisions) Act 2024 (No. 60, 2024)",api_listing,,,,
292,all,https://www.legislation.gov.au/C2004A00744/2024-10-14/2024-10-14/text/original/epub,principal_act,"No. 153, 2000",Fuel Quality Standards Act 2000,C2004A00744,C2024C00627,eng,2024-10-14,consolidation,in_force,"Administrative Review Tribunal (Consequential and Transitional Provisions No. 2) Act 2024 (No. 39, 2024)",api_listing,,,,
293,all,https://www.legislation.gov.au/C2004A00745/asmade/2014-10-17/text/original/pdf,principal_act,"No. 147, 2000",Indigenous Education (Targeted Assistance) Act 2000,C2004A00745,C2014C00732,eng,2014-10-17,as_enacted,in_force,"Omnibus Repeal Day (Autumn 2014) Act 2014 (No. 109, 2014)",api_listing,,,,as_made_only
294,all,https://www.legislation.gov.au/C2004A00754/asmade/2000-12-21/text/original/pdf,principal_act,"No. 161, 2000",Jurisdiction of Courts (Miscellaneous Amendments) Act 2000,C2004A00754,C2004A00754,eng,2000-12-21,as_enacted,in_force,,api_listing,,,,as_made_only
295,all,https://www.legislation.gov.au/C2004A00756/2025-01-01/2025-01-01/text/original/epub,principal_act,"No. 163, 2000",Horticulture Marketing and Research and Development Services (Repeals and Consequential Provisions) Act 2000,C2004A00756,C2025C00025,eng,2025-01-01,consolidation,in_force,"Primary Industries (Consequential Amendments and Transitional Provisions) Act 2024 (No. 60, 2024)",api_listing,,,,
296,all,https://www.legislation.gov.au/C2004A00757/2025-12-05/2025-12-05/text/original/epub,principal_act,"No. 164, 2000",Education Services for Overseas Students Act 2000,C2004A00757,C2025C00684,eng,2025-12-05,consolidation,in_force,"Education Legislation Amendment (Integrity and Other Measures) Act 2025 (No. 74, 2025)",api_listing,,,,
297,all,https://www.legislation.gov.au/C2004A00759/asmade/2000-12-21/text/original/pdf,principal_act,"No. 166, 2000",Education Services for Overseas Students (Consequential and Transitional) Act 2000,C2004A00759,C2004A00759,eng,2000-12-21,as_enacted,in_force,,api_listing,,,,as_made_only
298,all,https://www.legislation.gov.au/C2004A00762/2024-10-14/2024-10-14/text/original/epub,principal_act,"No. 169, 2000",Gene Technology Act 2000,C2004A00762,C2024C00451,eng,2024-10-14,consolidation,in_force,"Administrative Review Tribunal (Consequential and Transitional Provisions No. 2) Act 2024 (No. 39, 2024)",api_listing,,,,
299,all,https://www.legislation.gov.au/C2004A00764/asmade/2000-12-21/text/original/pdf,principal_act,"No. 171, 2000",Gene Technology (Licence Charges) Act 2000,C2004A00764,C2004A00764,eng,2000-12-21,as_enacted,in_force,,api_listing,,,,as_made_only
300,all,https://www.legislation.gov.au/C2004A00767/2026-01-01/2026-01-01/text/original/epub,principal_act,"No. 174, 2000",Renewable Energy (Electricity) Act 2000,C2004A00767,C2026C00019,eng,2026-01-01,consolidation,in_force,"Future Made in Australia (Guarantee of Origin Consequential Amendments and Transitional Provisions) Act 2024 (No. 123, 2024)",api_listing,,,,
301,all,https://www.legislation.gov.au/C2004A00773/2024-07-01/2024-07-01/text/original/epub,principal_act,"No. 8, 2001",Australian Research Council Act 2001,C2004A00773,C2024C00245,eng,2024-07-01,consolidation,in_force,"Financial Framework (Supplementary Powers) Amendment Act 2024 (No. 27, 2024)",api_listing,,,,
302,all,https://www.legislation.gov.au/C2004A00775/2001-04-19/2001-04-19/text/original/epub,principal_act,"No. 10, 2001",Defence Legislation Amendment (Enhancement of the Reserves and Modernisation) Act 2001,C2004A00775,C2004C01249,eng,2001-04-19,consolidation,in_force,"Statute Law Revision Act 2002 (No. 63, 2002)",api_listing,,,,
303,all,https://www.legislation.gov.au/C2004A00776/2024-10-14/2024-10-14/text/original/epub,principal_act,"No. 11, 2001",Defence Reserve Service (Protection) Act 2001,C2004A00776,C2024C00687,eng,2024-10-14,consolidation,in_force,"Administrative Review Tribunal (Consequential and Transitional Provisions No. 1) Act 2024 (No. 38, 2024)",api_listing,,,,
304,all,https://www.legislation.gov.au/C2004A00779/2024-10-14/2024-10-14/text/original/epub,principal_act,"No. 2, 2001",Sydney Harbour Federation Trust Act 2001,C2004A00779,C2024C00642,eng,2024-10-14,consolidation,in_force,"Administrative Review Tribunal (Consequential and Transitional Provisions No. 1) Act 2024 (No. 38, 2024)",api_listing,,,,
305,all,https://www.legislation.gov.au/C2004A00795/asmade/2000-10-21/text/original/pdf,principal_act,"No. 36, 2001",Lake Eyre Basin Intergovernmental Agreement Act 2001,C2004A00795,C2004A00795,eng,2000-10-21,as_enacted,in_force,,api_listing,,,,as_made_only
306,all,https://www.legislation.gov.au/C2004A00798/2025-01-01/2025-01-01/text/original/epub,principal_act,"No. 30, 2001",Pig Industry Act 2001,C2004A00798,C2025C00038,eng,2025-01-01,consolidation,in_force,"Primary Industries (Consequential Amendments and Transitional Provisions) Act 2024 (No. 60, 2024)",api_listing,,,,
307,all,https://www.legislation.gov.au/C2004A00800/asmade/2001-04-28/text/original/pdf,principal_act,"No. 32, 2001",Coal Industry Repeal Act 2001,C2004A00800,C2004A00800,eng,2001-04-28,as_enacted,in_force,,api_listing,,,,as_made_only
308,all,https://www.legislation.gov.au/C2004A00818/2026-08-27/2026-08-27/text/original/epub,principal_act,"No. 50, 2001",Corporations Act 2001,C2004A00818,C2026C00382,eng,2026-08-27,consolidation,in_force,"Cash Distribution Framework (Consequential Amendments and Transitional Provisions) Act 2026 (No. 69, 2026)",api_listing,,,,
309,all,https://www.legislation.gov.au/C2004A00819/2026-07-07/2026-07-07/text/original/epub,principal_act,"No. 51, 2001",Australian Securities and Investments Commission Act 2001,C2004A00819,C2026C00358,eng,2026-07-07,consolidation,in_force,"Treasury Laws Amendment (Financial Reporting System Reform) Act 2026 (No. 61, 2026)",api_listing,,,,
310,all,https://www.legislation.gov.au/C2004A00820/2023-10-20/2023-10-20/text/original/epub,principal_act,"No. 52, 2001",Corporations (Fees) Act 2001,C2004A00820,C2023C00412,eng,2023-10-20,consolidation,in_force,"Treasury Laws Amendment (2023 Law Improvement Package No. 1) Act 2023 (No. 76, 2023)",api_listing,,,,
311,all,https://www.legislation.gov.au/C2004A00822/2023-10-20/2023-10-20/text/original/epub,principal_act,"No. 54, 2001",Corporations (National Guarantee Fund Levies) Act 2001,C2004A00822,C2023C00432,eng,2023-10-20,consolidation,in_force,"Treasury Laws Amendment (2023 Law Improvement Package No. 1) Act 2023 (No. 76, 2023)",api_listing,,,,
312,all,https://www.legislation.gov.au/C2004A00823/2001-07-15/2001-07-15/text/original/epub,principal_act,"No. 55, 2001","Corporations (Repeals, Consequentials and Transitionals) Act 2001",C2004A00823,C2006C00150,eng,2001-07-15,consolidation,in_force,"Statute Law Revision Act 2006 (No. 9, 2006)",api_listing,,,,
313,all,https://www.legislation.gov.au/C2004A00849/asmade/2001-07-11/text/original/pdf,principal_act,"No. 82, 2001",Environment Protection and Biodiversity Conservation Amendment (Wildlife Protection) Act 2001,C2004A00849,C2004A00849,eng,2001-07-11,as_enacted,in_force,,api_listing,,,,as_made_only
314,all,https://www.legislation.gov.au/C2004A00851/2024-10-14/2024-10-14/text/original/epub,principal_act,"No. 84, 2001",Interactive Gambling Act 2001,C2004A00851,C2024C00646,eng,2024-10-14,consolidation,in_force,"Administrative Review Tribunal (Consequential and Transitional Provisions No. 1) Act 2024 (No. 38, 2024)",api_listing,,,,
315,all,https://www.legislation.gov.au/C2004A00857/2016-07-01/2016-07-01/text/original/epub,principal_act,"No. 90, 2001",Import Processing Charges Act 2001,C2004A00857,C2016C00813,eng,2016-07-01,consolidation,in_force,"Territories Legislation Amendment Act 2016 (No. 33, 2016)",api_listing,,,,
316,all,https://www.legislation.gov.au/C2004A00871/2025-02-21/2025-02-21/text/original/epub,principal_act,"No. 104, 2001",Financial Sector (Collection of Data) Act 2001,C2004A00871,C2025C00113,eng,2025-02-21,consolidation,in_force,"Administrative Review Tribunal (Miscellaneous Measures) Act 2025 (No. 14, 2025)",api_listing,,,,
317,all,https://www.legislation.gov.au/C2004A00873/2023-10-20/2023-10-20/text/original/epub,principal_act,"No. 106, 2001",Corporations (Compensation Arrangements Levies) Act 2001,C2004A00873,C2023C00424,eng,2023-10-20,consolidation,in_force,"Treasury Laws Amendment (2023 Law Improvement Package No. 1) Act 2023 (No. 76, 2023)",api_listing,,,,
318,all,https://www.legislation.gov.au/C2004A00896/asmade/2007-09-24/text/original/pdf,principal_act,"No. 121, 2001",Financial Sector (Collection of Data—Consequential and Transitional Provisions) Act 2001,C2004A00896,C2007C00597,eng,2007-09-24,as_enacted,in_force,"Financial Sector Legislation Amendment (Simplifying Regulation and Review) Act 2007 (No. 154, 2007)",api_listing,,,,as_made_only
319,all,https://www.legislation.gov.au/C2004A00928/2026-08-27/2026-08-27/text/original/epub,principal_act,"No. 152, 2001",Intelligence Services Act 2001,C2004A00928,C2026C00377,eng,2026-08-27,consolidation,in_force,"Australian Security Intelligence Organisation Amendment Act (No. 2) 2026 (No. 81, 2026)",api_listing,,,,
320,all,https://www.legislation.gov.au/C2004A00957/asmade/2001-12-31/text/original/pdf,principal_act,"No. 20, 2002",Coal Industry Repeal (Validation of Proclamation) Act 2002,C2004A00957,C2004A00957,eng,2001-12-31,as_enacted,in_force,,api_listing,,,,as_made_only
321,all,https://www.legislation.gov.au/C2004A00965/2026-08-24/2026-08-24/text/original/epub,principal_act,"No. 30, 2002",Regional Forest Agreements Act 2002,C2004A00965,C2026C00388,eng,2026-08-24,consolidation,in_force,"Environment Protection Reform Act 2025 (No. 68, 2025)",api_listing,,,,
322,all,https://www.legislation.gov.au/C2004A00981/asmade/2002-06-29/text/original/pdf,principal_act,"No. 49, 2002",New Business Tax System (Over-franking Tax) Act 2002,C2004A00981,C2004A00981,eng,2002-06-29,as_enacted,in_force,,api_listing,,,,as_made_only
323,all,https://www.legislation.gov.au/C2004A00982/asmade/2002-06-29/text/original/pdf,principal_act,"No. 50, 2002",New Business Tax System (Franking Deficit Tax) Act 2002,C2004A00982,C2004C01224,eng,2002-06-29,as_enacted,in_force,"New Business Tax System (Franking Deficit Tax) Amendment Act 2002 (No. 118, 2002)",api_listing,,,,as_made_only
324,all,https://www.legislation.gov.au/C2004A00992/2026-08-27/2026-08-27/text/original/epub,principal_act,"No. 41, 2002",International Criminal Court Act 2002,C2004A00992,C2026C00376,eng,2026-08-27,consolidation,in_force,"Combatting Illicit Tobacco Act 2026 (No. 82, 2026)",api_listing,,,,
325,all,https://www.legislation.gov.au/C2004A01022/2026-08-27/2026-08-27/text/original/epub,principal_act,"No. 85, 2002",Proceeds of Crime Act 2002,C2004A01022,C2026C00385,eng,2026-08-27,consolidation,in_force,"Combatting Illicit Tobacco Act 2026 (No. 82, 2026)",api_listing,,,,
326,all,https://www.legislation.gov.au/C2004A01023/2003-01-01/2003-01-01/text/original/epub,principal_act,"No. 86, 2002",Proceeds of Crime (Consequential Amendments and Transitional Provisions) Act 2002,C2004A01023,C2004C01279,eng,2003-01-01,consolidation,in_force,"Australian Crime Commission Establishment Act 2002 (No. 125, 2002)",api_listing,,,,
327,all,https://www.legislation.gov.au/C2004A01047/2018-01-01/2018-01-01/text/original/epub,principal_act,"No. 110, 2002",Parliamentary Retirement Travel Act 2002,C2004A01047,C2018C00008,eng,2018-01-01,consolidation,in_force,"Parliamentary Business Resources (Consequential and Transitional Provisions) Act 2017 (No. 38, 2017)",api_listing,,,,
328,all,https://www.legislation.gov.au/C2004A01048/asmade/2002-12-02/text/original/pdf,principal_act,"No. 111, 2002",Medical Indemnity Agreement (Financial Assistance—Binding Commonwealth Obligations) Act 2002,C2004A01048,C2004A01048,eng,2002-12-02,as_enacted,in_force,,api_listing,,,,as_made_only
329,all,https://www.legislation.gov.au/C2004A01062/2002-12-10/2002-12-10/text/original/epub,principal_act,"No. 125, 2002",Australian Crime Commission Establishment Act 2002,C2004A01062,C2004C01287,eng,2002-12-10,consolidation,in_force,"Crimes Legislation Enhancement Act 2003 (No. 41, 2003)",api_listing,,,,
330,all,https://www.legislation.gov.au/C2004A01069/2024-10-14/2024-10-14/text/original/epub,principal_act,"No. 132, 2002",Medical Indemnity Act 2002,C2004A01069,C2024C00534,eng,2024-10-14,consolidation,in_force,"Administrative Review Tribunal (Consequential and Transitional Provisions No. 1) Act 2024 (No. 38, 2024)",api_listing,,,,
331,all,https://www.legislation.gov.au/C2004A01074/2024-10-14/2024-10-14/text/original/epub,principal_act,"No. 137, 2002",Venture Capital Act 2002,C2004A01074,C2024C00617,eng,2024-10-14,consolidation,in_force,"Administrative Review Tribunal (Consequential and Transitional Provisions No. 2) Act 2024 (No. 39, 2024)",api_listing,,,,
332,all,https://www.legislation.gov.au/C2004A01081/2022-10-01/2022-10-01/text/original/epub,principal_act,"No. 144, 2002",Prohibition of Human Cloning for Reproduction Act 2002,C2004A01081,C2022C00295,eng,2022-10-01,consolidation,in_force,"Mitochondrial Donation Law Reform (Maeve’s Law) Act 2022 (No. 26, 2022)",api_listing,,,,
333,all,https://www.legislation.gov.au/C2004A01082/2024-10-14/2024-10-14/text/original/epub,principal_act,"No. 145, 2002",Research Involving Human Embryos Act 2002,C2004A01082,C2024C00449,eng,2024-10-14,consolidation,in_force,"Administrative Review Tribunal (Consequential and Transitional Provisions No. 2) Act 2024 (No. 39, 2024)",api_listing,,,,
334,all,https://www.legislation.gov.au/C2004A01087/2011-04-19/2011-04-19/text/original/epub,principal_act,"No. 2, 2003",Commonwealth Volunteers Protection Act 2003,C2004A01087,C2011C00290,eng,2011-04-19,consolidation,in_force,"Statute Law Revision Act 2011 (No. 5, 2011)",api_listing,,,,
335,all,https://www.legislation.gov.au/C2004A01094/2019-08-30/2019-08-30/text/original/epub,principal_act,"No. 9, 2003",Petroleum (Timor Sea Treaty) Act 2003,C2004A01094,C2019C00280,eng,2019-08-30,consolidation,in_force,"Treasury Laws Amendment (Timor Sea Maritime Boundaries Treaty) Act 2019 (No. 59, 2019)",api_listing,,,,
336,all,https://www.legislation.gov.au/C2004A01102/2024-03-20/2024-03-20/text/original/epub,principal_act,"No. 18, 2003",Transport Safety Investigation Act 2003,C2004A01102,C2024C00120,eng,2024-03-20,consolidation,in_force,"Statute Law Amendment (Prescribed Forms and Other Updates) Act 2023 (No. 74, 2023)",api_listing,,,,
337,all,https://www.legislation.gov.au/C2004A01106/2025-12-05/2025-12-05/text/original/epub,principal_act,"No. 28, 2003",Inspector-General of Taxation Act 2003,C2004A01106,C2025C00678,eng,2025-12-05,consolidation,in_force,"Treasury Laws Amendment (Strengthening Financial Systems and Other Measures) Act 2025 (No. 72, 2025)",api_listing,,,,
338,all,https://www.legislation.gov.au/C2004A01108/2026-03-14/2026-03-14/text/original/epub,principal_act,"No. 23, 2003",Corporations (Review Fees) Act 2003,C2004A01108,C2026C00100,eng,2026-03-14,consolidation,in_force,"Corporations (Review Fees) Amendment (Technical Amendments) Act 2026 (No. 6, 2026)",api_listing,,,,
339,all,https://www.legislation.gov.au/C2004A01114/2016-07-01/2016-07-01/text/original/epub,principal_act,"No. 29, 2003",National Blood Authority Act 2003,C2004A01114,C2016C00846,eng,2016-07-01,consolidation,in_force,"Norfolk Island Legislation Amendment Act 2015 (No. 59, 2015)",api_listing,,,,
340,all,https://www.legislation.gov.au/C2004A01117/2009-07-01/2009-07-01/text/original/epub,principal_act,"No. 32, 2003",Dairy Industry Service Reform Act 2003,C2004A01117,C2009C00317,eng,2009-07-01,consolidation,in_force,"Fair Work (State Referral and Consequential and Other Amendments) Act 2009 (No. 54, 2009)",api_listing,,,,
341,all,https://www.legislation.gov.au/C2004A01121/2023-10-20/2023-10-20/text/original/epub,principal_act,"No. 37, 2003",Medical Indemnity (Prudential Supervision and Product Standards) Act 2003,C2004A01121,C2023C00421,eng,2023-10-20,consolidation,in_force,"Treasury Laws Amendment (2023 Law Improvement Package No. 1) Act 2023 (No. 76, 2023)",api_listing,,,,
342,all,https://www.legislation.gov.au/C2004A01123/2013-06-28/2013-06-28/text/original/epub,principal_act,"No. 17, 2003",New Business Tax System (Venture Capital Deficit Tax) Act 2003,C2004A01123,C2013C00448,eng,2013-06-28,consolidation,in_force,"Tax and Superannuation Laws Amendment (2013 Measures No. 1) Act 2013 (No. 88, 2013)",api_listing,,,,
343,all,https://www.legislation.gov.au/C2004A01128/2025-11-08/2025-11-08/text/original/epub,principal_act,"No. 43, 2003",Terrorism and Cyclone Insurance Act 2003,C2004A01128,C2025C00633,eng,2025-11-08,consolidation,in_force,"Criminal Code Amendment (State Sponsors of Terrorism) Act 2025 (No. 60, 2025)",api_listing,,,,
344,all,https://www.legislation.gov.au/C2004A01145/asmade/2003-06-30/text/original/pdf,principal_act,"No. 61, 2003",HIH Royal Commission (Transfer of Records) Act 2003,C2004A01145,C2004A01145,eng,2003-06-30,as_enacted,in_force,,api_listing,,,,as_made_only
345,all,https://www.legislation.gov.au/C2004A01156/2016-07-01/2016-07-01/text/original/epub,principal_act,"No. 71, 2003",Private Health Insurance (Collapsed Insurer Levy) Act 2003,C2004A01156,C2016C00870,eng,2016-07-01,consolidation,in_force,"Private Health Insurance (Collapsed Insurer Levy) Amendment Act 2015 (No. 86, 2015)",api_listing,,,,
346,all,https://www.legislation.gov.au/C2004A01158/2016-07-01/2016-07-01/text/original/epub,principal_act,"No. 73, 2003",Private Health Insurance (Risk Equalisation Levy) Act 2003,C2004A01158,C2016C00864,eng,2016-07-01,consolidation,in_force,"Private Health Insurance (Risk Equalisation Levy) Amendment (Norfolk Island) Act 2015 (No. 56, 2015)",api_listing,,,,
347,all,https://www.legislation.gov.au/C2004A01166/2024-07-06/2024-07-06/text/original/epub,principal_act,"No. 81, 2003",National Transport Commission Act 2003,C2004A01166,C2024C00279,eng,2024-07-06,consolidation,in_force,"COAG Legislation Amendment Act 2024 (No. 54, 2024)",api_listing,,,,
348,all,https://www.legislation.gov.au/C2004A01169/2019-07-01/2019-07-01/text/original/epub,principal_act,"No. 85, 2003",Australian Heritage Council Act 2003,C2004A01169,C2019C00196,eng,2019-07-01,consolidation,in_force,"Underwater Cultural Heritage (Consequential and Transitional Provisions) Act 2018 (No. 86, 2018)",api_listing,,,,
349,all,https://www.legislation.gov.au/C2004A01170/asmade/2003-09-23/text/original/pdf,principal_act,"No. 86, 2003",Australian Heritage Council (Consequential and Transitional Provisions) Act 2003,C2004A01170,C2004A01170,eng,2003-09-23,as_enacted,in_force,,api_listing,,,,as_made_only
350,all,https://www.legislation.gov.au/C2004A01195/2018-07-01/2018-07-01/text/original/epub,principal_act,"No. 110, 2003",Superannuation (Government Co-contribution for Low Income Earners) Act 2003,C2004A01195,C2018C00325,eng,2018-07-01,consolidation,in_force,"Treasury Laws Amendment (Reducing Pressure on Housing Affordability Measures No. 1) Act 2017 (No. 132, 2017)",api_listing,,,,
351,all,https://www.legislation.gov.au/C2004A01202/2022-03-02/2022-03-02/text/original/epub,principal_act,"No. 117, 2003",Offshore Petroleum and Greenhouse Gas Storage (Regulatory Levies) Act 2003,C2004A01202,C2022C00108,eng,2022-03-02,consolidation,in_force,"Offshore Petroleum and Greenhouse Gas Storage (Regulatory Levies) Amendment Act 2021 (No. 97, 2021)",api_listing,,,,
352,all,https://www.legislation.gov.au/C2004A01214/2016-03-10/2016-03-10/text/original/epub,principal_act,"No. 129, 2003",Spam Act 2003,C2004A01214,C2016C00614,eng,2016-03-10,consolidation,in_force,"Statute Law Revision Act (No. 1) 2016 (No. 4, 2016)",api_listing,,,,
353,all,https://www.legislation.gov.au/C2004A01216/2026-03-27/2026-03-27/text/original/epub,principal_act,"No. 131, 2003",Maritime Transport and Offshore Facilities Security Act 2003,C2004A01216,C2026C00106,eng,2026-03-27,consolidation,in_force,"Transport Security Amendment (Security of Australia’s Transport Sector) Act 2025 (No. 22, 2025)",api_listing,,,,
354,all,https://www.legislation.gov.au/C2004A01224/2019-02-24/2019-02-24/text/original/epub,principal_act,"No. 139, 2003",Legislation Act 2003,C2004A01224,C2019C00084,eng,2019-02-24,consolidation,in_force,"Legislation Amendment (Sunsetting Review and Other Measures) Act 2018 (No. 78, 2018)",api_listing,,,,
355,all,https://www.legislation.gov.au/C2004A01232/2024-10-14/2024-10-14/text/original/epub,principal_act,"No. 147, 2003",Designs Act 2003,C2004A01232,C2024C00672,eng,2024-10-14,consolidation,in_force,"Administrative Review Tribunal (Consequential and Transitional Provisions No. 2) Act 2024 (No. 39, 2024)",api_listing,,,,
356,all,https://www.legislation.gov.au/C2004A01234/2026-07-01/2026-07-01/text/original/epub,principal_act,"No. 149, 2003",Higher Education Support Act 2003,C2004A01234,C2026C00297,eng,2026-07-01,consolidation,in_force,"Veterans’ Entitlements, Treatment and Support (Simplification and Harmonisation) Act 2025 (No. 17, 2025)",api_listing,,,,
357,all,https://www.legislation.gov.au/C2004A01235/asmade/2008-01-01/text/original/pdf,principal_act,"No. 150, 2003",Higher Education Support (Transitional Provisions and Consequential Amendments) Act 2003,C2004A01235,C2008C00021,eng,2008-01-01,as_enacted,in_force,"Higher Education Legislation Amendment (2007 Measures No. 1) Act 2007 (No. 72, 2007)",api_listing,,,,as_made_only
358,all,https://www.legislation.gov.au/C2004A01242/2026-03-27/2026-03-27/text/original/epub,principal_act,"No. 8, 2004",Aviation Transport Security Act 2004,C2004A01242,C2026C00102,eng,2026-03-27,consolidation,in_force,"Transport Security Amendment (Security of Australia’s Transport Sector) Act 2025 (No. 22, 2025)",api_listing,,,,
359,all,https://www.legislation.gov.au/C2004A01243/2005-03-10/2005-03-10/text/original/epub,principal_act,"No. 9, 2004",Aviation Transport Security (Consequential Amendments and Transitional Provisions) Act 2004,C2004A01243,C2005C00207,eng,2005-03-10,consolidation,in_force,"Aviation Security Amendment Act 2004 (No. 149, 2004)",api_listing,,,,
360,all,https://www.legislation.gov.au/C2004A01260/2005-08-24/2005-08-24/text/original/epub,principal_act,"No. 25, 2004",Customs Legislation Amendment (Application of International Trade Modernisation and Other Measures) Act 2004,C2004A01260,C2005C00545,eng,2005-08-24,consolidation,in_force,"Customs Amendment (Extension of Import Cut-over Time) Act 2005 (No. 105, 2005)",api_listing,,,,
361,all,https://www.legislation.gov.au/C2004A01285/2026-07-01/2026-07-01/text/original/epub,principal_act,"No. 51, 2004",Military Rehabilitation and Compensation Act 2004,C2004A01285,C2026C00298,eng,2026-07-01,consolidation,in_force,"Veterans’ Affairs Legislation Amendment (Miscellaneous Measures No. 2) Act 2026 (No. 31, 2026)",api_listing,,,,
362,all,https://www.legislation.gov.au/C2004A01286/2026-07-01/2026-07-01/text/original/epub,principal_act,"No. 52, 2004",Military Rehabilitation and Compensation (Consequential and Transitional Provisions) Act 2004,C2004A01286,C2026C00273,eng,2026-07-01,consolidation,in_force,"Veterans’ Affairs Legislation Amendment (Miscellaneous Measures No. 2) Act 2026 (No. 31, 2026)",api_listing,,,,
363,all,https://www.legislation.gov.au/C2004A01295/2006-09-27/2006-09-27/text/original/epub,principal_act,"No. 60, 2004",Family Assistance Legislation Amendment (More Help for Families—One-off Payments) Act 2004,C2004A01295,C2006C00617,eng,2006-09-27,consolidation,in_force,"Social Security and Family Assistance Legislation Amendment (Miscellaneous Measures) Act 2006 (No. 108, 2006)",api_listing,,,,
364,all,https://www.legislation.gov.au/C2004A01302/2026-07-01/2026-07-01/text/original/epub,principal_act,"No. 68, 2004",Age Discrimination Act 2004,C2004A01302,C2026C00266,eng,2026-07-01,consolidation,in_force,"Veterans’ Entitlements, Treatment and Support (Simplification and Harmonisation) Act 2025 (No. 17, 2025)",api_listing,,,,
365,all,https://www.legislation.gov.au/C2004A01307/2016-03-05/2016-03-05/text/original/epub,principal_act,"No. 74, 2004",Tourism Australia Act 2004,C2004A01307,C2016C00443,eng,2016-03-05,consolidation,in_force,"Acts and Instruments (Framework Reform) (Consequential Provisions) Act 2015 (No. 126, 2015)",api_listing,,,,
366,all,https://www.legislation.gov.au/C2004A01308/2006-03-27/2006-03-27/text/original/epub,principal_act,"No. 75, 2004",Tourism Australia (Repeal and Transitional Provisions) Act 2004,C2004A01308,C2006C00085,eng,2006-03-27,consolidation,in_force,"Workplace Relations Amendment (Work Choices) (Consequential Amendments) Regulations 2006 (No. 1) (No. 50, 2006)",api_listing,,,,
367,all,https://www.legislation.gov.au/C2004A01309/2020-07-01/2020-07-01/text/original/epub,principal_act,"No. 76, 2004",Medical Indemnity (Run-off Cover Support Payment) Act 2004,C2004A01309,C2020C00231,eng,2020-07-01,consolidation,in_force,"Medical and Midwife Indemnity Legislation Amendment Act 2019 (No. 105, 2019)",api_listing,,,,
368,all,https://www.legislation.gov.au/C2004A01315/2026-07-01/2026-07-01/text/original/epub,principal_act,"No. 72, 2004",Parliamentary Superannuation Act 2004,C2004A01315,C2026C00245,eng,2026-07-01,consolidation,in_force,"Treasury Laws Amendment (Payday Superannuation) Act 2025 (No. 57, 2025)",api_listing,,,,
369,all,https://www.legislation.gov.au/C2004A01335/2021-09-01/2021-09-01/text/original/epub,principal_act,"No. 99, 2004",Australian Energy Market Act 2004,C2004A01335,C2021C00399,eng,2021-09-01,consolidation,in_force,"Federal Circuit and Family Court of Australia (Consequential Amendments and Transitional Provisions) Act 2021 (No. 13, 2021)",api_listing,,,,
370,all,https://www.legislation.gov.au/C2004A01336/2026-07-01/2026-07-01/text/original/epub,principal_act,"No. 100, 2004",Veterans' Entitlements (Clarke Review) Act 2004,C2004A01336,C2026C00321,eng,2026-07-01,consolidation,in_force,"Veterans’ Entitlements, Treatment and Support (Simplification and Harmonisation) Act 2025 (No. 17, 2025)",api_listing,,,,
371,all,https://www.legislation.gov.au/C2004A01370/2016-03-05/2016-03-05/text/original/epub,principal_act,"No. 135, 2004",Schools Assistance (Learning Together—Achievement Through Choice and Opportunity) Act 2004,C2004A01370,C2016C00429,eng,2016-03-05,consolidation,in_force,"Acts and Instruments (Framework Reform) (Consequential Provisions) Act 2015 (No. 126, 2015)",api_listing,,,,
372,all,https://www.legislation.gov.au/C2004A01379/2015-10-14/2015-10-14/text/original/epub,principal_act,"No. 144, 2004",James Hardie (Investigations and Proceedings) Act 2004,C2004A01379,C2015C00555,eng,2015-10-14,consolidation,in_force,"Civil Law and Justice (Omnibus Amendments) Act 2015 (No. 132, 2015)",api_listing,,,,
373,all,https://www.legislation.gov.au/C2004A01385/2021-12-09/2021-12-09/text/original/epub,principal_act,"No. 150, 2004",National Security Information (Criminal and Civil Proceedings) Act 2004,C2004A01385,C2022C00001,eng,2021-12-09,consolidation,in_force,"Counter-Terrorism Legislation Amendment (High Risk Terrorist Offenders) Act 2021 (No. 131, 2021)",api_listing,,,,
374,all,https://www.legislation.gov.au/C2004A01387/2026-08-27/2026-08-27/text/original/epub,principal_act,"No. 152, 2004",Surveillance Devices Act 2004,C2004A01387,C2026C00371,eng,2026-08-27,consolidation,in_force,"Crimes and Other Legislation Amendment (Omnibus No. 1) Act 2026 (No. 70, 2026)",api_listing,,,,
375,all,https://www.legislation.gov.au/C2004A01393/asmade/2004-12-17/text/original/pdf,principal_act,"No. 158, 2004",Fisheries (Validation of Plans of Management) Act 2004,C2004A01393,C2004A01393,eng,2004-12-17,as_enacted,in_force,,api_listing,,,,as_made_only
376,all,https://www.legislation.gov.au/C2004A01395/2025-02-21/2025-02-21/text/original/epub,principal_act,"No. 85, 1975",Great Barrier Reef Marine Park Act 1975,C2004A01395,C2025C00131,eng,2025-02-21,consolidation,in_force,"Administrative Review Tribunal (Miscellaneous Measures) Act 2025 (No. 14, 2025)",api_listing,,,,
377,all,https://www.legislation.gov.au/C2004A01402/2025-12-05/2025-12-05/text/original/epub,principal_act,"No. 92, 1975",Foreign Acquisitions and Takeovers Act 1975,C2004A01402,C2025C00672,eng,2025-12-05,consolidation,in_force,"Treasury Laws Amendment (Strengthening Financial Systems and Other Measures) Act 2025 (No. 72, 2025)",api_listing,,,,
378,all,https://www.legislation.gov.au/C2004A01408/asmade/1975-09-09/text/original/pdf,principal_act,"No. 98, 1975",Papua New Guinea Independence Act 1975,C2004A01408,C2004A01408,eng,1975-09-09,as_enacted,in_force,,api_listing,,,,as_made_only
379,all,https://www.legislation.gov.au/C2004A01409/asmade/1975-09-09/text/original/pdf,principal_act,"No. 99, 1975",Papua New Guinea Loans Guarantee Act 1975,C2004A01409,C2004A01409,eng,1975-09-09,as_enacted,in_force,,api_listing,,,,as_made_only
380,all,https://www.legislation.gov.au/C2004A01412/asmade/1975-09-10/text/original/pdf,principal_act,"No. 102, 1975",United States Naval Communication Station Agreement Act 1975,C2004A01412,C2004A01412,eng,1975-09-10,as_enacted,in_force,,api_listing,,,,as_made_only
381,all,https://www.legislation.gov.au/C2004A01437/asmade/1976-03-23/text/original/pdf,principal_act,"No. 6, 1976",Loan Act 1976,C2004A01437,C2004A01437,eng,1976-03-23,as_enacted,in_force,,api_listing,,,,as_made_only
382,all,https://www.legislation.gov.au/C2004A01438/asmade/1976-03-23/text/original/pdf,principal_act,"No. 7, 1976",Loan Act (No. 2) 1976,C2004A01438,C2004A01438,eng,1976-03-23,as_enacted,in_force,,api_listing,,,,as_made_only
383,all,https://www.legislation.gov.au/C2004A01462/2026-07-01/2026-07-01/text/original/epub,principal_act,"No. 31, 1976",Superannuation Act 1976,C2004A01462,C2026C00326,eng,2026-07-01,consolidation,in_force,"Treasury Laws Amendment (Payday Superannuation) Act 2025 (No. 57, 2025)",api_listing,,,,
384,all,https://www.legislation.gov.au/C2004A01465/2015-12-10/2015-12-10/text/original/epub,principal_act,"No. 34, 1976",Defence Force Retirement and Death Benefits (Pension Increases) Act 1976,C2004A01465,C2016C00054,eng,2015-12-10,consolidation,in_force,"Statute Law Revision Act (No. 2) 2015 (No. 145, 2015)",api_listing,,,,
385,all,https://www.legislation.gov.au/C2004A01500/asmade/1976-06-09/text/original/pdf,principal_act,"No. 69, 1976",Papua New Guinea (Staffing Assistance) Termination Act 1976,C2004A01500,C2004A01500,eng,1976-06-09,as_enacted,in_force,,api_listing,,,,as_made_only
386,all,https://www.legislation.gov.au/C2004A01518/asmade/2015-07-01/text/original/pdf,principal_act,"No. 87, 1976",Psychotropic Substances Act 1976,C2004A01518,C2015C00461,eng,2015-07-01,as_enacted,in_force,"Customs and Other Legislation Amendment (Australian Border Force) Act 2015 (No. 41, 2015)",api_listing,,,,as_made_only
387,all,https://www.legislation.gov.au/C2004A01521/asmade/1976-09-20/text/original/pdf,principal_act,"No. 90, 1976",Loan Act (No. 3) 1976,C2004A01521,C2004A01521,eng,1976-09-20,as_enacted,in_force,,api_listing,,,,as_made_only
388,all,https://www.legislation.gov.au/C2004A01549/asmade/1976-11-18/text/original/pdf,principal_act,"No. 118, 1976",Christmas Island Agreement Act 1976,C2004A01549,C2004A01549,eng,1976-11-18,as_enacted,in_force,,api_listing,,,,as_made_only
389,all,https://www.legislation.gov.au/C2004A01586/2024-12-11/2024-12-11/text/original/epub,principal_act,"No. 156, 1976",Federal Court of Australia Act 1976,C2004A01586,C2024C00819,eng,2024-12-11,consolidation,in_force,"Crown References Amendment Act 2024 (No. 115, 2024)",api_listing,,,,
390,all,https://www.legislation.gov.au/C2004A01611/2026-06-04/2026-06-04/text/original/epub,principal_act,"No. 181, 1976",Ombudsman Act 1976,C2004A01611,C2026C00208,eng,2026-06-04,consolidation,in_force,"Strengthening Oversight of the National Intelligence Community Act 2025 (No. 75, 2025)",api_listing,,,,
391,all,https://www.legislation.gov.au/C2004A01620/2024-11-30/2024-11-30/text/original/epub,principal_act,"No. 191, 1976",Aboriginal Land Rights (Northern Territory) Act 1976,C2004A01620,C2024C00794,eng,2024-11-30,consolidation,in_force,"Aboriginal Land Rights (Northern Territory) Amendment (Scheduling) Act 2024 (No. 95, 2024)",api_listing,,,,
392,all,https://www.legislation.gov.au/C2004A01621/2023-10-18/2023-10-18/text/original/epub,principal_act,"No. 192, 1976",Long Service Leave (Commonwealth Employees) Act 1976,C2004A01621,C2023C00339,eng,2023-10-18,consolidation,in_force,"Statute Law Amendment (Prescribed Forms and Other Updates) Act 2023 (No. 74, 2023)",api_listing,,,,
393,all,https://www.legislation.gov.au/C2004A01646/2016-03-10/2016-03-10/text/original/epub,principal_act,"No. 8, 1977",Crimes (Internationally Protected Persons) Act 1976,C2004A01646,C2016C00524,eng,2016-03-10,consolidation,in_force,"Statute Law Revision Act (No. 1) 2016 (No. 4, 2016)",api_listing,,,,
394,all,https://www.legislation.gov.au/C2004A01649/2018-05-11/2018-05-11/text/original/epub,principal_act,"No. 11, 1977",Crimes (Biological Weapons) Act 1976,C2004A01649,C2018C00180,eng,2018-05-11,consolidation,in_force,"Home Affairs and Integrity Agencies Legislation Amendment Act 2018 (No. 31, 2018)",api_listing,,,,
395,all,https://www.legislation.gov.au/C2004A01660/asmade/1977-04-14/text/original/pdf,principal_act,"No. 22, 1977",Law Courts (Sydney) Act 1977,C2004A01660,C2004A01660,eng,1977-04-14,as_enacted,in_force,,api_listing,,,,as_made_only
396,all,https://www.legislation.gov.au/C2004A01678/asmade/1977-06-07/text/original/pdf,principal_act,"No. 40, 1977",Loan (War Service Land Settlement) Act 1977,C2004A01678,C2004A01678,eng,1977-06-07,as_enacted,in_force,,api_listing,,,,as_made_only
397,all,https://www.legislation.gov.au/C2004A01697/2026-08-27/2026-08-27/text/original/epub,principal_act,"No. 59, 1977",Administrative Decisions (Judicial Review) Act 1977,C2004A01697,C2026C00381,eng,2026-08-27,consolidation,in_force,"Treasury Laws Amendment (News Media Bargaining) (Consequential) Act 2026 (No. 79, 2026)",api_listing,,,,
398,all,https://www.legislation.gov.au/C2004A01703/2024-08-26/2024-08-26/text/original/epub,principal_act,"No. 65, 1977",National Workplace Relations Consultative Council Act 2002,C2004A01703,C2024C00352,eng,2024-08-26,consolidation,in_force,"Fair Work Legislation Amendment (Closing Loopholes No. 2) Act 2024 (No. 2, 2024)",api_listing,,,,
399,all,https://www.legislation.gov.au/C2004A01728/asmade/1977-09-08/text/original/pdf,principal_act,"No. 90, 1977",International Fund for Agricultural Development Act 1977,C2004A01728,C2004A01728,eng,1977-09-08,as_enacted,in_force,,api_listing,,,,as_made_only
400,all,https://www.legislation.gov.au/C2004A01763/2016-10-21/2016-10-21/text/original/epub,principal_act,"No. 125, 1977",Port Statistics Act 1977,C2004A01763,C2016C01054,eng,2016-10-21,consolidation,in_force,"Statute Update Act 2016 (No. 61, 2016)",api_listing,,,,
401,all,https://www.legislation.gov.au/C2004A01773/asmade/2014-06-24/text/original/pdf,principal_act,"No. 135, 1977",Coal Research Assistance Act 1977,C2004A01773,C2014C00225,eng,2014-06-24,as_enacted,in_force,"Statute Law Revision Act (No. 1) 2014 (No. 31, 2014)",api_listing,,,,as_made_only
402,all,https://www.legislation.gov.au/C2004A01815/asmade/2005-02-22/text/original/pdf,principal_act,"No. 16, 1978",Co-operative Farmers and Graziers Direct Meat Supply Limited (Loan Guarantee) Act 1978,C2004A01815,C2005C00181,eng,2005-02-22,as_enacted,in_force,"Financial Framework Legislation Amendment Act 2005 (No. 8, 2005)",api_listing,,,,as_made_only
403,all,https://www.legislation.gov.au/C2004A01818/asmade/1978-12-04/text/original/pdf,principal_act,"No. 19, 1978",Qantas Airways Limited (Loan Guarantee) Act 1978,C2004A01818,C2004C00596,eng,1978-12-04,as_enacted,in_force,"Qantas Airways Limited (Loan Guarantee) Amendment Act 1978 (No. 186, 1978)",api_listing,,,,as_made_only
404,all,https://www.legislation.gov.au/C2004A01827/2016-10-21/2016-10-21/text/original/epub,principal_act,"No. 28, 1978",Environment Protection (Alligator Rivers Region) Act 1978,C2004A01827,C2016C01109,eng,2016-10-21,consolidation,in_force,"Statute Update Act 2016 (No. 61, 2016)",api_listing,,,,
405,all,https://www.legislation.gov.au/C2004A01829/asmade/2007-02-19/text/original/pdf,principal_act,"No. 30, 1978",Environment Protection (Northern Territory Supreme Court) Act 1978,C2004A01829,C2007C00072,eng,2007-02-19,as_enacted,in_force,"Environment and Heritage Legislation Amendment Act (No. 1) 2006 (No. 165, 2006)",api_listing,,,,as_made_only
406,all,https://www.legislation.gov.au/C2004A01837/asmade/1978-06-12/text/original/pdf,principal_act,"No. 38, 1978",Ordinances and Regulations (Notification) Act 1978,C2004A01837,C2004A01837,eng,1978-06-12,as_enacted,in_force,,api_listing,,,,as_made_only
407,all,https://www.legislation.gov.au/C2004A01857/2024-12-11/2024-12-11/text/original/epub,principal_act,"No. 58, 1978",Northern Territory (Self-Government) Act 1978,C2004A01857,C2024C00815,eng,2024-12-11,consolidation,in_force,"Crown References Amendment Act 2024 (No. 115, 2024)",api_listing,,,,
408,all,https://www.legislation.gov.au/C2004A01897/2016-10-21/2016-10-21/text/original/epub,principal_act,"No. 98, 1978",Diplomatic and Consular Missions Act 1978,C2004A01897,C2016C01073,eng,2016-10-21,consolidation,in_force,"Statute Update Act 2016 (No. 61, 2016)",api_listing,,,,
409,all,https://www.legislation.gov.au/C2004A01905/asmade/1978-08-30/text/original/pdf,principal_act,"No. 106, 1978",Loan Act 1978,C2004A01905,C2004A01905,eng,1978-08-30,as_enacted,in_force,,api_listing,,,,as_made_only
410,all,https://www.legislation.gov.au/C2004A01917/2024-07-01/2024-07-01/text/original/epub,principal_act,"No. 118, 1978",Passenger Movement Charge Act 1978,C2004A01917,C2024C00239,eng,2024-07-01,consolidation,in_force,"Passenger Movement Charge Amendment Act 2024 (No. 6, 2024)",api_listing,,,,
411,all,https://www.legislation.gov.au/C2004A01918/2019-09-01/2019-09-01/text/original/epub,principal_act,"No. 119, 1978",Passenger Movement Charge Collection Act 1978,C2004A01918,C2019C00286,eng,2019-09-01,consolidation,in_force,"Home Affairs Legislation Amendment (Miscellaneous Measures) Act 2019 (No. 3, 2019)",api_listing,,,,
412,all,https://www.legislation.gov.au/C2004A01959/asmade/1978-11-28/text/original/pdf,principal_act,"No. 160, 1978",Loans (Taxation Exemption) Act 1978,C2004A01959,C2004A01959,eng,1978-11-28,as_enacted,in_force,,api_listing,,,,as_made_only
413,all,https://www.legislation.gov.au/C2004A02012/asmade/2007-03-15/text/original/pdf,principal_act,"No. 2, 1979",Commonwealth Authorities (Northern Territory Pay-roll Tax) Act 1979,C2004A02012,C2007C00136,eng,2007-03-15,as_enacted,in_force,"Statute Law Revision Act 2007 (No. 8, 2007)",api_listing,,,,as_made_only
414,all,https://www.legislation.gov.au/C2004A02028/asmade/1979-03-28/text/original/pdf,principal_act,"No. 18, 1979",Repatriation Acts Amendment Act 1979,C2004A02028,C2004A02028,eng,1979-03-28,as_enacted,in_force,,api_listing,,,,as_made_only
415,all,https://www.legislation.gov.au/C2004A02035/2024-12-11/2024-12-11/text/original/epub,principal_act,"No. 25, 1979",Norfolk Island Act 1979,C2004A02035,C2025C00004,eng,2024-12-11,consolidation,in_force,"Crown References Amendment Act 2024 (No. 115, 2024)",api_listing,,,,
416,all,https://www.legislation.gov.au/C2004A02038/asmade/1994-11-28/text/original/pdf,principal_act,"No. 28, 1979",Income Tax (Mining Withholding Tax) Act 1979,C2004A02038,C2004C00126,eng,1994-11-28,as_enacted,in_force,"Taxation Laws Amendment Act (No. 3) 1994 (No. 138, 1994)",api_listing,,,,as_made_only
417,all,https://www.legislation.gov.au/C2004A02061/asmade/1979-06-14/text/original/pdf,principal_act,"No. 51, 1979",Qantas Airways Limited (Loan Guarantee) Act 1979,C2004A02061,C2004A02061,eng,1979-06-14,as_enacted,in_force,,api_listing,,,,as_made_only
418,all,https://www.legislation.gov.au/C2004A02068/2025-11-08/2025-11-08/text/original/epub,principal_act,"No. 58, 1979",Australian Federal Police Act 1979,C2004A02068,C2025C00647,eng,2025-11-08,consolidation,in_force,"Criminal Code Amendment (State Sponsors of Terrorism) Act 2025 (No. 60, 2025)",api_listing,,,,
419,all,https://www.legislation.gov.au/C2004A02099/asmade/2008-12-10/text/original/pdf,principal_act,"No. 89, 1979",High Court Justices (Long Leave Payments) Act 1979,C2004A02099,C2008C00651,eng,2008-12-10,as_enacted,in_force,"Same-Sex Relationships (Equal Treatment in Commonwealth Laws—General Law Reform) Act 2008 (No. 144, 2008)",api_listing,,,,as_made_only
420,all,https://www.legislation.gov.au/C2004A02100/2021-09-01/2021-09-01/text/original/epub,principal_act,"No. 90, 1979",Judges (Long Leave Payments) Act 1979,C2004A02100,C2021C00494,eng,2021-09-01,consolidation,in_force,"Federal Circuit and Family Court of Australia (Consequential Amendments and Transitional Provisions) Act 2021 (No. 13, 2021)",api_listing,,,,
421,all,https://www.legislation.gov.au/C2004A02107/asmade/1979-10-17/text/original/pdf,principal_act,"No. 97, 1979",Loan Act 1979,C2004A02107,C2004A02107,eng,1979-10-17,as_enacted,in_force,,api_listing,,,,as_made_only
422,all,https://www.legislation.gov.au/C2004A02147/2026-03-28/2026-03-28/text/original/epub,principal_act,"No. 137, 1979",High Court of Australia Act 1979,C2004A02147,C2026C00135,eng,2026-03-28,consolidation,in_force,"Law and Justice Legislation Amendment (New South Wales Local Court) Act 2026 (No. 4, 2026)",api_listing,,,,
423,all,https://www.legislation.gov.au/C2004A02206/asmade/1980-03-24/text/original/pdf,principal_act,"No. 5, 1980",Loan (War Service Land Settlement) Act 1980,C2004A02206,C2004A02206,eng,1980-03-24,as_enacted,in_force,,api_listing,,,,as_made_only
424,all,https://www.legislation.gov.au/C2004A02230/asmade/1980-05-08/text/original/pdf,principal_act,"No. 29, 1980",Qantas Airways Limited (Loan Guarantee) Act 1980,C2004A02230,C2004A02230,eng,1980-05-08,as_enacted,in_force,,api_listing,,,,as_made_only
425,all,https://www.legislation.gov.au/C2004A02275/asmade/1980-05-29/text/original/pdf,principal_act,"No. 74, 1980",Northern Territory (Commonwealth Lands) Act 1980,C2004A02275,C2004A02275,eng,1980-05-29,as_enacted,in_force,,api_listing,,,,as_made_only
426,all,https://www.legislation.gov.au/C2004A02276/asmade/2008-07-01/text/original/pdf,principal_act,"No. 75, 1980",Coastal Waters (State Powers) Act 1980,C2004A02276,C2008C00193,eng,2008-07-01,as_enacted,in_force,"Offshore Petroleum (Repeals and Consequential Amendments) Act 2006 (No. 17, 2006)",api_listing,,,,as_made_only
427,all,https://www.legislation.gov.au/C2004A02277/asmade/2008-07-01/text/original/pdf,principal_act,"No. 76, 1980",Coastal Waters (Northern Territory Powers) Act 1980,C2004A02277,C2008C00194,eng,2008-07-01,as_enacted,in_force,"Offshore Petroleum (Repeals and Consequential Amendments) Act 2006 (No. 17, 2006)",api_listing,,,,as_made_only
428,all,https://www.legislation.gov.au/C2004A02278/asmade/1980-05-29/text/original/pdf,principal_act,"No. 77, 1980",Coastal Waters (State Title) Act 1980,C2004A02278,C2004A02278,eng,1980-05-29,as_enacted,in_force,,api_listing,,,,as_made_only
429,all,https://www.legislation.gov.au/C2004A02279/asmade/1980-05-29/text/original/pdf,principal_act,"No. 78, 1980",Coastal Waters (Northern Territory Title) Act 1980,C2004A02279,C2004A02279,eng,1980-05-29,as_enacted,in_force,,api_listing,,,,as_made_only
430,all,https://www.legislation.gov.au/C2004A02301/asmade/2011-12-27/text/original/pdf,principal_act,"No. 100, 1980",War Graves Act 1980,C2004A02301,C2012C00353,eng,2011-12-27,as_enacted,in_force,"Acts Interpretation Amendment Act 2011 (No. 46, 2011)",api_listing,,,,as_made_only
431,all,https://www.legislation.gov.au/C2004A02304/2024-10-14/2024-10-14/text/original/epub,principal_act,"No. 103, 1980",Antarctic Treaty (Environment Protection) Act 1980,C2004A02304,C2024C00551,eng,2024-10-14,consolidation,in_force,"Administrative Review Tribunal (Consequential and Transitional Provisions No. 2) Act 2024 (No. 39, 2024)",api_listing,,,,
432,all,https://www.legislation.gov.au/C2004A02305/2016-10-21/2016-10-21/text/original/epub,principal_act,"No. 104, 1980",Australian War Memorial Act 1980,C2004A02305,C2016C01079,eng,2016-10-21,consolidation,in_force,"Statute Update Act 2016 (No. 61, 2016)",api_listing,,,,
433,all,https://www.legislation.gov.au/C2004A02316/2021-05-01/2021-05-01/text/original/epub,principal_act,"No. 115, 1980",National Museum of Australia Act 1980,C2004A02316,C2021C00206,eng,2021-05-01,consolidation,in_force,"National Collecting Institutions Legislation Amendment Act 2021 (No. 20, 2021)",api_listing,,,,
434,all,https://www.legislation.gov.au/C2004A02321/asmade/1980-09-13/text/original/pdf,principal_act,"No. 120, 1980",Loan Act 1980,C2004A02321,C2004A02321,eng,1980-09-13,as_enacted,in_force,,api_listing,,,,as_made_only
435,all,https://www.legislation.gov.au/C2004A02352/2024-07-10/2024-07-10/text/original/epub,principal_act,"No. 151, 1980",International Monetary Agreements (Quota Increase) Act 1980,C2004A02352,C2024C00327,eng,2024-07-10,consolidation,in_force,"Treasury Laws Amendment (Delivering Better Financial Outcomes and Other Measures) Act 2024 (No. 67, 2024)",api_listing,,,,
436,all,https://www.legislation.gov.au/C2004A02357/2026-07-01/2026-07-01/text/original/epub,principal_act,"No. 156, 1980",Crimes (Taxation Offences) Act 1980,C2004A02357,C2026C00250,eng,2026-07-01,consolidation,in_force,"Treasury Laws Amendment (Payday Superannuation) Act 2025 (No. 57, 2025)",api_listing,,,,
437,all,https://www.legislation.gov.au/C2004A02362/2025-02-21/2025-02-21/text/original/epub,principal_act,"No. 161, 1980",Wine Australia Act 2013,C2004A02362,C2025C00117,eng,2025-02-21,consolidation,in_force,"Administrative Review Tribunal (Miscellaneous Measures) Act 2025 (No. 14, 2025)",api_listing,,,,
438,all,https://www.legislation.gov.au/C2004A02386/2024-10-14/2024-10-14/text/original/epub,principal_act,"No. 8, 1981",Shipping Registration Act 1981,C2004A02386,C2024C00673,eng,2024-10-14,consolidation,in_force,"Administrative Review Tribunal (Consequential and Transitional Provisions No. 1) Act 2024 (No. 38, 2024)",api_listing,,,,
439,all,https://www.legislation.gov.au/C2004A02401/2025-06-10/2025-06-10/text/original/epub,principal_act,"No. 23, 1981",Federal Proceedings (Costs) Act 1981,C2004A02401,C2025C00377,eng,2025-06-10,consolidation,in_force,"Family Law Amendment Act 2024 (No. 118, 2024)",api_listing,,,,
440,all,https://www.legislation.gov.au/C2004A02408/2024-10-14/2024-10-14/text/original/epub,principal_act,"No. 30, 1981",Antarctic Marine Living Resources Conservation Act 1981,C2004A02408,C2024C00429,eng,2024-10-14,consolidation,in_force,"Administrative Review Tribunal (Consequential and Transitional Provisions No. 1) Act 2024 (No. 38, 2024)",api_listing,,,,
441,all,https://www.legislation.gov.au/C2004A02409/2024-10-14/2024-10-14/text/original/epub,principal_act,"No. 31, 1981",Protection of the Sea (Civil Liability) Act 1981,C2004A02409,C2024C00459,eng,2024-10-14,consolidation,in_force,"Administrative Review Tribunal (Consequential and Transitional Provisions No. 1) Act 2024 (No. 38, 2024)",api_listing,,,,
442,all,https://www.legislation.gov.au/C2004A02411/2019-07-01/2019-07-01/text/original/epub,principal_act,"No. 33, 1981",Protection of the Sea (Powers of Intervention) Act 1981,C2004A02411,C2019C00190,eng,2019-07-01,consolidation,in_force,"Underwater Cultural Heritage (Consequential and Transitional Provisions) Act 2018 (No. 86, 2018)",api_listing,,,,
443,all,https://www.legislation.gov.au/C2004A02412/asmade/2005-10-05/text/original/pdf,principal_act,"No. 34, 1981",Protection of the Sea (Shipping Levy) Act 1981,C2004A02412,C2005C00614,eng,2005-10-05,as_enacted,in_force,,api_listing,,,,as_made_only
444,all,https://www.legislation.gov.au/C2004A02413/2018-05-23/2018-05-23/text/original/epub,principal_act,"No. 35, 1981",Protection of the Sea (Shipping Levy Collection) Act 1981,C2004A02413,C2018C00189,eng,2018-05-23,consolidation,in_force,"Protection of the Sea Legislation Amendment Act 2018 (No. 40, 2018)",api_listing,,,,
445,all,https://www.legislation.gov.au/C2004A02424/2016-07-01/2016-07-01/text/original/epub,principal_act,"No. 46, 1981",Customs Securities (Penalties) Act 1981,C2004A02424,C2016C00718,eng,2016-07-01,consolidation,in_force,"Territories Legislation Amendment Act 2016 (No. 33, 2016)",api_listing,,,,
446,all,https://www.legislation.gov.au/C2004A02425/2016-07-01/2016-07-01/text/original/epub,principal_act,"No. 47, 1981",Customs Undertakings (Penalties) Act 1981,C2004A02425,C2016C00690,eng,2016-07-01,consolidation,in_force,"Territories Legislation Amendment Act 2016 (No. 33, 2016)",api_listing,,,,
447,all,https://www.legislation.gov.au/C2004A02451/asmade/1990-01-17/text/original/pdf,principal_act,"No. 74, 1981",Commonwealth Functions (Statutes Review) Act 1981,C2004A02451,C2004C00357,eng,1990-01-17,as_enacted,in_force,"Primary Industries and Energy Legislation Amendment Act (No. 3) 1989 (No. 16, 1990)",api_listing,,,,as_made_only
448,all,https://www.legislation.gov.au/C2004A02459/1994-02-25/1994-02-25/text/original/epub,principal_act,"No. 82, 1981",Offshore Minerals (Royalty) Act 1981,C2004A02459,C2004C00368,eng,1994-02-25,consolidation,in_force,"Minerals (Submerged Lands) (Royalty) Amendment Act 1994 (No. 25, 1994)",api_listing,,,,
449,all,https://www.legislation.gov.au/C2004A02460/1994-02-25/1994-02-25/text/original/epub,principal_act,"No. 83, 1981",Offshore Minerals (Exploration Licence Fees) Act 1981,C2004A02460,C2004C00324,eng,1994-02-25,consolidation,in_force,"Offshore Minerals (Consequential Provisions) Act 1994 (No. 29, 1994)",api_listing,,,,
450,all,https://www.legislation.gov.au/C2004A02461/1994-02-25/1994-02-25/text/original/epub,principal_act,"No. 84, 1981",Offshore Minerals (Mining Licence Fees) Act 1981,C2004A02461,C2004C00314,eng,1994-02-25,consolidation,in_force,"Offshore Minerals (Consequential Provisions) Act 1994 (No. 29, 1994)",api_listing,,,,
451,all,https://www.legislation.gov.au/C2004A02462/asmade/1994-02-25/text/original/pdf,principal_act,"No. 85, 1981",Offshore Minerals (Works Licence Fees) Act 1981,C2004A02462,C2004C00318,eng,1994-02-25,as_enacted,in_force,"Offshore Minerals (Consequential Provisions) Act 1994 (No. 29, 1994)",api_listing,,,,as_made_only
452,all,https://www.legislation.gov.au/C2004A02463/asmade/2001-07-15/text/original/pdf,principal_act,"No. 86, 1981",Offshore Minerals (Registration Fees) Act 1981,C2004A02463,C2004C00323,eng,2001-07-15,as_enacted,in_force,"Corporations (Repeals, Consequentials and Transitionals) Act 2001 (No. 55, 2001)",api_listing,,,,as_made_only
453,all,https://www.legislation.gov.au/C2004A02470/asmade/2006-09-14/text/original/pdf,principal_act,"No. 93, 1981",Crown Debts (Priority) Act 1981,C2004A02470,C2006C00538,eng,2006-09-14,as_enacted,in_force,"Tax Laws Amendment (Repeal of Inoperative Provisions) Act 2006 (No. 101, 2006)",api_listing,,,,as_made_only
454,all,https://www.legislation.gov.au/C2004A02478/2026-07-01/2026-07-01/text/original/epub,principal_act,"No. 101, 1981",Environment Protection (Sea Dumping) Act 1981,C2004A02478,C2026C00316,eng,2026-07-01,consolidation,in_force,"Environment Protection Reform Act 2025 (No. 68, 2025)",api_listing,,,,
455,all,https://www.legislation.gov.au/C2004A02482/2023-10-18/2023-10-18/text/original/epub,principal_act,"No. 105, 1981",Lands Acquisition (Northern Territory Pastoral Leases) Act 1981,C2004A02482,C2023C00378,eng,2023-10-18,consolidation,in_force,"Statute Law Amendment (Prescribed Forms and Other Updates) Act 2023 (No. 74, 2023)",api_listing,,,,
456,all,https://www.legislation.gov.au/C2004A02489/asmade/1981-06-24/text/original/pdf,principal_act,"No. 112, 1981",Income Tax (Diverted Income) Act 1981,C2004A02489,C2004A02489,eng,1981-06-24,as_enacted,in_force,,api_listing,,,,as_made_only
457,all,https://www.legislation.gov.au/C2004A02499/2018-05-11/2018-05-11/text/original/epub,principal_act,"No. 122, 1981",Crimes (Currency) Act 1981,C2004A02499,C2018C00182,eng,2018-05-11,consolidation,in_force,"Home Affairs and Integrity Agencies Legislation Amendment Act 2018 (No. 31, 2018)",api_listing,,,,
458,all,https://www.legislation.gov.au/C2004A02525/2016-10-21/2016-10-21/text/original/epub,principal_act,"No. 148, 1981",Epidemiological Studies (Confidentiality) Act 1981,C2004A02525,C2016C01092,eng,2016-10-21,consolidation,in_force,"Statute Update Act 2016 (No. 61, 2016)",api_listing,,,,
459,all,https://www.legislation.gov.au/C2004A02560/2019-01-25/2019-01-25/text/original/epub,principal_act,"No. 1, 1982",Domicile Act 1982,C2004A02560,C2019C00077,eng,2019-01-25,consolidation,in_force,"Civil Law and Justice Legislation Amendment Act 2018 (No. 130, 2018)",api_listing,,,,
460,all,https://www.legislation.gov.au/C2004A02562/2026-01-01/2026-01-01/text/original/epub,principal_act,"No. 3, 1982",Freedom of Information Act 1982,C2004A02562,C2026C00020,eng,2026-01-01,consolidation,in_force,"Australian Centre for Disease Control (Consequential Amendments and Transitional Provisions) Act 2025 (No. 62, 2025)",api_listing,,,,
461,all,https://www.legislation.gov.au/C2004A02568/2026-03-27/2026-03-27/text/original/epub,principal_act,"No. 9, 1982",Australian Centre for International Agricultural Research Act 1982,C2004A02568,C2026C00143,eng,2026-03-27,consolidation,in_force,"Commonwealth Entities Legislation Amendment Act 2026 (No. 13, 2026)",api_listing,,,,
462,all,https://www.legislation.gov.au/C2004A02638/asmade/2011-12-27/text/original/pdf,principal_act,"No. 79, 1982",Special Prosecutors Act 1982,C2004A02638,C2012C00358,eng,2011-12-27,as_enacted,in_force,"Acts Interpretation Amendment Act 2011 (No. 46, 2011)",api_listing,,,,as_made_only
463,all,https://www.legislation.gov.au/C2004A02654/asmade/1982-10-06/text/original/pdf,principal_act,"No. 95, 1982",Air Navigation Legislation (Validation and Interpretation) Act 1982,C2004A02654,C2004A02654,eng,1982-10-06,as_enacted,in_force,,api_listing,,,,as_made_only
464,all,https://www.legislation.gov.au/C2004A02711/2026-07-01/2026-07-01/text/original/epub,principal_act,"No. 152, 1982",Defence Force Discipline Act 1982,C2004A02711,C2026C00286,eng,2026-07-01,consolidation,in_force,"Veterans’ Entitlements, Treatment and Support (Simplification and Harmonisation) Act 2025 (No. 17, 2025)",api_listing,,,,
465,all,https://www.legislation.gov.au/C2004A02723/2022-02-18/2022-02-18/text/original/epub,principal_act,"No. 6, 1983",Australian Broadcasting Corporation Act 1983,C2004A02723,C2022C00075,eng,2022-02-18,consolidation,in_force,"Electoral Legislation Amendment (Authorisations) Act 2022 (No. 4, 2022)",api_listing,,,,
466,all,https://www.legislation.gov.au/C2004A02724/asmade/2014-10-17/text/original/pdf,principal_act,"No. 7, 1983",Australian Broadcasting Corporation (Transitional Provisions and Consequential Amendments) Act 1983,C2004A02724,C2014C00762,eng,2014-10-17,as_enacted,in_force,"Omnibus Repeal Day (Autumn 2014) Act 2014 (No. 109, 2014)",api_listing,,,,as_made_only
467,all,https://www.legislation.gov.au/C2004A02729/2024-10-14/2024-10-14/text/original/epub,principal_act,"No. 12, 1983",Taxation (Interest on Overpayments and Early Payments) Act 1983,C2004A02729,C2024C00692,eng,2024-10-14,consolidation,in_force,"Administrative Review Tribunal (Consequential and Transitional Provisions No. 1) Act 2024 (No. 38, 2024)",api_listing,,,,
468,all,https://www.legislation.gov.au/C2004A02758/2024-10-14/2024-10-14/text/original/epub,principal_act,"No. 41, 1983",Protection of the Sea (Prevention of Pollution from Ships) Act 1983,C2004A02758,C2024C00540,eng,2024-10-14,consolidation,in_force,"Administrative Review Tribunal (Consequential and Transitional Provisions No. 1) Act 2024 (No. 38, 2024)",api_listing,,,,
469,all,https://www.legislation.gov.au/C2004A02796/2026-06-01/2026-06-01/text/original/epub,principal_act,"No. 79, 1983",Archives Act 1983,C2004A02796,C2026C00223,eng,2026-06-01,consolidation,in_force,"Defence and Veterans’ Service Commissioner (Consequential and Transitional Provisions) Act 2026 (No. 28, 2026)",api_listing,,,,
470,all,https://www.legislation.gov.au/C2004A02812/2024-12-11/2024-12-11/text/original/epub,principal_act,"No. 95, 1983",Transfer of Prisoners Act 1983,C2004A02812,C2024C00810,eng,2024-12-11,consolidation,in_force,"Crown References Amendment Act 2024 (No. 115, 2024)",api_listing,,,,
471,all,https://www.legislation.gov.au/C2004A02826/asmade/1985-06-04/text/original/pdf,principal_act,"No. 109, 1983",Representation Act 1983,C2004A02826,C2004C00214,eng,1985-06-04,as_enacted,in_force,"Representation Amendment Act 1985 (No. 58, 1985)",api_listing,,,,as_made_only
472,all,https://www.legislation.gov.au/C2004A02830/2026-08-27/2026-08-27/text/original/epub,principal_act,"No. 113, 1983",Director of Public Prosecutions Act 1983,C2004A02830,C2026C00395,eng,2026-08-27,consolidation,in_force,"Crimes and Other Legislation Amendment (Omnibus No. 1) Act 2026 (No. 70, 2026)",api_listing,,,,
473,all,https://www.legislation.gov.au/C2004A02849/2021-06-17/2021-06-17/text/original/epub,principal_act,"No. 132, 1983",Radiocommunications (Receiver Licence Tax) Act 1983,C2004A02849,C2021C00263,eng,2021-06-17,consolidation,in_force,"Radiocommunications (Receiver Licence Tax) Amendment Act 2020 (No. 152, 2020)",api_listing,,,,
474,all,https://www.legislation.gov.au/C2004A02850/2019-03-02/2019-03-02/text/original/epub,principal_act,"No. 133, 1983",Radiocommunications Taxes Collection Act 1983,C2004A02850,C2019C00099,eng,2019-03-02,consolidation,in_force,"Telecommunications Legislation Amendment Act 2019 (No. 6, 2019)",api_listing,,,,
475,all,https://www.legislation.gov.au/C2004A02854/2021-06-17/2021-06-17/text/original/epub,principal_act,"No. 137, 1983",Radiocommunications (Transmitter Licence Tax) Act 1983,C2004A02854,C2021C00245,eng,2021-06-17,consolidation,in_force,"Radiocommunications (Transmitter Licence Tax) Amendment Act 2020 (No. 153, 2020)",api_listing,,,,
476,all,https://www.legislation.gov.au/C2004A02864/asmade/1983-12-22/text/original/pdf,principal_act,"No. 147, 1983",Postal and Telecommunications Amendment Act 1983,C2004A02864,C2004A02864,eng,1983-12-22,as_enacted,in_force,,api_listing,,,,as_made_only
477,all,https://www.legislation.gov.au/C2004A02867/2016-10-21/2016-10-21/text/original/epub,principal_act,"No. 3, 1984",Foreign Proceedings (Excess of Jurisdiction) Act 1984,C2004A02867,C2016C01084,eng,2016-10-21,consolidation,in_force,"Statute Update Act 2016 (No. 61, 2016)",api_listing,,,,
478,all,https://www.legislation.gov.au/C2004A02868/2025-11-01/2025-11-01/text/original/epub,principal_act,"No. 4, 1984",Sex Discrimination Act 1984,C2004A02868,C2025C00597,eng,2025-11-01,consolidation,in_force,"Aged Care and Other Legislation Amendment Act 2025 (No. 45, 2025)",api_listing,,,,
479,all,https://www.legislation.gov.au/C2004A02869/2025-12-05/2025-12-05/text/original/epub,principal_act,"No. 5, 1984",Liquid Fuel Emergency Act 1984,C2004A02869,C2025C00687,eng,2025-12-05,consolidation,in_force,"Regulatory Reform Omnibus Act 2025 (No. 73, 2025)",api_listing,,,,
480,all,https://www.legislation.gov.au/C2004A02884/asmade/2015-12-10/text/original/pdf,principal_act,"No. 20, 1984",Advance Australia Logo Protection Act 1984,C2004A02884,C2015C00626,eng,2015-12-10,as_enacted,in_force,"Statute Law Revision Act (No. 2) 2015 (No. 145, 2015)",api_listing,,,,as_made_only
481,all,https://www.legislation.gov.au/C2004A02887/2024-10-14/2024-10-14/text/original/epub,principal_act,"No. 23, 1984",Torres Strait Fisheries Act 1984,C2004A02887,C2024C00644,eng,2024-10-14,consolidation,in_force,"Administrative Review Tribunal (Consequential and Transitional Provisions No. 1) Act 2024 (No. 38, 2024)",api_listing,,,,
482,all,https://www.legislation.gov.au/C2004A02905/2026-06-04/2026-06-04/text/original/epub,principal_act,"No. 41, 1984",Australian Crime Commission Act 2002,C2004A02905,C2026C00222,eng,2026-06-04,consolidation,in_force,"Strengthening Oversight of the National Intelligence Community Act 2025 (No. 75, 2025)",api_listing,,,,
483,all,https://www.legislation.gov.au/C2004A02908/2026-07-01/2026-07-01/text/original/epub,principal_act,"No. 44, 1984",Referendum (Machinery Provisions) Act 1984,C2004A02908,C2026C00258,eng,2026-07-01,consolidation,in_force,"Electoral Legislation Amendment (Electoral Reform) Act 2025 (No. 16, 2025)",api_listing,,,,
484,all,https://www.legislation.gov.au/C2004A02928/2026-03-14/2026-03-14/text/original/epub,principal_act,"No. 64, 1984",Members of Parliament (Staff) Act 1984,C2004A02928,C2026C00093,eng,2026-03-14,consolidation,in_force,"Parliamentary Frameworks Legislation Amendment (Reviews) Act 2026 (No. 11, 2026)",api_listing,,,,
485,all,https://www.legislation.gov.au/C2004A02943/2016-10-21/2016-10-21/text/original/epub,principal_act,"No. 79, 1984",Aboriginal and Torres Strait Islander Heritage Protection Act 1984,C2004A02943,C2016C00937,eng,2016-10-21,consolidation,in_force,"Statute Update Act 2016 (No. 61, 2016)",api_listing,,,,
486,all,https://www.legislation.gov.au/C2004A02944/2024-03-01/2024-03-01/text/original/epub,principal_act,"No. 80, 1984",Insurance Contracts Act 1984,C2004A02944,C2024C00063,eng,2024-03-01,consolidation,in_force,"Treasury Laws Amendment (2023 Law Improvement Package No. 1) Act 2023 (No. 76, 2023)",api_listing,,,,
487,all,https://www.legislation.gov.au/C2004A02968/2021-09-01/2021-09-01/text/original/epub,principal_act,"No. 104, 1984",Judicial and Statutory Officers (Remuneration and Allowances) Act 1984,C2004A02968,C2021C00464,eng,2021-09-01,consolidation,in_force,"Federal Circuit and Family Court of Australia (Consequential Amendments and Transitional Provisions) Act 2021 (No. 13, 2021)",api_listing,,,,
488,all,https://www.legislation.gov.au/C2004A02969/asmade/2011-09-16/text/original/pdf,principal_act,"No. 105, 1984",National Crime Authority (Status and Rights of Former Chairman) Act 1984,C2004A02969,C2011C00791,eng,2011-09-16,as_enacted,in_force,"Statute Stocktake Act (No. 1) 2011 (No. 100, 2011)",api_listing,,,,as_made_only
489,all,https://www.legislation.gov.au/C2004A02973/asmade/1984-10-17/text/original/pdf,principal_act,"No. 109, 1984",Qantas Airways Limited (Loan Guarantee) Act 1984,C2004A02973,C2004A02973,eng,1984-10-17,as_enacted,in_force,,api_listing,,,,as_made_only
490,all,https://www.legislation.gov.au/C2004A03003/2024-10-14/2024-10-14/text/original/epub,principal_act,"No. 139, 1984",Biological Control Act 1984,C2004A03003,C2024C00487,eng,2024-10-14,consolidation,in_force,"Administrative Review Tribunal (Consequential and Transitional Provisions No. 1) Act 2024 (No. 38, 2024)",api_listing,,,,
491,all,https://www.legislation.gov.au/C2004A03015/2016-03-05/2016-03-05/text/original/epub,principal_act,"No. 151, 1984",Fisheries Levy Act 1984,C2004A03015,C2016C00295,eng,2016-03-05,consolidation,in_force,"Acts and Instruments (Framework Reform) (Consequential Provisions) Act 2015 (No. 126, 2015)",api_listing,,,,
492,all,https://www.legislation.gov.au/C2004A03033/2024-10-14/2024-10-14/text/original/epub,principal_act,"No. 169, 1984",Registration of Deaths Abroad Act 1984,C2004A03033,C2024C00565,eng,2024-10-14,consolidation,in_force,"Administrative Review Tribunal (Consequential and Transitional Provisions No. 1) Act 2024 (No. 38, 2024)",api_listing,,,,
493,all,https://www.legislation.gov.au/C2004A03042/asmade/2014-06-25/text/original/pdf,principal_act,"No. 3, 1985",Trust Recoupment Tax Act 1985,C2004A03042,C2014C00331,eng,2014-06-25,as_enacted,in_force,"Trust Recoupment Tax Amendment (Temporary Budget Repair Levy) Act 2014 (No. 50, 2014)",api_listing,,,,as_made_only
494,all,https://www.legislation.gov.au/C2004A03048/2016-10-21/2016-10-21/text/original/epub,principal_act,"No. 9, 1985",Trust Recoupment Tax Assessment Act 1985,C2004A03048,C2016C00969,eng,2016-10-21,consolidation,in_force,"Statute Update Act 2016 (No. 61, 2016)",api_listing,,,,
495,all,https://www.legislation.gov.au/C2004A03131/2016-10-21/2016-10-21/text/original/epub,principal_act,"No. 92, 1985",Building Industry Act 1985,C2004A03131,C2016C01029,eng,2016-10-21,consolidation,in_force,"Statute Update Act 2016 (No. 61, 2016)",api_listing,,,,
496,all,https://www.legislation.gov.au/C2004A03148/asmade/1985-10-16/text/original/pdf,principal_act,"No. 109, 1985",Petermann Aboriginal Land Trust (Boundaries) Act 1985,C2004A03148,C2004A03148,eng,1985-10-16,as_enacted,in_force,,api_listing,,,,as_made_only
497,all,https://www.legislation.gov.au/C2004A03153/asmade/1985-10-21/text/original/pdf,principal_act,"No. 114, 1985",Qantas Airways Limited (Loan Guarantee) Act 1985,C2004A03153,C2004A03153,eng,1985-10-21,as_enacted,in_force,,api_listing,,,,as_made_only
498,all,https://www.legislation.gov.au/C2004A03181/asmade/1985-12-04/text/original/pdf,principal_act,"No. 142, 1985",Australia Act 1986,C2004A03181,C2004A03181,eng,1985-12-04,as_enacted,in_force,,api_listing,,,,as_made_only
499,all,https://www.legislation.gov.au/C2004A03182/asmade/1985-12-04/text/original/pdf,principal_act,"No. 143, 1985",Australia (Request and Consent) Act 1985,C2004A03182,C2004A03182,eng,1985-12-04,as_enacted,in_force,,api_listing,,,,as_made_only
500,all,https://www.legislation.gov.au/C2004A03223/2025-11-01/2025-11-01/text/original/epub,principal_act,"No. 184, 1985",Home and Community Care Act 1985,C2004A03223,C2025C00614,eng,2025-11-01,consolidation,in_force,"Aged Care and Other Legislation Amendment Act 2025 (No. 45, 2025)",api_listing,,,,
501,all,https://www.legislation.gov.au/C2004A03225/2026-03-27/2026-03-27/text/original/epub,principal_act,"No. 186, 1985",Australian Trade and Investment Commission Act 1985,C2004A03225,C2026C00130,eng,2026-03-27,consolidation,in_force,"Commonwealth Entities Legislation Amendment Act 2026 (No. 13, 2026)",api_listing,,,,
502,all,https://www.legislation.gov.au/C2004A03226/asmade/1985-12-16/text/original/pdf,principal_act,"No. 187, 1985",Australian Trade Commission (Transitional Provisions and Consequential Amendments) Act 1985,C2004A03226,C2004A03226,eng,1985-12-16,as_enacted,in_force,,api_listing,,,,as_made_only
503,all,https://www.legislation.gov.au/C2004A03227/asmade/2008-10-18/text/original/pdf,principal_act,"No. 188, 1985",Petroleum Revenue Act 1985,C2004A03227,C2008C00563,eng,2008-10-18,as_enacted,in_force,"Excise Legislation Amendment (Condensate) Act 2008 (No. 108, 2008)",api_listing,,,,as_made_only
504,all,https://www.legislation.gov.au/C2004A03235/2025-11-08/2025-11-08/text/original/epub,principal_act,"No. 196, 1985",Foreign States Immunities Act 1985,C2004A03235,C2025C00636,eng,2025-11-08,consolidation,in_force,"Criminal Code Amendment (State Sponsors of Terrorism) Act 2025 (No. 60, 2025)",api_listing,,,,
505,all,https://www.legislation.gov.au/C2004A03239/2024-10-14/2024-10-14/text/original/epub,principal_act,"No. 200, 1985",Public Lending Right Act 1985,C2004A03239,C2024C00712,eng,2024-10-14,consolidation,in_force,"Administrative Review Tribunal (Consequential and Transitional Provisions No. 1) Act 2024 (No. 38, 2024)",api_listing,,,,
506,all,https://www.legislation.gov.au/C2004A03247/asmade/1986-04-14/text/original/pdf,principal_act,"No. 6, 1986",Builders Labourers' Federation (Cancellation of Registration) Act 1986,C2004A03247,C2004A03247,eng,1986-04-14,as_enacted,in_force,,api_listing,,,,as_made_only
507,all,https://www.legislation.gov.au/C2004A03248/asmade/2009-07-01/text/original/pdf,principal_act,"No. 7, 1986",Builders Labourers' Federation (Cancellation of Registration—Consequential Provisions) Act 1986,C2004A03248,C2009C00283,eng,2009-07-01,as_enacted,in_force,"Fair Work (State Referral and Consequential and Other Amendments) Regulations 2009 (No. 165, 2009)",api_listing,,,,as_made_only
508,all,https://www.legislation.gov.au/C2004A03252/2024-10-14/2024-10-14/text/original/epub,principal_act,"No. 11, 1986",Protection of Movable Cultural Heritage Act 1986,C2004A03252,C2024C00629,eng,2024-10-14,consolidation,in_force,"Administrative Review Tribunal (Consequential and Transitional Provisions No. 1) Act 2024 (No. 38, 2024)",api_listing,,,,
509,all,https://www.legislation.gov.au/C2004A03268/2026-07-01/2026-07-01/text/original/epub,principal_act,"No. 27, 1986",Veterans' Entitlements Act 1986,C2004A03268,C2026C00275,eng,2026-07-01,consolidation,in_force,"Veterans’ Affairs Legislation Amendment (Miscellaneous Measures No. 2) Act 2026 (No. 31, 2026)",api_listing,,,,
510,all,https://www.legislation.gov.au/C2004A03269/1997-07-01/1997-07-01/text/original/epub,principal_act,"No. 28, 1986",Veterans' Entitlements (Transitional Provisions and Consequential Amendments) Act 1986,C2004A03269,C2016C00143,eng,1997-07-01,consolidation,in_force,"Veterans' Affairs Legislation Amendment (Budget and Compensation Measures) Act 1997 (No. 157, 1997)",api_listing,,,,
511,all,https://www.legislation.gov.au/C2004A03280/2026-07-01/2026-07-01/text/original/epub,principal_act,"No. 39, 1986",Fringe Benefits Tax Assessment Act 1986,C2004A03280,C2026C00332,eng,2026-07-01,consolidation,in_force,"Treasury Laws Amendment (Tax Reform No. 1) Act 2026 (No. 49, 2026)",api_listing,,,,
512,all,https://www.legislation.gov.au/C2004A03281/2018-06-19/2018-06-19/text/original/epub,principal_act,"No. 40, 1986",Fringe Benefits Tax Act 1986,C2004A03281,C2018C00240,eng,2018-06-19,consolidation,in_force,"Statute Update (Autumn 2018) Act 2018 (No. 41, 2018)",api_listing,,,,
513,all,https://www.legislation.gov.au/C2004A03283/asmade/2014-07-01/text/original/pdf,principal_act,"No. 42, 1986",Fringe Benefits Tax (Application to the Commonwealth) Act 1986,C2004A03283,C2014C00574,eng,2014-07-01,as_enacted,in_force,"Public Governance, Performance and Accountability (Consequential and Transitional Provisions) Act 2014 (No. 62, 2014)",api_listing,,,,as_made_only
514,all,https://www.legislation.gov.au/C2004A03291/asmade/1986-06-24/text/original/pdf,principal_act,"No. 50, 1986",Income Tax (Securities and Agreements) (Withholding Tax Recoupment) Act 1986,C2004A03291,C2004A03291,eng,1986-06-24,as_enacted,in_force,,api_listing,,,,as_made_only
515,all,https://www.legislation.gov.au/C2004A03330/2025-02-21/2025-02-21/text/original/epub,principal_act,"No. 89, 1986",Industry Research and Development Act 1986,C2004A03330,C2025C00119,eng,2025-02-21,consolidation,in_force,"Administrative Review Tribunal (Miscellaneous Measures) Act 2025 (No. 14, 2025)",api_listing,,,,
516,all,https://www.legislation.gov.au/C2004A03332/2025-04-04/2025-04-04/text/original/epub,principal_act,"No. 91, 1986",Workplace Gender Equality Act 2012,C2004A03332,C2025C00286,eng,2025-04-04,consolidation,in_force,"Workplace Gender Equality Amendment (Setting Gender Equality Targets) Act 2025 (No. 25, 2025)",api_listing,,,,
517,all,https://www.legislation.gov.au/C2004A03333/2016-10-21/2016-10-21/text/original/epub,principal_act,"No. 92, 1986",Parliamentary Commission of Inquiry (Repeal) Act 1986,C2004A03333,C2016C01044,eng,2016-10-21,consolidation,in_force,"Statute Update Act 2016 (No. 61, 2016)",api_listing,,,,
518,all,https://www.legislation.gov.au/C2004A03342/2026-06-04/2026-06-04/text/original/epub,principal_act,"No. 101, 1986",Inspector-General of Intelligence and Security Act 1986,C2004A03342,C2026C00233,eng,2026-06-04,consolidation,in_force,"Strengthening Oversight of the National Intelligence Community Act 2025 (No. 75, 2025)",api_listing,,,,
519,all,https://www.legislation.gov.au/C2004A03346/asmade/1986-07-01/text/original/pdf,principal_act,"No. 105, 1986",Remuneration and Allowances Alteration Act 1986,C2004A03346,C2004A03346,eng,1986-07-01,as_enacted,in_force,,api_listing,,,,as_made_only
520,all,https://www.legislation.gov.au/C2004A03348/2026-07-01/2026-07-01/text/original/epub,principal_act,"No. 107, 1986",Income Tax Rates Act 1986,C2004A03348,C2026C00300,eng,2026-07-01,consolidation,in_force,"Income Tax Rates Amendment (Tax Reform No. 1) Act 2026 (No. 50, 2026)",api_listing,,,,
521,all,https://www.legislation.gov.au/C2004A03349/2016-05-05/2016-05-05/text/original/epub,principal_act,"No. 108, 1986",Income Tax Act 1986,C2004A03349,C2016C00461,eng,2016-05-05,consolidation,in_force,"Tax Laws Amendment (New Tax System for Managed Investment Trusts) Act 2016 (No. 53, 2016)",api_listing,,,,
522,all,https://www.legislation.gov.au/C2004A03351/2026-07-01/2026-07-01/text/original/epub,principal_act,"No. 110, 1986",Medicare Levy Act 1986,C2004A03351,C2026C00295,eng,2026-07-01,consolidation,in_force,"Treasury Laws Amendment (Delivering an Efficient and Trusted Tax System) Act 2026 (No. 58, 2026)",api_listing,,,,
523,all,https://www.legislation.gov.au/C2004A03366/2026-06-04/2026-06-04/text/original/epub,principal_act,"No. 125, 1986",Australian Human Rights Commission Act 1986,C2004A03366,C2026C00214,eng,2026-06-04,consolidation,in_force,"Strengthening Oversight of the National Intelligence Community Act 2025 (No. 75, 2025)",api_listing,,,,
524,all,https://www.legislation.gov.au/C2004A03367/asmade/1986-12-06/text/original/pdf,principal_act,"No. 126, 1986",Human Rights and Equal Opportunity Commission (Transitional Provisions and Consequential Amendments) Act 1986,C2004A03367,C2004A03367,eng,1986-12-06,as_enacted,in_force,,api_listing,,,,as_made_only
525,all,https://www.legislation.gov.au/C2004A03381/2016-10-21/2016-10-21/text/original/epub,principal_act,"No. 140, 1986",South Pacific Nuclear Free Zone Treaty Act 1986,C2004A03381,C2016C00940,eng,2016-10-21,consolidation,in_force,"Statute Update Act 2016 (No. 61, 2016)",api_listing,,,,
526,all,https://www.legislation.gov.au/C2004A03386/2017-03-01/2017-03-01/text/original/epub,principal_act,"No. 145, 1986",Cheques Act 1986,C2004A03386,C2017C00074,eng,2017-03-01,consolidation,in_force,"Insolvency Law Reform Act 2016 (No. 11, 2016)",api_listing,,,,
527,all,https://www.legislation.gov.au/C2004A03405/2023-08-22/2023-08-22/text/original/epub,principal_act,"No. 164, 1986",Aboriginal Land and Waters (Jervis Bay Territory) Act 1986,C2004A03405,C2023C00222,eng,2023-08-22,consolidation,in_force,"Aboriginal Land Grant (Jervis Bay Territory) Amendment (Strengthening Land and Governance Provisions) Act 2023 (No. 57, 2023)",api_listing,,,,
528,all,https://www.legislation.gov.au/C2004A03412/2017-09-19/2017-09-19/text/original/epub,principal_act,"No. 3, 1987",Australian Nuclear Science and Technology Organisation Act 1987,C2004A03412,C2017C00304,eng,2017-09-19,consolidation,in_force,"Australian Nuclear Science and Technology Organisation Amendment Act 2017 (No. 109, 2017)",api_listing,,,,
529,all,https://www.legislation.gov.au/C2004A03417/2026-03-27/2026-03-27/text/original/epub,principal_act,"No. 8, 1987",Nuclear Non-Proliferation (Safeguards) Act 1987,C2004A03417,C2026C00177,eng,2026-03-27,consolidation,in_force,"Commonwealth Entities Legislation Amendment Act 2026 (No. 13, 2026)",api_listing,,,,
530,all,https://www.legislation.gov.au/C2004A03429/2018-06-19/2018-06-19/text/original/epub,principal_act,"No. 20, 1987",Equal Employment Opportunity (Commonwealth Authorities) Act 1987,C2004A03429,C2018C00220,eng,2018-06-19,consolidation,in_force,"Statute Update (Autumn 2018) Act 2018 (No. 41, 2018)",api_listing,,,,
531,all,https://www.legislation.gov.au/C2004A03430/2016-10-21/2016-10-21/text/original/epub,principal_act,"No. 21, 1987",Parliamentary Privileges Act 1987,C2004A03430,C2016C00951,eng,2016-10-21,consolidation,in_force,"Statute Update Act 2016 (No. 61, 2016)",api_listing,,,,
532,all,https://www.legislation.gov.au/C2004A03433/2023-02-06/2023-02-06/text/original/epub,principal_act,"No. 24, 1987",Jurisdiction of Courts (Cross-vesting) Act 1987,C2004A03433,C2023C00038,eng,2023-02-06,consolidation,in_force,"Fair Work Legislation Amendment (Secure Jobs, Better Pay) Act 2022 (No. 79, 2022)",api_listing,,,,
533,all,https://www.legislation.gov.au/C2004A03436/2023-11-18/2023-11-18/text/original/epub,principal_act,"No. 27, 1987",Olympic Insignia Protection Act 1987,C2004A03436,C2023C00446,eng,2023-11-18,consolidation,in_force,"Intellectual Property Laws Amendment (Regulator Performance) Act 2023 (No. 91, 2023)",api_listing,,,,
534,all,https://www.legislation.gov.au/C2004A03443/2016-10-21/2016-10-21/text/original/epub,principal_act,"No. 34, 1987",Aboriginal Land (Lake Condah and Framlingham Forest) Act 1987,C2004A03443,C2016C00958,eng,2016-10-21,consolidation,in_force,"Statute Update Act 2016 (No. 61, 2016)",api_listing,,,,
535,all,https://www.legislation.gov.au/C2004A03450/2018-11-27/2018-11-27/text/original/epub,principal_act,"No. 41, 1987",Australian Institute of Health and Welfare Act 1987,C2004A03450,C2018C00474,eng,2018-11-27,consolidation,in_force,"Australian Institute of Health and Welfare Amendment Act 2018 (No. 105, 2018)",api_listing,,,,
536,all,https://www.legislation.gov.au/C2004A03494/2026-08-27/2026-08-27/text/original/epub,principal_act,"No. 85, 1987",Mutual Assistance in Criminal Matters Act 1987,C2004A03494,C2026C00386,eng,2026-08-27,consolidation,in_force,"Combatting Illicit Tobacco Act 2026 (No. 82, 2026)",api_listing,,,,
537,all,https://www.legislation.gov.au/C2004A03496/2018-05-11/2018-05-11/text/original/epub,principal_act,"No. 87, 1987",Proceeds of Crime Act 1987,C2004A03496,C2018C00169,eng,2018-05-11,consolidation,in_force,"Home Affairs and Integrity Agencies Legislation Amendment Act 2018 (No. 31, 2018)",api_listing,,,,
538,all,https://www.legislation.gov.au/C2004A03502/asmade/1987-10-28/text/original/pdf,principal_act,"No. 93, 1987",Loan Act 1987,C2004A03502,C2004A03502,eng,1987-10-28,as_enacted,in_force,,api_listing,,,,as_made_only
539,all,https://www.legislation.gov.au/C2004A03506/2025-02-21/2025-02-21/text/original/epub,principal_act,"No. 97, 1987",Superannuation (Self Managed Superannuation Funds) Taxation Act 1987,C2004A03506,C2025C00124,eng,2025-02-21,consolidation,in_force,"Administrative Review Tribunal (Miscellaneous Measures) Act 2025 (No. 14, 2025)",api_listing,,,,
540,all,https://www.legislation.gov.au/C2004A03510/2025-08-29/2025-08-29/text/original/epub,principal_act,"No. 101, 1987",Defence Housing Australia Act 1987,C2004A03510,C2025C00505,eng,2025-08-29,consolidation,in_force,"Defence Housing Australia Amendment Act 2025 (No. 36, 2025)",api_listing,,,,
541,all,https://www.legislation.gov.au/C2004A03511/2024-10-14/2024-10-14/text/original/epub,principal_act,"No. 102, 1987",Sea Installations Act 1987,C2004A03511,C2024C00547,eng,2024-10-14,consolidation,in_force,"Administrative Review Tribunal (Consequential and Transitional Provisions No. 1) Act 2024 (No. 38, 2024)",api_listing,,,,
542,all,https://www.legislation.gov.au/C2004A03551/2024-12-11/2024-12-11/text/original/epub,principal_act,"No. 142, 1987",Petroleum Resource Rent Tax Assessment Act 1987,C2004A03551,C2024C00818,eng,2024-12-11,consolidation,in_force,"Treasury Laws Amendment (Fairer for Families and Farmers and Other Measures) Act 2024 (No. 136, 2024)",api_listing,,,,
543,all,https://www.legislation.gov.au/C2004A03553/asmade/1987-12-18/text/original/pdf,principal_act,"No. 144, 1987",Petroleum Resource Rent Tax (Interest on Underpayments) Act 1987,C2004A03553,C2004A03553,eng,1987-12-18,as_enacted,in_force,,api_listing,,,,as_made_only
544,all,https://www.legislation.gov.au/C2004A03558/2025-02-21/2025-02-21/text/original/epub,principal_act,"No. 149, 1987",Petroleum Excise (Prices) Act 1987,C2004A03558,C2025C00166,eng,2025-02-21,consolidation,in_force,"Administrative Review Tribunal (Miscellaneous Measures) Act 2025 (No. 14, 2025)",api_listing,,,,
545,all,https://www.legislation.gov.au/C2004A03596/2026-07-01/2026-07-01/text/original/epub,principal_act,"No. 3, 1988",Child Support (Registration and Collection) Act 1988,C2004A03596,C2026C00287,eng,2026-07-01,consolidation,in_force,"Veterans’ Entitlements, Treatment and Support (Simplification and Harmonisation) Act 2025 (No. 17, 2025)",api_listing,,,,
546,all,https://www.legislation.gov.au/C2004A03597/2026-08-27/2026-08-27/text/original/epub,principal_act,"No. 4, 1988",Extradition Act 1988,C2004A03597,C2026C00379,eng,2026-08-27,consolidation,in_force,"Crimes and Other Legislation Amendment (Omnibus No. 1) Act 2026 (No. 70, 2026)",api_listing,,,,
547,all,https://www.legislation.gov.au/C2004A03599/asmade/2012-09-22/text/original/pdf,principal_act,"No. 6, 1988",Australian Airlines (Conversion to Public Company) Act 1988,C2004A03599,C2012C00793,eng,2012-09-22,as_enacted,in_force,"Statute Law Revision Act 2012 (No. 136, 2012)",api_listing,,,,as_made_only
548,all,https://www.legislation.gov.au/C2004A03602/asmade/2004-07-01/text/original/pdf,principal_act,"No. 9, 1988",Parliamentary Precincts Act 1988,C2004A03602,C2004C00719,eng,2004-07-01,as_enacted,in_force,"Australian Federal Police and Other Legislation Amendment Act 2004 (No. 64, 2004)",api_listing,,,,as_made_only
549,all,https://www.legislation.gov.au/C2004A03605/2015-12-10/2015-12-10/text/original/epub,principal_act,"No. 12, 1988",Income Tax (Offshore Banking Units) (Withholding Tax Recoupment) Act 1988,C2004A03605,C2016C00061,eng,2015-12-10,consolidation,in_force,"Statute Law Revision Act (No. 2) 2015 (No. 145, 2015)",api_listing,,,,
550,all,https://www.legislation.gov.au/C2004A03616/2024-07-10/2024-07-10/text/original/epub,principal_act,"No. 23, 1988",International Bank for Reconstruction and Development (Share Increase) Act 1988,C2004A03616,C2024C00321,eng,2024-07-10,consolidation,in_force,"Treasury Laws Amendment (Delivering Better Financial Outcomes and Other Measures) Act 2024 (No. 67, 2024)",api_listing,,,,
551,all,https://www.legislation.gov.au/C2004A03627/2022-02-18/2022-02-18/text/original/epub,principal_act,"No. 34, 1988",Admiralty Act 1988,C2004A03627,C2022C00080,eng,2022-02-18,consolidation,in_force,"Courts and Tribunals Legislation Amendment (2021 Measures No. 1) Act 2022 (No. 3, 2022)",api_listing,,,,
552,all,https://www.legislation.gov.au/C2004A03647/asmade/2013-12-01/text/original/pdf,principal_act,"No. 54, 1988",Aviation Fuel Revenues (Special Appropriation) Act 1988,C2004A03647,C2014C00700,eng,2013-12-01,as_enacted,in_force,"Tax and Superannuation Laws Amendment (2014 Measures No. 4) Act 2014 (No. 110, 2014)",api_listing,,,,as_made_only
553,all,https://www.legislation.gov.au/C2004A03656/2024-10-14/2024-10-14/text/original/epub,principal_act,"No. 63, 1988",Civil Aviation Act 1988,C2004A03656,C2024C00556,eng,2024-10-14,consolidation,in_force,"Administrative Review Tribunal (Consequential and Transitional Provisions No. 2) Act 2024 (No. 39, 2024)",api_listing,,,,
554,all,https://www.legislation.gov.au/C2004A03663/2026-07-01/2026-07-01/text/original/epub,principal_act,"No. 70, 1988",Superannuation (Productivity Benefit) Act 1988,C2004A03663,C2026C00319,eng,2026-07-01,consolidation,in_force,"Treasury Laws Amendment (Payday Superannuation) Act 2025 (No. 57, 2025)",api_listing,,,,
555,all,https://www.legislation.gov.au/C2004A03668/2026-07-01/2026-07-01/text/original/epub,principal_act,"No. 75, 1988","Safety, Rehabilitation and Compensation Act 1988",C2004A03668,C2026C00285,eng,2026-07-01,consolidation,in_force,"Veterans’ Entitlements, Treatment and Support (Simplification and Harmonisation) Act 2025 (No. 17, 2025)",api_listing,,,,
556,all,https://www.legislation.gov.au/C2004A03677/asmade/1988-10-31/text/original/pdf,principal_act,"No. 84, 1988",Qantas Airways Limited (Loan Guarantee) Act 1988,C2004A03677,C2004A03677,eng,1988-10-31,as_enacted,in_force,,api_listing,,,,as_made_only
557,all,https://www.legislation.gov.au/C2004A03679/2026-07-07/2026-07-07/text/original/epub,principal_act,"No. 86, 1988",Fair Work (Registered Organisations) Act 2009,C2004A03679,C2026C00356,eng,2026-07-07,consolidation,in_force,"Workplace Relations Legislation Amendment (Building Cooperative Workplaces No. 1) Act 2026 (No. 62, 2026)",api_listing,,,,
558,all,https://www.legislation.gov.au/C2004A03680/asmade/1998-08-31/text/original/pdf,principal_act,"No. 87, 1988",Industrial Relations (Consequential Provisions) Act 1988,C2004A03680,C2004C00497,eng,1998-08-31,as_enacted,in_force,"Law and Justice Legislation Amendment Act 2004 (No. 62, 2004)",api_listing,,,,as_made_only
559,all,https://www.legislation.gov.au/C2004A03699/2024-12-11/2024-12-11/text/original/epub,principal_act,"No. 106, 1988",Australian Capital Territory (Self-Government) Act 1988,C2004A03699,C2024C00836,eng,2024-12-11,consolidation,in_force,"Crown References Amendment Act 2024 (No. 115, 2024)",api_listing,,,,
560,all,https://www.legislation.gov.au/C2004A03701/2018-07-01/2018-07-01/text/original/epub,principal_act,"No. 108, 1988",Australian Capital Territory (Planning and Land Management) Act 1988,C2004A03701,C2018C00316,eng,2018-07-01,consolidation,in_force,"Australian Capital Territory (Planning and Land Management) Amendment Act 2018 (No. 32, 2018)",api_listing,,,,
561,all,https://www.legislation.gov.au/C2004A03702/asmade/1999-12-05/text/original/pdf,principal_act,"No. 109, 1988",A.C.T. Self-Government (Consequential Provisions) Act 1988,C2004A03702,C2004C00956,eng,1999-12-05,as_enacted,in_force,,api_listing,,,,as_made_only
562,all,https://www.legislation.gov.au/C2004A03750/2025-02-21/2025-02-21/text/original/epub,principal_act,"No. 2, 1989",Higher Education Funding Act 1988,C2004A03750,C2025C00125,eng,2025-02-21,consolidation,in_force,"Administrative Review Tribunal (Miscellaneous Measures) Act 2025 (No. 14, 2025)",api_listing,,,,
563,all,https://www.legislation.gov.au/C2004A03755/2026-07-01/2026-07-01/text/original/epub,principal_act,"No. 7, 1989",Ozone Protection and Synthetic Greenhouse Gas Management Act 1989,C2004A03755,C2026C00241,eng,2026-07-01,consolidation,in_force,"Environment Protection Reform Act 2025 (No. 68, 2025)",api_listing,,,,
564,all,https://www.legislation.gov.au/C2004A03760/2020-08-10/2020-08-10/text/original/epub,principal_act,"No. 12, 1989",Australian Sports Commission Act 1989,C2004A03760,C2020C00256,eng,2020-08-10,consolidation,in_force,"Australian Sports Anti-Doping Authority Amendment (Enhancing Australia’s Anti-Doping Capability) Act 2020 (No. 51, 2020)",api_listing,,,,
565,all,https://www.legislation.gov.au/C2004A03763/2024-10-14/2024-10-14/text/original/epub,principal_act,"No. 15, 1989",Lands Acquisition Act 1989,C2004A03763,C2024C00450,eng,2024-10-14,consolidation,in_force,"Administrative Review Tribunal (Consequential and Transitional Provisions No. 2) Act 2024 (No. 39, 2024)",api_listing,,,,
566,all,https://www.legislation.gov.au/C2004A03767/asmade/1989-04-20/text/original/pdf,principal_act,"No. 19, 1989",Qantas Airways Limited (Loan Guarantee) Act 1989,C2004A03767,C2004A03767,eng,1989-04-20,as_enacted,in_force,,api_listing,,,,as_made_only
567,all,https://www.legislation.gov.au/C2004A03774/2016-03-10/2016-03-10/text/original/epub,principal_act,"No. 26, 1989",Crimes (Hostages) Act 1989,C2004A03774,C2016C00517,eng,2016-03-10,consolidation,in_force,"Statute Law Revision Act (No. 1) 2016 (No. 4, 2016)",api_listing,,,,
568,all,https://www.legislation.gov.au/C2004A03776/asmade/2012-09-22/text/original/pdf,principal_act,"No. 28, 1989",Circuit Layouts Act 1989,C2004A03776,C2012C00729,eng,2012-09-22,as_enacted,in_force,"Statute Law Revision Act 2012 (No. 136, 2012)",api_listing,,,,as_made_only
569,all,https://www.legislation.gov.au/C2004A03790/asmade/1989-06-02/text/original/pdf,principal_act,"No. 42, 1989",House of Representatives (Quorum) Act 1989,C2004A03790,C2004A03790,eng,1989-06-02,as_enacted,in_force,,api_listing,,,,as_made_only
570,all,https://www.legislation.gov.au/C2004A03811/asmade/2014-10-17/text/original/pdf,principal_act,"No. 63, 1989",Telecommunications and Postal Services (Transitional Provisions and Consequential Amendments) Act 1989,C2004A03811,C2014C00761,eng,2014-10-17,as_enacted,in_force,"Omnibus Repeal Day (Autumn 2014) Act 2014 (No. 109, 2014)",api_listing,,,,as_made_only
571,all,https://www.legislation.gov.au/C2004A03812/2025-01-09/2025-01-09/text/original/epub,principal_act,"No. 64, 1989",Australian Postal Corporation Act 1989,C2004A03812,C2025C00040,eng,2025-01-09,consolidation,in_force,"Australian Postal Corporation and Other Legislation Amendment Act 2024 (No. 61, 2024)",api_listing,,,,
572,all,https://www.legislation.gov.au/C2004A03814/asmade/1989-06-19/text/original/pdf,principal_act,"No. 66, 1989",Snowy Mountains Engineering Corporation (Conversion into Public Company) Act 1989,C2004A03814,C2004A03814,eng,1989-06-19,as_enacted,in_force,,api_listing,,,,as_made_only
573,all,https://www.legislation.gov.au/C2004A03847/asmade/1989-06-30/text/original/pdf,principal_act,"No. 99, 1989",Income Tax (Fund Contributions) Act 1989,C2004A03847,C2004A03847,eng,1989-06-30,as_enacted,in_force,,api_listing,,,,as_made_only
574,all,https://www.legislation.gov.au/C2004A03872/2026-07-01/2026-07-01/text/original/epub,principal_act,"No. 124, 1989",Child Support (Assessment) Act 1989,C2004A03872,C2026C00269,eng,2026-07-01,consolidation,in_force,"Veterans’ Entitlements, Treatment and Support (Simplification and Harmonisation) Act 2025 (No. 17, 2025)",api_listing,,,,
575,all,https://www.legislation.gov.au/C2004A03893/2016-07-01/2016-07-01/text/original/epub,principal_act,"No. 145, 1989",Crimes (Superannuation Benefits) Act 1989,C2004A03893,C2016C00749,eng,2016-07-01,consolidation,in_force,"Norfolk Island Legislation Amendment Act 2015 (No. 59, 2015)",api_listing,,,,
576,all,https://www.legislation.gov.au/C2004A03897/2016-03-05/2016-03-05/text/original/epub,principal_act,"No. 149, 1989",Australian Institute of Aboriginal and Torres Strait Islander Studies Act 1989,C2004A03897,C2016C00164,eng,2016-03-05,consolidation,in_force,"Acts and Instruments (Framework Reform) Act 2015 (No. 10, 2015)",api_listing,,,,
577,all,https://www.legislation.gov.au/C2004A03898/2025-02-15/2025-02-15/text/original/epub,principal_act,"No. 150, 1989",Aboriginal and Torres Strait Islander Act 2005,C2004A03898,C2025C00105,eng,2025-02-15,consolidation,in_force,"Future Made in Australia (Production Tax Credits and Other Measures) Act 2025 (No. 9, 2025)",api_listing,,,,
578,all,https://www.legislation.gov.au/C2004A03899/asmade/2015-06-08/text/original/pdf,principal_act,"No. 151, 1989",Limitation of Liability for Maritime Claims Act 1989,C2004A03899,C2015C00250,eng,2015-06-08,as_enacted,in_force,"Limitation of Liability for Maritime Claims Amendment Act 2015 (No. 44, 2015)",api_listing,,,,as_made_only
579,all,https://www.legislation.gov.au/C2004A03909/2018-06-19/2018-06-19/text/original/epub,principal_act,"No. 161, 1989",Marine Navigation Levy Act 1989,C2004A03909,C2018C00231,eng,2018-06-19,consolidation,in_force,"Statute Update (Autumn 2018) Act 2018 (No. 41, 2018)",api_listing,,,,
580,all,https://www.legislation.gov.au/C2004A03910/2016-07-01/2016-07-01/text/original/epub,principal_act,"No. 162, 1989",Marine Navigation Levy Collection Act 1989,C2004A03910,C2016C00856,eng,2016-07-01,consolidation,in_force,"Norfolk Island Legislation Amendment Act 2015 (No. 59, 2015)",api_listing,,,,
581,all,https://www.legislation.gov.au/C2004A03931/2016-07-01/2016-07-01/text/original/epub,principal_act,"No. 183, 1989",Foreign Corporations (Application of Laws) Act 1989,C2004A03931,C2016C00800,eng,2016-07-01,consolidation,in_force,"Norfolk Island Legislation Amendment Act 2015 (No. 59, 2015)",api_listing,,,,
582,all,https://www.legislation.gov.au/C2004A03937/2026-07-01/2026-07-01/text/original/epub,principal_act,"No. 6, 1990",Hazardous Waste (Regulation of Exports and Imports) Act 1989,C2004A03937,C2026C00305,eng,2026-07-01,consolidation,in_force,"Environment Protection Reform Act 2025 (No. 68, 2025)",api_listing,,,,
583,all,https://www.legislation.gov.au/C2004A03948/2025-01-01/2025-01-01/text/original/epub,principal_act,"No. 17, 1990",Primary Industries Research and Development Act 1989,C2004A03948,C2025C00027,eng,2025-01-01,consolidation,in_force,"Primary Industries (Consequential Amendments and Transitional Provisions) Act 2024 (No. 60, 2024)",api_listing,,,,
584,all,https://www.legislation.gov.au/C2004A03952/2025-09-05/2025-09-05/text/original/epub,principal_act,"No. 21, 1990",Therapeutic Goods Act 1989,C2004A03952,C2025C00525,eng,2025-09-05,consolidation,in_force,"Health Legislation Amendment (Improved Medicare Integrity and Other Measures) Act 2025 (No. 38, 2025)",api_listing,,,,
585,all,https://www.legislation.gov.au/C2004A03953/2018-03-06/2018-03-06/text/original/epub,principal_act,"No. 22, 1990",Therapeutic Goods (Charges) Act 1989,C2004A03953,C2018C00066,eng,2018-03-06,consolidation,in_force,"Therapeutic Goods (Charges) Amendment Act 2018 (No. 8, 2018)",api_listing,,,,
586,all,https://www.legislation.gov.au/C2004A03969/2026-04-01/2026-04-01/text/original/epub,principal_act,"No. 38, 1990",Superannuation Act 1990,C2004A03969,C2026C00120,eng,2026-04-01,consolidation,in_force,"Treasury Laws Amendment (Building a Stronger and Fairer Super System) Act 2026 (No. 8, 2026)",api_listing,,,,
587,all,https://www.legislation.gov.au/C2004A03970/asmade/2005-07-01/text/original/pdf,principal_act,"No. 39, 1990",Superannuation Benefits (Supervisory Mechanisms) Act 1990,C2004A03970,C2005C00431,eng,2005-07-01,as_enacted,in_force,"Superannuation (Consequential Amendments) Act 2005 (No. 81, 2005)",api_listing,,,,as_made_only
588,all,https://www.legislation.gov.au/C2004A04002/2021-09-01/2021-09-01/text/original/epub,principal_act,"No. 71, 1990",Remuneration and Allowances Act 1990,C2004A04002,C2021C00413,eng,2021-09-01,consolidation,in_force,"Federal Circuit and Family Court of Australia (Consequential Amendments and Transitional Provisions) Act 2021 (No. 13, 2021)",api_listing,,,,
589,all,https://www.legislation.gov.au/C2004A04009/asmade/2014-07-01/text/original/pdf,principal_act,"No. 78, 1990",Australian Maritime Safety Authority Act 1990,C2004A04009,C2014C00368,eng,2014-07-01,as_enacted,in_force,"Public Governance, Performance and Accountability (Consequential and Transitional Provisions) Act 2014 (No. 62, 2014)",api_listing,,,,as_made_only
590,all,https://www.legislation.gov.au/C2004A04014/2024-10-14/2024-10-14/text/original/epub,principal_act,"No. 83, 1990",Patents Act 1990,C2004A04014,C2024C00455,eng,2024-10-14,consolidation,in_force,"Administrative Review Tribunal (Consequential and Transitional Provisions No. 2) Act 2024 (No. 39, 2024)",api_listing,,,,
591,all,https://www.legislation.gov.au/C2004A04021/2021-05-01/2021-05-01/text/original/epub,principal_act,"No. 90, 1990",Australian National Maritime Museum Act 1990,C2004A04021,C2021C00215,eng,2021-05-01,consolidation,in_force,"National Collecting Institutions Legislation Amendment Act 2021 (No. 20, 2021)",api_listing,,,,
592,all,https://www.legislation.gov.au/C2004A04028/2018-05-11/2018-05-11/text/original/epub,principal_act,"No. 97, 1990",Crimes (Traffic in Narcotic Drugs and Psychotropic Substances) Act 1990,C2004A04028,C2018C00153,eng,2018-05-11,consolidation,in_force,"Home Affairs and Integrity Agencies Legislation Amendment Act 2018 (No. 31, 2018)",api_listing,,,,
593,all,https://www.legislation.gov.au/C2004A04049/2018-06-19/2018-06-19/text/original/epub,principal_act,"No. 118, 1990",Commonwealth Banks Restructuring Act 1990,C2004A04049,C2018C00242,eng,2018-06-19,consolidation,in_force,"Statute Update (Autumn 2018) Act 2018 (No. 41, 2018)",api_listing,,,,
594,all,https://www.legislation.gov.au/C2004A04055/asmade/1990-12-28/text/original/pdf,principal_act,"No. 124, 1990",Taxation (Interest on Non-resident Trust Distributions) Act 1990,C2004A04055,C2004A04055,eng,1990-12-28,as_enacted,in_force,,api_listing,,,,as_made_only
595,all,https://www.legislation.gov.au/C2004A04060/2026-04-09/2026-04-09/text/original/epub,principal_act,"No. 129, 1990",European Bank for Reconstruction and Development Act 1990,C2004A04060,C2026C00169,eng,2026-04-09,consolidation,in_force,"Treasury Laws Amendment (Genetic Testing Protections in Life Insurance and Other Measures) Act 2026 (No. 35, 2026)",api_listing,,,,
596,all,https://www.legislation.gov.au/C2004A04088/asmade/2012-09-22/text/original/pdf,principal_act,"No. 13, 1991",Commonwealth Funds Management Limited Act 1990,C2004A04088,C2012C00766,eng,2012-09-22,as_enacted,in_force,"Statute Law Revision Act 2012 (No. 136, 2012)",api_listing,,,,as_made_only
597,all,https://www.legislation.gov.au/C2004A04089/2024-10-14/2024-10-14/text/original/epub,principal_act,"No. 14, 1991",Defence Force (Home Loans Assistance) Act 1990,C2004A04089,C2024C00682,eng,2024-10-14,consolidation,in_force,"Administrative Review Tribunal (Consequential and Transitional Provisions No. 1) Act 2024 (No. 38, 2024)",api_listing,,,,
598,all,https://www.legislation.gov.au/C2004A04095/2026-07-01/2026-07-01/text/original/epub,principal_act,"No. 20, 1991",Data-matching Program (Assistance and Tax) Act 1990,C2004A04095,C2026C00249,eng,2026-07-01,consolidation,in_force,"Veterans’ Entitlements, Treatment and Support (Simplification and Harmonisation) Act 2025 (No. 17, 2025)",api_listing,,,,
599,all,https://www.legislation.gov.au/C2004A04113/asmade/1991-03-27/text/original/pdf,principal_act,"No. 38, 1991",Loan Act 1991,C2004A04113,C2004A04113,eng,1991-03-27,as_enacted,in_force,,api_listing,,,,as_made_only
600,all,https://www.legislation.gov.au/C2004A04115/2018-06-19/2018-06-19/text/original/epub,principal_act,"No. 40, 1991",Marine Navigation (Regulatory Functions) Levy Act 1991,C2004A04115,C2018C00239,eng,2018-06-19,consolidation,in_force,"Statute Update (Autumn 2018) Act 2018 (No. 41, 2018)",api_listing,,,,
601,all,https://www.legislation.gov.au/C2004A04116/2016-07-01/2016-07-01/text/original/epub,principal_act,"No. 41, 1991",Marine Navigation (Regulatory Functions) Levy Collection Act 1991,C2004A04116,C2016C00854,eng,2016-07-01,consolidation,in_force,"Norfolk Island Legislation Amendment Act 2015 (No. 59, 2015)",api_listing,,,,
602,all,https://www.legislation.gov.au/C2004A04121/2026-07-01/2026-07-01/text/original/epub,principal_act,"No. 46, 1991",Social Security Act 1991,C2004A04121,C2026C00336,eng,2026-07-01,consolidation,in_force,"Veterans’ Entitlements, Treatment and Support (Simplification and Harmonisation) Act 2025 (No. 17, 2025)",api_listing,,,,
603,all,https://www.legislation.gov.au/C2004A04125/2016-07-01/2016-07-01/text/original/epub,principal_act,"No. 50, 1991",Trusts (Hague Convention) Act 1991,C2004A04125,C2016C00898,eng,2016-07-01,consolidation,in_force,"Norfolk Island Legislation Amendment Act 2015 (No. 59, 2015)",api_listing,,,,
604,all,https://www.legislation.gov.au/C2004A04136/asmade/2013-07-01/text/original/pdf,principal_act,"No. 61, 1991",Superannuation (Self Managed Superannuation Funds) Supervisory Levy Imposition Act 1991,C2004A04136,C2013C00317,eng,2013-07-01,as_enacted,in_force,"Superannuation Legislation Amendment (Reform of Self Managed Superannuation Funds Supervisory Levy Arrangements) Act 2013 (No. 55, 2013)",api_listing,,,,as_made_only
605,all,https://www.legislation.gov.au/C2004A04148/asmade/1991-06-25/text/original/pdf,principal_act,"No. 73, 1991",Veterans' Entitlements (Rewrite) Transition Act 1991,C2004A04148,C2004A04148,eng,1991-06-25,as_enacted,in_force,,api_listing,,,,as_made_only
606,all,https://www.legislation.gov.au/C2004A04154/2024-10-14/2024-10-14/text/original/epub,principal_act,"No. 79, 1991",Telstra Corporation Act 1991,C2004A04154,C2024C00549,eng,2024-10-14,consolidation,in_force,"Administrative Review Tribunal (Consequential and Transitional Provisions No. 1) Act 2024 (No. 38, 2024)",api_listing,,,,
607,all,https://www.legislation.gov.au/C2004A04174/2016-07-01/2016-07-01/text/original/epub,principal_act,"No. 99, 1991",Telecommunications (Transitional Provisions and Consequential Amendments) Act 1991,C2004A04174,C2016C00833,eng,2016-07-01,consolidation,in_force,"Territories Legislation Amendment Act 2016 (No. 33, 2016)",api_listing,,,,
608,all,https://www.legislation.gov.au/C2004A04187/2022-02-18/2022-02-18/text/original/epub,principal_act,"No. 112, 1991",Foreign Judgments Act 1991,C2004A04187,C2022C00084,eng,2022-02-18,consolidation,in_force,"Courts and Tribunals Legislation Amendment (2021 Measures No. 1) Act 2022 (No. 3, 2022)",api_listing,,,,
609,all,https://www.legislation.gov.au/C2004A04193/2024-10-14/2024-10-14/text/original/epub,principal_act,"No. 118, 1991",Food Standards Australia New Zealand Act 1991,C2004A04193,C2024C00524,eng,2024-10-14,consolidation,in_force,"Administrative Review Tribunal (Consequential and Transitional Provisions No. 2) Act 2024 (No. 39, 2024)",api_listing,,,,
610,all,https://www.legislation.gov.au/C2004A04206/2014-07-01/2014-07-01/text/original/epub,principal_act,"No. 131, 1991",Australian National University Act 1991,C2004A04206,C2014C00377,eng,2014-07-01,consolidation,in_force,"Public Governance, Performance and Accountability (Consequential and Transitional Provisions) Act 2014 (No. 62, 2014)",api_listing,,,,
611,all,https://www.legislation.gov.au/C2004A04210/2022-09-28/2022-09-28/text/original/epub,principal_act,"No. 135, 1991",Military Superannuation and Benefits Act 1991,C2004A04210,C2022C00261,eng,2022-09-28,consolidation,in_force,"Family Law Amendment (Western Australia De Facto Superannuation Splitting and Bankruptcy) Act 2020 (No. 112, 2020)",api_listing,,,,
612,all,https://www.legislation.gov.au/C2004A04213/asmade/1991-09-27/text/original/pdf,principal_act,"No. 138, 1991",Senate (Quorum) Act 1991,C2004A04213,C2004A04213,eng,1991-09-27,as_enacted,in_force,,api_listing,,,,as_made_only
613,all,https://www.legislation.gov.au/C2004A04214/2018-05-11/2018-05-11/text/original/epub,principal_act,"No. 139, 1991",Crimes (Aviation) Act 1991,C2004A04214,C2018C00156,eng,2018-05-11,consolidation,in_force,"Home Affairs and Integrity Agencies Legislation Amendment Act 2018 (No. 31, 2018)",api_listing,,,,
614,all,https://www.legislation.gov.au/C2004A04217/asmade/1991-10-21/text/original/pdf,principal_act,"No. 142, 1991",Loan Act (No. 2) 1991,C2004A04217,C2004A04217,eng,1991-10-21,as_enacted,in_force,,api_listing,,,,as_made_only
615,all,https://www.legislation.gov.au/C2004A04223/2026-04-02/2026-04-02/text/original/epub,principal_act,"No. 148, 1991",Export Finance and Insurance Corporation Act 1991,C2004A04223,C2026C00166,eng,2026-04-02,consolidation,in_force,"Export Finance and Insurance Corporation Amendment (Strategic Reserve) Act 2026 (No. 21, 2026)",api_listing,,,,
616,all,https://www.legislation.gov.au/C2004A04224/asmade/1991-10-21/text/original/pdf,principal_act,"No. 149, 1991",Export Finance and Insurance Corporation (Transitional Provisions and Consequential Amendments) Act 1991,C2004A04224,C2004A04224,eng,1991-10-21,as_enacted,in_force,,api_listing,,,,as_made_only
617,all,https://www.legislation.gov.au/C2004A04225/asmade/1991-10-21/text/original/pdf,principal_act,"No. 150, 1991",Foreign Fishing Licences Levy Act 1991,C2004A04225,C2004A04225,eng,1991-10-21,as_enacted,in_force,,api_listing,,,,as_made_only
618,all,https://www.legislation.gov.au/C2004A04226/asmade/1991-10-21/text/original/pdf,principal_act,"No. 151, 1991",Fisheries Agreements (Payments) Act 1991,C2004A04226,C2004A04226,eng,1991-10-21,as_enacted,in_force,,api_listing,,,,as_made_only
619,all,https://www.legislation.gov.au/C2004A04231/asmade/2011-01-04/text/original/pdf,principal_act,"No. 156, 1991",Fishing Levy Act 1991,C2004A04231,C2011C00045,eng,2011-01-04,as_enacted,in_force,"Fisheries Legislation Amendment Act (No. 2) 2010 (No. 137, 2010)",api_listing,,,,as_made_only
620,all,https://www.legislation.gov.au/C2004A04232/asmade/1991-10-21/text/original/pdf,principal_act,"No. 157, 1991",Statutory Fishing Rights Charge Act 1991,C2004A04232,C2004A04232,eng,1991-10-21,as_enacted,in_force,,api_listing,,,,as_made_only
621,all,https://www.legislation.gov.au/C2004A04235/2017-08-23/2017-08-23/text/original/epub,principal_act,"No. 160, 1991",Carriage of Goods by Sea Act 1991,C2004A04235,C2017C00280,eng,2017-08-23,consolidation,in_force,,api_listing,,,,
622,all,https://www.legislation.gov.au/C2004A04236/2025-01-01/2025-01-01/text/original/epub,principal_act,"No. 161, 1991",Fisheries Administration Act 1991,C2004A04236,C2025C00032,eng,2025-01-01,consolidation,in_force,"Primary Industries (Consequential Amendments and Transitional Provisions) Act 2024 (No. 60, 2024)",api_listing,,,,
623,all,https://www.legislation.gov.au/C2004A04237/2024-10-14/2024-10-14/text/original/epub,principal_act,"No. 162, 1991",Fisheries Management Act 1991,C2004A04237,C2024C00591,eng,2024-10-14,consolidation,in_force,"Administrative Review Tribunal (Consequential and Transitional Provisions No. 2) Act 2024 (No. 39, 2024)",api_listing,,,,
624,all,https://www.legislation.gov.au/C2004A04238/asmade/1993-12-16/text/original/pdf,principal_act,"No. 163, 1991",Fisheries Legislation (Consequential Provisions) Act 1991,C2004A04238,C2013C00665,eng,1993-12-16,as_enacted,in_force,"Primary Industries and Energy Legislation Amendment Act 1993 (No. 94, 1993)",api_listing,,,,as_made_only
625,all,https://www.legislation.gov.au/C2004A04244/2024-10-14/2024-10-14/text/original/epub,principal_act,"No. 169, 1991",Australian Hearing Services Act 1991,C2004A04244,C2024C00568,eng,2024-10-14,consolidation,in_force,"Administrative Review Tribunal (Consequential and Transitional Provisions No. 1) Act 2024 (No. 38, 2024)",api_listing,,,,
626,all,https://www.legislation.gov.au/C2004A04255/2023-10-18/2023-10-18/text/original/epub,principal_act,"No. 180, 1991",Special Broadcasting Service Act 1991,C2004A04255,C2023C00366,eng,2023-10-18,consolidation,in_force,"Statute Law Amendment (Prescribed Forms and Other Updates) Act 2023 (No. 74, 2023)",api_listing,,,,
627,all,https://www.legislation.gov.au/C2004A04285/2016-07-01/2016-07-01/text/original/epub,principal_act,"No. 210, 1991",Bank Integration Act 1991,C2004A04285,C2016C00828,eng,2016-07-01,consolidation,in_force,"Norfolk Island Legislation Amendment Act 2015 (No. 59, 2015)",api_listing,,,,
628,all,https://www.legislation.gov.au/C2004A04290/2018-06-19/2018-06-19/text/original/epub,principal_act,"No. 215, 1991",Income Tax (Deferred Interest Securities) (Tax File Number Withholding Tax) Act 1991,C2004A04290,C2018C00238,eng,2018-06-19,consolidation,in_force,"Statute Update (Autumn 2018) Act 2018 (No. 41, 2018)",api_listing,,,,
629,all,https://www.legislation.gov.au/C2004A04297/2025-02-21/2025-02-21/text/original/epub,principal_act,"No. 6, 1992",Insurance Acquisitions and Takeovers Act 1991,C2004A04297,C2025C00115,eng,2025-02-21,consolidation,in_force,"Administrative Review Tribunal (Miscellaneous Measures) Act 2025 (No. 14, 2025)",api_listing,,,,
630,all,https://www.legislation.gov.au/C2004A04316/2019-07-01/2019-07-01/text/original/epub,principal_act,"No. 25, 1992",Mutual Assistance in Business Regulation Act 1992,C2004A04316,C2019C00210,eng,2019-07-01,consolidation,in_force,"Treasury Laws Amendment (Enhancing ASIC’s Capabilities) Act 2018 (No. 122, 2018)",api_listing,,,,
631,all,https://www.legislation.gov.au/C2004A04351/2026-09-01/2026-09-01/text/original/epub,principal_act,"No. 60, 1992",Coal Mining Industry (Long Service Leave) Administration Act 1992,C2004A04351,C2026C00370,eng,2026-09-01,consolidation,in_force,"Coal Mining Industry (Long Service Leave) Legislation Amendment Act 2026 (No. 63, 2026)",api_listing,,,,
632,all,https://www.legislation.gov.au/C2004A04352/2026-09-01/2026-09-01/text/original/epub,principal_act,"No. 61, 1992",Coal Mining Industry (Long Service Leave) Payroll Levy Collection Act 1992,C2004A04352,C2026C00364,eng,2026-09-01,consolidation,in_force,"Coal Mining Industry (Long Service Leave) Legislation Amendment Act 2026 (No. 63, 2026)",api_listing,,,,
633,all,https://www.legislation.gov.au/C2004A04353/asmade/2012-01-01/text/original/pdf,principal_act,"No. 62, 1992",Coal Mining Industry (Long Service Leave) Payroll Levy Act 1992,C2004A04353,C2012C00097,eng,2012-01-01,as_enacted,in_force,"Coal Mining Industry (Long Service Leave) Legislation Amendment Act 2011 (No. 142, 2011)",api_listing,,,,as_made_only
634,all,https://www.legislation.gov.au/C2004A04384/2026-07-01/2026-07-01/text/original/epub,principal_act,"No. 93, 1992",Superannuation Guarantee Charge Act 1992,C2004A04384,C2026C00330,eng,2026-07-01,consolidation,in_force,"Superannuation Guarantee Charge Amendment Act 2025 (No. 58, 2025)",api_listing,,,,
635,all,https://www.legislation.gov.au/C2004A04391/2024-10-14/2024-10-14/text/original/epub,principal_act,"No. 100, 1992",Pooled Development Funds Act 1992,C2004A04391,C2024C00541,eng,2024-10-14,consolidation,in_force,"Administrative Review Tribunal (Consequential and Transitional Provisions No. 2) Act 2024 (No. 39, 2024)",api_listing,,,,
636,all,https://www.legislation.gov.au/C2004A04394/2024-03-20/2024-03-20/text/original/epub,principal_act,"No. 103, 1992",International Air Services Commission Act 1992,C2004A04394,C2024C00091,eng,2024-03-20,consolidation,in_force,"Statute Law Amendment (Prescribed Forms and Other Updates) Act 2023 (No. 74, 2023)",api_listing,,,,
637,all,https://www.legislation.gov.au/C2004A04396/2016-07-01/2016-07-01/text/original/epub,principal_act,"No. 105, 1992",Broadcasting Services (Transitional Provisions and Consequential Amendments) Act 1992,C2004A04396,C2016C00754,eng,2016-07-01,consolidation,in_force,"Territories Legislation Amendment Act 2016 (No. 33, 2016)",api_listing,,,,
638,all,https://www.legislation.gov.au/C2004A04401/2025-12-05/2025-12-05/text/original/epub,principal_act,"No. 110, 1992",Broadcasting Services Act 1992,C2004A04401,C2025C00664,eng,2025-12-05,consolidation,in_force,"Communications Legislation Amendment (Australian Content Requirement for Subscription Video On Demand (Streaming) Services) Act 2025 (No. 71, 2025)",api_listing,,,,
639,all,https://www.legislation.gov.au/C2004A04402/2026-07-01/2026-07-01/text/original/epub,principal_act,"No. 111, 1992",Superannuation Guarantee (Administration) Act 1992,C2004A04402,C2026C00272,eng,2026-07-01,consolidation,in_force,"Treasury Laws Amendment (Payday Superannuation) Act 2025 (No. 57, 2025)",api_listing,,,,
640,all,https://www.legislation.gov.au/C2004A04426/2026-07-01/2026-07-01/text/original/epub,principal_act,"No. 135, 1992",Disability Discrimination Act 1992,C2004A04426,C2026C00276,eng,2026-07-01,consolidation,in_force,"Veterans’ Entitlements, Treatment and Support (Simplification and Harmonisation) Act 2025 (No. 17, 2025)",api_listing,,,,
641,all,https://www.legislation.gov.au/C2004A04457/asmade/1992-12-11/text/original/pdf,principal_act,"No. 166, 1992",Service and Execution of Process (Transitional Provisions and Consequential Amendments) Act 1992,C2004A04457,C2004A04457,eng,1992-12-11,as_enacted,in_force,,api_listing,,,,as_made_only
642,all,https://www.legislation.gov.au/C2004A04458/asmade/2014-10-17/text/original/pdf,principal_act,"No. 167, 1992",Radiocommunications (Transitional Provisions and Consequential Amendments) Act 1992,C2004A04458,C2014C00746,eng,2014-10-17,as_enacted,in_force,"Omnibus Repeal Day (Autumn 2014) Act 2014 (No. 109, 2014)",api_listing,,,,as_made_only
643,all,https://www.legislation.gov.au/C2004A04463/2018-05-11/2018-05-11/text/original/epub,principal_act,"No. 172, 1992",Service and Execution of Process Act 1992,C2004A04463,C2018C00175,eng,2018-05-11,consolidation,in_force,"Home Affairs and Integrity Agencies Legislation Amendment Act 2018 (No. 31, 2018)",api_listing,,,,
644,all,https://www.legislation.gov.au/C2004A04464/2016-10-21/2016-10-21/text/original/epub,principal_act,"No. 173, 1992",Crimes (Ships and Fixed Platforms) Act 1992,C2004A04464,C2016C01083,eng,2016-10-21,consolidation,in_force,"Statute Update Act 2016 (No. 61, 2016)",api_listing,,,,
645,all,https://www.legislation.gov.au/C2004A04465/2025-07-01/2025-07-01/text/original/epub,principal_act,"No. 174, 1992",Radiocommunications Act 1992,C2004A04465,C2025C00412,eng,2025-07-01,consolidation,in_force,"Treasury Laws Amendment (Mergers and Acquisitions Reform) Act 2024 (No. 137, 2024)",api_listing,,,,
646,all,https://www.legislation.gov.au/C2004A04487/2018-03-30/2018-03-30/text/original/epub,principal_act,"No. 196, 1992",Qantas Sale Act 1992,C2004A04487,C2018C00091,eng,2018-03-30,consolidation,in_force,"Treasury Laws Amendment (2018 Measures No. 1) Act 2018 (No. 23, 2018)",api_listing,,,,
647,all,https://www.legislation.gov.au/C2004A04489/2025-05-01/2025-05-01/text/original/epub,principal_act,"No. 198, 1992",Mutual Recognition Act 1992,C2004A04489,C2025C00388,eng,2025-05-01,consolidation,in_force,Mutual Recognition Legislation Amendment (Tasmanian Container Deposit Scheme) Regulations 2023,api_listing,,,,
648,all,https://www.legislation.gov.au/C2004A04501/asmade/1992-12-24/text/original/pdf,principal_act,"No. 210, 1992",Corporate Law Reform Act 1992,C2004A04501,C2004A04501,eng,1992-12-24,as_enacted,in_force,,api_listing,,,,as_made_only
649,all,https://www.legislation.gov.au/C2004A04511/2016-11-17/2016-11-17/text/original/epub,principal_act,"No. 220, 1992",International Labour Organisation (Compliance with Conventions) Act 1992,C2004A04511,C2016C01096,eng,2016-11-17,consolidation,in_force,"Statute Law Revision (Spring 2016) Act 2016 (No. 67, 2016)",api_listing,,,,
650,all,https://www.legislation.gov.au/C2004A04512/2024-10-14/2024-10-14/text/original/epub,principal_act,"No. 221, 1992",Imported Food Control Act 1992,C2004A04512,C2024C00526,eng,2024-10-14,consolidation,in_force,"Administrative Review Tribunal (Consequential and Transitional Provisions No. 2) Act 2024 (No. 39, 2024)",api_listing,,,,
651,all,https://www.legislation.gov.au/C2004A04516/2024-03-20/2024-03-20/text/original/epub,principal_act,"No. 225, 1992",National Health and Medical Research Council Act 1992,C2004A04516,C2024C00108,eng,2024-03-20,consolidation,in_force,"Statute Law Amendment (Prescribed Forms and Other Updates) Act 2023 (No. 74, 2023)",api_listing,,,,
652,all,https://www.legislation.gov.au/C2004A04522/asmade/1994-01-18/text/original/pdf,principal_act,"No. 231, 1992",Seafarers Rehabilitation and Compensation Levy Act 1992,C2004A04522,C2004C00281,eng,1994-01-18,as_enacted,in_force,"Transport and Communications Legislation Amendment Act (No. 2) 1993 (No. 5, 1994)",api_listing,,,,as_made_only
653,all,https://www.legislation.gov.au/C2004A04523/asmade/2003-06-11/text/original/pdf,principal_act,"No. 232, 1992",Seafarers Rehabilitation and Compensation Levy Collection Act 1992,C2004A04523,C2004C00776,eng,2003-06-11,as_enacted,in_force,"Workplace Relations Legislation Amendment Act 2002 (No. 127, 2002)",api_listing,,,,as_made_only
654,all,https://www.legislation.gov.au/C2004A04524/asmade/1992-12-24/text/original/pdf,principal_act,"No. 233, 1992",Seafarers Rehabilitation and Compensation (Transitional Provisions and Consequential Amendments) Act 1992,C2004A04524,C2004A04524,eng,1992-12-24,as_enacted,in_force,,api_listing,,,,as_made_only
655,all,https://www.legislation.gov.au/C2004A04525/2025-02-21/2025-02-21/text/original/epub,principal_act,"No. 234, 1992",Seafarers Rehabilitation and Compensation Act 1992,C2004A04525,C2025C00116,eng,2025-02-21,consolidation,in_force,"Administrative Review Tribunal (Miscellaneous Measures) Act 2025 (No. 14, 2025)",api_listing,,,,
656,all,https://www.legislation.gov.au/C2004A04533/2018-06-19/2018-06-19/text/original/epub,principal_act,"No. 242, 1992",Natural Resources Management (Financial Assistance) Act 1992,C2004A04533,C2018C00235,eng,2018-06-19,consolidation,in_force,"Statute Update (Autumn 2018) Act 2018 (No. 41, 2018)",api_listing,,,,
657,all,https://www.legislation.gov.au/C2004A04553/2024-10-14/2024-10-14/text/original/epub,principal_act,"No. 262, 1992",Agricultural and Veterinary Chemicals (Administration) Act 1992,C2004A04553,C2024C00426,eng,2024-10-14,consolidation,in_force,"Administrative Review Tribunal (Consequential and Transitional Provisions No. 2) Act 2024 (No. 39, 2024)",api_listing,,,,
658,all,https://www.legislation.gov.au/C2004A04569/asmade/2008-11-26/text/original/pdf,principal_act,"No. 14, 1993",Great Barrier Reef Marine Park (Environmental Management Charge—Excise) Act 1993,C2004A04569,C2008C00626,eng,2008-11-26,as_enacted,in_force,"Great Barrier Reef Marine Park and Other Legislation Amendment Act 2008 (No. 125, 2008)",api_listing,,,,as_made_only
659,all,https://www.legislation.gov.au/C2004A04570/asmade/2008-11-26/text/original/pdf,principal_act,"No. 15, 1993",Great Barrier Reef Marine Park (Environmental Management Charge—General) Act 1993,C2004A04570,C2008C00625,eng,2008-11-26,as_enacted,in_force,"Great Barrier Reef Marine Park and Other Legislation Amendment Act 2008 (No. 125, 2008)",api_listing,,,,as_made_only
660,all,https://www.legislation.gov.au/C2004A04589/asmade/1993-09-20/text/original/pdf,principal_act,"No. 34, 1993",Nuclear Safeguards (Producers of Uranium Ore Concentrates) Charge Act 1993,C2004A04589,C2004A04589,eng,1993-09-20,as_enacted,in_force,,api_listing,,,,as_made_only
661,all,https://www.legislation.gov.au/C2004A04594/asmade/2009-10-13/text/original/pdf,principal_act,"No. 39, 1993",Protection of the Sea (Imposition of Contributions to Oil Pollution Compensation Funds—Excise) Act 1993,C2004A04594,C2009C00473,eng,2009-10-13,as_enacted,in_force,"Protection of the Sea Legislation Amendment Act 2008 (No. 94, 2008)",api_listing,,,,as_made_only
662,all,https://www.legislation.gov.au/C2004A04595/asmade/2009-10-13/text/original/pdf,principal_act,"No. 40, 1993",Protection of the Sea (Imposition of Contributions to Oil Pollution Compensation Funds—General) Act 1993,C2004A04595,C2009C00474,eng,2009-10-13,as_enacted,in_force,"Protection of the Sea Legislation Amendment Act 2008 (No. 94, 2008)",api_listing,,,,as_made_only
663,all,https://www.legislation.gov.au/C2004A04596/2016-07-01/2016-07-01/text/original/epub,principal_act,"No. 41, 1993",Protection of the Sea (Oil Pollution Compensation Funds) Act 1993,C2004A04596,C2016C00871,eng,2016-07-01,consolidation,in_force,"Norfolk Island Legislation Amendment Act 2015 (No. 59, 2015)",api_listing,,,,
664,all,https://www.legislation.gov.au/C2004A04597/asmade/2009-10-13/text/original/pdf,principal_act,"No. 42, 1993",Protection of the Sea (Imposition of Contributions to Oil Pollution Compensation Funds—Customs) Act 1993,C2004A04597,C2009C00472,eng,2009-10-13,as_enacted,in_force,"Protection of the Sea Legislation Amendment Act 2008 (No. 94, 2008)",api_listing,,,,as_made_only
665,all,https://www.legislation.gov.au/C2004A04609/2018-03-30/2018-03-30/text/original/epub,principal_act,"No. 54, 1993",Snowy Mountains Engineering Corporation Limited Sale Act 1993,C2004A04609,C2018C00103,eng,2018-03-30,consolidation,in_force,"Treasury Laws Amendment (2018 Measures No. 1) Act 2018 (No. 23, 2018)",api_listing,,,,
666,all,https://www.legislation.gov.au/C2004A04613/asmade/2015-06-25/text/original/pdf,principal_act,"No. 58, 1993",Taxation (Deficit Reduction) Act (No. 3) 1993,C2004A04613,C2015C00297,eng,2015-06-25,as_enacted,in_force,"Tax and Superannuation Laws Amendment (2015 Measures No. 1) Act 2015 (No. 70, 2015)",api_listing,,,,as_made_only
667,all,https://www.legislation.gov.au/C2004A04633/2026-08-10/2026-08-10/text/original/epub,principal_act,"No. 78, 1993",Superannuation Industry (Supervision) Act 1993,C2004A04633,C2026C00361,eng,2026-08-10,consolidation,in_force,"Treasury Laws Amendment (Tax Reform No. 1) Act 2026 (No. 49, 2026)",api_listing,,,,
668,all,https://www.legislation.gov.au/C2004A04634/asmade/2003-06-26/text/original/pdf,principal_act,"No. 79, 1993",Superannuation (Financial Assistance Funding) Levy Act 1993,C2004A04634,C2004C00798,eng,2003-06-26,as_enacted,in_force,"Superannuation Industry (Supervision) Amendment Act 2003 (No. 52, 2003)",api_listing,,,,as_made_only
669,all,https://www.legislation.gov.au/C2004A04643/2018-03-30/2018-03-30/text/original/epub,principal_act,"No. 88, 1993",CSL Sale Act 1993,C2004A04643,C2018C00099,eng,2018-03-30,consolidation,in_force,"Treasury Laws Amendment (2018 Measures No. 1) Act 2018 (No. 23, 2018)",api_listing,,,,
670,all,https://www.legislation.gov.au/C2004A04652/2016-05-06/2016-05-06/text/original/epub,principal_act,"No. 97, 1993",Financial Corporations (Transfer of Assets and Liabilities) Act 1993,C2004A04652,C2016C00633,eng,2016-05-06,consolidation,in_force,"Omnibus Repeal Day (Autumn 2015) Act 2016 (No. 47, 2016)",api_listing,,,,
671,all,https://www.legislation.gov.au/C2004A04665/2024-06-12/2024-06-12/text/original/epub,principal_act,"No. 110, 1993",Native Title Act 1993,C2004A04665,C2024C00224,eng,2024-06-12,consolidation,in_force,"Attorney-General’s Portfolio Miscellaneous Measures Act 2024 (No. 41, 2024)",api_listing,,,,
672,all,https://www.legislation.gov.au/C2004A04686/2025-06-11/2025-06-11/text/original/epub,principal_act,"No. 10, 1994",Occupational Health and Safety (Maritime Industry) Act 1993,C2004A04686,C2025C00382,eng,2025-06-11,consolidation,in_force,"Offshore Petroleum and Greenhouse Gas Storage Legislation Amendment (Safety and Other Measures) Act 2024 (No. 43, 2024)",api_listing,,,,
673,all,https://www.legislation.gov.au/C2004A04702/2024-10-14/2024-10-14/text/original/epub,principal_act,"No. 26, 1994",Chemical Weapons (Prohibition) Act 1994,C2004A04702,C2024C00434,eng,2024-10-14,consolidation,in_force,"Administrative Review Tribunal (Consequential and Transitional Provisions No. 1) Act 2024 (No. 38, 2024)",api_listing,,,,
674,all,https://www.legislation.gov.au/C2004A04704/2024-10-14/2024-10-14/text/original/epub,principal_act,"No. 28, 1994",Offshore Minerals Act 1994,C2004A04704,C2024C00638,eng,2024-10-14,consolidation,in_force,"Administrative Review Tribunal (Consequential and Transitional Provisions No. 2) Act 2024 (No. 39, 2024)",api_listing,,,,
675,all,https://www.legislation.gov.au/C2004A04706/asmade/1994-02-25/text/original/pdf,principal_act,"No. 30, 1994",Offshore Minerals (Retention Licence Fees) Act 1994,C2004A04706,C2004A04706,eng,1994-02-25,as_enacted,in_force,,api_listing,,,,as_made_only
676,all,https://www.legislation.gov.au/C2004A04708/asmade/2000-07-16/text/original/pdf,principal_act,"No. 32, 1994",Wet Tropics of Queensland World Heritage Area Conservation Act 1994,C2004A04708,C2004C00809,eng,2000-07-16,as_enacted,in_force,"Environmental Reform (Consequential Provisions) Act 1999 (No. 92, 1999)",api_listing,,,,as_made_only
677,all,https://www.legislation.gov.au/C2004A04712/2024-10-14/2024-10-14/text/original/epub,principal_act,"No. 36, 1994",Agricultural and Veterinary Chemicals Act 1994,C2004A04712,C2024C00516,eng,2024-10-14,consolidation,in_force,"Administrative Review Tribunal (Consequential and Transitional Provisions No. 2) Act 2024 (No. 39, 2024)",api_listing,,,,
678,all,https://www.legislation.gov.au/C2004A04714/asmade/1994-03-15/text/original/pdf,principal_act,"No. 38, 1994",Agricultural and Veterinary Chemical Products Levy Imposition (Excise) Act 1994,C2004A04714,C2004A04714,eng,1994-03-15,as_enacted,in_force,,api_listing,,,,as_made_only
679,all,https://www.legislation.gov.au/C2004A04715/asmade/1994-03-15/text/original/pdf,principal_act,"No. 39, 1994",Agricultural and Veterinary Chemical Products Levy Imposition (Customs) Act 1994,C2004A04715,C2004A04715,eng,1994-03-15,as_enacted,in_force,,api_listing,,,,as_made_only
680,all,https://www.legislation.gov.au/C2004A04716/asmade/1994-03-15/text/original/pdf,principal_act,"No. 40, 1994",Agricultural and Veterinary Chemical Products Levy Imposition (General) Act 1994,C2004A04716,C2004A04716,eng,1994-03-15,as_enacted,in_force,,api_listing,,,,as_made_only
681,all,https://www.legislation.gov.au/C2004A04717/2024-10-14/2024-10-14/text/original/epub,principal_act,"No. 41, 1994",Agricultural and Veterinary Chemical Products (Collection of Levy) Act 1994,C2004A04717,C2024C00447,eng,2024-10-14,consolidation,in_force,"Administrative Review Tribunal (Consequential and Transitional Provisions No. 2) Act 2024 (No. 39, 2024)",api_listing,,,,
682,all,https://www.legislation.gov.au/C2004A04719/asmade/1994-03-15/text/original/pdf,principal_act,"No. 43, 1994",Foreign Evidence (Transitional Provisions and Consequential Amendments) Act 1994,C2004A04719,C2004A04719,eng,1994-03-15,as_enacted,in_force,,api_listing,,,,as_made_only
683,all,https://www.legislation.gov.au/C2004A04723/2024-10-14/2024-10-14/text/original/epub,principal_act,"No. 47, 1994",Agricultural and Veterinary Chemicals Code Act 1994,C2004A04723,C2024C00508,eng,2024-10-14,consolidation,in_force,"Administrative Review Tribunal (Consequential and Transitional Provisions No. 2) Act 2024 (No. 39, 2024)",api_listing,,,,
684,all,https://www.legislation.gov.au/C2004A04735/2025-11-08/2025-11-08/text/original/epub,principal_act,"No. 59, 1994",Foreign Evidence Act 1994,C2004A04735,C2025C00634,eng,2025-11-08,consolidation,in_force,"Criminal Code Amendment (State Sponsors of Terrorism) Act 2025 (No. 60, 2025)",api_listing,,,,
685,all,https://www.legislation.gov.au/C2004A04745/asmade/1994-06-09/text/original/pdf,principal_act,"No. 69, 1994",Banking (State Bank of South Australia and Other Matters) Act 1994,C2004A04745,C2004A04745,eng,1994-06-09,as_enacted,in_force,,api_listing,,,,as_made_only
686,all,https://www.legislation.gov.au/C2004A04746/2018-03-30/2018-03-30/text/original/epub,principal_act,"No. 70, 1994",Moomba-Sydney Pipeline System Sale Act 1994,C2004A04746,C2018C00106,eng,2018-03-30,consolidation,in_force,"Treasury Laws Amendment (2018 Measures No. 1) Act 2018 (No. 23, 2018)",api_listing,,,,
687,all,https://www.legislation.gov.au/C2004A04765/2023-10-18/2023-10-18/text/original/epub,principal_act,"No. 92, 1994",Australian Capital Territory Government Service (Consequential Provisions) Act 1994,C2004A04765,C2023C00430,eng,2023-10-18,consolidation,in_force,"Statute Law Amendment (Prescribed Forms and Other Updates) Act 2023 (No. 74, 2023)",api_listing,,,,
688,all,https://www.legislation.gov.au/C2004A04779/2014-07-01/2014-07-01/text/original/epub,principal_act,"No. 106, 1994",Financial Agreement Act 1994,C2004A04779,C2014C00538,eng,2014-07-01,consolidation,in_force,"Public Governance, Performance and Accountability (Consequential and Transitional Provisions) Act 2014 (No. 62, 2014)",api_listing,,,,
689,all,https://www.legislation.gov.au/C2004A04783/2024-10-14/2024-10-14/text/original/epub,principal_act,"No. 110, 1994",Plant Breeder's Rights Act 1994,C2004A04783,C2024C00537,eng,2024-10-14,consolidation,in_force,"Administrative Review Tribunal (Consequential and Transitional Provisions No. 2) Act 2024 (No. 39, 2024)",api_listing,,,,
690,all,https://www.legislation.gov.au/C2004A04797/2024-03-13/2024-03-13/text/original/epub,principal_act,"No. 124, 1994",Witness Protection Act 1994,C2004A04797,C2024C00075,eng,2024-03-13,consolidation,in_force,"Crimes and Other Legislation Amendment (Omnibus) Act 2023 (No. 63, 2023)",api_listing,,,,
691,all,https://www.legislation.gov.au/C2004A04799/2021-07-01/2021-07-01/text/original/epub,principal_act,"No. 126, 1994",National Environment Protection Council Act 1994,C2004A04799,C2021C00298,eng,2021-07-01,consolidation,in_force,"Road Vehicle Standards (Consequential and Transitional Provisions) Act 2018 (No. 164, 2018)",api_listing,,,,
692,all,https://www.legislation.gov.au/C2004A04817/2018-03-30/2018-03-30/text/original/epub,principal_act,"No. 144, 1994",AeroSpace Technologies of Australia Limited Sale Act 1994,C2004A04817,C2018C00098,eng,2018-03-30,consolidation,in_force,"Treasury Laws Amendment (2018 Measures No. 1) Act 2018 (No. 23, 2018)",api_listing,,,,
693,all,https://www.legislation.gov.au/C2004A04835/2014-03-12/2014-03-12/text/original/epub,principal_act,"No. 162, 1994",Supported Accommodation Assistance Act 1994,C2004A04835,C2014C00101,eng,2014-03-12,consolidation,in_force,"Privacy Amendment (Enhancing Privacy Protection) Act 2012 (No. 197, 2012)",api_listing,,,,
694,all,https://www.legislation.gov.au/C2004A04844/2007-03-15/2007-03-15/text/original/epub,principal_act,"No. 171, 1994",Income Tax (Former Complying Superannuation Funds) Act 1994,C2004A04844,C2007C00118,eng,2007-03-15,consolidation,in_force,"Income Tax (Former Complying Superannuation Funds) Amendment Act 2007 (No. 17, 2007)",api_listing,,,,
695,all,https://www.legislation.gov.au/C2004A04845/2007-09-24/2007-09-24/text/original/epub,principal_act,"No. 172, 1994",Income Tax (Former Non-resident Superannuation Funds) Act 1994,C2004A04845,C2007C00605,eng,2007-09-24,consolidation,in_force,"Tax Laws Amendment (2007 Measures No. 4) Act 2007 (No. 143, 2007)",api_listing,,,,
696,all,https://www.legislation.gov.au/C2004A04852/2009-08-05/2009-08-05/text/original/epub,principal_act,"No. 179, 1994",Human Rights (Sexual Conduct) Act 1994,C2004A04852,C2009C00395,eng,2009-08-05,consolidation,in_force,"Disability Discrimination and Other Human Rights Legislation Amendment Act 2009 (No. 70, 2009)",api_listing,,,,
697,all,https://www.legislation.gov.au/C2004A04858/2025-06-10/2025-06-10/text/original/epub,principal_act,"No. 2, 1995",Evidence Act 1995,C2004A04858,C2025C00340,eng,2025-06-10,consolidation,in_force,"Family Law Amendment Act 2024 (No. 118, 2024)",api_listing,,,,
698,all,https://www.legislation.gov.au/C2004A04860/2025-02-21/2025-02-21/text/original/epub,principal_act,"No. 4, 1995",Life Insurance Act 1995,C2004A04860,C2025C00135,eng,2025-02-21,consolidation,in_force,"Administrative Review Tribunal (Miscellaneous Measures) Act 2025 (No. 14, 2025)",api_listing,,,,
699,all,https://www.legislation.gov.au/C2004A04863/2025-02-21/2025-02-21/text/original/epub,principal_act,"No. 7, 1995","Classification (Publications, Films and Computer Games) Act 1995",C2004A04863,C2025C00114,eng,2025-02-21,consolidation,in_force,"Administrative Review Tribunal (Miscellaneous Measures) Act 2025 (No. 14, 2025)",api_listing,,,,
700,all,https://www.legislation.gov.au/C2004A04874/2026-08-27/2026-08-27/text/original/epub,principal_act,"No. 18, 1995",International War Crimes Tribunals Act 1995,C2004A04874,C2026C00383,eng,2026-08-27,consolidation,in_force,"Combatting Illicit Tobacco Act 2026 (No. 82, 2026)",api_listing,,,,
701,all,https://www.legislation.gov.au/C2004A04877/asmade/1995-03-29/text/original/pdf,principal_act,"No. 21, 1995",Anzac Day Act 1995,C2004A04877,C2004A04877,eng,1995-03-29,as_enacted,in_force,,api_listing,,,,as_made_only
702,all,https://www.legislation.gov.au/C2004A04891/2018-11-06/2018-11-06/text/original/epub,principal_act,"No. 38, 1995",Weapons of Mass Destruction (Prevention of Proliferation) Act 1995,C2004A04891,C2018C00445,eng,2018-11-06,consolidation,in_force,"Regulatory Powers (Standardisation Reform) Act 2017 (No. 124, 2017)",api_listing,,,,
703,all,https://www.legislation.gov.au/C2004A04893/asmade/2007-04-01/text/original/pdf,principal_act,"No. 40, 1995",Private Health Insurance (Complaints Levy) Act 1995,C2004A04893,C2007C00198,eng,2007-04-01,as_enacted,in_force,"Private Health Insurance Complaints Levy Amendment Act 2007 (No. 35, 2007)",api_listing,,,,as_made_only
704,all,https://www.legislation.gov.au/C2004A04905/2026-07-01/2026-07-01/text/original/epub,principal_act,"No. 52, 1995",Small Superannuation Accounts Act 1995,C2004A04905,C2026C00311,eng,2026-07-01,consolidation,in_force,"Treasury Laws Amendment (Payday Superannuation) Act 2025 (No. 57, 2025)",api_listing,,,,
705,all,https://www.legislation.gov.au/C2004A04910/asmade/2013-06-29/text/original/pdf,principal_act,"No. 57, 1995",Overseas Missions (Privileges and Immunities) Act 1995,C2004A04910,C2013C00423,eng,2013-06-29,as_enacted,in_force,"Statute Law Revision Act 2013 (No. 103, 2013)",api_listing,,,,as_made_only
706,all,https://www.legislation.gov.au/C2004A04931/2024-10-14/2024-10-14/text/original/epub,principal_act,"No. 81, 1995",Air Services Act 1995,C2004A04931,C2024C00624,eng,2024-10-14,consolidation,in_force,"Administrative Review Tribunal (Consequential and Transitional Provisions No. 1) Act 2024 (No. 38, 2024)",api_listing,,,,
707,all,https://www.legislation.gov.au/C2004A04932/asmade/1995-06-30/text/original/pdf,principal_act,"No. 82, 1995",Civil Aviation Legislation Amendment Act 1995,C2004A04932,C2004A04932,eng,1995-06-30,as_enacted,in_force,,api_listing,,,,as_made_only
708,all,https://www.legislation.gov.au/C2004A04936/2016-03-10/2016-03-10/text/original/epub,principal_act,"No. 86, 1995",Local Government (Financial Assistance) Act 1995,C2004A04936,C2016C00566,eng,2016-03-10,consolidation,in_force,"Statute Law Revision Act (No. 1) 2016 (No. 4, 2016)",api_listing,,,,
709,all,https://www.legislation.gov.au/C2004A04938/asmade/1995-07-20/text/original/pdf,principal_act,"No. 88, 1995",Competition Policy Reform Act 1995,C2004A04938,C2004A04938,eng,1995-07-20,as_enacted,in_force,,api_listing,,,,as_made_only
710,all,https://www.legislation.gov.au/C2004A04946/2007-03-15/2007-03-15/text/original/epub,principal_act,"No. 96, 1995",Commonwealth Authorities (Australian Capital Territory Pay-roll Tax) Act 1995,C2004A04946,C2007C00137,eng,2007-03-15,consolidation,in_force,"Statute Law Revision Act 2007 (No. 8, 2007)",api_listing,,,,
711,all,https://www.legislation.gov.au/C2004A04947/2012-12-03/2012-12-03/text/original/epub,principal_act,"No. 97, 1995",Aircraft Noise Levy Act 1995,C2004A04947,C2012C00908,eng,2012-12-03,consolidation,in_force,"Australian Charities and Not-for-profits Commission (Consequential and Transitional) Act 2012 (No. 169, 2012)",api_listing,,,,
712,all,https://www.legislation.gov.au/C2004A04948/2024-10-14/2024-10-14/text/original/epub,principal_act,"No. 98, 1995",Aircraft Noise Levy Collection Act 1995,C2004A04948,C2024C00428,eng,2024-10-14,consolidation,in_force,"Administrative Review Tribunal (Consequential and Transitional Provisions No. 1) Act 2024 (No. 38, 2024)",api_listing,,,,
713,all,https://www.legislation.gov.au/C2004A04969/2024-10-14/2024-10-14/text/original/epub,principal_act,"No. 119, 1995",Trade Marks Act 1995,C2004A04969,C2024C00545,eng,2024-10-14,consolidation,in_force,"Administrative Review Tribunal (Consequential and Transitional Provisions No. 2) Act 2024 (No. 39, 2024)",api_listing,,,,
714,all,https://www.legislation.gov.au/C2004A04975/2026-07-01/2026-07-01/text/original/epub,principal_act,"No. 125, 1995",Ozone Protection and Synthetic Greenhouse Gas (Manufacture Levy) Act 1995,C2004A04975,C2026C00312,eng,2026-07-01,consolidation,in_force,"Environment Protection Reform Act 2025 (No. 68, 2025)",api_listing,,,,
715,all,https://www.legislation.gov.au/C2004A04976/2026-07-01/2026-07-01/text/original/epub,principal_act,"No. 126, 1995",Ozone Protection and Synthetic Greenhouse Gas (Import Levy) Act 1995,C2004A04976,C2026C00306,eng,2026-07-01,consolidation,in_force,"Environment Protection Reform Act 2025 (No. 68, 2025)",api_listing,,,,
716,all,https://www.legislation.gov.au/C2004A04980/2025-11-01/2025-11-01/text/original/epub,principal_act,"No. 130, 1995",Health and Other Services (Compensation) Act 1995,C2004A04980,C2025C00628,eng,2025-11-01,consolidation,in_force,"Aged Care and Other Legislation Amendment Act 2025 (No. 45, 2025)",api_listing,,,,
717,all,https://www.legislation.gov.au/C2004A04981/2016-07-01/2016-07-01/text/original/epub,principal_act,"No. 131, 1995",Health and Other Services (Compensation) Care Charges Act 1995,C2004A04981,C2016C00789,eng,2016-07-01,consolidation,in_force,"Health and Other Services (Compensation) Care Charges Amendment (Norfolk Island) Act 2015 (No. 54, 2015)",api_listing,,,,
718,all,https://www.legislation.gov.au/C2004A04984/2024-10-14/2024-10-14/text/original/epub,principal_act,"No. 134, 1995",Sydney Airport Curfew Act 1995,C2004A04984,C2024C00497,eng,2024-10-14,consolidation,in_force,"Administrative Review Tribunal (Consequential and Transitional Provisions No. 1) Act 2024 (No. 38, 2024)",api_listing,,,,
719,all,https://www.legislation.gov.au/C2004A04997/2026-07-01/2026-07-01/text/original/epub,principal_act,"No. 147, 1995",Customs Tariff Act 1995,C2004A04997,C2026C00313,eng,2026-07-01,consolidation,in_force,"Customs Tariff Amendment (Incorporation of Proposals) Act (No. 1) 2026 (No. 67, 2026)",api_listing,,,,
720,all,https://www.legislation.gov.au/C2004A05008/2016-03-05/2016-03-05/text/original/epub,principal_act,"No. 161, 1995",Commonwealth Bank Sale Act 1995,C2004A05008,C2016C00325,eng,2016-03-05,consolidation,in_force,"Acts and Instruments (Framework Reform) (Consequential Provisions) Act 2015 (No. 126, 2015)",api_listing,,,,
721,all,https://www.legislation.gov.au/C2004A05061/2025-11-01/2025-11-01/text/original/epub,principal_act,"No. 42, 1996",Airports Act 1996,C2004A05061,C2025C00617,eng,2025-11-01,consolidation,in_force,"Aged Care and Other Legislation Amendment Act 2025 (No. 45, 2025)",api_listing,,,,
722,all,https://www.legislation.gov.au/C2004A05062/2018-02-21/2018-02-21/text/original/epub,principal_act,"No. 36, 1996",Airports (Transitional) Act 1996,C2004A05062,C2018C00042,eng,2018-02-21,consolidation,in_force,"Statute Update (Smaller Government) Act 2018 (No. 4, 2018)",api_listing,,,,
723,all,https://www.legislation.gov.au/C2004A05069/asmade/2014-07-01/text/original/pdf,principal_act,"No. 37, 1996",Australian Law Reform Commission Act 1996,C2004A05069,C2014C00375,eng,2014-07-01,as_enacted,in_force,"Public Governance, Performance and Accountability (Consequential and Transitional Provisions) Act 2014 (No. 62, 2014)",api_listing,,,,as_made_only
724,all,https://www.legislation.gov.au/C2004A05102/2012-09-22/2012-09-22/text/original/epub,principal_act,"No. 58, 1996",CFM Sale Act 1996,C2004A05102,C2012C00787,eng,2012-09-22,consolidation,in_force,"Statute Law Revision Act 2012 (No. 136, 2012)",api_listing,,,,
725,all,https://www.legislation.gov.au/C2004A05105/2025-03-05/2025-03-05/text/original/epub,principal_act,"No. 4, 1997",Customs Licensing Charges Act 1997,C2004A05105,C2025C00192,eng,2025-03-05,consolidation,in_force,"Customs Licensing Charges Amendment Act 2024 (No. 80, 2024)",api_listing,,,,
726,all,https://www.legislation.gov.au/C2004A05113/2021-08-02/2021-08-02/text/original/epub,principal_act,"No. 12, 1997",Bankruptcy (Estate Charges) Act 1997,C2004A05113,C2021C00322,eng,2021-08-02,consolidation,in_force,"Bankruptcy (Estate Charges) Amendment (Norfolk Island) Act 2020 (No. 149, 2020)",api_listing,,,,
727,all,https://www.legislation.gov.au/C2004A05119/2022-01-01/2022-01-01/text/original/epub,principal_act,"No. 18, 1997",Education Services for Overseas Students (Registration Charges) Act 1997,C2004A05119,C2022C00008,eng,2022-01-01,consolidation,in_force,"Education Services for Overseas Students (Registration Charges) Amendment Act 2021 (No. 84, 2021)",api_listing,,,,
728,all,https://www.legislation.gov.au/C2004A05125/2015-12-10/2015-12-10/text/original/epub,principal_act,"No. 26, 1997",Migration (Visa Application) Charge Act 1997,C2004A05125,C2016C00080,eng,2015-12-10,consolidation,in_force,"Statute Law Revision Act (No. 2) 2015 (No. 145, 2015)",api_listing,,,,
729,all,https://www.legislation.gov.au/C2004A05128/2026-07-01/2026-07-01/text/original/epub,principal_act,"No. 40, 1997",Income Tax (Transitional Provisions) Act 1997,C2004A05128,C2026C00280,eng,2026-07-01,consolidation,in_force,"Treasury Laws Amendment (Tax Reform No. 1) Act 2026 (No. 49, 2026)",api_listing,,,,
730,all,https://www.legislation.gov.au/C2004A05130/2025-11-01/2025-11-01/text/original/epub,principal_act,"No. 31, 1997",Human Services (Centrelink) Act 1997,C2004A05130,C2025C00596,eng,2025-11-01,consolidation,in_force,"Aged Care and Other Legislation Amendment Act 2025 (No. 45, 2025)",api_listing,,,,
731,all,https://www.legislation.gov.au/C2004A05138/2026-07-01/2026-07-01/text/original/epub,principal_act,"No. 38, 1997",Income Tax Assessment Act 1997,C2004A05138,C2026C00324,eng,2026-07-01,consolidation,in_force,"Treasury Laws Amendment (Delivering an Efficient and Trusted Tax System) Act 2026 (No. 58, 2026)",api_listing,,,,
732,all,https://www.legislation.gov.au/C2004A05142/1999-07-16/1999-07-16/text/original/epub,principal_act,"No. 44, 1997",Export Market Development Grants (Repeal and Consequential Provisions) Act 1997,C2004A05142,C2004C00889,eng,1999-07-16,consolidation,in_force,"Export Market Development Grants Legislation Amendment Act 1999 (No. 100, 1999)",api_listing,,,,
733,all,https://www.legislation.gov.au/C2004A05145/2026-06-04/2026-06-04/text/original/epub,principal_act,"No. 47, 1997",Telecommunications Act 1997,C2004A05145,C2026C00224,eng,2026-06-04,consolidation,in_force,"Strengthening Oversight of the National Intelligence Community Act 2025 (No. 75, 2025)",api_listing,,,,
734,all,https://www.legislation.gov.au/C2004A05147/2018-06-19/2018-06-19/text/original/epub,principal_act,"No. 49, 1997",Telecommunications (Carrier Licence Charges) Act 1997,C2004A05147,C2018C00218,eng,2018-06-19,consolidation,in_force,"Statute Update (Autumn 2018) Act 2018 (No. 41, 2018)",api_listing,,,,
735,all,https://www.legislation.gov.au/C2004A05149/2019-12-12/2019-12-12/text/original/epub,principal_act,"No. 51, 1997",Telecommunications (Numbering Charges) Act 1997,C2004A05149,C2020C00005,eng,2019-12-12,consolidation,in_force,"Telecommunications (Numbering Charges) Amendment Act 2016 (No. 8, 2016)",api_listing,,,,
736,all,https://www.legislation.gov.au/C2004A05155/2024-10-14/2024-10-14/text/original/epub,principal_act,"No. 57, 1997",Export Market Development Grants Act 1997,C2004A05155,C2024C00521,eng,2024-10-14,consolidation,in_force,"Administrative Review Tribunal (Consequential and Transitional Provisions No. 1) Act 2024 (No. 38, 2024)",api_listing,,,,
737,all,https://www.legislation.gov.au/C2004A05157/2016-07-01/2016-07-01/text/original/epub,principal_act,"No. 59, 1997",Telecommunications (Transitional Provisions and Consequential Amendments) Act 1997,C2004A05157,C2016C00900,eng,2016-07-01,consolidation,in_force,"Territories Legislation Amendment Act 2016 (No. 33, 2016)",api_listing,,,,
738,all,https://www.legislation.gov.au/C2004A05158/asmade/1997-05-22/text/original/pdf,principal_act,"No. 60, 1997",Hindmarsh Island Bridge Act 1997,C2004A05158,C2004A05158,eng,1997-05-22,as_enacted,in_force,,api_listing,,,,as_made_only
739,all,https://www.legislation.gov.au/C2004A05159/2026-07-01/2026-07-01/text/original/epub,principal_act,"No. 61, 1997",Retirement Savings Accounts Act 1997,C2004A05159,C2026C00315,eng,2026-07-01,consolidation,in_force,"Treasury Laws Amendment (Payday Superannuation) Act 2025 (No. 57, 2025)",api_listing,,,,
740,all,https://www.legislation.gov.au/C2004A05165/asmade/1997-06-05/text/original/pdf,principal_act,"No. 67, 1997",AIDC Sale Act 1997,C2004A05165,C2004A05165,eng,1997-06-05,as_enacted,in_force,,api_listing,,,,as_made_only
741,all,https://www.legislation.gov.au/C2004A05166/2009-09-18/2009-09-18/text/original/epub,principal_act,"No. 68, 1997",Superannuation Contributions Tax (Application to the Commonwealth) Act 1997,C2004A05166,C2009C00451,eng,2009-09-18,consolidation,in_force,"Tax Laws Amendment (2009 Measures No. 4) Act 2009 (No. 88, 2009)",api_listing,,,,
742,all,https://www.legislation.gov.au/C2004A05167/2005-08-12/2005-08-12/text/original/epub,principal_act,"No. 69, 1997",Superannuation Contributions Tax (Application to the Commonwealth—Reduction of Benefits) Act 1997,C2004A05167,C2005C00531,eng,2005-08-12,consolidation,in_force,"Superannuation Laws Amendment (Abolition of Surcharge) Act 2005 (No. 102, 2005)",api_listing,,,,
743,all,https://www.legislation.gov.au/C2004A05168/2023-10-20/2023-10-20/text/original/epub,principal_act,"No. 70, 1997",Superannuation Contributions Tax (Assessment and Collection) Act 1997,C2004A05168,C2023C00409,eng,2023-10-20,consolidation,in_force,"Treasury Laws Amendment (2023 Law Improvement Package No. 1) Act 2023 (No. 76, 2023)",api_listing,,,,
744,all,https://www.legislation.gov.au/C2004A05170/asmade/2005-08-12/text/original/pdf,principal_act,"No. 72, 1997",Superannuation Contributions Tax Imposition Act 1997,C2004A05170,C2005C00530,eng,2005-08-12,as_enacted,in_force,"Superannuation Laws Amendment (Abolition of Surcharge) Act 2005 (No. 102, 2005)",api_listing,,,,as_made_only
745,all,https://www.legislation.gov.au/C2004A05172/2023-09-14/2023-09-14/text/original/epub,principal_act,"No. 75, 1997",International Transfer of Prisoners Act 1997,C2004A05172,C2023C00237,eng,2023-09-14,consolidation,in_force,"Crimes and Other Legislation Amendment (Omnibus) Act 2023 (No. 63, 2023)",api_listing,,,,
746,all,https://www.legislation.gov.au/C2004A05173/2025-01-01/2025-01-01/text/original/epub,principal_act,"No. 76, 1997",Natural Heritage Trust of Australia Act 1997,C2004A05173,C2025C00028,eng,2025-01-01,consolidation,in_force,"Primary Industries (Consequential Amendments and Transitional Provisions) Act 2024 (No. 60, 2024)",api_listing,,,,
747,all,https://www.legislation.gov.au/C2004A05178/2024-10-14/2024-10-14/text/original/epub,principal_act,"No. 81, 1997",Hearing Services Administration Act 1997,C2004A05178,C2024C00689,eng,2024-10-14,consolidation,in_force,"Administrative Review Tribunal (Consequential and Transitional Provisions No. 1) Act 2024 (No. 38, 2024)",api_listing,,,,
748,all,https://www.legislation.gov.au/C2004A05179/2016-07-01/2016-07-01/text/original/epub,principal_act,"No. 82, 1997",Hearing Services and AGHS Reform Act 1997,C2004A05179,C2016C00804,eng,2016-07-01,consolidation,in_force,"Territories Legislation Amendment Act 2016 (No. 33, 2016)",api_listing,,,,
749,all,https://www.legislation.gov.au/C2004A05189/1997-06-30/1997-06-30/text/original/epub,principal_act,"No. 96, 1997",Australian National Railways Commission Sale Act 1997,C2004A05189,C2004C00908,eng,1997-06-30,consolidation,in_force,"Transport Legislation Amendment Act 2000 (No. 74, 2000)",api_listing,,,,
750,all,https://www.legislation.gov.au/C2004A05201/1999-12-05/1999-12-05/text/original/epub,principal_act,"No. 111, 1997",Commonwealth Vehicles (Registration and Exemption from Taxation) Act 1997,C2004A05201,C2004C00912,eng,1999-12-05,consolidation,in_force,"Public Employment (Consequential and Transitional) Amendment Act 1999 (No. 146, 1999)",api_listing,,,,
751,all,https://www.legislation.gov.au/C2004A05219/2026-04-09/2026-04-09/text/original/epub,principal_act,"No. 126, 1997",Multilateral Investment Guarantee Agency Act 1997,C2004A05219,C2026C00174,eng,2026-04-09,consolidation,in_force,"Treasury Laws Amendment (Genetic Testing Protections in Life Insurance and Other Measures) Act 2026 (No. 35, 2026)",api_listing,,,,
752,all,https://www.legislation.gov.au/C2004A05225/2010-12-17/2010-12-17/text/original/epub,principal_act,"No. 132, 1997",Franchise Fees Windfall Tax (Collection) Act 1997,C2004A05225,C2010C00830,eng,2010-12-17,consolidation,in_force,"Tax Laws Amendment (Confidentiality of Taxpayer Information) Act 2010 (No. 145, 2010)",api_listing,,,,
753,all,https://www.legislation.gov.au/C2004A05226/asmade/1997-08-05/text/original/pdf,principal_act,"No. 133, 1997",Franchise Fees Windfall Tax (Imposition) Act 1997,C2004A05226,C2004A05226,eng,1997-08-05,as_enacted,in_force,,api_listing,,,,as_made_only
754,all,https://www.legislation.gov.au/C2004A05237/2013-06-29/2013-06-29/text/original/epub,principal_act,"No. 144, 1997",Radiocommunications (Spectrum Licence Tax) Act 1997,C2004A05237,C2013C00543,eng,2013-06-29,consolidation,in_force,"Statute Law Revision Act 2013 (No. 103, 2013)",api_listing,,,,
755,all,https://www.legislation.gov.au/C2004A05241/2021-09-01/2021-09-01/text/original/epub,principal_act,"No. 148, 1997",Family Court of Western Australia (Orders of Registrars) Act 1997,C2004A05241,C2021C00513,eng,2021-09-01,consolidation,in_force,"Federal Circuit and Family Court of Australia (Consequential Amendments and Transitional Provisions) Act 2021 (No. 13, 2021)",api_listing,,,,
756,all,https://www.legislation.gov.au/C2004A05248/2023-10-17/2023-10-17/text/original/epub,principal_act,"No. 151, 1997",Auditor-General Act 1997,C2004A05248,C2023C00356,eng,2023-10-17,consolidation,in_force,"Members of Parliament (Staff) Amendment Act 2023 (No. 71, 2023)",api_listing,,,,
757,all,https://www.legislation.gov.au/C2004A05251/2024-05-31/2024-05-31/text/original/epub,principal_act,"No. 154, 1997",Financial Framework (Supplementary Powers) Act 1997,C2004A05251,C2024C00189,eng,2024-05-31,consolidation,in_force,"Financial Framework (Supplementary Powers) Amendment Act 2024 (No. 27, 2024)",api_listing,,,,
758,all,https://www.legislation.gov.au/C2004A05252/2023-10-18/2023-10-18/text/original/epub,principal_act,"No. 159, 1997",Health Insurance Commission (Reform and Separation of Functions) Act 1997,C2004A05252,C2023C00374,eng,2023-10-18,consolidation,in_force,"Statute Law Amendment (Prescribed Forms and Other Updates) Act 2023 (No. 74, 2023)",api_listing,,,,
759,all,https://www.legislation.gov.au/C2004A05267/2025-10-26/2025-10-26/text/original/epub,principal_act,"No. 173, 1997",Sydney Airport Demand Management Act 1997,C2004A05267,C2025C00585,eng,2025-10-26,consolidation,in_force,"Sydney Airport Demand Management Amendment Act 2024 (No. 131, 2024)",api_listing,,,,
760,all,https://www.legislation.gov.au/C2004A05270/2014-07-01/2014-07-01/text/original/epub,principal_act,"No. 176, 1997",Snowy Hydro Corporatisation Act 1997,C2004A05270,C2014C00390,eng,2014-07-01,consolidation,in_force,"Public Governance, Performance and Accountability (Consequential and Transitional Provisions) Act 2014 (No. 62, 2014)",api_listing,,,,
761,all,https://www.legislation.gov.au/C2004A05278/2005-08-12/2005-08-12/text/original/epub,principal_act,"No. 184, 1997",Superannuation Contributions Tax (Members of Constitutionally Protected Superannuation Funds) Imposition Act 1997,C2004A05278,C2005C00533,eng,2005-08-12,consolidation,in_force,"Superannuation Laws Amendment (Abolition of Surcharge) Act 2005 (No. 102, 2005)",api_listing,,,,
762,all,https://www.legislation.gov.au/C2004A05279/2022-09-28/2022-09-28/text/original/epub,principal_act,"No. 185, 1997",Superannuation Contributions Tax (Members of Constitutionally Protected Superannuation Funds) Assessment and Collection Act 1997,C2004A05279,C2022C00279,eng,2022-09-28,consolidation,in_force,"Family Law Amendment (Western Australia De Facto Superannuation Splitting and Bankruptcy) Act 2020 (No. 112, 2020)",api_listing,,,,
763,all,https://www.legislation.gov.au/C2004A05284/2026-03-21/2026-03-21/text/original/epub,principal_act,"No. 190, 1997",Trans-Tasman Mutual Recognition Act 1997,C2004A05284,C2026C00137,eng,2026-03-21,consolidation,in_force,Trans‑Tasman Mutual Recognition Amendment (Tobacco Laws) Regulations 2026,api_listing,,,,
764,all,https://www.legislation.gov.au/C2004A05292/2020-10-15/2020-10-15/text/original/epub,principal_act,"No. 203, 1997",Migration Agents Registration Application Charge Act 1997,C2004A05292,C2020C00326,eng,2020-10-15,consolidation,in_force,"Migration Agents Registration Application Charge Amendment (Rates of Charge) Act 2020 (No. 72, 2020)",api_listing,,,,
765,all,https://www.legislation.gov.au/C2004A05296/asmade/2009-07-01/text/original/pdf,principal_act,"No. 207, 1997",Australian Meat and Live-stock Industry (Repeals and Consequential Provisions) Act 1997,C2004A05296,C2009C00387,eng,2009-07-01,as_enacted,in_force,"Fair Work (State Referral and Consequential and Other Amendments) Act 2009 (No. 54, 2009)",api_listing,,,,as_made_only
766,all,https://www.legislation.gov.au/C2004A05323/2014-06-25/2014-06-25/text/original/epub,principal_act,"No. 10, 1998",Family Trust Distribution Tax (Primary Liability) Act 1998,C2004A05323,C2014C00345,eng,2014-06-25,consolidation,in_force,"Family Trust Distribution Tax (Primary Liability) Amendment (Temporary Budget Repair Levy) Act 2014 (No. 41, 2014)",api_listing,,,,
767,all,https://www.legislation.gov.au/C2004A05324/2011-06-27/2011-06-27/text/original/epub,principal_act,"No. 11, 1998",Family Trust Distribution Tax (Secondary Liability) Act 1998,C2004A05324,C2011C00492,eng,2011-06-27,consolidation,in_force,"Tax Laws Amendment (2011 Measures No. 2) Act 2011 (No. 41, 2011)",api_listing,,,,
768,all,https://www.legislation.gov.au/C2004A05326/2024-01-01/2024-01-01/text/original/epub,principal_act,"No. 14, 1998",Productivity Commission Act 1998,C2004A05326,C2024C00021,eng,2024-01-01,consolidation,in_force,"Treasury Laws Amendment (Modernising Business Communications and Other Measures) Act 2023 (No. 69, 2023)",api_listing,,,,
769,all,https://www.legislation.gov.au/C2004A05327/asmade/1998-04-16/text/original/pdf,principal_act,"No. 15, 1998","Productivity Commission (Repeals, Transitional and Consequential Amendments) Act 1998",C2004A05327,C2004A05327,eng,1998-04-16,as_enacted,in_force,,api_listing,,,,as_made_only
770,all,https://www.legislation.gov.au/C2004A05333/2020-03-25/2020-03-25/text/original/epub,principal_act,"No. 22, 1998",Charter of Budget Honesty Act 1998,C2004A05333,C2020C00126,eng,2020-03-25,consolidation,in_force,"Coronavirus Economic Response Package Omnibus Act 2020 (No. 22, 2020)",api_listing,,,,
771,all,https://www.legislation.gov.au/C2004A05335/2020-10-01/2020-10-01/text/original/epub,principal_act,"No. 24, 1998",Commonwealth Places (Mirror Taxes) Act 1998,C2004A05335,C2020C00295,eng,2020-10-01,consolidation,in_force,"Treasury Laws Amendment (2019 Measures No. 3) Act 2020 (No. 64, 2020)",api_listing,,,,
772,all,https://www.legislation.gov.au/C2004A05336/asmade/1997-10-06/text/original/pdf,principal_act,"No. 25, 1998",Commonwealth Places Windfall Tax (Collection) Act 1998,C2004A05336,C2004A05336,eng,1997-10-06,as_enacted,in_force,,api_listing,,,,as_made_only
773,all,https://www.legislation.gov.au/C2004A05337/asmade/1997-10-06/text/original/pdf,principal_act,"No. 26, 1998",Commonwealth Places Windfall Tax (Imposition) Act 1998,C2004A05337,C2004A05337,eng,1997-10-06,as_enacted,in_force,,api_listing,,,,as_made_only
774,all,https://www.legislation.gov.au/C2005A00001/asmade/2005-02-18/text/original/pdf,principal_act,"No. 1, 2005",A New Tax System (Goods and Services Tax Imposition (Recipients)—Customs) Act 2005,C2005A00001,C2005A00001,eng,2005-02-18,as_enacted,in_force,,api_listing,,,,as_made_only
775,all,https://www.legislation.gov.au/C2005A00002/asmade/2005-02-18/text/original/pdf,principal_act,"No. 2, 2005",A New Tax System (Goods and Services Tax Imposition (Recipients)—Excise) Act 2005,C2005A00002,C2005A00002,eng,2005-02-18,as_enacted,in_force,,api_listing,,,,as_made_only
776,all,https://www.legislation.gov.au/C2005A00003/asmade/2005-02-18/text/original/pdf,principal_act,"No. 3, 2005",A New Tax System (Goods and Services Tax Imposition (Recipients)—General) Act 2005,C2005A00003,C2005A00003,eng,2005-02-18,as_enacted,in_force,,api_listing,,,,as_made_only
777,all,https://www.legislation.gov.au/C2005A00004/2024-10-14/2024-10-14/text/original/epub,principal_act,"No. 4, 2005",Water Efficiency Labelling and Standards Act 2005,C2005A00004,C2024C00548,eng,2024-10-14,consolidation,in_force,"Administrative Review Tribunal (Consequential and Transitional Provisions No. 2) Act 2024 (No. 39, 2024)",api_listing,,,,
778,all,https://www.legislation.gov.au/C2005A00005/2025-11-08/2025-11-08/text/original/epub,principal_act,"No. 5, 2005",Australian Passports Act 2005,C2005A00005,C2025C00643,eng,2025-11-08,consolidation,in_force,"Criminal Code Amendment (State Sponsors of Terrorism) Act 2025 (No. 60, 2025)",api_listing,,,,
779,all,https://www.legislation.gov.au/C2005A00006/asmade/2005-02-18/text/original/pdf,principal_act,"No. 6, 2005",Australian Passports (Application Fees) Act 2005,C2005A00006,C2005A00006,eng,2005-02-18,as_enacted,in_force,,api_listing,,,,as_made_only
780,all,https://www.legislation.gov.au/C2005A00044/2025-12-05/2025-12-05/text/original/epub,principal_act,"No. 44, 2005",Australian Communications and Media Authority Act 2005,C2005A00044,C2025C00667,eng,2025-12-05,consolidation,in_force,"Regulatory Reform Omnibus Act 2025 (No. 73, 2025)",api_listing,,,,
781,all,https://www.legislation.gov.au/C2005A00045/asmade/2014-10-17/text/original/pdf,principal_act,"No. 45, 2005",Australian Communications and Media Authority (Consequential and Transitional Provisions) Act 2005,C2005A00045,C2014C00733,eng,2014-10-17,as_enacted,in_force,"Omnibus Repeal Day (Autumn 2014) Act 2014 (No. 109, 2014)",api_listing,,,,as_made_only
782,all,https://www.legislation.gov.au/C2005A00055/2018-06-19/2018-06-19/text/original/epub,principal_act,"No. 55, 2005",Social Security Legislation Amendment (One-off Payments for Carers) Act 2005,C2005A00055,C2018C00229,eng,2018-06-19,consolidation,in_force,"Statute Update (Autumn 2018) Act 2018 (No. 41, 2018)",api_listing,,,,
783,all,https://www.legislation.gov.au/C2005A00076/asmade/2005-06-29/text/original/pdf,principal_act,"No. 76, 2005",Shortfall Interest Charge (Imposition) Act 2005,C2005A00076,C2005A00076,eng,2005-06-29,as_enacted,in_force,,api_listing,,,,as_made_only
784,all,https://www.legislation.gov.au/C2005A00080/2026-07-01/2026-07-01/text/original/epub,principal_act,"No. 80, 2005",Superannuation Act 2005,C2005A00080,C2026C00320,eng,2026-07-01,consolidation,in_force,"Treasury Laws Amendment (Payday Superannuation) Act 2025 (No. 57, 2025)",api_listing,,,,
785,all,https://www.legislation.gov.au/C2005A00093/2018-06-19/2018-06-19/text/original/epub,principal_act,"No. 93, 2005",National Land Transport Act 2014,C2005A00093,C2018C00226,eng,2018-06-19,consolidation,in_force,"Statute Update (Autumn 2018) Act 2018 (No. 41, 2018)",api_listing,,,,
786,all,https://www.legislation.gov.au/C2005A00122/2014-07-01/2014-07-01/text/original/epub,principal_act,"No. 122, 2005",Asbestos-related Claims (Management of Commonwealth Liabilities) Act 2005,C2005A00122,C2014C00491,eng,2014-07-01,consolidation,in_force,"Public Governance, Performance and Accountability (Consequential and Transitional Provisions) Act 2014 (No. 62, 2014)",api_listing,,,,
787,all,https://www.legislation.gov.au/C2006A00004/2024-07-06/2024-07-06/text/original/epub,principal_act,"No. 4, 2006",Defence (Road Transport Legislation Exemption) Act 2006,C2006A00004,C2024C00322,eng,2024-07-06,consolidation,in_force,"COAG Legislation Amendment Act 2024 (No. 54, 2024)",api_listing,,,,
788,all,https://www.legislation.gov.au/C2006A00006/2021-11-04/2021-11-04/text/original/epub,principal_act,"No. 6, 2006",Sport Integrity Australia Act 2020,C2006A00006,C2021C00549,eng,2021-11-04,consolidation,in_force,"Major Sporting Events (Indicia and Images) Protection and Other Legislation Amendment Act 2021 (No. 117, 2021)",api_listing,,,,
789,all,https://www.legislation.gov.au/C2006A00007/asmade/2006-03-07/text/original/pdf,principal_act,"No. 7, 2006",Australian Sports Anti-Doping Authority (Consequential and Transitional Provisions) Act 2006,C2006A00007,C2006A00007,eng,2006-03-07,as_enacted,in_force,,api_listing,,,,as_made_only
790,all,https://www.legislation.gov.au/C2006A00012/2023-11-01/2023-11-01/text/original/epub,principal_act,"No. 12, 2006",Future Fund Act 2006,C2006A00012,C2023C00441,eng,2023-11-01,consolidation,in_force,"Treasury Laws Amendment (Housing Measures No. 1) Act 2023 (No. 81, 2023)",api_listing,,,,
791,all,https://www.legislation.gov.au/C2006A00014/2026-08-24/2026-08-24/text/original/epub,principal_act,"No. 14, 2006",Offshore Petroleum and Greenhouse Gas Storage Act 2006,C2006A00014,C2026C00394,eng,2026-08-24,consolidation,in_force,"Environment Protection Reform Act 2025 (No. 68, 2025)",api_listing,,,,
792,all,https://www.legislation.gov.au/C2006A00018/2016-03-05/2016-03-05/text/original/epub,principal_act,"No. 18, 2006",Offshore Petroleum (Royalty) Act 2006,C2006A00018,C2016C00402,eng,2016-03-05,consolidation,in_force,"Acts and Instruments (Framework Reform) (Consequential Provisions) Act 2015 (No. 126, 2015)",api_listing,,,,
793,all,https://www.legislation.gov.au/C2006A00026/2025-11-01/2025-11-01/text/original/epub,principal_act,"No. 26, 2006",Aged Care (Accommodation Payment Security) Act 2006,C2006A00026,C2025C00601,eng,2025-11-01,consolidation,in_force,"Aged Care and Other Legislation Amendment Act 2025 (No. 45, 2025)",api_listing,,,,
794,all,https://www.legislation.gov.au/C2006A00027/2025-11-01/2025-11-01/text/original/epub,principal_act,"No. 27, 2006",Aged Care (Accommodation Payment Security) Levy Act 2006,C2006A00027,C2025C00586,eng,2025-11-01,consolidation,in_force,"Aged Care (Accommodation Payment Security) Levy Amendment Act 2025 (No. 43, 2025)",api_listing,,,,
795,all,https://www.legislation.gov.au/C2006A00035/2014-07-01/2014-07-01/text/original/epub,principal_act,"No. 35, 2006",Cancer Australia Act 2006,C2006A00035,C2014C00376,eng,2014-07-01,consolidation,in_force,"Public Governance, Performance and Accountability (Consequential and Transitional Provisions) Act 2014 (No. 62, 2014)",api_listing,,,,
796,all,https://www.legislation.gov.au/C2006A00053/2011-09-16/2011-09-16/text/original/epub,principal_act,"No. 53, 2006",Child Support Legislation Amendment (Reform of the Child Support Scheme—Initial Measures) Act 2006,C2006A00053,C2011C00779,eng,2011-09-16,consolidation,in_force,"Statute Stocktake Act (No. 1) 2011 (No. 100, 2011)",api_listing,,,,
797,all,https://www.legislation.gov.au/C2006A00056/2011-09-16/2011-09-16/text/original/epub,principal_act,"No. 56, 2006",Australian Trade Commission Legislation Amendment Act 2006,C2006A00056,C2011C00785,eng,2011-09-16,consolidation,in_force,"Statute Stocktake Act (No. 1) 2011 (No. 100, 2011)",api_listing,,,,
798,all,https://www.legislation.gov.au/C2006A00065/2007-03-15/2007-03-15/text/original/epub,principal_act,"No. 65, 2006",Electoral and Referendum Amendment (Electoral Integrity and Other Measures) Act 2006,C2006A00065,C2008C00455,eng,2007-03-15,consolidation,in_force,"Statute Law Revision Act 2008 (No. 73, 2008)",api_listing,,,,
799,all,https://www.legislation.gov.au/C2006A00072/2026-04-02/2026-04-02/text/original/epub,principal_act,"No. 72, 2006",Fuel Tax Act 2006,C2006A00072,C2026C00140,eng,2026-04-02,consolidation,in_force,"Treasury Laws Amendment (Fuel Excise Relief) Act 2026 (No. 22, 2026)",api_listing,,,,
800,all,https://www.legislation.gov.au/C2006A00073/2014-07-01/2014-07-01/text/original/epub,principal_act,"No. 73, 2006",Fuel Tax (Consequential and Transitional Provisions) Act 2006,C2006A00073,C2014C00464,eng,2014-07-01,consolidation,in_force,"Clean Energy Legislation (Carbon Tax Repeal) Act 2014 (No. 83, 2014)",api_listing,,,,
801,all,https://www.legislation.gov.au/C2006A00079/asmade/2006-06-30/text/original/pdf,principal_act,"No. 79, 2006",Petroleum Resource Rent Tax (Instalment Transfer Interest Charge Imposition) Act 2006,C2006A00079,C2006A00079,eng,2006-06-30,as_enacted,in_force,,api_listing,,,,as_made_only
802,all,https://www.legislation.gov.au/C2006A00081/asmade/2006-06-30/text/original/pdf,principal_act,"No. 81, 2006",New Business Tax System (Untainting Tax) Act 2006,C2006A00081,C2006A00081,eng,2006-06-30,as_enacted,in_force,,api_listing,,,,as_made_only
803,all,https://www.legislation.gov.au/C2006A00082/asmade/2002-07-01/text/original/pdf,principal_act,"No. 82, 2006","Families, Community Services and Indigenous Affairs and Other Legislation (2006 Budget and Other Measures) Act 2006",C2006A00082,C2006A00082,eng,2002-07-01,as_enacted,in_force,,api_listing,,,,as_made_only
804,all,https://www.legislation.gov.au/C2006A00084/asmade/2006-06-30/text/original/pdf,principal_act,"No. 84, 2006",Law Enforcement (AFP Professional Standards and Related Measures) Act 2006,C2006A00084,C2006A00084,eng,2006-06-30,as_enacted,in_force,,api_listing,,,,as_made_only
805,all,https://www.legislation.gov.au/C2006A00086/asmade/2006-06-13/text/original/pdf,principal_act,"No. 86, 2006",Law Enforcement Integrity Commissioner (Consequential Amendments) Act 2006,C2006A00086,C2006A00086,eng,2006-06-13,as_enacted,in_force,,api_listing,,,,as_made_only
806,all,https://www.legislation.gov.au/C2006A00088/2021-09-01/2021-09-01/text/original/epub,principal_act,"No. 88, 2006",Do Not Call Register Act 2006,C2006A00088,C2021C00356,eng,2021-09-01,consolidation,in_force,"Federal Circuit and Family Court of Australia (Consequential Amendments and Transitional Provisions) Act 2021 (No. 13, 2021)",api_listing,,,,
807,all,https://www.legislation.gov.au/C2006A00107/2023-01-01/2023-01-01/text/original/epub,principal_act,"No. 107, 2006",Protection of the Sea (Harmful Anti-fouling Systems) Act 2006,C2006A00107,C2023C00019,eng,2023-01-01,consolidation,in_force,"Maritime Legislation Amendment Act 2022 (No. 78, 2022)",api_listing,,,,
808,all,https://www.legislation.gov.au/C2006A00124/2025-12-05/2025-12-05/text/original/epub,principal_act,"No. 124, 2006",Corporations (Aboriginal and Torres Strait Islander) Act 2006,C2006A00124,C2025C00681,eng,2025-12-05,consolidation,in_force,"Treasury Laws Amendment (Strengthening Financial Systems and Other Measures) Act 2025 (No. 72, 2025)",api_listing,,,,
809,all,https://www.legislation.gov.au/C2006A00125/2010-03-01/2010-03-01/text/original/epub,principal_act,"No. 125, 2006","Corporations (Aboriginal and Torres Strait Islander) Consequential, Transitional and Other Measures Act 2006",C2006A00125,C2010C00237,eng,2010-03-01,consolidation,in_force,"Statute Law Revision Act 2010 (No. 8, 2010)",api_listing,,,,
810,all,https://www.legislation.gov.au/C2006A00135/2026-07-01/2026-07-01/text/original/epub,principal_act,"No. 135, 2006",Australian Participants in British Nuclear Tests and British Commonwealth Occupation Force (Treatment) Act 2006,C2006A00135,C2026C00268,eng,2026-07-01,consolidation,in_force,"Veterans’ Entitlements, Treatment and Support (Simplification and Harmonisation) Act 2025 (No. 17, 2025)",api_listing,,,,
811,all,https://www.legislation.gov.au/C2006A00146/asmade/2008-07-01/text/original/pdf,principal_act,"No. 146, 2006",Child Support Legislation Amendment (Reform of the Child Support Scheme—New Formula and Other Measures) Act 2006,C2006A00146,C2010C00151,eng,2008-07-01,as_enacted,in_force,"Statute Law Revision Act 2010 (No. 8, 2010)",api_listing,,,,as_made_only
812,all,https://www.legislation.gov.au/C2006A00149/2024-10-14/2024-10-14/text/original/epub,principal_act,"No. 149, 2006",Inspector of Transport Security Act 2006,C2006A00149,C2024C00566,eng,2024-10-14,consolidation,in_force,"Administrative Review Tribunal (Consequential and Transitional Provisions No. 2) Act 2024 (No. 39, 2024)",api_listing,,,,
813,all,https://www.legislation.gov.au/C2006A00156/asmade/2006-12-08/text/original/pdf,principal_act,"No. 156, 2006","Families, Community Services and Indigenous Affairs and Veterans' Affairs Legislation Amendment (2006 Budget Measures) Act 2006",C2006A00156,C2006A00156,eng,2006-12-08,as_enacted,in_force,,api_listing,,,,as_made_only
814,all,https://www.legislation.gov.au/C2006A00160/2023-10-20/2023-10-20/text/original/epub,principal_act,"No. 160, 2006",Medibank Private Sale Act 2006,C2006A00160,C2023C00427,eng,2023-10-20,consolidation,in_force,"Treasury Laws Amendment (2023 Law Improvement Package No. 1) Act 2023 (No. 76, 2023)",api_listing,,,,
815,all,https://www.legislation.gov.au/C2006A00162/2024-08-26/2024-08-26/text/original/epub,principal_act,"No. 162, 2006",Independent Contractors Act 2006,C2006A00162,C2024C00351,eng,2024-08-26,consolidation,in_force,"Fair Work Legislation Amendment (Closing Loopholes No. 2) Act 2024 (No. 2, 2024)",api_listing,,,,
816,all,https://www.legislation.gov.au/C2006A00169/2026-07-01/2026-07-01/text/original/epub,principal_act,"No. 169, 2006",Anti-Money Laundering and Counter-Terrorism Financing Act 2006,C2006A00169,C2026C00274,eng,2026-07-01,consolidation,in_force,"Anti-Money Laundering and Counter-Terrorism Financing Amendment Act 2024 (No. 110, 2024)",api_listing,,,,
817,all,https://www.legislation.gov.au/C2006A00170/2007-04-13/2007-04-13/text/original/epub,principal_act,"No. 170, 2006",Anti-Money Laundering and Counter-Terrorism Financing (Transitional Provisions and Consequential Amendments) Act 2006,C2006A00170,C2007C00287,eng,2007-04-13,consolidation,in_force,"Anti-Money Laundering and Counter-Terrorism Financing Amendment Act 2007 (No. 52, 2007)",api_listing,,,,
818,all,https://www.legislation.gov.au/C2007A00006/asmade/2007-02-19/text/original/pdf,principal_act,"No. 6, 2007",Export Finance and Insurance Corporation Amendment Act 2007,C2007A00006,C2007A00006,eng,2007-02-19,as_enacted,in_force,,api_listing,,,,as_made_only
819,all,https://www.legislation.gov.au/C2007A00011/2014-06-25/2014-06-25/text/original/epub,principal_act,"No. 11, 2007",Superannuation (Excess Non-concessional Contributions Tax) Act 2007,C2007A00011,C2014C00330,eng,2014-06-25,consolidation,in_force,"Superannuation (Excess Non-concessional Contributions Tax) Amendment (Temporary Budget Repair Levy) Act 2014 (No. 52, 2014)",api_listing,,,,
820,all,https://www.legislation.gov.au/C2007A00012/2014-06-25/2014-06-25/text/original/epub,principal_act,"No. 12, 2007",Superannuation (Excess Untaxed Roll-over Amounts Tax) Act 2007,C2007A00012,C2014C00322,eng,2014-06-25,consolidation,in_force,"Superannuation (Excess Untaxed Roll-over Amounts Tax) Amendment (Temporary Budget Repair Levy) Act 2014 (No. 53, 2014)",api_listing,,,,
821,all,https://www.legislation.gov.au/C2007A00013/2016-12-02/2016-12-02/text/original/epub,principal_act,"No. 13, 2007",Superannuation (Departing Australia Superannuation Payments Tax) Act 2007,C2007A00013,C2016C01135,eng,2016-12-02,consolidation,in_force,"Superannuation (Departing Australia Superannuation Payments Tax) Amendment Act (No. 2) 2016 (No. 94, 2016)",api_listing,,,,
822,all,https://www.legislation.gov.au/C2007A00020/2026-06-04/2026-06-04/text/original/epub,principal_act,"No. 20, 2007",Australian Citizenship Act 2007,C2007A00020,C2026C00236,eng,2026-06-04,consolidation,in_force,"Strengthening Oversight of the National Intelligence Community Act 2025 (No. 75, 2025)",api_listing,,,,
823,all,https://www.legislation.gov.au/C2007A00021/2015-07-01/2015-07-01/text/original/epub,principal_act,"No. 21, 2007",Australian Citizenship (Transitionals and Consequentials) Act 2007,C2007A00021,C2015C00383,eng,2015-07-01,consolidation,in_force,"Tribunals Amalgamation Act 2015 (No. 60, 2015)",api_listing,,,,
824,all,https://www.legislation.gov.au/C2007A00023/asmade/2007-03-15/text/original/pdf,principal_act,"No. 23, 2007",Family Law (Divorce Fees Validation) Act 2007,C2007A00023,C2007A00023,eng,2007-03-15,as_enacted,in_force,,api_listing,,,,as_made_only
825,all,https://www.legislation.gov.au/C2007A00031/2026-04-01/2026-04-01/text/original/epub,principal_act,"No. 31, 2007",Private Health Insurance Act 2007,C2007A00031,C2026C00134,eng,2026-04-01,consolidation,in_force,"Health Legislation Amendment (Miscellaneous Measures No. 1) Act 2025 (No. 54, 2025)",api_listing,,,,
826,all,https://www.legislation.gov.au/C2007A00032/2023-07-01/2023-07-01/text/original/epub,principal_act,"No. 32, 2007",Private Health Insurance (Transitional Provisions and Consequential Amendments) Act 2007,C2007A00032,C2023C00183,eng,2023-07-01,consolidation,in_force,"Private Health Insurance Legislation Amendment (Medical Device and Human Tissue Product List and Cost Recovery) Act 2023 (No. 8, 2023)",api_listing,,,,
827,all,https://www.legislation.gov.au/C2007A00033/2023-07-01/2023-07-01/text/original/epub,principal_act,"No. 33, 2007",Private Health Insurance (Medical Devices and Human Tissue Products Levy) Act 2007,C2007A00033,C2023C00167,eng,2023-07-01,consolidation,in_force,"Private Health Insurance (Prostheses Application and Listing Fees) Amendment (Cost Recovery) Act 2023 (No. 7, 2023)",api_listing,,,,
828,all,https://www.legislation.gov.au/C2007A00038/2016-03-05/2016-03-05/text/original/epub,principal_act,"No. 38, 2007",Airspace Act 2007,C2007A00038,C2016C00178,eng,2016-03-05,consolidation,in_force,"Acts and Instruments (Framework Reform) (Consequential Provisions) Act 2015 (No. 126, 2015)",api_listing,,,,
829,all,https://www.legislation.gov.au/C2007A00039/asmade/2007-03-30/text/original/pdf,principal_act,"No. 39, 2007",Airspace (Consequentials and Other Measures) Act 2007,C2007A00039,C2007A00039,eng,2007-03-30,as_enacted,in_force,,api_listing,,,,as_made_only
830,all,https://www.legislation.gov.au/C2007A00053/2026-01-22/2026-01-22/text/original/epub,principal_act,"No. 53, 2007",AusCheck Act 2007,C2007A00053,C2026C00065,eng,2026-01-22,consolidation,in_force,"Combatting Antisemitism, Hate and Extremism (Firearms and Customs Laws) Act 2026 (No. 1, 2026)",api_listing,,,,
831,all,https://www.legislation.gov.au/C2007A00074/asmade/2007-06-05/text/original/pdf,principal_act,"No. 74, 2007",Governance Review Implementation (Treasury Portfolio Agencies) Act 2007,C2007A00074,C2007A00074,eng,2007-06-05,as_enacted,in_force,,api_listing,,,,as_made_only
832,all,https://www.legislation.gov.au/C2007A00110/asmade/2007-06-28/text/original/pdf,principal_act,"No. 110, 2007",Migration (Sponsorship Fees) Act 2007,C2007A00110,C2007A00110,eng,2007-06-28,as_enacted,in_force,,api_listing,,,,as_made_only
833,all,https://www.legislation.gov.au/C2007A00137/2026-09-05/2026-09-05/text/original/epub,principal_act,"No. 137, 2007",Water Act 2007,C2007A00137,C2026C00398,eng,2026-09-05,consolidation,in_force,Water Amendment (Murray-Darling Basin Agreement—River Murray Increased Flows and Other Measures) Regulations 2026,api_listing,,,,
834,all,https://www.legislation.gov.au/C2007A00144/2014-06-25/2014-06-25/text/original/epub,principal_act,"No. 144, 2007",Taxation (Trustee Beneficiary Non-disclosure Tax) Act (No. 1) 2007,C2007A00144,C2014C00326,eng,2014-06-25,consolidation,in_force,"Taxation (Trustee Beneficiary Non-disclosure Tax) (No. 1) Amendment (Temporary Budget Repair Levy) Act 2014 (No. 54, 2014)",api_listing,,,,
835,all,https://www.legislation.gov.au/C2007A00145/2014-06-25/2014-06-25/text/original/epub,principal_act,"No. 145, 2007",Taxation (Trustee Beneficiary Non-disclosure Tax) Act (No. 2) 2007,C2007A00145,C2014C00329,eng,2014-06-25,consolidation,in_force,"Taxation (Trustee Beneficiary Non-disclosure Tax) (No. 2) Amendment (Temporary Budget Repair Levy) Act 2014 (No. 55, 2014)",api_listing,,,,
836,all,https://www.legislation.gov.au/C2007A00150/2013-07-01/2013-07-01/text/original/epub,principal_act,"No. 150, 2007",Maritime Legislation Amendment Act 2007,C2007A00150,C2013C00356,eng,2013-07-01,consolidation,in_force,"Navigation (Consequential Amendments) Act 2012 (No. 129, 2012)",api_listing,,,,
837,all,https://www.legislation.gov.au/C2007A00174/2026-01-01/2026-01-01/text/original/epub,principal_act,"No. 174, 2007",National Health Security Act 2007,C2007A00174,C2026C00059,eng,2026-01-01,consolidation,in_force,"Australian Centre for Disease Control (Consequential Amendments and Transitional Provisions) Act 2025 (No. 62, 2025)",api_listing,,,,
838,all,https://www.legislation.gov.au/C2007A00175/2025-11-03/2025-11-03/text/original/epub,principal_act,"No. 175, 2007",National Greenhouse and Energy Reporting Act 2007,C2007A00175,C2025C00621,eng,2025-11-03,consolidation,in_force,"Future Made in Australia (Guarantee of Origin Consequential Amendments and Transitional Provisions) Act 2024 (No. 123, 2024)",api_listing,,,,
839,all,https://www.legislation.gov.au/C2008A00012/2016-03-05/2016-03-05/text/original/epub,principal_act,"No. 12, 2008",Screen Australia Act 2008,C2008A00012,C2016C00421,eng,2016-03-05,consolidation,in_force,"Acts and Instruments (Framework Reform) (Consequential Provisions) Act 2015 (No. 126, 2015)",api_listing,,,,
840,all,https://www.legislation.gov.au/C2008A00013/2016-03-05/2016-03-05/text/original/epub,principal_act,"No. 13, 2008",Screen Australia and the National Film and Sound Archive of Australia (Consequential and Transitional Provisions) Act 2008,C2008A00013,C2016C00432,eng,2016-03-05,consolidation,in_force,"Acts and Instruments (Framework Reform) (Consequential Provisions) Act 2015 (No. 126, 2015)",api_listing,,,,
841,all,https://www.legislation.gov.au/C2008A00014/2021-05-01/2021-05-01/text/original/epub,principal_act,"No. 14, 2008",National Film and Sound Archive of Australia Act 2008,C2008A00014,C2021C00208,eng,2021-05-01,consolidation,in_force,"National Collecting Institutions Legislation Amendment Act 2021 (No. 20, 2021)",api_listing,,,,
842,all,https://www.legislation.gov.au/C2008A00017/2024-04-15/2024-04-15/text/original/epub,principal_act,"No. 17, 2008",Infrastructure Australia Act 2008,C2008A00017,C2024C00152,eng,2024-04-15,consolidation,in_force,"Infrastructure Australia Amendment (Independent Review) Act 2023 (No. 117, 2023)",api_listing,,,,
843,all,https://www.legislation.gov.au/C2008A00019/asmade/2008-05-26/text/original/pdf,principal_act,"No. 19, 2008",Social Security and Veterans' Entitlements Legislation Amendment (One-off Payments and Other Budget Measures) Act 2008,C2008A00019,C2010C00286,eng,2008-05-26,as_enacted,in_force,"Statute Law Revision Act 2010 (No. 8, 2010)",api_listing,,,,as_made_only
844,all,https://www.legislation.gov.au/C2008A00024/2020-12-18/2020-12-18/text/original/epub,principal_act,"No. 24, 2008",Cross-Border Insolvency Act 2008,C2008A00024,C2021C00032,eng,2020-12-18,consolidation,in_force,"Territories Legislation Amendment Act 2020 (No. 154, 2020)",api_listing,,,,
845,all,https://www.legislation.gov.au/C2008A00027/2024-10-14/2024-10-14/text/original/epub,principal_act,"No. 27, 2008",Defence Home Ownership Assistance Scheme Act 2008,C2008A00027,C2024C00637,eng,2024-10-14,consolidation,in_force,"Administrative Review Tribunal (Consequential and Transitional Provisions No. 1) Act 2024 (No. 38, 2024)",api_listing,,,,
846,all,https://www.legislation.gov.au/C2008A00030/asmade/2008-06-23/text/original/pdf,principal_act,"No. 30, 2008",Income Tax (Managed Investment Trust Transitional) Act 2008,C2008A00030,C2008A00030,eng,2008-06-23,as_enacted,in_force,,api_listing,,,,as_made_only
847,all,https://www.legislation.gov.au/C2008A00031/2019-07-01/2019-07-01/text/original/epub,principal_act,"No. 31, 2008",Income Tax (Managed Investment Trust Withholding Tax) Act 2008,C2008A00031,C2019C00219,eng,2019-07-01,consolidation,in_force,"Income Tax (Managed Investment Trust Withholding Tax) Amendment Act 2019 (No. 35, 2019)",api_listing,,,,
848,all,https://www.legislation.gov.au/C2008A00036/asmade/2008-06-24/text/original/pdf,principal_act,"No. 36, 2008",Fisheries Legislation Amendment (New Governance Arrangements for the Australian Fisheries Management Authority and Other Matters) Act 2008,C2008A00036,C2008A00036,eng,2008-06-24,as_enacted,in_force,,api_listing,,,,as_made_only
849,all,https://www.legislation.gov.au/C2008A00041/2026-07-01/2026-07-01/text/original/epub,principal_act,"No. 41, 2008",Dental Benefits Act 2008,C2008A00041,C2026C00289,eng,2026-07-01,consolidation,in_force,"Veterans’ Entitlements, Treatment and Support (Simplification and Harmonisation) Act 2025 (No. 17, 2025)",api_listing,,,,
850,all,https://www.legislation.gov.au/C2008A00061/asmade/2008-06-30/text/original/pdf,principal_act,"No. 61, 2008",Governance Review Implementation (AASB and AUASB) Act 2008,C2008A00061,C2008A00061,eng,2008-06-30,as_enacted,in_force,,api_listing,,,,as_made_only
851,all,https://www.legislation.gov.au/C2008A00076/2024-10-14/2024-10-14/text/original/epub,principal_act,"No. 76, 2008",Protection of the Sea (Civil Liability for Bunker Oil Pollution Damage) Act 2008,C2008A00076,C2024C00684,eng,2024-10-14,consolidation,in_force,"Administrative Review Tribunal (Consequential and Transitional Provisions No. 1) Act 2024 (No. 38, 2024)",api_listing,,,,
852,all,https://www.legislation.gov.au/C2008A00103/asmade/2008-10-17/text/original/pdf,principal_act,"No. 103, 2008",Financial Claims Scheme (ADIs) Levy Act 2008,C2008A00103,C2008A00103,eng,2008-10-17,as_enacted,in_force,,api_listing,,,,as_made_only
853,all,https://www.legislation.gov.au/C2008A00104/asmade/2008-10-17/text/original/pdf,principal_act,"No. 104, 2008",Financial Claims Scheme (General Insurers) Levy Act 2008,C2008A00104,C2008A00104,eng,2008-10-17,as_enacted,in_force,,api_listing,,,,as_made_only
854,all,https://www.legislation.gov.au/C2008A00121/2025-12-05/2025-12-05/text/original/epub,principal_act,"No. 121, 2008",National Rental Affordability Scheme Act 2008,C2008A00121,C2025C00679,eng,2025-12-05,consolidation,in_force,"Treasury Laws Amendment (Strengthening Financial Systems and Other Measures) Act 2025 (No. 72, 2025)",api_listing,,,,
855,all,https://www.legislation.gov.au/C2008A00122/2024-02-21/2024-02-21/text/original/epub,principal_act,"No. 122, 2008",Australian Organ and Tissue Donation and Transplantation Authority Act 2008,C2008A00122,C2024C00060,eng,2024-02-21,consolidation,in_force,"Australian Organ and Tissue Donation and Transplantation Authority Amendment (Disclosure of Information) Act 2023 (No. 58, 2023)",api_listing,,,,
856,all,https://www.legislation.gov.au/C2008A00129/asmade/2008-11-27/text/original/pdf,principal_act,"No. 129, 2008",Guarantee Scheme for Large Deposits and Wholesale Funding Appropriation Act 2008,C2008A00129,C2008A00129,eng,2008-11-27,as_enacted,in_force,,api_listing,,,,as_made_only
857,all,https://www.legislation.gov.au/C2008A00134/2015-07-01/2015-07-01/text/original/epub,principal_act,"No. 134, 2008",Same-Sex Relationships (Equal Treatment in Commonwealth Laws—Superannuation) Act 2008,C2008A00134,C2015C00455,eng,2015-07-01,consolidation,in_force,"Governance of Australian Government Superannuation Schemes Legislation Amendment Act 2015 (No. 65, 2015)",api_listing,,,,
858,all,https://www.legislation.gov.au/C2008A00136/2024-07-06/2024-07-06/text/original/epub,principal_act,"No. 136, 2008","Australian Curriculum, Assessment and Reporting Authority Act 2008",C2008A00136,C2024C00282,eng,2024-07-06,consolidation,in_force,"COAG Legislation Amendment Act 2024 (No. 54, 2024)",api_listing,,,,
859,all,https://www.legislation.gov.au/C2008A00143/asmade/2008-12-09/text/original/pdf,principal_act,"No. 143, 2008","Families, Housing, Community Services and Indigenous Affairs and Other Legislation Amendment (Further 2008 Budget and Other Measures) Act 2008",C2008A00143,C2008A00143,eng,2008-12-09,as_enacted,in_force,,api_listing,,,,as_made_only
860,all,https://www.legislation.gov.au/C2008A00148/asmade/2008-12-11/text/original/pdf,principal_act,"No. 148, 2008",Road Charges Legislation Repeal and Amendment Act 2008,C2008A00148,C2008A00148,eng,2008-12-11,as_enacted,in_force,,api_listing,,,,as_made_only
861,all,https://www.legislation.gov.au/C2008A00153/2016-03-05/2016-03-05/text/original/epub,principal_act,"No. 153, 2008",Schools Assistance Act 2008,C2008A00153,C2016C00447,eng,2016-03-05,consolidation,in_force,"Acts and Instruments (Framework Reform) (Consequential Provisions) Act 2015 (No. 126, 2015)",api_listing,,,,
862,all,https://www.legislation.gov.au/C2008A00155/asmade/2008-12-18/text/original/pdf,principal_act,"No. 155, 2008",Nation-building Funds (Consequential Amendments) Act 2008,C2008A00155,C2008A00155,eng,2008-12-18,as_enacted,in_force,,api_listing,,,,as_made_only
863,all,https://www.legislation.gov.au/C2008A00156/2024-07-06/2024-07-06/text/original/epub,principal_act,"No. 156, 2008",Federation Reform Fund Act 2008,C2008A00156,C2024C00272,eng,2024-07-06,consolidation,in_force,"COAG Legislation Amendment Act 2024 (No. 54, 2024)",api_listing,,,,
864,all,https://www.legislation.gov.au/C2008A00157/asmade/2008-12-18/text/original/pdf,principal_act,"No. 157, 2008",Safe Work Australia (Consequential and Transitional Provisions) Act 2008,C2008A00157,C2008A00157,eng,2008-12-18,as_enacted,in_force,,api_listing,,,,as_made_only
865,all,https://www.legislation.gov.au/C2009A00004/asmade/2009-01-01/text/original/pdf,principal_act,"No. 4, 2009",Household Stimulus Package Act (No. 2) 2009,C2009A00004,C2009A00004,eng,2009-01-01,as_enacted,in_force,,api_listing,,,,as_made_only
866,all,https://www.legislation.gov.au/C2009A00011/2024-12-11/2024-12-11/text/original/epub,principal_act,"No. 11, 2009",Federal Financial Relations Act 2009,C2009A00011,C2024C00843,eng,2024-12-11,consolidation,in_force,"Treasury Laws Amendment (Responsible Buy Now Pay Later and Other Measures) Act 2024 (No. 138, 2024)",api_listing,,,,
867,all,https://www.legislation.gov.au/C2009A00013/2025-02-21/2025-02-21/text/original/epub,principal_act,"No. 13, 2009",Tax Agent Services Act 2009,C2009A00013,C2025C00107,eng,2025-02-21,consolidation,in_force,"Administrative Review Tribunal (Miscellaneous Measures) Act 2025 (No. 14, 2025)",api_listing,,,,
868,all,https://www.legislation.gov.au/C2009A00028/2026-07-07/2026-07-07/text/original/epub,principal_act,"No. 28, 2009",Fair Work Act 2009,C2009A00028,C2026C00355,eng,2026-07-07,consolidation,in_force,"Workplace Relations Legislation Amendment (Building Cooperative Workplaces No. 1) Act 2026 (No. 62, 2026)",api_listing,,,,
869,all,https://www.legislation.gov.au/C2009A00029/asmade/2009-05-13/text/original/pdf,principal_act,"No. 29, 2009",Customs Tariff Validation Act 2009,C2009A00029,C2009A00029,eng,2009-05-13,as_enacted,in_force,,api_listing,,,,as_made_only
870,all,https://www.legislation.gov.au/C2009A00030/asmade/2009-05-13/text/original/pdf,principal_act,"No. 30, 2009",Excise Tariff Validation Act 2009,C2009A00030,C2009A00030,eng,2009-05-13,as_enacted,in_force,,api_listing,,,,as_made_only
871,all,https://www.legislation.gov.au/C2009A00051/2025-11-18/2025-11-18/text/original/epub,principal_act,"No. 51, 2009",Private Health Insurance (National Joint Replacement Register Levy) Act 2009,C2009A00051,C2025C00637,eng,2025-11-18,consolidation,in_force,"Private Health Insurance (National Joint Replacement Register Levy) Amendment Act 2025 (No. 55, 2025)",api_listing,,,,
872,all,https://www.legislation.gov.au/C2009A00055/2022-12-07/2022-12-07/text/original/epub,principal_act,"No. 55, 2009",Fair Work (Transitional Provisions and Consequential Amendments) Act 2009,C2009A00055,C2022C00331,eng,2022-12-07,consolidation,in_force,"Fair Work Legislation Amendment (Secure Jobs, Better Pay) Act 2022 (No. 79, 2022)",api_listing,,,,
873,all,https://www.legislation.gov.au/C2009A00061/asmade/2009-06-29/text/original/pdf,principal_act,"No. 61, 2009",Guarantee of State and Territory Borrowing Appropriation Act 2009,C2009A00061,C2009A00061,eng,2009-06-29,as_enacted,in_force,,api_listing,,,,as_made_only
874,all,https://www.legislation.gov.au/C2009A00084/2023-09-21/2023-09-21/text/original/epub,principal_act,"No. 84, 2009",Safe Work Australia Act 2008,C2009A00084,C2023C00248,eng,2023-09-21,consolidation,in_force,"Work Health and Safety Amendment Act 2023 (No. 9, 2023)",api_listing,,,,
875,all,https://www.legislation.gov.au/C2009A00092/asmade/2009-09-22/text/original/pdf,principal_act,"No. 92, 2009",Military Justice (Interim Measures) Act (No. 2) 2009,C2009A00092,C2009A00092,eng,2009-09-22,as_enacted,in_force,,api_listing,,,,as_made_only
876,all,https://www.legislation.gov.au/C2009A00093/2014-10-17/2014-10-17/text/original/epub,principal_act,"No. 93, 2009",Automotive Transformation Scheme Act 2009,C2009A00093,C2014C00735,eng,2014-10-17,consolidation,in_force,"Omnibus Repeal Day (Autumn 2014) Act 2014 (No. 109, 2014)",api_listing,,,,
877,all,https://www.legislation.gov.au/C2009A00095/2023-10-18/2023-10-18/text/original/epub,principal_act,"No. 95, 2009",Uranium Royalty (Northern Territory) Act 2009,C2009A00095,C2023C00364,eng,2023-10-18,consolidation,in_force,"Statute Law Amendment (Prescribed Forms and Other Updates) Act 2023 (No. 74, 2023)",api_listing,,,,
878,all,https://www.legislation.gov.au/C2009A00112/2022-06-22/2022-06-22/text/original/epub,principal_act,"No. 112, 2009",National Consumer Credit Protection (Fees) Act 2009,C2009A00112,C2022C00182,eng,2022-06-22,consolidation,in_force,,api_listing,,,,
879,all,https://www.legislation.gov.au/C2009A00114/asmade/2009-11-16/text/original/pdf,principal_act,"No. 114, 2009",Tax Agent Services (Transitional Provisions and Consequential Amendments) Act 2009,C2009A00114,C2009A00114,eng,2009-11-16,as_enacted,in_force,,api_listing,,,,as_made_only
880,all,https://www.legislation.gov.au/C2009A00125/2024-10-14/2024-10-14/text/original/epub,principal_act,"No. 125, 2009",Resale Royalty Right for Visual Artists Act 2009,C2009A00125,C2024C00506,eng,2024-10-14,consolidation,in_force,"Administrative Review Tribunal (Consequential and Transitional Provisions No. 1) Act 2024 (No. 38, 2024)",api_listing,,,,
881,all,https://www.legislation.gov.au/C2009A00130/2024-10-14/2024-10-14/text/original/epub,principal_act,"No. 130, 2009",Personal Property Securities Act 2009,C2009A00130,C2024C00719,eng,2024-10-14,consolidation,in_force,"Administrative Review Tribunal (Consequential and Transitional Provisions No. 2) Act 2024 (No. 39, 2024)",api_listing,,,,
882,all,https://www.legislation.gov.au/C2009A00132/2014-06-25/2014-06-25/text/original/epub,principal_act,"No. 132, 2009",Income Tax (TFN Withholding Tax (ESS)) Act 2009,C2009A00132,C2014C00346,eng,2014-06-25,consolidation,in_force,"Income Tax (TFN Withholding Tax (ESS)) Amendment (Temporary Budget Repair Levy) Act 2014 (No. 46, 2014)",api_listing,,,,
883,all,https://www.legislation.gov.au/C2009A00134/2026-07-01/2026-07-01/text/original/epub,principal_act,"No. 134, 2009",National Consumer Credit Protection Act 2009,C2009A00134,C2026C00340,eng,2026-07-01,consolidation,in_force,"Treasury Laws Amendment (Business Registries Stabilisation and Uplift) Act 2026 (No. 57, 2026)",api_listing,,,,
884,all,https://www.legislation.gov.au/C2009A00135/2023-09-15/2023-09-15/text/original/epub,principal_act,"No. 135, 2009",National Consumer Credit Protection (Transitional and Consequential Provisions) Act 2009,C2009A00135,C2023C00275,eng,2023-09-15,consolidation,in_force,,api_listing,,,,
885,all,https://www.legislation.gov.au/C2010A00011/2018-07-01/2018-07-01/text/original/epub,principal_act,"No. 11, 2010",Astronomical Functions Act 2010,C2010A00011,C2018C00307,eng,2018-07-01,consolidation,in_force,"Australian Astronomical Observatory (Transition) Act 2018 (No. 59, 2018)",api_listing,,,,
886,all,https://www.legislation.gov.au/C2010A00030/2025-07-01/2025-07-01/text/original/epub,principal_act,"No. 30, 2010",Midwife Professional Indemnity (Commonwealth Contribution) Scheme Act 2010,C2010A00030,C2025C00408,eng,2025-07-01,consolidation,in_force,"Midwife Professional Indemnity (Commonwealth Contribution) Scheme Amendment Act 2024 (No. 126, 2024)",api_listing,,,,
887,all,https://www.legislation.gov.au/C2010A00031/2011-06-27/2011-06-27/text/original/epub,principal_act,"No. 31, 2010",Midwife Professional Indemnity (Run-off Cover Support Payment) Act 2010,C2010A00031,C2011C00495,eng,2011-06-27,consolidation,in_force,"Midwife Professional Indemnity Legislation Amendment Act 2011 (No. 47, 2011)",api_listing,,,,
888,all,https://www.legislation.gov.au/C2010A00032/2025-12-05/2025-12-05/text/original/epub,principal_act,"No. 32, 2010",Independent National Security Legislation Monitor Act 2010,C2010A00032,C2025C00680,eng,2025-12-05,consolidation,in_force,"Strengthening Oversight of the National Intelligence Community Act 2025 (No. 75, 2025)",api_listing,,,,
889,all,https://www.legislation.gov.au/C2010A00035/2021-09-01/2021-09-01/text/original/epub,principal_act,"No. 35, 2010",Trans-Tasman Proceedings Act 2010,C2010A00035,C2021C00487,eng,2021-09-01,consolidation,in_force,"Federal Circuit and Family Court of Australia (Consequential Amendments and Transitional Provisions) Act 2021 (No. 13, 2021)",api_listing,,,,
890,all,https://www.legislation.gov.au/C2010A00036/2013-10-11/2013-10-11/text/original/epub,principal_act,"No. 36, 2010",Trans-Tasman Proceedings (Transitional and Consequential Provisions) Act 2010,C2010A00036,C2013C00642,eng,2013-10-11,consolidation,in_force,"Trans-Tasman Proceedings Amendment and Other Measures Act 2011 (No. 64, 2011)",api_listing,,,,
891,all,https://www.legislation.gov.au/C2010A00051/2010-11-01/2010-11-01/text/original/epub,principal_act,"No. 51, 2010",Freedom of Information Amendment (Reform) Act 2010,C2010A00051,C2012C00866,eng,2010-11-01,consolidation,in_force,"Statute Law Revision Act 2012 (No. 136, 2012)",api_listing,,,,
892,all,https://www.legislation.gov.au/C2010A00052/2024-12-11/2024-12-11/text/original/epub,principal_act,"No. 52, 2010",Australian Information Commissioner Act 2010,C2010A00052,C2024C00822,eng,2024-12-11,consolidation,in_force,"Privacy and Other Legislation Amendment Act 2024 (No. 128, 2024)",api_listing,,,,
893,all,https://www.legislation.gov.au/C2010A00065/asmade/2010-06-28/text/original/pdf,principal_act,"No. 65, 2010",Child Support and Family Assistance Legislation Amendment (Budget and Other Measures) Act 2010,C2010A00065,C2010A00065,eng,2010-06-28,as_enacted,in_force,,api_listing,,,,as_made_only
894,all,https://www.legislation.gov.au/C2010A00067/2024-10-14/2024-10-14/text/original/epub,principal_act,"No. 67, 2010",Building Energy Efficiency Disclosure Act 2010,C2010A00067,C2024C00453,eng,2024-10-14,consolidation,in_force,"Administrative Review Tribunal (Consequential and Transitional Provisions No. 1) Act 2024 (No. 38, 2024)",api_listing,,,,
895,all,https://www.legislation.gov.au/C2010A00071/2018-06-19/2018-06-19/text/original/epub,principal_act,"No. 71, 2010",Renewable Energy (Electricity) (Small-scale Technology Shortfall Charge) Act 2010,C2010A00071,C2018C00228,eng,2018-06-19,consolidation,in_force,"Statute Update (Autumn 2018) Act 2018 (No. 41, 2018)",api_listing,,,,
896,all,https://www.legislation.gov.au/C2010A00072/2025-12-05/2025-12-05/text/original/epub,principal_act,"No. 72, 2010",Healthcare Identifiers Act 2010,C2010A00072,C2025C00694,eng,2025-12-05,consolidation,in_force,"Regulatory Reform Omnibus Act 2025 (No. 73, 2025)",api_listing,,,,
897,all,https://www.legislation.gov.au/C2010A00080/asmade/2010-06-29/text/original/pdf,principal_act,"No. 80, 2010",Airports (On-Airport Activities Administration) Validation Act 2010,C2010A00080,C2010A00080,eng,2010-06-29,as_enacted,in_force,,api_listing,,,,as_made_only
898,all,https://www.legislation.gov.au/C2010A00104/2026-07-01/2026-07-01/text/original/epub,principal_act,"No. 104, 2010",Paid Parental Leave Act 2010,C2010A00104,C2026C00294,eng,2026-07-01,consolidation,in_force,"Treasury Laws Amendment (Payday Superannuation) Act 2025 (No. 57, 2025)",api_listing,,,,
899,all,https://www.legislation.gov.au/C2010A00105/2013-06-28/2013-06-28/text/original/epub,principal_act,"No. 105, 2010",Paid Parental Leave (Consequential Amendments) Act 2010,C2010A00105,C2013C00567,eng,2013-06-28,consolidation,in_force,"Family Assistance and Other Legislation Amendment Act 2013 (No. 70, 2013)",api_listing,,,,
900,all,https://www.legislation.gov.au/C2010A00123/asmade/2010-11-18/text/original/pdf,principal_act,"No. 123, 2010",Carer Recognition Act 2010,C2010A00123,C2010A00123,eng,2010-11-18,as_enacted,in_force,,api_listing,,,,as_made_only
901,all,https://www.legislation.gov.au/C2010A00128/2026-06-04/2026-06-04/text/original/epub,principal_act,"No. 128, 2010",Parliamentary Joint Committee on Law Enforcement Act 2010,C2010A00128,C2026C00211,eng,2026-06-04,consolidation,in_force,"Strengthening Oversight of the National Intelligence Community Act 2025 (No. 75, 2025)",api_listing,,,,
902,all,https://www.legislation.gov.au/C2010A00139/2011-01-01/2011-01-01/text/original/epub,principal_act,"No. 139, 2010",Territories Law Reform Act 2010,C2010A00139,C2012C00707,eng,2011-01-01,consolidation,in_force,"Statute Law Revision Act 2012 (No. 136, 2012)",api_listing,,,,
903,all,https://www.legislation.gov.au/C2010A00147/2013-04-12/2013-04-12/text/original/epub,principal_act,"No. 147, 2010",Family Law Amendment (Validation of Certain Parenting Orders and Other Measures) Act 2010,C2010A00147,C2013C00161,eng,2013-04-12,consolidation,in_force,"Federal Circuit Court of Australia (Consequential Amendments) Act 2013 (No. 13, 2013)",api_listing,,,,
904,all,https://www.legislation.gov.au/C2011A00009/2025-11-01/2025-11-01/text/original/epub,principal_act,"No. 9, 2011",National Health Reform Act 2011,C2011A00009,C2025C00598,eng,2025-11-01,consolidation,in_force,"Aged Care and Other Legislation Amendment Act 2025 (No. 45, 2025)",api_listing,,,,
905,all,https://www.legislation.gov.au/C2011A00012/2024-10-14/2024-10-14/text/original/epub,principal_act,"No. 12, 2011",National Vocational Education and Training Regulator Act 2011,C2011A00012,C2024C00461,eng,2024-10-14,consolidation,in_force,"Administrative Review Tribunal (Consequential and Transitional Provisions No. 2) Act 2024 (No. 39, 2024)",api_listing,,,,
906,all,https://www.legislation.gov.au/C2011A00013/2024-03-29/2024-03-29/text/original/epub,principal_act,"No. 13, 2011",National Vocational Education and Training Regulator (Transitional Provisions) Act 2011,C2011A00013,C2024C00123,eng,2024-03-29,consolidation,in_force,"National Vocational Education and Training Regulator Amendment (Strengthening Quality and Integrity in Vocational Education and Training No. 1) Act 2024 (No. 10, 2024)",api_listing,,,,
907,all,https://www.legislation.gov.au/C2011A00017/2024-10-14/2024-10-14/text/original/epub,principal_act,"No. 17, 2011",Civil Dispute Resolution Act 2011,C2011A00017,C2024C00519,eng,2024-10-14,consolidation,in_force,"Administrative Review Tribunal (Consequential and Transitional Provisions No. 2) Act 2024 (No. 39, 2024)",api_listing,,,,
908,all,https://www.legislation.gov.au/C2011A00018/2014-07-01/2014-07-01/text/original/epub,principal_act,"No. 18, 2011",Australian Civilian Corps Act 2011,C2011A00018,C2014C00531,eng,2014-07-01,consolidation,in_force,"Public Governance, Performance and Accountability (Consequential and Transitional Provisions) Act 2014 (No. 62, 2014)",api_listing,,,,
909,all,https://www.legislation.gov.au/C2011A00020/asmade/2011-04-12/text/original/pdf,principal_act,"No. 20, 2011",Screen Australia (Transfer of Assets) Act 2011,C2011A00020,C2011A00020,eng,2011-04-12,as_enacted,in_force,,api_listing,,,,as_made_only
910,all,https://www.legislation.gov.au/C2011A00022/2025-12-05/2025-12-05/text/original/epub,principal_act,"No. 22, 2011",National Broadband Network Companies Act 2011,C2011A00022,C2025C00661,eng,2025-12-05,consolidation,in_force,"Regulatory Reform Omnibus Act 2025 (No. 73, 2025)",api_listing,,,,
911,all,https://www.legislation.gov.au/C2011A00038/2024-04-09/2024-04-09/text/original/epub,principal_act,"No. 38, 2011",Autonomous Sanctions Act 2011,C2011A00038,C2024C00138,eng,2024-04-09,consolidation,in_force,"Autonomous Sanctions Amendment Act 2024 (No. 19, 2024)",api_listing,,,,
912,all,https://www.legislation.gov.au/C2011A00054/2016-03-05/2016-03-05/text/original/epub,principal_act,"No. 54, 2011",Australian Transaction Reports and Analysis Centre Industry Contribution Act 2011,C2011A00054,C2016C00290,eng,2016-03-05,consolidation,in_force,"Acts and Instruments (Framework Reform) (Consequential Provisions) Act 2015 (No. 126, 2015)",api_listing,,,,
913,all,https://www.legislation.gov.au/C2011A00055/2024-10-14/2024-10-14/text/original/epub,principal_act,"No. 55, 2011",Australian Transaction Reports and Analysis Centre Industry Contribution (Collection) Act 2011,C2011A00055,C2024C00491,eng,2024-10-14,consolidation,in_force,"Administrative Review Tribunal (Consequential and Transitional Provisions No. 1) Act 2024 (No. 38, 2024)",api_listing,,,,
914,all,https://www.legislation.gov.au/C2011A00056/2012-09-22/2012-09-22/text/original/epub,principal_act,"No. 56, 2011",Australian Transaction Reports and Analysis Centre Supervisory Cost Recovery Levy (Consequential Amendments) Act 2011,C2011A00056,C2012C00832,eng,2012-09-22,consolidation,in_force,"Statute Law Revision Act 2012 (No. 136, 2012)",api_listing,,,,
915,all,https://www.legislation.gov.au/C2011A00058/2011-07-01/2011-07-01/text/original/epub,principal_act,"No. 58, 2011",Superannuation Legislation (Consequential Amendments and Transitional Provisions) Act 2011,C2011A00058,C2012C00824,eng,2011-07-01,consolidation,in_force,"Statute Law Revision Act 2012 (No. 136, 2012)",api_listing,,,,
916,all,https://www.legislation.gov.au/C2011A00059/2020-07-01/2020-07-01/text/original/epub,principal_act,"No. 59, 2011",Governance of Australian Government Superannuation Schemes Act 2011,C2011A00059,C2020C00223,eng,2020-07-01,consolidation,in_force,"Public Sector Superannuation Legislation Amendment Act 2018 (No. 80, 2018)",api_listing,,,,
917,all,https://www.legislation.gov.au/C2011A00060/asmade/2011-06-28/text/original/pdf,principal_act,"No. 60, 2011",Combating the Financing of People Smuggling and Other Measures Act 2011,C2011A00060,C2011A00060,eng,2011-06-28,as_enacted,in_force,,api_listing,,,,as_made_only
918,all,https://www.legislation.gov.au/C2011A00073/2026-04-29/2026-04-29/text/original/epub,principal_act,"No. 73, 2011",Tertiary Education Quality and Standards Agency Act 2011,C2011A00073,C2026C00171,eng,2026-04-29,consolidation,in_force,"Universities Accord (Australian Tertiary Education Commission) (Consequential and Transitional Provisions) Act 2026 (No. 26, 2026)",api_listing,,,,
919,all,https://www.legislation.gov.au/C2011A00074/asmade/2011-06-29/text/original/pdf,principal_act,"No. 74, 2011",Tertiary Education Quality and Standards Agency (Consequential Amendments and Transitional Provisions) Act 2011,C2011A00074,C2011A00074,eng,2011-06-29,as_enacted,in_force,,api_listing,,,,as_made_only
920,all,https://www.legislation.gov.au/C2011A00075/asmade/2011-07-25/text/original/pdf,principal_act,"No. 75, 2011",Remuneration and Other Legislation Amendment Act 2011,C2011A00075,C2011A00075,eng,2011-07-25,as_enacted,in_force,,api_listing,,,,as_made_only
921,all,https://www.legislation.gov.au/C2011A00099/2024-10-14/2024-10-14/text/original/epub,principal_act,"No. 99, 2011",Australian National Registry of Emissions Units Act 2011,C2011A00099,C2024C00517,eng,2024-10-14,consolidation,in_force,"Administrative Review Tribunal (Consequential and Transitional Provisions No. 1) Act 2024 (No. 38, 2024)",api_listing,,,,
922,all,https://www.legislation.gov.au/C2011A00101/2024-10-14/2024-10-14/text/original/epub,principal_act,"No. 101, 2011",Carbon Credits (Carbon Farming Initiative) Act 2011,C2011A00101,C2024C00490,eng,2024-10-14,consolidation,in_force,"Administrative Review Tribunal (Consequential and Transitional Provisions No. 2) Act 2024 (No. 39, 2024)",api_listing,,,,
923,all,https://www.legislation.gov.au/C2011A00109/asmade/2011-10-14/text/original/pdf,principal_act,"No. 109, 2011",National Health Reform Amendment (National Health Performance Authority) Act 2011,C2011A00109,C2011A00109,eng,2011-10-14,as_enacted,in_force,,api_listing,,,,as_made_only
924,all,https://www.legislation.gov.au/C2011A00126/2026-07-01/2026-07-01/text/original/epub,principal_act,"No. 126, 2011",Business Names Registration Act 2011,C2011A00126,C2026C00334,eng,2026-07-01,consolidation,in_force,"Treasury Laws Amendment (Business Registries Stabilisation and Uplift) Act 2026 (No. 57, 2026)",api_listing,,,,
925,all,https://www.legislation.gov.au/C2011A00127/2026-06-30/2026-06-30/text/original/epub,principal_act,"No. 127, 2011",Business Names Registration (Transitional and Consequential Provisions) Act 2011,C2011A00127,C2026C00271,eng,2026-06-30,consolidation,in_force,"Treasury Laws Amendment (Business Registries Stabilisation and Uplift) Act 2026 (No. 57, 2026)",api_listing,,,,
926,all,https://www.legislation.gov.au/C2011A00128/2022-06-22/2022-06-22/text/original/epub,principal_act,"No. 128, 2011",Business Names Registration (Fees) Act 2011,C2011A00128,C2022C00183,eng,2022-06-22,consolidation,in_force,,api_listing,,,,
927,all,https://www.legislation.gov.au/C2011A00137/2024-07-01/2024-07-01/text/original/epub,principal_act,"No. 137, 2011",Work Health and Safety Act 2011,C2011A00137,C2024C00243,eng,2024-07-01,consolidation,in_force,"Fair Work Legislation Amendment (Closing Loopholes) Act 2023 (No. 120, 2023)",api_listing,,,,
928,all,https://www.legislation.gov.au/C2011A00139/asmade/2011-11-29/text/original/pdf,principal_act,"No. 139, 2011",National Health Reform Amendment (Independent Hospital Pricing Authority) Act 2011,C2011A00139,C2011A00139,eng,2011-11-29,as_enacted,in_force,,api_listing,,,,as_made_only
929,all,https://www.legislation.gov.au/C2011A00142/asmade/2010-01-01/text/original/pdf,principal_act,"No. 142, 2011",Coal Mining Industry (Long Service Leave) Legislation Amendment Act 2011,C2011A00142,C2011A00142,eng,2010-01-01,as_enacted,in_force,,api_listing,,,,as_made_only
930,all,https://www.legislation.gov.au/C2011A00143/2022-09-14/2022-09-14/text/original/epub,principal_act,"No. 143, 2011",Climate Change Authority Act 2011,C2011A00143,C2022C00255,eng,2022-09-14,consolidation,in_force,"Climate Change (Consequential Amendments) Act 2022 (No. 38, 2022)",api_listing,,,,
931,all,https://www.legislation.gov.au/C2011A00146/asmade/2011-11-29/text/original/pdf,principal_act,"No. 146, 2011",Work Health and Safety (Transitional and Consequential Provisions) Act 2011,C2011A00146,C2011A00146,eng,2011-11-29,as_enacted,in_force,,api_listing,,,,as_made_only
932,all,https://www.legislation.gov.au/C2011A00151/2024-12-11/2024-12-11/text/original/epub,principal_act,"No. 151, 2011",Australian Renewable Energy Agency Act 2011,C2011A00151,C2024C00821,eng,2024-12-11,consolidation,in_force,"Future Made in Australia (Omnibus Amendments No. 1) Act 2024 (No. 120, 2024)",api_listing,,,,
933,all,https://www.legislation.gov.au/C2011A00152/asmade/2011-12-04/text/original/pdf,principal_act,"No. 152, 2011",Australian Renewable Energy Agency (Consequential Amendments and Transitional Provisions) Act 2011,C2011A00152,C2011A00152,eng,2011-12-04,as_enacted,in_force,,api_listing,,,,as_made_only
934,all,https://www.legislation.gov.au/C2011A00163/2025-11-03/2025-11-03/text/original/epub,principal_act,"No. 163, 2011",Clean Energy Regulator Act 2011,C2011A00163,C2025C00606,eng,2025-11-03,consolidation,in_force,"Future Made in Australia (Guarantee of Origin Consequential Amendments and Transitional Provisions) Act 2024 (No. 123, 2024)",api_listing,,,,
935,all,https://www.legislation.gov.au/C2011A00170/asmade/2011-12-04/text/original/pdf,principal_act,"No. 170, 2011",Parliamentary Service Amendment (Parliamentary Budget Officer) Act 2011,C2011A00170,C2011A00170,eng,2011-12-04,as_enacted,in_force,,api_listing,,,,as_made_only
936,all,https://www.legislation.gov.au/C2011A00172/asmade/2011-12-05/text/original/pdf,principal_act,"No. 172, 2011",Business Names Registration (Application of Consequential Amendments) Act 2011,C2011A00172,C2011A00172,eng,2011-12-05,as_enacted,in_force,,api_listing,,,,as_made_only
937,all,https://www.legislation.gov.au/C2011A00183/asmade/2011-12-06/text/original/pdf,principal_act,"No. 183, 2011",Defence Legislation Amendment Act 2011,C2011A00183,C2011A00183,eng,2011-12-06,as_enacted,in_force,,api_listing,,,,as_made_only
938,all,https://www.legislation.gov.au/C2011A00186/2024-06-12/2024-06-12/text/original/epub,principal_act,"No. 186, 2011",Human Rights (Parliamentary Scrutiny) Act 2011,C2011A00186,C2024C00230,eng,2024-06-12,consolidation,in_force,"Attorney-General’s Portfolio Miscellaneous Measures Act 2024 (No. 41, 2024)",api_listing,,,,
939,all,https://www.legislation.gov.au/C2012A00009/2012-07-01/2012-07-01/text/original/epub,principal_act,"No. 9, 2012",Education Services for Overseas Students Legislation Amendment (Tuition Protection Service and Other Measures) Act 2012,C2012A00009,C2014C00181,eng,2012-07-01,consolidation,in_force,"Statute Law Revision Act (No. 1) 2014 (No. 31, 2014)",api_listing,,,,
940,all,https://www.legislation.gov.au/C2012A00011/2022-01-01/2022-01-01/text/original/epub,principal_act,"No. 11, 2012",Education Services for Overseas Students (TPS Levies) Act 2012,C2012A00011,C2022C00010,eng,2022-01-01,consolidation,in_force,"Education Services for Overseas Students (TPS Levies) Amendment Act 2021 (No. 85, 2021)",api_listing,,,,
941,all,https://www.legislation.gov.au/C2012A00014/2014-09-30/2014-09-30/text/original/epub,principal_act,"No. 14, 2012",Minerals Resource Rent Tax (Consequential Amendments and Transitional Provisions) Act 2012,C2012A00014,C2014C00671,eng,2014-09-30,consolidation,in_force,"Minerals Resource Rent Tax Repeal and Other Measures Act 2014 (No. 96, 2014)",api_listing,,,,
942,all,https://www.legislation.gov.au/C2012A00019/asmade/2012-03-29/text/original/pdf,principal_act,"No. 19, 2012",Petroleum Resource Rent Tax (Imposition—Customs) Act 2012,C2012A00019,C2012A00019,eng,2012-03-29,as_enacted,in_force,,api_listing,,,,as_made_only
943,all,https://www.legislation.gov.au/C2012A00020/asmade/2012-03-29/text/original/pdf,principal_act,"No. 20, 2012",Petroleum Resource Rent Tax (Imposition—Excise) Act 2012,C2012A00020,C2012A00020,eng,2012-03-29,as_enacted,in_force,,api_listing,,,,as_made_only
944,all,https://www.legislation.gov.au/C2012A00021/asmade/2012-03-29/text/original/pdf,principal_act,"No. 21, 2012",Petroleum Resource Rent Tax (Imposition—General) Act 2012,C2012A00021,C2012A00021,eng,2012-03-29,as_enacted,in_force,,api_listing,,,,as_made_only
945,all,https://www.legislation.gov.au/C2012A00029/2025-11-08/2025-11-08/text/original/epub,principal_act,"No. 29, 2012",National Radioactive Waste Management Act 2012,C2012A00029,C2025C00629,eng,2025-11-08,consolidation,in_force,"Criminal Code Amendment (State Sponsors of Terrorism) Act 2025 (No. 60, 2025)",api_listing,,,,
946,all,https://www.legislation.gov.au/C2012A00032/2013-04-12/2013-04-12/text/original/epub,principal_act,"No. 32, 2012",Family Law Amendment (Validation of Certain Orders and Other Measures) Act 2012,C2012A00032,C2013C00166,eng,2013-04-12,consolidation,in_force,"Federal Circuit Court of Australia (Consequential Amendments) Act 2013 (No. 13, 2013)",api_listing,,,,
947,all,https://www.legislation.gov.au/C2012A00045/2018-06-19/2018-06-19/text/original/epub,principal_act,"No. 45, 2012",Telecommunications (Industry Levy) Act 2012,C2012A00045,C2018C00225,eng,2018-06-19,consolidation,in_force,"Statute Update (Autumn 2018) Act 2018 (No. 41, 2018)",api_listing,,,,
948,all,https://www.legislation.gov.au/C2012A00047/asmade/2012-04-16/text/original/pdf,principal_act,"No. 47, 2012",Road Safety Remuneration (Consequential Amendments and Related Provisions) Act 2012,C2012A00047,C2012A00047,eng,2012-04-16,as_enacted,in_force,,api_listing,,,,as_made_only
949,all,https://www.legislation.gov.au/C2012A00050/2012-05-27/2012-05-27/text/original/epub,principal_act,"No. 50, 2012",Family Assistance and Other Legislation Amendment (Schoolkids Bonus Budget Measures) Act 2012,C2012A00050,C2014C00182,eng,2012-05-27,consolidation,in_force,"Statute Law Revision Act (No. 1) 2014 (No. 31, 2014)",api_listing,,,,
950,all,https://www.legislation.gov.au/C2012A00053/2024-10-14/2024-10-14/text/original/epub,principal_act,"No. 53, 2012",Shipping Reform (Tax Incentives) Act 2012,C2012A00053,C2024C00633,eng,2024-10-14,consolidation,in_force,"Administrative Review Tribunal (Consequential and Transitional Provisions No. 1) Act 2024 (No. 38, 2024)",api_listing,,,,
951,all,https://www.legislation.gov.au/C2012A00055/2024-10-14/2024-10-14/text/original/epub,principal_act,"No. 55, 2012",Coastal Trading (Revitalising Australian Shipping) Act 2012,C2012A00055,C2024C00440,eng,2024-10-14,consolidation,in_force,"Administrative Review Tribunal (Consequential and Transitional Provisions No. 2) Act 2024 (No. 39, 2024)",api_listing,,,,
952,all,https://www.legislation.gov.au/C2012A00056/asmade/2012-06-21/text/original/pdf,principal_act,"No. 56, 2012",Coastal Trading (Revitalising Australian Shipping) (Consequential Amendments and Transitional Provisions) Act 2012,C2012A00056,C2012A00056,eng,2012-06-21,as_enacted,in_force,,api_listing,,,,as_made_only
953,all,https://www.legislation.gov.au/C2012A00059/2022-07-01/2022-07-01/text/original/epub,principal_act,"No. 59, 2012",Income Tax (Labour Mobility Program Withholding Tax) Act 2012,C2012A00059,C2022C00337,eng,2022-07-01,consolidation,in_force,"Income Tax Amendment (Labour Mobility Program) Act 2022 (No. 74, 2022)",api_listing,,,,
954,all,https://www.legislation.gov.au/C2012A00076/asmade/2012-06-27/text/original/pdf,principal_act,"No. 76, 2012",Health Insurance Amendment (Professional Services Review) Act 2012,C2012A00076,C2012A00076,eng,2012-06-27,as_enacted,in_force,,api_listing,,,,as_made_only
955,all,https://www.legislation.gov.au/C2012A00082/asmade/2012-06-28/text/original/pdf,principal_act,"No. 82, 2012",Financial Framework Legislation Amendment Act (No. 2) 2012,C2012A00082,C2012A00082,eng,2012-06-28,as_enacted,in_force,,api_listing,,,,as_made_only
956,all,https://www.legislation.gov.au/C2012A00087/asmade/2012-06-28/text/original/pdf,principal_act,"No. 87, 2012",National Health Amendment (Pharmaceutical Benefits Scheme) Act 2012,C2012A00087,C2012A00087,eng,2012-06-28,as_enacted,in_force,,api_listing,,,,as_made_only
957,all,https://www.legislation.gov.au/C2012A00095/asmade/2012-06-29/text/original/pdf,principal_act,"No. 95, 2012",Pay As You Go Withholding Non-compliance Tax Act 2012,C2012A00095,C2012A00095,eng,2012-06-29,as_enacted,in_force,,api_listing,,,,as_made_only
958,all,https://www.legislation.gov.au/C2012A00101/2012-07-16/2012-07-16/text/original/epub,principal_act,"No. 101, 2012",Stronger Futures in the Northern Territory (Consequential and Transitional Provisions) Act 2012,C2012A00101,C2013C00553,eng,2012-07-16,consolidation,in_force,"Statute Law Revision Act 2013 (No. 103, 2013)",api_listing,,,,
959,all,https://www.legislation.gov.au/C2012A00104/2023-06-24/2023-06-24/text/original/epub,principal_act,"No. 104, 2012",Clean Energy Finance Corporation Act 2012,C2012A00104,C2023C00105,eng,2023-06-24,consolidation,in_force,"Treasury Laws Amendment (2022 Measures No. 4) Act 2023 (No. 29, 2023)",api_listing,,,,
960,all,https://www.legislation.gov.au/C2012A00105/2021-01-01/2021-01-01/text/original/epub,principal_act,"No. 105, 2012",National Vocational Education and Training Regulator (Charges) Act 2012,C2012A00105,C2021C00093,eng,2021-01-01,consolidation,in_force,"National Vocational Education and Training Regulator Amendment (Governance and Other Matters) Act 2020 (No. 77, 2020)",api_listing,,,,
961,all,https://www.legislation.gov.au/C2012A00121/2024-10-14/2024-10-14/text/original/epub,principal_act,"No. 121, 2012",Marine Safety (Domestic Commercial Vessel) National Law Act 2012,C2012A00121,C2024C00559,eng,2024-10-14,consolidation,in_force,"Administrative Review Tribunal (Consequential and Transitional Provisions No. 1) Act 2024 (No. 38, 2024)",api_listing,,,,
962,all,https://www.legislation.gov.au/C2012A00122/asmade/2012-09-12/text/original/pdf,principal_act,"No. 122, 2012",Marine Safety (Domestic Commercial Vessel) National Law (Consequential Amendments) Act 2012,C2012A00122,C2012A00122,eng,2012-09-12,as_enacted,in_force,,api_listing,,,,as_made_only
963,all,https://www.legislation.gov.au/C2012A00123/asmade/2012-09-12/text/original/pdf,principal_act,"No. 123, 2012",Health Insurance Amendment (Extended Medicare Safety Net) Act 2012,C2012A00123,C2012A00123,eng,2012-09-12,as_enacted,in_force,,api_listing,,,,as_made_only
964,all,https://www.legislation.gov.au/C2012A00128/2025-02-15/2025-02-15/text/original/epub,principal_act,"No. 128, 2012",Navigation Act 2012,C2012A00128,C2025C00094,eng,2025-02-15,consolidation,in_force,"Navigation Amendment Act 2025 (No. 2, 2025)",api_listing,,,,
965,all,https://www.legislation.gov.au/C2012A00132/2025-12-05/2025-12-05/text/original/epub,principal_act,"No. 132, 2012",Greenhouse and Energy Minimum Standards Act 2012,C2012A00132,C2025C00666,eng,2025-12-05,consolidation,in_force,"Regulatory Reform Omnibus Act 2025 (No. 73, 2025)",api_listing,,,,
966,all,https://www.legislation.gov.au/C2012A00133/asmade/2012-09-21/text/original/pdf,principal_act,"No. 133, 2012",Greenhouse and Energy Minimum Standards (Registration Fees) Act 2012,C2012A00133,C2012A00133,eng,2012-09-21,as_enacted,in_force,,api_listing,,,,as_made_only
967,all,https://www.legislation.gov.au/C2012A00148/2021-05-01/2021-05-01/text/original/epub,principal_act,"No. 148, 2012",National Portrait Gallery of Australia Act 2012,C2012A00148,C2021C00209,eng,2021-05-01,consolidation,in_force,"National Collecting Institutions Legislation Amendment Act 2021 (No. 20, 2021)",api_listing,,,,
968,all,https://www.legislation.gov.au/C2012A00149/asmade/2012-11-06/text/original/pdf,principal_act,"No. 149, 2012",National Portrait Gallery of Australia (Consequential and Transitional Provisions) Act 2012,C2012A00149,C2012A00149,eng,2012-11-06,as_enacted,in_force,,api_listing,,,,as_made_only
969,all,https://www.legislation.gov.au/C2012A00153/2024-10-14/2024-10-14/text/original/epub,principal_act,"No. 153, 2012",Defence Trade Controls Act 2012,C2012A00153,C2024C00463,eng,2024-10-14,consolidation,in_force,"Administrative Review Tribunal (Consequential and Transitional Provisions No. 1) Act 2024 (No. 38, 2024)",api_listing,,,,
970,all,https://www.legislation.gov.au/C2012A00159/2025-02-21/2025-02-21/text/original/epub,principal_act,"No. 159, 2012",Fair Entitlements Guarantee Act 2012,C2012A00159,C2025C00164,eng,2025-02-21,consolidation,in_force,"Administrative Review Tribunal (Miscellaneous Measures) Act 2025 (No. 14, 2025)",api_listing,,,,
971,all,https://www.legislation.gov.au/C2012A00161/2018-06-29/2018-06-29/text/original/epub,principal_act,"No. 161, 2012",Superannuation Auditor Registration Imposition Act 2012,C2012A00161,C2018C00249,eng,2018-06-29,consolidation,in_force,"Superannuation Auditor Registration Imposition Amendment (ASIC Fees) Act 2018 (No. 57, 2018)",api_listing,,,,
972,all,https://www.legislation.gov.au/C2012A00165/2012-11-28/2012-11-28/text/original/epub,principal_act,"No. 165, 2012",Federal Circuit Court of Australia Legislation Amendment Act 2012,C2012A00165,C2013C00139,eng,2012-11-28,consolidation,in_force,"Federal Circuit Court of Australia (Consequential Amendments) Act 2013 (No. 13, 2013)",api_listing,,,,
973,all,https://www.legislation.gov.au/C2012A00166/2025-03-03/2025-03-03/text/original/epub,principal_act,"No. 166, 2012",Illegal Logging Prohibition Act 2012,C2012A00166,C2025C00211,eng,2025-03-03,consolidation,in_force,"Illegal Logging Prohibition Amendment (Strengthening Measures to Prevent Illegal Timber Trade) Act 2024 (No. 84, 2024)",api_listing,,,,
974,all,https://www.legislation.gov.au/C2012A00168/2025-12-05/2025-12-05/text/original/epub,principal_act,"No. 168, 2012",Australian Charities and Not-for-profits Commission Act 2012,C2012A00168,C2025C00665,eng,2025-12-05,consolidation,in_force,"Treasury Laws Amendment (Strengthening Financial Systems and Other Measures) Act 2025 (No. 72, 2025)",api_listing,,,,
975,all,https://www.legislation.gov.au/C2012A00169/asmade/2012-12-03/text/original/pdf,principal_act,"No. 169, 2012",Australian Charities and Not-for-profits Commission (Consequential and Transitional) Act 2012,C2012A00169,C2012A00169,eng,2012-12-03,as_enacted,in_force,,api_listing,,,,as_made_only
976,all,https://www.legislation.gov.au/C2012A00182/asmade/2012-12-10/text/original/pdf,principal_act,"No. 182, 2012",National Health Security Amendment Act 2012,C2012A00182,C2012A00182,eng,2012-12-10,as_enacted,in_force,,api_listing,,,,as_made_only
977,all,https://www.legislation.gov.au/C2012A00188/2026-03-28/2026-03-28/text/original/epub,principal_act,"No. 188, 2012",Judicial Misbehaviour and Incapacity (Parliamentary Commissions) Act 2012,C2012A00188,C2026C00121,eng,2026-03-28,consolidation,in_force,"Law and Justice Legislation Amendment (New South Wales Local Court) Act 2026 (No. 4, 2026)",api_listing,,,,
978,all,https://www.legislation.gov.au/C2012A00193/2014-03-31/2014-03-31/text/original/epub,principal_act,"No. 193, 2012",Gambling Measures Act 2012,C2012A00193,C2014C00159,eng,2014-03-31,consolidation,in_force,"Social Services and Other Legislation Amendment Act 2014 (No. 14, 2014)",api_listing,,,,
979,all,https://www.legislation.gov.au/C2013A00001/2016-03-05/2016-03-05/text/original/epub,principal_act,"No. 1, 2013",Low Aromatic Fuel Act 2013,C2013A00001,C2016C00163,eng,2016-03-05,consolidation,in_force,"Acts and Instruments (Framework Reform) (Consequential Provisions) Act 2015 (No. 126, 2015)",api_listing,,,,
980,all,https://www.legislation.gov.au/C2013A00011/2014-07-18/2014-07-18/text/original/epub,principal_act,"No. 11, 2013",Offshore Petroleum and Greenhouse Gas Storage Amendment (Compliance Measures) Act 2013,C2013A00011,C2014C00507,eng,2014-07-18,consolidation,in_force,"Offshore Petroleum and Greenhouse Gas Storage Amendment (Regulatory Powers and Other Measures) Act 2014 (No. 80, 2014)",api_listing,,,,
981,all,https://www.legislation.gov.au/C2013A00012/2024-10-14/2024-10-14/text/original/epub,principal_act,"No. 12, 2013",Protection of Cultural Objects on Loan Act 2013,C2013A00012,C2024C00544,eng,2024-10-14,consolidation,in_force,"Administrative Review Tribunal (Consequential and Transitional Provisions No. 1) Act 2024 (No. 38, 2024)",api_listing,,,,
982,all,https://www.legislation.gov.au/C2013A00015/2025-11-08/2025-11-08/text/original/epub,principal_act,"No. 15, 2013",Maritime Powers Act 2013,C2013A00015,C2025C00632,eng,2025-11-08,consolidation,in_force,"Criminal Code Amendment (State Sponsors of Terrorism) Act 2025 (No. 60, 2025)",api_listing,,,,
983,all,https://www.legislation.gov.au/C2013A00016/asmade/2013-03-27/text/original/pdf,principal_act,"No. 16, 2013",Maritime Powers (Consequential Amendments) Act 2013,C2013A00016,C2013A00016,eng,2013-03-27,as_enacted,in_force,,api_listing,,,,as_made_only
984,all,https://www.legislation.gov.au/C2013A00020/2026-08-27/2026-08-27/text/original/epub,principal_act,"No. 20, 2013",National Disability Insurance Scheme Act 2013,C2013A00020,C2026C00366,eng,2026-08-27,consolidation,in_force,"National Disability Insurance Scheme Amendment (Securing the NDIS for Future Generations) Act 2026 (No. 66, 2026)",api_listing,,,,
985,all,https://www.legislation.gov.au/C2013A00037/2024-07-06/2024-07-06/text/original/epub,principal_act,"No. 37, 2013",DisabilityCare Australia Fund Act 2013,C2013A00037,C2024C00289,eng,2024-07-06,consolidation,in_force,"COAG Legislation Amendment Act 2024 (No. 54, 2024)",api_listing,,,,
986,all,https://www.legislation.gov.au/C2013A00056/asmade/2013-06-13/text/original/pdf,principal_act,"No. 56, 2013",Not-for-profit Sector Freedom to Advocate Act 2013,C2013A00056,C2013A00056,eng,2013-06-13,as_enacted,in_force,,api_listing,,,,as_made_only
987,all,https://www.legislation.gov.au/C2013A00058/2024-05-31/2024-05-31/text/original/epub,principal_act,"No. 58, 2013",Asbestos and Silica Safety and Eradication Agency Act 2013,C2013A00058,C2024C00186,eng,2024-05-31,consolidation,in_force,"Financial Framework (Supplementary Powers) Amendment Act 2024 (No. 27, 2024)",api_listing,,,,
988,all,https://www.legislation.gov.au/C2013A00063/asmade/2013-06-26/text/original/pdf,principal_act,"No. 63, 2013",Water Efficiency Labelling and Standards (Registration Fees) Act 2013,C2013A00063,C2013A00063,eng,2013-06-26,as_enacted,in_force,,api_listing,,,,as_made_only
989,all,https://www.legislation.gov.au/C2013A00067/2024-12-18/2024-12-18/text/original/epub,principal_act,"No. 67, 2013",Australian Education Act 2013,C2013A00067,C2024C00865,eng,2024-12-18,consolidation,in_force,"Better and Fairer Schools (Funding and Reform) Act 2024 (No. 97, 2024)",api_listing,,,,
990,all,https://www.legislation.gov.au/C2013A00068/2018-01-01/2018-01-01/text/original/epub,principal_act,"No. 68, 2013",Australian Education (Consequential and Transitional Provisions) Act 2013,C2013A00068,C2018C00001,eng,2018-01-01,consolidation,in_force,"Australian Education Amendment Act 2017 (No. 78, 2017)",api_listing,,,,
991,all,https://www.legislation.gov.au/C2013A00069/2024-10-14/2024-10-14/text/original/epub,principal_act,"No. 69, 2013",Australian Jobs Act 2013,C2013A00069,C2024C00577,eng,2024-10-14,consolidation,in_force,"Administrative Review Tribunal (Consequential and Transitional Provisions No. 2) Act 2024 (No. 39, 2024)",api_listing,,,,
992,all,https://www.legislation.gov.au/C2013A00072/asmade/2013-06-27/text/original/pdf,principal_act,"No. 72, 2013",Australia Council (Consequential and Transitional Provisions) Act 2013,C2013A00072,C2013A00072,eng,2013-06-27,as_enacted,in_force,,api_listing,,,,as_made_only
993,all,https://www.legislation.gov.au/C2013A00076/2016-03-05/2016-03-05/text/original/epub,principal_act,"No. 76, 2013",Aged Care (Living Longer Living Better) Act 2013,C2013A00076,C2016C00170,eng,2016-03-05,consolidation,in_force,"Acts and Instruments (Framework Reform) (Consequential Provisions) Act 2015 (No. 126, 2015)",api_listing,,,,
994,all,https://www.legislation.gov.au/C2013A00087/asmade/2013-06-28/text/original/pdf,principal_act,"No. 87, 2013",Superannuation (Sustaining the Superannuation Contribution Concession) Imposition Act 2013,C2013A00087,C2013A00087,eng,2013-06-28,as_enacted,in_force,,api_listing,,,,as_made_only
995,all,https://www.legislation.gov.au/C2013A00091/asmade/2013-06-28/text/original/pdf,principal_act,"No. 91, 2013",International Interests in Mobile Equipment (Cape Town Convention) Act 2013,C2013A00091,C2013A00091,eng,2013-06-28,as_enacted,in_force,,api_listing,,,,as_made_only
996,all,https://www.legislation.gov.au/C2013A00096/2014-01-01/2014-01-01/text/original/epub,principal_act,"No. 96, 2013",Charities (Consequential Amendments and Transitional Provisions) Act 2013,C2013A00096,C2015C00341,eng,2014-01-01,consolidation,in_force,"Tax and Superannuation Laws Amendment (2015 Measures No. 1) Act 2015 (No. 70, 2015)",api_listing,,,,
997,all,https://www.legislation.gov.au/C2013A00098/asmade/2013-06-28/text/original/pdf,principal_act,"No. 98, 2013","Sex Discrimination Amendment (Sexual Orientation, Gender Identity and Intersex Status) Act 2013",C2013A00098,C2013A00098,eng,2013-06-28,as_enacted,in_force,,api_listing,,,,as_made_only
998,all,https://www.legislation.gov.au/C2013A00100/asmade/2013-06-29/text/original/pdf,principal_act,"No. 100, 2013",Charities Act 2013,C2013A00100,C2013A00100,eng,2013-06-29,as_enacted,in_force,,api_listing,,,,as_made_only
999,all,https://www.legislation.gov.au/C2013A00123/2017-08-23/2017-08-23/text/original/epub,principal_act,"No. 123, 2013","Public Governance, Performance and Accountability Act 2013",C2013A00123,C2017C00269,eng,2017-08-23,consolidation,in_force,"Public Governance and Resources Legislation Amendment Act (No. 1) 2017 (No. 92, 2017)",api_listing,,,,
1000,all,https://www.legislation.gov.au/C2013A00128/2024-10-14/2024-10-14/text/original/epub,principal_act,"No. 128, 2013",Court Security Act 2013,C2013A00128,C2024C00709,eng,2024-10-14,consolidation,in_force,"Administrative Review Tribunal (Consequential and Transitional Provisions No. 2) Act 2024 (No. 39, 2024)",api_listing,,,,
1001,all,https://www.legislation.gov.au/C2013A00133/2026-06-04/2026-06-04/text/original/epub,principal_act,"No. 133, 2013",Public Interest Disclosure Act 2013,C2013A00133,C2026C00225,eng,2026-06-04,consolidation,in_force,"Strengthening Oversight of the National Intelligence Community Act 2025 (No. 75, 2025)",api_listing,,,,
1002,all,https://www.legislation.gov.au/C2013A00136/2014-07-01/2014-07-01/text/original/epub,principal_act,"No. 136, 2013",Grape and Wine Legislation Amendment (Australian Grape and Wine Authority) Act 2013,C2013A00136,C2014C00604,eng,2014-07-01,consolidation,in_force,"Public Governance, Performance and Accountability (Consequential and Transitional Provisions) Act 2014 (No. 62, 2014)",api_listing,,,,
1003,all,https://www.legislation.gov.au/C2013A00140/asmade/2013-12-13/text/original/pdf,principal_act,"No. 140, 2013",Australian Civilian Corps Amendment Act 2013,C2013A00140,C2013A00140,eng,2013-12-13,as_enacted,in_force,,api_listing,,,,as_made_only
1004,all,https://www.legislation.gov.au/C2014A00012/2022-04-08/2022-04-08/text/original/epub,principal_act,"No. 12, 2014",Farm Household Support Act 2014,C2014A00012,C2022C00163,eng,2022-04-08,consolidation,in_force,"Social Security Legislation Amendment (Streamlined Participation Requirements and Other Measures) Act 2022 (No. 32, 2022)",api_listing,,,,
1005,all,https://www.legislation.gov.au/C2014A00013/2014-09-05/2014-09-05/text/original/epub,principal_act,"No. 13, 2014",Farm Household Support (Consequential and Transitional Provisions) Act 2014,C2014A00013,C2014C00646,eng,2014-09-05,consolidation,in_force,"Minerals Resource Rent Tax Repeal and Other Measures Act 2014 (No. 96, 2014)",api_listing,,,,
1006,all,https://www.legislation.gov.au/C2014A00016/2016-06-16/2016-06-16/text/original/epub,principal_act,"No. 16, 2014",Biosecurity Charges Imposition (Customs) Act 2015,C2014A00016,C2016C00675,eng,2016-06-16,consolidation,in_force,"Quarantine Charges (Imposition—Customs) Amendment Act 2015 (No. 47, 2015)",api_listing,,,,
1007,all,https://www.legislation.gov.au/C2014A00017/2016-06-16/2016-06-16/text/original/epub,principal_act,"No. 17, 2014",Biosecurity Charges Imposition (Excise) Act 2015,C2014A00017,C2016C00674,eng,2016-06-16,consolidation,in_force,"Quarantine Charges (Imposition—Excise) Amendment Act 2015 (No. 48, 2015)",api_listing,,,,
1008,all,https://www.legislation.gov.au/C2014A00018/2016-06-16/2016-06-16/text/original/epub,principal_act,"No. 18, 2014",Biosecurity Charges Imposition (General) Act 2015,C2014A00018,C2016C00676,eng,2016-06-16,consolidation,in_force,"Quarantine Charges (Imposition—General) Amendment Act 2015 (No. 49, 2015)",api_listing,,,,
1009,all,https://www.legislation.gov.au/C2014A00024/asmade/2014-04-09/text/original/pdf,principal_act,"No. 24, 2014",Marriage (Celebrant Registration Charge) Act 2014,C2014A00024,C2014A00024,eng,2014-04-09,as_enacted,in_force,,api_listing,,,,as_made_only
1010,all,https://www.legislation.gov.au/C2014A00029/2024-10-14/2024-10-14/text/original/epub,principal_act,"No. 29, 2014",Major Sporting Events (Indicia and Images) Protection Act 2014,C2014A00029,C2024C00655,eng,2024-10-14,consolidation,in_force,"Administrative Review Tribunal (Consequential and Transitional Provisions No. 1) Act 2024 (No. 38, 2024)",api_listing,,,,
1011,all,https://www.legislation.gov.au/C2014A00036/2025-06-10/2025-06-10/text/original/epub,principal_act,"No. 36, 2014",Student Identifiers Act 2014,C2014A00036,C2025C00374,eng,2025-06-10,consolidation,in_force,"Better and Fairer Schools (Information Management) Act 2024 (No. 111, 2024)",api_listing,,,,
1012,all,https://www.legislation.gov.au/C2014A00062/2016-03-05/2016-03-05/text/original/epub,principal_act,"No. 62, 2014","Public Governance, Performance and Accountability (Consequential and Transitional Provisions) Act 2014",C2014A00062,C2016C00418,eng,2016-03-05,consolidation,in_force,"Acts and Instruments (Framework Reform) (Consequential Provisions) Act 2015 (No. 126, 2015)",api_listing,,,,
1013,all,https://www.legislation.gov.au/C2014A00081/2025-08-03/2025-08-03/text/original/epub,principal_act,"No. 81, 2014",Australian Apprenticeship Support Loans Act 2014,C2014A00081,C2025C00477,eng,2025-08-03,consolidation,in_force,"Universities Accord (Cutting Student Debt by 20 Per Cent) Act 2025 (No. 30, 2025)",api_listing,,,,
1014,all,https://www.legislation.gov.au/C2014A00083/2024-10-14/2024-10-14/text/original/epub,principal_act,"No. 83, 2014",Clean Energy Legislation (Carbon Tax Repeal) Act 2014,C2014A00083,C2024C00464,eng,2024-10-14,consolidation,in_force,"Administrative Review Tribunal (Consequential and Transitional Provisions No. 1) Act 2024 (No. 38, 2024)",api_listing,,,,
1015,all,https://www.legislation.gov.au/C2014A00084/2018-06-19/2018-06-19/text/original/epub,principal_act,"No. 84, 2014",True-up Shortfall Levy (General) (Carbon Tax Repeal) Act 2014,C2014A00084,C2018C00212,eng,2018-06-19,consolidation,in_force,"Statute Update (Autumn 2018) Act 2018 (No. 41, 2018)",api_listing,,,,
1016,all,https://www.legislation.gov.au/C2014A00085/2018-06-19/2018-06-19/text/original/epub,principal_act,"No. 85, 2014",True-up Shortfall Levy (Excise) (Carbon Tax Repeal) Act 2014,C2014A00085,C2018C00211,eng,2018-06-19,consolidation,in_force,"Statute Update (Autumn 2018) Act 2018 (No. 41, 2018)",api_listing,,,,
1017,all,https://www.legislation.gov.au/C2014A00090/2015-04-14/2015-04-14/text/original/epub,principal_act,"No. 90, 2014",Ozone Protection and Synthetic Greenhouse Gas (Import Levy) (Transitional Provisions) Act 2014,C2014A00090,C2015C00189,eng,2015-04-14,consolidation,in_force,"Public Governance and Resources Legislation Amendment Act (No. 1) 2015 (No. 36, 2015)",api_listing,,,,
1018,all,https://www.legislation.gov.au/C2014A00093/2024-03-20/2024-03-20/text/original/epub,principal_act,"No. 93, 2014",Regulatory Powers (Standard Provisions) Act 2014,C2014A00093,C2024C00118,eng,2024-03-20,consolidation,in_force,"Statute Law Amendment (Prescribed Forms and Other Updates) Act 2023 (No. 74, 2023)",api_listing,,,,
1019,all,https://www.legislation.gov.au/C2014A00096/2017-07-02/2017-07-02/text/original/epub,principal_act,"No. 96, 2014",Minerals Resource Rent Tax Repeal and Other Measures Act 2014,C2014A00096,C2017C00211,eng,2017-07-02,consolidation,in_force,"Treasury Laws Amendment (Fair and Sustainable Superannuation) Act 2016 (No. 81, 2016)",api_listing,,,,
1020,all,https://www.legislation.gov.au/C2014A00103/asmade/2014-09-24/text/original/pdf,principal_act,"No. 103, 2014",Health Workforce Australia (Abolition) Act 2014,C2014A00103,C2014A00103,eng,2014-09-24,as_enacted,in_force,,api_listing,,,,as_made_only
1021,all,https://www.legislation.gov.au/C2014A00117/2016-03-05/2016-03-05/text/original/epub,principal_act,"No. 117, 2014",Albury-Wodonga Development Corporation (Abolition) Act 2014,C2014A00117,C2016C00156,eng,2016-03-05,consolidation,in_force,"Acts and Instruments (Framework Reform) (Consequential Provisions) Act 2015 (No. 126, 2015)",api_listing,,,,
1022,all,https://www.legislation.gov.au/C2014A00132/asmade/2014-12-12/text/original/pdf,principal_act,"No. 132, 2014",ACT Government Loan Act 2014,C2014A00132,C2014A00132,eng,2014-12-12,as_enacted,in_force,,api_listing,,,,as_made_only
1023,all,https://www.legislation.gov.au/C2015A00017/asmade/2015-03-19/text/original/pdf,principal_act,"No. 17, 2015",Excess Exploration Credit Tax Act 2015,C2015A00017,C2015A00017,eng,2015-03-19,as_enacted,in_force,,api_listing,,,,as_made_only
1024,all,https://www.legislation.gov.au/C2015A00023/asmade/2015-03-24/text/original/pdf,principal_act,"No. 23, 2015",Succession to the Crown Act 2015,C2015A00023,C2015A00023,eng,2015-03-24,as_enacted,in_force,,api_listing,,,,as_made_only
1025,all,https://www.legislation.gov.au/C2015A00025/asmade/2015-03-24/text/original/pdf,principal_act,"No. 25, 2015",Enhancing Online Safety for Children (Consequential Amendments) Act 2015,C2015A00025,C2015A00025,eng,2015-03-24,as_enacted,in_force,,api_listing,,,,as_made_only
1026,all,https://www.legislation.gov.au/C2015A00027/2017-09-20/2017-09-20/text/original/epub,principal_act,"No. 27, 2015",Australian River Co. Limited Act 2015,C2015A00027,C2017C00320,eng,2017-09-20,consolidation,in_force,"Statute Update (Winter 2017) Act 2017 (No. 93, 2017)",api_listing,,,,
1027,all,https://www.legislation.gov.au/C2015A00040/2026-06-04/2026-06-04/text/original/epub,principal_act,"No. 40, 2015",Australian Border Force Act 2015,C2015A00040,C2026C00234,eng,2026-06-04,consolidation,in_force,"Strengthening Oversight of the National Intelligence Community Act 2025 (No. 75, 2025)",api_listing,,,,
1028,all,https://www.legislation.gov.au/C2015A00061/2026-01-01/2026-01-01/text/original/epub,principal_act,"No. 61, 2015",Biosecurity Act 2015,C2015A00061,C2026C00044,eng,2026-01-01,consolidation,in_force,"Australian Centre for Disease Control (Consequential Amendments and Transitional Provisions) Act 2025 (No. 62, 2025)",api_listing,,,,
1029,all,https://www.legislation.gov.au/C2015A00062/2017-09-20/2017-09-20/text/original/epub,principal_act,"No. 62, 2015",Biosecurity (Consequential Amendments and Transitional Provisions) Act 2015,C2015A00062,C2017C00318,eng,2017-09-20,consolidation,in_force,"Statute Update (Winter 2017) Act 2017 (No. 93, 2017)",api_listing,,,,
1030,all,https://www.legislation.gov.au/C2015A00083/asmade/2015-06-26/text/original/pdf,principal_act,"No. 83, 2015",Private Health Insurance Supervisory Levy Imposition Act 2015,C2015A00083,C2015A00083,eng,2015-06-26,as_enacted,in_force,,api_listing,,,,as_made_only
1031,all,https://www.legislation.gov.au/C2015A00085/2025-02-21/2025-02-21/text/original/epub,principal_act,"No. 85, 2015",Private Health Insurance (Prudential Supervision) Act 2015,C2015A00085,C2025C00173,eng,2025-02-21,consolidation,in_force,"Administrative Review Tribunal (Miscellaneous Measures) Act 2025 (No. 14, 2025)",api_listing,,,,
1032,all,https://www.legislation.gov.au/C2015A00087/asmade/2015-06-26/text/original/pdf,principal_act,"No. 87, 2015",Private Health Insurance (Prudential Supervision) (Consequential Amendments and Transitional Provisions) Act 2015,C2015A00087,C2015A00087,eng,2015-06-26,as_enacted,in_force,,api_listing,,,,as_made_only
1033,all,https://www.legislation.gov.au/C2015A00093/2021-03-28/2021-03-28/text/original/epub,principal_act,"No. 93, 2015",Export Charges (Imposition—Customs) Act 2015,C2015A00093,C2021C00172,eng,2021-03-28,consolidation,in_force,"Export Charges (Imposition—Customs) Amendment Act 2020 (No. 14, 2020)",api_listing,,,,
1034,all,https://www.legislation.gov.au/C2015A00094/2021-03-28/2021-03-28/text/original/epub,principal_act,"No. 94, 2015",Export Charges (Imposition—Excise) Act 2015,C2015A00094,C2021C00173,eng,2021-03-28,consolidation,in_force,"Export Charges (Imposition—Excise) Amendment Act 2020 (No. 15, 2020)",api_listing,,,,
1035,all,https://www.legislation.gov.au/C2015A00095/2021-03-28/2021-03-28/text/original/epub,principal_act,"No. 95, 2015",Export Charges (Imposition—General) Act 2015,C2015A00095,C2021C00174,eng,2021-03-28,consolidation,in_force,"Export Charges (Imposition—General) Amendment Act 2020 (No. 16, 2020)",api_listing,,,,
1036,all,https://www.legislation.gov.au/C2015A00096/2024-10-14/2024-10-14/text/original/epub,principal_act,"No. 96, 2015",Imported Food Charges (Collection) Act 2015,C2015A00096,C2024C00690,eng,2024-10-14,consolidation,in_force,"Administrative Review Tribunal (Consequential and Transitional Provisions No. 2) Act 2024 (No. 39, 2024)",api_listing,,,,
1037,all,https://www.legislation.gov.au/C2015A00097/2016-07-01/2016-07-01/text/original/epub,principal_act,"No. 97, 2015",Imported Food Charges (Imposition—Customs) Act 2015,C2015A00097,C2016C00819,eng,2016-07-01,consolidation,in_force,"Territories Legislation Amendment Act 2016 (No. 33, 2016)",api_listing,,,,
1038,all,https://www.legislation.gov.au/C2015A00098/2016-07-01/2016-07-01/text/original/epub,principal_act,"No. 98, 2015",Imported Food Charges (Imposition—Excise) Act 2015,C2015A00098,C2016C00821,eng,2016-07-01,consolidation,in_force,"Territories Legislation Amendment Act 2016 (No. 33, 2016)",api_listing,,,,
1039,all,https://www.legislation.gov.au/C2015A00099/2016-07-01/2016-07-01/text/original/epub,principal_act,"No. 99, 2015",Imported Food Charges (Imposition—General) Act 2015,C2015A00099,C2016C00823,eng,2016-07-01,consolidation,in_force,"Territories Legislation Amendment Act 2016 (No. 33, 2016)",api_listing,,,,
1040,all,https://www.legislation.gov.au/C2015A00103/2024-07-06/2024-07-06/text/original/epub,principal_act,"No. 103, 2015",Fuel Indexation (Road Funding) Special Account Act 2015,C2015A00103,C2024C00283,eng,2024-07-06,consolidation,in_force,"COAG Legislation Amendment Act 2024 (No. 54, 2024)",api_listing,,,,
1041,all,https://www.legislation.gov.au/C2015A00111/2020-11-27/2020-11-27/text/original/epub,principal_act,"No. 111, 2015",Business Services Wage Assessment Tool Payment Scheme Act 2015,C2015A00111,C2020C00377,eng,2020-11-27,consolidation,in_force,"Social Services and Other Legislation Amendment (Omnibus) Act 2020 (No. 107, 2020)",api_listing,,,,
1042,all,https://www.legislation.gov.au/C2015A00116/2024-07-06/2024-07-06/text/original/epub,principal_act,"No. 116, 2015",Medical Research Future Fund Act 2015,C2015A00116,C2024C00314,eng,2024-07-06,consolidation,in_force,"COAG Legislation Amendment Act 2024 (No. 54, 2024)",api_listing,,,,
1043,all,https://www.legislation.gov.au/C2015A00118/2023-10-20/2023-10-20/text/original/epub,principal_act,"No. 118, 2015",Australian Defence Force Cover Act 2015,C2015A00118,C2023C00402,eng,2023-10-20,consolidation,in_force,"Treasury Laws Amendment (2023 Law Improvement Package No. 1) Act 2023 (No. 76, 2023)",api_listing,,,,
1044,all,https://www.legislation.gov.au/C2015A00119/2022-09-28/2022-09-28/text/original/epub,principal_act,"No. 119, 2015",Australian Defence Force Superannuation Act 2015,C2015A00119,C2022C00274,eng,2022-09-28,consolidation,in_force,"Family Law Amendment (Western Australia De Facto Superannuation Splitting and Bankruptcy) Act 2020 (No. 112, 2020)",api_listing,,,,
1045,all,https://www.legislation.gov.au/C2015A00123/2024-10-14/2024-10-14/text/original/epub,principal_act,"No. 123, 2015",Australian Small Business and Family Enterprise Ombudsman Act 2015,C2015A00123,C2024C00563,eng,2024-10-14,consolidation,in_force,"Administrative Review Tribunal (Consequential and Transitional Provisions No. 1) Act 2024 (No. 38, 2024)",api_listing,,,,
1046,all,https://www.legislation.gov.au/C2015A00124/asmade/2015-09-10/text/original/pdf,principal_act,"No. 124, 2015",Australian Small Business and Family Enterprise Ombudsman (Consequential and Transitional Provisions) Act 2015,C2015A00124,C2015A00124,eng,2015-09-10,as_enacted,in_force,,api_listing,,,,as_made_only
1047,all,https://www.legislation.gov.au/C2015A00134/2026-04-09/2026-04-09/text/original/epub,principal_act,"No. 134, 2015",Asian Infrastructure Investment Bank Act 2015,C2015A00134,C2026C00152,eng,2026-04-09,consolidation,in_force,"Treasury Laws Amendment (Genetic Testing Protections in Life Insurance and Other Measures) Act 2026 (No. 35, 2026)",api_listing,,,,
1048,all,https://www.legislation.gov.au/C2015A00138/2025-12-05/2025-12-05/text/original/epub,principal_act,"No. 138, 2015",Australian Immunisation Register Act 2015,C2015A00138,C2025C00682,eng,2025-12-05,consolidation,in_force,"Regulatory Reform Omnibus Act 2025 (No. 73, 2025)",api_listing,,,,
1049,all,https://www.legislation.gov.au/C2015A00139/asmade/2015-11-12/text/original/pdf,principal_act,"No. 139, 2015",Australian Immunisation Register (Consequential and Transitional Provisions) Act 2015,C2015A00139,C2015A00139,eng,2015-11-12,as_enacted,in_force,,api_listing,,,,as_made_only
1050,all,https://www.legislation.gov.au/C2015A00152/2024-04-09/2024-04-09/text/original/epub,principal_act,"No. 152, 2015",Foreign Acquisitions and Takeovers Fees Imposition Act 2015,C2015A00152,C2024C00141,eng,2024-04-09,consolidation,in_force,"Foreign Acquisitions and Takeovers Fees Imposition Amendment Act 2024 (No. 17, 2024)",api_listing,,,,
1051,all,https://www.legislation.gov.au/C2015A00155/2024-01-01/2024-01-01/text/original/epub,principal_act,"No. 155, 2015",Student Loans (Overseas Debtors Repayment Levy) Act 2015,C2015A00155,C2024C00043,eng,2024-01-01,consolidation,in_force,"Student Loans (Overseas Debtors Repayment Levy) Amendment Act 2023 (No. 60, 2023)",api_listing,,,,
1052,all,https://www.legislation.gov.au/C2016A00011/asmade/2016-02-29/text/original/pdf,principal_act,"No. 11, 2016",Insolvency Law Reform Act 2016,C2016A00011,C2016A00011,eng,2016-02-29,as_enacted,in_force,,api_listing,,,,as_made_only
1053,all,https://www.legislation.gov.au/C2016A00041/2026-07-01/2026-07-01/text/original/epub,principal_act,"No. 41, 2016",Northern Australia Infrastructure Facility Act 2016,C2016A00041,C2026C00281,eng,2026-07-01,consolidation,in_force,"Northern Australia Infrastructure Facility Amendment Act 2026 (No. 60, 2026)",api_listing,,,,
1054,all,https://www.legislation.gov.au/C2016A00044/asmade/2016-05-05/text/original/pdf,principal_act,"No. 44, 2016",Australian Crime Commission (National Policing Information Charges) Act 2016,C2016A00044,C2016A00044,eng,2016-05-05,as_enacted,in_force,,api_listing,,,,as_made_only
1055,all,https://www.legislation.gov.au/C2016A00048/asmade/2016-05-05/text/original/pdf,principal_act,"No. 48, 2016",Income Tax (Attribution Managed Investment Trusts—Offsets) Act 2016,C2016A00048,C2016A00048,eng,2016-05-05,as_enacted,in_force,,api_listing,,,,as_made_only
1056,all,https://www.legislation.gov.au/C2016A00055/2021-09-01/2021-09-01/text/original/epub,principal_act,"No. 55, 2016",Budget Savings (Omnibus) Act 2016,C2016A00055,C2021C00522,eng,2021-09-01,consolidation,in_force,"Federal Circuit and Family Court of Australia (Consequential Amendments and Transitional Provisions) Act 2021 (No. 13, 2021)",api_listing,,,,
1057,all,https://www.legislation.gov.au/C2016A00065/2026-07-01/2026-07-01/text/original/epub,principal_act,"No. 65, 2016",National Cancer Screening Register Act 2016,C2016A00065,C2026C00279,eng,2026-07-01,consolidation,in_force,"Veterans’ Entitlements, Treatment and Support (Simplification and Harmonisation) Act 2025 (No. 17, 2025)",api_listing,,,,
1058,all,https://www.legislation.gov.au/C2016A00066/asmade/2016-10-20/text/original/pdf,principal_act,"No. 66, 2016",National Cancer Screening Register (Consequential and Transitional Provisions) Act 2016,C2016A00066,C2016A00066,eng,2016-10-20,as_enacted,in_force,,api_listing,,,,as_made_only
1059,all,https://www.legislation.gov.au/C2016A00075/2022-12-01/2022-12-01/text/original/epub,principal_act,"No. 75, 2016",Narcotic Drugs (Licence Charges) Act 2016,C2016A00075,C2022C00329,eng,2022-12-01,consolidation,in_force,"Narcotic Drugs (Licence Charges) Amendment Act 2022 (No. 70, 2022)",api_listing,,,,
1060,all,https://www.legislation.gov.au/C2016A00080/asmade/2016-11-29/text/original/pdf,principal_act,"No. 80, 2016",Superannuation (Excess Transfer Balance Tax) Imposition Act 2016,C2016A00080,C2016A00080,eng,2016-11-29,as_enacted,in_force,,api_listing,,,,as_made_only
1061,all,https://www.legislation.gov.au/C2016A00087/2023-10-18/2023-10-18/text/original/epub,principal_act,"No. 87, 2016",Federal Safety Commissioner Act 2022,C2016A00087,C2023C00358,eng,2023-10-18,consolidation,in_force,"Statute Law Amendment (Prescribed Forms and Other Updates) Act 2023 (No. 74, 2023)",api_listing,,,,
1062,all,https://www.legislation.gov.au/C2016A00098/2025-08-03/2025-08-03/text/original/epub,principal_act,"No. 98, 2016",VET Student Loans Act 2016,C2016A00098,C2025C00474,eng,2025-08-03,consolidation,in_force,"Universities Accord (Cutting Student Debt by 20 Per Cent) Act 2025 (No. 30, 2025)",api_listing,,,,
1063,all,https://www.legislation.gov.au/C2016A00099/asmade/2016-12-07/text/original/pdf,principal_act,"No. 99, 2016",VET Student Loans (Charges) Act 2016,C2016A00099,C2016A00099,eng,2016-12-07,as_enacted,in_force,,api_listing,,,,as_made_only
1064,all,https://www.legislation.gov.au/C2016A00100/asmade/2016-12-07/text/original/pdf,principal_act,"No. 100, 2016",VET Student Loans (Consequential Amendments and Transitional Provisions) Act 2016,C2016A00100,C2016A00100,eng,2016-12-07,as_enacted,in_force,,api_listing,,,,as_made_only
1065,all,https://www.legislation.gov.au/C2016A00101/asmade/2016-12-07/text/original/pdf,principal_act,"No. 101, 2016",Civil Nuclear Transfers to India Act 2016,C2016A00101,C2016A00101,eng,2016-12-07,as_enacted,in_force,,api_listing,,,,as_made_only
1066,all,https://www.legislation.gov.au/C2017A00002/2026-07-01/2026-07-01/text/original/epub,principal_act,"No. 2, 2017",Independent Parliamentary Expenses Authority Act 2017,C2017A00002,C2026C00246,eng,2026-07-01,consolidation,in_force,"Parliamentary Business Resources Legislation Amendment (Review Implementation and Other Measures) Act 2024 (No. 31, 2024)",api_listing,,,,
1067,all,https://www.legislation.gov.au/C2017A00009/asmade/2017-02-22/text/original/pdf,principal_act,"No. 9, 2017",Hazardous Waste (Regulation of Exports and Imports) Levy Act 2017,C2017A00009,C2017A00009,eng,2017-02-22,as_enacted,in_force,,api_listing,,,,as_made_only
1068,all,https://www.legislation.gov.au/C2017A00021/asmade/2017-04-04/text/original/pdf,principal_act,"No. 21, 2017",Diverted Profits Tax Act 2017,C2017A00021,C2017A00021,eng,2017-04-04,as_enacted,in_force,,api_listing,,,,as_made_only
1069,all,https://www.legislation.gov.au/C2017A00037/2026-07-01/2026-07-01/text/original/epub,principal_act,"No. 37, 2017",Parliamentary Business Resources Act 2017,C2017A00037,C2026C00248,eng,2026-07-01,consolidation,in_force,"Parliamentary Business Resources Legislation Amendment (Review Implementation and Other Measures) Act 2024 (No. 31, 2024)",api_listing,,,,
1070,all,https://www.legislation.gov.au/C2017A00038/asmade/2017-05-19/text/original/pdf,principal_act,"No. 38, 2017",Parliamentary Business Resources (Consequential and Transitional Provisions) Act 2017,C2017A00038,C2017A00038,eng,2017-05-19,as_enacted,in_force,,api_listing,,,,as_made_only
1071,all,https://www.legislation.gov.au/C2017A00043/2023-10-20/2023-10-20/text/original/epub,principal_act,"No. 43, 2017",ASIC Supervisory Cost Recovery Levy Act 2017,C2017A00043,C2023C00423,eng,2023-10-20,consolidation,in_force,"Treasury Laws Amendment (2023 Law Improvement Package No. 1) Act 2023 (No. 76, 2023)",api_listing,,,,
1072,all,https://www.legislation.gov.au/C2017A00044/2024-10-14/2024-10-14/text/original/epub,principal_act,"No. 44, 2017",ASIC Supervisory Cost Recovery Levy (Collection) Act 2017,C2017A00044,C2024C00552,eng,2024-10-14,consolidation,in_force,"Administrative Review Tribunal (Consequential and Transitional Provisions No. 1) Act 2024 (No. 38, 2024)",api_listing,,,,
1073,all,https://www.legislation.gov.au/C2017A00063/asmade/2017-06-23/text/original/pdf,principal_act,"No. 63, 2017",Major Bank Levy Act 2017,C2017A00063,C2017A00063,eng,2017-06-23,as_enacted,in_force,,api_listing,,,,as_made_only
1074,all,https://www.legislation.gov.au/C2017A00071/asmade/2017-06-26/text/original/pdf,principal_act,"No. 71, 2017",Medicare Guarantee Act 2017,C2017A00071,C2017A00071,eng,2017-06-26,as_enacted,in_force,,api_listing,,,,as_made_only
1075,all,https://www.legislation.gov.au/C2017A00090/2026-07-01/2026-07-01/text/original/epub,principal_act,"No. 90, 2017",Petroleum and Other Fuels Reporting Act 2017,C2017A00090,C2026C00310,eng,2026-07-01,consolidation,in_force,"Regulatory Reform Omnibus Act 2025 (No. 73, 2025)",api_listing,,,,
1076,all,https://www.legislation.gov.au/C2017A00104/2026-07-01/2026-07-01/text/original/epub,principal_act,"No. 104, 2017",Product Emissions Standards Act 2017,C2017A00104,C2026C00251,eng,2026-07-01,consolidation,in_force,"Environment Protection Reform Act 2025 (No. 68, 2025)",api_listing,,,,
1077,all,https://www.legislation.gov.au/C2017A00105/asmade/2017-09-14/text/original/pdf,principal_act,"No. 105, 2017",Product Emissions Standards (Customs) Charges Act 2017,C2017A00105,C2017A00105,eng,2017-09-14,as_enacted,in_force,,api_listing,,,,as_made_only
1078,all,https://www.legislation.gov.au/C2017A00106/asmade/2017-09-14/text/original/pdf,principal_act,"No. 106, 2017",Product Emissions Standards (Excise) Charges Act 2017,C2017A00106,C2017A00106,eng,2017-09-14,as_enacted,in_force,,api_listing,,,,as_made_only
1079,all,https://www.legislation.gov.au/C2017A00110/asmade/2017-07-01/text/original/pdf,principal_act,"No. 110, 2017",Commercial Broadcasting (Tax) Act 2017,C2017A00110,C2017A00110,eng,2017-07-01,as_enacted,in_force,,api_listing,,,,as_made_only
1080,all,https://www.legislation.gov.au/C2017A00133/asmade/2017-12-13/text/original/pdf,principal_act,"No. 133, 2017",First Home Super Saver Tax Act 2017,C2017A00133,C2017A00133,eng,2017-12-13,as_enacted,in_force,,api_listing,,,,as_made_only
1081,all,https://www.legislation.gov.au/C2018A00006/2019-09-01/2019-09-01/text/original/epub,principal_act,"No. 6, 2018",Regional Investment Corporation Act 2018,C2018A00006,C2019C00282,eng,2019-09-01,consolidation,in_force,"Future Drought Fund (Consequential Amendments) Act 2019 (No. 56, 2019)",api_listing,,,,
1082,all,https://www.legislation.gov.au/C2018A00039/asmade/2018-05-22/text/original/pdf,principal_act,"No. 39, 2018",Migration (Skilling Australians Fund) Charges Act 2018,C2018A00039,C2018A00039,eng,2018-05-22,as_enacted,in_force,,api_listing,,,,as_made_only
1083,all,https://www.legislation.gov.au/C2018A00045/2024-09-28/2024-09-28/text/original/epub,principal_act,"No. 45, 2018",National Redress Scheme for Institutional Child Sexual Abuse Act 2018,C2018A00045,C2024C00613,eng,2024-09-28,consolidation,in_force,"National Redress Scheme for Institutional Child Sexual Abuse Amendment Act 2024 (No. 9, 2024)",api_listing,,,,
1084,all,https://www.legislation.gov.au/C2018A00063/2024-10-14/2024-10-14/text/original/epub,principal_act,"No. 63, 2018",Foreign Influence Transparency Scheme Act 2018,C2018A00063,C2024C00466,eng,2024-10-14,consolidation,in_force,"Administrative Review Tribunal (Consequential and Transitional Provisions No. 2) Act 2024 (No. 39, 2024)",api_listing,,,,
1085,all,https://www.legislation.gov.au/C2018A00065/2024-12-11/2024-12-11/text/original/epub,principal_act,"No. 65, 2018",Housing Australia Act 2018,C2018A00065,C2024C00857,eng,2024-12-11,consolidation,in_force,"Treasury Laws Amendment (Fairer for Families and Farmers and Other Measures) Act 2024 (No. 136, 2024)",api_listing,,,,
1086,all,https://www.legislation.gov.au/C2018A00066/asmade/2018-06-29/text/original/pdf,principal_act,"No. 66, 2018",National Housing Finance and Investment Corporation (Consequential Amendments and Transitional Provisions) Act 2018,C2018A00066,C2018A00066,eng,2018-06-29,as_enacted,in_force,,api_listing,,,,as_made_only
1087,all,https://www.legislation.gov.au/C2018A00085/2026-07-01/2026-07-01/text/original/epub,principal_act,"No. 85, 2018",Underwater Cultural Heritage Act 2018,C2018A00085,C2026C00239,eng,2026-07-01,consolidation,in_force,"Environment Protection Reform Act 2025 (No. 68, 2025)",api_listing,,,,
1088,all,https://www.legislation.gov.au/C2018A00086/asmade/2018-08-24/text/original/pdf,principal_act,"No. 86, 2018",Underwater Cultural Heritage (Consequential and Transitional Provisions) Act 2018,C2018A00086,C2018A00086,eng,2018-08-24,as_enacted,in_force,,api_listing,,,,as_made_only
1089,all,https://www.legislation.gov.au/C2018A00129/2021-09-01/2021-09-01/text/original/epub,principal_act,"No. 129, 2018",Government Procurement (Judicial Review) Act 2018,C2018A00129,C2021C00406,eng,2021-09-01,consolidation,in_force,"Federal Circuit and Family Court of Australia (Consequential Amendments and Transitional Provisions) Act 2021 (No. 13, 2021)",api_listing,,,,
1090,all,https://www.legislation.gov.au/C2018A00145/2023-11-01/2023-11-01/text/original/epub,principal_act,"No. 145, 2018",Aboriginal and Torres Strait Islander Land and Sea Future Fund Act 2018,C2018A00145,C2023C00407,eng,2023-11-01,consolidation,in_force,"Treasury Laws Amendment (Housing Measures No. 1) Act 2023 (No. 81, 2023)",api_listing,,,,
1091,all,https://www.legislation.gov.au/C2018A00150/asmade/2018-12-10/text/original/pdf,principal_act,"No. 150, 2018",Aged Care Quality and Safety Commission (Consequential Amendments and Transitional Provisions) Act 2018,C2018A00150,C2018A00150,eng,2018-12-10,as_enacted,in_force,,api_listing,,,,as_made_only
1092,all,https://www.legislation.gov.au/C2018A00153/2024-11-07/2024-11-07/text/original/epub,principal_act,"No. 153, 2018",Modern Slavery Act 2018,C2018A00153,C2024C00747,eng,2024-11-07,consolidation,in_force,"Modern Slavery Amendment (Australian Anti-Slavery Commissioner) Act 2024 (No. 42, 2024)",api_listing,,,,
1093,all,https://www.legislation.gov.au/C2018A00155/2026-06-04/2026-06-04/text/original/epub,principal_act,"No. 155, 2018",Office of National Intelligence Act 2018,C2018A00155,C2026C00229,eng,2026-06-04,consolidation,in_force,"Strengthening Oversight of the National Intelligence Community Act 2025 (No. 75, 2025)",api_listing,,,,
1094,all,https://www.legislation.gov.au/C2018A00156/asmade/2018-12-10/text/original/pdf,principal_act,"No. 156, 2018",Office of National Intelligence (Consequential and Transitional Provisions) Act 2018,C2018A00156,C2018A00156,eng,2018-12-10,as_enacted,in_force,,api_listing,,,,as_made_only
1095,all,https://www.legislation.gov.au/C2018A00163/2025-01-01/2025-01-01/text/original/epub,principal_act,"No. 163, 2018",Road Vehicle Standards Act 2018,C2018A00163,C2025C00016,eng,2025-01-01,consolidation,in_force,"New Vehicle Efficiency Standard (Consequential Amendments) Act 2024 (No. 35, 2024)",api_listing,,,,
1096,all,https://www.legislation.gov.au/C2018A00164/2022-04-01/2022-04-01/text/original/epub,principal_act,"No. 164, 2018",Road Vehicle Standards (Consequential and Transitional Provisions) Act 2018,C2018A00164,C2022C00138,eng,2022-04-01,consolidation,in_force,"Road Vehicle Standards (Consequential and Transitional Provisions) Amendment Act 2022 (No. 17, 2022)",api_listing,,,,
1097,all,https://www.legislation.gov.au/C2018A00165/asmade/2018-12-10/text/original/pdf,principal_act,"No. 165, 2018",Road Vehicle Standards Charges (Imposition—Customs) Act 2018,C2018A00165,C2018A00165,eng,2018-12-10,as_enacted,in_force,,api_listing,,,,as_made_only
1098,all,https://www.legislation.gov.au/C2018A00166/asmade/2018-12-10/text/original/pdf,principal_act,"No. 166, 2018",Road Vehicle Standards Charges (Imposition—Excise) Act 2018,C2018A00166,C2018A00166,eng,2018-12-10,as_enacted,in_force,,api_listing,,,,as_made_only
1099,all,https://www.legislation.gov.au/C2018A00167/asmade/2018-12-10/text/original/pdf,principal_act,"No. 167, 2018",Road Vehicle Standards Charges (Imposition—General) Act 2018,C2018A00167,C2018A00167,eng,2018-12-10,as_enacted,in_force,,api_listing,,,,as_made_only
1100,all,https://www.legislation.gov.au/C2019A00012/2024-10-14/2024-10-14/text/original/epub,principal_act,"No. 12, 2019",Industrial Chemicals Act 2019,C2019A00012,C2024C00495,eng,2024-10-14,consolidation,in_force,"Administrative Review Tribunal (Consequential and Transitional Provisions No. 2) Act 2024 (No. 39, 2024)",api_listing,,,,
1101,all,https://www.legislation.gov.au/C2019A00013/asmade/2019-03-12/text/original/pdf,principal_act,"No. 13, 2019",Industrial Chemicals (Consequential Amendments and Transitional Provisions) Act 2019,C2019A00013,C2019A00013,eng,2019-03-12,as_enacted,in_force,,api_listing,,,,as_made_only
1102,all,https://www.legislation.gov.au/C2019A00018/asmade/2019-04-03/text/original/pdf,principal_act,"No. 18, 2019",Industrial Chemicals Charges (Customs) Act 2019,C2019A00018,C2019A00018,eng,2019-04-03,as_enacted,in_force,,api_listing,,,,as_made_only
1103,all,https://www.legislation.gov.au/C2019A00019/asmade/2019-04-03/text/original/pdf,principal_act,"No. 19, 2019",Industrial Chemicals Charges (Excise) Act 2019,C2019A00019,C2019A00019,eng,2019-04-03,as_enacted,in_force,,api_listing,,,,as_made_only
1104,all,https://www.legislation.gov.au/C2019A00020/asmade/2019-04-03/text/original/pdf,principal_act,"No. 20, 2019",Industrial Chemicals Charges (General) Act 2019,C2019A00020,C2019A00020,eng,2019-04-03,as_enacted,in_force,,api_listing,,,,as_made_only
1105,all,https://www.legislation.gov.au/C2019A00041/2026-07-01/2026-07-01/text/original/epub,principal_act,"No. 41, 2019",Treatment Benefits (Special Access) Act 2019,C2019A00041,C2026C00325,eng,2026-07-01,consolidation,in_force,"Veterans’ Entitlements, Treatment and Support (Simplification and Harmonisation) Act 2025 (No. 17, 2025)",api_listing,,,,
1106,all,https://www.legislation.gov.au/C2019A00042/asmade/2019-04-05/text/original/pdf,principal_act,"No. 42, 2019",Treatment Benefits (Special Access) (Consequential Amendments and Transitional Provisions) Act 2019,C2019A00042,C2019A00042,eng,2019-04-05,as_enacted,in_force,,api_listing,,,,as_made_only
1107,all,https://www.legislation.gov.au/C2019A00046/asmade/2019-04-05/text/original/pdf,principal_act,"No. 46, 2019",Australian Business Securitisation Fund Act 2019,C2019A00046,C2019A00046,eng,2019-04-05,as_enacted,in_force,,api_listing,,,,as_made_only
1108,all,https://www.legislation.gov.au/C2019A00053/2025-11-08/2025-11-08/text/original/epub,principal_act,"No. 53, 2019",Counter-Terrorism (Temporary Exclusion Orders) Act 2019,C2019A00053,C2025C00639,eng,2025-11-08,consolidation,in_force,"Criminal Code Amendment (State Sponsors of Terrorism) Act 2025 (No. 60, 2025)",api_listing,,,,
1109,all,https://www.legislation.gov.au/C2019A00055/2024-07-06/2024-07-06/text/original/epub,principal_act,"No. 55, 2019",Future Drought Fund Act 2019,C2019A00055,C2024C00278,eng,2024-07-06,consolidation,in_force,"COAG Legislation Amendment Act 2024 (No. 54, 2024)",api_listing,,,,
1110,all,https://www.legislation.gov.au/C2019A00068/2021-09-01/2021-09-01/text/original/epub,principal_act,"No. 68, 2019",National Sports Tribunal Act 2019,C2019A00068,C2021C00550,eng,2021-09-01,consolidation,in_force,"Federal Circuit and Family Court of Australia (Consequential Amendments and Transitional Provisions) Act 2021 (No. 13, 2021)",api_listing,,,,
1111,all,https://www.legislation.gov.au/C2019A00081/2023-12-05/2023-12-05/text/original/epub,principal_act,"No. 81, 2019",Inspector-General of Animal Welfare and Live Animal Exports Act 2019,C2019A00081,C2023C00465,eng,2023-12-05,consolidation,in_force,"Inspector-General of Live Animal Exports Amendment (Animal Welfare) Act 2023 (No. 108, 2023)",api_listing,,,,
1112,all,https://www.legislation.gov.au/C2019A00085/asmade/2019-10-28/text/original/pdf,principal_act,"No. 85, 2019",Higher Education Support (Charges) Act 2019,C2019A00085,C2019A00085,eng,2019-10-28,as_enacted,in_force,,api_listing,,,,as_made_only
1113,all,https://www.legislation.gov.au/C2019A00090/2024-07-06/2024-07-06/text/original/epub,principal_act,"No. 90, 2019",Disaster Ready Fund Act 2019,C2019A00090,C2024C00295,eng,2024-07-06,consolidation,in_force,"COAG Legislation Amendment Act 2024 (No. 54, 2024)",api_listing,,,,
1114,all,https://www.legislation.gov.au/C2019A00096/2026-07-01/2026-07-01/text/original/epub,principal_act,"No. 96, 2019",Australian Veterans’ Recognition (Putting Veterans and Their Families First) Act 2019,C2019A00096,C2026C00253,eng,2026-07-01,consolidation,in_force,"Veterans’ Entitlements, Treatment and Support (Simplification and Harmonisation) Act 2025 (No. 17, 2025)",api_listing,,,,
1115,all,https://www.legislation.gov.au/C2019A00128/asmade/2019-12-12/text/original/pdf,principal_act,"No. 128, 2019",National Self-exclusion Register (Cost Recovery Levy) Act 2019,C2019A00128,C2019A00128,eng,2019-12-12,as_enacted,in_force,,api_listing,,,,as_made_only
1116,all,https://www.legislation.gov.au/C2020A00004/2021-01-01/2021-01-01/text/original/epub,principal_act,"No. 4, 2020",Higher Education Support (HELP Tuition Protection Levy) Act 2020,C2020A00004,C2021C00116,eng,2021-01-01,consolidation,in_force,"Education Legislation Amendment (Up-front Payments Tuition Protection) Act 2020 (No. 101, 2020)",api_listing,,,,
1117,all,https://www.legislation.gov.au/C2020A00005/asmade/2020-01-01/text/original/pdf,principal_act,"No. 5, 2020",VET Student Loans (VSL Tuition Protection Levy) Act 2020,C2020A00005,C2020A00005,eng,2020-01-01,as_enacted,in_force,,api_listing,,,,as_made_only
1118,all,https://www.legislation.gov.au/C2020A00012/2026-05-21/2026-05-21/text/original/epub,principal_act,"No. 12, 2020",Export Control Act 2020,C2020A00012,C2026C00221,eng,2026-05-21,consolidation,in_force,"Export Control Amendment (Clarifying Obligations Relating to Registered Establishments) Act 2026 (No. 44, 2026)",api_listing,,,,
1119,all,https://www.legislation.gov.au/C2020A00023/2020-06-20/2020-06-20/text/original/epub,principal_act,"No. 23, 2020",Boosting Cash Flow for Employers (Coronavirus Economic Response Package) Act 2020,C2020A00023,C2020C00181,eng,2020-06-20,consolidation,in_force,"Treasury Laws Amendment (2020 Measures No. 3) Act 2020 (No. 61, 2020)",api_listing,,,,
1120,all,https://www.legislation.gov.au/C2020A00024/asmade/2020-03-24/text/original/pdf,principal_act,"No. 24, 2020",Assistance for Severely Affected Regions (Special Appropriation) (Coronavirus Economic Response Package) Act 2020,C2020A00024,C2020A00024,eng,2020-03-24,as_enacted,in_force,,api_listing,,,,as_made_only
1121,all,https://www.legislation.gov.au/C2020A00027/asmade/2020-03-24/text/original/pdf,principal_act,"No. 27, 2020",Structured Finance Support (Coronavirus Economic Response Package) Act 2020,C2020A00027,C2020A00027,eng,2020-03-24,as_enacted,in_force,,api_listing,,,,as_made_only
1122,all,https://www.legislation.gov.au/C2020A00028/asmade/2020-03-24/text/original/pdf,principal_act,"No. 28, 2020",Australian Business Growth Fund (Coronavirus Economic Response Package) Act 2020,C2020A00028,C2020A00028,eng,2020-03-24,as_enacted,in_force,,api_listing,,,,as_made_only
1123,all,https://www.legislation.gov.au/C2020A00029/2020-04-09/2020-04-09/text/original/epub,principal_act,"No. 29, 2020",Guarantee of Lending to Small and Medium Enterprises (Coronavirus Economic Response Package) Act 2020,C2020A00029,C2020C00145,eng,2020-04-09,consolidation,in_force,"Coronavirus Economic Response Package Omnibus (Measures No. 2) Act 2020 (No. 38, 2020)",api_listing,,,,
1124,all,https://www.legislation.gov.au/C2020A00037/2021-08-11/2021-08-11/text/original/epub,principal_act,"No. 37, 2020",Coronavirus Economic Response Package (Payments and Benefits) Act 2020,C2020A00037,C2021C00328,eng,2021-08-11,consolidation,in_force,"Treasury Laws Amendment (COVID-19 Economic Response No. 2) Act 2021 (No. 79, 2021)",api_listing,,,,
1125,all,https://www.legislation.gov.au/C2020A00048/asmade/2020-05-25/text/original/pdf,principal_act,"No. 48, 2020",Telecommunications (Regional Broadband Scheme) Charge Act 2020,C2020A00048,C2020A00048,eng,2020-05-25,as_enacted,in_force,,api_listing,,,,as_made_only
1126,all,https://www.legislation.gov.au/C2020A00052/2024-07-10/2024-07-10/text/original/epub,principal_act,"No. 52, 2020",Official Development Assistance Multilateral Replenishment Obligations (Special Appropriation) Act 2020,C2020A00052,C2024C00306,eng,2024-07-10,consolidation,in_force,"Treasury Laws Amendment (Delivering Better Financial Outcomes and Other Measures) Act 2024 (No. 67, 2024)",api_listing,,,,
1127,all,https://www.legislation.gov.au/C2020A00065/2026-07-01/2026-07-01/text/original/epub,principal_act,"No. 65, 2020",Commonwealth Registers Act 2020,C2020A00065,C2026C00304,eng,2026-07-01,consolidation,in_force,"Treasury Laws Amendment (Business Registries Stabilisation and Uplift) Act 2026 (No. 57, 2026)",api_listing,,,,
1128,all,https://www.legislation.gov.au/C2020A00091/2025-02-21/2025-02-21/text/original/epub,principal_act,"No. 91, 2020",Payment Times Reporting Act 2020,C2020A00091,C2025C00133,eng,2025-02-21,consolidation,in_force,"Administrative Review Tribunal (Miscellaneous Measures) Act 2025 (No. 14, 2025)",api_listing,,,,
1129,all,https://www.legislation.gov.au/C2020A00102/asmade/2020-11-20/text/original/pdf,principal_act,"No. 102, 2020",Higher Education (Up-front Payments Tuition Protection Levy) Act 2020,C2020A00102,C2020A00102,eng,2020-11-20,as_enacted,in_force,,api_listing,,,,as_made_only
1130,all,https://www.legislation.gov.au/C2020A00116/asmade/2020-12-10/text/original/pdf,principal_act,"No. 116, 2020",Australia’s Foreign Relations (State and Territory Arrangements) Act 2020,C2020A00116,C2020A00116,eng,2020-12-10,as_enacted,in_force,,api_listing,,,,as_made_only
1131,all,https://www.legislation.gov.au/C2020A00119/2026-07-01/2026-07-01/text/original/epub,principal_act,"No. 119, 2020",Recycling and Waste Reduction Act 2020,C2020A00119,C2026C00317,eng,2026-07-01,consolidation,in_force,"Environment Protection Reform Act 2025 (No. 68, 2025)",api_listing,,,,
1132,all,https://www.legislation.gov.au/C2020A00120/2021-09-21/2021-09-21/text/original/epub,principal_act,"No. 120, 2020",Recycling and Waste Reduction (Consequential and Transitional Provisions) Act 2020,C2020A00120,C2021C00353,eng,2021-09-21,consolidation,in_force,,api_listing,,,,
1133,all,https://www.legislation.gov.au/C2020A00121/asmade/2020-12-15/text/original/pdf,principal_act,"No. 121, 2020",Recycling and Waste Reduction Charges (Customs) Act 2020,C2020A00121,C2020A00121,eng,2020-12-15,as_enacted,in_force,,api_listing,,,,as_made_only
1134,all,https://www.legislation.gov.au/C2020A00122/asmade/2020-12-15/text/original/pdf,principal_act,"No. 122, 2020",Recycling and Waste Reduction Charges (Excise) Act 2020,C2020A00122,C2020A00122,eng,2020-12-15,as_enacted,in_force,,api_listing,,,,as_made_only
1135,all,https://www.legislation.gov.au/C2020A00123/asmade/2020-12-15/text/original/pdf,principal_act,"No. 123, 2020",Recycling and Waste Reduction Charges (General) Act 2020,C2020A00123,C2020A00123,eng,2020-12-15,as_enacted,in_force,,api_listing,,,,as_made_only
1136,all,https://www.legislation.gov.au/C2020A00128/2026-05-27/2026-05-27/text/original/epub,principal_act,"No. 128, 2020",National Emergency Declaration Act 2020,C2020A00128,C2026C00205,eng,2026-05-27,consolidation,in_force,"Competition and Consumer Amendment (Responding to Exceptional Circumstances) Act 2026 (No. 48, 2026)",api_listing,,,,
1137,all,https://www.legislation.gov.au/C2020A00142/asmade/2020-12-17/text/original/pdf,principal_act,"No. 142, 2020",Civil Aviation (Unmanned Aircraft Levy) Act 2020,C2020A00142,C2020A00142,eng,2020-12-17,as_enacted,in_force,,api_listing,,,,as_made_only
1138,all,https://www.legislation.gov.au/C2021A00012/2025-06-10/2025-06-10/text/original/epub,principal_act,"No. 12, 2021",Federal Circuit and Family Court of Australia Act 2021,C2021A00012,C2025C00376,eng,2025-06-10,consolidation,in_force,"Family Law Amendment Act 2024 (No. 118, 2024)",api_listing,,,,
1139,all,https://www.legislation.gov.au/C2021A00013/asmade/2021-03-01/text/original/pdf,principal_act,"No. 13, 2021",Federal Circuit and Family Court of Australia (Consequential Amendments and Transitional Provisions) Act 2021,C2021A00013,C2021A00013,eng,2021-03-01,as_enacted,in_force,,api_listing,,,,as_made_only
1140,all,https://www.legislation.gov.au/C2021A00027/2024-10-14/2024-10-14/text/original/epub,principal_act,"No. 27, 2021",Industrial Chemicals Environmental Management (Register) Act 2021,C2021A00027,C2024C00527,eng,2024-10-14,consolidation,in_force,"Administrative Review Tribunal (Consequential and Transitional Provisions No. 2) Act 2024 (No. 39, 2024)",api_listing,,,,
1141,all,https://www.legislation.gov.au/C2021A00028/asmade/2021-03-26/text/original/pdf,principal_act,"No. 28, 2021",Industrial Chemicals Environmental Management (Register) Charge (Customs) Act 2021,C2021A00028,C2021A00028,eng,2021-03-26,as_enacted,in_force,,api_listing,,,,as_made_only
1142,all,https://www.legislation.gov.au/C2021A00029/asmade/2021-03-26/text/original/pdf,principal_act,"No. 29, 2021",Industrial Chemicals Environmental Management (Register) Charge (Excise) Act 2021,C2021A00029,C2021A00029,eng,2021-03-26,as_enacted,in_force,,api_listing,,,,as_made_only
1143,all,https://www.legislation.gov.au/C2021A00030/asmade/2021-03-26/text/original/pdf,principal_act,"No. 30, 2021",Industrial Chemicals Environmental Management (Register) Charge (General) Act 2021,C2021A00030,C2021A00030,eng,2021-03-26,as_enacted,in_force,,api_listing,,,,as_made_only
1144,all,https://www.legislation.gov.au/C2021A00063/2025-12-05/2025-12-05/text/original/epub,principal_act,"No. 63, 2021",Financial Regulator Assessment Authority Act 2021,C2021A00063,C2025C00660,eng,2025-12-05,consolidation,in_force,"Treasury Laws Amendment (Strengthening Financial Systems and Other Measures) Act 2025 (No. 72, 2025)",api_listing,,,,
1145,all,https://www.legislation.gov.au/C2021A00065/2025-12-05/2025-12-05/text/original/epub,principal_act,"No. 65, 2021",Fuel Security Act 2021,C2021A00065,C2025C00689,eng,2025-12-05,consolidation,in_force,"Regulatory Reform Omnibus Act 2025 (No. 73, 2025)",api_listing,,,,
1146,all,https://www.legislation.gov.au/C2021A00066/asmade/2021-06-29/text/original/pdf,principal_act,"No. 66, 2021",Fuel Security (Consequential and Transitional Provisions) Act 2021,C2021A00066,C2021A00066,eng,2021-06-29,as_enacted,in_force,,api_listing,,,,as_made_only
1147,all,https://www.legislation.gov.au/C2021A00070/asmade/2021-06-30/text/original/pdf,principal_act,"No. 70, 2021",COVID-19 Disaster Payment (Funding Arrangements) Act 2021,C2021A00070,C2021A00070,eng,2021-06-30,as_enacted,in_force,,api_listing,,,,as_made_only
1148,all,https://www.legislation.gov.au/C2021A00076/2026-09-12/2026-09-12/text/original/epub,principal_act,"No. 76, 2021",Online Safety Act 2021,C2021A00076,C2026C00396,eng,2026-09-12,consolidation,in_force,"Online Safety Amendment (Strengthening Enforcement for the Social Media Minimum Age) Act 2026 (No. 83, 2026)",api_listing,,,,
1149,all,https://www.legislation.gov.au/C2021A00077/asmade/2021-07-23/text/original/pdf,principal_act,"No. 77, 2021",Online Safety (Transitional Provisions and Consequential Amendments) Act 2021,C2021A00077,C2021A00077,eng,2021-07-23,as_enacted,in_force,,api_listing,,,,as_made_only
1150,all,https://www.legislation.gov.au/C2021A00081/2022-01-01/2022-01-01/text/original/epub,principal_act,"No. 81, 2021",Tertiary Education Quality and Standards Agency (Charges) Act 2021,C2021A00081,C2022C00003,eng,2022-01-01,consolidation,in_force,"Tertiary Education Quality and Standards Agency (Charges) Amendment Act 2021 (No. 87, 2021)",api_listing,,,,
1151,all,https://www.legislation.gov.au/C2021A00120/2025-02-20/2025-02-20/text/original/epub,principal_act,"No. 120, 2021",Offshore Electricity Infrastructure Act 2021,C2021A00120,C2025C00179,eng,2025-02-20,consolidation,in_force,"Electricity Infrastructure Legislation Amendment Act 2025 (No. 13, 2025)",api_listing,,,,
1152,all,https://www.legislation.gov.au/C2021A00122/asmade/2021-12-02/text/original/pdf,principal_act,"No. 122, 2021",Offshore Electricity Infrastructure (Regulatory Levies) Act 2021,C2021A00122,C2021A00122,eng,2021-12-02,as_enacted,in_force,,api_listing,,,,as_made_only
1153,all,https://www.legislation.gov.au/C2021A00126/asmade/2021-12-07/text/original/pdf,principal_act,"No. 126, 2021",Territories Stolen Generations Redress Scheme (Facilitation) Act 2021,C2021A00126,C2021A00126,eng,2021-12-07,as_enacted,in_force,,api_listing,,,,as_made_only
1154,all,https://www.legislation.gov.au/C2022A00018/asmade/2022-04-01/text/original/pdf,principal_act,"No. 18, 2022",Offshore Petroleum (Laminaria and Corallina Decommissioning Cost Recovery Levy) Act 2022,C2022A00018,C2022A00018,eng,2022-04-01,as_enacted,in_force,,api_listing,,,,as_made_only
1155,all,https://www.legislation.gov.au/C2022A00037/2025-02-20/2025-02-20/text/original/epub,principal_act,"No. 37, 2022",Climate Change Act 2022,C2022A00037,C2025C00153,eng,2025-02-20,consolidation,in_force,"Electricity Infrastructure Legislation Amendment Act 2025 (No. 13, 2025)",api_listing,,,,
1156,all,https://www.legislation.gov.au/C2022A00039/asmade/2022-09-30/text/original/pdf,principal_act,"No. 39, 2022",Social Security (Administration) Amendment (Repeal of Cashless Debit Card and Other Measures) Act 2022,C2022A00039,C2022A00039,eng,2022-09-30,as_enacted,in_force,,api_listing,,,,as_made_only
1157,all,https://www.legislation.gov.au/C2022A00050/asmade/2022-11-09/text/original/pdf,principal_act,"No. 50, 2022",Fair Work Amendment (Paid Family and Domestic Violence Leave) Act 2022,C2022A00050,C2022A00050,eng,2022-11-09,as_enacted,in_force,,api_listing,,,,as_made_only
1158,all,https://www.legislation.gov.au/C2022A00051/2023-08-18/2023-08-18/text/original/epub,principal_act,"No. 51, 2022",Jobs and Skills Australia Act 2022,C2022A00051,C2023C00214,eng,2023-08-18,consolidation,in_force,"Jobs and Skills Australia Amendment Act 2023 (No. 54, 2023)",api_listing,,,,
1159,all,https://www.legislation.gov.au/C2022A00081/asmade/2022-12-12/text/original/pdf,principal_act,"No. 81, 2022",High Speed Rail Authority Act 2022,C2022A00081,C2022A00081,eng,2022-12-12,as_enacted,in_force,,api_listing,,,,as_made_only
1160,all,https://www.legislation.gov.au/C2022A00088/2026-07-01/2026-07-01/text/original/epub,principal_act,"No. 88, 2022",National Anti-Corruption Commission Act 2022,C2022A00088,C2026C00278,eng,2026-07-01,consolidation,in_force,"Parliamentary Business Resources Legislation Amendment (Review Implementation and Other Measures) Act 2024 (No. 31, 2024)",api_listing,,,,
1161,all,https://www.legislation.gov.au/C2022A00089/2023-07-01/2023-07-01/text/original/epub,principal_act,"No. 89, 2022",National Anti-Corruption Commission (Consequential and Transitional Provisions) Act 2022,C2022A00089,C2023C00174,eng,2023-07-01,consolidation,in_force,"Public Interest Disclosure Amendment (Review) Act 2023 (No. 23, 2023)",api_listing,,,,
1162,all,https://www.legislation.gov.au/C2023A00012/2023-10-17/2023-10-17/text/original/epub,principal_act,"No. 12, 2023",National Reconstruction Fund Corporation Act 2023,C2023A00012,C2023C00318,eng,2023-10-17,consolidation,in_force,"Members of Parliament (Staff) Amendment Act 2023 (No. 71, 2023)",api_listing,,,,
1163,all,https://www.legislation.gov.au/C2023A00019/asmade/2023-06-15/text/original/pdf,principal_act,"No. 19, 2023",Home Affairs Act 2023,C2023A00019,C2023A00019,eng,2023-06-15,as_enacted,in_force,,api_listing,,,,as_made_only
1164,all,https://www.legislation.gov.au/C2023A00024/2025-07-01/2025-07-01/text/original/epub,principal_act,"No. 24, 2023",Creative Australia Act 2023,C2023A00024,C2025C00409,eng,2025-07-01,consolidation,in_force,"Creative Australia Amendment (Implementation of Revive) Act 2024 (No. 63, 2024)",api_listing,,,,
1165,all,https://www.legislation.gov.au/C2023A00025/asmade/2023-06-23/text/original/pdf,principal_act,"No. 25, 2023",Creative Australia (Consequential and Transitional Provisions) Act 2023,C2023A00025,C2023A00025,eng,2023-06-23,as_enacted,in_force,,api_listing,,,,as_made_only
1166,all,https://www.legislation.gov.au/C2023A00031/asmade/2023-06-28/text/original/pdf,principal_act,"No. 31, 2023",Appropriation Act (No. 1) 2023-2024,C2023A00031,C2023A00031,eng,2023-06-28,as_enacted,in_force,,api_listing,,,,as_made_only
1167,all,https://www.legislation.gov.au/C2023A00044/2023-10-20/2023-10-20/text/original/epub,principal_act,"No. 44, 2023",Financial Services Compensation Scheme of Last Resort Levy Act 2023,C2023A00044,C2023C00413,eng,2023-10-20,consolidation,in_force,"Treasury Laws Amendment (2023 Law Improvement Package No. 1) Act 2023 (No. 76, 2023)",api_listing,,,,
1168,all,https://www.legislation.gov.au/C2023A00045/2025-02-21/2025-02-21/text/original/epub,principal_act,"No. 45, 2023",Financial Services Compensation Scheme of Last Resort Levy (Collection) Act 2023,C2023A00045,C2025C00112,eng,2025-02-21,consolidation,in_force,"Administrative Review Tribunal (Miscellaneous Measures) Act 2025 (No. 14, 2025)",api_listing,,,,
1169,all,https://www.legislation.gov.au/C2023A00055/2025-11-01/2025-11-01/text/original/epub,principal_act,"No. 55, 2023",Inspector-General of Aged Care Act 2023,C2023A00055,C2025C00582,eng,2025-11-01,consolidation,in_force,"Aged Care and Other Legislation Amendment Act 2025 (No. 45, 2025)",api_listing,,,,
1170,all,https://www.legislation.gov.au/C2023A00056/asmade/2023-08-17/text/original/pdf,principal_act,"No. 56, 2023",Inspector-General of Aged Care (Consequential and Transitional Provisions) Act 2023,C2023A00056,C2023A00056,eng,2023-08-17,as_enacted,in_force,,api_listing,,,,as_made_only
1171,all,https://www.legislation.gov.au/C2023A00067/2025-02-21/2025-02-21/text/original/epub,principal_act,"No. 67, 2023",Financial Accountability Regime Act 2023,C2023A00067,C2025C00148,eng,2025-02-21,consolidation,in_force,"Administrative Review Tribunal (Miscellaneous Measures) Act 2025 (No. 14, 2025)",api_listing,,,,
1172,all,https://www.legislation.gov.au/C2023A00068/asmade/2023-09-14/text/original/pdf,principal_act,"No. 68, 2023",Financial Accountability Regime (Consequential Amendments) Act 2023,C2023A00068,C2023A00068,eng,2023-09-14,as_enacted,in_force,,api_listing,,,,as_made_only
1173,all,https://www.legislation.gov.au/C2023A00070/2024-10-14/2024-10-14/text/original/epub,principal_act,"No. 70, 2023",Parliamentary Workplace Support Service (Consequential Amendments and Transitional Provisions) Act 2023,C2023A00070,C2024C00702,eng,2024-10-14,consolidation,in_force,"Parliamentary Workplace Support Service Amendment (Independent Parliamentary Standards Commission) Act 2024 (No. 86, 2024)",api_listing,,,,
1174,all,https://www.legislation.gov.au/C2023A00072/2026-03-14/2026-03-14/text/original/epub,principal_act,"No. 72, 2023",Parliamentary Workplace Support Service Act 2023,C2023A00072,C2026C00097,eng,2026-03-14,consolidation,in_force,"Parliamentary Frameworks Legislation Amendment (Reviews) Act 2026 (No. 11, 2026)",api_listing,,,,
1175,all,https://www.legislation.gov.au/C2023A00073/asmade/2023-09-20/text/original/pdf,principal_act,"No. 73, 2023",Inspector-General of Intelligence and Security and Other Legislation Amendment (Modernisation) Act 2023,C2023A00073,C2023A00073,eng,2023-09-20,as_enacted,in_force,,api_listing,,,,as_made_only
1176,all,https://www.legislation.gov.au/C2023A00079/2026-07-01/2026-07-01/text/original/epub,principal_act,"No. 79, 2023",Housing Australia Future Fund Act 2023,C2023A00079,C2026C00240,eng,2026-07-01,consolidation,in_force,"Veterans’ Entitlements, Treatment and Support (Simplification and Harmonisation) Act 2025 (No. 17, 2025)",api_listing,,,,
1177,all,https://www.legislation.gov.au/C2023A00080/asmade/2023-09-28/text/original/pdf,principal_act,"No. 80, 2023",National Housing Supply and Affordability Council Act 2023,C2023A00080,C2023A00080,eng,2023-09-28,as_enacted,in_force,,api_listing,,,,as_made_only
1178,all,https://www.legislation.gov.au/C2023A00081/asmade/2023-09-28/text/original/pdf,principal_act,"No. 81, 2023",Treasury Laws Amendment (Housing Measures No. 1) Act 2023,C2023A00081,C2023A00081,eng,2023-09-28,as_enacted,in_force,,api_listing,,,,as_made_only
1179,all,https://www.legislation.gov.au/C2023A00085/asmade/2023-10-26/text/original/pdf,principal_act,"No. 85, 2023",Migration (Visa Pre-application Process) Charge Act 2023,C2023A00085,C2023A00085,eng,2023-10-26,as_enacted,in_force,,api_listing,,,,as_made_only
1180,all,https://www.legislation.gov.au/C2023A00089/asmade/2023-11-06/text/original/pdf,principal_act,"No. 89, 2023",Higher Education Support Amendment (Response to the Australian Universities Accord Interim Report) Act 2023,C2023A00089,C2023A00089,eng,2023-11-06,as_enacted,in_force,,api_listing,,,,as_made_only
1181,all,https://www.legislation.gov.au/C2023A00095/2026-01-01/2026-01-01/text/original/epub,principal_act,"No. 95, 2023",National Occupational Respiratory Disease Registry Act 2023,C2023A00095,C2026C00030,eng,2026-01-01,consolidation,in_force,"Australian Centre for Disease Control (Consequential Amendments and Transitional Provisions) Act 2025 (No. 62, 2025)",api_listing,,,,
1182,all,https://www.legislation.gov.au/C2023A00103/asmade/2023-11-28/text/original/pdf,principal_act,"No. 103, 2023",Disability Services and Inclusion (Consequential Amendments and Transitional Provisions) Act 2023,C2023A00103,C2023A00103,eng,2023-11-28,as_enacted,in_force,,api_listing,,,,as_made_only
1183,all,https://www.legislation.gov.au/C2023A00107/2024-05-31/2024-05-31/text/original/epub,principal_act,"No. 107, 2023",Disability Services and Inclusion Act 2023,C2023A00107,C2024C00207,eng,2024-05-31,consolidation,in_force,"Financial Framework (Supplementary Powers) Amendment Act 2024 (No. 27, 2024)",api_listing,,,,
1184,all,https://www.legislation.gov.au/C2023A00112/asmade/2023-12-08/text/original/pdf,principal_act,"No. 112, 2023",Economic Inclusion Advisory Committee Act 2023,C2023A00112,C2023A00112,eng,2023-12-08,as_enacted,in_force,,api_listing,,,,as_made_only
1185,all,https://www.legislation.gov.au/C2023A00115/2024-12-11/2024-12-11/text/original/epub,principal_act,"No. 115, 2023",Identity Verification Services Act 2023,C2023A00115,C2024C00830,eng,2024-12-11,consolidation,in_force,"Privacy and Other Legislation Amendment Act 2024 (No. 128, 2024)",api_listing,,,,
1186,all,https://www.legislation.gov.au/C2023A00118/2025-09-05/2025-09-05/text/original/epub,principal_act,"No. 118, 2023",Public Health (Tobacco and Other Products) Act 2023,C2023A00118,C2025C00521,eng,2025-09-05,consolidation,in_force,"Health Legislation Amendment (Improved Medicare Integrity and Other Measures) Act 2025 (No. 38, 2025)",api_listing,,,,
1187,all,https://www.legislation.gov.au/C2023A00119/asmade/2023-12-14/text/original/pdf,principal_act,"No. 119, 2023",Public Health (Tobacco and Other Products) (Consequential Amendments and Transitional Provisions) Act 2023,C2023A00119,C2023A00119,eng,2023-12-14,as_enacted,in_force,,api_listing,,,,as_made_only
1188,all,https://www.legislation.gov.au/C2023A00121/2026-08-24/2026-08-24/text/original/epub,principal_act,"No. 121, 2023",Nature Repair Act 2023,C2023A00121,C2026C00392,eng,2026-08-24,consolidation,in_force,"Environment Protection Reform Act 2025 (No. 68, 2025)",api_listing,,,,
1189,all,https://www.legislation.gov.au/C2024A00019/asmade/2024-04-08/text/original/pdf,principal_act,"No. 19, 2024",Autonomous Sanctions Amendment Act 2024,C2024A00019,C2024A00019,eng,2024-04-08,as_enacted,in_force,,api_listing,,,,as_made_only
1190,all,https://www.legislation.gov.au/C2024A00025/2025-02-21/2025-02-21/text/original/epub,principal_act,"No. 25, 2024",Digital ID Act 2024,C2024A00025,C2025C00160,eng,2025-02-21,consolidation,in_force,"Administrative Review Tribunal (Miscellaneous Measures) Act 2025 (No. 14, 2025)",api_listing,,,,
1191,all,https://www.legislation.gov.au/C2024A00034/2025-02-21/2025-02-21/text/original/epub,principal_act,"No. 34, 2024",New Vehicle Efficiency Standard Act 2024,C2024A00034,C2025C00178,eng,2025-02-21,consolidation,in_force,"Administrative Review Tribunal (Miscellaneous Measures) Act 2025 (No. 14, 2025)",api_listing,,,,
1192,all,https://www.legislation.gov.au/C2024A00038/asmade/2024-05-31/text/original/pdf,principal_act,"No. 38, 2024",Administrative Review Tribunal (Consequential and Transitional Provisions No. 1) Act 2024,C2024A00038,C2024A00038,eng,2024-05-31,as_enacted,in_force,,api_listing,,,,as_made_only
1193,all,https://www.legislation.gov.au/C2024A00039/asmade/2024-05-31/text/original/pdf,principal_act,"No. 39, 2024",Administrative Review Tribunal (Consequential and Transitional Provisions No. 2) Act 2024,C2024A00039,C2024A00039,eng,2024-05-31,as_enacted,in_force,,api_listing,,,,as_made_only
1194,all,https://www.legislation.gov.au/C2024A00040/2026-05-18/2026-05-18/text/original/epub,principal_act,"No. 40, 2024",Administrative Review Tribunal Act 2024,C2024A00040,C2026C00202,eng,2026-05-18,consolidation,in_force,"Administrative Review Tribunal and Other Legislation Amendment Act 2026 (No. 3, 2026)",api_listing,,,,
1195,all,https://www.legislation.gov.au/C2024A00047/asmade/2024-06-26/text/original/pdf,principal_act,"No. 47, 2024",Appropriation Act (No. 1) 2024-2025,C2024A00047,C2024A00047,eng,2024-06-26,as_enacted,in_force,,api_listing,,,,as_made_only
1196,all,https://www.legislation.gov.au/C2024A00048/asmade/2024-06-26/text/original/pdf,principal_act,"No. 48, 2024",Appropriation Act (No. 2) 2024-2025,C2024A00048,C2024A00048,eng,2024-06-26,as_enacted,in_force,,api_listing,,,,as_made_only
1197,all,https://www.legislation.gov.au/C2024A00049/asmade/2024-06-26/text/original/pdf,principal_act,"No. 49, 2024",Appropriation (Parliamentary Departments) Act (No. 1) 2024-2025,C2024A00049,C2024A00049,eng,2024-06-26,as_enacted,in_force,,api_listing,,,,as_made_only
1198,all,https://www.legislation.gov.au/C2024A00055/asmade/2024-07-09/text/original/pdf,principal_act,"No. 55, 2024",Primary Industries (Customs) Charges Act 2024,C2024A00055,C2024A00055,eng,2024-07-09,as_enacted,in_force,,api_listing,,,,as_made_only
1199,all,https://www.legislation.gov.au/C2024A00056/asmade/2024-07-09/text/original/pdf,principal_act,"No. 56, 2024",Primary Industries (Excise) Levies Act 2024,C2024A00056,C2024A00056,eng,2024-07-09,as_enacted,in_force,,api_listing,,,,as_made_only
1200,all,https://www.legislation.gov.au/C2024A00057/asmade/2024-07-09/text/original/pdf,principal_act,"No. 57, 2024",Primary Industries (Services) Levies Act 2024,C2024A00057,C2024A00057,eng,2024-07-09,as_enacted,in_force,,api_listing,,,,as_made_only
1201,all,https://www.legislation.gov.au/C2024A00058/2025-02-21/2025-02-21/text/original/epub,principal_act,"No. 58, 2024",Primary Industries Levies and Charges Collection Act 2024,C2024A00058,C2025C00158,eng,2025-02-21,consolidation,in_force,"Administrative Review Tribunal (Miscellaneous Measures) Act 2025 (No. 14, 2025)",api_listing,,,,
1202,all,https://www.legislation.gov.au/C2024A00059/2025-02-21/2025-02-21/text/original/epub,principal_act,"No. 59, 2024",Primary Industries Levies and Charges Disbursement Act 2024,C2024A00059,C2025C00181,eng,2025-02-21,consolidation,in_force,"Administrative Review Tribunal (Miscellaneous Measures) Act 2025 (No. 14, 2025)",api_listing,,,,
1203,all,https://www.legislation.gov.au/C2024A00060/asmade/2024-07-09/text/original/pdf,principal_act,"No. 60, 2024",Primary Industries (Consequential Amendments and Transitional Provisions) Act 2024,C2024A00060,C2024A00060,eng,2024-07-09,as_enacted,in_force,,api_listing,,,,as_made_only
1204,all,https://www.legislation.gov.au/C2024A00082/asmade/2024-09-05/text/original/pdf,principal_act,"No. 82, 2024",Net Zero Economy Authority (Transitional Provisions) Act 2024,C2024A00082,C2024A00082,eng,2024-09-05,as_enacted,in_force,,api_listing,,,,as_made_only
1205,all,https://www.legislation.gov.au/C2024A00085/asmade/2024-09-17/text/original/pdf,principal_act,"No. 85, 2024",Net Zero Economy Authority Act 2024,C2024A00085,C2024A00085,eng,2024-09-17,as_enacted,in_force,,api_listing,,,,as_made_only
1206,all,https://www.legislation.gov.au/C2024A00086/asmade/2024-09-17/text/original/pdf,principal_act,"No. 86, 2024",Parliamentary Workplace Support Service Amendment (Independent Parliamentary Standards Commission) Act 2024,C2024A00086,C2024A00086,eng,2024-09-17,as_enacted,in_force,,api_listing,,,,as_made_only
1207,all,https://www.legislation.gov.au/C2024A00091/2025-11-01/2025-11-01/text/original/epub,principal_act,"No. 91, 2024",Australian Naval Nuclear Power Safety Act 2024,C2024A00091,C2026C00088,eng,2025-11-01,consolidation,in_force,"Administrative Review Tribunal (Miscellaneous Measures) Act 2025 (No. 14, 2025)",api_listing,,,,
1208,all,https://www.legislation.gov.au/C2024A00092/asmade/2024-10-24/text/original/pdf,principal_act,"No. 92, 2024",Australian Naval Nuclear Power Safety (Transitional Provisions) Act 2024,C2024A00092,C2024A00092,eng,2024-10-24,as_enacted,in_force,,api_listing,,,,as_made_only
1209,all,https://www.legislation.gov.au/C2024A00101/asmade/2024-12-02/text/original/pdf,principal_act,"No. 101, 2024",Commonwealth Entities (Payment Surcharges) Act 2024,C2024A00101,C2024A00101,eng,2024-12-02,as_enacted,in_force,,api_listing,,,,as_made_only
1210,all,https://www.legislation.gov.au/C2024A00102/asmade/2024-12-02/text/original/pdf,principal_act,"No. 102, 2024",Commonwealth Entities (Payment Surcharges) Tax (Imposition) Act 2024,C2024A00102,C2024A00102,eng,2024-12-02,as_enacted,in_force,,api_listing,,,,as_made_only
1211,all,https://www.legislation.gov.au/C2024A00104/2026-07-01/2026-07-01/text/original/epub,principal_act,"No. 104, 2024",Aged Care Act 2024,C2024A00104,C2026C00301,eng,2026-07-01,consolidation,in_force,"Aged Care and Other Legislation Amendment Act 2025 (No. 45, 2025)",api_listing,,,,
1212,all,https://www.legislation.gov.au/C2024A00109/2025-11-01/2025-11-01/text/original/epub,principal_act,"No. 109, 2024",Aged Care (Consequential and Transitional Provisions) Act 2024,C2024A00109,C2025C00593,eng,2025-11-01,consolidation,in_force,"Aged Care and Other Legislation Amendment Act 2025 (No. 45, 2025)",api_listing,,,,
1213,all,https://www.legislation.gov.au/C2024A00110/asmade/2024-12-10/text/original/pdf,principal_act,"No. 110, 2024",Anti-Money Laundering and Counter-Terrorism Financing Amendment Act 2024,C2024A00110,C2024A00110,eng,2024-12-10,as_enacted,in_force,,api_listing,,,,as_made_only
1214,all,https://www.legislation.gov.au/C2024A00112/asmade/2024-12-10/text/original/pdf,principal_act,"No. 112, 2024",Capital Works (Build to Rent Misuse Tax) Act 2024,C2024A00112,C2024A00112,eng,2024-12-10,as_enacted,in_force,,api_listing,,,,as_made_only
1215,all,https://www.legislation.gov.au/C2024A00119/asmade/2024-12-10/text/original/pdf,principal_act,"No. 119, 2024",Future Made in Australia Act 2024,C2024A00119,C2024A00119,eng,2024-12-10,as_enacted,in_force,,api_listing,,,,as_made_only
1216,all,https://www.legislation.gov.au/C2024A00121/asmade/2024-12-10/text/original/pdf,principal_act,"No. 121, 2024",Future Made in Australia (Guarantee of Origin) Act 2024,C2024A00121,C2024A00121,eng,2024-12-10,as_enacted,in_force,,api_listing,,,,as_made_only
1217,all,https://www.legislation.gov.au/C2024A00122/asmade/2024-12-10/text/original/pdf,principal_act,"No. 122, 2024",Future Made in Australia (Guarantee of Origin Charges) Act 2024,C2024A00122,C2024A00122,eng,2024-12-10,as_enacted,in_force,,api_listing,,,,as_made_only
1218,all,https://www.legislation.gov.au/C2024A00124/2025-02-21/2025-02-21/text/original/epub,principal_act,"No. 124, 2024",Help to Buy Act 2024,C2024A00124,C2025C00127,eng,2025-02-21,consolidation,in_force,"Administrative Review Tribunal (Miscellaneous Measures) Act 2025 (No. 14, 2025)",api_listing,,,,
1219,all,https://www.legislation.gov.au/C2024A00129/asmade/2024-12-10/text/original/pdf,principal_act,"No. 129, 2024",Superannuation (Objective) Act 2024,C2024A00129,C2024A00129,eng,2024-12-10,as_enacted,in_force,,api_listing,,,,as_made_only
1220,all,https://www.legislation.gov.au/C2024A00130/asmade/2024-12-10/text/original/pdf,principal_act,"No. 130, 2024",Surveillance Legislation (Confirmation of Application) Act 2024,C2024A00130,C2024A00130,eng,2024-12-10,as_enacted,in_force,,api_listing,,,,as_made_only
1221,all,https://www.legislation.gov.au/C2024A00132/asmade/2024-12-10/text/original/pdf,principal_act,"No. 132, 2024",Taxation (Multinational—Global and Domestic Minimum Tax) Act 2024,C2024A00132,C2024A00132,eng,2024-12-10,as_enacted,in_force,,api_listing,,,,as_made_only
1222,all,https://www.legislation.gov.au/C2024A00133/asmade/2024-12-10/text/original/pdf,principal_act,"No. 133, 2024",Taxation (Multinational—Global and Domestic Minimum Tax) Imposition Act 2024,C2024A00133,C2024A00133,eng,2024-12-10,as_enacted,in_force,,api_listing,,,,as_made_only
1223,all,https://www.legislation.gov.au/C2024A00140/asmade/2024-12-10/text/original/pdf,principal_act,"No. 140, 2024",Wage Justice for Early Childhood Education and Care Workers (Special Account) Act 2024,C2024A00140,C2024A00140,eng,2024-12-10,as_enacted,in_force,,api_listing,,,,as_made_only
1224,all,https://www.legislation.gov.au/C2025A00003/asmade/2025-02-14/text/original/pdf,principal_act,"No. 3, 2025",Appropriation (Parliamentary Departments) Act (No. 2) 2024-2025,C2025A00003,C2025A00003,eng,2025-02-14,as_enacted,in_force,,api_listing,,,,as_made_only
1225,all,https://www.legislation.gov.au/C2025A00004/asmade/2025-02-14/text/original/pdf,principal_act,"No. 4, 2025",Appropriation Act (No. 3) 2024-2025,C2025A00004,C2025A00004,eng,2025-02-14,as_enacted,in_force,,api_listing,,,,as_made_only
1226,all,https://www.legislation.gov.au/C2025A00005/asmade/2025-02-14/text/original/pdf,principal_act,"No. 5, 2025",Appropriation Act (No. 4) 2024-2025,C2025A00005,C2025A00005,eng,2025-02-14,as_enacted,in_force,,api_listing,,,,as_made_only
1227,all,https://www.legislation.gov.au/C2025A00012/asmade/2025-02-20/text/original/pdf,principal_act,"No. 12, 2025",Early Childhood Education and Care (Three Day Guarantee) Act 2025,C2025A00012,C2025A00012,eng,2025-02-20,as_enacted,in_force,,api_listing,,,,as_made_only
1228,all,https://www.legislation.gov.au/C2025A00019/asmade/2025-03-27/text/original/pdf,principal_act,"No. 19, 2025",Supply Act (No. 1) 2025-2026,C2025A00019,C2025A00019,eng,2025-03-27,as_enacted,in_force,,api_listing,,,,as_made_only
1229,all,https://www.legislation.gov.au/C2025A00020/asmade/2025-03-27/text/original/pdf,principal_act,"No. 20, 2025",Supply Act (No. 2) 2025-2026,C2025A00020,C2025A00020,eng,2025-03-27,as_enacted,in_force,,api_listing,,,,as_made_only
1230,all,https://www.legislation.gov.au/C2025A00021/asmade/2025-03-27/text/original/pdf,principal_act,"No. 21, 2025",Supply (Parliamentary Departments) Act (No. 1) 2025-2026,C2025A00021,C2025A00021,eng,2025-03-27,as_enacted,in_force,,api_listing,,,,as_made_only
1231,all,https://www.legislation.gov.au/C2025A00026/asmade/2025-03-27/text/original/pdf,principal_act,"No. 26, 2025",Free TAFE Act 2025,C2025A00026,C2025A00026,eng,2025-03-27,as_enacted,in_force,,api_listing,,,,as_made_only
1232,all,https://www.legislation.gov.au/C2025A00034/asmade/2025-08-28/text/original/pdf,principal_act,"No. 34, 2025",Universities Accord (National Higher Education Code to Prevent and Respond to Gender-based Violence) Act 2025,C2025A00034,C2025A00034,eng,2025-08-28,as_enacted,in_force,,api_listing,,,,as_made_only
1233,all,https://www.legislation.gov.au/C2025A00044/asmade/2025-09-05/text/original/pdf,principal_act,"No. 44, 2025",Pacific Banking Guarantee Act 2025,C2025A00044,C2025A00044,eng,2025-09-05,as_enacted,in_force,,api_listing,,,,as_made_only
1234,all,https://www.legislation.gov.au/C2025A00047/asmade/2025-10-29/text/original/pdf,principal_act,"No. 47, 2025",Appropriation Act (No. 1) 2025-2026,C2025A00047,C2025A00047,eng,2025-10-29,as_enacted,in_force,,api_listing,,,,as_made_only
1235,all,https://www.legislation.gov.au/C2025A00048/asmade/2025-10-29/text/original/pdf,principal_act,"No. 48, 2025",Appropriation Act (No. 2) 2025-2026,C2025A00048,C2025A00048,eng,2025-10-29,as_enacted,in_force,,api_listing,,,,as_made_only
1236,all,https://www.legislation.gov.au/C2025A00049/asmade/2025-10-29/text/original/pdf,principal_act,"No. 49, 2025",Appropriation (Parliamentary Departments) Act (No. 1) 2025-2026,C2025A00049,C2025A00049,eng,2025-10-29,as_enacted,in_force,,api_listing,,,,as_made_only
1237,all,https://www.legislation.gov.au/C2025A00052/asmade/2025-11-04/text/original/pdf,principal_act,"No. 52, 2025",Commonwealth Workplace Protection Orders Act 2025,C2025A00052,C2025A00052,eng,2025-11-04,as_enacted,in_force,,api_listing,,,,as_made_only
1238,all,https://www.legislation.gov.au/C2025A00059/asmade/2025-11-06/text/original/pdf,principal_act,"No. 59, 2025",Competition and Consumer Amendment (Australian Energy Regulator Separation) Act 2025,C2025A00059,C2025A00059,eng,2025-11-06,as_enacted,in_force,,api_listing,,,,as_made_only
1239,all,https://www.legislation.gov.au/C2025A00061/asmade/2025-11-10/text/original/pdf,principal_act,"No. 61, 2025",Australian Centre for Disease Control Act 2025,C2025A00061,C2025A00061,eng,2025-11-10,as_enacted,in_force,,api_listing,,,,as_made_only
1240,all,https://www.legislation.gov.au/C2025A00062/asmade/2025-11-10/text/original/pdf,principal_act,"No. 62, 2025",Australian Centre for Disease Control (Consequential Amendments and Transitional Provisions) Act 2025,C2025A00062,C2025A00062,eng,2025-11-10,as_enacted,in_force,,api_listing,,,,as_made_only
1241,all,https://www.legislation.gov.au/C2025A00063/asmade/2025-12-01/text/original/pdf,principal_act,"No. 63, 2025",Environment Information Australia Act 2025,C2025A00063,C2025A00063,eng,2025-12-01,as_enacted,in_force,,api_listing,,,,as_made_only
1242,all,https://www.legislation.gov.au/C2025A00064/asmade/2025-12-01/text/original/pdf,principal_act,"No. 64, 2025",Environment Protection and Biodiversity Conservation (Customs Charges Imposition) Act 2025,C2025A00064,C2025A00064,eng,2025-12-01,as_enacted,in_force,,api_listing,,,,as_made_only
1243,all,https://www.legislation.gov.au/C2025A00065/asmade/2025-12-01/text/original/pdf,principal_act,"No. 65, 2025",Environment Protection and Biodiversity Conservation (Excise Charges Imposition) Act 2025,C2025A00065,C2025A00065,eng,2025-12-01,as_enacted,in_force,,api_listing,,,,as_made_only
1244,all,https://www.legislation.gov.au/C2025A00066/asmade/2025-12-01/text/original/pdf,principal_act,"No. 66, 2025",Environment Protection and Biodiversity Conservation (General Charges Imposition) Act 2025,C2025A00066,C2025A00066,eng,2025-12-01,as_enacted,in_force,,api_listing,,,,as_made_only
1245,all,https://www.legislation.gov.au/C2025A00067/asmade/2025-12-01/text/original/pdf,principal_act,"No. 67, 2025",Environment Protection and Biodiversity Conservation (Restoration Charge Imposition) Act 2025,C2025A00067,C2025A00067,eng,2025-12-01,as_enacted,in_force,,api_listing,,,,as_made_only
1246,all,https://www.legislation.gov.au/C2025A00069/asmade/2025-12-01/text/original/pdf,principal_act,"No. 69, 2025",National Environmental Protection Agency Act 2025,C2025A00069,C2025A00069,eng,2025-12-01,as_enacted,in_force,,api_listing,,,,as_made_only
1247,all,https://www.legislation.gov.au/C2025A00077/asmade/2025-12-04/text/original/pdf,principal_act,"No. 77, 2025",VET Student Loans (Miscellaneous Measures) Act 2025,C2025A00077,C2025A00077,eng,2025-12-04,as_enacted,in_force,,api_listing,,,,as_made_only
1248,all,https://www.legislation.gov.au/C2025A00079/asmade/2025-12-04/text/original/pdf,principal_act,"No. 79, 2025",Social Security and Other Legislation Amendment (Technical Changes No. 2) Act 2025,C2025A00079,C2025A00079,eng,2025-12-04,as_enacted,in_force,,api_listing,,,,as_made_only
1249,all,https://www.legislation.gov.au/C2026A00001/asmade/2026-01-21/text/original/pdf,principal_act,"No. 1, 2026","Combatting Antisemitism, Hate and Extremism (Firearms and Customs Laws) Act 2026",C2026A00001,C2026A00001,eng,2026-01-21,as_enacted,in_force,,api_listing,,,,as_made_only
1250,all,https://www.legislation.gov.au/C2026A00002/asmade/2026-01-21/text/original/pdf,principal_act,"No. 2, 2026","Combatting Antisemitism, Hate and Extremism (Criminal and Migration Laws) Act 2026",C2026A00002,C2026A00002,eng,2026-01-21,as_enacted,in_force,,api_listing,,,,as_made_only
1251,all,https://www.legislation.gov.au/C2026A00009/asmade/2026-03-13/text/original/pdf,principal_act,"No. 9, 2026",Superannuation (Building a Stronger and Fairer Super System) Imposition Act 2026,C2026A00009,C2026A00009,eng,2026-03-13,as_enacted,in_force,,api_listing,,,,as_made_only
1252,all,https://www.legislation.gov.au/C2026A00014/asmade/2026-03-26/text/original/pdf,principal_act,"No. 14, 2026",National Commission for Aboriginal and Torres Strait Islander Children and Young People Act 2026,C2026A00014,C2026A00014,eng,2026-03-26,as_enacted,in_force,,api_listing,,,,as_made_only
1253,all,https://www.legislation.gov.au/C2026A00015/asmade/2026-03-26/text/original/pdf,principal_act,"No. 15, 2026",National Commission for Aboriginal and Torres Strait Islander Children and Young People (Transitional Provisions) Act 2026,C2026A00015,C2026A00015,eng,2026-03-26,as_enacted,in_force,,api_listing,,,,as_made_only
1254,all,https://www.legislation.gov.au/C2026A00016/asmade/2026-03-27/text/original/pdf,principal_act,"No. 16, 2026",Appropriation (Parliamentary Departments) Act (No. 2) 2025‑2026,C2026A00016,C2026A00016,eng,2026-03-27,as_enacted,in_force,,api_listing,,,,as_made_only
1255,all,https://www.legislation.gov.au/C2026A00017/asmade/2026-03-27/text/original/pdf,principal_act,"No. 17, 2026",Appropriation Act (No. 3) 2025-2026,C2026A00017,C2026A00017,eng,2026-03-27,as_enacted,in_force,,api_listing,,,,as_made_only
1256,all,https://www.legislation.gov.au/C2026A00018/asmade/2026-03-27/text/original/pdf,principal_act,"No. 18, 2026",Appropriation Act (No. 4) 2025-2026,C2026A00018,C2026A00018,eng,2026-03-27,as_enacted,in_force,,api_listing,,,,as_made_only
1257,all,https://www.legislation.gov.au/C2026A00023/asmade/2026-04-01/text/original/pdf,principal_act,"No. 23, 2026",Appropriation (Fuel Security Response) Act (No. 1) 2025-2026,C2026A00023,C2026A00023,eng,2026-04-01,as_enacted,in_force,,api_listing,,,,as_made_only
1258,all,https://www.legislation.gov.au/C2026A00024/asmade/2026-04-01/text/original/pdf,principal_act,"No. 24, 2026",Appropriation (Fuel Security Response) Act (No. 2) 2025-2026,C2026A00024,C2026A00024,eng,2026-04-01,as_enacted,in_force,,api_listing,,,,as_made_only
1259,all,https://www.legislation.gov.au/C2026A00026/asmade/2026-04-01/text/original/pdf,principal_act,"No. 26, 2026",Universities Accord (Australian Tertiary Education Commission) (Consequential and Transitional Provisions) Act 2026,C2026A00026,C2026A00026,eng,2026-04-01,as_enacted,in_force,,api_listing,,,,as_made_only
1260,all,https://www.legislation.gov.au/C2026A00027/asmade/2026-04-01/text/original/pdf,principal_act,"No. 27, 2026",Defence and Veterans’ Service Commissioner Act 2026,C2026A00027,C2026A00027,eng,2026-04-01,as_enacted,in_force,,api_listing,,,,as_made_only
1261,all,https://www.legislation.gov.au/C2026A00028/asmade/2026-04-01/text/original/pdf,principal_act,"No. 28, 2026",Defence and Veterans’ Service Commissioner (Consequential and Transitional Provisions) Act 2026,C2026A00028,C2026A00028,eng,2026-04-01,as_enacted,in_force,,api_listing,,,,as_made_only
1262,all,https://www.legislation.gov.au/C2026A00032/asmade/2026-04-08/text/original/pdf,principal_act,"No. 32, 2026",Commonwealth Parole Board Act 2026,C2026A00032,C2026A00032,eng,2026-04-08,as_enacted,in_force,,api_listing,,,,as_made_only
1263,all,https://www.legislation.gov.au/C2026A00033/asmade/2026-04-08/text/original/pdf,principal_act,"No. 33, 2026",Commonwealth Parole Board (Consequential and Transitional Provisions) Act 2026,C2026A00033,C2026A00033,eng,2026-04-08,as_enacted,in_force,,api_listing,,,,as_made_only
1264,all,https://www.legislation.gov.au/C2026A00040/asmade/2026-04-08/text/original/pdf,principal_act,"No. 40, 2026",Translating and Interpreting Services Act 2026,C2026A00040,C2026A00040,eng,2026-04-08,as_enacted,in_force,,api_listing,,,,as_made_only
1265,all,https://www.legislation.gov.au/C2026A00042/asmade/2026-04-08/text/original/pdf,principal_act,"No. 42, 2026",High Seas Biodiversity Act 2026,C2026A00042,C2026A00042,eng,2026-04-08,as_enacted,in_force,,api_listing,,,,as_made_only
1266,all,https://www.legislation.gov.au/C2026A00045/asmade/2026-05-20/text/original/pdf,principal_act,"No. 45, 2026",Public and Educational Lending Rights (Better Income for Authors) Act 2026,C2026A00045,C2026A00045,eng,2026-05-20,as_enacted,in_force,,api_listing,,,,as_made_only
1267,all,https://www.legislation.gov.au/C2026A00046/asmade/2026-05-20/text/original/pdf,principal_act,"No. 46, 2026",Public and Educational Lending Rights (Better Income for Authors) Consequential Amendments and Transitional Provisions Act 2026,C2026A00046,C2026A00046,eng,2026-05-20,as_enacted,in_force,,api_listing,,,,as_made_only
1268,all,https://www.legislation.gov.au/C2026A00051/asmade/2026-06-26/text/original/pdf,principal_act,"No. 51, 2026",Appropriation Act (No. 5) 2025-2026,C2026A00051,C2026A00051,eng,2026-06-26,as_enacted,in_force,,api_listing,,,,as_made_only
1269,all,https://www.legislation.gov.au/C2026A00052/asmade/2026-06-26/text/original/pdf,principal_act,"No. 52, 2026",Appropriation Act (No. 6) 2025-2026,C2026A00052,C2026A00052,eng,2026-06-26,as_enacted,in_force,,api_listing,,,,as_made_only
1270,all,https://www.legislation.gov.au/C2026A00054/asmade/2026-06-30/text/original/pdf,principal_act,"No. 54, 2026",Appropriation Act (No. 1) 2026‑2027,C2026A00054,C2026A00054,eng,2026-06-30,as_enacted,in_force,,api_listing,,,,as_made_only
1271,all,https://www.legislation.gov.au/C2026A00055/asmade/2026-06-30/text/original/pdf,principal_act,"No. 55, 2026",Appropriation Act (No. 2) 2026-2027,C2026A00055,C2026A00055,eng,2026-06-30,as_enacted,in_force,,api_listing,,,,as_made_only
1272,all,https://www.legislation.gov.au/C2026A00056/asmade/2026-06-30/text/original/pdf,principal_act,"No. 56, 2026",Appropriation (Parliamentary Departments) Act (No. 1) 2026-2027,C2026A00056,C2026A00056,eng,2026-06-30,as_enacted,in_force,,api_listing,,,,as_made_only
1273,all,https://www.legislation.gov.au/C2026A00068/asmade/2026-08-26/text/original/pdf,principal_act,"No. 68, 2026",Cash Distribution Framework Act 2026,C2026A00068,C2026A00068,eng,2026-08-26,as_enacted,in_force,,api_listing,,,,as_made_only
1274,all,https://www.legislation.gov.au/C2026A00069/asmade/2026-08-26/text/original/pdf,principal_act,"No. 69, 2026",Cash Distribution Framework (Consequential Amendments and Transitional Provisions) Act 2026,C2026A00069,C2026A00069,eng,2026-08-26,as_enacted,in_force,,api_listing,,,,as_made_only
1275,all,https://www.legislation.gov.au/C2026A00073/asmade/2026-08-26/text/original/pdf,principal_act,"No. 73, 2026",Interactive Gambling (Cost Recovery Levy) Act 2026,C2026A00073,C2026A00073,eng,2026-08-26,as_enacted,in_force,,api_listing,,,,as_made_only
1276,all,https://www.legislation.gov.au/C2026A00075/asmade/2026-08-26/text/original/pdf,principal_act,"No. 75, 2026",News Journalism Payments Act 2026,C2026A00075,C2026A00075,eng,2026-08-26,as_enacted,in_force,,api_listing,,,,as_made_only
1277,all,https://www.legislation.gov.au/C2026A00077/asmade/2026-08-26/text/original/pdf,principal_act,"No. 77, 2026",News Media Bargaining (Administration) Act 2026,C2026A00077,C2026A00077,eng,2026-08-26,as_enacted,in_force,,api_listing,,,,as_made_only
1278,all,https://www.legislation.gov.au/C2026A00078/asmade/2026-08-26/text/original/pdf,principal_act,"No. 78, 2026",News Media Bargaining Charge Act 2026,C2026A00078,C2026A00078,eng,2026-08-26,as_enacted,in_force,,api_listing,,,,as_made_only
