contract_version,instrument_version,doc_id,economy,source_url,access_date,source_type,pdf_is_scanned,local_path,law_name_guess,law_number_guess,pillar_hint,indicator_hints,retrieval_method,http_status,http_headers_path,content_type,content_sha256,byte_size,page_count,anchor_hint,anchor_kind,seed_query,crawl_notes,publication_date,assent_date,commencement_date,in_force_status
0.2.0,,sg-aa1906-001,SG,https://sso.agc.gov.sg/Act/AA1906?ViewType=Pdf,2026-09-15T18:09:19Z,pdf_native,false,raw/sg/appraisers_act_1906/20260915T1809Z__native.pdf,Appraisers Act 1906,,,,requests,200,raw/sg/appraisers_act_1906/20260915T1809Z__native.pdf.headers.json,application/pdf,f7f5132be0c620888cd5806cfe9b7af7fa3a0c5d7f89eb5e729ec390d66c1e5e,103691,12,,,,corpus SG_corpus_2026-09-16: from SG_ws_2026-09-15,2021-12-31,,,Current
0.2.0,,sg-aa1928-001,SG,https://sso.agc.gov.sg/Act/AA1928?ViewType=Pdf,2026-09-15T18:08:09Z,pdf_native,false,raw/sg/apportionment_act_1928/20260915T1808Z__native.pdf,Apportionment Act 1928,,,,requests,200,raw/sg/apportionment_act_1928/20260915T1808Z__native.pdf.headers.json,application/pdf,9051830596c2cd1f7f9f52a9cfe7aa4b3dc1bb8a9c4889f0e428c62c07d3c92c,93071,7,,,,corpus SG_corpus_2026-09-16: from SG_ws_2026-09-15,2021-12-31,,,Current
0.2.0,,sg-aa1966-001,SG,https://sso.agc.gov.sg/Act/AA1966?ViewType=Pdf,2026-09-15T18:14:29Z,pdf_native,false,raw/sg/audit_act_1966/20260915T1814Z__native.pdf,Audit Act 1966,,,,requests,200,raw/sg/audit_act_1966/20260915T1814Z__native.pdf.headers.json,application/pdf,c138d2d5f50a1326c63209af3bc630ff9fd2c43e55facc3e6c24af3820bd8379,177429,18,,,,corpus SG_corpus_2026-09-16: from SG_ws_2026-09-15,2021-12-31,,,Current
0.2.0,,sg-aa1968-001,SG,https://sso.agc.gov.sg/Act/AIIDA1968?ViewType=Pdf,2026-09-15T18:10:04Z,pdf_native,false,raw/sg/arbitration_international_investment_disputes_act_1968/20260915T1810Z__native.pdf,Arbitration (International Investment Disputes) Act 1968,,,,requests,200,raw/sg/arbitration_international_investment_disputes_act_1968/20260915T1810Z__native.pdf.headers.json,application/pdf,a41876bb10ef1e23f62141ad6746e60ad68944fb0bb7e5873d2b225bed41134d,189989,29,,,,corpus SG_corpus_2026-09-16: from SG_ws_2026-09-15,2021-10-11,,,Current
0.2.0,,sg-aba1965-001,SG,https://sso.agc.gov.sg/Act/ABA1965?ViewType=Pdf,2026-09-15T18:06:44Z,pdf_native,false,raw/sg/animals_and_birds_act_1965/20260915T1806Z__native.pdf,Animals and Birds Act 1965,,,,playwright,200,raw/sg/animals_and_birds_act_1965/20260915T1806Z__native.pdf.headers.json,application/pdf,604551329d82b9321c667bf1708f52f9c6936f77933aa803caa037fb342abdb5,340931,73,,,,corpus SG_corpus_2026-09-16: from SG_ws_2026-09-15,2021-10-07,,,Current
0.2.0,,sg-adba1966-001,SG,https://sso.agc.gov.sg/Act/ADBA1966?ViewType=Pdf,2026-09-15T18:12:36Z,pdf_native,false,raw/sg/asian_development_bank_act_1966/20260915T1812Z__native.pdf,Asian Development Bank Act 1966,,,,requests,200,raw/sg/asian_development_bank_act_1966/20260915T1812Z__native.pdf.headers.json,application/pdf,576d8504b10a9c4fbb46121eb38c87825f524d19597b8d0c6eec40b670f74873,106439,12,,,,corpus SG_corpus_2026-09-16: from SG_ws_2026-09-15,2021-12-31,,,Current
0.2.0,,sg-agpcspd2024-001,SG,https://www.pdpc.gov.sg/-/media/files/pdpc/pdf-files/advisory-guidelines/advisory-guidelines-on-the-pdpa-for-children%27s-personal-data-in-the-digital-environment_mar24.pdf,2026-09-15T16:42:10Z,pdf_native,false,raw/sg/advisory_guidelines_on_the_pdpa_for_children_s_personal_data_pdpc_2024/20260915T1642Z__native.pdf,"Advisory Guidelines on the PDPA for Children's Personal Data (PDPC, 2024)",,P7,P7-I4,requests,200,raw/sg/advisory_guidelines_on_the_pdpa_for_children_s_personal_data_pdpc_2024/20260915T1642Z__native.pdf.headers.json,application/pdf,2f4b720d2ac1057657313e25e9d1ff52e23b6bd7306ac25eaf2ac5c8d7502762,461940,13,,,,corpus SG_corpus_2026-09-16: from SG_ws_2026-09-15,,,,
0.2.0,,sg-amla1966-001,SG,https://sso.agc.gov.sg/Act/AMLA1966?ViewType=Pdf,2026-09-15T18:01:57Z,pdf_native,false,raw/sg/administration_of_muslim_law_act_1966/20260915T1801Z__native.pdf,Administration of Muslim Law Act 1966,,,,requests,200,raw/sg/administration_of_muslim_law_act_1966/20260915T1801Z__native.pdf.headers.json,application/pdf,d0dc3fb83beda3670a8a52be22305f0340e769a4d6b8a896b8fe7d5ce32dd573,549463,140,,,,corpus SG_corpus_2026-09-16: from SG_ws_2026-09-15,2024-03-04,,,Current
0.2.0,,sg-ana1966-001,SG,https://sso.agc.gov.sg/Act/ANA1966?ViewType=Pdf,2026-09-15T18:04:41Z,pdf_native,false,raw/sg/air_navigation_act_1966/20260915T1804Z__native.pdf,Air Navigation Act 1966,,,,playwright,200,raw/sg/air_navigation_act_1966/20260915T1804Z__native.pdf.headers.json,application/pdf,3bdf04143bedcdd4ce96fdb2b5e7a26f01521179dd00dc38a811a25ca260e8f9,531445,136,,,,corpus SG_corpus_2026-09-16: from SG_ws_2026-09-15,2021-02-22,,,Current
0.2.0,,sg-aoa1973-001,SG,https://sso.agc.gov.sg/Act/AOA1973?ViewType=Pdf,2026-09-15T18:11:52Z,pdf_native,false,raw/sg/arms_offences_act_1973/20260915T1811Z__native.pdf,Arms Offences Act 1973,,,,requests,200,raw/sg/arms_offences_act_1973/20260915T1811Z__native.pdf.headers.json,application/pdf,3c52ad71bdbf08eaeef4678c2ad40d0225399adf1c6b489573e569ff19baf61d,148493,15,,,,corpus SG_corpus_2026-09-16: from SG_ws_2026-09-15,2021-02-22,,,Current
0.2.0,,sg-ara1909-001,SG,https://sso.agc.gov.sg/Act/ARA1909?ViewType=Pdf,2026-09-15T18:08:48Z,pdf_native,false,raw/sg/apportionment_of_rents_act_1909/20260915T1808Z__native.pdf,Apportionment of Rents Act 1909,,,,requests,200,raw/sg/apportionment_of_rents_act_1909/20260915T1808Z__native.pdf.headers.json,application/pdf,663e150446bf201502a8d9cfb33558144581aace4f8b35b27798dc39363e3238,100246,10,,,,corpus SG_corpus_2026-09-16: from SG_ws_2026-09-15,2021-12-31,,,Current
0.2.0,,sg-ba1970-001,SG,https://sso.agc.gov.sg/Act/BA1970?ViewType=Pdf,2026-09-15T14:15:42Z,pdf_native,false,raw/sg/banking_act_1970/20260915T1415Z__native.pdf,Banking Act 1970,,P7,P7-I1,requests,200,raw/sg/banking_act_1970/20260915T1415Z__native.pdf.headers.json,application/pdf,496d5eca4a452b7e3ad1b22e595e1a1d9daef482d4e337c451a4c0cc30d73c73,873718,257,,,,corpus SG_corpus_2026-09-16: from SG_ws_2026-09-15,2024-12-10,,,Current
0.2.0,,sg-ba2004-001,SG,https://sso.agc.gov.sg/Act/BSMA2004?ViewType=Pdf,2026-09-15T19:26:45Z,pdf_native,false,raw/sg/building_strata_management_act_2004/20260915T1926Z__native.pdf,Building (Strata Management) Act 2004,,,,requests,200,raw/sg/building_strata_management_act_2004/20260915T1926Z__native.pdf.headers.json,application/pdf,a04765d5587dbdcb07927ad8f1be93b1992bfaae9a408db0a1d5120506770fa9,808039,209,,,,corpus SG_corpus_2026-09-16: from SG_ws_2026-09-15,,,,Current
0.2.0,,sg-bca1989-001,SG,https://sso.agc.gov.sg/Act/BCA1989?ViewType=Pdf,2026-09-15T18:23:59Z,pdf_native,false,raw/sg/building_control_act_1989/20260915T1823Z__native.pdf,Building Control Act 1989,,,,requests,200,raw/sg/building_control_act_1989/20260915T1823Z__native.pdf.headers.json,application/pdf,6b87a294965c682d00ffe6b7164b5aa787a798d907a507232a53d2688f7776a5,823513,239,,,,corpus SG_corpus_2026-09-16: from SG_ws_2026-09-15,,,,Current
0.2.0,,sg-bcaa1999-001,SG,https://sso.agc.gov.sg/Act/BCAA1999?ViewType=Pdf,2026-09-15T18:22:13Z,pdf_native,false,raw/sg/building_and_construction_authority_act_1999/20260915T1822Z__native.pdf,Building and Construction Authority Act 1999,,,,requests,200,raw/sg/building_and_construction_authority_act_1999/20260915T1822Z__native.pdf.headers.json,application/pdf,43f4a1b682c2c900dc8d6a9f0ef573e11229503f930225e1e7854ef187dd399d,321852,69,,,,corpus SG_corpus_2026-09-16: from SG_ws_2026-09-15,,,,Current
0.2.0,,sg-bcispa2004-001,SG,https://sso.agc.gov.sg/Act/BCISPA2004?ViewType=Pdf,2026-09-15T18:23:00Z,pdf_native,false,raw/sg/building_and_construction_industry_security_of_payment_act_2004/20260915T1823Z__native.pdf,Building and Construction Industry Security of Payment Act 2004,,,,requests,200,raw/sg/building_and_construction_industry_security_of_payment_act_2004/20260915T1823Z__native.pdf.headers.json,application/pdf,4e35af4f1c782ebd6e478ee378e536b987b74d959d4c8408b0f30c582f3a6479,233671,60,,,,corpus SG_corpus_2026-09-16: from SG_ws_2026-09-15,,,,Current
0.2.0,,sg-bea1949-001,SG,https://sso.agc.gov.sg/Act/BEA1949?ViewType=Pdf,2026-09-15T18:15:30Z,pdf_native,false,raw/sg/bills_of_exchange_act_1949/20260915T1815Z__native.pdf,Bills of Exchange Act 1949,,,,requests,200,raw/sg/bills_of_exchange_act_1949/20260915T1815Z__native.pdf.headers.json,application/pdf,edef9d902f3ede8cd29bebe71191c99dbb4c16e83f9a5253084f215aae4699d7,257843,59,,,,corpus SG_corpus_2026-09-16: from SG_ws_2026-09-15,2021-12-31,,,Current
0.2.0,,sg-bla1992-001,SG,https://sso.agc.gov.sg/Act/BLA1992?ViewType=Pdf,2026-09-15T18:15:43Z,pdf_native,false,raw/sg/bills_of_lading_act_1992/20260915T1815Z__native.pdf,Bills of Lading Act 1992,,,,requests,200,raw/sg/bills_of_lading_act_1992/20260915T1815Z__native.pdf.headers.json,application/pdf,83d5f2275ca480ae67efd3ecd14eb9716e3b05a907cac11800cd691ba3c3ff58,102883,11,,,,corpus SG_corpus_2026-09-16: from SG_ws_2026-09-15,2021-12-31,,,Current
0.2.0,,sg-bn-001,SG,https://sso.agc.gov.sg/SL/BA1970-N1?DocDate=20210831&ViewType=Pdf,2026-09-15T14:16:44Z,pdf_native,false,raw/sg/banking_fees_notification/20260915T1416Z__native.pdf,Banking (Fees) Notification,,,,requests,200,raw/sg/banking_fees_notification/20260915T1416Z__native.pdf.headers.json,application/pdf,a92f4b3fde955e1f86169da4cfdb3546e24c9cd54083ef4ba8cc948e38cd546a,45210,6,,,,corpus SG_corpus_2026-09-16: from SG_ws_2026-09-15,2021-08-31,,,Current
0.2.0,,sg-bnra2014-001,SG,https://sso.agc.gov.sg/Act/BNRA2014?ViewType=Pdf,2026-09-15T18:24:55Z,pdf_native,false,raw/sg/business_names_registration_act_2014/20260915T1824Z__native.pdf,Business Names Registration Act 2014,,,,requests,200,raw/sg/business_names_registration_act_2014/20260915T1824Z__native.pdf.headers.json,application/pdf,a2f7207b016292b1b7d49bdbb8490af3d099cb42f6c79667985080a438fe5691,256994,55,,,,corpus SG_corpus_2026-09-16: from SG_ws_2026-09-15,,,,Current
0.2.0,,sg-br-001,SG,https://sso.agc.gov.sg/SL/BA1970-RG2?DocDate=20200921&ViewType=Pdf,2026-09-15T14:17:07Z,pdf_native,false,raw/sg/banking_publication_and_provision_of_accounts_regulations/20260915T1417Z__native.pdf,Banking (Publication and Provision of Accounts) Regulations,,,,requests,200,raw/sg/banking_publication_and_provision_of_accounts_regulations/20260915T1417Z__native.pdf.headers.json,application/pdf,c01d2732707ab75791050872ea72ef88ceb00dabb10f09a7d7ef3b362d1d0bd8,38938,3,,,,corpus SG_corpus_2026-09-16: from SG_ws_2026-09-15,2020-09-21,,,Current
0.2.0,,sg-brf12d-001,SG,https://sso.agc.gov.sg/SL/BA1970-RG5?DocDate=20210630&ViewType=Pdf,2026-09-15T14:17:19Z,pdf_native,false,raw/sg/banking_regulations/20260915T1417Z__native.pdf,Banking Regulations,,,,requests,200,raw/sg/banking_regulations/20260915T1417Z__native.pdf.headers.json,application/pdf,26c271fc1dbe4e6a3da7edfcb39298ff9f8ce0b19c8b76af3956a6cff2dc69e9,260965,81,,,,corpus SG_corpus_2026-09-16: from SG_ws_2026-09-15,2021-06-30,,,Current
0.2.0,,sg-bsa-001,SG,https://sso.agc.gov.sg/Act/BSA1886?ViewType=Pdf,2026-09-15T18:16:21Z,pdf_native,false,raw/sg/bills_of_sale_act_1886/20260915T1816Z__native.pdf,Bills of Sale Act 1886,,,,requests,200,raw/sg/bills_of_sale_act_1886/20260915T1816Z__native.pdf.headers.json,application/pdf,bb9909cda3ee4d707180e47bf1316d9b9e629751e065818e2a02f0de3eef04c4,148699,24,,,,corpus SG_corpus_2026-09-16: from SG_ws_2026-09-15,2021-10-11,,,Current
0.2.0,,sg-bsaa1926-001,SG,https://sso.agc.gov.sg/Act/BSAA1926?ViewType=Pdf,2026-09-15T19:25:34Z,pdf_native,false,raw/sg/boy_scouts_association_act_1926/20260915T1925Z__native.pdf,Boy Scouts Association Act 1926,,,,requests,200,raw/sg/boy_scouts_association_act_1926/20260915T1925Z__native.pdf.headers.json,application/pdf,93589b071f2a31dd5d47a894f6b8a35c870d0b4600e611ceaf97329cbc7e2ffc,92020,6,,,,corpus SG_corpus_2026-09-16: from SG_ws_2026-09-15,2021-12-31,,,Current
0.2.0,,sg-bsgo1950-001,SG,https://sso.agc.gov.sg/Act/BSGO1950?ViewType=Pdf,2026-09-15T19:26:30Z,pdf_native,false,raw/sg/brothers_of_st_gabriel_ordinance_1950/20260915T1926Z__native.pdf,Brothers of St. Gabriel Ordinance 1950,,,,requests,200,raw/sg/brothers_of_st_gabriel_ordinance_1950/20260915T1926Z__native.pdf.headers.json,application/pdf,f40cc18450abe94f36f093a706eafcaa9028609c18238224191837ad4cd5b415,94674,7,,,,corpus SG_corpus_2026-09-16: from SG_ws_2026-09-15,,,,Current
0.2.0,,sg-bsia2015-001,SG,https://sso.agc.gov.sg/Act/BSIA2015?ViewType=Pdf,2026-09-15T18:24:55Z,pdf_native,false,raw/sg/bus_services_industry_act_2015/20260915T1824Z__native.pdf,Bus Services Industry Act 2015,,,,playwright,200,raw/sg/bus_services_industry_act_2015/20260915T1824Z__native.pdf.headers.json,application/pdf,5333752e5c1442b295fad475c56a550df2c8e8e97c158f49e964bf6ebaef470a,417564,109,,,,corpus SG_corpus_2026-09-16: from SG_ws_2026-09-15,,,,Current
0.2.0,,sg-bso1911-001,SG,https://sso.agc.gov.sg/Act/BSO1911?ViewType=Pdf,2026-09-15T19:24:52Z,pdf_native,false,raw/sg/bishop_of_singapore_ordinance_1911/20260915T1924Z__native.pdf,Bishop of Singapore Ordinance 1911,,,,requests,200,raw/sg/bishop_of_singapore_ordinance_1911/20260915T1924Z__native.pdf.headers.json,application/pdf,6d517cc1277159664c691f0403b9708208e7d5d1dd73fcf1c250abae82641dfb,164867,8,,,,corpus SG_corpus_2026-09-16: from SG_ws_2026-09-15,2021-12-31,,,Current
0.2.0,,sg-bta2004-001,SG,https://sso.agc.gov.sg/Act/BTA2004?ViewType=Pdf,2026-09-15T18:25:43Z,pdf_native,false,raw/sg/business_trusts_act_2004/20260915T1825Z__native.pdf,Business Trusts Act 2004,,,,requests,200,raw/sg/business_trusts_act_2004/20260915T1825Z__native.pdf.headers.json,application/pdf,ae575b11a3bbe863e6bc17aaa927ddaa24549805affed8146bc1080ec21d6137,650103,176,,,,corpus SG_corpus_2026-09-16: from SG_ws_2026-09-15,,,,Current
0.2.0,,sg-bwaa1966-001,SG,https://sso.agc.gov.sg/Act/BWAA1966?ViewType=Pdf,2026-09-15T19:25:53Z,pdf_native,false,raw/sg/bretton_woods_agreements_act_1966/20260915T1925Z__native.pdf,Bretton Woods Agreements Act 1966,,,,requests,200,raw/sg/bretton_woods_agreements_act_1966/20260915T1925Z__native.pdf.headers.json,application/pdf,f82f31b54fe064214d61b3f5e27e6e6f68db506bc6781aab97ce1089df2c2483,154181,18,,,,corpus SG_corpus_2026-09-16: from SG_ws_2026-09-15,2023-10-31,,,Current
0.2.0,,sg-ca1960-001,SG,https://sso.agc.gov.sg/Act/CA1960?ViewType=Pdf,2026-09-15T19:35:10Z,pdf_native,false,raw/sg/customs_act_1960/20260915T1935Z__native.pdf,Customs Act 1960,,,,playwright,200,raw/sg/customs_act_1960/20260915T1935Z__native.pdf.headers.json,application/pdf,e954b6d5a517e5bef57c11abe0cbfb9d3e8542b8c4520f6c248b0619497133fb,537947,143,,,,corpus SG_corpus_2026-09-16: from SG_ws_2026-09-15,2025-02-17,,,Current
0.2.0,,sg-ca1967-001,SG,https://sso.agc.gov.sg/Act/CoA1967?ViewType=Pdf,2026-09-15T14:17:23Z,pdf_native,false,raw/sg/companies_act_1967/20260915T1417Z__native.pdf,Companies Act 1967,,both,"P6-I2,P7-I3",requests,200,raw/sg/companies_act_1967/20260915T1417Z__native.pdf.headers.json,application/pdf,ed5d3a9845ec6945ee527b6ac0541983402cd74c8586fe4dd2b2e95469a2aacf,1998091,619,,,,corpus SG_corpus_2026-09-16: from SG_ws_2026-09-15,2025-12-03,,,Current
0.2.0,,sg-ca1967e563-001,SG,https://sso.agc.gov.sg/Act/CA1967?ViewType=Pdf,2026-09-15T19:34:45Z,pdf_native,false,raw/sg/currency_act_1967/20260915T1934Z__native.pdf,Currency Act 1967,,,,playwright,200,raw/sg/currency_act_1967/20260915T1934Z__native.pdf.headers.json,application/pdf,a92993db71b5751225cbe9aaf0d0055e7307912874d7504b448f4d8b20a4a2b6,207438,28,,,,corpus SG_corpus_2026-09-16: from SG_ws_2026-09-15,2021-12-31,,,Current
0.2.0,,sg-ca1973-001,SG,https://sso.agc.gov.sg/Act/CA1973?ViewType=Pdf,2026-09-15T19:28:57Z,pdf_native,false,raw/sg/census_act_1973/20260915T1928Z__native.pdf,Census Act 1973,,,,requests,200,raw/sg/census_act_1973/20260915T1928Z__native.pdf.headers.json,application/pdf,571b35ef6b961699d91f272fd1c2387a9c6b806d7cba82599d8399e3949dcbff,189202,21,,,,corpus SG_corpus_2026-09-16: from SG_ws_2026-09-15,,,,Current
0.2.0,,sg-ca1994-001,SG,https://sso.agc.gov.sg/Act/CA1994?ViewType=Pdf,2026-09-15T18:32:55Z,pdf_native,false,raw/sg/charities_act_1994/20260915T1832Z__native.pdf,Charities Act 1994,,,,requests,200,raw/sg/charities_act_1994/20260915T1832Z__native.pdf.headers.json,application/pdf,9d2fd6ffe159bb5b2311fdfe37838a7ed1c3f2a381038096b0c279971e499ef6,373716,99,,,,corpus SG_corpus_2026-09-16: from SG_ws_2026-09-15,,,,Current
0.2.0,,sg-ca2004-001,SG,https://sso.agc.gov.sg/Act/CA2004?ViewType=Pdf,2026-09-15T19:30:31Z,pdf_native,false,raw/sg/competition_act_2004/20260915T1930Z__native.pdf,Competition Act 2004,,,,requests,200,raw/sg/competition_act_2004/20260915T1930Z__native.pdf.headers.json,application/pdf,77d3a0fa5cf2b0b3c3f6050035ebba8c830592dac5f01e1b2214c0938d359f6b,456305,123,,,,corpus SG_corpus_2026-09-16: from SG_ws_2026-09-15,,,,Current
0.2.0,,sg-caa1988-001,SG,https://sso.agc.gov.sg/Act/CAA1988?ViewType=Pdf,2026-09-15T19:27:58Z,pdf_native,false,raw/sg/carriage_by_air_act_1988/20260915T1927Z__native.pdf,Carriage by Air Act 1988,,,,requests,200,raw/sg/carriage_by_air_act_1988/20260915T1927Z__native.pdf.headers.json,application/pdf,e3e48d6da263af09c3db00acce31640465d56bfcbc1687fca1730ab1dc81abbf,228065,50,,,,corpus SG_corpus_2026-09-16: from SG_ws_2026-09-15,,,,Current
0.2.0,,sg-caa2007-001,SG,https://sso.agc.gov.sg/Act/CAMC1999A2007?ViewType=Pdf,2026-09-15T19:27:38Z,pdf_native,false,raw/sg/carriage_by_air_montreal_convention_1999_act_2007/20260915T1927Z__native.pdf,"Carriage by Air (Montreal Convention, 1999) Act 2007",,,,requests,200,raw/sg/carriage_by_air_montreal_convention_1999_act_2007/20260915T1927Z__native.pdf.headers.json,application/pdf,547f752eb6c6daedd0728d3617f44ad4245a508153bd908b560e3fdf50612c78,217086,37,,,,corpus SG_corpus_2026-09-16: from SG_ws_2026-09-15,,,,Current
0.2.0,,sg-caasa2009-001,SG,https://sso.agc.gov.sg/Act/CAASA2009?ViewType=Pdf,2026-09-15T18:37:53Z,pdf_native,false,raw/sg/civil_aviation_authority_of_singapore_act_2009/20260915T1837Z__native.pdf,Civil Aviation Authority of Singapore Act 2009,,,,requests,200,raw/sg/civil_aviation_authority_of_singapore_act_2009/20260915T1837Z__native.pdf.headers.json,application/pdf,c6decc3bd0bad4a33f311c7080c7596a0312936193befc642fbcf104e392214a,666744,185,,,,corpus SG_corpus_2026-09-16: from SG_ws_2026-09-15,,,,Current
0.2.0,,sg-cbca1960-001,SG,https://sso.agc.gov.sg/Act/CBCA1960?ViewType=Pdf,2026-09-15T18:56:31Z,pdf_native,false,raw/sg/corporate_bodies_contracts_act_1960/20260915T1856Z__native.pdf,Corporate Bodies’ Contracts Act 1960,,,,requests,200,raw/sg/corporate_bodies_contracts_act_1960/20260915T1856Z__native.pdf.headers.json,application/pdf,37e93bef1c72908ac64e0520b93b0cb6eeb0299ccd4e0e95edf56fdc163febaf,93768,5,,,,corpus SG_corpus_2026-09-16: from SG_ws_2026-09-15,2022-01-12,,,Current
0.2.0,,sg-cbsvo1915-001,SG,https://sso.agc.gov.sg/Act/CBSVO1915?ViewType=Pdf,2026-09-15T18:36:47Z,pdf_native,false,raw/sg/christian_brothers_schools_visitor_ordinance_1915/20260915T1836Z__native.pdf,Christian Brothers’ Schools Visitor Ordinance 1915,,,,requests,200,raw/sg/christian_brothers_schools_visitor_ordinance_1915/20260915T1836Z__native.pdf.headers.json,application/pdf,61a85c04764753fbf09b39ba28864f7fd340a419eb1f07a19c54b914b3f863a2,157928,8,,,,corpus SG_corpus_2026-09-16: from SG_ws_2026-09-15,,,,Current
0.2.0,,sg-cca2006-001,SG,https://sso.agc.gov.sg/Act/CCA2006?ViewType=Pdf,2026-09-15T19:28:37Z,pdf_native,false,raw/sg/casino_control_act_2006/20260915T1928Z__native.pdf,Casino Control Act 2006,,,,requests,200,raw/sg/casino_control_act_2006/20260915T1928Z__native.pdf.headers.json,application/pdf,c5ddc39b0b2f60984672e8886dbd4209d3eab88c1afa1b313ff97dd6dccf40c0,761502,222,,,,corpus SG_corpus_2026-09-16: from SG_ws_2026-09-15,,,,Current
0.2.0,,sg-ccaa2016-001,SG,https://sso.agc.gov.sg/Act/CCAA2016?ViewType=Pdf,2026-09-15T18:36:14Z,pdf_native,false,raw/sg/choice_of_court_agreements_act_2016/20260915T1836Z__native.pdf,Choice of Court Agreements Act 2016,,,,requests,200,raw/sg/choice_of_court_agreements_act_2016/20260915T1836Z__native.pdf.headers.json,application/pdf,8229cd009b7527d5da52f140e257648e49e6a365515d10c6e2ec457892f43478,142702,25,,,,corpus SG_corpus_2026-09-16: from SG_ws_2026-09-15,,,,Current
0.2.0,,sg-ccefa2005-001,SG,https://sso.agc.gov.sg/Act/CCEFA2005?ViewType=Pdf,2026-09-15T19:29:35Z,pdf_native,false,raw/sg/community_care_endowment_fund_act_2005/20260915T1929Z__native.pdf,Community Care Endowment Fund Act 2005,,,,requests,200,raw/sg/community_care_endowment_fund_act_2005/20260915T1929Z__native.pdf.headers.json,application/pdf,8625c781603738ca7ec02881b885e1b543113dac8a5a720065f6d2cceb7b5055,117661,15,,,,corpus SG_corpus_2026-09-16: from SG_ws_2026-09-15,,,,Current
0.2.0,,sg-cda1986-001,SG,https://sso.agc.gov.sg/Act/CDA1986?ViewType=Pdf,2026-09-15T18:38:04Z,pdf_native,false,raw/sg/civil_defence_act_1986/20260915T1838Z__native.pdf,Civil Defence Act 1986,,,,requests,200,raw/sg/civil_defence_act_1986/20260915T1838Z__native.pdf.headers.json,application/pdf,c53f6f39887a56d290d27920da3906adb71940f8b43f270730061b03b55a7885,400992,93,,,,corpus SG_corpus_2026-09-16: from SG_ws_2026-09-15,,,,Current
0.2.0,,sg-cdaa2025-001,SG,https://sso.agc.gov.sg/Act/CDAA2025?ViewType=Pdf,2026-09-15T18:42:10Z,pdf_native,false,raw/sg/communicable_diseases_agency_act_2025/20260915T1842Z__native.pdf,Communicable Diseases Agency Act 2025,,,,requests,200,raw/sg/communicable_diseases_agency_act_2025/20260915T1842Z__native.pdf.headers.json,application/pdf,c4ef0a4f4d6c0cea5ccf1e96f4d37cb2231620a297204eb883ef4731528eb3b3,203706,43,,,,corpus SG_corpus_2026-09-16: from SG_ws_2026-09-15,,,,Current
0.2.0,,sg-cdcsa2001-001,SG,https://sso.agc.gov.sg/Act/CDCSA2001?ViewType=Pdf,2026-09-15T18:34:17Z,pdf_native,false,raw/sg/child_development_co_savings_act_2001/20260915T1834Z__native.pdf,Child Development Co-Savings Act 2001,,,,requests,200,raw/sg/child_development_co_savings_act_2001/20260915T1834Z__native.pdf.headers.json,application/pdf,643e50424aeb10ab85451f82056eee39063a0ee1952a3e06e7ca0dfe7359f2fb,641210,173,,,,corpus SG_corpus_2026-09-16: from SG_ws_2026-09-15,,,,Current
0.2.0,,sg-cdra2015-001,SG,https://sso.agc.gov.sg/Act/CDRA2015?ViewType=Pdf,2026-09-15T19:29:52Z,pdf_native,false,raw/sg/community_disputes_resolution_act_2015/20260915T1929Z__native.pdf,Community Disputes Resolution Act 2015,,,,requests,200,raw/sg/community_disputes_resolution_act_2015/20260915T1929Z__native.pdf.headers.json,application/pdf,6e489956dba2d3997c467bba1d232fbfd492d6943c7cd54859463cd97908b7a8,329967,75,,,,corpus SG_corpus_2026-09-16: from SG_ws_2026-09-15,,,,Current
0.2.0,,sg-cdsa1997-001,SG,https://sso.agc.gov.sg/Act/CDSA1997?ViewType=Pdf,2026-09-15T18:38:57Z,pdf_native,false,raw/sg/civil_defence_shelter_act_1997/20260915T1838Z__native.pdf,Civil Defence Shelter Act 1997,,,,requests,200,raw/sg/civil_defence_shelter_act_1997/20260915T1838Z__native.pdf.headers.json,application/pdf,6c38058c6493a3a3ebcfb93ff16cdfada4fbaeb2d8e463ead5cbf94d22828b53,149787,28,,,,corpus SG_corpus_2026-09-16: from SG_ws_2026-09-15,,,,Current
0.2.0,,sg-cea2000-001,SG,https://sso.agc.gov.sg/Act/CEA2000?ViewType=Pdf,2026-09-15T19:30:49Z,pdf_native,false,raw/sg/compulsory_education_act_2000/20260915T1930Z__native.pdf,Compulsory Education Act 2000,,,,requests,200,raw/sg/compulsory_education_act_2000/20260915T1930Z__native.pdf.headers.json,application/pdf,cfd45545b48497aa12cb4334bb31a591b57542f29cf1073ca1c11e00c42f1d31,111599,9,,,,corpus SG_corpus_2026-09-16: from SG_ws_2026-09-15,,,,Current
0.2.0,,sg-cesa1973-001,SG,https://sso.agc.gov.sg/Act/CESA1973?ViewType=Pdf,2026-09-15T18:49:51Z,pdf_native,false,raw/sg/control_of_essential_supplies_act_1973/20260915T1849Z__native.pdf,Control of Essential Supplies Act 1973,,,,requests,200,raw/sg/control_of_essential_supplies_act_1973/20260915T1849Z__native.pdf.headers.json,application/pdf,60721b47f1d36eac93b70a1007a9dd20b4903ce31676526a5456d31a2de0286d,227775,27,,,,corpus SG_corpus_2026-09-16: from SG_ws_2026-09-15,2021-12-31,,,Current
0.2.0,,sg-cesowa1958-001,SG,https://sso.agc.gov.sg/Act/CESOWA1958?ViewType=Pdf,2026-09-15T19:31:40Z,pdf_native,false,raw/sg/corrosive_and_explosive_substances_and_offensive_weapons_act_1958/20260915T1931Z__native.pdf,Corrosive and Explosive Substances and Offensive Weapons Act 1958,,,,requests,200,raw/sg/corrosive_and_explosive_substances_and_offensive_weapons_act_1958/20260915T1931Z__native.pdf.headers.json,application/pdf,11922e634440f1863d5df02ef91b3981373d3a676b7a32b744a8ae6ce931002d,151967,14,,,,corpus SG_corpus_2026-09-16: from SG_ws_2026-09-15,2025-12-03,,,Current
0.2.0,,sg-cfa1971-001,SG,https://sso.agc.gov.sg/Act/CFA1971?ViewType=Pdf,2026-09-15T18:36:00Z,pdf_native,false,raw/sg/chit_funds_act_1971/20260915T1836Z__native.pdf,Chit Funds Act 1971,,,,requests,200,raw/sg/chit_funds_act_1971/20260915T1836Z__native.pdf.headers.json,application/pdf,b9430afefcbee2a959a76c2e645305b7e9506ebc74ea2fc68367dbf5de9e1d79,190676,39,,,,corpus SG_corpus_2026-09-16: from SG_ws_2026-09-15,,,,Current
0.2.0,,sg-cgsa1972-001,SG,https://sso.agc.gov.sg/Act/CGSA1972?ViewType=Pdf,2026-09-15T19:28:16Z,pdf_native,false,raw/sg/carriage_of_goods_by_sea_act_1972/20260915T1928Z__native.pdf,Carriage of Goods by Sea Act 1972,,,,requests,200,raw/sg/carriage_of_goods_by_sea_act_1972/20260915T1928Z__native.pdf.headers.json,application/pdf,cad73941137e59854e635eae5b46e375eba72e39e25882e3259b6ff6cf534f06,179573,16,,,,corpus SG_corpus_2026-09-16: from SG_ws_2026-09-15,,,,Current
0.2.0,,sg-cla1909-001,SG,https://sso.agc.gov.sg/Act/CLA1909?ViewType=Pdf,2026-09-15T18:39:46Z,pdf_native,false,raw/sg/civil_law_act_1909/20260915T1839Z__native.pdf,Civil Law Act 1909,,,,requests,200,raw/sg/civil_law_act_1909/20260915T1839Z__native.pdf.headers.json,application/pdf,a1de32ca63932753efcef30f567e202630b1f629ddbbd4d533f41d624a341e02,329942,60,,,,corpus SG_corpus_2026-09-16: from SG_ws_2026-09-15,,,,Current
0.2.0,,sg-cla1955-001,SG,https://sso.agc.gov.sg/Act/CLTPA1955?ViewType=Pdf,2026-09-15T19:33:56Z,pdf_native,false,raw/sg/criminal_law_temporary_provisions_act_1955/20260915T1933Z__native.pdf,Criminal Law (Temporary Provisions) Act 1955,,,,playwright,200,raw/sg/criminal_law_temporary_provisions_act_1955/20260915T1933Z__native.pdf.headers.json,application/pdf,b02de846cd98a8a5105aac917e54e43cad1a73053edd1f1dc70cc0d03f53fb3f,242785,53,,,,corpus SG_corpus_2026-09-16: from SG_ws_2026-09-15,2021-02-22,,,Current
0.2.0,,sg-clga1970-001,SG,https://sso.agc.gov.sg/Act/CLGA1970?ViewType=Pdf,2026-09-15T18:39:52Z,pdf_native,false,raw/sg/civil_list_and_gratuity_act_1970/20260915T1839Z__native.pdf,Civil List and Gratuity Act 1970,,,,requests,200,raw/sg/civil_list_and_gratuity_act_1970/20260915T1839Z__native.pdf.headers.json,application/pdf,7bae1972b0fca8e6f28ccd3ee73d64ee60bd8bf3e658e9ffb61e76b0778cf593,114770,12,,,,corpus SG_corpus_2026-09-16: from SG_ws_2026-09-15,,,,Current
0.2.0,,sg-clltca2019-001,SG,https://sso.agc.gov.sg/Act/CLLTCA2019?ViewType=Pdf,2026-09-15T19:27:17Z,pdf_native,false,raw/sg/careshield_life_and_long_term_care_act_2019/20260915T1927Z__native.pdf,CareShield Life and Long-Term Care Act 2019,,,,requests,200,raw/sg/careshield_life_and_long_term_care_act_2019/20260915T1927Z__native.pdf.headers.json,application/pdf,e50e6e66abf3ea71cf88287183748ba4b8bedd58eb8475d9824dc3bbe15c6598,330075,78,,,,corpus SG_corpus_2026-09-16: from SG_ws_2026-09-15,,,,Current
0.2.0,,sg-clpa-001,SG,https://sso.agc.gov.sg/Act/CLPA1886?ViewType=Pdf,2026-09-15T18:53:27Z,pdf_native,false,raw/sg/conveyancing_and_law_of_property_act_1886/20260915T1853Z__native.pdf,Conveyancing and Law of Property Act 1886,,,,requests,200,raw/sg/conveyancing_and_law_of_property_act_1886/20260915T1853Z__native.pdf.headers.json,application/pdf,48ab24a74aca47409f898cbbe5d5672e7a952a99b2cf6fac7144be4b408d6647,391832,92,,,,corpus SG_corpus_2026-09-16: from SG_ws_2026-09-15,2021-10-11,,,Current
0.2.0,,sg-cma1959-001,SG,https://sso.agc.gov.sg/Act/CMA1959?ViewType=Pdf,2026-09-15T18:50:14Z,pdf_native,false,raw/sg/control_of_manufacture_act_1959/20260915T1850Z__native.pdf,Control of Manufacture Act 1959,,,,requests,200,raw/sg/control_of_manufacture_act_1959/20260915T1850Z__native.pdf.headers.json,application/pdf,1ebe497c198ca16b5fe303e42298a0130308d7621e52eeefe240bbb6406fcf22,123971,14,,,,corpus SG_corpus_2026-09-16: from SG_ws_2026-09-15,2025-02-11,,,Current
0.2.0,,sg-cma1993-001,SG,https://sso.agc.gov.sg/Act/CMA1993?ViewType=Pdf,2026-09-15T16:43:04Z,pdf_native,false,raw/sg/computer_misuse_act_1993/20260915T1643Z__native.pdf,Computer Misuse Act 1993,,,,requests,200,raw/sg/computer_misuse_act_1993/20260915T1643Z__native.pdf.headers.json,application/pdf,d3855a5165baa217303e4a65f71f82427caa2a0bb0e6ba5df8e4bea1f78f4b84,178343,30,,,computer misuse,corpus SG_corpus_2026-09-16: from SG_ws_2026-09-15,,,,Current
0.2.0,,sg-cmca1997-001,SG,https://sso.agc.gov.sg/Act/CMCA1997?ViewType=Pdf,2026-09-15T19:30:18Z,pdf_native,false,raw/sg/community_mediation_centres_act_1997/20260915T1930Z__native.pdf,Community Mediation Centres Act 1997,,,,requests,200,raw/sg/community_mediation_centres_act_1997/20260915T1930Z__native.pdf.headers.json,application/pdf,7fb32b56e9fc234d76166a09113c7b39ac48c0656cc8605f5c3e19ac8f49b609,147259,21,,,,corpus SG_corpus_2026-09-16: from SG_ws_2026-09-15,,,,Current
0.2.0,,sg-cnpia1953-001,SG,https://sso.agc.gov.sg/Act/CNPIA1953?ViewType=Pdf,2026-09-15T18:49:24Z,pdf_native,false,raw/sg/contributory_negligence_and_personal_injuries_act_1953/20260915T1849Z__native.pdf,Contributory Negligence and Personal Injuries Act 1953,,,,requests,200,raw/sg/contributory_negligence_and_personal_injuries_act_1953/20260915T1849Z__native.pdf.headers.json,application/pdf,4b7cbb3f4f4f77042c764c8540477234ef79c1faca7567e227caac2796b62ad9,94770,7,,,,corpus SG_corpus_2026-09-16: from SG_ws_2026-09-15,2021-12-31,,,Current
0.2.0,,sg-cosa1979-001,SG,https://sso.agc.gov.sg/Act/CSA1979?ViewType=Pdf,2026-09-15T18:54:10Z,pdf_native,false,raw/sg/co_operative_societies_act_1979/20260915T1854Z__native.pdf,Co-operative Societies Act 1979,,,,requests,200,raw/sg/co_operative_societies_act_1979/20260915T1854Z__native.pdf.headers.json,application/pdf,3e0c252a68906efc7e78609fbae0e3194a7eaee411fb1932c899491f88611ac4,535307,138,,,,corpus SG_corpus_2026-09-16: from SG_ws_2026-09-15,2025-02-11,,,Current
0.2.0,,sg-cpa1975-001,SG,https://sso.agc.gov.sg/Act/CPTDSRA1975?ViewType=Pdf,2026-09-15T18:47:59Z,pdf_native,false,raw/sg/consumer_protection_trade_descriptions_and_safety_requirements_act_1975/20260915T1847Z__native.pdf,Consumer Protection (Trade Descriptions and Safety Requirements) Act 1975,,,,requests,200,raw/sg/consumer_protection_trade_descriptions_and_safety_requirements_act_1975/20260915T1847Z__native.pdf.headers.json,application/pdf,bfbe6a7a6d172dcb87840eab4ab63339058ecf12b10c304f4ebd8a833174af8e,204461,26,,,,corpus SG_corpus_2026-09-16: from SG_ws_2026-09-15,2025-04-15,,,Current
0.2.0,,sg-cpa2003-001,SG,https://sso.agc.gov.sg/Act/CPFTA2003?ViewType=Pdf,2026-09-15T19:31:22Z,pdf_native,false,raw/sg/consumer_protection_fair_trading_act_2003/20260915T1931Z__native.pdf,Consumer Protection (Fair Trading) Act 2003,,,,requests,200,raw/sg/consumer_protection_fair_trading_act_2003/20260915T1931Z__native.pdf.headers.json,application/pdf,a75960bee418af0b1089ef503791de8565f35baec60c2c947fa805e2160de692,298178,70,,,,corpus SG_corpus_2026-09-16: from SG_ws_2026-09-15,,,,Current
0.2.0,,sg-cpa2018-001,SG,https://sso.agc.gov.sg/Act/CPA2018?ViewType=Pdf,2026-09-15T19:27:02Z,pdf_native,false,raw/sg/carbon_pricing_act_2018/20260915T1927Z__native.pdf,Carbon Pricing Act 2018,,,,requests,200,raw/sg/carbon_pricing_act_2018/20260915T1927Z__native.pdf.headers.json,application/pdf,173ca9b1f8719e3dabc3985e6ba918afff9f9a72966349a6eb2d0e2a12a4856d,440752,100,,,,corpus SG_corpus_2026-09-16: from SG_ws_2026-09-15,,,,Current
0.2.0,,sg-cpfa1953-001,SG,https://sso.agc.gov.sg/Act/CPFA1953?ViewType=Pdf,2026-09-15T19:29:18Z,pdf_native,false,raw/sg/central_provident_fund_act_1953/20260915T1929Z__native.pdf,Central Provident Fund Act 1953,,,,requests,200,raw/sg/central_provident_fund_act_1953/20260915T1929Z__native.pdf.headers.json,application/pdf,760449a29dec3b6c88ff16419022356f832b2b74325ecbb4c54714d357914b55,1279060,419,,,,corpus SG_corpus_2026-09-16: from SG_ws_2026-09-15,,,,Current
0.2.0,,sg-cr-001,SG,https://sso.agc.gov.sg/SL/CoA1967-RG7?DocDate=20260406&ViewType=Pdf,2026-09-15T14:18:09Z,pdf_native,false,raw/sg/companies_filing_of_documents_regulations/20260915T1418Z__native.pdf,Companies (Filing of Documents) Regulations,,,,requests,200,raw/sg/companies_filing_of_documents_regulations/20260915T1418Z__native.pdf.headers.json,application/pdf,f3ccf9aab04e85e48837c1f18264d973b9d1822a06278c7cce8eb6bca7c30242,170491,28,,,,corpus SG_corpus_2026-09-16: from SG_ws_2026-09-15,2026-04-06,,,Current
0.2.0,,sg-cr180e-001,SG,https://sso.agc.gov.sg/SL/CoA1967-RG4?DocDate=20180830&ViewType=Pdf,2026-09-15T14:19:20Z,pdf_native,false,raw/sg/companies_summary_financial_statement_regulations/20260915T1419Z__native.pdf,Companies (Summary Financial Statement) Regulations,,,,requests,200,raw/sg/companies_summary_financial_statement_regulations/20260915T1419Z__native.pdf.headers.json,application/pdf,14cfa94afbf80e61c10371a06e7ece852b4332ab5a09b81736e3ee26b68c671a,58315,10,,,,corpus SG_corpus_2026-09-16: from SG_ws_2026-09-15,2018-08-30,,,Current
0.2.0,,sg-cr86e2-001,SG,https://sso.agc.gov.sg/SL/CoA1967-RG1?DocDate=20260406&ViewType=Pdf,2026-09-15T14:19:35Z,pdf_native,false,raw/sg/companies_regulations/20260915T1419Z__native.pdf,Companies Regulations,,,,requests,200,raw/sg/companies_regulations/20260915T1419Z__native.pdf.headers.json,application/pdf,e61730e1353e28bbf25bc51f9263d6bda19713bf13aa4b99a0d6035b528b395a,233541,48,,,,corpus SG_corpus_2026-09-16: from SG_ws_2026-09-15,2026-04-06,,,Current
0.2.0,,sg-crs-001,SG,https://sso.agc.gov.sg/Act/CONS1963?ViewType=Pdf,2026-09-15T19:31:04Z,pdf_native,false,raw/sg/constitution_of_the_republic_of_singapore/20260915T1931Z__native.pdf,Constitution of the Republic of Singapore,,,,requests,200,raw/sg/constitution_of_the_republic_of_singapore/20260915T1931Z__native.pdf.headers.json,application/pdf,f10e5552f8a900a389d77e2faf3095f673f2b4012a26c0ffa6cadeef5062052d,728674,207,,,,corpus SG_corpus_2026-09-16: from SG_ws_2026-09-15,,,,Current
0.2.0,,sg-csca2001-001,SG,https://sso.agc.gov.sg/Act/CSCA2001?ViewType=Pdf,2026-09-15T18:40:33Z,pdf_native,false,raw/sg/civil_service_college_act_2001/20260915T1840Z__native.pdf,Civil Service College Act 2001,,,,requests,200,raw/sg/civil_service_college_act_2001/20260915T1840Z__native.pdf.headers.json,application/pdf,77da275437a1268a56de872ea65da37b3ee25d6cf18410d8b1a720a2421537bb,141122,23,,,,corpus SG_corpus_2026-09-16: from SG_ws_2026-09-15,,,,Current
0.2.0,,sg-csgba1981-001,SG,https://sso.agc.gov.sg/Act/CSGBA1981?ViewType=Pdf,2026-09-15T18:32:21Z,pdf_native,false,raw/sg/central_sikh_gurdwara_board_act_1981/20260915T1832Z__native.pdf,Central Sikh Gurdwara Board Act 1981,,,,requests,200,raw/sg/central_sikh_gurdwara_board_act_1981/20260915T1832Z__native.pdf.headers.json,application/pdf,72322c34bcb1bce23993a22c98359ddbda9265caef5d49cce093f10576542850,201164,13,,,,corpus SG_corpus_2026-09-16: from SG_ws_2026-09-15,,,,Current
0.2.0,,sg-csta2018-001,SG,https://sso.agc.gov.sg/Act/CSTA2018?ViewType=Pdf,2026-09-15T18:41:44Z,pdf_native,false,raw/sg/common_services_tunnels_act_2018/20260915T1841Z__native.pdf,Common Services Tunnels Act 2018,,,,requests,200,raw/sg/common_services_tunnels_act_2018/20260915T1841Z__native.pdf.headers.json,application/pdf,7c67340125e7cbf12530537aedcf208e96b8df2b6d9e470e4fe804752c683d82,165293,36,,,,corpus SG_corpus_2026-09-16: from SG_ws_2026-09-15,,,,Current
0.2.0,,sg-cta1992-001,SG,https://sso.agc.gov.sg/Act/CTA1992?ViewType=Pdf,2026-09-15T18:41:03Z,pdf_native,false,raw/sg/commodity_trading_act_1992/20260915T1841Z__native.pdf,Commodity Trading Act 1992,,,,requests,200,raw/sg/commodity_trading_act_1992/20260915T1841Z__native.pdf.headers.json,application/pdf,f24e647ffe2c3adecff24731b3f02c8514c479b34755483718e9fcaa414b7adf,278150,61,,,,corpus SG_corpus_2026-09-16: from SG_ws_2026-09-15,,,,Current
0.2.0,,sg-cwa2000-001,SG,https://sso.agc.gov.sg/Act/CWPA2000?ViewType=Pdf,2026-09-15T18:33:58Z,pdf_native,false,raw/sg/chemical_weapons_prohibition_act_2000/20260915T1833Z__native.pdf,Chemical Weapons (Prohibition) Act 2000,,,,requests,200,raw/sg/chemical_weapons_prohibition_act_2000/20260915T1833Z__native.pdf.headers.json,application/pdf,9f1f806c01bc420bf77269bb19e047441d0c724f758bbe039ecaf1ca40cfdd13,172530,36,,,,corpus SG_corpus_2026-09-16: from SG_ws_2026-09-15,,,,Current
0.2.0,,sg-cypa1993-001,SG,https://sso.agc.gov.sg/Act/CYPA1993?ViewType=Pdf,2026-09-15T18:34:53Z,pdf_native,false,raw/sg/children_and_young_persons_act_1993/20260915T1834Z__native.pdf,Children and Young Persons Act 1993,,,,requests,200,raw/sg/children_and_young_persons_act_1993/20260915T1834Z__native.pdf.headers.json,application/pdf,8a7183eec2516b55226b8c4cc291bf49a48baf46361931047de103b31bed0e98,562073,149,,,,corpus SG_corpus_2026-09-16: from SG_ws_2026-09-15,,,,Current
0.2.0,,sg-da1934-001,SG,https://sso.agc.gov.sg/Act/DeA1934?ViewType=Pdf,2026-09-15T19:36:24Z,pdf_native,false,raw/sg/debtors_act_1934/20260915T1936Z__native.pdf,Debtors Act 1934,,,,playwright,200,raw/sg/debtors_act_1934/20260915T1936Z__native.pdf.headers.json,application/pdf,dcad279404ee16e1afa694b1dba55ab2fda23a23c65bc64e888d522f51f7d702,188289,20,,,,corpus SG_corpus_2026-09-16: from SG_ws_2026-09-15,2021-10-11,,,Current
0.2.0,,sg-da1934a619-001,SG,https://sso.agc.gov.sg/Act/DA1934?ViewType=Pdf,2026-09-15T19:41:48Z,pdf_native,false,raw/sg/distress_act_1934/20260915T1941Z__native.pdf,Distress Act 1934,,,,playwright,200,raw/sg/distress_act_1934/20260915T1941Z__native.pdf.headers.json,application/pdf,9cbc2be5e1ca93f5e327942ded772ac25b8470566566beb55d696fd2129094f3,122393,16,,,,corpus SG_corpus_2026-09-16: from SG_ws_2026-09-15,2021-10-11,,,Current
0.2.0,,sg-da1957-001,SG,https://sso.agc.gov.sg/Act/DA1957?ViewType=Pdf,2026-09-15T19:37:37Z,pdf_native,false,raw/sg/defamation_act_1957/20260915T1937Z__native.pdf,Defamation Act 1957,,,,playwright,200,raw/sg/defamation_act_1957/20260915T1937Z__native.pdf.headers.json,application/pdf,117f23c41b48a72ccb4348f7dc068ddcfc94060f342178a924d2d3dbd826d4d7,196040,19,,,,corpus SG_corpus_2026-09-16: from SG_ws_2026-09-15,2021-10-11,,,Current
0.2.0,,sg-dcciio1949-001,SG,https://sso.agc.gov.sg/Act/DCCIIO1949?ViewType=Pdf,2026-09-15T19:35:34Z,pdf_native,false,raw/sg/daughters_of_charity_of_the_canossian_institute_incorporation_ordinance_1949/20260915T1935Z__native.pdf,Daughters of Charity of the Canossian Institute Incorporation Ordinance 1949,,,,playwright,200,raw/sg/daughters_of_charity_of_the_canossian_institute_incorporation_ordinance_1949/20260915T1935Z__native.pdf.headers.json,application/pdf,5c30e57539ad31bb0fd4a0751cc57de24bc7480bb92ce757dbaf1b2ee8b279c5,99274,8,,,,corpus SG_corpus_2026-09-16: from SG_ws_2026-09-15,2021-12-31,,,Current
0.2.0,,sg-dcoa1968-001,SG,https://sso.agc.gov.sg/Act/DCOOFA1968?ViewType=Pdf,2026-09-15T19:40:59Z,pdf_native,false,raw/sg/diplomatic_and_consular_officers_oaths_and_fees_act_1968/20260915T1940Z__native.pdf,Diplomatic and Consular Officers (Oaths and Fees) Act 1968,,,,playwright,200,raw/sg/diplomatic_and_consular_officers_oaths_and_fees_act_1968/20260915T1940Z__native.pdf.headers.json,application/pdf,96bd70f83f587f6129e1f810284fa480ba7b3273d25b496a7a354bbf58eebe4a,95923,8,,,,corpus SG_corpus_2026-09-16: from SG_ws_2026-09-15,2021-12-31,,,Current
0.2.0,,sg-dfa1959-001,SG,https://sso.agc.gov.sg/Act/DFA1959?ViewType=Pdf,2026-09-15T19:40:10Z,pdf_native,false,raw/sg/development_fund_act_1959/20260915T1940Z__native.pdf,Development Fund Act 1959,,,,playwright,200,raw/sg/development_fund_act_1959/20260915T1940Z__native.pdf.headers.json,application/pdf,31560115572c87b98ff1b8c61d526dad9a1f59b54ee332919fe43e31c871984f,107914,8,,,,corpus SG_corpus_2026-09-16: from SG_ws_2026-09-15,2025-11-28,,,Current
0.2.0,,sg-dgmeao1939-001,SG,https://sso.agc.gov.sg/Act/DGMEAO1939?ViewType=Pdf,2026-09-15T20:06:57Z,pdf_native,false,raw/sg/district_grand_master_of_the_eastern_archipelago_ordinance_1939/20260915T2006Z__native.pdf,District Grand Master of the Eastern Archipelago Ordinance 1939,,,,requests,200,raw/sg/district_grand_master_of_the_eastern_archipelago_ordinance_1939/20260915T2006Z__native.pdf.headers.json,application/pdf,0270790b8d93a48a732abe8ae06aee8b9b089a2478331316c5e23c99edbba151,97728,8,,,,corpus SG_corpus_2026-09-16: from SG_ws_2026-09-15,2021-12-31,,,Current
0.2.0,,sg-dta1950-001,SG,https://sso.agc.gov.sg/Act/DTAA1950?ViewType=Pdf,2026-09-15T19:38:57Z,pdf_native,false,raw/sg/departmental_titles_alteration_act_1950/20260915T1938Z__native.pdf,Departmental Titles (Alteration) Act 1950,,,,playwright,200,raw/sg/departmental_titles_alteration_act_1950/20260915T1938Z__native.pdf.headers.json,application/pdf,c8711227b20ea79df9c2dc6acec8dd5ac333f05b3448e28f2d21861367ce0431,120111,15,,,,corpus SG_corpus_2026-09-16: from SG_ws_2026-09-15,2024-07-05,,,Current
0.2.0,,sg-dua1922-001,SG,https://sso.agc.gov.sg/Act/DUA1922?ViewType=Pdf,2026-09-15T19:36:48Z,pdf_native,false,raw/sg/decorations_and_uniforms_act_1922/20260915T1936Z__native.pdf,Decorations and Uniforms Act 1922,,,,playwright,200,raw/sg/decorations_and_uniforms_act_1922/20260915T1936Z__native.pdf.headers.json,application/pdf,a30b8a8ecfd75e6f68f7308e9e222f1c568dc52ce372eca8372242083d28e374,140093,8,,,,corpus SG_corpus_2026-09-16: from SG_ws_2026-09-15,2021-12-31,,,Current
0.2.0,,sg-ea-001,SG,https://sso.agc.gov.sg/Act/EA1893?ViewType=Pdf,2026-09-15T20:14:01Z,pdf_native,false,raw/sg/evidence_act_1893/20260915T2014Z__native.pdf,Evidence Act 1893,,,,requests,200,raw/sg/evidence_act_1893/20260915T2014Z__native.pdf.headers.json,application/pdf,82750c238a00b63cddfe588f87b45003e7ccbca1f7d7f584b7376ee02e4aa545,537145,129,,,,corpus SG_corpus_2026-09-16: from SG_ws_2026-09-15,2025-02-11,,,Current
0.2.0,,sg-ea1957-001,SG,https://sso.agc.gov.sg/Act/EA1957?ViewType=Pdf,2026-09-15T20:08:10Z,pdf_native,false,raw/sg/education_act_1957/20260915T2008Z__native.pdf,Education Act 1957,,,,requests,200,raw/sg/education_act_1957/20260915T2008Z__native.pdf.headers.json,application/pdf,f166e443c72c63787f51abea26d57b405f25636437d3a1ddd153805e2e40d40a,299824,61,,,,corpus SG_corpus_2026-09-16: from SG_ws_2026-09-15,2025-02-11,,,Current
0.2.0,,sg-ea1968-001,SG,https://sso.agc.gov.sg/Act/EmA1968?ViewType=Pdf,2026-09-15T14:19:42Z,pdf_native,false,raw/sg/employment_act_1968/20260915T1419Z__native.pdf,Employment Act 1968,,P7,P7-I3,requests,200,raw/sg/employment_act_1968/20260915T1419Z__native.pdf.headers.json,application/pdf,07645085830f6f78e056ce81d3f7e279de60d140eab52201126fcac837bf39c1,606082,139,,,,corpus SG_corpus_2026-09-16: from SG_ws_2026-09-15,2025-11-28,,,Current
0.2.0,,sg-ea19685aac-001,SG,https://sso.agc.gov.sg/Act/EA1968?ViewType=Pdf,2026-09-15T20:52:03Z,pdf_native,false,raw/sg/extradition_act_1968/20260915T2052Z__native.pdf,Extradition Act 1968,,,,requests,200,raw/sg/extradition_act_1968/20260915T2052Z__native.pdf.headers.json,application/pdf,66c45ae82bdac61010a8ff480481879435df68ec2774c3f4c6566df3a316f97a,401404,85,,,,corpus SG_corpus_2026-09-16: from SG_ws_2026-09-15,2026-06-08,,,Current
0.2.0,,sg-ea1970-001,SG,https://sso.agc.gov.sg/Act/EA1970?ViewType=Pdf,2026-09-15T20:11:55Z,pdf_native,false,raw/sg/enlistment_act_1970/20260915T2011Z__native.pdf,Enlistment Act 1970,,,,requests,200,raw/sg/enlistment_act_1970/20260915T2011Z__native.pdf.headers.json,application/pdf,a477fbc9c2ad51704283b0c8e920743955bb4590c674678aecced859c58e8852,250855,46,,,,corpus SG_corpus_2026-09-16: from SG_ws_2026-09-15,2023-10-30,,,Current
0.2.0,,sg-ea1979-001,SG,https://sso.agc.gov.sg/Act/ECPOJA1979?ViewType=Pdf,2026-09-15T20:13:40Z,pdf_native,false,raw/sg/evidence_civil_proceedings_in_other_jurisdictions_act_1979/20260915T2013Z__native.pdf,Evidence (Civil Proceedings in Other Jurisdictions) Act 1979,,,,requests,200,raw/sg/evidence_civil_proceedings_in_other_jurisdictions_act_1979/20260915T2013Z__native.pdf.headers.json,application/pdf,c239ef25b4c9135a00acac36bebdedb5fb5645d0748a41cd8dd235edae9ffaa0,101355,9,,,,corpus SG_corpus_2026-09-16: from SG_ws_2026-09-15,2021-12-31,,,Current
0.2.0,,sg-eaa1958-001,SG,https://sso.agc.gov.sg/Act/EAA1958?ViewType=Pdf,2026-09-15T20:09:59Z,pdf_native,false,raw/sg/employment_agencies_act_1958/20260915T2009Z__native.pdf,Employment Agencies Act 1958,,,,requests,200,raw/sg/employment_agencies_act_1958/20260915T2009Z__native.pdf.headers.json,application/pdf,187a46f3d1356b582cf133503e20edf8cb4043362e6de5e8fd8af4f2115a1ebf,172239,37,,,,corpus SG_corpus_2026-09-16: from SG_ws_2026-09-15,2021-12-31,,,Current
0.2.0,,sg-eca1953-001,SG,https://sso.agc.gov.sg/Act/ECA1953?ViewType=Pdf,2026-09-15T20:14:18Z,pdf_native,false,raw/sg/exchange_control_act_1953/20260915T2014Z__native.pdf,Exchange Control Act 1953,,,,requests,200,raw/sg/exchange_control_act_1953/20260915T2014Z__native.pdf.headers.json,application/pdf,ba1023cb1487ca2ed9a90a0c51a878def9196fca79e9b3fc7be78ed336fe1f0e,324420,65,,,,corpus SG_corpus_2026-09-16: from SG_ws_2026-09-15,2021-10-11,,,Current
0.2.0,,sg-eda1929-001,SG,https://sso.agc.gov.sg/Act/EDA1929?ViewType=Pdf,2026-09-15T20:13:23Z,pdf_native,false,raw/sg/estate_duty_act_1929/20260915T2013Z__native.pdf,Estate Duty Act 1929,,,,requests,200,raw/sg/estate_duty_act_1929/20260915T2013Z__native.pdf.headers.json,application/pdf,83861dd7befc969bc7af1d969cffd055530361c091a1eb0c8cd5c9b8223cf9a6,332897,71,,,,corpus SG_corpus_2026-09-16: from SG_ws_2026-09-15,2025-02-11,,,Current
0.2.0,,sg-edba1961-001,SG,https://sso.agc.gov.sg/Act/EDBA1961?ViewType=Pdf,2026-09-15T20:07:35Z,pdf_native,false,raw/sg/economic_development_board_act_1961/20260915T2007Z__native.pdf,Economic Development Board Act 1961,,,,requests,200,raw/sg/economic_development_board_act_1961/20260915T2007Z__native.pdf.headers.json,application/pdf,3a3802b0ef48a137ddf9095def7f3f3046ba9940a238a19bbb60c3043c00f674,204694,33,,,,corpus SG_corpus_2026-09-16: from SG_ws_2026-09-15,2021-10-11,,,Current
0.2.0,,sg-eeia1967-001,SG,https://sso.agc.gov.sg/Act/EEIRITA1967?ViewType=Pdf,2026-09-15T20:07:54Z,pdf_native,false,raw/sg/economic_expansion_incentives_relief_from_income_tax_act_1967/20260915T2007Z__native.pdf,Economic Expansion Incentives (Relief from Income Tax) Act 1967,,,,requests,200,raw/sg/economic_expansion_incentives_relief_from_income_tax_act_1967/20260915T2007Z__native.pdf.headers.json,application/pdf,88116f12d599c7ef2dbd12ccffd8263026db30bcbd8f709d570169567e907aa6,480101,110,,,,corpus SG_corpus_2026-09-16: from SG_ws_2026-09-15,2024-12-10,,,Current
0.2.0,,sg-er-001,SG,https://sso.agc.gov.sg/SL/EmA1968-RG7?DocDate=20140331&ViewType=Pdf,2026-09-15T14:20:31Z,pdf_native,false,raw/sg/employment_female_workmen_regulations/20260915T1420Z__native.pdf,Employment (Female Workmen) Regulations,,,,requests,200,raw/sg/employment_female_workmen_regulations/20260915T1420Z__native.pdf.headers.json,application/pdf,4e65863b37e156c8affb7f4009132eaa9702f95ba8676c284aefdb69de1d2432,38675,3,,,,corpus SG_corpus_2026-09-16: from SG_ws_2026-09-15,2014-03-31,,,Current
0.2.0,,sg-er8452-001,SG,https://sso.agc.gov.sg/SL/EmA1968-RG8?DocDate=20190329&ViewType=Pdf,2026-09-15T14:20:39Z,pdf_native,false,raw/sg/employment_part_time_employees_regulations/20260915T1420Z__native.pdf,Employment (Part-Time Employees) Regulations,,,,requests,200,raw/sg/employment_part_time_employees_regulations/20260915T1420Z__native.pdf.headers.json,application/pdf,80b959324e8372390c0f02a225b92bc16c956e68dc63161ae7d646c5f2ab5701,84862,19,,,,corpus SG_corpus_2026-09-16: from SG_ws_2026-09-15,2019-03-29,,,Current
0.2.0,,sg-er94cf-001,SG,https://sso.agc.gov.sg/SL/EmA1968-RG5?DocDate=20140304&ViewType=Pdf,2026-09-15T14:20:54Z,pdf_native,false,raw/sg/employment_procedure_reciprocal_provisions_regulations/20260915T1420Z__native.pdf,Employment (Procedure-Reciprocal Provisions) Regulations,,,,requests,200,raw/sg/employment_procedure_reciprocal_provisions_regulations/20260915T1420Z__native.pdf.headers.json,application/pdf,c71034560e4e91f9a58a06de7e3ac542ec58711b80bc644649ab254bd3b9d09b,51945,5,,,,corpus SG_corpus_2026-09-16: from SG_ws_2026-09-15,2014-03-04,,,Current
0.2.0,,sg-fa-001,SG,https://sso.agc.gov.sg/Act/FA1889?ViewType=Pdf,2026-09-15T20:17:46Z,pdf_native,false,raw/sg/factors_act_1889/20260915T2017Z__native.pdf,Factors Act 1889,,,,playwright,200,raw/sg/factors_act_1889/20260915T2017Z__native.pdf.headers.json,application/pdf,1fc44ea6bfe06572b375885ed23c1b44bf81be73bae8efa147c94ef397038f8c,106111,9,,,,corpus SG_corpus_2026-09-16: from SG_ws_2026-09-15,2021-12-31,,,Current
0.2.0,,sg-fa1920-001,SG,https://sso.agc.gov.sg/Act/FeA1920?ViewType=Pdf,2026-09-15T20:20:57Z,pdf_native,false,raw/sg/fees_act_1920/20260915T2020Z__native.pdf,Fees Act 1920,,,,playwright,200,raw/sg/fees_act_1920/20260915T2020Z__native.pdf.headers.json,application/pdf,a090f144e2ad48fa9cd75ec04f4b94feb7bbd7335070ea31e94dc22911cb9bdd,133666,9,,,,corpus SG_corpus_2026-09-16: from SG_ws_2026-09-15,2008-02-25,,,Current
0.2.0,,sg-fa1920e077-001,SG,https://sso.agc.gov.sg/Act/FA1920?ViewType=Pdf,2026-09-15T20:57:21Z,pdf_native,false,raw/sg/foreshores_act_1920/20260915T2057Z__native.pdf,Foreshores Act 1920,,,,requests,200,raw/sg/foreshores_act_1920/20260915T2057Z__native.pdf.headers.json,application/pdf,09908e64ec70f9c27e650ab5c27ae5ab96fc3c11d647753745eafaed69394f62,222532,15,,,,corpus SG_corpus_2026-09-16: from SG_ws_2026-09-15,2021-12-31,,,Current
0.2.0,,sg-fa1966-001,SG,https://sso.agc.gov.sg/Act/FA1966?ViewType=Pdf,2026-09-15T20:26:17Z,pdf_native,false,raw/sg/fisheries_act_1966/20260915T2026Z__native.pdf,Fisheries Act 1966,,,,playwright,200,raw/sg/fisheries_act_1966/20260915T2026Z__native.pdf.headers.json,application/pdf,eab36ae9ae0be1b688be30bcc49c1cd144b067ce7819dac625dcca631d232114,205894,26,,,,corpus SG_corpus_2026-09-16: from SG_ws_2026-09-15,2021-12-31,,,Current
0.2.0,,sg-fa1981-001,SG,https://sso.agc.gov.sg/Act/FA1981?ViewType=Pdf,2026-09-15T20:21:22Z,pdf_native,false,raw/sg/films_act_1981/20260915T2021Z__native.pdf,Films Act 1981,,,,playwright,200,raw/sg/films_act_1981/20260915T2021Z__native.pdf.headers.json,application/pdf,d1a49460196e1506e74b32b3258a457ce85bbc162d3fcb252e7af3a8da1454fe,361879,90,,,,corpus SG_corpus_2026-09-16: from SG_ws_2026-09-15,2021-12-31,,,Current
0.2.0,,sg-fca1959-001,SG,https://sso.agc.gov.sg/Act/FCA1959?ViewType=Pdf,2026-09-15T20:58:59Z,pdf_native,false,raw/sg/frustrated_contracts_act_1959/20260915T2058Z__native.pdf,Frustrated Contracts Act 1959,,,,requests,200,raw/sg/frustrated_contracts_act_1959/20260915T2058Z__native.pdf.headers.json,application/pdf,b0b3af036a0b5e6cea53028bc44f2abe5cc67502bcd8868c8d303bfe445c87a4,94227,8,,,,corpus SG_corpus_2026-09-16: from SG_ws_2026-09-15,2021-12-31,,,Current
0.2.0,,sg-fca1967-001,SG,https://sso.agc.gov.sg/Act/FCA1967?ViewType=Pdf,2026-09-15T20:21:48Z,pdf_native,false,raw/sg/finance_companies_act_1967/20260915T2021Z__native.pdf,Finance Companies Act 1967,,,,playwright,200,raw/sg/finance_companies_act_1967/20260915T2021Z__native.pdf.headers.json,application/pdf,d7a560de7ffb1e3c330f1b9756d76ea8cacea785c0447c02fd33cd7b2d507b21,324694,77,,,,corpus SG_corpus_2026-09-16: from SG_ws_2026-09-15,2022-05-11,,,Current
0.2.0,,sg-flcma1959-001,SG,https://sso.agc.gov.sg/Act/FLCMIA1959?ViewType=Pdf,2026-09-15T20:19:01Z,pdf_native,false,raw/sg/federal_lands_commissioner_malaysia_incorporation_act_1959/20260915T2019Z__native.pdf,"Federal Lands Commissioner, Malaysia (Incorporation) Act 1959",,,,playwright,200,raw/sg/federal_lands_commissioner_malaysia_incorporation_act_1959/20260915T2019Z__native.pdf.headers.json,application/pdf,4bd2e47aaa7bdd8c4284a2951cfbbe2730048eea8353dc73485dfd1a5ce04f8a,204760,10,,,,corpus SG_corpus_2026-09-16: from SG_ws_2026-09-15,2021-12-31,,,Current
0.2.0,,sg-fmdmo1954-001,SG,https://sso.agc.gov.sg/Act/FMDMO1954?ViewType=Pdf,2026-09-15T20:57:36Z,pdf_native,false,raw/sg/franciscan_missionaries_of_the_divine_motherhood_ordinance_1954/20260915T2057Z__native.pdf,Franciscan Missionaries of the Divine Motherhood Ordinance 1954,,,,requests,200,raw/sg/franciscan_missionaries_of_the_divine_motherhood_ordinance_1954/20260915T2057Z__native.pdf.headers.json,application/pdf,a9d8b164dc902de4e2a93b44d32f778257b7886f78d0e64730d5e2ee7cd2901d,94518,7,,,,corpus SG_corpus_2026-09-16: from SG_ws_2026-09-15,2021-12-31,,,Current
0.2.0,,sg-fnea1949-001,SG,https://sso.agc.gov.sg/Act/FNECDA1949?ViewType=Pdf,2026-09-15T20:55:45Z,pdf_native,false,raw/sg/foreign_national_emblems_control_of_display_act_1949/20260915T2055Z__native.pdf,Foreign National Emblems (Control of Display) Act 1949,,,,requests,200,raw/sg/foreign_national_emblems_control_of_display_act_1949/20260915T2055Z__native.pdf.headers.json,application/pdf,4f6b74c5eaefe3a2ea4d44df69ced43bd9c162ee96ddf157c7d14f89d5da5601,101675,7,,,,corpus SG_corpus_2026-09-16: from SG_ws_2026-09-15,2022-10-05,,,Current
0.2.0,,sg-fpa1966-001,SG,https://sso.agc.gov.sg/Act/FPA1966?ViewType=Pdf,2026-09-15T20:52:38Z,pdf_native,false,raw/sg/financial_procedure_act_1966/20260915T2052Z__native.pdf,Financial Procedure Act 1966,,,,requests,200,raw/sg/financial_procedure_act_1966/20260915T2052Z__native.pdf.headers.json,application/pdf,1ce1117d935f708d20f2d33a32bb5eadcff81793614dd5104818f483413468e7,185452,26,,,,corpus SG_corpus_2026-09-16: from SG_ws_2026-09-15,2024-02-21,,,Current
0.2.0,,sg-fra-001,SG,https://sso.agc.gov.sg/Act/FRA1875?ViewType=Pdf,2026-09-15T21:59:17Z,pdf_native,false,raw/sg/foreign_recruiting_act_1875/20260915T2159Z__native.pdf,Foreign Recruiting Act 1875,,,,requests,200,raw/sg/foreign_recruiting_act_1875/20260915T2159Z__native.pdf.headers.json,application/pdf,8e28bb1f1a77b6f0d4728d77f4bf88fcaf3cacb7e14e2b6e60beecc32e1ad0ed,87319,6,,,,corpus SG_corpus_2026-09-16: from SG_ws_2026-09-15,2021-12-31,,,Current
0.2.0,,sg-fsa1965-001,SG,https://sso.agc.gov.sg/Act/FSA1965?ViewType=Pdf,2026-09-15T20:52:19Z,pdf_native,false,raw/sg/feeding_stuffs_act_1965/20260915T2052Z__native.pdf,Feeding Stuffs Act 1965,,,,requests,200,raw/sg/feeding_stuffs_act_1965/20260915T2052Z__native.pdf.headers.json,application/pdf,8f7b2888965e1c2f3e52194fbf0db44f07a4de9b6eae18dad24c56d023b1edbc,104950,12,,,,corpus SG_corpus_2026-09-16: from SG_ws_2026-09-15,2021-12-31,,,Current
0.2.0,,sg-ftza1966-001,SG,https://sso.agc.gov.sg/Act/FTZA1966?ViewType=Pdf,2026-09-15T20:58:41Z,pdf_native,false,raw/sg/free_trade_zones_act_1966/20260915T2058Z__native.pdf,Free Trade Zones Act 1966,,,,playwright,200,raw/sg/free_trade_zones_act_1966/20260915T2058Z__native.pdf.headers.json,application/pdf,d6fbcd79711591ec3af2c961daa1606863845c869b9eae85d350b305e6f40526,248207,50,,,,corpus SG_corpus_2026-09-16: from SG_ws_2026-09-15,2023-11-10,,,Current
0.2.0,,sg-gca1966-001,SG,https://sso.agc.gov.sg/Act/GCA1966?ViewType=Pdf,2026-09-15T21:06:16Z,pdf_native,false,raw/sg/government_contracts_act_1966/20260915T2106Z__native.pdf,Government Contracts Act 1966,,,,requests,200,raw/sg/government_contracts_act_1966/20260915T2106Z__native.pdf.headers.json,application/pdf,5e65eb5f062892fd8b32525c51fbd868910b46ef6fa7f5f9c03ae276e6431540,145014,7,,,,corpus SG_corpus_2026-09-16: from SG_ws_2026-09-15,2021-12-31,,,Current
0.2.0,,sg-gca1973-001,SG,https://sso.agc.gov.sg/Act/GCA1973?ViewType=Pdf,2026-09-15T21:02:02Z,pdf_native,false,raw/sg/geneva_conventions_act_1973/20260915T2102Z__native.pdf,Geneva Conventions Act 1973,,,,requests,200,raw/sg/geneva_conventions_act_1973/20260915T2102Z__native.pdf.headers.json,application/pdf,381ec16deefbb004d2b0bab6c1623638a2eb2000c066033c89b7bc6301765401,933056,177,,,,corpus SG_corpus_2026-09-16: from SG_ws_2026-09-15,2021-12-31,,,Current
0.2.0,,sg-gdpia-001,SG,https://www.pdpc.gov.sg/-/media/Files/PDPC/PDF-Files/Other-Guides/DPIA/Guide-to-Data-Protection-Impact-Assessments-14-Sep-2021.pdf,2026-09-15T16:39:17Z,pdf_native,false,raw/sg/guide_to_data_protection_impact_assessments_pdpc/20260915T1639Z__native.pdf,Guide to Data Protection Impact Assessments (PDPC),,P7,P7-I4,requests,200,raw/sg/guide_to_data_protection_impact_assessments_pdpc/20260915T1639Z__native.pdf.headers.json,application/pdf,c76c5717fb56b45655e378151f85e48cc49cbea62def38cc9441fc11f2ef9404,867842,36,,,,corpus SG_corpus_2026-09-16: from SG_ws_2026-09-15,,,,
0.2.0,,sg-gia1934-001,SG,https://sso.agc.gov.sg/Act/GIA1934?ViewType=Pdf,2026-09-15T22:05:17Z,pdf_native,false,raw/sg/guardianship_of_infants_act_1934/20260915T2205Z__native.pdf,Guardianship of Infants Act 1934,,,,requests,200,raw/sg/guardianship_of_infants_act_1934/20260915T2205Z__native.pdf.headers.json,application/pdf,bfa630e500498de9663e491d4548f5aefd75245fc41186f2f6456e87de9cb281,138480,15,,,,corpus SG_corpus_2026-09-16: from SG_ws_2026-09-15,2025-01-02,,,Current
0.2.0,,sg-gpa1956-001,SG,https://sso.agc.gov.sg/Act/GPA1956?ViewType=Pdf,2026-09-15T21:06:46Z,pdf_native,false,raw/sg/government_proceedings_act_1956/20260915T2106Z__native.pdf,Government Proceedings Act 1956,,,,requests,200,raw/sg/government_proceedings_act_1956/20260915T2106Z__native.pdf.headers.json,application/pdf,29a40ead6ad5c24cbe87c234958ae93da899988553cff9d4fdbd534c07a34897,238657,37,,,,corpus SG_corpus_2026-09-16: from SG_ws_2026-09-15,2026-04-27,,,Current
0.2.0,,sg-gsno1958-001,SG,https://sso.agc.gov.sg/Act/GSNO1958?ViewType=Pdf,2026-09-15T21:03:48Z,pdf_native,false,raw/sg/good_shepherd_nuns_ordinance_1958/20260915T2103Z__native.pdf,Good Shepherd Nuns Ordinance 1958,,,,requests,200,raw/sg/good_shepherd_nuns_ordinance_1958/20260915T2103Z__native.pdf.headers.json,application/pdf,a964cd18b9bd3f3a98f16d1499a293d10885628b4eb1913c132c43fe47ed7a13,93905,7,,,,corpus SG_corpus_2026-09-16: from SG_ws_2026-09-15,2021-12-31,,,Current
0.2.0,,sg-ha1954-001,SG,https://sso.agc.gov.sg/Act/HA1954?ViewType=Pdf,2026-09-15T22:27:05Z,pdf_native,false,raw/sg/hotels_act_1954/20260915T2227Z__native.pdf,Hotels Act 1954,,,,requests,200,raw/sg/hotels_act_1954/20260915T2227Z__native.pdf.headers.json,application/pdf,03ab8d4f3d1dfb7fae9a34a0de1e80240db581b2015a40bb0a1ccb0022b7db0c,111006,14,,,,corpus SG_corpus_2026-09-16: from SG_ws_2026-09-15,2021-12-31,,,Current
0.2.0,,sg-hapaiaa1978-001,SG,https://sso.agc.gov.sg/Act/HAPAIAA1978?ViewType=Pdf,2026-09-15T22:17:00Z,pdf_native,false,raw/sg/hijacking_of_aircraft_and_protection_of_aircraft_and_international_airports_act_1978/20260915T2217Z__native.pdf,Hijacking of Aircraft and Protection of Aircraft and International Airports Act 1978,,,,playwright,200,raw/sg/hijacking_of_aircraft_and_protection_of_aircraft_and_international_airports_act_1978/20260915T2217Z__native.pdf.headers.json,application/pdf,ebb8d0c0daacfe5e1a4fdaa52d53442a1d90031a191bfc5a860ed2affcb47347,169140,27,,,,corpus SG_corpus_2026-09-16: from SG_ws_2026-09-15,2021-02-22,,,Current
0.2.0,,sg-hca1947-001,SG,https://sso.agc.gov.sg/Act/HCFA1947?ViewType=Pdf,2026-09-15T22:42:05Z,pdf_native,false,raw/sg/hydrogen_cyanide_fumigation_act_1947/20260915T2242Z__native.pdf,Hydrogen Cyanide (Fumigation) Act 1947,,,,requests,200,raw/sg/hydrogen_cyanide_fumigation_act_1947/20260915T2242Z__native.pdf.headers.json,application/pdf,6e11cd1f89d891d81125968162411970fdcf934219d20e9b563455239846ebdf,103008,10,,,,corpus SG_corpus_2026-09-16: from SG_ws_2026-09-15,2021-12-31,,,Current
0.2.0,,sg-hca1961-001,SG,https://sso.agc.gov.sg/Act/HCAJA1961?ViewType=Pdf,2026-09-16T04:13:02Z,pdf_native,false,raw/sg/high_court_admiralty_jurisdiction_act_1961/20260916T0413Z__native.pdf,High Court (Admiralty Jurisdiction) Act 1961,,,,requests,200,raw/sg/high_court_admiralty_jurisdiction_act_1961/20260916T0413Z__native.pdf.headers.json,application/pdf,ddf787e27fc781d3ef53fbfc09e9cd415b910de3316aeac0ac5704622bbdae4d,129274,13,,,,corpus SG_corpus_2026-09-16: from SG_ws_2026-09-15,2021-10-11,,,Current
0.2.0,,sg-hda1959-001,SG,https://sso.agc.gov.sg/Act/HDA1959?ViewType=Pdf,2026-09-15T22:29:49Z,pdf_native,false,raw/sg/housing_and_development_act_1959/20260915T2229Z__native.pdf,Housing and Development Act 1959,,,,requests,200,raw/sg/housing_and_development_act_1959/20260915T2229Z__native.pdf.headers.json,application/pdf,9dfb9c62b1caecf5f577b5e68167b8befdafee9537a7e5deedf13368892dca85,581937,159,,,,corpus SG_corpus_2026-09-16: from SG_ws_2026-09-15,2026-06-08,,,Current
0.2.0,,sg-hda1965-001,SG,https://sso.agc.gov.sg/Act/HDCLA1965?ViewType=Pdf,2026-09-15T22:31:22Z,pdf_native,false,raw/sg/housing_developers_control_and_licensing_act_1965/20260915T2231Z__native.pdf,Housing Developers (Control and Licensing) Act 1965,,,,requests,200,raw/sg/housing_developers_control_and_licensing_act_1965/20260915T2231Z__native.pdf.headers.json,application/pdf,13ff89ec7946ee5516d9d88f4dbc2e2d18fee1d776212ed9a68fbbf4cbcc3105,252040,54,,,,corpus SG_corpus_2026-09-16: from SG_ws_2026-09-15,2025-04-15,,,Current
0.2.0,,sg-hea1968-001,SG,https://sso.agc.gov.sg/Act/HEA1968?ViewType=Pdf,2026-09-15T22:17:35Z,pdf_native,false,raw/sg/hindu_endowments_act_1968/20260915T2217Z__native.pdf,Hindu Endowments Act 1968,,,,requests,200,raw/sg/hindu_endowments_act_1968/20260915T2217Z__native.pdf.headers.json,application/pdf,20588624a3e701973f9a0f0fa970ab7e715e8149c2659822be3088e43e07a268,198788,23,,,,corpus SG_corpus_2026-09-16: from SG_ws_2026-09-15,2021-10-11,,,Current
0.2.0,,sg-hhsca1947-001,SG,https://sso.agc.gov.sg/Act/HHSCA1947?ViewType=Pdf,2026-09-16T04:18:38Z,pdf_native,false,raw/sg/house_to_house_and_street_collections_act_1947/20260916T0418Z__native.pdf,House to House and Street Collections Act 1947,,,,playwright,200,raw/sg/house_to_house_and_street_collections_act_1947/20260916T0418Z__native.pdf.headers.json,application/pdf,5f8bad7428bc3ca897b7f4c77ddda1b1c06fb5f18e67eb5a01bcb5822a61ffd3,109805,13,,,,corpus SG_corpus_2026-09-16: from SG_ws_2026-09-15,2021-12-31,,,Current
0.2.0,,sg-hpa1969-001,SG,https://sso.agc.gov.sg/Act/HPA1969?ViewType=Pdf,2026-09-16T04:14:24Z,pdf_native,false,raw/sg/hire_purchase_act_1969/20260916T0414Z__native.pdf,Hire-Purchase Act 1969,,,,requests,200,raw/sg/hire_purchase_act_1969/20260916T0414Z__native.pdf.headers.json,application/pdf,625bdb425bffd4d749b248f4ed83526c41cc73e4ccd923d1d2dfe87bcfb25ef7,274664,54,,,,corpus SG_corpus_2026-09-16: from SG_ws_2026-09-15,2021-12-31,,,Current
0.2.0,,sg-ia1959-001,SG,https://sso.agc.gov.sg/Act/IA1959?ViewType=Pdf,2026-09-15T22:42:08Z,pdf_native,false,raw/sg/immigration_act_1959/20260915T2242Z__native.pdf,Immigration Act 1959,,,,requests,200,raw/sg/immigration_act_1959/20260915T2242Z__native.pdf.headers.json,application/pdf,64ed4c0db857e1d861866d0fe70aab509717e141a8e64d30b508e262b883e5b6,543648,138,,,,corpus SG_corpus_2026-09-16: from SG_ws_2026-09-15,2025-11-28,,,Current
0.2.0,,sg-ia1965-001,SG,https://sso.agc.gov.sg/Act/IA1965?ViewType=Pdf,2026-09-15T23:14:00Z,pdf_native,false,raw/sg/interpretation_act_1965/20260915T2314Z__native.pdf,Interpretation Act 1965,,,,requests,200,raw/sg/interpretation_act_1965/20260915T2314Z__native.pdf.headers.json,application/pdf,1122b95b62e9a6a04a35fd2ede8288af3ecdfda5e304d26b698835c89b13116c,297766,62,,,,corpus SG_corpus_2026-09-16: from SG_ws_2026-09-15,2025-11-28,,,Current
0.2.0,,sg-ia1966-001,SG,https://sso.agc.gov.sg/Act/IA1966?ViewType=Pdf,2026-09-15T23:01:16Z,pdf_native,false,raw/sg/insurance_act_1966/20260915T2301Z__native.pdf,Insurance Act 1966,,,,requests,200,raw/sg/insurance_act_1966/20260915T2301Z__native.pdf.headers.json,application/pdf,0a9bef3c78967a655c2d3f8480808216044d4068f54bb94d71f96e2c72b9810b,966635,267,,,,corpus SG_corpus_2026-09-16: from SG_ws_2026-09-15,2025-02-11,,,Current
0.2.0,,sg-ia19662008-001,SG,https://sso.agc.gov.sg/Act/IFPA1966?ViewType=Pdf,2026-09-16T04:26:51Z,pdf_native,false,raw/sg/inheritance_family_provision_act_1966/20260916T0426Z__native.pdf,Inheritance (Family Provision) Act 1966,,,,playwright,200,raw/sg/inheritance_family_provision_act_1966/20260916T0426Z__native.pdf.headers.json,application/pdf,e8eab80b989a7401d21a2ac9fa68608ee9a463dd550a10c47ee3a5d2fcb275b0,105951,11,,,,corpus SG_corpus_2026-09-16: from SG_ws_2026-09-15,2021-12-31,,,Current
0.2.0,,sg-ia1970-001,SG,https://sso.agc.gov.sg/Act/IA1970?ViewType=Pdf,2026-09-15T22:53:35Z,pdf_native,false,raw/sg/innkeepers_act_1970/20260915T2253Z__native.pdf,Innkeepers Act 1970,,,,requests,200,raw/sg/innkeepers_act_1970/20260915T2253Z__native.pdf.headers.json,application/pdf,65eb62b935060a546450d4dd4728c65b559c479873dc3b2533cba1a00a8748e1,177300,9,,,,corpus SG_corpus_2026-09-16: from SG_ws_2026-09-15,2021-12-31,,,Current
0.2.0,,sg-ida1976-001,SG,https://sso.agc.gov.sg/Act/IDA1976?ViewType=Pdf,2026-09-15T22:46:05Z,pdf_native,false,raw/sg/infectious_diseases_act_1976/20260915T2246Z__native.pdf,Infectious Diseases Act 1976,,,,requests,200,raw/sg/infectious_diseases_act_1976/20260915T2246Z__native.pdf.headers.json,application/pdf,1c0aa5e113c20721317448e56615ac9e48b5a86460c5021de5391759718a44aa,514400,132,,,,corpus SG_corpus_2026-09-16: from SG_ws_2026-09-15,2025-02-12,,,Current
0.2.0,,sg-ifca1968-001,SG,https://sso.agc.gov.sg/Act/IFCA1968?ViewType=Pdf,2026-09-15T23:08:51Z,pdf_native,false,raw/sg/international_finance_corporation_act_1968/20260915T2308Z__native.pdf,International Finance Corporation Act 1968,,,,requests,200,raw/sg/international_finance_corporation_act_1968/20260915T2308Z__native.pdf.headers.json,application/pdf,fddc01ddb856d702fc31cfd0e2297a4f0ee82d7548972851a69c64fb93966802,103427,10,,,,corpus SG_corpus_2026-09-16: from SG_ws_2026-09-15,2021-12-31,,,Current
0.2.0,,sg-ioa1948-001,SG,https://sso.agc.gov.sg/Act/IOIPA1948?ViewType=Pdf,2026-09-15T23:11:05Z,pdf_native,false,raw/sg/international_organisations_immunities_and_privileges_act_1948/20260915T2311Z__native.pdf,International Organisations (Immunities and Privileges) Act 1948,,,,requests,200,raw/sg/international_organisations_immunities_and_privileges_act_1948/20260915T2311Z__native.pdf.headers.json,application/pdf,65aebb53e9fe784221d953a5532c13340926305bdfb1646178e98b31fc2c7f91,122602,11,,,,corpus SG_corpus_2026-09-16: from SG_ws_2026-09-15,2025-01-03,,,Current
0.2.0,,sg-ira1960-001,SG,https://sso.agc.gov.sg/Act/IRA1960?ViewType=Pdf,2026-09-16T04:23:42Z,pdf_native,false,raw/sg/industrial_relations_act_1960/20260916T0423Z__native.pdf,Industrial Relations Act 1960,,,,playwright,200,raw/sg/industrial_relations_act_1960/20260916T0423Z__native.pdf.headers.json,application/pdf,aec59c4bb71c204aa9c0717ffa0286c4ad1d441b83c492d80f2e1e06a33537e8,393752,94,,,,corpus SG_corpus_2026-09-16: from SG_ws_2026-09-15,2025-02-11,,,Current
0.2.0,,sg-isa1960-001,SG,https://sso.agc.gov.sg/Act/ISA1960?ViewType=Pdf,2026-09-15T23:03:44Z,pdf_native,false,raw/sg/internal_security_act_1960/20260915T2303Z__native.pdf,Internal Security Act 1960,,,,requests,200,raw/sg/internal_security_act_1960/20260915T2303Z__native.pdf.headers.json,application/pdf,7d28ee225b6097ebd74d69fdc66463419d692a9521628f2c75260fd3a1ece01e,320553,69,,,,corpus SG_corpus_2026-09-16: from SG_ws_2026-09-15,2021-02-22,,,Current
0.2.0,,sg-isa1965-001,SG,https://sso.agc.gov.sg/Act/ISA1965?ViewType=Pdf,2026-09-15T22:43:40Z,pdf_scanned,true,raw/sg/independence_of_singapore_agreement_1965/20260915T2243Z__scanned.pdf,Independence of Singapore Agreement 1965,,,,requests,200,raw/sg/independence_of_singapore_agreement_1965/20260915T2243Z__scanned.pdf.headers.json,application/pdf,ace75a257b6a6c928e266ec49dd21d2c74a0afe21ee59ff56fa78a490a980b45,5171599,18,,,,corpus SG_corpus_2026-09-16: from SG_ws_2026-09-15,2021-12-31,,,Current
0.2.0,,sg-isa1967-001,SG,https://sso.agc.gov.sg/Act/ISA1967?ViewType=Pdf,2026-09-15T23:14:52Z,pdf_native,false,raw/sg/intestate_succession_act_1967/20260915T2314Z__native.pdf,Intestate Succession Act 1967,,,,requests,200,raw/sg/intestate_succession_act_1967/20260915T2314Z__native.pdf.headers.json,application/pdf,f488fe5e3742d1d2f5fe7f17e67eafe7cb61a997df018367c6383665edad6c79,273551,9,,,,corpus SG_corpus_2026-09-16: from SG_ws_2026-09-15,2021-12-31,,,Current
0.2.0,,sg-ita1947-001,SG,https://sso.agc.gov.sg/Act/ITA1947?ViewType=Pdf,2026-09-15T14:21:34Z,pdf_native,false,raw/sg/income_tax_act_1947/20260915T1421Z__native.pdf,Income Tax Act 1947,,P7,P7-I3,requests,200,raw/sg/income_tax_act_1947/20260915T1421Z__native.pdf.headers.json,application/pdf,8bb65c224d053cced51a4f54e77866b145ea83d0359447db22f85cfb3204413d,4090911,1323,,,,corpus SG_corpus_2026-09-16: from SG_ws_2026-09-15,2026-09-10,,,Current
0.2.0,,sg-itr-001,SG,https://sso.agc.gov.sg/SL/ITA1947-RG12?DocDate=19930401&ViewType=Pdf,2026-09-15T14:26:41Z,pdf_native,false,raw/sg/income_tax_approved_unit_trust_regulations/20260915T1426Z__native.pdf,Income Tax (Approved Unit Trust) Regulations,,,,playwright,200,raw/sg/income_tax_approved_unit_trust_regulations/20260915T1426Z__native.pdf.headers.json,application/pdf,ec5a3ed621533a303eb628f4e72abb414a6850f5c7d25f48923ca64cfebe88bd,48838,5,,,,corpus SG_corpus_2026-09-16: from SG_ws_2026-09-15,1993-04-01,,,Current
0.2.0,,sg-itr0556-001,SG,https://sso.agc.gov.sg/SL/ITA1947-RG21?DocDate=20171228&ViewType=Pdf,2026-09-15T16:01:02Z,pdf_native,false,raw/sg/income_tax_concessionary_rate_of_tax_for_approved_trustee_companies_regulations/20260915T1601Z__native.pdf,Income Tax (Concessionary Rate of Tax for Approved Trustee Companies) Regulations,,,,requests,200,raw/sg/income_tax_concessionary_rate_of_tax_for_approved_trustee_companies_regulations/20260915T1601Z__native.pdf.headers.json,application/pdf,bd6f5adbe99e1ad51777c4e9f7ccd94bcd581c29466072c0fd333c10832918df,49886,7,,,,corpus SG_corpus_2026-09-16: from SG_ws_2026-09-15,2017-12-28,,,Current
0.2.0,,sg-itr17db-001,SG,https://sso.agc.gov.sg/SL/ITA1947-RG32?DocDate=20260402&ViewType=Pdf,2026-09-15T17:54:47Z,pdf_native,false,raw/sg/income_tax_concessionary_rate_of_tax_or_exemption_for_income_derived_from_debt_securities_regulations/20260915T1754Z__native.pdf,Income Tax (Concessionary Rate of Tax or Exemption for Income Derived from Debt Securities) Regulations,,,,requests,200,raw/sg/income_tax_concessionary_rate_of_tax_or_exemption_for_income_derived_from_debt_securities_regulations/20260915T1754Z__native.pdf.headers.json,application/pdf,d96296cf70e898744a9dd0a9d741827615fec121f24fd908990744b096f0b80f,115324,12,,,,corpus SG_corpus_2026-09-16: from SG_ws_2026-09-15,2026-04-02,,,Current
0.2.0,,sg-itr4b60-001,SG,https://sso.agc.gov.sg/SL/ITA1947-RG18?DocDate=20210630&ViewType=Pdf,2026-09-15T15:57:51Z,pdf_native,false,raw/sg/income_tax_concessionary_rate_of_tax_for_approved_finance_and_treasury_centre_regulations/20260915T1557Z__native.pdf,Income Tax (Concessionary Rate of Tax for Approved Finance and Treasury Centre) Regulations,,,,requests,200,raw/sg/income_tax_concessionary_rate_of_tax_for_approved_finance_and_treasury_centre_regulations/20260915T1557Z__native.pdf.headers.json,application/pdf,54467d075fde4d35eb94a1a0d4a248e7f3aa2f6a17b01e676d54c99262cbd1b5,67570,15,,,,corpus SG_corpus_2026-09-16: from SG_ws_2026-09-15,2021-06-30,,,Current
0.2.0,,sg-itr67b1-001,SG,https://sso.agc.gov.sg/SL/ITA1947-RG6?DocDate=20130813&ViewType=Pdf,2026-09-15T15:59:09Z,pdf_native,false,raw/sg/income_tax_concessionary_rate_of_tax_for_approved_headquarters_company_regulations/20260915T1559Z__native.pdf,Income Tax (Concessionary Rate of Tax for Approved Headquarters Company) Regulations,,,,requests,200,raw/sg/income_tax_concessionary_rate_of_tax_for_approved_headquarters_company_regulations/20260915T1559Z__native.pdf.headers.json,application/pdf,34f2ac729d48d17b237f719a842433ce40c615b0022335a9589499b59a1a157c,61187,11,,,,corpus SG_corpus_2026-09-16: from SG_ws_2026-09-15,2013-08-13,,,Current
0.2.0,,sg-iyiia1968-001,SG,https://sso.agc.gov.sg/Act/ISEASYIIA1968?ViewType=Pdf,2026-09-15T23:16:53Z,pdf_native,false,raw/sg/iseas_yusof_ishak_institute_act_1968/20260915T2316Z__native.pdf,ISEAS – Yusof Ishak Institute Act 1968,,,,requests,200,raw/sg/iseas_yusof_ishak_institute_act_1968/20260915T2316Z__native.pdf.headers.json,application/pdf,f115c94df094c3486c74443654803dfefa7408a08bc48b48de899f280889c960,122646,17,,,,corpus SG_corpus_2026-09-16: from SG_ws_2026-09-15,2021-12-31,,,Current
0.2.0,,sg-jpa1960-001,SG,https://sso.agc.gov.sg/Act/JPRRA1960?ViewType=Pdf,2026-09-15T23:21:12Z,pdf_native,false,raw/sg/judicial_proceedings_regulation_of_reports_act_1960/20260915T2321Z__native.pdf,Judicial Proceedings (Regulation of Reports) Act 1960,,,,requests,200,raw/sg/judicial_proceedings_regulation_of_reports_act_1960/20260915T2321Z__native.pdf.headers.json,application/pdf,2f95a95c6e270f3c32d58d10634603e43e1af29d0f0f9b6219f5cddda39ae8bf,91934,7,,,,corpus SG_corpus_2026-09-16: from SG_ws_2026-09-15,2021-12-31,,,Current
0.2.0,,sg-jso-001,SG,https://sso.agc.gov.sg/Act/JSO1878?ViewType=Pdf,2026-09-15T23:18:12Z,pdf_native,false,raw/sg/jewish_synagogue_ordinance_1878/20260915T2318Z__native.pdf,Jewish Synagogue Ordinance 1878,,,,requests,200,raw/sg/jewish_synagogue_ordinance_1878/20260915T2318Z__native.pdf.headers.json,application/pdf,060d31eddd5edaa3496740f3ee2b12fe088ccd60b5ca1c63aa445f4ed1c6dd8e,102368,9,,,,corpus SG_corpus_2026-09-16: from SG_ws_2026-09-15,2021-10-11,,,Current
0.2.0,,sg-jtca1968-001,SG,https://sso.agc.gov.sg/Act/JTCA1968?ViewType=Pdf,2026-09-15T23:23:16Z,pdf_native,false,raw/sg/jurong_town_corporation_act_1968/20260915T2323Z__native.pdf,Jurong Town Corporation Act 1968,,,,playwright,200,raw/sg/jurong_town_corporation_act_1968/20260915T2323Z__native.pdf.headers.json,application/pdf,badc1155c806b218100979f54726752b1549d63f043e3fb4c54c79b4daf636be,222684,51,,,,corpus SG_corpus_2026-09-16: from SG_ws_2026-09-15,2021-12-31,,,Current
0.2.0,,sg-ka1961-001,SG,https://sso.agc.gov.sg/Act/KA1961?ViewType=Pdf,2026-09-15T23:24:47Z,pdf_native,false,raw/sg/kidnapping_act_1961/20260915T2324Z__native.pdf,Kidnapping Act 1961,,,,playwright,200,raw/sg/kidnapping_act_1961/20260915T2324Z__native.pdf.headers.json,application/pdf,b172d34fdc6b52f57c5673a57b2787392b1f3bddb346043fb46a83c27863a7f2,109196,12,,,,corpus SG_corpus_2026-09-16: from SG_ws_2026-09-15,2021-12-31,,,Current
0.2.0,,sg-la1934-001,SG,https://sso.agc.gov.sg/Act/LA1934?ViewType=Pdf,2026-09-15T23:38:36Z,pdf_native,false,raw/sg/legitimacy_act_1934/20260915T2338Z__native.pdf,Legitimacy Act 1934,,,,requests,200,raw/sg/legitimacy_act_1934/20260915T2338Z__native.pdf.headers.json,application/pdf,e44f39f224063faf2a4b2179383cf2fab0b4feb28082dec819493d96b22994fe,121072,11,,,,corpus SG_corpus_2026-09-16: from SG_ws_2026-09-15,2025-11-28,,,Current
0.2.0,,sg-la1958-001,SG,https://sso.agc.gov.sg/Act/LIBA1958?ViewType=Pdf,2026-09-15T23:47:16Z,pdf_native,false,raw/sg/loans_international_banks_act_1958/20260915T2347Z__native.pdf,Loans (International Banks) Act 1958,,,,requests,200,raw/sg/loans_international_banks_act_1958/20260915T2347Z__native.pdf.headers.json,application/pdf,e567be685e55a5e573e1fb29c74b48740f1265fd8566564d8a1ea04b749731b5,165121,13,,,,corpus SG_corpus_2026-09-16: from SG_ws_2026-09-15,2021-12-31,,,Current
0.2.0,,sg-la1959-001,SG,https://sso.agc.gov.sg/Act/LA1959?ViewType=Pdf,2026-09-16T04:32:45Z,pdf_native,false,raw/sg/limitation_act_1959/20260916T0432Z__native.pdf,Limitation Act 1959,,,,requests,200,raw/sg/limitation_act_1959/20260916T0432Z__native.pdf.headers.json,application/pdf,9c0a0a8a54eb0facf1f0e29228bccc86b0e54996d3d54570eb78d25c3a90cba9,204689,32,,,,corpus SG_corpus_2026-09-16: from SG_ws_2026-09-15,2021-10-11,,,Current
0.2.0,,sg-laa1966-001,SG,https://sso.agc.gov.sg/Act/LAA1966?ViewType=Pdf,2026-09-16T04:30:17Z,pdf_native,false,raw/sg/land_acquisition_act_1966/20260916T0430Z__native.pdf,Land Acquisition Act 1966,,,,requests,200,raw/sg/land_acquisition_act_1966/20260916T0430Z__native.pdf.headers.json,application/pdf,c8a0e953af3b5ad9028d97105f4448a3aed036562e1d10c12ba0a58468f4a66c,320330,67,,,,corpus SG_corpus_2026-09-16: from SG_ws_2026-09-15,2020-05-11,,,Current
0.2.0,,sg-lfa1953-001,SG,https://sso.agc.gov.sg/Act/LFRFHA1953?ViewType=Pdf,2026-09-15T23:48:36Z,pdf_native,false,raw/sg/local_forces_relief_of_financial_hardship_act_1953/20260915T2348Z__native.pdf,Local Forces (Relief of Financial Hardship) Act 1953,,,,requests,200,raw/sg/local_forces_relief_of_financial_hardship_act_1953/20260915T2348Z__native.pdf.headers.json,application/pdf,eee835b482ad9abe3cbac3ef79ec04201a07f9f5575f02bf2da1805e844b3ac0,160122,8,,,,corpus SG_corpus_2026-09-16: from SG_ws_2026-09-15,2021-12-31,,,Current
0.2.0,,sg-lpa1966-001,SG,https://sso.agc.gov.sg/Act/LPA1966?ViewType=Pdf,2026-09-15T23:37:26Z,pdf_native,false,raw/sg/legal_profession_act_1966/20260915T2337Z__native.pdf,Legal Profession Act 1966,,,,requests,200,raw/sg/legal_profession_act_1966/20260915T2337Z__native.pdf.headers.json,application/pdf,be10325772a68a80bf7ae1e6919da713c3f335a09db7d6b3331bf5a44dba8b27,1328210,398,,,,corpus SG_corpus_2026-09-16: from SG_ws_2026-09-15,2024-01-03,,,Current
0.2.0,,sg-lrca1940-001,SG,https://sso.agc.gov.sg/Act/LRCA1940?ViewType=Pdf,2026-09-15T23:27:45Z,pdf_native,false,raw/sg/land_revenue_collection_act_1940/20260915T2327Z__native.pdf,Land Revenue Collection Act 1940,,,,playwright,200,raw/sg/land_revenue_collection_act_1940/20260915T2327Z__native.pdf.headers.json,application/pdf,c7eb83873a0098f6dbd7b3485ff49bf5d6f439b78c5b67711b899312699b059c,182354,25,,,,corpus SG_corpus_2026-09-16: from SG_ws_2026-09-15,2021-10-11,,,Current
0.2.0,,sg-lspo1957-001,SG,https://sso.agc.gov.sg/Act/LSPO1957?ViewType=Pdf,2026-09-15T23:47:14Z,pdf_native,false,raw/sg/little_sisters_of_the_poor_ordinance_1957/20260915T2347Z__native.pdf,Little Sisters of the Poor Ordinance 1957,,,,playwright,200,raw/sg/little_sisters_of_the_poor_ordinance_1957/20260915T2347Z__native.pdf.headers.json,application/pdf,11aa7edc58024f6242a4e1ef887d33d9c3bb1b838a660db259873a2db1243e1a,93927,7,,,,corpus SG_corpus_2026-09-16: from SG_ws_2026-09-15,2021-12-31,,,Current
0.2.0,,sg-lta1967-001,SG,https://sso.agc.gov.sg/Act/LTSA1967?ViewType=Pdf,2026-09-15T23:29:47Z,pdf_native,false,raw/sg/land_titles_strata_act_1967/20260915T2329Z__native.pdf,Land Titles (Strata) Act 1967,,,,requests,200,raw/sg/land_titles_strata_act_1967/20260915T2329Z__native.pdf.headers.json,application/pdf,91b09a3438e1b56c8dfa2eb542ee22b6d7664187f025ef1abcdcb325c38e7548,524901,132,,,,corpus SG_corpus_2026-09-16: from SG_ws_2026-09-15,2024-10-02,,,Current
0.2.0,,sg-ma1955-001,SG,https://sso.agc.gov.sg/Act/MASA1955?ViewType=Pdf,2026-09-16T00:07:08Z,pdf_native,false,raw/sg/medicines_advertisement_and_sale_act_1955/20260916T0007Z__native.pdf,Medicines (Advertisement and Sale) Act 1955,,,,requests,200,raw/sg/medicines_advertisement_and_sale_act_1955/20260916T0007Z__native.pdf.headers.json,application/pdf,a2108c878353f0825adeb79f6bb05bcb69b99b5e2bd20c6b30311c0d532e23b6,123488,13,,,,corpus SG_corpus_2026-09-16: from SG_ws_2026-09-15,2023-04-04,,,Current
0.2.0,,sg-ma1967-001,SG,https://sso.agc.gov.sg/Act/MA1967?ViewType=Pdf,2026-09-16T00:29:34Z,pdf_native,false,raw/sg/misrepresentation_act_1967/20260916T0029Z__native.pdf,Misrepresentation Act 1967,,,,requests,200,raw/sg/misrepresentation_act_1967/20260916T0029Z__native.pdf.headers.json,application/pdf,12db0f24602f094db078af922e2bf66bb3572b32798c528a1b5e6ebbc1233cf3,92541,6,,,,corpus SG_corpus_2026-09-16: from SG_ws_2026-09-15,2021-12-31,,,Current
0.2.0,,sg-ma1970-001,SG,https://sso.agc.gov.sg/Act/MA1970?ViewType=Pdf,2026-09-16T00:22:49Z,pdf_native,false,raw/sg/metrication_act_1970/20260916T0022Z__native.pdf,Metrication Act 1970,,,,requests,200,raw/sg/metrication_act_1970/20260916T0022Z__native.pdf.headers.json,application/pdf,767acf568a9337db82b63cc445b3da034096d6867e1f392ebb1b2e199fd53c10,100684,9,,,,corpus SG_corpus_2026-09-16: from SG_ws_2026-09-15,2021-12-31,,,Current
0.2.0,,sg-ma1972-001,SG,https://sso.agc.gov.sg/Act/MTERA1972?ViewType=Pdf,2026-09-16T00:03:32Z,pdf_native,false,raw/sg/medical_therapy_education_and_research_act_1972/20260916T0003Z__native.pdf,"Medical (Therapy, Education and Research) Act 1972",,,,requests,200,raw/sg/medical_therapy_education_and_research_act_1972/20260916T0003Z__native.pdf.headers.json,application/pdf,9b2b7a2caa349d28d2cb8b830ac73f25473e800c309218455e9348228c64d06a,140393,12,,,,corpus SG_corpus_2026-09-16: from SG_ws_2026-09-15,2023-04-04,,,Current
0.2.0,,sg-ma1975-001,SG,https://sso.agc.gov.sg/Act/MA1975?ViewType=Pdf,2026-09-16T00:08:08Z,pdf_native,false,raw/sg/medicines_act_1975/20260916T0008Z__native.pdf,Medicines Act 1975,,,,requests,200,raw/sg/medicines_act_1975/20260916T0008Z__native.pdf.headers.json,application/pdf,6c0a4d5d005b5c7dc1c6716583c49579344fc01f779870911cb18ee3542f488f,302314,62,,,,corpus SG_corpus_2026-09-16: from SG_ws_2026-09-15,2022-10-28,,,Current
0.2.0,,sg-masa1970-001,SG,https://sso.agc.gov.sg/Act/MASA1970?ViewType=Pdf,2026-09-16T00:33:22Z,pdf_native,false,raw/sg/monetary_authority_of_singapore_act_1970/20260916T0033Z__native.pdf,Monetary Authority of Singapore Act 1970,,,,playwright,200,raw/sg/monetary_authority_of_singapore_act_1970/20260916T0033Z__native.pdf.headers.json,application/pdf,af6a568d2de8556ec4a9c737b7a53fbb4acfe857a4499bb3da3babaf2a251d90,300492,72,,,,corpus SG_corpus_2026-09-16: from SG_ws_2026-09-15,2024-04-01,,,Current
0.2.0,,sg-mboa1960-001,SG,https://sso.agc.gov.sg/Act/MBOA1960?ViewType=Pdf,2026-09-16T00:42:42Z,pdf_native,false,raw/sg/mutual_benefit_organisations_act_1960/20260916T0042Z__native.pdf,Mutual Benefit Organisations Act 1960,,,,requests,200,raw/sg/mutual_benefit_organisations_act_1960/20260916T0042Z__native.pdf.headers.json,application/pdf,dc10d530267b32ce22733e2e570fef6b05e72c29a025d4c438b07def5b23d861,193224,33,,,,corpus SG_corpus_2026-09-16: from SG_ws_2026-09-15,2024-10-11,,,Current
0.2.0,,sg-mca1911-001,SG,https://sso.agc.gov.sg/Act/MCA1911?ViewType=Pdf,2026-09-15T23:58:54Z,pdf_native,false,raw/sg/maritime_conventions_act_1911/20260915T2358Z__native.pdf,Maritime Conventions Act 1911,,,,requests,200,raw/sg/maritime_conventions_act_1911/20260915T2358Z__native.pdf.headers.json,application/pdf,8dc5342a57dac970d618c6609bd4eb9f4a346e2a197f6bf089db82bfd4a3484a,104211,10,,,,corpus SG_corpus_2026-09-16: from SG_ws_2026-09-15,2021-12-31,,,Current
0.2.0,,sg-mca1987-001,SG,https://sso.agc.gov.sg/Act/MCA1987?ViewType=Pdf,2026-09-16T00:27:27Z,pdf_native,false,raw/sg/minors_contracts_act_1987/20260916T0027Z__native.pdf,Minors’ Contracts Act 1987,,,,playwright,200,raw/sg/minors_contracts_act_1987/20260916T0027Z__native.pdf.headers.json,application/pdf,af5bd782b40e85b7138392f4d441b875258d1c6751c435dde700b1a567a04e95,93648,5,,,,corpus SG_corpus_2026-09-16: from SG_ws_2026-09-15,2021-10-11,,,Current
0.2.0,,sg-mda1973-001,SG,https://sso.agc.gov.sg/Act/MDA1973?ViewType=Pdf,2026-09-16T00:32:53Z,pdf_native,false,raw/sg/misuse_of_drugs_act_1973/20260916T0032Z__native.pdf,Misuse of Drugs Act 1973,,,,playwright,200,raw/sg/misuse_of_drugs_act_1973/20260916T0032Z__native.pdf.headers.json,application/pdf,5ca9d474fe08d227334e732baf4a4a65b6b60722e639f706ee99172a2b17e690,638537,196,,,,corpus SG_corpus_2026-09-16: from SG_ws_2026-09-15,2026-05-29,,,Current
0.2.0,,sg-melbo1908-001,SG,https://sso.agc.gov.sg/Act/MELBO1908?ViewType=Pdf,2026-09-16T00:21:48Z,pdf_native,false,raw/sg/methodist_episcopal_location_board_ordinance_1908/20260916T0021Z__native.pdf,Methodist Episcopal Location Board Ordinance 1908,,,,requests,200,raw/sg/methodist_episcopal_location_board_ordinance_1908/20260916T0021Z__native.pdf.headers.json,application/pdf,7a835a8d99ec7f9a7d7dbcfd628bd303c08136fde63a9955043a4a9a042ffd93,137126,27,,,,corpus SG_corpus_2026-09-16: from SG_ws_2026-09-15,2021-12-31,,,Current
0.2.0,,sg-mfa1959-001,SG,https://sso.agc.gov.sg/Act/MFIA1959?ViewType=Pdf,2026-09-16T00:25:53Z,pdf_native,false,raw/sg/minister_for_finance_incorporation_act_1959/20260916T0025Z__native.pdf,Minister for Finance (Incorporation) Act 1959,,,,requests,200,raw/sg/minister_for_finance_incorporation_act_1959/20260916T0025Z__native.pdf.headers.json,application/pdf,52c5c9f922d80292c39fc7405b083519dd235402f16e1e543a28ad3dde051525,187038,8,,,,corpus SG_corpus_2026-09-16: from SG_ws_2026-09-15,2021-12-31,,,Current
0.2.0,,sg-mia1906-001,SG,https://sso.agc.gov.sg/Act/MIA1906?ViewType=Pdf,2026-09-15T23:55:39Z,pdf_native,false,raw/sg/marine_insurance_act_1906/20260915T2355Z__native.pdf,Marine Insurance Act 1906,,,,requests,200,raw/sg/marine_insurance_act_1906/20260915T2355Z__native.pdf.headers.json,application/pdf,a9851f4b27a329232819e9ad55c534e4a02ad3bffb8e1a655a0e8181f4f4ec00,226476,43,,,,corpus SG_corpus_2026-09-16: from SG_ws_2026-09-15,2021-12-31,,,Current
0.2.0,,sg-mlaa-001,SG,https://sso.agc.gov.sg/Act/MLAA1856?ViewType=Pdf,2026-09-16T00:13:55Z,pdf_native,false,raw/sg/mercantile_law_amendment_act_1856/20260916T0013Z__native.pdf,Mercantile Law Amendment Act 1856,,,,requests,200,raw/sg/mercantile_law_amendment_act_1856/20260916T0013Z__native.pdf.headers.json,application/pdf,fe46a8a5e3d9ccb51b38bc28174db59c5eaffcb61d9a7c3d9cd28efbc1832e20,91369,5,,,,corpus SG_corpus_2026-09-16: from SG_ws_2026-09-15,2021-12-31,,,Current
0.2.0,,sg-mlmpsa1973-001,SG,https://sso.agc.gov.sg/Act/MLMPSPA1973?ViewType=Pdf,2026-09-16T00:37:04Z,pdf_native,false,raw/sg/multi_level_marketing_and_pyramid_selling_prohibition_act_1973/20260916T0037Z__native.pdf,Multi-Level Marketing and Pyramid Selling (Prohibition) Act 1973,,,,requests,200,raw/sg/multi_level_marketing_and_pyramid_selling_prohibition_act_1973/20260916T0037Z__native.pdf.headers.json,application/pdf,66bdb0453b76b662f076847100a1554d4f9de395996f8740e415fa99a8b48766,104868,10,,,,corpus SG_corpus_2026-09-16: from SG_ws_2026-09-15,2021-12-31,,,Current
0.2.0,,sg-mma1905-001,SG,https://sso.agc.gov.sg/Act/MMA1905?ViewType=Pdf,2026-09-16T00:24:29Z,pdf_native,false,raw/sg/military_manoeuvres_act_1905/20260916T0024Z__native.pdf,Military Manoeuvres Act 1905,,,,requests,200,raw/sg/military_manoeuvres_act_1905/20260916T0024Z__native.pdf.headers.json,application/pdf,f7b27c1da703a7db2adf7bf4c5a7042d63eb13062dfb131325b6ad0742796a27,243982,15,,,,corpus SG_corpus_2026-09-16: from SG_ws_2026-09-15,2022-09-05,,,Current
0.2.0,,sg-moa1906-001,SG,https://sso.agc.gov.sg/Act/MOPONA1906?ViewType=Pdf,2026-09-16T00:28:15Z,pdf_native,false,raw/sg/miscellaneous_offences_public_order_and_nuisance_act_1906/20260916T0028Z__native.pdf,Miscellaneous Offences (Public Order and Nuisance) Act 1906,,,,requests,200,raw/sg/miscellaneous_offences_public_order_and_nuisance_act_1906/20260916T0028Z__native.pdf.headers.json,application/pdf,e73963c5d39337d3cbad1d669cd15b79ef356010dd03b5adcd4286a03300f2b1,340503,73,,,,corpus SG_corpus_2026-09-16: from SG_ws_2026-09-15,2025-12-03,,,Current
0.2.0,,sg-moa1975-001,SG,https://sso.agc.gov.sg/Act/MOREA1975?ViewType=Pdf,2026-09-15T23:53:34Z,pdf_native,false,raw/sg/maintenance_orders_reciprocal_enforcement_act_1975/20260915T2353Z__native.pdf,Maintenance Orders (Reciprocal Enforcement) Act 1975,,,,requests,200,raw/sg/maintenance_orders_reciprocal_enforcement_act_1975/20260915T2353Z__native.pdf.headers.json,application/pdf,474d1b264dff44424e78fd6af68f1e02dc09818f43fd59f21b6d2dd010039e30,198480,30,,,,corpus SG_corpus_2026-09-16: from SG_ws_2026-09-15,2023-06-12,,,Current
0.2.0,,sg-mrha2025-001,SG,https://sso.agc.gov.sg/Act/MRHA2025?ViewType=Pdf,2026-09-15T23:50:58Z,pdf_native,false,raw/sg/maintenance_of_racial_harmony_act_2025/20260915T2350Z__native.pdf,Maintenance of Racial Harmony Act 2025,,,,requests,200,raw/sg/maintenance_of_racial_harmony_act_2025/20260915T2350Z__native.pdf.headers.json,application/pdf,c5844bc4eea01fff79ac22cd39c39f4d66c4225e6efbe4575ce77c324e046301,265663,66,,,,corpus SG_corpus_2026-09-16: from SG_ws_2026-09-15,,,,Current
0.2.0,,sg-mtrmg2021-001,SG,https://www.mas.gov.sg/-/media/MAS/Regulations-and-Financial-Stability/Regulatory-and-Supervisory-Framework/Risk-Management/TRM-Guidelines-18-January-2021.pdf,2026-09-15T16:42:54Z,pdf_native,false,raw/sg/mas_technology_risk_management_guidelines_2021/20260915T1642Z__native.pdf,MAS Technology Risk Management Guidelines (2021),,P7,P7-I2,requests,200,raw/sg/mas_technology_risk_management_guidelines_2021/20260915T1642Z__native.pdf.headers.json,application/pdf,2b8959e883bd66cb17286bdfc3e04fc181a6cd0ad786c99d4998c2d6c3e0efcb,592631,57,,,,corpus SG_corpus_2026-09-16: from SG_ws_2026-09-15,,,,
0.2.0,,sg-mtro-001,SG,https://sso.agc.gov.sg/Act/MEO1891?ViewType=Pdf,2026-09-16T00:30:48Z,pdf_native,false,raw/sg/missions_trang_res_ordinance_1891/20260916T0030Z__native.pdf,Missions Étrangères Ordinance 1891,,,,requests,200,raw/sg/missions_trang_res_ordinance_1891/20260916T0030Z__native.pdf.headers.json,application/pdf,88b82a8819584d5ac97c4ba6f50ea5bc1dab55108e89a98cb576df72a773d0d9,95109,7,,,,corpus SG_corpus_2026-09-16: from SG_ws_2026-09-15,2021-12-31,,,Current
0.2.0,,sg-mva1960-001,SG,https://sso.agc.gov.sg/Act/MVTPRCA1960?ViewType=Pdf,2026-09-16T00:35:54Z,pdf_native,false,raw/sg/motor_vehicles_third_party_risks_and_compensation_act_1960/20260916T0035Z__native.pdf,Motor Vehicles (Third-Party Risks and Compensation) Act 1960,,,,playwright,200,raw/sg/motor_vehicles_third_party_risks_and_compensation_act_1960/20260916T0035Z__native.pdf.headers.json,application/pdf,29494c5cdd82cde9748dcbf6a8759274e943383cdddfbeaf39dd71b2ad6bd88e,221959,41,,,,corpus SG_corpus_2026-09-16: from SG_ws_2026-09-15,2025-02-17,,,Current
0.2.0,,sg-nako1933-001,SG,https://sso.agc.gov.sg/Act/NAKIO1933?ViewType=Pdf,2026-09-16T01:04:46Z,pdf_native,false,raw/sg/ngee_ann_kongsi_incorporation_ordinance_1933/20260916T0104Z__native.pdf,Ngee Ann Kongsi (Incorporation) Ordinance 1933,,,,requests,200,raw/sg/ngee_ann_kongsi_incorporation_ordinance_1933/20260916T0104Z__native.pdf.headers.json,application/pdf,73ff6bef76e8a6689b775862b181d32014cc5472548f58c0f4f51f7f47f04a40,197885,43,,,,corpus SG_corpus_2026-09-16: from SG_ws_2026-09-15,2021-10-11,,,Current
0.2.0,,sg-napa1967-001,SG,https://sso.agc.gov.sg/Act/NAPA1967?ViewType=Pdf,2026-09-16T01:05:31Z,pdf_native,false,raw/sg/ngee_ann_polytechnic_act_1967/20260916T0105Z__native.pdf,Ngee Ann Polytechnic Act 1967,,,,requests,200,raw/sg/ngee_ann_polytechnic_act_1967/20260916T0105Z__native.pdf.headers.json,application/pdf,8f8d869d06a676eb961b4960ab9103b3d9a86aa6aa7f2e6fa116f776ac9b98aa,138549,19,,,,corpus SG_corpus_2026-09-16: from SG_ws_2026-09-15,2008-02-25,,,Current
0.2.0,,sg-ncca1972-001,SG,https://sso.agc.gov.sg/Act/NCCA1972?ViewType=Pdf,2026-09-16T00:47:09Z,pdf_native,false,raw/sg/national_cadet_corps_act_1972/20260916T0047Z__native.pdf,National Cadet Corps Act 1972,,,,requests,200,raw/sg/national_cadet_corps_act_1972/20260916T0047Z__native.pdf.headers.json,application/pdf,e95de562956cfbdb1b83726973ce7ae0f26fa212af790a2e4828c6fd89be5154,151304,15,,,,corpus SG_corpus_2026-09-16: from SG_ws_2026-09-15,2023-10-30,,,Current
0.2.0,,sg-npa1959-001,SG,https://sso.agc.gov.sg/Act/NPA1959?ViewType=Pdf,2026-09-16T01:06:57Z,pdf_native,false,raw/sg/notaries_public_act_1959/20260916T0106Z__native.pdf,Notaries Public Act 1959,,,,requests,200,raw/sg/notaries_public_act_1959/20260916T0106Z__native.pdf.headers.json,application/pdf,02f6091112a320dcdc470ceccdee875b99f4140781881b7132681a07ffe798dd,145834,9,,,,corpus SG_corpus_2026-09-16: from SG_ws_2026-09-15,2021-12-31,,,Current
0.2.0,,sg-nppa1974-001,SG,https://sso.agc.gov.sg/Act/NPPA1974?ViewType=Pdf,2026-09-16T01:03:40Z,pdf_native,false,raw/sg/newspaper_and_printing_presses_act_1974/20260916T0103Z__native.pdf,Newspaper and Printing Presses Act 1974,,,,playwright,200,raw/sg/newspaper_and_printing_presses_act_1974/20260916T0103Z__native.pdf.headers.json,application/pdf,b48470a56da1f75738648c8054712a371f80ca47ab2d2e86504cfc8220110f42,249694,44,,,,corpus SG_corpus_2026-09-16: from SG_ws_2026-09-15,2022-10-28,,,Current
0.2.0,,sg-nra1965-001,SG,https://sso.agc.gov.sg/Act/NRA1965?ViewType=Pdf,2026-09-16T00:54:55Z,pdf_native,false,raw/sg/national_registration_act_1965/20260916T0054Z__native.pdf,National Registration Act 1965,,,,requests,200,raw/sg/national_registration_act_1965/20260916T0054Z__native.pdf.headers.json,application/pdf,3cb8837b594bb4dd53a20b50e1400ec43c02c173e701758be683f81a1a831421,193887,32,,,,corpus SG_corpus_2026-09-16: from SG_ws_2026-09-15,2024-05-27,,,Current
0.2.0,,sg-nsa1970-001,SG,https://sso.agc.gov.sg/Act/NSEA1970?ViewType=Pdf,2026-09-16T00:58:36Z,pdf_native,false,raw/sg/national_servicemen_employment_act_1970/20260916T0058Z__native.pdf,National Servicemen (Employment) Act 1970,,,,requests,200,raw/sg/national_servicemen_employment_act_1970/20260916T0058Z__native.pdf.headers.json,application/pdf,467771bf72a441e21480ae803b2f048d3f55ba8db95d696038d43767bed1fa7e,101458,9,,,,corpus SG_corpus_2026-09-16: from SG_ws_2026-09-15,2021-12-31,,,Current
0.2.0,,sg-osa1935-001,SG,https://sso.agc.gov.sg/Act/OSA1935?ViewType=Pdf,2026-09-16T01:10:22Z,pdf_native,false,raw/sg/official_secrets_act_1935/20260916T0110Z__native.pdf,Official Secrets Act 1935,,,,requests,200,raw/sg/official_secrets_act_1935/20260916T0110Z__native.pdf.headers.json,application/pdf,50a456f4cbf6fc6528cd893da17f5e38fe401e402e6b778ae2cd5c171ed95325,190601,29,,,,corpus SG_corpus_2026-09-16: from SG_ws_2026-09-15,2026-06-05,,,Current
0.2.0,,sg-pa-001,SG,https://sso.agc.gov.sg/Act/PEOA1976?ViewType=Pdf,2026-09-16T01:37:07Z,pdf_native,false,raw/sg/pensions_expatriate_officers_act/20260916T0137Z__native.pdf,Pensions (Expatriate Officers) Act,,,,requests,200,raw/sg/pensions_expatriate_officers_act/20260916T0137Z__native.pdf.headers.json,application/pdf,74794f34ce7d91d265b243cb0c9b6f42eace6c99e205a75d75675f18eac6dbf6,89221,4,,,,corpus SG_corpus_2026-09-16: from SG_ws_2026-09-15; flags short_principal,1987-03-30,,,Current
0.2.0,,sg-pa1933-001,SG,https://sso.agc.gov.sg/Act/PA1933?ViewType=Pdf,2026-09-16T02:04:31Z,pdf_native,false,raw/sg/prisons_act_1933/20260916T0204Z__native.pdf,Prisons Act 1933,,,,requests,200,raw/sg/prisons_act_1933/20260916T0204Z__native.pdf.headers.json,application/pdf,6fa97af79bf03e3e3af5e06d6508d974db73221c9a10d3cc27cd3c9d97601f52,587098,166,,,,corpus SG_corpus_2026-09-16: from SG_ws_2026-09-15,2026-08-14,,,Current
0.2.0,,sg-pa1938-001,SG,https://sso.agc.gov.sg/Act/PA1938?ViewType=Pdf,2026-09-16T06:00:06Z,pdf_native,false,raw/sg/poisons_act_1938/20260916T0600Z__native.pdf,Poisons Act 1938,,,,requests,200,raw/sg/poisons_act_1938/20260916T0600Z__native.pdf.headers.json,application/pdf,491b62c02312793af0df068ca20ffa483e5e9c8242f253940b7a233c64e20d20,280615,96,,,,corpus SG_corpus_2026-09-16: from SG_ws_2026-09-15,2026-03-30,,,Current
0.2.0,,sg-pa1956-001,SG,https://sso.agc.gov.sg/Act/PA1956?ViewType=Pdf,2026-09-16T05:49:31Z,pdf_native,false,raw/sg/pensions_act_1956/20260916T0549Z__native.pdf,Pensions Act 1956,,,,requests,200,raw/sg/pensions_act_1956/20260916T0549Z__native.pdf.headers.json,application/pdf,eb89be78aba551c4b15db610d2445cb1bbc2c197b99d7f9a7cb47c3503060987,516239,68,,,,corpus SG_corpus_2026-09-16: from SG_ws_2026-09-15,2021-11-18,,,Current
0.2.0,,sg-pa1962-001,SG,https://sso.agc.gov.sg/Act/PPIPA1962?ViewType=Pdf,2026-09-16T01:20:30Z,pdf_native,false,raw/sg/parliament_privileges_immunities_and_powers_act_1962/20260916T0120Z__native.pdf,"Parliament (Privileges, Immunities and Powers) Act 1962",,,,requests,200,raw/sg/parliament_privileges_immunities_and_powers_act_1962/20260916T0120Z__native.pdf.headers.json,application/pdf,772d817d74a416eba6388a52586392805d86bed93ebfa9a7b009d20f11e3b907,213507,34,,,,corpus SG_corpus_2026-09-16: from SG_ws_2026-09-15,2025-02-11,,,Current
0.2.0,,sg-pa8b75-001,SG,https://sso.agc.gov.sg/Act/PA1890?ViewType=Pdf,2026-09-16T04:42:17Z,pdf_native,false,raw/sg/partnership_act_1890/20260916T0442Z__native.pdf,Partnership Act 1890,,,,playwright,200,raw/sg/partnership_act_1890/20260916T0442Z__native.pdf.headers.json,application/pdf,1bcd87e1677094945f9fc3e90eca2a8783228faf0f5e467114e12b8771f0969f,148518,22,,,,corpus SG_corpus_2026-09-16: from SG_ws_2026-09-15,2021-10-11,,,Current
0.2.0,,sg-paa-001,SG,https://sso.agc.gov.sg/Act/PAA1867?ViewType=Pdf,2026-09-16T06:01:16Z,pdf_native,false,raw/sg/policies_of_assurance_act_1867/20260916T0601Z__native.pdf,Policies of Assurance Act 1867,,,,requests,200,raw/sg/policies_of_assurance_act_1867/20260916T0601Z__native.pdf.headers.json,application/pdf,aaad5be6beaf3dc04309b5854e04e1ab1cf9973bf5e5c00a91ba867ef973b580,96462,6,,,,corpus SG_corpus_2026-09-16: from SG_ws_2026-09-15,2021-12-31,,,Current
0.2.0,,sg-paa1934-001,SG,https://sso.agc.gov.sg/Act/PAA1934?ViewType=Pdf,2026-09-16T06:08:23Z,pdf_native,false,raw/sg/probate_and_administration_act_1934/20260916T0608Z__native.pdf,Probate and Administration Act 1934,,,,playwright,200,raw/sg/probate_and_administration_act_1934/20260916T0608Z__native.pdf.headers.json,application/pdf,885046361e9746d753e76c0d2b0753dd47026eddff08e8f221eef25ea3767862,224398,44,,,,corpus SG_corpus_2026-09-16: from SG_ws_2026-09-15,2023-06-12,,,Current
0.2.0,,sg-pc-001,SG,https://sso.agc.gov.sg/Act/PC1871?ViewType=Pdf,2026-09-16T04:45:35Z,pdf_native,false,raw/sg/penal_code_1871/20260916T0445Z__native.pdf,Penal Code 1871,,,,playwright,200,raw/sg/penal_code_1871/20260916T0445Z__native.pdf.headers.json,application/pdf,9748071729b0a412ccb194c99782405ef60a4b2ac1afc7dbcb7908d684ad5ffa,1137614,320,,,,corpus SG_corpus_2026-09-16: from SG_ws_2026-09-15,2025-03-05,,,Current
0.2.0,,sg-pca1950-001,SG,https://sso.agc.gov.sg/Act/PCA1950?ViewType=Pdf,2026-09-16T02:03:11Z,pdf_native,false,raw/sg/price_control_act_1950/20260916T0203Z__native.pdf,Price Control Act 1950,,,,requests,200,raw/sg/price_control_act_1950/20260916T0203Z__native.pdf.headers.json,application/pdf,db97294df5ba881c1df2f8188c3930705336c984bc40d2b33145e39450c571b8,122434,17,,,,corpus SG_corpus_2026-09-16: from SG_ws_2026-09-15,2021-12-31,,,Current
0.2.0,,sg-pca1960-001,SG,https://sso.agc.gov.sg/Act/PCA1960?ViewType=Pdf,2026-09-16T06:05:43Z,pdf_native,false,raw/sg/prevention_of_corruption_act_1960/20260916T0605Z__native.pdf,Prevention of Corruption Act 1960,,,,playwright,200,raw/sg/prevention_of_corruption_act_1960/20260916T0605Z__native.pdf.headers.json,application/pdf,ffb2208873faf099c3ee62a9cd4fab164591eca696755d2ae92640a2d9e78070,263969,37,,,,corpus SG_corpus_2026-09-16: from SG_ws_2026-09-15,2021-12-31,,,Current
0.2.0,,sg-pcemo1903-001,SG,https://sso.agc.gov.sg/Act/PCEMO1903?ViewType=Pdf,2026-09-16T01:56:01Z,pdf_native,false,raw/sg/presbyterian_church_of_england_mission_ordinance_1903/20260916T0156Z__native.pdf,Presbyterian Church of England Mission Ordinance 1903,,,,requests,200,raw/sg/presbyterian_church_of_england_mission_ordinance_1903/20260916T0156Z__native.pdf.headers.json,application/pdf,de797f21b5f8c567adf8cf89221e66c469dddf4a8401705f6fda678a1866a81d,103913,10,,,,corpus SG_corpus_2026-09-16: from SG_ws_2026-09-15,2021-12-31,,,Current
0.2.0,,sg-pco-001,SG,https://sso.agc.gov.sg/Act/PCO1876?ViewType=Pdf,2026-09-16T01:56:47Z,pdf_native,false,raw/sg/presbyterian_church_ordinance_1876/20260916T0156Z__native.pdf,Presbyterian Church Ordinance 1876,,,,requests,200,raw/sg/presbyterian_church_ordinance_1876/20260916T0156Z__native.pdf.headers.json,application/pdf,cd0bddbc9e31f7fea1cc0c2793b92ecfdd7b27de512745610d1f4623f43b8b3b,95213,8,,,,corpus SG_corpus_2026-09-16: from SG_ws_2026-09-15,2021-12-31,,,Current
0.2.0,,sg-pea1954-001,SG,https://sso.agc.gov.sg/Act/PEA1954?ViewType=Pdf,2026-09-16T01:21:37Z,pdf_native,false,raw/sg/parliamentary_elections_act_1954/20260916T0121Z__native.pdf,Parliamentary Elections Act 1954,,,,requests,200,raw/sg/parliamentary_elections_act_1954/20260916T0121Z__native.pdf.headers.json,application/pdf,e78812c63d6bec07a698e164fc97524f6c51bfe8a49d827d6ce913bd7d8f389d,1176272,283,,,,corpus SG_corpus_2026-09-16: from SG_ws_2026-09-15,2025-03-27,,,Current
0.2.0,,sg-pea1958-001,SG,https://sso.agc.gov.sg/Act/PEA1958?ViewType=Pdf,2026-09-16T02:18:41Z,pdf_native,false,raw/sg/public_entertainments_act_1958/20260916T0218Z__native.pdf,Public Entertainments Act 1958,,,,requests,200,raw/sg/public_entertainments_act_1958/20260916T0218Z__native.pdf.headers.json,application/pdf,855b964d1521c816329a53ea000d18be658ac8efaa34d8f6a0817b21c9b7c462,256329,50,,,,corpus SG_corpus_2026-09-16: from SG_ws_2026-09-15,2026-04-29,,,Current
0.2.0,,sg-pmo1910-001,SG,https://sso.agc.gov.sg/Act/PMO1910?ViewType=Pdf,2026-09-16T01:52:19Z,pdf_native,false,raw/sg/portuguese_missions_ordinance_1910/20260916T0152Z__native.pdf,Portuguese Missions Ordinance 1910,,,,requests,200,raw/sg/portuguese_missions_ordinance_1910/20260916T0152Z__native.pdf.headers.json,application/pdf,53b966c10a053f61672b308ab0fcd60622db7ad3cc88e5cce17cc58c77293e24,123873,16,,,,corpus SG_corpus_2026-09-16: from SG_ws_2026-09-15,2021-10-11,,,Current
0.2.0,,sg-poa1951-001,SG,https://sso.agc.gov.sg/Act/POA1951?ViewType=Pdf,2026-09-16T06:09:50Z,pdf_native,false,raw/sg/probation_of_offenders_act_1951/20260916T0609Z__native.pdf,Probation of Offenders Act 1951,,,,playwright,200,raw/sg/probation_of_offenders_act_1951/20260916T0609Z__native.pdf.headers.json,application/pdf,59bedb925f31c09a2fa4e28cbaadce8c7fafd0a908be1d68adbf040598d289d8,149466,21,,,,corpus SG_corpus_2026-09-16: from SG_ws_2026-09-15,2019-10-01,,,Current
0.2.0,,sg-ppa1974-001,SG,https://sso.agc.gov.sg/Act/PPA1974?ViewType=Pdf,2026-09-16T01:18:00Z,pdf_native,false,raw/sg/parking_places_act_1974/20260916T0118Z__native.pdf,Parking Places Act 1974,,,,requests,200,raw/sg/parking_places_act_1974/20260916T0118Z__native.pdf.headers.json,application/pdf,0a5eaaaf1a960f97a1aac7a7e31c22a46af4838c7710baed9b6d301382bd0c66,241686,49,,,,corpus SG_corpus_2026-09-16: from SG_ws_2026-09-15,2021-12-31,,,Current
0.2.0,,sg-ppa1975-001,SG,https://sso.agc.gov.sg/Act/PPSA1975?ViewType=Pdf,2026-09-16T01:16:38Z,pdf_native,false,raw/sg/parking_places_surcharge_act_1975/20260916T0116Z__native.pdf,Parking Places (Surcharge) Act 1975,,,,requests,200,raw/sg/parking_places_surcharge_act_1975/20260916T0116Z__native.pdf.headers.json,application/pdf,fdeea60fe804cf84dcb2f390011a35e20b3f562c2580100ad129072d796061d0,95612,7,,,,corpus SG_corpus_2026-09-16: from SG_ws_2026-09-15,2021-12-31,,,Current
0.2.0,,sg-ppa1978-001,SG,https://sso.agc.gov.sg/Act/PPA1978?ViewType=Pdf,2026-09-16T05:48:27Z,pdf_native,false,raw/sg/parliamentary_pensions_act_1978/20260916T0548Z__native.pdf,Parliamentary Pensions Act 1978,,,,requests,200,raw/sg/parliamentary_pensions_act_1978/20260916T0548Z__native.pdf.headers.json,application/pdf,fe3a2b0ac2236d0add6da479b209043032629ac2867b6225381b657310961ca8,180319,22,,,,corpus SG_corpus_2026-09-16: from SG_ws_2026-09-15,2021-12-31,,,Current
0.2.0,,sg-psa1956-001,SG,https://sso.agc.gov.sg/Act/PSSCA1956?ViewType=Pdf,2026-09-16T06:15:52Z,pdf_native,false,raw/sg/public_service_service_commissions_act_1956/20260916T0615Z__native.pdf,Public Service (Service Commissions) Act 1956,,,,requests,200,raw/sg/public_service_service_commissions_act_1956/20260916T0615Z__native.pdf.headers.json,application/pdf,433824ce1a9eab70ddb27cb0578f45e8a05ea0e9eeb6f5a4c334deb8ea1f5224,162255,8,,,,corpus SG_corpus_2026-09-16: from SG_ws_2026-09-15,2021-11-18,,,Current
0.2.0,,sg-psaa1960-001,SG,https://sso.agc.gov.sg/Act/PAA1960?ViewType=Pdf,2026-09-16T05:50:48Z,pdf_native,false,raw/sg/people_s_association_act_1960/20260916T0550Z__native.pdf,People’s Association Act 1960,,,,requests,200,raw/sg/people_s_association_act_1960/20260916T0550Z__native.pdf.headers.json,application/pdf,798bacc3b1bf3d65e8e4b9c6ad9bf2759b8c5a7b930b340c73ce9c2913b979ea,165888,24,,,,corpus SG_corpus_2026-09-16: from SG_ws_2026-09-15,2025-04-11,,,Current
0.2.0,,sg-pta1915-001,SG,https://sso.agc.gov.sg/Act/PTA1915?ViewType=Pdf,2026-09-16T02:27:42Z,pdf_native,false,raw/sg/public_trustee_act_1915/20260916T0227Z__native.pdf,Public Trustee Act 1915,,,,requests,200,raw/sg/public_trustee_act_1915/20260916T0227Z__native.pdf.headers.json,application/pdf,df304921f5a6c95b775c812423e5604756362e83f0c6bd1d9fffa5f10fb872c4,166151,34,,,,corpus SG_corpus_2026-09-16: from SG_ws_2026-09-15,2022-10-28,,,Current
0.2.0,,sg-pta1960-001,SG,https://sso.agc.gov.sg/Act/PTA1960?ViewType=Pdf,2026-09-16T06:12:40Z,pdf_native,false,raw/sg/property_tax_act_1960/20260916T0612Z__native.pdf,Property Tax Act 1960,,,,requests,200,raw/sg/property_tax_act_1960/20260916T0612Z__native.pdf.headers.json,application/pdf,5821133bdeb563cc9cdd7decbba9a2d1ab954679be8b8b31bde292a3606be72d,339626,79,,,,corpus SG_corpus_2026-09-16: from SG_ws_2026-09-15,2024-02-21,,,Current
0.2.0,,sg-pta1965-001,SG,https://sso.agc.gov.sg/Act/PTA1965?ViewType=Pdf,2026-09-16T04:44:32Z,pdf_native,false,raw/sg/payroll_tax_act_1965/20260916T0444Z__native.pdf,Payroll Tax Act 1965,,,,playwright,200,raw/sg/payroll_tax_act_1965/20260916T0444Z__native.pdf.headers.json,application/pdf,33f39d5ab173849e3d283d1c1d215243997fed9ced6a7d920120717e3f51bbd0,127757,12,,,,corpus SG_corpus_2026-09-16: from SG_ws_2026-09-15,2025-02-11,,,Current
0.2.0,,sg-ra1905-001,SG,https://sso.agc.gov.sg/Act/RA1905?ViewType=Pdf,2026-09-16T02:31:34Z,pdf_native,false,raw/sg/railways_act_1905/20260916T0231Z__native.pdf,Railways Act 1905,,,,requests,200,raw/sg/railways_act_1905/20260916T0231Z__native.pdf.headers.json,application/pdf,f2c097b38f1385c29a447f64904bc73894991239e863237a4a6eb43e59043722,316355,65,,,,corpus SG_corpus_2026-09-16: from SG_ws_2026-09-15,2025-12-03,,,Current
0.2.0,,sg-rca1949-001,SG,https://sso.agc.gov.sg/Act/RCA1949?ViewType=Pdf,2026-09-16T02:40:17Z,pdf_native,false,raw/sg/registration_of_criminals_act_1949/20260916T0240Z__native.pdf,Registration of Criminals Act 1949,,,,requests,200,raw/sg/registration_of_criminals_act_1949/20260916T0240Z__native.pdf.headers.json,application/pdf,b0871c1612bd5d4f3950c5d395196e069820c4472661f435d2acda17f855f9a1,359481,95,,,,corpus SG_corpus_2026-09-16: from SG_ws_2026-09-15,2026-09-14,,,Current
0.2.0,,sg-rcaa1975-001,SG,https://sso.agc.gov.sg/Act/RCAA1975?ViewType=Pdf,2026-09-16T02:55:05Z,pdf_native,false,raw/sg/roman_catholic_archbishop_act_1975/20260916T0255Z__native.pdf,Roman Catholic Archbishop Act 1975,,,,requests,200,raw/sg/roman_catholic_archbishop_act_1975/20260916T0255Z__native.pdf.headers.json,application/pdf,bcfc154df4a63d47e87189a4854756e3638de69bfef3a9fd3c9c3fab1bf2d07a,205801,10,,,,corpus SG_corpus_2026-09-16: from SG_ws_2026-09-15,2021-12-31,,,Current
0.2.0,,sg-refja1959-001,SG,https://sso.agc.gov.sg/Act/REFJA1959?ViewType=Pdf,2026-09-16T02:35:23Z,pdf_native,false,raw/sg/reciprocal_enforcement_of_foreign_judgments_act_1959/20260916T0235Z__native.pdf,Reciprocal Enforcement of Foreign Judgments Act 1959,,,,playwright,200,raw/sg/reciprocal_enforcement_of_foreign_judgments_act_1959/20260916T0235Z__native.pdf.headers.json,application/pdf,c36bbeb88fa5fa23b95e087ae98d2c3f90ae9447d0c3844a31d20e77da0655d4,136355,22,,,,corpus SG_corpus_2026-09-16: from SG_ws_2026-09-15,2019-10-01,,,Current
0.2.0,,sg-rela1983-001,SG,https://sso.agc.gov.sg/Act/RELA1983?ViewType=Pdf,2026-09-16T02:51:57Z,pdf_native,false,raw/sg/revised_edition_of_the_laws_act_1983/20260916T0251Z__native.pdf,Revised Edition of the Laws Act 1983,,,,requests,200,raw/sg/revised_edition_of_the_laws_act_1983/20260916T0251Z__native.pdf.headers.json,application/pdf,81ec428414321926fccbbfabe17b1c10ee44c03336fca57a2fc96381e36ddb61,160413,24,,,,corpus SG_corpus_2026-09-16: from SG_ws_2026-09-15,2025-02-11,,,Current
0.2.0,,sg-rfo1948-001,SG,https://sso.agc.gov.sg/Act/RFO1948?ViewType=Pdf,2026-09-16T02:35:56Z,pdf_native,false,raw/sg/redemptorist_fathers_ordinance_1948/20260916T0235Z__native.pdf,Redemptorist Fathers Ordinance 1948,,,,requests,200,raw/sg/redemptorist_fathers_ordinance_1948/20260916T0235Z__native.pdf.headers.json,application/pdf,03bad4c38f21d543bdbcb52160e2c6167cc13a9c684b29010d52d4bdccd7d0f4,94036,7,,,,corpus SG_corpus_2026-09-16: from SG_ws_2026-09-15,2021-12-31,,,Current
0.2.0,,sg-rpa1976-001,SG,https://sso.agc.gov.sg/Act/RPA1976?ViewType=Pdf,2026-09-16T02:48:50Z,pdf_native,false,raw/sg/residential_property_act_1976/20260916T0248Z__native.pdf,Residential Property Act 1976,,,,playwright,200,raw/sg/residential_property_act_1976/20260916T0248Z__native.pdf.headers.json,application/pdf,ba2e64bb843d0ff36037e3913d57099c8c80eb7fd89aa0674f9c0fa38a7fd62c,356055,101,,,,corpus SG_corpus_2026-09-16: from SG_ws_2026-09-15,2021-10-11,,,Current
0.2.0,,sg-rsia1965-001,SG,https://sso.agc.gov.sg/Act/RSIA1965?ViewType=Pdf,2026-09-16T02:43:19Z,pdf_native,false,raw/sg/republic_of_singapore_independence_act_1965/20260916T0243Z__native.pdf,Republic of Singapore Independence Act 1965,,,,requests,200,raw/sg/republic_of_singapore_independence_act_1965/20260916T0243Z__native.pdf.headers.json,application/pdf,d463fb7e03cc5ca646517a046daffc91d59843d8a5c4fab218c715241c89763f,112516,14,,,,corpus SG_corpus_2026-09-16: from SG_ws_2026-09-15,2021-12-31,,,Current
0.2.0,,sg-rta1961-001,SG,https://sso.agc.gov.sg/Act/RTA1961?ViewType=Pdf,2026-09-16T02:52:25Z,pdf_native,false,raw/sg/road_traffic_act_1961/20260916T0252Z__native.pdf,Road Traffic Act 1961,,,,requests,200,raw/sg/road_traffic_act_1961/20260916T0252Z__native.pdf.headers.json,application/pdf,4821ff3a9b89e23dc090342afd8a6a267a34eff7e01516439c2b3e64dc9260f6,1042236,295,,,,corpus SG_corpus_2026-09-16: from SG_ws_2026-09-15,2025-12-03,,,Current
0.2.0,,sg-rva1960-001,SG,https://sso.agc.gov.sg/Act/RVSPA1960?ViewType=Pdf,2026-09-16T02:53:54Z,pdf_native,false,raw/sg/road_vehicles_special_powers_act_1960/20260916T0253Z__native.pdf,Road Vehicles (Special Powers) Act 1960,,,,requests,200,raw/sg/road_vehicles_special_powers_act_1960/20260916T0253Z__native.pdf.headers.json,application/pdf,21b28064433899373bf49247d74c1751ff3dba399ee89a1c43b16ae8a366ff62,122790,13,,,,corpus SG_corpus_2026-09-16: from SG_ws_2026-09-15,2026-02-24,,,Current
0.2.0,,sg-sa1966-001,SG,https://sso.agc.gov.sg/Act/SA1966?ViewType=Pdf,2026-09-16T07:47:44Z,pdf_native,false,raw/sg/societies_act_1966/20260916T0747Z__native.pdf,Societies Act 1966,,,,requests,200,raw/sg/societies_act_1966/20260916T0747Z__native.pdf.headers.json,application/pdf,51be56c6f477123a563bfe55b27cbe0833e26200eb673672978404c07be26bca,254688,50,,,,corpus SG_corpus_2026-09-16: from SG_ws_2026-09-15,2024-10-11,,,Current
0.2.0,,sg-sa1973-001,SG,https://sso.agc.gov.sg/Act/SA1973?ViewType=Pdf,2026-09-16T07:59:07Z,pdf_native,false,raw/sg/statistics_act_1973/20260916T0759Z__native.pdf,Statistics Act 1973,,,,requests,200,raw/sg/statistics_act_1973/20260916T0759Z__native.pdf.headers.json,application/pdf,e515cb593fa41d546688151beec8ad0dd552bd48eaad2cee90de27b3197b239c,154900,21,,,,corpus SG_corpus_2026-09-16: from SG_ws_2026-09-15,2026-06-30,,,Current
0.2.0,,sg-safa1972-001,SG,https://sso.agc.gov.sg/Act/SAFA1972?ViewType=Pdf,2026-09-16T03:24:14Z,pdf_native,false,raw/sg/singapore_armed_forces_act_1972/20260916T0324Z__native.pdf,Singapore Armed Forces Act 1972,,,,requests,200,raw/sg/singapore_armed_forces_act_1972/20260916T0324Z__native.pdf.headers.json,application/pdf,0fdc11aa364da3eefcc6fb2529dc0ef22a7b729ca82f296da3cde9cbd9dc5d78,694279,185,,,,corpus SG_corpus_2026-09-16: from SG_ws_2026-09-15,2026-03-30,,,Current
0.2.0,,sg-sao1939-001,SG,https://sso.agc.gov.sg/Act/SAO1939?ViewType=Pdf,2026-09-16T03:03:45Z,pdf_native,false,raw/sg/salvation_army_ordinance_1939/20260916T0303Z__native.pdf,Salvation Army Ordinance 1939,,,,requests,200,raw/sg/salvation_army_ordinance_1939/20260916T0303Z__native.pdf.headers.json,application/pdf,b12bf0b443de5553cb8e61254b83873c38cbb24c1c577f2ab126658fdb236d43,102179,8,,,,corpus SG_corpus_2026-09-16: from SG_ws_2026-09-15,2021-10-11,,,Current
0.2.0,,sg-sasmho1934-001,SG,https://sso.agc.gov.sg/Act/SAMHO1934?ViewType=Pdf,2026-09-16T02:58:23Z,pdf_native,false,raw/sg/saint_andrew_s_mission_hospital_ordinance_1934/20260916T0258Z__native.pdf,Saint Andrew’s Mission Hospital Ordinance 1934,,,,requests,200,raw/sg/saint_andrew_s_mission_hospital_ordinance_1934/20260916T0258Z__native.pdf.headers.json,application/pdf,7c29fdb80832506997a345e9640bb5a214d195fac0b0f21733101f01d4d7bcf1,183209,29,,,,corpus SG_corpus_2026-09-16: from SG_ws_2026-09-15,2021-12-31,,,Current
0.2.0,,sg-sba1968-001,SG,https://sso.agc.gov.sg/Act/SBTSA1968?ViewType=Pdf,2026-09-16T08:01:25Z,pdf_native,false,raw/sg/statutory_boards_taxable_services_act_1968/20260916T0801Z__native.pdf,Statutory Boards (Taxable Services) Act 1968,,,,requests,200,raw/sg/statutory_boards_taxable_services_act_1968/20260916T0801Z__native.pdf.headers.json,application/pdf,29a1f9dbbb4ac9948d1513926c9be40ddaff5cb5ccb026719960c0d35216118e,109806,8,,,,corpus SG_corpus_2026-09-16: from SG_ws_2026-09-15,2008-02-25,,,Current
0.2.0,,sg-sbgca1983-001,SG,https://sso.agc.gov.sg/Act/SBGCPSA1983?ViewType=Pdf,2026-09-16T08:02:51Z,pdf_native,false,raw/sg/statutory_bodies_and_government_companies_protection_of_secrecy_act_1983/20260916T0802Z__native.pdf,Statutory Bodies and Government Companies (Protection of Secrecy) Act 1983,,,,requests,200,raw/sg/statutory_bodies_and_government_companies_protection_of_secrecy_act_1983/20260916T0802Z__native.pdf.headers.json,application/pdf,d0e6567b011c5617ec1fc7bec50943236efd265e03f816aed4df124c0cb818a0,124447,16,,,,corpus SG_corpus_2026-09-16: from SG_ws_2026-09-15,2026-06-05,,,Current
0.2.0,,sg-sca1970-001,SG,https://sso.agc.gov.sg/Act/ScCA1970?ViewType=Pdf,2026-09-16T03:08:19Z,pdf_native,false,raw/sg/science_centre_act_1970/20260916T0308Z__native.pdf,Science Centre Act 1970,,,,requests,200,raw/sg/science_centre_act_1970/20260916T0308Z__native.pdf.headers.json,application/pdf,a0d021389b2769226217eb6cb99c8908545eb2fdb6108c106e94fd4f64082bfb,159192,15,,,,corpus SG_corpus_2026-09-16: from SG_ws_2026-09-15,2021-12-31,,,Current
0.2.0,,sg-sca1970b99a-001,SG,https://sso.agc.gov.sg/Act/SCA1970?ViewType=Pdf,2026-09-16T07:53:13Z,pdf_native,false,raw/sg/state_courts_act_1970/20260916T0753Z__native.pdf,State Courts Act 1970,,,,requests,200,raw/sg/state_courts_act_1970/20260916T0753Z__native.pdf.headers.json,application/pdf,6364d0890f491f516b71915d91de33b13597a4546f8684aec3ad029d95660851,313860,71,,,,corpus SG_corpus_2026-09-16: from SG_ws_2026-09-15,2023-09-04,,,Current
0.2.0,,sg-scja1969-001,SG,https://sso.agc.gov.sg/Act/SCJA1969?ViewType=Pdf,2026-09-16T08:16:36Z,pdf_native,false,raw/sg/supreme_court_of_judicature_act_1969/20260916T0816Z__native.pdf,Supreme Court of Judicature Act 1969,,,,playwright,200,raw/sg/supreme_court_of_judicature_act_1969/20260916T0816Z__native.pdf.headers.json,application/pdf,b9202024d471d49b773ea9cbd4ee8be23bfebfb236068947808fd7e2e8b873f0,523619,136,,,,corpus SG_corpus_2026-09-16: from SG_ws_2026-09-15,2024-06-10,,,Current
0.2.0,,sg-scpa1979-001,SG,https://sso.agc.gov.sg/Act/SCPA1979?ViewType=Pdf,2026-09-16T02:59:02Z,pdf_native,false,raw/sg/sale_of_commercial_properties_act_1979/20260916T0259Z__native.pdf,Sale of Commercial Properties Act 1979,,,,requests,200,raw/sg/sale_of_commercial_properties_act_1979/20260916T0259Z__native.pdf.headers.json,application/pdf,0be152ca8495438ac10ce6e9835d6941d87ad07f16c20a871109b3a12ed67bba,161763,24,,,,corpus SG_corpus_2026-09-16: from SG_ws_2026-09-15,2025-04-15,,,Current
0.2.0,,sg-screa1975-001,SG,https://sso.agc.gov.sg/Act/SCREA1975?ViewType=Pdf,2026-09-16T07:27:37Z,pdf_native,false,raw/sg/singapore_corporation_of_rehabilitative_enterprises_act_1975/20260916T0727Z__native.pdf,Singapore Corporation of Rehabilitative Enterprises Act 1975,,,,requests,200,raw/sg/singapore_corporation_of_rehabilitative_enterprises_act_1975/20260916T0727Z__native.pdf.headers.json,application/pdf,24a7bad4f5760a5791e06030e02aa7011b72b2316f1b9980153975a73a7ca522,154812,23,,,,corpus SG_corpus_2026-09-16: from SG_ws_2026-09-15,2024-05-27,,,Current
0.2.0,,sg-scta1984-001,SG,https://sso.agc.gov.sg/Act/SCTA1984?ViewType=Pdf,2026-09-16T07:43:43Z,pdf_native,false,raw/sg/small_claims_tribunals_act_1984/20260916T0743Z__native.pdf,Small Claims Tribunals Act 1984,,,,playwright,200,raw/sg/small_claims_tribunals_act_1984/20260916T0743Z__native.pdf.headers.json,application/pdf,cb32155fc0da46a248ecb698dd2886e57d7074d3b5c30335e3b3cdd2ce3392ea,195201,36,,,,corpus SG_corpus_2026-09-16: from SG_ws_2026-09-15,2020-05-11,,,Current
0.2.0,,sg-sda1929-001,SG,https://sso.agc.gov.sg/Act/SDA1929?ViewType=Pdf,2026-09-16T07:51:57Z,pdf_native,false,raw/sg/stamp_duties_act_1929/20260916T0751Z__native.pdf,Stamp Duties Act 1929,,,,requests,200,raw/sg/stamp_duties_act_1929/20260916T0751Z__native.pdf.headers.json,application/pdf,67085ca34ecc0dd6d979a33ec49f0836c0dbe4eee0e008b402cafbc36ced7fe5,897458,245,,,,corpus SG_corpus_2026-09-16: from SG_ws_2026-09-15,2020-05-11,,,Current
0.2.0,,sg-sdca1972-001,SG,https://sso.agc.gov.sg/Act/SDCA1972?ViewType=Pdf,2026-09-16T03:13:09Z,pdf_native,false,raw/sg/sentosa_development_corporation_act_1972/20260916T0313Z__native.pdf,Sentosa Development Corporation Act 1972,,,,requests,200,raw/sg/sentosa_development_corporation_act_1972/20260916T0313Z__native.pdf.headers.json,application/pdf,86c88914fe4bddbf7beeece4a6a668651c762f85f64941c90f55cdc1cc973021,176254,35,,,,corpus SG_corpus_2026-09-16: from SG_ws_2026-09-15,2022-10-28,,,Current
0.2.0,,sg-sdla1979-001,SG,https://sso.agc.gov.sg/Act/SDLA1979?ViewType=Pdf,2026-09-16T07:42:23Z,pdf_native,false,raw/sg/skills_development_levy_act_1979/20260916T0742Z__native.pdf,Skills Development Levy Act 1979,,,,playwright,200,raw/sg/skills_development_levy_act_1979/20260916T0742Z__native.pdf.headers.json,application/pdf,0043854fdfc7bbd9212fc8400cd1ddf77d4ac35bae26a6ebddedafe71d903b98,172062,28,,,,corpus SG_corpus_2026-09-16: from SG_ws_2026-09-15,2026-06-05,,,Current
0.2.0,,sg-sea1934-001,SG,https://sso.agc.gov.sg/Act/SEA1934?ViewType=Pdf,2026-09-16T03:15:33Z,pdf_native,false,raw/sg/settled_estates_act_1934/20260916T0315Z__native.pdf,Settled Estates Act 1934,,,,requests,200,raw/sg/settled_estates_act_1934/20260916T0315Z__native.pdf.headers.json,application/pdf,87a538a68b6edf5426cc9b806829895ce88358dd7e32b3a318e5bcfe646a5035,137577,17,,,,corpus SG_corpus_2026-09-16: from SG_ws_2026-09-15,2021-10-11,,,Current
0.2.0,,sg-sfa1973-001,SG,https://sso.agc.gov.sg/Act/SFA1973?ViewType=Pdf,2026-09-16T03:00:08Z,pdf_native,false,raw/sg/sale_of_food_act_1973/20260916T0300Z__native.pdf,Sale of Food Act 1973,,,,requests,200,raw/sg/sale_of_food_act_1973/20260916T0300Z__native.pdf.headers.json,application/pdf,753416ad92dcf0d6887ef30cb8601a3fafcc82b9afd33ec2712aef80b0a44dba,299720,70,,,,corpus SG_corpus_2026-09-16: from SG_ws_2026-09-15,2026-03-30,,,Current
0.2.0,,sg-sga1982-001,SG,https://sso.agc.gov.sg/Act/SGA1982?ViewType=Pdf,2026-09-16T08:15:21Z,pdf_native,false,raw/sg/supply_of_goods_act_1982/20260916T0815Z__native.pdf,Supply of Goods Act 1982,,,,playwright,200,raw/sg/supply_of_goods_act_1982/20260916T0815Z__native.pdf.headers.json,application/pdf,d661028e4dd430f7ccd2921995975feaf695c32048e0d06ed9ba7f2819a726be,123680,18,,,,corpus SG_corpus_2026-09-16: from SG_ws_2026-09-15,2021-12-31,,,Current
0.2.0,,sg-sgqa1970-001,SG,https://sso.agc.gov.sg/Act/SGQA1970?ViewType=Pdf,2026-09-16T03:04:58Z,pdf_native,false,raw/sg/sand_and_granite_quarries_act_1970/20260916T0304Z__native.pdf,Sand and Granite Quarries Act 1970,,,,requests,200,raw/sg/sand_and_granite_quarries_act_1970/20260916T0304Z__native.pdf.headers.json,application/pdf,243f95abfb9212628d45af67360ea963d2020c0ca8add75e2ba55c1cb0419636,151486,14,,,,corpus SG_corpus_2026-09-16: from SG_ws_2026-09-15,2025-02-11,,,Current
0.2.0,,sg-sho1904-001,SG,https://sso.agc.gov.sg/Act/SHO1904?ViewType=Pdf,2026-09-16T10:15:42Z,pdf_native,false,raw/sg/sultan_hussain_ordinance_1904/20260916T1015Z__native.pdf,Sultan Hussain Ordinance 1904,,,,playwright,200,raw/sg/sultan_hussain_ordinance_1904/20260916T1015Z__native.pdf.headers.json,application/pdf,da46611e9036d30be97eaf7d88dcba348492d85036650d9209c572f69b6537ee,195190,7,,,,corpus SG_corpus_2026-09-16: from SG_ws_2026-09-15,2021-12-31,,,Current
0.2.0,,sg-sia1979-001,SG,https://sso.agc.gov.sg/Act/SIA1979?ViewType=Pdf,2026-09-16T10:09:24Z,pdf_native,false,raw/sg/state_immunity_act_1979/20260916T1009Z__native.pdf,State Immunity Act 1979,,,,requests,200,raw/sg/state_immunity_act_1979/20260916T1009Z__native.pdf.headers.json,application/pdf,b6b67e895fb285e817cd777e190d1d2c0656322fe43d15591bd3f64ab0134e54,124982,16,,,,corpus SG_corpus_2026-09-16: from SG_ws_2026-09-15,2021-10-11,,,Current
0.2.0,,sg-sla1920-001,SG,https://sso.agc.gov.sg/Act/SLA1920?ViewType=Pdf,2026-09-16T10:10:51Z,pdf_native,false,raw/sg/state_lands_act_1920/20260916T1010Z__native.pdf,State Lands Act 1920,,,,requests,200,raw/sg/state_lands_act_1920/20260916T1010Z__native.pdf.headers.json,application/pdf,6217a3059a9075fb9fac444e86574daf526bbf1f16b2ff3509df12599f900c7a,239595,34,,,,corpus SG_corpus_2026-09-16: from SG_ws_2026-09-15,2021-12-31,,,Current
0.2.0,,sg-sla1963-001,SG,https://sso.agc.gov.sg/Act/SLA1963?ViewType=Pdf,2026-09-16T03:14:23Z,pdf_native,false,raw/sg/service_lands_act_1963/20260916T0314Z__native.pdf,Service Lands Act 1963,,,,requests,200,raw/sg/service_lands_act_1963/20260916T0314Z__native.pdf.headers.json,application/pdf,b698c01f1af92c5ce925cb6bb806e77048937f8dd75bb5a0f946fcca0ad59e54,87142,5,,,,corpus SG_corpus_2026-09-16: from SG_ws_2026-09-15,2021-12-31,,,Current
0.2.0,,sg-slfa1977-001,SG,https://sso.agc.gov.sg/Act/SLFA1977?ViewType=Pdf,2026-09-16T06:23:00Z,pdf_native,false,raw/sg/singapore_labour_foundation_act_1977/20260916T0623Z__native.pdf,Singapore Labour Foundation Act 1977,,,,requests,200,raw/sg/singapore_labour_foundation_act_1977/20260916T0623Z__native.pdf.headers.json,application/pdf,704174e2682b2b49b5b773f10afc32dd4f5d14eb45bb18d4729ee360b111457d,141081,19,,,,corpus SG_corpus_2026-09-16: from SG_ws_2026-09-15,2024-10-11,,,Current
0.2.0,,sg-smcdca1958-001,SG,https://sso.agc.gov.sg/Act/SMCDCA1958?ViewType=Pdf,2026-09-16T10:13:24Z,pdf_native,false,raw/sg/states_of_malaya_customs_duties_collection_act_1958/20260916T1013Z__native.pdf,States of Malaya Customs Duties Collection Act 1958,,,,playwright,200,raw/sg/states_of_malaya_customs_duties_collection_act_1958/20260916T1013Z__native.pdf.headers.json,application/pdf,8366f3acf11b4906ee871d3d9b837b536d253f189b76f48ae1d614746396f92d,252329,37,,,,corpus SG_corpus_2026-09-16: from SG_ws_2026-09-15,2021-12-31,,,Current
0.2.0,,sg-smo1938-001,SG,https://sso.agc.gov.sg/Act/SMO1938?ViewType=Pdf,2026-09-16T03:06:00Z,pdf_native,false,raw/sg/scheut_missions_ordinance_1938/20260916T0306Z__native.pdf,Scheut Missions Ordinance 1938,,,,requests,200,raw/sg/scheut_missions_ordinance_1938/20260916T0306Z__native.pdf.headers.json,application/pdf,4278cfc6129f07ecaaaa69a6d93487696c4fed098a711c7caab315fac2abbaa6,104625,10,,,,corpus SG_corpus_2026-09-16: from SG_ws_2026-09-15,2021-12-31,,,Current
0.2.0,,sg-spa1954-001,SG,https://sso.agc.gov.sg/Act/SPA1954?ViewType=Pdf,2026-09-16T06:26:47Z,pdf_native,false,raw/sg/singapore_polytechnic_act_1954/20260916T0626Z__native.pdf,Singapore Polytechnic Act 1954,,,,requests,200,raw/sg/singapore_polytechnic_act_1954/20260916T0626Z__native.pdf.headers.json,application/pdf,7efca3cdbb65496662d925f44d303d1461a226e20b84b3bf0edc4b4079bdfbd1,130263,16,,,,corpus SG_corpus_2026-09-16: from SG_ws_2026-09-15,2008-02-25,,,Current
0.2.0,,sg-srcsa1973-001,SG,https://sso.agc.gov.sg/Act/SRCSA1973?ViewType=Pdf,2026-09-16T07:31:59Z,pdf_native,false,raw/sg/singapore_red_cross_society_act_1973/20260916T0731Z__native.pdf,Singapore Red Cross Society Act 1973,,,,requests,200,raw/sg/singapore_red_cross_society_act_1973/20260916T0731Z__native.pdf.headers.json,application/pdf,77512a67ec22aee6bb769e724f2bcc2a3d0dbb1c58fef149d25379ba018db8f2,103879,8,,,,corpus SG_corpus_2026-09-16: from SG_ws_2026-09-15,2023-04-04,,,Current
0.2.0,,sg-srto1918-001,SG,https://sso.agc.gov.sg/Act/SRTO1918?ViewType=Pdf,2026-09-16T07:30:53Z,pdf_native,false,raw/sg/singapore_railway_transfer_ordinance_1918/20260916T0730Z__native.pdf,Singapore Railway Transfer Ordinance 1918,,,,requests,200,raw/sg/singapore_railway_transfer_ordinance_1918/20260916T0730Z__native.pdf.headers.json,application/pdf,eeac367c1505c2b5e62d01dc317ef929381711b6861c4885c03884a1f8781d92,106569,13,,,,corpus SG_corpus_2026-09-16: from SG_ws_2026-09-15,2021-12-31,,,Current
0.2.0,,sg-ssca1973-001,SG,https://sso.agc.gov.sg/Act/SSCA1973?ViewType=Pdf,2026-09-16T07:33:16Z,pdf_native,false,raw/sg/singapore_sports_council_act_1973/20260916T0733Z__native.pdf,Singapore Sports Council Act 1973,,,,requests,200,raw/sg/singapore_sports_council_act_1973/20260916T0733Z__native.pdf.headers.json,application/pdf,7bfb000679ad8eecd2271844ffc4b81033fa0bb4ff7bf06291604918d30ad1a4,182354,24,,,,corpus SG_corpus_2026-09-16: from SG_ws_2026-09-15,2026-02-16,,,Current
0.2.0,,sg-ssdso1959-001,SG,https://sso.agc.gov.sg/Act/SSDSO1959?ViewType=Pdf,2026-09-16T03:11:01Z,pdf_native,false,raw/sg/secretary_of_the_synod_of_the_diocese_of_singapore_ordinance_1959/20260916T0311Z__native.pdf,Secretary of the Synod of the Diocese of Singapore Ordinance 1959,,,,requests,200,raw/sg/secretary_of_the_synod_of_the_diocese_of_singapore_ordinance_1959/20260916T0311Z__native.pdf.headers.json,application/pdf,bc32da5ec09dd3e0afc09d018aaa396bae2e1469d0d7311b978b5d20735a7b03,105985,11,,,,corpus SG_corpus_2026-09-16: from SG_ws_2026-09-15,2021-12-31,,,Current
0.2.0,,sg-ssjtwa1928-001,SG,https://sso.agc.gov.sg/Act/SSJTWAA1928?ViewType=Pdf,2026-09-16T08:05:47Z,pdf_native,false,raw/sg/straits_settlements_and_johore_territorial_waters_agreement_act_1928/20260916T0805Z__native.pdf,Straits Settlements and Johore Territorial Waters (Agreement) Act 1928,,,,requests,200,raw/sg/straits_settlements_and_johore_territorial_waters_agreement_act_1928/20260916T0805Z__native.pdf.headers.json,application/pdf,2981848feeb4fce5c43b65caa4ffe40f7ecb0aaf4da7c032cad29ff40703b108,98262,7,,,,corpus SG_corpus_2026-09-16: from SG_ws_2026-09-15,2021-12-31,,,Current
0.2.0,,sg-ssmio1923-001,SG,https://sso.agc.gov.sg/Act/SSMIO1923?ViewType=Pdf,2026-09-16T07:49:06Z,pdf_native,false,raw/sg/society_of_saint_maur_incorporation_ordinance_1923/20260916T0749Z__native.pdf,Society of Saint Maur Incorporation Ordinance 1923,,,,requests,200,raw/sg/society_of_saint_maur_incorporation_ordinance_1923/20260916T0749Z__native.pdf.headers.json,application/pdf,bca2b9f86f0ed974fb1b0c113e7a0e456e3f45cf9c51413ddf8a15b3597b8f40,129180,9,,,,corpus SG_corpus_2026-09-16: from SG_ws_2026-09-15,2024-03-25,,,Current
0.2.0,,sg-sta1972-001,SG,https://sso.agc.gov.sg/Act/STCCA1972?ViewType=Pdf,2026-09-16T07:35:52Z,pdf_native,false,raw/sg/singapore_tourism_cess_collection_act_1972/20260916T0735Z__native.pdf,Singapore Tourism (Cess Collection) Act 1972,,,,requests,200,raw/sg/singapore_tourism_cess_collection_act_1972/20260916T0735Z__native.pdf.headers.json,application/pdf,24d2f49f8a99f5a5966567b04d588ae19a1277a56ef9bb554e0af43ab523c556,140485,22,,,,corpus SG_corpus_2026-09-16: from SG_ws_2026-09-15,2021-10-11,,,Current
0.2.0,,sg-stba1963-001,SG,https://sso.agc.gov.sg/Act/STBA1963?ViewType=Pdf,2026-09-16T07:36:57Z,pdf_native,false,raw/sg/singapore_tourism_board_act_1963/20260916T0736Z__native.pdf,Singapore Tourism Board Act 1963,,,,requests,200,raw/sg/singapore_tourism_board_act_1963/20260916T0736Z__native.pdf.headers.json,application/pdf,60196d45b736831ac326219b6c7afab126bbd84158505ec78aa2a93745b80ca8,422914,123,,,,corpus SG_corpus_2026-09-16: from SG_ws_2026-09-15,2022-12-15,,,Current
0.2.0,,sg-ta1967-001,SG,https://sso.agc.gov.sg/Act/TA1967?ViewType=Pdf,2026-09-16T09:05:40Z,pdf_native,false,raw/sg/trustees_act_1967/20260916T0905Z__native.pdf,Trustees Act 1967,,,,requests,200,raw/sg/trustees_act_1967/20260916T0905Z__native.pdf.headers.json,application/pdf,15ed9a2960ccf66ea952e8b5c67e95732d7027478a0337803cfcd6b3e2634bc7,477255,114,,,,corpus SG_corpus_2026-09-16: from SG_ws_2026-09-15,,,,Current
0.2.0,,sg-taa1975-001,SG,https://sso.agc.gov.sg/Act/TAA1975?ViewType=Pdf,2026-09-16T13:02:11Z,pdf_native,false,raw/sg/travel_agents_act_1975/20260916T1302Z__native.pdf,Travel Agents Act 1975,,,,requests,200,raw/sg/travel_agents_act_1975/20260916T1302Z__native.pdf.headers.json,application/pdf,e06ad7b23baeadfbae8579cf428f5396813884771189663852d435d19a9695bc,166080,36,,,,corpus SG_corpus_2026-09-16: from SG_ws_2026-09-15,,,,Current
0.2.0,,sg-tca1971-001,SG,https://sso.agc.gov.sg/Act/TCA1971?ViewType=Pdf,2026-09-16T08:28:04Z,pdf_native,false,raw/sg/tokyo_convention_act_1971/20260916T0828Z__native.pdf,Tokyo Convention Act 1971,,,,requests,200,raw/sg/tokyo_convention_act_1971/20260916T0828Z__native.pdf.headers.json,application/pdf,c1e6498be9ff324219d654c4fb6a31b4b8d0bb94ef6c5e126064e93d46f15841,119042,17,,,,corpus SG_corpus_2026-09-16: from SG_ws_2026-09-15,2021-12-31,,,Current
0.2.0,,sg-tca2005-001,SG,https://sso.agc.gov.sg/Act/TCA2005?ViewType=Pdf,2026-09-16T09:06:43Z,pdf_native,false,raw/sg/trust_companies_act_2005/20260916T0906Z__native.pdf,Trust Companies Act 2005,,,,requests,200,raw/sg/trust_companies_act_2005/20260916T0906Z__native.pdf.headers.json,application/pdf,7cc1fa9c20c802d1a4fa532232b1e74bfd9585a2da0d7216596a704e56703ca9,485179,132,,,,corpus SG_corpus_2026-09-16: from SG_ws_2026-09-15,,,,Current
0.2.0,,sg-tda1941-001,SG,https://sso.agc.gov.sg/Act/TDA1941?ViewType=Pdf,2026-09-16T11:30:51Z,pdf_native,false,raw/sg/trade_disputes_act_1941/20260916T1130Z__native.pdf,Trade Disputes Act 1941,,,,requests,200,raw/sg/trade_disputes_act_1941/20260916T1130Z__native.pdf.headers.json,application/pdf,0c5ebfe104bbd7134710e1f423cfa87f0b2b4aa6b000d7267c67b02dd0ebdf2d,128273,15,,,,corpus SG_corpus_2026-09-16: from SG_ws_2026-09-15,2025-03-05,,,Current
0.2.0,,sg-tn-001,SG,https://sso.agc.gov.sg/SL/TA1999-N1?DocDate=20230828&ViewType=Pdf,2026-09-15T16:34:12Z,pdf_native,false,raw/sg/telecommunications_exemption_from_sections_53_54_1_b_and_55_notification/20260915T1634Z__native.pdf,"Telecommunications (Exemption from sections 53, 54(1)(b) and 55) Notification",,,,requests,200,raw/sg/telecommunications_exemption_from_sections_53_54_1_b_and_55_notification/20260915T1634Z__native.pdf.headers.json,application/pdf,e3fdf533f3d57083cdde7c8a16ef806d3123e3e3b8e9a33244293c0400c6e13c,119385,10,,,,corpus SG_corpus_2026-09-16: from SG_ws_2026-09-15,2023-08-28,,,Current
0.2.0,,sg-tpa1930-001,SG,https://sso.agc.gov.sg/Act/TPRAIA1930?ViewType=Pdf,2026-09-16T10:23:44Z,pdf_native,false,raw/sg/third_parties_rights_against_insurers_act_1930/20260916T1023Z__native.pdf,Third Parties (Rights Against Insurers) Act 1930,,,,requests,200,raw/sg/third_parties_rights_against_insurers_act_1930/20260916T1023Z__native.pdf.headers.json,application/pdf,65c2519bf6ac93b52768d67db5290bdc0a6500c283fa1f46699784835e7ca726,102745,9,,,,corpus SG_corpus_2026-09-16: from SG_ws_2026-09-15,2021-12-31,,,Current
0.2.0,,sg-tpa1974-001,SG,https://sso.agc.gov.sg/Act/TPA1974?ViewType=Pdf,2026-09-16T11:25:40Z,pdf_native,false,raw/sg/termination_of_pregnancy_act_1974/20260916T1125Z__native.pdf,Termination of Pregnancy Act 1974,,,,requests,200,raw/sg/termination_of_pregnancy_act_1974/20260916T1125Z__native.pdf.headers.json,application/pdf,373b51c2bd367fde3ba4fd39dc217b94384cc670bb434c09a3f7e0b1f63c03d7,134362,10,,,,corpus SG_corpus_2026-09-16: from SG_ws_2026-09-15,2025-11-28,,,Current
0.2.0,,sg-tpcso-001,SG,https://sso.agc.gov.sg/Act/TPCSO1899?ViewType=Pdf,2026-09-16T13:01:02Z,pdf_native,false,raw/sg/treasurer_of_presbyterian_church_singapore_ordinance_1899/20260916T1301Z__native.pdf,"Treasurer of Presbyterian Church, Singapore Ordinance 1899",,,,requests,200,raw/sg/treasurer_of_presbyterian_church_singapore_ordinance_1899/20260916T1301Z__native.pdf.headers.json,application/pdf,42dc73eb2a2b2f22fcdd3d7faed708e1f2d693e6ca28697447e7b1c0515da3d3,105216,11,,,,corpus SG_corpus_2026-09-16: from SG_ws_2026-09-15,,,,Current
0.2.0,,sg-tr-001,SG,https://sso.agc.gov.sg/SL/TA1999-RG3?DocDate=20161003&ViewType=Pdf,2026-09-15T16:26:40Z,pdf_native,false,raw/sg/telecommunications_class_licences_regulations/20260915T1626Z__native.pdf,Telecommunications (Class Licences) Regulations,,,,requests,200,raw/sg/telecommunications_class_licences_regulations/20260915T1626Z__native.pdf.headers.json,application/pdf,17d903a1d7b2152b51dc4ca6d0998d0dcbfaed82f669b5e67653995f1bb5e409,86381,19,,,,corpus SG_corpus_2026-09-16: from SG_ws_2026-09-15,2016-10-03,,,Current
0.2.0,,sg-tr8668-001,SG,https://sso.agc.gov.sg/SL/TA1999-RG6?DocDate=20230829&ViewType=Pdf,2026-09-15T17:58:51Z,pdf_native,false,raw/sg/telecommunications_dealers_regulations/20260915T1758Z__native.pdf,Telecommunications (Dealers) Regulations,,,,requests,200,raw/sg/telecommunications_dealers_regulations/20260915T1758Z__native.pdf.headers.json,application/pdf,5da9ce9096497c3464b063173178fdafce87ad955d4c3cec7bcb6e3d91269328,176824,30,,,,corpus SG_corpus_2026-09-16: from SG_ws_2026-09-15,2023-08-29,,,Current
0.2.0,,sg-tr9afe-001,SG,https://sso.agc.gov.sg/SL/TA1999-RG5?DocDate=20020930&ViewType=Pdf,2026-09-15T18:00:03Z,pdf_native,false,raw/sg/telecommunications_radio_communication_regulations/20260915T1800Z__native.pdf,Telecommunications (Radio-communication) Regulations,,,,requests,200,raw/sg/telecommunications_radio_communication_regulations/20260915T1800Z__native.pdf.headers.json,application/pdf,bb0ef1bd8dc5f15e4f19b93794dd35193564c87fd8d64329f55f9597e342e035,231510,64,,,,corpus SG_corpus_2026-09-16: from SG_ws_2026-09-15,2002-09-30,,,Current
0.2.0,,sg-trdcb2-001,SG,https://sso.agc.gov.sg/SL/TA1999-RG1?DocDate=20161003&ViewType=Pdf,2026-09-15T17:57:26Z,pdf_native,false,raw/sg/telecommunications_certificates_of_competency_for_ship_station_operators_regulations/20260915T1757Z__native.pdf,Telecommunications (Certificates of Competency for Ship Station Operators) Regulations,,,,requests,200,raw/sg/telecommunications_certificates_of_competency_for_ship_station_operators_regulations/20260915T1757Z__native.pdf.headers.json,application/pdf,2e7d0c2892b3e84f9e7674470e0dd6bd55770400ff4f14ce10c377be063a3940,91693,18,,,,corpus SG_corpus_2026-09-16: from SG_ws_2026-09-15,2016-10-03,,,Current
0.2.0,,sg-tua1940-001,SG,https://sso.agc.gov.sg/Act/TUA1940?ViewType=Pdf,2026-09-16T11:34:04Z,pdf_native,false,raw/sg/trade_unions_act_1940/20260916T1134Z__native.pdf,Trade Unions Act 1940,,,,playwright,200,raw/sg/trade_unions_act_1940/20260916T1134Z__native.pdf.headers.json,application/pdf,3c2b3ab06e7366117560875c7721d23648c69083f942e6a2a867defd264886fc,265343,57,,,,corpus SG_corpus_2026-09-16: from SG_ws_2026-09-15,2024-10-11,,,Current
0.2.0,,sg-ucta1977-001,SG,https://sso.agc.gov.sg/Act/UCTA1977?ViewType=Pdf,2026-09-16T09:03:00Z,pdf_native,false,raw/sg/unfair_contract_terms_act_1977/20260916T0903Z__native.pdf,Unfair Contract Terms Act 1977,,,,requests,200,raw/sg/unfair_contract_terms_act_1977/20260916T0903Z__native.pdf.headers.json,application/pdf,f92bf4bde9f378403f8568d6431d48b24140515dc518b0c4dd4442cb47097c9c,308531,18,,,,corpus SG_corpus_2026-09-16: from SG_ws_2026-09-15,,,,Current
0.2.0,,sg-una2001-001,SG,https://sso.agc.gov.sg/Act/UNA2001?ViewType=Pdf,2026-09-16T11:42:10Z,pdf_native,false,raw/sg/united_nations_act_2001/20260916T1142Z__native.pdf,United Nations Act 2001,,,,requests,200,raw/sg/united_nations_act_2001/20260916T1142Z__native.pdf.headers.json,application/pdf,b658396836b00da0e45c9cfbbb1d5b9462807fc4cee0b1a61d578b10562368a0,100487,8,,,,corpus SG_corpus_2026-09-16: from SG_ws_2026-09-15,,,,Current
0.2.0,,sg-unpa2011-001,SG,https://sso.agc.gov.sg/Act/UNPA2011?ViewType=Pdf,2026-09-16T11:41:21Z,pdf_native,false,raw/sg/united_nations_personnel_act_2011/20260916T1141Z__native.pdf,United Nations Personnel Act 2011,,,,playwright,200,raw/sg/united_nations_personnel_act_2011/20260916T1141Z__native.pdf.headers.json,application/pdf,5b9331c85003c58d520c01c321c3382fd4e81d4dc37e5a964cf21f9b94f1d083,148130,20,,,,corpus SG_corpus_2026-09-16: from SG_ws_2026-09-15,,,,Current
0.2.0,,sg-upa1967-001,SG,https://sso.agc.gov.sg/Act/UPA1967?ViewType=Pdf,2026-09-16T09:04:14Z,pdf_native,false,raw/sg/undesirable_publications_act_1967/20260916T0904Z__native.pdf,Undesirable Publications Act 1967,,,,requests,200,raw/sg/undesirable_publications_act_1967/20260916T0904Z__native.pdf.headers.json,application/pdf,51b2b28a655af54679954ceee0620f4b25a858acf9c9341796285a2b1be05607,168953,22,,,,corpus SG_corpus_2026-09-16: from SG_ws_2026-09-15,,,,Current
0.2.0,,sg-uraa1989-001,SG,https://sso.agc.gov.sg/Act/URAA1989?ViewType=Pdf,2026-09-16T11:40:13Z,pdf_native,false,raw/sg/urban_redevelopment_authority_act_1989/20260916T1140Z__native.pdf,Urban Redevelopment Authority Act 1989,,,,playwright,200,raw/sg/urban_redevelopment_authority_act_1989/20260916T1140Z__native.pdf.headers.json,application/pdf,d0e63cd1a5c1cf7092fb28d4c965ad08e254b697bdb9e5ec9b096228f9ecadb0,243256,44,,,,corpus SG_corpus_2026-09-16: from SG_ws_2026-09-15,,,,Current
0.2.0,,sg-va1966-001,SG,https://sso.agc.gov.sg/Act/VA1966?ViewType=Pdf,2026-09-16T11:39:02Z,pdf_native,false,raw/sg/vandalism_act_1966/20260916T1139Z__native.pdf,Vandalism Act 1966,,,,playwright,200,raw/sg/vandalism_act_1966/20260916T1139Z__native.pdf.headers.json,application/pdf,b2f306c68bc183a9e73532f299dd929920089016238e3a1dc957060e1072fcb5,93364,8,,,,corpus SG_corpus_2026-09-16: from SG_ws_2026-09-15,2021-12-31,,,Current
0.2.0,,sg-vca1967-001,SG,https://sso.agc.gov.sg/Act/VCA1967?ViewType=Pdf,2026-09-16T08:52:27Z,pdf_native,false,raw/sg/vigilante_corps_act_1967/20260916T0852Z__native.pdf,Vigilante Corps Act 1967,,,,requests,200,raw/sg/vigilante_corps_act_1967/20260916T0852Z__native.pdf.headers.json,application/pdf,6c07b50456ab7fed22e09ba806f0d35a8a06f845a8f64d10189d0b7a6a6d9f61,129050,20,,,,corpus SG_corpus_2026-09-16: from SG_ws_2026-09-15,2021-12-31,,,Current
0.2.0,,sg-vfa1960-001,SG,https://sso.agc.gov.sg/Act/VFA1960?ViewType=Pdf,2026-09-16T08:51:45Z,pdf_native,false,raw/sg/visiting_forces_act_1960/20260916T0851Z__native.pdf,Visiting Forces Act 1960,,,,playwright,200,raw/sg/visiting_forces_act_1960/20260916T0851Z__native.pdf.headers.json,application/pdf,fb341c2028262d86dc6fd790680a21baa4865f4582480f148161ed88bdfe78ad,145098,24,,,,corpus SG_corpus_2026-09-16: from SG_ws_2026-09-15,2021-12-31,,,Current
0.2.0,,sg-vsa1974-001,SG,https://sso.agc.gov.sg/Act/VSA1974?ViewType=Pdf,2026-09-16T08:50:21Z,pdf_native,false,raw/sg/voluntary_sterilisation_act_1974/20260916T0850Z__native.pdf,Voluntary Sterilisation Act 1974,,,,playwright,200,raw/sg/voluntary_sterilisation_act_1974/20260916T0850Z__native.pdf.headers.json,application/pdf,1c65842a1d383944854ad872e4254760dd6b89839028a1bd7e95dbd82f72dadc,138072,12,,,,corpus SG_corpus_2026-09-16: from SG_ws_2026-09-15,2025-11-28,,,Current
0.2.0,,sg-vta1903-001,SG,https://sso.agc.gov.sg/Act/VTA1903?ViewType=Pdf,2026-09-16T08:53:38Z,pdf_native,false,raw/sg/victoria_theatre_act_1903/20260916T0853Z__native.pdf,Victoria Theatre Act 1903,,,,requests,200,raw/sg/victoria_theatre_act_1903/20260916T0853Z__native.pdf.headers.json,application/pdf,5695a187fb87e6b49704864af1f9203f416fc40c17f4ef56974f9f231485d859,91184,6,,,,corpus SG_corpus_2026-09-16: from SG_ws_2026-09-15,2021-12-31,,,Current
0.2.0,,sg-wa-001,SG,https://sso.agc.gov.sg/Act/WA1838?ViewType=Pdf,2026-09-16T08:41:57Z,pdf_native,false,raw/sg/wills_act_1838/20260916T0841Z__native.pdf,Wills Act 1838,,,,requests,200,raw/sg/wills_act_1838/20260916T0841Z__native.pdf.headers.json,application/pdf,06854af11c92d57811ba129fab8826602fa60c3ea3c195c9f269a7d2b8025e1b,138101,21,,,,corpus SG_corpus_2026-09-16: from SG_ws_2026-09-15,2022-09-05,,,Current
0.2.0,,sg-wa1965-001,SG,https://sso.agc.gov.sg/Act/WA1965?ViewType=Pdf,2026-09-16T11:35:20Z,pdf_native,false,raw/sg/wildlife_act_1965/20260916T1135Z__native.pdf,Wildlife Act 1965,,,,playwright,200,raw/sg/wildlife_act_1965/20260916T1135Z__native.pdf.headers.json,application/pdf,9da640fc8ab49d6cc7bf71259a5940b6c8388153549c6bbf929c6c00b41f69cc,223331,41,,,,corpus SG_corpus_2026-09-16: from SG_ws_2026-09-15,2026-06-08,,,Current
0.2.0,,sg-wma1975-001,SG,https://sso.agc.gov.sg/Act/WMA1975?ViewType=Pdf,2026-09-16T08:47:43Z,pdf_native,false,raw/sg/weights_and_measures_act_1975/20260916T0847Z__native.pdf,Weights and Measures Act 1975,,,,playwright,200,raw/sg/weights_and_measures_act_1975/20260916T0847Z__native.pdf.headers.json,application/pdf,03ce9b4168d7a5d01c291a275feb202d044a7fb108db340976c4bf35d611301b,318408,67,,,,corpus SG_corpus_2026-09-16: from SG_ws_2026-09-15,2025-02-06,,,Current
0.2.0,,sg-wopa1904-001,SG,https://sso.agc.gov.sg/Act/WOPA1904?ViewType=Pdf,2026-09-16T11:36:27Z,pdf_native,false,raw/sg/widows_and_orphans_pension_act_1904/20260916T1136Z__native.pdf,Widows’ and Orphans’ Pension Act 1904,,,,playwright,200,raw/sg/widows_and_orphans_pension_act_1904/20260916T1136Z__native.pdf.headers.json,application/pdf,4d3386f8d09180782a809e1293083a3b7911f30ac85757e61e6d6a7021de40fd,410590,73,,,,corpus SG_corpus_2026-09-16: from SG_ws_2026-09-15,2021-12-31,,,Current
0.2.0,,sg-wsc1961-001,SG,https://sso.agc.gov.sg/Act/WC1961?ViewType=Pdf,2026-09-16T08:40:49Z,pdf_native,false,raw/sg/women_s_charter_1961/20260916T0840Z__native.pdf,Women’s Charter 1961,,,,requests,200,raw/sg/women_s_charter_1961/20260916T0840Z__native.pdf.headers.json,application/pdf,065f48837648e20b48072b3c51edd8b74955281ed0fc0723f21cff01a3037d35,974324,267,,,,corpus SG_corpus_2026-09-16: from SG_ws_2026-09-15,2025-12-03,,,Current
0.2.0,,sg-gsa1992-001,SG,https://sso.agc.gov.sg/Act/GSDMIA1992?ViewType=Pdf,2026-09-15T22:02:48Z,pdf_native,false,raw/sg/government_securities_debt_market_and_investment_act_1992/20260915T2202Z__native.pdf,Government Securities (Debt Market and Investment) Act 1992,Act 1 of 1992,,,requests,200,raw/sg/government_securities_debt_market_and_investment_act_1992/20260915T2202Z__native.pdf.headers.json,application/pdf,9de3dbf0ab4f557b32872211064aa9fb2ee63ea5605b32a49485ac275981bba8,178219,34,,,,corpus SG_corpus_2026-09-16: from SG_ws_2026-09-15,2022-02-16,,,Current
0.2.0,,sg-llefa2001-001,SG,https://sso.agc.gov.sg/Act/LLEFA2001?ViewType=Pdf,2026-09-15T23:40:23Z,pdf_native,false,raw/sg/lifelong_learning_endowment_fund_act_2001/20260915T2340Z__native.pdf,Lifelong Learning Endowment Fund Act 2001,Act 1 of 2001,,,requests,200,raw/sg/lifelong_learning_endowment_fund_act_2001/20260915T2340Z__native.pdf.headers.json,application/pdf,df6fe718cc23b95c44507a650cfa98e42ba88c08baab6e65ae2a9e0078d1f80a,113650,13,,,,corpus SG_corpus_2026-09-16: from SG_ws_2026-09-15,2021-12-31,,,Current
0.2.0,,sg-ahpa2011-001,SG,https://sso.agc.gov.sg/Act/AHPA2011?ViewType=Pdf,2026-09-15T18:05:18Z,pdf_native,false,raw/sg/allied_health_professions_act_2011/20260915T1805Z__native.pdf,Allied Health Professions Act 2011,Act 1 of 2011,,,playwright,200,raw/sg/allied_health_professions_act_2011/20260915T1805Z__native.pdf.headers.json,application/pdf,2c388df36fa6145c5927d831cbfd67289015cfd54120e622cac64a26138041f8,378060,95,,,,corpus SG_corpus_2026-09-16: from SG_ws_2026-09-15,2025-11-28,,,Current
0.2.0,,sg-ma2017-001,SG,https://sso.agc.gov.sg/Act/MA2017?ViewType=Pdf,2026-09-16T00:02:57Z,pdf_native,false,raw/sg/mediation_act_2017/20260916T0002Z__native.pdf,Mediation Act 2017,Act 1 of 2017,,,playwright,200,raw/sg/mediation_act_2017/20260916T0002Z__native.pdf.headers.json,application/pdf,19fcfbdd987d809e81f16c04ace905fa367073cf10d9d0450b7b7451f56623e4,123142,17,,,,corpus SG_corpus_2026-09-16: from SG_ws_2026-09-15,2021-10-11,,,Current
0.2.0,,sg-gda2022-001,SG,https://sso.agc.gov.sg/Act/GDA2022?ViewType=Pdf,2026-09-15T20:59:38Z,pdf_native,false,raw/sg/gambling_duties_act_2022/20260915T2059Z__native.pdf,Gambling Duties Act 2022,Act 1 of 2022,,,requests,200,raw/sg/gambling_duties_act_2022/20260915T2059Z__native.pdf.headers.json,application/pdf,7f56de7baad6b1788050bf30b9c6a75f38aed350f714cf71262f3a3edab7a6bf,204019,65,,,,corpus SG_corpus_2026-09-16: from SG_ws_2026-09-15,2022-04-04,,,Current
0.2.0,,sg-sira2024-001,SG,https://sso.agc.gov.sg/Act/SIRA2024?ViewType=Pdf,2026-09-16T03:21:02Z,pdf_native,false,raw/sg/significant_investments_review_act_2024/20260916T0321Z__native.pdf,Significant Investments Review Act 2024,Act 1 of 2024,,,playwright,200,raw/sg/significant_investments_review_act_2024/20260916T0321Z__native.pdf.headers.json,application/pdf,7946becc829ea05430b00450e02fa469bb3f47fed1e21aa9f7d844df9696b8d6,340618,87,,,,corpus SG_corpus_2026-09-16: from SG_ws_2026-09-15,2024-02-14,,,Current
0.2.0,,sg-pfsa2025-001,SG,https://sso.agc.gov.sg/Act/PSA2025?ViewType=Pdf,2026-09-16T02:15:59Z,pdf_native,false,raw/sg/protection_from_scams_act_2025/20260916T0215Z__native.pdf,Protection from Scams Act 2025,Act 1 of 2025,,,requests,200,raw/sg/protection_from_scams_act_2025/20260916T0215Z__native.pdf.headers.json,application/pdf,7489bb551cdfc54b9ed99f34ccf5cfe6b19d4c2ffd5d25238f7346de4a976bf3,99622,11,,,,corpus SG_corpus_2026-09-16: from SG_ws_2026-09-15,2025-02-17,,,Current
0.2.0,,sg-tvca1993-001,SG,https://sso.agc.gov.sg/Act/TVCA1993?ViewType=Pdf,2026-09-16T10:25:02Z,pdf_native,false,raw/sg/tobacco_and_vaporisers_control_act_1993/20260916T1025Z__native.pdf,Tobacco and Vaporisers Control Act 1993,Act 10 of 1993,,,requests,200,raw/sg/tobacco_and_vaporisers_control_act_1993/20260916T1025Z__native.pdf.headers.json,application/pdf,a26772f51698ba6fbc2967ef3f4d60f7233bd01d73649e9eb460fef31ca24309,388722,92,,,,corpus SG_corpus_2026-09-16: from SG_ws_2026-09-15,2026-04-24,,,Current
0.2.0,,sg-echsa1996-001,SG,https://sso.agc.gov.sg/Act/ECHSA1996?ViewType=Pdf,2026-09-15T20:15:03Z,pdf_native,false,raw/sg/executive_condominium_housing_scheme_act_1996/20260915T2015Z__native.pdf,Executive Condominium Housing Scheme Act 1996,Act 10 of 1996,,,requests,200,raw/sg/executive_condominium_housing_scheme_act_1996/20260915T2015Z__native.pdf.headers.json,application/pdf,b8f7bbed0701e5e018e32fe5819bc1df028b9518ccc57e2b3120b97390f0b926,151301,20,,,,corpus SG_corpus_2026-09-16: from SG_ws_2026-09-15,2023-10-30,,,Current
0.2.0,,sg-sdcpa1999-001,SG,https://sso.agc.gov.sg/Act/SDCPA1999?ViewType=Pdf,2026-09-16T03:16:44Z,pdf_native,false,raw/sg/sewerage_drainage_and_coastal_protection_act_1999/20260916T0316Z__native.pdf,"Sewerage, Drainage and Coastal Protection Act 1999",Act 10 of 1999,,,requests,200,raw/sg/sewerage_drainage_and_coastal_protection_act_1999/20260916T0316Z__native.pdf.headers.json,application/pdf,de4a08b31e9f673615c8dbe3988b9dfc68064b6e95ee154a4b9d2f558264531f,613924,159,,,,corpus SG_corpus_2026-09-16: from SG_ws_2026-09-15,2026-06-08,,,Current
0.2.0,,sg-ea2001-001,SG,https://sso.agc.gov.sg/Act/EA2001?ViewType=Pdf,2026-09-15T20:09:21Z,pdf_native,false,raw/sg/electricity_act_2001/20260915T2009Z__native.pdf,Electricity Act 2001,Act 10 of 2001,,,requests,200,raw/sg/electricity_act_2001/20260915T2009Z__native.pdf.headers.json,application/pdf,4fb969ff7c9e7fc18c6ba22f4c752128130c3c7a0f84bccc7647824de2eaaa68,569240,154,,,,corpus SG_corpus_2026-09-16: from SG_ws_2026-09-15,2025-09-01,,,Current
0.2.0,,sg-esba2018-001,SG,https://sso.agc.gov.sg/Act/ESBA2018?ViewType=Pdf,2026-09-15T20:12:11Z,pdf_native,false,raw/sg/enterprise_singapore_board_act_2018/20260915T2012Z__native.pdf,Enterprise Singapore Board Act 2018,Act 10 of 2018,,,requests,200,raw/sg/enterprise_singapore_board_act_2018/20260915T2012Z__native.pdf.headers.json,application/pdf,993952145dd44f71508f83356c67c56feb3fb0263878d0b7e3471e71f56c5e45,272910,57,,,,corpus SG_corpus_2026-09-16: from SG_ws_2026-09-15,2026-06-05,,,Current
0.2.0,,sg-eca2026-001,SG,https://sso.agc.gov.sg/Acts-Supp/10-2026/Published/20260511?DocDate=20260511&ViewType=Pdf,2026-09-16T14:14:33Z,pdf_native,false,raw/sg/energy_conservation_amendment_act_2026/20260916T1414Z__native.pdf,Energy Conservation (Amendment) Act 2026,Act 10 of 2026,,,requests,200,raw/sg/energy_conservation_amendment_act_2026/20260916T1414Z__native.pdf.headers.json,application/pdf,bdfc0e8ecced779fe4be4a5998fdbaecdeec0cc638b8a829afd5dc150706a764,125809,12,,,,corpus SG_corpus_2026-09-16: from SG_ws_2026-09-15,2026-05-11,,,
0.2.0,,sg-npa1992-001,SG,https://sso.agc.gov.sg/Act/NPA1992?ViewType=Pdf,2026-09-16T00:43:20Z,pdf_native,false,raw/sg/nanyang_polytechnic_act_1992/20260916T0043Z__native.pdf,Nanyang Polytechnic Act 1992,Act 11 of 1992,,,requests,200,raw/sg/nanyang_polytechnic_act_1992/20260916T0043Z__native.pdf.headers.json,application/pdf,10ea44451365ca1e65af5718f2da24bfcfa8747066d605eb013a7b16a0fad216,150621,21,,,,corpus SG_corpus_2026-09-16: from SG_ws_2026-09-15,2008-02-25,,,Current
0.2.0,,sg-ga2001-001,SG,https://sso.agc.gov.sg/Act/GA2001?ViewType=Pdf,2026-09-15T22:00:42Z,pdf_native,false,raw/sg/gas_act_2001/20260915T2200Z__native.pdf,Gas Act 2001,Act 11 of 2001,,,requests,200,raw/sg/gas_act_2001/20260915T2200Z__native.pdf.headers.json,application/pdf,d5f7343d0754abbe43273361a004c1810207b3dd7feff62e667b62df2ad97dac,573462,160,,,,corpus SG_corpus_2026-09-16: from SG_ws_2026-09-15,2025-09-01,,,Current
0.2.0,,sg-idaa2002-001,SG,https://sso.agc.gov.sg/Act/IDAA2002?ViewType=Pdf,2026-09-15T23:08:29Z,pdf_native,false,raw/sg/international_development_association_act_2002/20260915T2308Z__native.pdf,International Development Association Act 2002,Act 11 of 2002,,,playwright,200,raw/sg/international_development_association_act_2002/20260915T2308Z__native.pdf.headers.json,application/pdf,a123aae677153aeeed63942301932ff3f17132264d44d82b8d37db2780c332ff,116603,10,,,,corpus SG_corpus_2026-09-16: from SG_ws_2026-09-15,2022-12-14,,,Current
0.2.0,,sg-eca2012-001,SG,https://sso.agc.gov.sg/Act/ECA2012?ViewType=Pdf,2026-09-15T20:11:13Z,pdf_native,false,raw/sg/energy_conservation_act_2012/20260915T2011Z__native.pdf,Energy Conservation Act 2012,Act 11 of 2012,,,requests,200,raw/sg/energy_conservation_act_2012/20260915T2011Z__native.pdf.headers.json,application/pdf,a8eec3f53f7d4eb793cd4fc49a20072827359735a57a8632b19fe998187ac1b6,350935,87,,,,corpus SG_corpus_2026-09-16: from SG_ws_2026-09-15,2025-02-24,,,Current
0.2.0,,sg-sita2014-001,SG,https://sso.agc.gov.sg/Act/SITA2014?ViewType=Pdf,2026-09-16T06:22:04Z,pdf_native,false,raw/sg/singapore_institute_of_technology_act_2014/20260916T0622Z__native.pdf,Singapore Institute of Technology Act 2014,Act 11 of 2014,,,requests,200,raw/sg/singapore_institute_of_technology_act_2014/20260916T0622Z__native.pdf.headers.json,application/pdf,b3550daea0f2f15f60b30292595397cc192d71e9354b6b0772607ab677f1b297,100091,9,,,,corpus SG_corpus_2026-09-16: from SG_ws_2026-09-15,2021-12-31,,,Current
0.2.0,,sg-sfaa2019-001,SG,https://sso.agc.gov.sg/Act/SFAA2019?ViewType=Pdf,2026-09-16T07:29:48Z,pdf_native,false,raw/sg/singapore_food_agency_act_2019/20260916T0729Z__native.pdf,Singapore Food Agency Act 2019,Act 11 of 2019,,,requests,200,raw/sg/singapore_food_agency_act_2019/20260916T0729Z__native.pdf.headers.json,application/pdf,1d7fb3eae373c0979895dc0b11de98d65eb849f38257b06e7f25ef933d8c7ba4,229987,57,,,,corpus SG_corpus_2026-09-16: from SG_ws_2026-09-15,2022-01-12,,,Current
0.2.0,,sg-lbca2021-001,SG,https://sso.agc.gov.sg/Act/LBCA2021?ViewType=Pdf,2026-09-15T23:27:16Z,pdf_native,false,raw/sg/land_betterment_charge_act_2021/20260915T2327Z__native.pdf,Land Betterment Charge Act 2021,Act 11 of 2021,,,playwright,200,raw/sg/land_betterment_charge_act_2021/20260915T2327Z__native.pdf.headers.json,application/pdf,3ea8a8b9ee46266287a5949ac11ce3bf8e1b4a3ec5d5d4cd82d5fd3ec22778f8,322568,81,,,,corpus SG_corpus_2026-09-16: from SG_ws_2026-09-15,2023-09-11,,,Current
0.2.0,,sg-sa2025-001,SG,https://sso.agc.gov.sg/Act/SA2025?ViewType=Pdf,2026-09-16T08:12:26Z,pdf_native,false,raw/sg/supply_act_2025/20260916T0812Z__native.pdf,Supply Act 2025,Act 11 of 2025,,,playwright,200,raw/sg/supply_act_2025/20260916T0812Z__native.pdf.headers.json,application/pdf,886485e9852bfa9bd6a606554ff101cc703f9d132397be7096ce05485d0bec8d,83288,4,,,,corpus SG_corpus_2026-09-16: from SG_ws_2026-09-15; flags short_principal,2025-03-20,,,Current
0.2.0,,sg-vpa2026-001,SG,https://sso.agc.gov.sg/Act/VPA2026?ViewType=Pdf,2026-09-16T08:55:07Z,pdf_native,false,raw/sg/veterinary_practice_act_2026/20260916T0855Z__native.pdf,Veterinary Practice Act 2026,Act 11 of 2026,,,requests,200,raw/sg/veterinary_practice_act_2026/20260916T0855Z__native.pdf.headers.json,application/pdf,e527be2351ac25340f8cdbd7ff30a62f310cebc401aee6054cf6d65765815d09,438803,109,,,,corpus SG_corpus_2026-09-16: from SG_ws_2026-09-15,2026-06-08,,,Current
0.2.0,,sg-tca1988-001,SG,https://sso.agc.gov.sg/Act/TCA1988?ViewType=Pdf,2026-09-16T10:26:04Z,pdf_native,false,raw/sg/town_councils_act_1988/20260916T1026Z__native.pdf,Town Councils Act 1988,Act 12 of 1988,,,requests,200,raw/sg/town_councils_act_1988/20260916T1026Z__native.pdf.headers.json,application/pdf,14bc34dbdb257af7ce9bc06b5cdf73bf3aeb0a8e7c8b8cf1f8c1d2798559ce0a,443565,117,,,,corpus SG_corpus_2026-09-16: from SG_ws_2026-09-15,2026-06-08,,,Current
0.2.0,,sg-macma2000-001,SG,https://sso.agc.gov.sg/Act/MACMA2000?ViewType=Pdf,2026-09-16T04:36:44Z,pdf_native,false,raw/sg/mutual_assistance_in_criminal_matters_act_2000/20260916T0436Z__native.pdf,Mutual Assistance in Criminal Matters Act 2000,Act 12 of 2000,,,requests,200,raw/sg/mutual_assistance_in_criminal_matters_act_2000/20260916T0436Z__native.pdf.headers.json,application/pdf,9fc725235192c962c059a7a29c475c9c1f254f171f4cc03c4ad93e182af6116a,504197,130,,,,corpus SG_corpus_2026-09-16: from SG_ws_2026-09-15,2025-03-05,,,Current
0.2.0,,sg-dca2001-001,SG,https://sso.agc.gov.sg/Act/DCA2001?ViewType=Pdf,2026-09-15T19:42:12Z,pdf_native,false,raw/sg/district_cooling_act_2001/20260915T1942Z__native.pdf,District Cooling Act 2001,Act 12 of 2001,,,playwright,200,raw/sg/district_cooling_act_2001/20260915T1942Z__native.pdf.headers.json,application/pdf,f56a2a7ab2845a7489809216d3caaa0264de85c33ee657472901a71d6bc65ca1,193659,34,,,,corpus SG_corpus_2026-09-16: from SG_ws_2026-09-15,2021-10-11,,,Current
0.2.0,,sg-sfa2026-001,SG,https://sso.agc.gov.sg/Acts-Supp/12-2026/Published/20260612?DocDate=20260612&ViewType=Pdf,2026-09-16T13:11:19Z,pdf_native,false,raw/sg/securities_and_futures_amendment_act_2026/20260916T1311Z__native.pdf,Securities and Futures (Amendment) Act 2026,Act 12 of 2026,,,playwright,200,raw/sg/securities_and_futures_amendment_act_2026/20260916T1311Z__native.pdf.headers.json,application/pdf,43e0abea9c10a988c451fdf861e7a3725c8bcba1b63f5f364e30a5d16f6bfb15,314174,24,,,,corpus SG_corpus_2026-09-16: from SG_ws_2026-09-15,2026-06-12,,,
0.2.0,,sg-rda1988-001,SG,https://sso.agc.gov.sg/Act/RDA1988?ViewType=Pdf,2026-09-16T02:41:18Z,pdf_native,false,raw/sg/registration_of_deeds_act_1988/20260916T0241Z__native.pdf,Registration of Deeds Act 1988,Act 13 of 1988,,,requests,200,raw/sg/registration_of_deeds_act_1988/20260916T0241Z__native.pdf.headers.json,application/pdf,44c5a492665d1fd00266d7c9a31214942f65de864281fef0f12135a9fc9148f5,224876,37,,,,corpus SG_corpus_2026-09-16: from SG_ws_2026-09-15,2024-10-02,,,Current
0.2.0,,sg-nhba1993-001,SG,https://sso.agc.gov.sg/Act/NHBA1993?ViewType=Pdf,2026-09-16T00:50:58Z,pdf_native,false,raw/sg/national_heritage_board_act_1993/20260916T0050Z__native.pdf,National Heritage Board Act 1993,Act 13 of 1993,,,playwright,200,raw/sg/national_heritage_board_act_1993/20260916T0050Z__native.pdf.headers.json,application/pdf,a14c1d7833b23e2280a0d7c87971a2af0a44ecc9a3a1d3c8ed96bac1343690f1,218229,31,,,,corpus SG_corpus_2026-09-16: from SG_ws_2026-09-15,2021-12-31,,,Current
0.2.0,,sg-hwa1997-001,SG,https://sso.agc.gov.sg/Act/HWCEITA1997?ViewType=Pdf,2026-09-15T22:07:53Z,pdf_native,false,raw/sg/hazardous_waste_control_of_export_import_and_transit_act_1997/20260915T2207Z__native.pdf,"Hazardous Waste (Control of Export, Import and Transit) Act 1997",Act 13 of 1997,,,requests,200,raw/sg/hazardous_waste_control_of_export_import_and_transit_act_1997/20260915T2207Z__native.pdf.headers.json,application/pdf,fc59ac68569482c803492a626f0c27395231cadbadb7f30b7b4dc7aef83090ce,426485,102,,,,corpus SG_corpus_2026-09-16: from SG_ws_2026-09-15,2024-11-19,,,Current
0.2.0,,sg-mecesa2000-001,SG,https://sso.agc.gov.sg/Act/MECESA2000?ViewType=Pdf,2026-09-16T00:04:46Z,pdf_native,false,raw/sg/medical_and_elderly_care_endowment_schemes_act_2000/20260916T0004Z__native.pdf,Medical and Elderly Care Endowment Schemes Act 2000,Act 13 of 2000,,,playwright,200,raw/sg/medical_and_elderly_care_endowment_schemes_act_2000/20260916T0004Z__native.pdf.headers.json,application/pdf,cc228ab6be434cff144f11672c5b9658b88cb06d2ec820313fb50524cafa0acb,212345,35,,,,corpus SG_corpus_2026-09-16: from SG_ws_2026-09-15,2025-11-28,,,Current
0.2.0,,sg-flpa2012-001,SG,https://sso.agc.gov.sg/Act/FLPA2012?ViewType=Pdf,2026-09-16T04:09:27Z,pdf_native,false,raw/sg/foreign_limitation_periods_act_2012/20260916T0409Z__native.pdf,Foreign Limitation Periods Act 2012,Act 13 of 2012,,,requests,200,raw/sg/foreign_limitation_periods_act_2012/20260916T0409Z__native.pdf.headers.json,application/pdf,5d35f00ad2857a5525c0dc0dfe6b213f90657a31e8096aa730096541636bda2b,94627,7,,,,corpus SG_corpus_2026-09-16: from SG_ws_2026-09-15,2021-12-31,,,Current
0.2.0,,sg-fhca2013-001,SG,https://sso.agc.gov.sg/Act/FHCA2013?ViewType=Pdf,2026-09-15T20:23:08Z,pdf_native,false,raw/sg/financial_holding_companies_act_2013/20260915T2023Z__native.pdf,Financial Holding Companies Act 2013,Act 13 of 2013,,,playwright,200,raw/sg/financial_holding_companies_act_2013/20260915T2023Z__native.pdf.headers.json,application/pdf,9a4c146816826d23f3f9db243de771e832f27abd483fd4a657fba68911e20916,415776,109,,,,corpus SG_corpus_2026-09-16: from SG_ws_2026-09-15,2025-02-11,,,Current
0.2.0,,sg-ca2025b347-001,SG,https://sso.agc.gov.sg/Acts-Supp/13-2025/Published/20250415?DocDate=20250415&ViewType=Pdf,2026-09-16T13:18:03Z,pdf_native,false,raw/sg/competition_amendment_act_2025/20260916T1318Z__native.pdf,Competition (Amendment) Act 2025,Act 13 of 2025,,,requests,200,raw/sg/competition_amendment_act_2025/20260916T1318Z__native.pdf.headers.json,application/pdf,89e7ea0a9835cbc4ca27499de4c9b5f6a0139087cec2324dce41d9db123923e4,134568,15,,,,corpus SG_corpus_2026-09-16: from SG_ws_2026-09-15,2025-04-15,,,
0.2.0,,sg-epha1987-001,SG,https://sso.agc.gov.sg/Act/EPHA1987?ViewType=Pdf,2026-09-15T20:12:50Z,pdf_native,false,raw/sg/environmental_public_health_act_1987/20260915T2012Z__native.pdf,Environmental Public Health Act 1987,Act 14 of 1987,,,requests,200,raw/sg/environmental_public_health_act_1987/20260915T2012Z__native.pdf.headers.json,application/pdf,ec6b7d4637e6657c656cda5c3e1855a5e4af70cbf5f08e3834d6506bf33c47de,725597,198,,,,corpus SG_corpus_2026-09-16: from SG_ws_2026-09-15,2026-06-08,,,Current
0.2.0,,sg-psa1988-001,SG,https://sso.agc.gov.sg/Act/PSMVCNAAA1988?ViewType=Pdf,2026-09-16T06:14:22Z,pdf_native,false,raw/sg/public_service_monthly_variable_component_and_non_pensionable_annual_allowance_act_1988/20260916T0614Z__native.pdf,Public Service (Monthly Variable Component and Non-pensionable Annual Allowance) Act 1988,Act 14 of 1988,,,requests,200,raw/sg/public_service_monthly_variable_component_and_non_pensionable_annual_allowance_act_1988/20260916T0614Z__native.pdf.headers.json,application/pdf,2211e50d2e62d0d298e5c2a28eedc66fb32bafcdcf36c8115896a4237f369f38,172790,6,,,,corpus SG_corpus_2026-09-16: from SG_ws_2026-09-15,2021-12-31,,,Current
0.2.0,,sg-ncssa1992-001,SG,https://sso.agc.gov.sg/Act/NCSSA1992?ViewType=Pdf,2026-09-16T00:48:51Z,pdf_native,false,raw/sg/national_council_of_social_service_act_1992/20260916T0048Z__native.pdf,National Council of Social Service Act 1992,Act 14 of 1992,,,playwright,200,raw/sg/national_council_of_social_service_act_1992/20260916T0048Z__native.pdf.headers.json,application/pdf,ac26e5bf6a334dbc948e40e679f0e9ed2413cb348ff9ca5454a4e06de77e740c,220607,40,,,,corpus SG_corpus_2026-09-16: from SG_ws_2026-09-15,2026-03-02,,,Current
0.2.0,,sg-rrea1993-001,SG,https://sso.agc.gov.sg/Act/RRA1993?ViewType=Pdf,2026-09-16T02:50:19Z,pdf_native,false,raw/sg/retirement_and_re_employment_act_1993/20260916T0250Z__native.pdf,Retirement and Re-employment Act 1993,Act 14 of 1993,,,requests,200,raw/sg/retirement_and_re_employment_act_1993/20260916T0250Z__native.pdf.headers.json,application/pdf,d22223b6e73acffb9444216960c346b6040dc586a253ba03ed75f1f7028df0d5,158281,30,,,,corpus SG_corpus_2026-09-16: from SG_ws_2026-09-15,2021-12-07,,,Current
0.2.0,,sg-sga1995-001,SG,https://sso.agc.gov.sg/Act/SGUNCA1995?ViewType=Pdf,2026-09-16T03:01:18Z,pdf_native,false,raw/sg/sale_of_goods_united_nations_convention_act_1995/20260916T0301Z__native.pdf,Sale of Goods (United Nations Convention) Act 1995,Act 14 of 1995,,,requests,200,raw/sg/sale_of_goods_united_nations_convention_act_1995/20260916T0301Z__native.pdf.headers.json,application/pdf,9da8fcce8597c9ef0d26ffdbb61fd8750065e3256fee4dae3b1feb36cfd36508,171801,34,,,,corpus SG_corpus_2026-09-16: from SG_ws_2026-09-15,2021-12-31,,,Current
0.2.0,,sg-gpa1997-001,SG,https://sso.agc.gov.sg/Act/GPA1997?ViewType=Pdf,2026-09-15T21:06:53Z,pdf_native,false,raw/sg/government_procurement_act_1997/20260915T2106Z__native.pdf,Government Procurement Act 1997,Act 14 of 1997,,,requests,200,raw/sg/government_procurement_act_1997/20260915T2106Z__native.pdf.headers.json,application/pdf,e1bdf82bc4101a606630edcf36c11c74b94245e5d48a7dbaa28a482657bebf6f,133916,23,,,,corpus SG_corpus_2026-09-16: from SG_ws_2026-09-15,2021-12-31,,,Current
0.2.0,,sg-rpa2002-001,SG,https://sso.agc.gov.sg/Act/RPA2002?ViewType=Pdf,2026-09-16T02:45:21Z,pdf_native,false,raw/sg/republic_polytechnic_act_2002/20260916T0245Z__native.pdf,Republic Polytechnic Act 2002,Act 14 of 2002,,,requests,200,raw/sg/republic_polytechnic_act_2002/20260916T0245Z__native.pdf.headers.json,application/pdf,86f6f38b3a10c2049138d81849367982f3c6091b6018a28b2c3b8648c7e3be5f,149366,20,,,,corpus SG_corpus_2026-09-16: from SG_ws_2026-09-15,2008-02-25,,,Current
0.2.0,,sg-ca2010-001,SG,https://sso.agc.gov.sg/Act/CA2010?ViewType=Pdf,2026-09-15T18:56:06Z,pdf_native,false,raw/sg/coroners_act_2010/20260915T1856Z__native.pdf,Coroners Act 2010,Act 14 of 2010,,,playwright,200,raw/sg/coroners_act_2010/20260915T1856Z__native.pdf.headers.json,application/pdf,d5b84541cde0fdee7a22aff9a0491bb91e664e4579fa49c20f0b59f53bd73595,208523,38,,,,corpus SG_corpus_2026-09-16: from SG_ws_2026-09-15,2023-01-09,,,Current
0.2.0,,sg-sutda2011-001,SG,https://sso.agc.gov.sg/Act/SUTDA2011?ViewType=Pdf,2026-09-16T10:07:01Z,pdf_native,false,raw/sg/singapore_university_of_technology_and_design_act_2011/20260916T1007Z__native.pdf,Singapore University of Technology and Design Act 2011,Act 14 of 2011,,,requests,200,raw/sg/singapore_university_of_technology_and_design_act_2011/20260916T1007Z__native.pdf.headers.json,application/pdf,6bdcd7ede7fa6918d39c24765285a45a42f8d78a8165c17af193268cc9f2ba77,100732,9,,,,corpus SG_corpus_2026-09-16: from SG_ws_2026-09-15,2021-12-31,,,Current
0.2.0,,sg-ca2020-001,SG,https://sso.agc.gov.sg/Act/COVID19TMA2020?ViewType=Pdf,2026-09-15T19:33:07Z,pdf_native,false,raw/sg/covid_19_temporary_measures_act_2020/20260915T1933Z__native.pdf,COVID-19 (Temporary Measures) Act 2020,Act 14 of 2020,,,playwright,200,raw/sg/covid_19_temporary_measures_act_2020/20260915T1933Z__native.pdf.headers.json,application/pdf,ef9b4c3339296ea84b8ca38f8c49cfbdd7ed543fe617091836ccf150b334db95,712677,205,,,,corpus SG_corpus_2026-09-16: from SG_ws_2026-09-15,2026-06-08,,,Current
0.2.0,,sg-grasa2022-001,SG,https://sso.agc.gov.sg/Act/GRASA2022?ViewType=Pdf,2026-09-15T21:00:31Z,pdf_native,false,raw/sg/gambling_regulatory_authority_of_singapore_act_2022/20260915T2100Z__native.pdf,Gambling Regulatory Authority of Singapore Act 2022,Act 14 of 2022,,,playwright,200,raw/sg/gambling_regulatory_authority_of_singapore_act_2022/20260915T2100Z__native.pdf.headers.json,application/pdf,ff755b629e79a30644c8b89822d6456de00843ec4b6b6c74df4ceffdc2e6fabe,217343,46,,,,corpus SG_corpus_2026-09-16: from SG_ws_2026-09-15,2024-10-03,,,Current
0.2.0,,sg-srha2025-001,SG,https://sso.agc.gov.sg/Act/SRHA2025?ViewType=Pdf,2026-09-16T07:47:06Z,pdf_native,false,raw/sg/social_residential_homes_act_2025/20260916T0747Z__native.pdf,Social Residential Homes Act 2025,Act 14 of 2025,,,requests,200,raw/sg/social_residential_homes_act_2025/20260916T0747Z__native.pdf.headers.json,application/pdf,cd2841c064bc2de72ccd5ebcee803ce1bfec806aea95cc294116102a17240051,454966,128,,,,corpus SG_corpus_2026-09-16: from SG_ws_2026-09-15,2026-06-30,,,Current
0.2.0,,sg-cpfa2026-001,SG,https://sso.agc.gov.sg/Acts-Supp/14-2026/Published/20260615?DocDate=20260615&ViewType=Pdf,2026-09-16T13:03:38Z,pdf_native,false,raw/sg/central_provident_fund_amendment_act_2026/20260916T1303Z__native.pdf,Central Provident Fund (Amendment) Act 2026,Act 14 of 2026,,,requests,200,raw/sg/central_provident_fund_amendment_act_2026/20260916T1303Z__native.pdf.headers.json,application/pdf,30527eeb2b066623a6201b98d3766f00a298ab49be9372f3f1ce0b0a420e8149,248806,14,,,,corpus SG_corpus_2026-09-16: from SG_ws_2026-09-15,2026-06-15,,,
0.2.0,,sg-hota1987-001,SG,https://sso.agc.gov.sg/Act/HOTA1987?ViewType=Pdf,2026-09-16T04:22:16Z,pdf_native,false,raw/sg/human_organ_transplant_act_1987/20260916T0422Z__native.pdf,Human Organ Transplant Act 1987,Act 15 of 1987,,,playwright,200,raw/sg/human_organ_transplant_act_1987/20260916T0422Z__native.pdf.headers.json,application/pdf,be282df3fd7a1cdc1aa964c71b643d668d00d1ebdd679f7f25870843d849c9d0,182180,32,,,,corpus SG_corpus_2026-09-16: from SG_ws_2026-09-15,2025-11-28,,,Current
0.2.0,,sg-ria1992-001,SG,https://sso.agc.gov.sg/Act/RIA1992?ViewType=Pdf,2026-09-16T02:56:38Z,pdf_native,false,raw/sg/rubber_industry_act_1992/20260916T0256Z__native.pdf,Rubber Industry Act 1992,Act 15 of 1992,,,requests,200,raw/sg/rubber_industry_act_1992/20260916T0256Z__native.pdf.headers.json,application/pdf,ee1e0bb655419b672970e3edff76125ab0942a95f6c31b76aa669baa1354545c,241103,24,,,,corpus SG_corpus_2026-09-16: from SG_ws_2026-09-15,2021-12-31,,,Current
0.2.0,,sg-ba1994-001,SG,https://sso.agc.gov.sg/Act/BA1994?ViewType=Pdf,2026-09-15T19:26:16Z,pdf_native,false,raw/sg/broadcasting_act_1994/20260915T1926Z__native.pdf,Broadcasting Act 1994,Act 15 of 1994,,,requests,200,raw/sg/broadcasting_act_1994/20260915T1926Z__native.pdf.headers.json,application/pdf,be97c12366fcca9fb28b38a045c48eb85809e9d046e8807e0977a89f9e483566,407256,102,,,,corpus SG_corpus_2026-09-16: from SG_ws_2026-09-15,2024-09-24,,,Current
0.2.0,,sg-hpa2007-001,SG,https://sso.agc.gov.sg/Act/HPA2007?ViewType=Pdf,2026-09-15T22:09:32Z,pdf_native,false,raw/sg/health_products_act_2007/20260915T2209Z__native.pdf,Health Products Act 2007,Act 15 of 2007,,,requests,200,raw/sg/health_products_act_2007/20260915T2209Z__native.pdf.headers.json,application/pdf,9575b3fa1776510167e0fb771d628f0722ef21894091745fe5898f1697265953,337927,86,,,,corpus SG_corpus_2026-09-16: from SG_ws_2026-09-15,2025-11-28,,,Current
0.2.0,,sg-poa2009-001,SG,https://sso.agc.gov.sg/Act/POA2009?ViewType=Pdf,2026-09-16T02:19:52Z,pdf_native,false,raw/sg/public_order_act_2009/20260916T0219Z__native.pdf,Public Order Act 2009,Act 15 of 2009,,,requests,200,raw/sg/public_order_act_2009/20260916T0219Z__native.pdf.headers.json,application/pdf,165eb1ba62d03cb0b2ad7e703b2a3e15182315284ffb457ce2a8606510f30732,288942,68,,,,corpus SG_corpus_2026-09-16: from SG_ws_2026-09-15,2020-05-11,,,Current
0.2.0,,sg-cpc2010-001,SG,https://sso.agc.gov.sg/Act/CPC2010?ViewType=Pdf,2026-09-15T14:11:58Z,pdf_native,false,raw/sg/criminal_procedure_code_2010/20260915T1411Z__native.pdf,Criminal Procedure Code 2010,Act 15 of 2010,P7,P7-I5,requests,200,raw/sg/criminal_procedure_code_2010/20260915T1411Z__native.pdf.headers.json,application/pdf,3413744bf976bc231366f988848a90f5335b82431742029e38ef5b7d4d40d1ae,2035410,599,,,,corpus SG_corpus_2026-09-16: from SG_ws_2026-09-15,2025-03-05,,,Current
0.2.0,,sg-dipopsa2011-001,SG,https://sso.agc.gov.sg/Act/DIPOPSA2011?ViewType=Pdf,2026-09-15T19:39:21Z,pdf_native,false,raw/sg/deposit_insurance_and_policy_owners_protection_schemes_act_2011/20260915T1939Z__native.pdf,Deposit Insurance and Policy Owners’ Protection Schemes Act 2011,Act 15 of 2011,,,playwright,200,raw/sg/deposit_insurance_and_policy_owners_protection_schemes_act_2011/20260915T1939Z__native.pdf.headers.json,application/pdf,1a28f3a02c80ea077f27615d00afa12a7fea5e811196a407f221977faae7825d,576064,139,,,,corpus SG_corpus_2026-09-16: from SG_ws_2026-09-15,2025-02-11,,,Current
0.2.0,,sg-sigla2021-001,SG,https://sso.agc.gov.sg/Act/SIGLA2021?ViewType=Pdf,2026-09-16T03:19:54Z,pdf_native,false,raw/sg/significant_infrastructure_government_loan_act_2021/20260916T0319Z__native.pdf,Significant Infrastructure Government Loan Act 2021,Act 15 of 2021,,,playwright,200,raw/sg/significant_infrastructure_government_loan_act_2021/20260916T0319Z__native.pdf.headers.json,application/pdf,497890125ca2f9cb42969a9f773e8552541c88a2cbf8c183a662eb7ffcf8ff08,158383,24,,,,corpus SG_corpus_2026-09-16: from SG_ws_2026-09-15,2026-04-27,,,Current
0.2.0,,sg-gca2022-001,SG,https://sso.agc.gov.sg/Act/GCA2022?ViewType=Pdf,2026-09-15T20:59:29Z,pdf_native,false,raw/sg/gambling_control_act_2022/20260915T2059Z__native.pdf,Gambling Control Act 2022,Act 15 of 2022,,,requests,200,raw/sg/gambling_control_act_2022/20260915T2059Z__native.pdf.headers.json,application/pdf,a3267541e6d9d32b3771f6aa765f89a9d76068c91f537a2332a3c767e8243963,744697,225,,,,corpus SG_corpus_2026-09-16: from SG_ws_2026-09-15,2023-10-30,,,Current
0.2.0,,sg-sa20265052-001,SG,https://sso.agc.gov.sg/Acts-Supp/15-2026/Published/20260608?DocDate=20260608&ViewType=Pdf,2026-09-16T14:19:30Z,pdf_native,false,raw/sg/statutes_miscellaneous_amendments_act_2026/20260916T1419Z__native.pdf,Statutes (Miscellaneous Amendments) Act 2026,Act 15 of 2026,,,requests,200,raw/sg/statutes_miscellaneous_amendments_act_2026/20260916T1419Z__native.pdf.headers.json,application/pdf,471aec0de794bb6ed9465f23688f618723e0889fce82771f31c9114456b40331,404879,24,,,,corpus SG_corpus_2026-09-16: from SG_ws_2026-09-15,2026-06-08,,,
0.2.0,,sg-amda1996-001,SG,https://sso.agc.gov.sg/Act/AMDA1996?ViewType=Pdf,2026-09-15T18:03:32Z,pdf_native,false,raw/sg/advance_medical_directive_act_1996/20260915T1803Z__native.pdf,Advance Medical Directive Act 1996,Act 16 of 1996,,,playwright,200,raw/sg/advance_medical_directive_act_1996/20260915T1803Z__native.pdf.headers.json,application/pdf,cbc83c84bcd1b28dfdaf568db77439fc20e1fc536e9fc65589075fe69846c540,140811,18,,,,corpus SG_corpus_2026-09-16: from SG_ws_2026-09-15,2023-04-04,,,Current
0.2.0,,sg-ta2002-001,SG,https://sso.agc.gov.sg/Act/TSFA2002?ViewType=Pdf,2026-09-16T11:28:11Z,pdf_native,false,raw/sg/terrorism_suppression_of_financing_act_2002/20260916T1128Z__native.pdf,Terrorism (Suppression of Financing) Act 2002,Act 16 of 2002,,,requests,200,raw/sg/terrorism_suppression_of_financing_act_2002/20260916T1128Z__native.pdf.headers.json,application/pdf,7f2c797cbdbd1ac4804b6979b0dc73e422dd0dfd2ef56edae83025a05598fb72,223175,45,,,,corpus SG_corpus_2026-09-16: from SG_ws_2026-09-15,2026-08-25,,,Current
0.2.0,,sg-pma2009-001,SG,https://sso.agc.gov.sg/Act/PMA2009?ViewType=Pdf,2026-09-16T06:03:03Z,pdf_native,false,raw/sg/preservation_of_monuments_act_2009/20260916T0603Z__native.pdf,Preservation of Monuments Act 2009,Act 16 of 2009,,,playwright,200,raw/sg/preservation_of_monuments_act_2009/20260916T0603Z__native.pdf.headers.json,application/pdf,d381a190d7d81ddf71fe7e741dad06ee45604dc640f98e829251a2995ed384fa,238722,42,,,,corpus SG_corpus_2026-09-16: from SG_ws_2026-09-15,2021-12-31,,,Current
0.2.0,,sg-eta2010-001,SG,https://sso.agc.gov.sg/Act/ETA2010?ViewType=Pdf,2026-09-15T20:09:37Z,pdf_native,false,raw/sg/electronic_transactions_act_2010/20260915T2009Z__native.pdf,Electronic Transactions Act 2010,Act 16 of 2010,,,requests,200,raw/sg/electronic_transactions_act_2010/20260915T2009Z__native.pdf.headers.json,application/pdf,7a17e5e184c6395ecc2dd313e7744a78cb0e2ae5f0ce46b92cb9b6f8cd06d852,271930,59,,,,corpus SG_corpus_2026-09-16: from SG_ws_2026-09-15,2025-01-07,,,Current
0.2.0,,sg-sca2013-001,SG,https://sso.agc.gov.sg/Act/SCARTA2013?ViewType=Pdf,2026-09-16T08:00:17Z,pdf_native,false,raw/sg/status_of_children_assisted_reproduction_technology_act_2013/20260916T0800Z__native.pdf,Status of Children (Assisted Reproduction Technology) Act 2013,Act 16 of 2013,,,requests,200,raw/sg/status_of_children_assisted_reproduction_technology_act_2013/20260916T0800Z__native.pdf.headers.json,application/pdf,925af8599043bb83dafa61eb3ab620cf601d9fe1b0f4eb53a63abc53b9aa9e4f,137635,19,,,,corpus SG_corpus_2026-09-16: from SG_ws_2026-09-15,2021-10-11,,,Current
0.2.0,,sg-caasa2025-001,SG,https://sso.agc.gov.sg/Acts-Supp/16-2025/Published/20251119?DocDate=20251119&ViewType=Pdf,2026-09-16T13:17:37Z,pdf_native,false,raw/sg/civil_aviation_authority_of_singapore_amendment_act_2025/20260916T1317Z__native.pdf,Civil Aviation Authority of Singapore (Amendment) Act 2025,Act 16 of 2025,,,playwright,200,raw/sg/civil_aviation_authority_of_singapore_amendment_act_2025/20260916T1317Z__native.pdf.headers.json,application/pdf,6eb70e294e18a289ca8eaf874268d0cb8971837de732278aff0af30fea185f27,130745,13,,,,corpus SG_corpus_2026-09-16: from SG_ws_2026-09-15,2025-11-19,,,
0.2.0,,sg-slaa2001-001,SG,https://sso.agc.gov.sg/Act/SLAA2001?ViewType=Pdf,2026-09-16T06:24:16Z,pdf_native,false,raw/sg/singapore_land_authority_act_2001/20260916T0624Z__native.pdf,Singapore Land Authority Act 2001,Act 17 of 2001,,,requests,200,raw/sg/singapore_land_authority_act_2001/20260916T0624Z__native.pdf.headers.json,application/pdf,a6ff935c52100fc5e450a4b034ec9ae34be3e5f575f2c69ca4535fa3a3309347,181630,31,,,,corpus SG_corpus_2026-09-16: from SG_ws_2026-09-15,2026-04-27,,,Current
0.2.0,,sg-nrfa2006-001,SG,https://sso.agc.gov.sg/Act/NRFA2006?ViewType=Pdf,2026-09-16T00:57:26Z,pdf_native,false,raw/sg/national_research_fund_act_2006/20260916T0057Z__native.pdf,National Research Fund Act 2006,Act 17 of 2006,,,requests,200,raw/sg/national_research_fund_act_2006/20260916T0057Z__native.pdf.headers.json,application/pdf,65b453944a02c862a5b555752b82f722197de6e49e7c2f58b9402ebf62e05866,119608,17,,,,corpus SG_corpus_2026-09-16: from SG_ws_2026-09-15,2021-12-31,,,Current
0.2.0,,sg-pfha2014-001,SG,https://sso.agc.gov.sg/Act/PHA2014?ViewType=Pdf,2026-09-16T02:13:28Z,pdf_native,false,raw/sg/protection_from_harassment_act_2014/20260916T0213Z__native.pdf,Protection from Harassment Act 2014,Act 17 of 2014,,,requests,200,raw/sg/protection_from_harassment_act_2014/20260916T0213Z__native.pdf.headers.json,application/pdf,be02eb2c67a999b39fc500ab283d31b72a91a5831e21d0715c8434c140380cdc,324362,78,,,,corpus SG_corpus_2026-09-16: from SG_ws_2026-09-15,2025-12-03,,,Current
0.2.0,,sg-rbda2021-001,SG,https://sso.agc.gov.sg/Act/RBDA2021?ViewType=Pdf,2026-09-16T02:38:47Z,pdf_native,false,raw/sg/registration_of_births_and_deaths_act_2021/20260916T0238Z__native.pdf,Registration of Births and Deaths Act 2021,Act 17 of 2021,,,requests,200,raw/sg/registration_of_births_and_deaths_act_2021/20260916T0238Z__native.pdf.headers.json,application/pdf,9efd82e8d5163e4fd84d40cb834fe019d3dea5a2ca2a89e9af8c9ff474c3fd1a,267376,62,,,,corpus SG_corpus_2026-09-16: from SG_ws_2026-09-15,2022-06-16,,,Current
0.2.0,,sg-tsa2025-001,SG,https://sso.agc.gov.sg/Acts-Supp/17-2025/Published/20251119?DocDate=20251119&ViewType=Pdf,2026-09-16T12:13:00Z,pdf_native,false,raw/sg/transport_sector_miscellaneous_amendments_act_2025/20260916T1213Z__native.pdf,Transport Sector (Miscellaneous Amendments) Act 2025,Act 17 of 2025,,,requests,200,raw/sg/transport_sector_miscellaneous_amendments_act_2025/20260916T1213Z__native.pdf.headers.json,application/pdf,a6e10c63504d4a63bf6ce6195518d22bcd593d7d09beff0faab3d61c2d7565e4,172394,27,,,,corpus SG_corpus_2026-09-16: from SG_ws_2026-09-15,2025-11-19,,,
0.2.0,,sg-swdaa2026-001,SG,https://sso.agc.gov.sg/Act/SWDAA2026?ViewType=Pdf,2026-09-16T10:08:15Z,pdf_native,false,raw/sg/skills_and_workforce_development_agency_act_2026/20260916T1008Z__native.pdf,Skills and Workforce Development Agency Act 2026,Act 17 of 2026,,,requests,200,raw/sg/skills_and_workforce_development_agency_act_2026/20260916T1008Z__native.pdf.headers.json,application/pdf,872a851fe9a5fa813808286a65ef96d19b6823147ba61b8da862d737b0d8d82b,303614,74,,,,corpus SG_corpus_2026-09-16: from SG_ws_2026-09-15,2026-06-05,,,Current
0.2.0,,sg-ptca1987-001,SG,https://sso.agc.gov.sg/Act/PTCA1987?ViewType=Pdf,2026-09-16T07:26:22Z,pdf_native,false,raw/sg/public_transport_council_act_1987/20260916T0726Z__native.pdf,Public Transport Council Act 1987,Act 18 of 1987,,,requests,200,raw/sg/public_transport_council_act_1987/20260916T0726Z__native.pdf.headers.json,application/pdf,720da0990890d1b2c2c9f19cc52d696c674cea1d0b9df2b7660080f871195bf8,397071,97,,,,corpus SG_corpus_2026-09-16: from SG_ws_2026-09-15,2025-10-09,,,Current
0.2.0,,sg-sala1988-001,SG,https://sso.agc.gov.sg/Act/SALA1988?ViewType=Pdf,2026-09-16T03:23:15Z,pdf_native,false,raw/sg/singapore_academy_of_law_act_1988/20260916T0323Z__native.pdf,Singapore Academy of Law Act 1988,Act 18 of 1988,,,playwright,200,raw/sg/singapore_academy_of_law_act_1988/20260916T0323Z__native.pdf.headers.json,application/pdf,c2d827b082b906e9ccfec7be2a31892937359cf84ce761756cf48545509871b1,160034,25,,,,corpus SG_corpus_2026-09-16: from SG_ws_2026-09-15,2024-01-03,,,Current
0.2.0,,sg-ppsa1990-001,SG,https://sso.agc.gov.sg/Act/PPSA1990?ViewType=Pdf,2026-09-16T02:02:12Z,pdf_native,false,raw/sg/prevention_of_pollution_of_the_sea_act_1990/20260916T0202Z__native.pdf,Prevention of Pollution of the Sea Act 1990,Act 18 of 1990,,,requests,200,raw/sg/prevention_of_pollution_of_the_sea_act_1990/20260916T0202Z__native.pdf.headers.json,application/pdf,eec0556d52a68ce49eef9b15af6e8a91741adb612ed1a4f9a9ff149d6c9b7be5,256023,46,,,,corpus SG_corpus_2026-09-16: from SG_ws_2026-09-15,2021-12-31,,,Current
0.2.0,,sg-cpa1993-001,SG,https://sso.agc.gov.sg/Act/CPA1993?ViewType=Pdf,2026-09-15T18:52:14Z,pdf_native,false,raw/sg/control_of_plants_act_1993/20260915T1852Z__native.pdf,Control of Plants Act 1993,Act 18 of 1993,,,playwright,200,raw/sg/control_of_plants_act_1993/20260915T1852Z__native.pdf.headers.json,application/pdf,2263002af5a35e0188621cdfd3ae6cc974bc8f8a0c242e2475eab4c9f8ad09ba,248362,45,,,,corpus SG_corpus_2026-09-16: from SG_ws_2026-09-15,2021-10-11,,,Current
0.2.0,,sg-pfofma2019-001,SG,https://sso.agc.gov.sg/Act/POFMA2019?ViewType=Pdf,2026-09-16T02:14:41Z,pdf_native,false,raw/sg/protection_from_online_falsehoods_and_manipulation_act_2019/20260916T0214Z__native.pdf,Protection from Online Falsehoods and Manipulation Act 2019,Act 18 of 2019,,,requests,200,raw/sg/protection_from_online_falsehoods_and_manipulation_act_2019/20260916T0214Z__native.pdf.headers.json,application/pdf,193bdeeffa4d8ab2c5a154caa5c8d4af66be4cb427fb9a314a2f5362ad318fe9,264863,71,,,,corpus SG_corpus_2026-09-16: from SG_ws_2026-09-15,2021-12-31,,,Current
0.2.0,,sg-fsma2022-001,SG,https://sso.agc.gov.sg/Act/FSMA2022?ViewType=Pdf,2026-09-15T20:24:42Z,pdf_native,false,raw/sg/financial_services_and_markets_act_2022/20260915T2024Z__native.pdf,Financial Services and Markets Act 2022,Act 18 of 2022,,,playwright,200,raw/sg/financial_services_and_markets_act_2022/20260915T2024Z__native.pdf.headers.json,application/pdf,8e8d33853ef8541a288622561d482d122c2cc909f4a750d19b04a7516241bdda,1279498,409,,,,corpus SG_corpus_2026-09-16: from SG_ws_2026-09-15,2022-05-11,,,Current
0.2.0,,sg-clltca2025-001,SG,https://sso.agc.gov.sg/Acts-Supp/18-2025/Published/20251126?DocDate=20251126&ViewType=Pdf,2026-09-16T13:16:25Z,pdf_native,false,raw/sg/careshield_life_and_long_term_care_amendment_act_2025/20260916T1316Z__native.pdf,CareShield Life and Long-Term Care (Amendment) Act 2025,Act 18 of 2025,,,playwright,200,raw/sg/careshield_life_and_long_term_care_amendment_act_2025/20260916T1316Z__native.pdf.headers.json,application/pdf,94d42fb8668c530c3c34ddee0bb8657f2068887f8a947e065195160dd2b89dc1,118108,10,,,,corpus SG_corpus_2026-09-16: from SG_ws_2026-09-15,2025-11-26,,,
0.2.0,,sg-rta2026-001,SG,https://sso.agc.gov.sg/Acts-Supp/18-2026/Published/20260908?DocDate=20260908&ViewType=Pdf,2026-09-16T13:10:07Z,pdf_native,false,raw/sg/road_traffic_miscellaneous_amendments_act_2026/20260916T1310Z__native.pdf,Road Traffic (Miscellaneous Amendments) Act 2026,Act 18 of 2026,,,playwright,200,raw/sg/road_traffic_miscellaneous_amendments_act_2026/20260916T1310Z__native.pdf.headers.json,application/pdf,ab07a22b6b668a3b121352c3d2804033109c3c9300d7c7ae497ac5dbca420846,770362,31,,,,corpus SG_corpus_2026-09-16: from SG_ws_2026-09-15,2026-09-08,,,
0.2.0,,sg-msa1995-001,SG,https://sso.agc.gov.sg/Act/MSA1995?ViewType=Pdf,2026-09-16T00:20:35Z,pdf_native,false,raw/sg/merchant_shipping_act_1995/20260916T0020Z__native.pdf,Merchant Shipping Act 1995,Act 19 of 1995,,,requests,200,raw/sg/merchant_shipping_act_1995/20260916T0020Z__native.pdf.headers.json,application/pdf,26e8069037a9ac7be73348eefe033160c8f585678dbdd1cf4b632dfa2fe9b4c5,613034,159,,,,corpus SG_corpus_2026-09-16: from SG_ws_2026-09-15,2026-04-24,,,Current
0.2.0,,sg-hta2010-001,SG,https://sso.agc.gov.sg/Act/HTA2010?ViewType=Pdf,2026-09-15T22:26:11Z,pdf_native,false,raw/sg/hostage_taking_act_2010/20260915T2226Z__native.pdf,Hostage-Taking Act 2010,Act 19 of 2010,,,playwright,200,raw/sg/hostage_taking_act_2010/20260915T2226Z__native.pdf.headers.json,application/pdf,243720c266c91e33ec3ec475584ad656cd7169d89460e7779a198b859b8daf0b,117248,14,,,,corpus SG_corpus_2026-09-16: from SG_ws_2026-09-15,2022-05-11,,,Current
0.2.0,,sg-gia2014-001,SG,https://sso.agc.gov.sg/Act/GIA2014?ViewType=Pdf,2026-09-15T21:02:21Z,pdf_native,false,raw/sg/geographical_indications_act_2014/20260915T2102Z__native.pdf,Geographical Indications Act 2014,Act 19 of 2014,,,requests,200,raw/sg/geographical_indications_act_2014/20260915T2102Z__native.pdf.headers.json,application/pdf,e86d35aba9ebd84907621895194bba054b44802a6a6b538944a80286d9308c4f,333185,80,,,,corpus SG_corpus_2026-09-16: from SG_ws_2026-09-15,2026-07-31,,,Current
0.2.0,,sg-aja2016-001,SG,https://sso.agc.gov.sg/Act/AJPA2016?ViewType=Pdf,2026-09-15T18:01:18Z,pdf_native,false,raw/sg/administration_of_justice_protection_act_2016/20260915T1801Z__native.pdf,Administration of Justice (Protection) Act 2016,Act 19 of 2016,,,requests,200,raw/sg/administration_of_justice_protection_act_2016/20260915T1801Z__native.pdf.headers.json,application/pdf,10890838230cee5af944061ecf326eee26913e8bbbac8d10f9970479c9fc51a2,236298,46,,,,corpus SG_corpus_2026-09-16: from SG_ws_2026-09-15,2024-12-10,,,Current
0.2.0,,sg-ecdca2017-001,SG,https://sso.agc.gov.sg/Act/ECDCA2017?ViewType=Pdf,2026-09-15T20:07:18Z,pdf_native,false,raw/sg/early_childhood_development_centres_act_2017/20260915T2007Z__native.pdf,Early Childhood Development Centres Act 2017,Act 19 of 2017,,,requests,200,raw/sg/early_childhood_development_centres_act_2017/20260915T2007Z__native.pdf.headers.json,application/pdf,cb6f711215c3aa4322ea2a41f80576c282a2345d759d79fc2b2a218a9eab6e28,282453,65,,,,corpus SG_corpus_2026-09-16: from SG_ws_2026-09-15,2025-04-15,,,Current
0.2.0,,sg-ca2024-001,SG,https://sso.agc.gov.sg/Acts-Supp/19-2024/Published/20240704?ViewType=Pdf,2026-09-15T16:40:29Z,pdf_native,false,raw/sg/cybersecurity_amendment_act_2024/20260915T1640Z__native.pdf,Cybersecurity (Amendment) Act 2024,Act 19 of 2024,P7,P7-I2,playwright,200,raw/sg/cybersecurity_amendment_act_2024/20260915T1640Z__native.pdf.headers.json,application/pdf,66c78279e34ec1c07005f9d008e7abd44cee6505eaaff1255d86cefe7caede0a,320306,84,,,,corpus SG_corpus_2026-09-16: from SG_ws_2026-09-15,,,,
0.2.0,,sg-sa2025877e-001,SG,https://sso.agc.gov.sg/Acts-Supp/19-2025/Published/20251128?DocDate=20251128&ViewType=Pdf,2026-09-16T13:24:35Z,pdf_native,false,raw/sg/statutes_miscellaneous_amendments_act_2025/20260916T1324Z__native.pdf,Statutes (Miscellaneous Amendments) Act 2025,Act 19 of 2025,,,requests,200,raw/sg/statutes_miscellaneous_amendments_act_2025/20260916T1324Z__native.pdf.headers.json,application/pdf,06253d9ff2aef5a3e498f24f060f700aa6b1ae829537b837bbc2504d5f644464,190150,37,,,,corpus SG_corpus_2026-09-16: from SG_ws_2026-09-15,2025-11-28,,,
0.2.0,,sg-pa2015-001,SG,https://sso.agc.gov.sg/Act/PA2015?ViewType=Pdf,2026-09-16T01:29:23Z,pdf_native,false,raw/sg/pawnbrokers_act_2015/20260916T0129Z__native.pdf,Pawnbrokers Act 2015,Act 2 of 2015,,,playwright,200,raw/sg/pawnbrokers_act_2015/20260916T0129Z__native.pdf.headers.json,application/pdf,210845059a4774c9e16694185d55fa1cdbe59ce16bb32a1b880d11fd087e4c0d,329031,78,,,,corpus SG_corpus_2026-09-16: from SG_ws_2026-09-15,2024-11-18,,,Current
0.2.0,,sg-psa2019-001,SG,https://sso.agc.gov.sg/Act/PSA2019?ViewType=Pdf,2026-09-16T01:31:56Z,pdf_native,false,raw/sg/payment_services_act_2019/20260916T0131Z__native.pdf,Payment Services Act 2019,Act 2 of 2019,,,playwright,200,raw/sg/payment_services_act_2019/20260916T0131Z__native.pdf.headers.json,application/pdf,6644db515eb0e28046f9726b6244907e8817e6eb05592ada2d12249326c2d9b7,738506,216,,,,corpus SG_corpus_2026-09-16: from SG_ws_2026-09-15,2025-02-11,,,Current
0.2.0,,sg-mta2021-001,SG,https://sso.agc.gov.sg/Act/MTA2021?ViewType=Pdf,2026-09-16T04:34:06Z,pdf_native,false,raw/sg/multimodal_transport_act_2021/20260916T0434Z__native.pdf,Multimodal Transport Act 2021,Act 2 of 2021,,,requests,200,raw/sg/multimodal_transport_act_2021/20260916T0434Z__native.pdf.headers.json,application/pdf,b083200f0fe8cf409876b1e0b9c4abe9b4ba7d6d4b9dbc26847ca22ef100f8e7,150656,28,,,,corpus SG_corpus_2026-09-16: from SG_ws_2026-09-15,2021-12-31,,,Current
0.2.0,,sg-rta2025-001,SG,https://sso.agc.gov.sg/Acts-Supp/2-2025/Published/20250217?DocDate=20250217&ViewType=Pdf,2026-09-16T13:22:26Z,pdf_native,false,raw/sg/road_traffic_miscellaneous_amendments_act_2025/20260916T1322Z__native.pdf,Road Traffic (Miscellaneous Amendments) Act 2025,Act 2 of 2025,,,requests,200,raw/sg/road_traffic_miscellaneous_amendments_act_2025/20260916T1322Z__native.pdf.headers.json,application/pdf,aa4df66b795249c4ce7fd131499aa8cb350febb00e59020852462a567cb0b4fb,161353,25,,,,corpus SG_corpus_2026-09-16: from SG_ws_2026-09-15,2025-02-17,,,
0.2.0,,sg-psa2026-001,SG,https://sso.agc.gov.sg/Acts-Supp/2-2026/Published/20260216?DocDate=20260216&ViewType=Pdf,2026-09-16T11:52:16Z,pdf_native,false,raw/sg/public_sector_governance_amendment_act_2026/20260916T1152Z__native.pdf,Public Sector (Governance) (Amendment) Act 2026,Act 2 of 2026,,,requests,200,raw/sg/public_sector_governance_amendment_act_2026/20260916T1152Z__native.pdf.headers.json,application/pdf,dc02f1076d356fce8286a3efd5514dd744b634f6bbc772f8d15f7c6e2ad911b9,123879,12,,,,corpus SG_corpus_2026-09-16: from SG_ws_2026-09-15,2026-02-16,,,
0.2.0,,sg-laaa1995-001,SG,https://sso.agc.gov.sg/Act/LAAA1995?ViewType=Pdf,2026-09-15T23:36:47Z,pdf_native,false,raw/sg/legal_aid_and_advice_act_1995/20260915T2336Z__native.pdf,Legal Aid and Advice Act 1995,Act 20 of 1995,,,playwright,200,raw/sg/legal_aid_and_advice_act_1995/20260915T2336Z__native.pdf.headers.json,application/pdf,eb6091db7836be4000c04e798c7ada88d04325c4d2eb011197de5d749a9beb18,216363,38,,,,corpus SG_corpus_2026-09-16: from SG_ws_2026-09-15,2023-10-30,,,Current
0.2.0,,sg-ppptia2019-001,SG,https://sso.agc.gov.sg/Act/PPPTIA2019?ViewType=Pdf,2026-09-16T05:58:41Z,pdf_native,false,raw/sg/point_to_point_passenger_transport_industry_act_2019/20260916T0558Z__native.pdf,Point-to-Point Passenger Transport Industry Act 2019,Act 20 of 2019,,,requests,200,raw/sg/point_to_point_passenger_transport_industry_act_2019/20260916T0558Z__native.pdf.headers.json,application/pdf,9991b07ce6e46ee8008bca8f11a497638f5256f71299ff898ba053616bb82cce,369083,86,,,,corpus SG_corpus_2026-09-16: from SG_ws_2026-09-15,2026-02-24,,,Current
0.2.0,,sg-aca2022-001,SG,https://sso.agc.gov.sg/Act/ACA2022?ViewType=Pdf,2026-09-15T18:02:58Z,pdf_native,false,raw/sg/adoption_of_children_act_2022/20260915T1802Z__native.pdf,Adoption of Children Act 2022,Act 20 of 2022,,,playwright,200,raw/sg/adoption_of_children_act_2022/20260915T1802Z__native.pdf.headers.json,application/pdf,af26bbbae6edc7ee3cd044a198caf66e3b67662f15877de715da532356e449d5,387852,101,,,,corpus SG_corpus_2026-09-16: from SG_ws_2026-09-15,2022-10-28,,,Current
0.2.0,,sg-efma1990-001,SG,https://sso.agc.gov.sg/Act/EFMA1990?ViewType=Pdf,2026-09-15T20:10:36Z,pdf_native,false,raw/sg/employment_of_foreign_manpower_act_1990/20260915T2010Z__native.pdf,Employment of Foreign Manpower Act 1990,Act 21 of 1990,,,requests,200,raw/sg/employment_of_foreign_manpower_act_1990/20260915T2010Z__native.pdf.headers.json,application/pdf,48f5649cacd50266781a59dd103216a46e8f8b6a416aa2d1a7d588dffc46ebe3,289111,61,,,,corpus SG_corpus_2026-09-16: from SG_ws_2026-09-15,2023-10-30,,,Current
0.2.0,,sg-pa1994-001,SG,https://sso.agc.gov.sg/Act/PA1994?ViewType=Pdf,2026-09-16T01:28:19Z,pdf_native,false,raw/sg/patents_act_1994/20260916T0128Z__native.pdf,Patents Act 1994,Act 21 of 1994,,,playwright,200,raw/sg/patents_act_1994/20260916T0128Z__native.pdf.headers.json,application/pdf,2632a0c7ee7451105ce76d7c770c390f39381ea26adf59be5128dea99bc3fa17,602948,158,,,,corpus SG_corpus_2026-09-16: from SG_ws_2026-09-15,2025-02-11,,,Current
0.2.0,,sg-sca2007-001,SG,https://sso.agc.gov.sg/Act/SCA2007?ViewType=Pdf,2026-09-16T07:50:32Z,pdf_native,false,raw/sg/spam_control_act_2007/20260916T0750Z__native.pdf,Spam Control Act 2007,Act 21 of 2007,,,requests,200,raw/sg/spam_control_act_2007/20260916T0750Z__native.pdf.headers.json,application/pdf,c6df0f722793c586da472b26285b45194b8761b171600ea9359971e746985ab0,128774,18,,,,corpus SG_corpus_2026-09-16: from SG_ws_2026-09-15,2021-10-11,,,Current
0.2.0,,sg-mha2008-001,SG,https://sso.agc.gov.sg/Act/MHCTA2008?ViewType=Pdf,2026-09-16T00:12:17Z,pdf_native,false,raw/sg/mental_health_care_and_treatment_act_2008/20260916T0012Z__native.pdf,Mental Health (Care and Treatment) Act 2008,Act 21 of 2008,,,requests,200,raw/sg/mental_health_care_and_treatment_act_2008/20260916T0012Z__native.pdf.headers.json,application/pdf,7bad3543d13df9b85f9d633a737f1a3f0b0f7325206de8c99bba2ebbd86ce46d,177394,30,,,,corpus SG_corpus_2026-09-16: from SG_ws_2026-09-15,2024-05-27,,,Current
0.2.0,,sg-pea2009-001,SG,https://sso.agc.gov.sg/Act/PEA2009?ViewType=Pdf,2026-09-16T02:05:50Z,pdf_native,false,raw/sg/private_education_act_2009/20260916T0205Z__native.pdf,Private Education Act 2009,Act 21 of 2009,,,requests,200,raw/sg/private_education_act_2009/20260916T0205Z__native.pdf.headers.json,application/pdf,29d6a555c4436ea28f3b0210b55a2ccf8b41fd0eca13754bf06ce0e0738ea182,295486,71,,,,corpus SG_corpus_2026-09-16: from SG_ws_2026-09-15,2026-06-05,,,Current
0.2.0,,sg-ppa2012-001,SG,https://sso.agc.gov.sg/Act/PPAA2012?ViewType=Pdf,2026-09-16T05:47:06Z,pdf_native,false,raw/sg/parliamentary_pensions_abolition_act_2012/20260916T0547Z__native.pdf,Parliamentary Pensions (Abolition) Act 2012,Act 21 of 2012,,,requests,200,raw/sg/parliamentary_pensions_abolition_act_2012/20260916T0547Z__native.pdf.headers.json,application/pdf,45ffb6fd5cdf98718ea241109cc19ba6478a32f3e8239d28aaf3de63ae8a4c3b,103426,10,,,,corpus SG_corpus_2026-09-16: from SG_ws_2026-09-15,2021-12-31,,,Current
0.2.0,,sg-eca2016-001,SG,https://sso.agc.gov.sg/Act/ECA2016?ViewType=Pdf,2026-09-15T20:10:20Z,pdf_native,false,raw/sg/employment_claims_act_2016/20260915T2010Z__native.pdf,Employment Claims Act 2016,Act 21 of 2016,,,requests,200,raw/sg/employment_claims_act_2016/20260915T2010Z__native.pdf.headers.json,application/pdf,31d9839502050daaaa51ca3d2488b50b840ab4351eddd47b008f45ea5787d4b2,247031,54,,,,corpus SG_corpus_2026-09-16: from SG_ws_2026-09-15,2025-03-28,,,Current
0.2.0,,sg-kwsfha2017-001,SG,https://sso.agc.gov.sg/Act/TKWSFHTUDA2017?ViewType=Pdf,2026-09-16T10:22:34Z,pdf_native,false,raw/sg/the_kwong_wai_shiu_free_hospital_transfer_of_undertaking_and_dissolution_act_2017/20260916T1022Z__native.pdf,The Kwong-Wai-Shiu Free Hospital (Transfer of Undertaking and Dissolution) Act 2017,Act 21 of 2017,,,requests,200,raw/sg/the_kwong_wai_shiu_free_hospital_transfer_of_undertaking_and_dissolution_act_2017/20260916T1022Z__native.pdf.headers.json,application/pdf,9689e5c8908ca7f2887d3c5c7eaaf80a59c3c403ba9f35209b7c3c61285b5b6d,48495,7,,,,corpus SG_corpus_2026-09-16: from SG_ws_2026-09-15,2017-05-15,,,Current
0.2.0,,sg-cbra2018-001,SG,https://sso.agc.gov.sg/Act/CBRA2018?ViewType=Pdf,2026-09-15T19:34:21Z,pdf_native,false,raw/sg/cross_border_railways_act_2018/20260915T1934Z__native.pdf,Cross-Border Railways Act 2018,Act 21 of 2018,,,playwright,200,raw/sg/cross_border_railways_act_2018/20260915T1934Z__native.pdf.headers.json,application/pdf,8be963349e5f6789e767131ab5764000ca156f76b5a3217f45d2b61612683b2e,380209,86,,,,corpus SG_corpus_2026-09-16: from SG_ws_2026-09-15,2021-02-22,,,Current
0.2.0,,sg-htstaa2019-001,SG,https://sso.agc.gov.sg/Act/HTSTAA2019?ViewType=Pdf,2026-09-16T04:17:07Z,pdf_native,false,raw/sg/home_team_science_and_technology_agency_act_2019/20260916T0417Z__native.pdf,Home Team Science and Technology Agency Act 2019,Act 21 of 2019,,,requests,200,raw/sg/home_team_science_and_technology_agency_act_2019/20260916T0417Z__native.pdf.headers.json,application/pdf,cb87af85d7be856e68303163a788391249fb53dd575366a5be65413d3bf73aad,209081,41,,,,corpus SG_corpus_2026-09-16: from SG_ws_2026-09-15,2022-01-12,,,Current
0.2.0,,sg-cla2025-001,SG,https://sso.agc.gov.sg/Acts-Supp/21-2025/Published/20251203?DocDate=20251203&ViewType=Pdf,2026-09-16T12:05:24Z,pdf_native,false,raw/sg/criminal_law_miscellaneous_amendments_act_2025/20260916T1205Z__native.pdf,Criminal Law (Miscellaneous Amendments) Act 2025,Act 21 of 2025,,,requests,200,raw/sg/criminal_law_miscellaneous_amendments_act_2025/20260916T1205Z__native.pdf.headers.json,application/pdf,09a037db8d0eb6462dc2da6ec3fecd8ffeef8895b7e272fc3801682992b1f389,229507,51,,,,corpus SG_corpus_2026-09-16: from SG_ws_2026-09-15,2025-12-03,,,
0.2.0,,sg-sca1989-001,SG,https://sso.agc.gov.sg/Act/SCCCFA1989?ViewType=Pdf,2026-09-16T08:04:19Z,pdf_native,false,raw/sg/statutory_corporations_contributions_to_consolidated_fund_act_1989/20260916T0804Z__native.pdf,Statutory Corporations (Contributions to Consolidated Fund) Act 1989,Act 22 of 1989,,,requests,200,raw/sg/statutory_corporations_contributions_to_consolidated_fund_act_1989/20260916T0804Z__native.pdf.headers.json,application/pdf,d0a7037c1589ee51d1cf83a17ab158c93e206c1f7fc7d3950bef38c0ca2b0ebd,122490,16,,,,corpus SG_corpus_2026-09-16: from SG_ws_2026-09-15,2026-06-05,,,Current
0.2.0,,sg-aa1991-001,SG,https://sso.agc.gov.sg/Act/AA1991?ViewType=Pdf,2026-09-15T18:11:10Z,pdf_native,false,raw/sg/architects_act_1991/20260915T1811Z__native.pdf,Architects Act 1991,Act 22 of 1991,,,requests,200,raw/sg/architects_act_1991/20260915T1811Z__native.pdf.headers.json,application/pdf,12777c74588b32804ca420a839243d5e471c769753b53f5c506d8398918705c1,331771,78,,,,corpus SG_corpus_2026-09-16: from SG_ws_2026-09-15,2026-06-08,,,Current
0.2.0,,sg-npba1996-001,SG,https://sso.agc.gov.sg/Act/NPBA1996?ViewType=Pdf,2026-09-16T00:52:48Z,pdf_native,false,raw/sg/national_parks_board_act_1996/20260916T0052Z__native.pdf,National Parks Board Act 1996,Act 22 of 1996,,,requests,200,raw/sg/national_parks_board_act_1996/20260916T0052Z__native.pdf.headers.json,application/pdf,602810d0f362ce1e9877688ea5ff48375c6057dafe9e300bdc7959eaff3127e4,251450,42,,,,corpus SG_corpus_2026-09-16: from SG_ws_2026-09-15,2021-12-31,,,Current
0.2.0,,sg-pvpa2004-001,SG,https://sso.agc.gov.sg/Act/PVPA2004?ViewType=Pdf,2026-09-16T05:55:54Z,pdf_native,false,raw/sg/plant_varieties_protection_act_2004/20260916T0555Z__native.pdf,Plant Varieties Protection Act 2004,Act 22 of 2004,,,requests,200,raw/sg/plant_varieties_protection_act_2004/20260916T0555Z__native.pdf.headers.json,application/pdf,a18761b2f0140929b887d6c0f711547de6786a808e10cae653246ec7b7ff992e,196640,42,,,,corpus SG_corpus_2026-09-16: from SG_ws_2026-09-15,2019-09-11,,,Current
0.2.0,,sg-mca2008-001,SG,https://sso.agc.gov.sg/Act/MCA2008?ViewType=Pdf,2026-09-16T00:11:14Z,pdf_native,false,raw/sg/mental_capacity_act_2008/20260916T0011Z__native.pdf,Mental Capacity Act 2008,Act 22 of 2008,,,requests,200,raw/sg/mental_capacity_act_2008/20260916T0011Z__native.pdf.headers.json,application/pdf,6b8c4673cfb4b3359b1eb222e93754609775bce59d61a50e386681bb2a85fb63,394428,99,,,,corpus SG_corpus_2026-09-16: from SG_ws_2026-09-15,2025-02-11,,,Current
0.2.0,,sg-icmdaa2016-001,SG,https://sso.agc.gov.sg/Act/IMDAA2016?ViewType=Pdf,2026-09-16T04:24:47Z,pdf_native,false,raw/sg/info_communications_media_development_authority_act_2016/20260916T0424Z__native.pdf,Info-communications Media Development Authority Act 2016,Act 22 of 2016,,,playwright,200,raw/sg/info_communications_media_development_authority_act_2016/20260916T0424Z__native.pdf.headers.json,application/pdf,1c266c7a6158a8bff9fe3baddaf9c5a1f3a2b112b7fc3d857cf65a9d9c22f95e,301489,71,,,,corpus SG_corpus_2026-09-16: from SG_ws_2026-09-15,2025-12-08,,,Current
0.2.0,,sg-ca2021-001,SG,https://sso.agc.gov.sg/Act/CA2021?ViewType=Pdf,2026-09-15T18:54:26Z,pdf_native,false,raw/sg/copyright_act_2021/20260915T1854Z__native.pdf,Copyright Act 2021,Act 22 of 2021,,,requests,200,raw/sg/copyright_act_2021/20260915T1854Z__native.pdf.headers.json,application/pdf,98094db095b04d17534a82ead8b99316360f860b2dac85d6dc4cd7af31571792,1059361,349,,,,corpus SG_corpus_2026-09-16: from SG_ws_2026-09-15,2025-02-11,,,Current
0.2.0,,sg-cspa2024-001,SG,https://sso.agc.gov.sg/Act/CSPA2024?ViewType=Pdf,2026-09-15T18:56:53Z,pdf_native,false,raw/sg/corporate_service_providers_act_2024/20260915T1856Z__native.pdf,Corporate Service Providers Act 2024,Act 22 of 2024,,,requests,200,raw/sg/corporate_service_providers_act_2024/20260915T1856Z__native.pdf.headers.json,application/pdf,f15a05614ac83cf9353b54edbb1ec9c8bad7588ee52e926f76207f7ad556f461,246492,59,,,,corpus SG_corpus_2026-09-16: from SG_ws_2026-09-15,2024-08-07,,,Current
0.2.0,,sg-pea1991ab40-001,SG,https://sso.agc.gov.sg/Act/PEA1991?ViewType=Pdf,2026-09-16T06:11:17Z,pdf_native,false,raw/sg/professional_engineers_act_1991/20260916T0611Z__native.pdf,Professional Engineers Act 1991,Act 23 of 1991,,,playwright,200,raw/sg/professional_engineers_act_1991/20260916T0611Z__native.pdf.headers.json,application/pdf,2e78d9ffaaf2461d9a7c1bcdb8bd32859b9b63a843de0e383c1eb905549c6036,334070,80,,,,corpus SG_corpus_2026-09-16: from SG_ws_2026-09-15,2026-06-08,,,Current
0.2.0,,sg-iaa1994-001,SG,https://sso.agc.gov.sg/Act/IAA1994?ViewType=Pdf,2026-09-15T23:05:34Z,pdf_native,false,raw/sg/international_arbitration_act_1994/20260915T2305Z__native.pdf,International Arbitration Act 1994,Act 23 of 1994,,,requests,200,raw/sg/international_arbitration_act_1994/20260915T2305Z__native.pdf.headers.json,application/pdf,7b753def82a5ab875626f161e1de4f654d171afb82f5e4d4ff5dd61b22b0a03e,314850,63,,,,corpus SG_corpus_2026-09-16: from SG_ws_2026-09-15,2025-02-11,,,Current
0.2.0,,sg-gtaa2016-001,SG,https://sso.agc.gov.sg/Act/GTAA2016?ViewType=Pdf,2026-09-15T22:03:34Z,pdf_native,false,raw/sg/government_technology_agency_act_2016/20260915T2203Z__native.pdf,Government Technology Agency Act 2016,Act 23 of 2016,,,requests,200,raw/sg/government_technology_agency_act_2016/20260915T2203Z__native.pdf.headers.json,application/pdf,1bb645182fc47c127979bb7e77a35c6e6fc0b3031a91da407757df2440f5f337,215538,51,,,,corpus SG_corpus_2026-09-16: from SG_ws_2026-09-15,2021-12-31,,,Current
0.2.0,,sg-pda2022-001,SG,https://sso.agc.gov.sg/Act/PDA2022?ViewType=Pdf,2026-09-16T02:17:02Z,pdf_native,false,raw/sg/public_defenders_act_2022/20260916T0217Z__native.pdf,Public Defenders Act 2022,Act 23 of 2022,,,requests,200,raw/sg/public_defenders_act_2022/20260916T0217Z__native.pdf.headers.json,application/pdf,690cac0912f6e8c460b309190f337964788e1b42e8ea60522c6d61975d8a1cfc,175594,33,,,,corpus SG_corpus_2026-09-16: from SG_ws_2026-09-15,2026-04-24,,,Current
0.2.0,,sg-osa2025-001,SG,https://sso.agc.gov.sg/Act/OSRAA2025?ViewType=Pdf,2026-09-16T01:12:54Z,pdf_native,false,raw/sg/online_safety_relief_and_accountability_act_2025/20260916T0112Z__native.pdf,Online Safety (Relief and Accountability) Act 2025,Act 23 of 2025,,,requests,200,raw/sg/online_safety_relief_and_accountability_act_2025/20260916T0112Z__native.pdf.headers.json,application/pdf,781a1ed50824f8097cc94159d56fd443a10560560944087776c13aebd67a4d0c,511839,134,,,,corpus SG_corpus_2026-09-16: from SG_ws_2026-09-15,2025-12-08,,,Current
0.2.0,,sg-isa1987-001,SG,https://sso.agc.gov.sg/Act/ISA1987?ViewType=Pdf,2026-09-15T23:16:05Z,pdf_native,false,raw/sg/intoxicating_substances_act_1987/20260915T2316Z__native.pdf,Intoxicating Substances Act 1987,Act 24 of 1987,,,requests,200,raw/sg/intoxicating_substances_act_1987/20260915T2316Z__native.pdf.headers.json,application/pdf,b13cf704db99819192248a430e3a0ef77f234423bee4b73e0a4ac100fea9c48a,205984,39,,,,corpus SG_corpus_2026-09-16: from SG_ws_2026-09-15,2025-02-11,,,Current
0.2.0,,sg-astra1990-001,SG,https://sso.agc.gov.sg/Act/ASTRA1990?ViewType=Pdf,2026-09-15T18:04:03Z,pdf_native,false,raw/sg/agency_for_science_technology_and_research_act_1990/20260915T1804Z__native.pdf,"Agency for Science, Technology and Research Act 1990",Act 24 of 1990,,,playwright,200,raw/sg/agency_for_science_technology_and_research_act_1990/20260915T1804Z__native.pdf.headers.json,application/pdf,c549b0afe7d8483bed43441af76a6add546781e69de7fe7be00d07f93c66b6b7,200808,26,,,,corpus SG_corpus_2026-09-16: from SG_ws_2026-09-15,2021-12-31,,,Current
0.2.0,,sg-lsa1991-001,SG,https://sso.agc.gov.sg/Act/LSA1991?ViewType=Pdf,2026-09-15T23:28:56Z,pdf_native,false,raw/sg/land_surveyors_act_1991/20260915T2328Z__native.pdf,Land Surveyors Act 1991,Act 24 of 1991,,,requests,200,raw/sg/land_surveyors_act_1991/20260915T2328Z__native.pdf.headers.json,application/pdf,d7cf0f1f1d54a4fb423fcecd8dcdf0dc985e1ecfe24bec1e20f031096a9fface,247061,47,,,,corpus SG_corpus_2026-09-16: from SG_ws_2026-09-15,2024-10-02,,,Current
0.2.0,,sg-riea1995-001,SG,https://sso.agc.gov.sg/Act/RIEA1995?ViewType=Pdf,2026-09-16T02:42:52Z,pdf_native,false,raw/sg/regulation_of_imports_and_exports_act_1995/20260916T0242Z__native.pdf,Regulation of Imports and Exports Act 1995,Act 24 of 1995,,,requests,200,raw/sg/regulation_of_imports_and_exports_act_1995/20260916T0242Z__native.pdf.headers.json,application/pdf,1ba450f0154b4cb71d088ecb31a02a1661a962fa142508b0f4821b740747cf56,285937,53,,,,corpus SG_corpus_2026-09-16: from SG_ws_2026-09-15,2025-02-11,,,Current
0.2.0,,sg-cvpa1998-001,SG,https://sso.agc.gov.sg/Act/CVPA1998?ViewType=Pdf,2026-09-15T18:52:22Z,pdf_native,false,raw/sg/control_of_vectors_and_pesticides_act_1998/20260915T1852Z__native.pdf,Control of Vectors and Pesticides Act 1998,Act 24 of 1998,,,requests,200,raw/sg/control_of_vectors_and_pesticides_act_1998/20260915T1852Z__native.pdf.headers.json,application/pdf,de4da0cbb2b2333e805db2de944235ac1e52949e2d3bff620c11b8abcc8cb243,266254,51,,,,corpus SG_corpus_2026-09-16: from SG_ws_2026-09-15,2026-06-08,,,Current
0.2.0,,sg-dra1999-001,SG,https://sso.agc.gov.sg/Act/DRA1999?ViewType=Pdf,2026-09-15T19:38:32Z,pdf_native,false,raw/sg/dental_registration_act_1999/20260915T1938Z__native.pdf,Dental Registration Act 1999,Act 24 of 1999,,,playwright,200,raw/sg/dental_registration_act_1999/20260915T1938Z__native.pdf.headers.json,application/pdf,e3f574d486f6f9dd009e250369bb5822452927b309cf0bca398df1539dd307f1,404712,99,,,,corpus SG_corpus_2026-09-16: from SG_ws_2026-09-15,2026-09-02,,,Current
0.2.0,,sg-pfa2004-001,SG,https://sso.agc.gov.sg/Act/PFA2004?ViewType=Pdf,2026-09-16T01:49:39Z,pdf_native,false,raw/sg/police_force_act_2004/20260916T0149Z__native.pdf,Police Force Act 2004,Act 24 of 2004,,,requests,200,raw/sg/police_force_act_2004/20260916T0149Z__native.pdf.headers.json,application/pdf,e9ff9f812e9b71ae20d3764452bb75ae01e0ca4376c948de825729118ada5fb3,619292,169,,,,corpus SG_corpus_2026-09-16: from SG_ws_2026-09-15,2024-12-12,,,Current
0.2.0,,sg-msa2008-001,SG,https://sso.agc.gov.sg/Act/MSCLCBOPA2008?ViewType=Pdf,2026-09-16T00:15:18Z,pdf_native,false,raw/sg/merchant_shipping_civil_liability_and_compensation_for_bunker_oil_pollution_act_2008/20260916T0015Z__native.pdf,Merchant Shipping (Civil Liability and Compensation for Bunker Oil Pollution) Act 2008,Act 24 of 2008,,,requests,200,raw/sg/merchant_shipping_civil_liability_and_compensation_for_bunker_oil_pollution_act_2008/20260916T0015Z__native.pdf.headers.json,application/pdf,53180494d0445bc21723feea9727b40977488ccec2de5bcc68e1139ce182279f,159045,26,,,,corpus SG_corpus_2026-09-16: from SG_ws_2026-09-15,2021-10-11,,,Current
0.2.0,,sg-thpa2014-001,SG,https://sso.agc.gov.sg/Act/THPA2014?ViewType=Pdf,2026-09-16T08:35:35Z,pdf_native,false,raw/sg/transboundary_haze_pollution_act_2014/20260916T0835Z__native.pdf,Transboundary Haze Pollution Act 2014,Act 24 of 2014,,,requests,200,raw/sg/transboundary_haze_pollution_act_2014/20260916T0835Z__native.pdf.headers.json,application/pdf,90eefbab84dc2f5013ca31c1753e93dcdac9493341b6f030f76eea34b253730f,156704,29,,,,corpus SG_corpus_2026-09-16: from SG_ws_2026-09-15,2022-10-28,,,Current
0.2.0,,sg-aiiba2015-001,SG,https://sso.agc.gov.sg/Act/AIIBA2015?ViewType=Pdf,2026-09-15T18:13:13Z,pdf_native,false,raw/sg/asian_infrastructure_investment_bank_act_2015/20260915T1813Z__native.pdf,Asian Infrastructure Investment Bank Act 2015,Act 24 of 2015,,,requests,200,raw/sg/asian_infrastructure_investment_bank_act_2015/20260915T1813Z__native.pdf.headers.json,application/pdf,fa702a5da0b9908305821488efb10f6333eebef6ce5b2eabac0a5167b6c81869,102918,10,,,,corpus SG_corpus_2026-09-16: from SG_ws_2026-09-15,2021-12-31,,,Current
0.2.0,,sg-recja2019-001,SG,https://sso.agc.gov.sg/Act/RECJRA2019?ViewType=Pdf,2026-09-16T02:34:06Z,pdf_native,false,raw/sg/reciprocal_enforcement_of_commonwealth_judgments_repeal_act_2019/20260916T0234Z__native.pdf,Reciprocal Enforcement of Commonwealth Judgments (Repeal) Act 2019,Act 24 of 2019,,,playwright,200,raw/sg/reciprocal_enforcement_of_commonwealth_judgments_repeal_act_2019/20260916T0234Z__native.pdf.headers.json,application/pdf,ef4120a50cfaf18387b5c2460b53ec9e66115f4c2647f75579c5b7d6e3d81a9e,36917,4,,,,corpus SG_corpus_2026-09-16: from SG_ws_2026-09-15; flags short_principal,2019-10-01,,,Current
0.2.0,,sg-cala2025-001,SG,https://sso.agc.gov.sg/Acts-Supp/24-2025/Published/20251203?DocDate=20251203&ViewType=Pdf,2026-09-16T12:04:11Z,pdf_native,false,raw/sg/corporate_and_accounting_laws_amendment_act_2025/20260916T1204Z__native.pdf,Corporate and Accounting Laws (Amendment) Act 2025,Act 24 of 2025,,,requests,200,raw/sg/corporate_and_accounting_laws_amendment_act_2025/20260916T1204Z__native.pdf.headers.json,application/pdf,ac1b94821f18ea1a11439bc3e3789e4d13dd84ac8ab575d870821827f5fb7619,367525,93,,,,corpus SG_corpus_2026-09-16: from SG_ws_2026-09-15,2025-12-03,,,
0.2.0,,sg-irasa1992-001,SG,https://sso.agc.gov.sg/Act/IRASA1992?ViewType=Pdf,2026-09-15T22:53:35Z,pdf_native,false,raw/sg/inland_revenue_authority_of_singapore_act_1992/20260915T2253Z__native.pdf,Inland Revenue Authority of Singapore Act 1992,Act 25 of 1992,,,playwright,200,raw/sg/inland_revenue_authority_of_singapore_act_1992/20260915T2253Z__native.pdf.headers.json,application/pdf,ef0cf9bb0d29aa42c2bba87c8d2962ee567903ef9bf2c55c28e5a7a93458af44,251616,53,,,,corpus SG_corpus_2026-09-16: from SG_ws_2026-09-15,2026-09-10,,,Current
0.2.0,,sg-rda2000-001,SG,https://sso.agc.gov.sg/Act/RDA2000?ViewType=Pdf,2026-09-16T02:38:13Z,pdf_native,false,raw/sg/registered_designs_act_2000/20260916T0238Z__native.pdf,Registered Designs Act 2000,Act 25 of 2000,,,playwright,200,raw/sg/registered_designs_act_2000/20260916T0238Z__native.pdf.headers.json,application/pdf,4e029e4c176b692252518529a477a8e2380d284058f8fb744425847edd06c27c,421100,98,,,,corpus SG_corpus_2026-09-16: from SG_ws_2026-09-15,2025-02-11,,,Current
0.2.0,,sg-moda2004-001,SG,https://sso.agc.gov.sg/Act/MODA2004?ViewType=Pdf,2026-09-15T23:55:09Z,pdf_native,false,raw/sg/manufacture_of_optical_discs_act_2004/20260915T2355Z__native.pdf,Manufacture of Optical Discs Act 2004,Act 25 of 2004,,,playwright,200,raw/sg/manufacture_of_optical_discs_act_2004/20260915T2355Z__native.pdf.headers.json,application/pdf,0e6fa3f6594e7a795c76cfced92ca590a628fbbe9e747564c3fa3e4c5e637e4f,135084,23,,,,corpus SG_corpus_2026-09-16: from SG_ws_2026-09-15,2021-12-31,,,Current
0.2.0,,sg-eaa2010-001,SG,https://sso.agc.gov.sg/Act/EAA2010?ViewType=Pdf,2026-09-15T20:13:07Z,pdf_native,false,raw/sg/estate_agents_act_2010/20260915T2013Z__native.pdf,Estate Agents Act 2010,Act 25 of 2010,,,requests,200,raw/sg/estate_agents_act_2010/20260915T2013Z__native.pdf.headers.json,application/pdf,ab29908612987b7bfe9632a82d23e9afd9a82d94c24c81a951aeedad6123a1c6,344155,85,,,,corpus SG_corpus_2026-09-16: from SG_ws_2026-09-15,2025-04-15,,,Current
0.2.0,,sg-aga2014-001,SG,https://sso.agc.gov.sg/Act/AGAFA2014?ViewType=Pdf,2026-09-15T18:13:55Z,pdf_native,false,raw/sg/attorney_general_additional_functions_act_2014/20260915T1813Z__native.pdf,Attorney-General (Additional Functions) Act 2014,Act 25 of 2014,,,requests,200,raw/sg/attorney_general_additional_functions_act_2014/20260915T1813Z__native.pdf.headers.json,application/pdf,bd4f64427e780639259496b97a6b98e5f8e397bb51a5bb7ddaaf78ccb21efacd,110618,9,,,,corpus SG_corpus_2026-09-16: from SG_ws_2026-09-15,2026-06-05,,,Current
0.2.0,,sg-msa2017-001,SG,https://sso.agc.gov.sg/Act/MSWRA2017?ViewType=Pdf,2026-09-16T00:19:10Z,pdf_native,false,raw/sg/merchant_shipping_wreck_removal_act_2017/20260916T0019Z__native.pdf,Merchant Shipping (Wreck Removal) Act 2017,Act 25 of 2017,,,requests,200,raw/sg/merchant_shipping_wreck_removal_act_2017/20260916T0019Z__native.pdf.headers.json,application/pdf,220eacfca5388db08d97ea167ebaae1174330b6261e5160eaf57835f4c1d77d4,205281,46,,,,corpus SG_corpus_2026-09-16: from SG_ws_2026-09-15,2021-12-31,,,Current
0.2.0,,sg-smva2020-001,SG,https://sso.agc.gov.sg/Act/SMVSA2020?ViewType=Pdf,2026-09-16T07:44:48Z,pdf_native,false,raw/sg/small_motorised_vehicles_safety_act_2020/20260916T0744Z__native.pdf,Small Motorised Vehicles (Safety) Act 2020,Act 25 of 2020,,,playwright,200,raw/sg/small_motorised_vehicles_safety_act_2020/20260916T0744Z__native.pdf.headers.json,application/pdf,061d7eca4eb1bf6cfe26ac1c64484a48ee210f10e9318bf41772627d23346453,207436,40,,,,corpus SG_corpus_2026-09-16: from SG_ws_2026-09-15,2026-02-24,,,Current
0.2.0,,sg-mrha1990-001,SG,https://sso.agc.gov.sg/Act/MRHA1990?ViewType=Pdf,2026-09-15T23:52:38Z,pdf_native,false,raw/sg/maintenance_of_religious_harmony_act_1990/20260915T2352Z__native.pdf,Maintenance of Religious Harmony Act 1990,Act 26 of 1990,,,requests,200,raw/sg/maintenance_of_religious_harmony_act_1990/20260915T2352Z__native.pdf.headers.json,application/pdf,8204a8d0addc12e69a8c3f4dbee6fb4bec050b6eb74a8ceeea441c59f0e16062,283132,64,,,,corpus SG_corpus_2026-09-16: from SG_ws_2026-09-15,2025-03-05,,,Current
0.2.0,,sg-naca1991-001,SG,https://sso.agc.gov.sg/Act/NACA1991?ViewType=Pdf,2026-09-16T00:46:26Z,pdf_native,false,raw/sg/national_arts_council_act_1991/20260916T0046Z__native.pdf,National Arts Council Act 1991,Act 26 of 1991,,,playwright,200,raw/sg/national_arts_council_act_1991/20260916T0046Z__native.pdf.headers.json,application/pdf,6b06cc34e07c578a224014305b35170860c2c67a7f0467495bd7b21158a092a3,186830,25,,,,corpus SG_corpus_2026-09-16: from SG_ws_2026-09-15,2021-12-31,,,Current
0.2.0,,sg-moa2003-001,SG,https://sso.agc.gov.sg/Act/MOA2003?ViewType=Pdf,2026-09-15T23:59:20Z,pdf_native,false,raw/sg/maritime_offences_act_2003/20260915T2359Z__native.pdf,Maritime Offences Act 2003,Act 26 of 2003,,,requests,200,raw/sg/maritime_offences_act_2003/20260915T2359Z__native.pdf.headers.json,application/pdf,d3da403b3a223da16057e8d550aa22cad288c39a0ee6831822c8068a28686e47,140242,19,,,,corpus SG_corpus_2026-09-16: from SG_ws_2026-09-15,2021-02-22,,,Current
0.2.0,,sg-npfa2010-001,SG,https://sso.agc.gov.sg/Act/NPFA2010?ViewType=Pdf,2026-09-16T00:54:13Z,pdf_native,false,raw/sg/national_productivity_fund_act_2010/20260916T0054Z__native.pdf,National Productivity Fund Act 2010,Act 26 of 2010,,,requests,200,raw/sg/national_productivity_fund_act_2010/20260916T0054Z__native.pdf.headers.json,application/pdf,8c106924a2446ad8ee1e442aae6db1f7560288da97c1bfde9f3b222e62e4b1d7,175352,28,,,,corpus SG_corpus_2026-09-16: from SG_ws_2026-09-15,2023-09-04,,,Current
0.2.0,,sg-pdpa2012-001,SG,https://sso.agc.gov.sg/Act/PDPA2012?ViewType=Pdf,2026-09-15T14:09:35Z,pdf_native,false,raw/sg/personal_data_protection_act_2012/20260915T1409Z__native.pdf,Personal Data Protection Act 2012,Act 26 of 2012,both,"P6-I1,P6-I3,P6-I4,P7-I1,P7-I3,P7-I4,P7-I5",requests,200,raw/sg/personal_data_protection_act_2012/20260915T1409Z__native.pdf.headers.json,application/pdf,0e996ae99839f19e27f97024692e090197cf44a14709f93cd74a7d2efc1476db,461395,124,,,"data protection,personal data",corpus SG_corpus_2026-09-16: from SG_ws_2026-09-15,2025-11-28,,,Current
0.2.0,,sg-oca2015-001,SG,https://sso.agc.gov.sg/Act/OCA2015?ViewType=Pdf,2026-09-16T01:15:28Z,pdf_native,false,raw/sg/organised_crime_act_2015/20260916T0115Z__native.pdf,Organised Crime Act 2015,Act 26 of 2015,,,requests,200,raw/sg/organised_crime_act_2015/20260916T0115Z__native.pdf.headers.json,application/pdf,06fac879918ad327bf8713a6c058a83f345f37ddfda17774608c83ff7adb57ee,421343,108,,,,corpus SG_corpus_2026-09-16: from SG_ws_2026-09-15,2026-08-14,,,Current
0.2.0,,sg-posa2018-001,SG,https://sso.agc.gov.sg/Act/POSSPA2018?ViewType=Pdf,2026-09-16T02:21:20Z,pdf_native,false,raw/sg/public_order_and_safety_special_powers_act_2018/20260916T0221Z__native.pdf,Public Order and Safety (Special Powers) Act 2018,Act 26 of 2018,,,requests,200,raw/sg/public_order_and_safety_special_powers_act_2018/20260916T0221Z__native.pdf.headers.json,application/pdf,859e66cef551b83d63ad3256ef79c9989a38e9be40c34c10d9a68e652ab82087,297931,68,,,,corpus SG_corpus_2026-09-16: from SG_ws_2026-09-15,2021-02-22,,,Current
0.2.0,,sg-gsfda2024-001,SG,https://sso.agc.gov.sg/Act/GSFDA2024?ViewType=Pdf,2026-09-15T21:03:40Z,pdf_native,false,raw/sg/good_samaritan_food_donation_act_2024/20260915T2103Z__native.pdf,Good Samaritan Food Donation Act 2024,Act 26 of 2024,,,playwright,200,raw/sg/good_samaritan_food_donation_act_2024/20260915T2103Z__native.pdf.headers.json,application/pdf,b58a36dd4857fc64a5ddae069aae87625e19e57f1bc0f4587481e9f569d23415,82128,5,,,,corpus SG_corpus_2026-09-16: from SG_ws_2026-09-15,2025-02-06,,,Current
0.2.0,,sg-riea2025-001,SG,https://sso.agc.gov.sg/Acts-Supp/26-2025/Published/20260413?DocDate=20260413&ViewType=Pdf,2026-09-16T13:21:08Z,pdf_native,false,raw/sg/regulation_of_imports_and_exports_amendment_act_2025/20260916T1321Z__native.pdf,Regulation of Imports and Exports (Amendment) Act 2025,Act 26 of 2025,,,requests,200,raw/sg/regulation_of_imports_and_exports_amendment_act_2025/20260916T1321Z__native.pdf.headers.json,application/pdf,228d419328801411cba0663d813aea6448d5bf81dbb02475d4f0e8c9d4263324,378595,32,,,,corpus SG_corpus_2026-09-16: from SG_ws_2026-09-15,2026-04-13,,,
0.2.0,,sg-pea1991-001,SG,https://sso.agc.gov.sg/Act/PrEA1991?ViewType=Pdf,2026-09-16T06:04:22Z,pdf_native,false,raw/sg/presidential_elections_act_1991/20260916T0604Z__native.pdf,Presidential Elections Act 1991,Act 27 of 1991,,,playwright,200,raw/sg/presidential_elections_act_1991/20260916T0604Z__native.pdf.headers.json,application/pdf,239ff46ecc4d36eabb6b328222ee6ac9b39bccf2220525ec1f9929a1eb1aff50,675671,186,,,,corpus SG_corpus_2026-09-16: from SG_ws_2026-09-15,2024-11-21,,,Current
0.2.0,,sg-lta1993-001,SG,https://sso.agc.gov.sg/Act/LTA1993?ViewType=Pdf,2026-09-15T23:30:55Z,pdf_native,false,raw/sg/land_titles_act_1993/20260915T2330Z__native.pdf,Land Titles Act 1993,Act 27 of 1993,,,requests,200,raw/sg/land_titles_act_1993/20260915T2330Z__native.pdf.headers.json,application/pdf,6e6eee18279c2136340567ba4beb4b00da72878bd0717c1c3c53ebcf48b1a10c,598260,153,,,,corpus SG_corpus_2026-09-16: from SG_ws_2026-09-15,2026-04-27,,,Current
0.2.0,,sg-ea1999-001,SG,https://sso.agc.gov.sg/Act/EDMA1999?ViewType=Pdf,2026-09-15T20:14:47Z,pdf_native,false,raw/sg/exchanges_demutualisation_and_merger_act_1999/20260915T2014Z__native.pdf,Exchanges (Demutualisation and Merger) Act 1999,Act 27 of 1999,,,requests,200,raw/sg/exchanges_demutualisation_and_merger_act_1999/20260915T2014Z__native.pdf.headers.json,application/pdf,1849fdc623df5e3dd185ccc347020ebff6f29d6d979a7bffdca9d4e729eb3906,131082,14,,,,corpus SG_corpus_2026-09-16: from SG_ws_2026-09-15,2022-02-21,,,Current
0.2.0,,sg-rpa2007-001,SG,https://sso.agc.gov.sg/Act/RPA2007?ViewType=Pdf,2026-09-16T02:30:10Z,pdf_native,false,raw/sg/radiation_protection_act_2007/20260916T0230Z__native.pdf,Radiation Protection Act 2007,Act 27 of 2007,,,requests,200,raw/sg/radiation_protection_act_2007/20260916T0230Z__native.pdf.headers.json,application/pdf,61645e15ea88a43deaafeffb5454a23fb1519bd2e0679895456e0cce7910c8d4,299659,58,,,,corpus SG_corpus_2026-09-16: from SG_ws_2026-09-15,2022-05-11,,,Current
0.2.0,,sg-icaa2010-001,SG,https://sso.agc.gov.sg/Act/ICAA2010?ViewType=Pdf,2026-09-15T23:06:18Z,pdf_native,false,raw/sg/international_child_abduction_act_2010/20260915T2306Z__native.pdf,International Child Abduction Act 2010,Act 27 of 2010,,,requests,200,raw/sg/international_child_abduction_act_2010/20260915T2306Z__native.pdf.headers.json,application/pdf,e7ab7ba48d3a25cb9a87d7c5dbc5429a1637adb1016a4c5651e814308b93d1ab,136144,21,,,,corpus SG_corpus_2026-09-16: from SG_ws_2026-09-15,2021-10-11,,,Current
0.2.0,,sg-fja2014-001,SG,https://sso.agc.gov.sg/Act/FJA2014?ViewType=Pdf,2026-09-15T20:18:10Z,pdf_native,false,raw/sg/family_justice_act_2014/20260915T2018Z__native.pdf,Family Justice Act 2014,Act 27 of 2014,,,playwright,200,raw/sg/family_justice_act_2014/20260915T2018Z__native.pdf.headers.json,application/pdf,2a6186d788d56a3782eb359211f23c6833a88c6334db988c352ac6159f422a6e,283431,59,,,,corpus SG_corpus_2026-09-16: from SG_ws_2026-09-15,2024-10-15,,,Current
0.2.0,,sg-cba2016-001,SG,https://sso.agc.gov.sg/Act/CBA2016?ViewType=Pdf,2026-09-15T19:33:32Z,pdf_native,false,raw/sg/credit_bureau_act_2016/20260915T1933Z__native.pdf,Credit Bureau Act 2016,Act 27 of 2016,,,playwright,200,raw/sg/credit_bureau_act_2016/20260915T1933Z__native.pdf.headers.json,application/pdf,f799884c002888cdfd2ad350ad0f522e14f301a5fbf5f644485f12a3e9745269,407542,107,,,,corpus SG_corpus_2026-09-16: from SG_ws_2026-09-15,2025-02-11,,,Current
0.2.0,,sg-ta2017-001,SG,https://sso.agc.gov.sg/Act/TSMRMA2017?ViewType=Pdf,2026-09-16T11:29:31Z,pdf_native,false,raw/sg/terrorism_suppression_of_misuse_of_radioactive_material_act_2017/20260916T1129Z__native.pdf,Terrorism (Suppression of Misuse of Radioactive Material) Act 2017,Act 27 of 2017,,,requests,200,raw/sg/terrorism_suppression_of_misuse_of_radioactive_material_act_2017/20260916T1129Z__native.pdf.headers.json,application/pdf,c6c79dafa81ef93daea5866a149dbc065dd42f02194d6c031395e2366a5b65ec,114347,14,,,,corpus SG_corpus_2026-09-16: from SG_ws_2026-09-15,2022-05-11,,,Current
0.2.0,,sg-vaa2018-001,SG,https://sso.agc.gov.sg/Act/VAA2018?ViewType=Pdf,2026-09-16T08:48:54Z,pdf_native,false,raw/sg/vulnerable_adults_act_2018/20260916T0848Z__native.pdf,Vulnerable Adults Act 2018,Act 27 of 2018,,,playwright,200,raw/sg/vulnerable_adults_act_2018/20260916T0848Z__native.pdf.headers.json,application/pdf,f8fbd692e6ac7a4ec729667fe6e7ea3d78eebd922e72c5badff80dd5e0cd3799,269148,60,,,,corpus SG_corpus_2026-09-16: from SG_ws_2026-09-15,2023-08-21,,,Current
0.2.0,,sg-wica2019-001,SG,https://sso.agc.gov.sg/Act/WICA2019?ViewType=Pdf,2026-09-16T08:39:28Z,pdf_native,false,raw/sg/work_injury_compensation_act_2019/20260916T0839Z__native.pdf,Work Injury Compensation Act 2019,Act 27 of 2019,,,requests,200,raw/sg/work_injury_compensation_act_2019/20260916T0839Z__native.pdf.headers.json,application/pdf,f3151864e303d773eba09a461c569ed9f7fd36f10a0853175a9bc7274851c733,638687,162,,,,corpus SG_corpus_2026-09-16: from SG_ws_2026-09-15,2025-11-28,,,Current
0.2.0,,sg-dca2022-001,SG,https://sso.agc.gov.sg/Act/DCA2022?ViewType=Pdf,2026-09-15T19:35:59Z,pdf_native,false,raw/sg/debt_collection_act_2022/20260915T1935Z__native.pdf,Debt Collection Act 2022,Act 27 of 2022,,,playwright,200,raw/sg/debt_collection_act_2022/20260915T1935Z__native.pdf.headers.json,application/pdf,9d45460aae80c131c53bb9a0977e330f95406da64e838140603129c918faed12,267818,63,,,,corpus SG_corpus_2026-09-16: from SG_ws_2026-09-15,2023-11-08,,,Current
0.2.0,,sg-ltasa1995-001,SG,https://sso.agc.gov.sg/Act/LTASA1995?ViewType=Pdf,2026-09-15T23:32:54Z,pdf_native,false,raw/sg/land_transport_authority_of_singapore_act_1995/20260915T2332Z__native.pdf,Land Transport Authority of Singapore Act 1995,Act 28 of 1995,,,playwright,200,raw/sg/land_transport_authority_of_singapore_act_1995/20260915T2332Z__native.pdf.headers.json,application/pdf,efa4492accedaf9679d27c86c947c7f4db59aed31fb0c64a1a28f93b97805167,360353,86,,,,corpus SG_corpus_2026-09-16: from SG_ws_2026-09-15,2026-02-24,,,Current
0.2.0,,sg-sssa2015-001,SG,https://sso.agc.gov.sg/Act/SSSA2015?ViewType=Pdf,2026-09-16T03:22:08Z,pdf_native,false,raw/sg/silver_support_scheme_act_2015/20260916T0322Z__native.pdf,Silver Support Scheme Act 2015,Act 28 of 2015,,,playwright,200,raw/sg/silver_support_scheme_act_2015/20260916T0322Z__native.pdf.headers.json,application/pdf,fc91172dd7c7ad872516cc17650df6ec82731549a68335e834e3c5d61d11e7eb,151019,22,,,,corpus SG_corpus_2026-09-16: from SG_ws_2026-09-15,2023-10-30,,,Current
0.2.0,,sg-fia2021-001,SG,https://sso.agc.gov.sg/Act/FICA2021?ViewType=Pdf,2026-09-15T20:53:46Z,pdf_native,false,raw/sg/foreign_interference_countermeasures_act_2021/20260915T2053Z__native.pdf,Foreign Interference (Countermeasures) Act 2021,Act 28 of 2021,,,requests,200,raw/sg/foreign_interference_countermeasures_act_2021/20260915T2053Z__native.pdf.headers.json,application/pdf,2850de17361391d60533489be8127f8527fa3d9a096fed26932dcda4c115dfed,626369,186,,,,corpus SG_corpus_2026-09-16: from SG_ws_2026-09-15,2025-11-28,,,Current
0.2.0,,sg-larpa2023-001,SG,https://sso.agc.gov.sg/Act/LARPA2023?ViewType=Pdf,2026-09-16T04:31:23Z,pdf_native,false,raw/sg/lease_agreements_for_retail_premises_act_2023/20260916T0431Z__native.pdf,Lease Agreements for Retail Premises Act 2023,Act 28 of 2023,,,requests,200,raw/sg/lease_agreements_for_retail_premises_act_2023/20260916T0431Z__native.pdf.headers.json,application/pdf,f9913471229248adaf292677c66728ab4fbe16f15d80e936a7fd961557bdbed0,182487,35,,,,corpus SG_corpus_2026-09-16: from SG_ws_2026-09-15,2023-09-05,,,Current
0.2.0,,sg-stba1987-001,SG,https://sso.agc.gov.sg/Act/STBA1987?ViewType=Pdf,2026-09-16T07:34:25Z,pdf_native,false,raw/sg/singapore_totalisator_board_act_1987/20260916T0734Z__native.pdf,Singapore Totalisator Board Act 1987,Act 29 of 1987,,,requests,200,raw/sg/singapore_totalisator_board_act_1987/20260916T0734Z__native.pdf.headers.json,application/pdf,186fe129f845d2a027e76b3f1b3c02ad1eac97dae97d12d93ab26785fd5c6217,134044,21,,,,corpus SG_corpus_2026-09-16: from SG_ws_2026-09-15,2022-04-04,,,Current
0.2.0,,sg-cdtosca1992-001,SG,https://sso.agc.gov.sg/Act/CDTOSCCBA1992?ViewType=Pdf,2026-09-15T19:32:00Z,pdf_native,false,raw/sg/corruption_drug_trafficking_and_other_serious_crimes_confiscation_of_benefits_act_1992/20260915T1932Z__native.pdf,"Corruption, Drug Trafficking and Other Serious Crimes (Confiscation of Benefits) Act 1992",Act 29 of 1992,,,requests,200,raw/sg/corruption_drug_trafficking_and_other_serious_crimes_confiscation_of_benefits_act_1992/20260915T1932Z__native.pdf.headers.json,application/pdf,4ab7acf473335c8f7dcc66550858073a95db72cc8766f889b00bc9bb32416199,714082,201,,,,corpus SG_corpus_2026-09-16: from SG_ws_2026-09-15,2026-08-14,,,Current
0.2.0,,sg-rtsa1995-001,SG,https://sso.agc.gov.sg/Act/RTSA1995?ViewType=Pdf,2026-09-16T02:32:32Z,pdf_native,false,raw/sg/rapid_transit_systems_act_1995/20260916T0232Z__native.pdf,Rapid Transit Systems Act 1995,Act 29 of 1995,,,requests,200,raw/sg/rapid_transit_systems_act_1995/20260916T0232Z__native.pdf.headers.json,application/pdf,91aecbdf4640dce6e4ba40c0b5badc5ea6d3b6050d8f6111c731b8d6d5a6da7d,466878,117,,,,corpus SG_corpus_2026-09-16: from SG_ws_2026-09-15,2026-02-24,,,Current
0.2.0,,sg-hbra2015-001,SG,https://sso.agc.gov.sg/Act/HBRA2015?ViewType=Pdf,2026-09-16T04:20:06Z,pdf_native,false,raw/sg/human_biomedical_research_act_2015/20260916T0420Z__native.pdf,Human Biomedical Research Act 2015,Act 29 of 2015,,,playwright,200,raw/sg/human_biomedical_research_act_2015/20260916T0420Z__native.pdf.headers.json,application/pdf,44fc7febf7b75ef61f6e5058439face0be4ec751f6a7eca67a71359fa2008489,363088,90,,,,corpus SG_corpus_2026-09-16: from SG_ws_2026-09-15,2025-11-28,,,Current
0.2.0,,sg-rsa2019-001,SG,https://sso.agc.gov.sg/Act/RSA2019?ViewType=Pdf,2026-09-16T02:49:36Z,pdf_native,false,raw/sg/resource_sustainability_act_2019/20260916T0249Z__native.pdf,Resource Sustainability Act 2019,Act 29 of 2019,,,playwright,200,raw/sg/resource_sustainability_act_2019/20260916T0249Z__native.pdf.headers.json,application/pdf,2bbcb7ea207f9ae8665445e692b9e835484aeee189e5a3ad6e6473bfe9f6098b,334129,80,,,,corpus SG_corpus_2026-09-16: from SG_ws_2026-09-15,2024-07-11,,,Current
0.2.0,,sg-nsa2022-001,SG,https://sso.agc.gov.sg/Act/NSA2022?ViewType=Pdf,2026-09-16T01:00:27Z,pdf_native,false,raw/sg/national_symbols_act_2022/20260916T0100Z__native.pdf,National Symbols Act 2022,Act 29 of 2022,,,requests,200,raw/sg/national_symbols_act_2022/20260916T0100Z__native.pdf.headers.json,application/pdf,1749f0940a67461525f1a5154d34113f829b2bdcd8aa000bcd3b061c63ce3800,898374,19,,,,corpus SG_corpus_2026-09-16: from SG_ws_2026-09-15,2025-10-10,,,Current
0.2.0,,sg-pa1998-001,SG,https://sso.agc.gov.sg/Act/PA1998?ViewType=Pdf,2026-09-16T05:54:24Z,pdf_native,false,raw/sg/planning_act_1998/20260916T0554Z__native.pdf,Planning Act 1998,Act 3 of 1998,,,requests,200,raw/sg/planning_act_1998/20260916T0554Z__native.pdf.headers.json,application/pdf,b0c95ce4165b84a4b1f2e7b5b80ea87477eae43d148bf5a635af5253c20efba6,324583,77,,,,corpus SG_corpus_2026-09-16: from SG_ws_2026-09-15,2024-10-02,,,Current
0.2.0,,sg-ldica1999-001,SG,https://sso.agc.gov.sg/Act/LDICA1999?ViewType=Pdf,2026-09-15T23:33:25Z,pdf_native,false,raw/sg/layout_designs_of_integrated_circuits_act_1999/20260915T2333Z__native.pdf,Layout-Designs of Integrated Circuits Act 1999,Act 3 of 1999,,,requests,200,raw/sg/layout_designs_of_integrated_circuits_act_1999/20260915T2333Z__native.pdf.headers.json,application/pdf,ea4d77d36a6a0dd2d9cb891112bb7de25b96868c032af857ccb3e1c5f916ea0f,153981,23,,,,corpus SG_corpus_2026-09-16: from SG_ws_2026-09-15,2021-10-11,,,Current
0.2.0,,sg-iposa2001-001,SG,https://sso.agc.gov.sg/Act/IPOSA2001?ViewType=Pdf,2026-09-15T23:02:21Z,pdf_native,false,raw/sg/intellectual_property_office_of_singapore_act_2001/20260915T2302Z__native.pdf,Intellectual Property Office of Singapore Act 2001,Act 3 of 2001,,,requests,200,raw/sg/intellectual_property_office_of_singapore_act_2001/20260915T2302Z__native.pdf.headers.json,application/pdf,302c5998b13cf35fbeb9e76a0321675b9543d54601ac81d05e960f2a367005d3,182582,30,,,,corpus SG_corpus_2026-09-16: from SG_ws_2026-09-15,2025-02-11,,,Current
0.2.0,,sg-acraa2004-001,SG,https://sso.agc.gov.sg/Act/ACRAA2004?ViewType=Pdf,2026-09-15T16:45:12Z,pdf_native,false,raw/sg/accounting_and_corporate_regulatory_authority_act_2004/20260915T1645Z__native.pdf,Accounting and Corporate Regulatory Authority Act 2004,Act 3 of 2004,,,requests,200,raw/sg/accounting_and_corporate_regulatory_authority_act_2004/20260915T1645Z__native.pdf.headers.json,application/pdf,a16c102057cc825d90663ac99eb1c1e4a9dacc4306b05c17b6f1d58d4c534acf,361128,88,,,,corpus SG_corpus_2026-09-16: from SG_ws_2026-09-15,2025-12-03,,,Current
0.2.0,,sg-feda2015-001,SG,https://sso.agc.gov.sg/Act/FEDA2015?ViewType=Pdf,2026-09-15T20:27:08Z,pdf_native,false,raw/sg/foreign_employee_dormitories_act_2015/20260915T2027Z__native.pdf,Foreign Employee Dormitories Act 2015,Act 3 of 2015,,,requests,200,raw/sg/foreign_employee_dormitories_act_2015/20260915T2027Z__native.pdf.headers.json,application/pdf,458efddf5426059f6314e33886ea37674d743b8e5b5df35b3925ea8b1b0a49c6,234076,49,,,,corpus SG_corpus_2026-09-16: from SG_ws_2026-09-15,2023-10-30,,,Current
0.2.0,,sg-ama2017-001,SG,https://sso.agc.gov.sg/Act/AMA2017?ViewType=Pdf,2026-09-15T16:47:19Z,pdf_native,false,raw/sg/active_mobility_act_2017/20260915T1647Z__native.pdf,Active Mobility Act 2017,Act 3 of 2017,,,requests,200,raw/sg/active_mobility_act_2017/20260915T1647Z__native.pdf.headers.json,application/pdf,f1b9b31d829e5a12e1e304a6c9c8a0052e6736014427db47e13d94c54eaae7be,519661,145,,,,corpus SG_corpus_2026-09-16: from SG_ws_2026-09-15,2025-02-24,,,Current
0.2.0,,sg-hsa2020-001,SG,https://sso.agc.gov.sg/Act/HSA2020?ViewType=Pdf,2026-09-15T22:13:56Z,pdf_native,false,raw/sg/healthcare_services_act_2020/20260915T2213Z__native.pdf,Healthcare Services Act 2020,Act 3 of 2020,,,requests,200,raw/sg/healthcare_services_act_2020/20260915T2213Z__native.pdf.headers.json,application/pdf,858eb4a0a223bdc350f95434220c51a29b1a598380f4a24bfb6b7d36bd7d38b0,465706,123,,,,corpus SG_corpus_2026-09-16: from SG_ws_2026-09-15,2023-12-11,,,Current
0.2.0,,sg-gewca2021-001,SG,https://sso.agc.gov.sg/Act/GEWCA2021?ViewType=Pdf,2026-09-15T22:06:56Z,pdf_native,false,raw/sg/guns_explosives_and_weapons_control_act_2021/20260915T2206Z__native.pdf,"Guns, Explosives and Weapons Control Act 2021",Act 3 of 2021,,,requests,200,raw/sg/guns_explosives_and_weapons_control_act_2021/20260915T2206Z__native.pdf.headers.json,application/pdf,839e25578a4c930c6f2ecfad302d820d84132879556ee73614c9488d43621be2,561019,162,,,,corpus SG_corpus_2026-09-16: from SG_ws_2026-09-15,2025-06-03,,,Current
0.2.0,,sg-irda2025-001,SG,https://sso.agc.gov.sg/Acts-Supp/3-2025/Published/20250211?DocDate=20250211&ViewType=Pdf,2026-09-16T13:20:01Z,pdf_native,false,raw/sg/insolvency_restructuring_and_dissolution_amendment_act_2025/20260916T1320Z__native.pdf,"Insolvency, Restructuring and Dissolution (Amendment) Act 2025",Act 3 of 2025,,,requests,200,raw/sg/insolvency_restructuring_and_dissolution_amendment_act_2025/20260916T1320Z__native.pdf.headers.json,application/pdf,ce5f6755d177c9a50ec1ea2fe10fca5cd759dd69ad252b8679082f64b8f0a29e,234655,50,,,,corpus SG_corpus_2026-09-16: from SG_ws_2026-09-15,2025-02-11,,,
0.2.0,,sg-ncssa2026-001,SG,https://sso.agc.gov.sg/Acts-Supp/3-2026/Published/20260302?DocDate=20260302&ViewType=Pdf,2026-09-16T14:16:59Z,pdf_native,false,raw/sg/national_council_of_social_service_amendment_act_2026/20260916T1416Z__native.pdf,National Council of Social Service (Amendment) Act 2026,Act 3 of 2026,,,requests,200,raw/sg/national_council_of_social_service_amendment_act_2026/20260916T1416Z__native.pdf.headers.json,application/pdf,827cdb8538bf672b2b56de2e9e20f920c78d03f56159d53e2825ad71a80dd3a6,195321,37,,,,corpus SG_corpus_2026-09-16: from SG_ws_2026-09-15,2026-03-02,,,
0.2.0,,sg-swa1995-001,SG,https://sso.agc.gov.sg/Act/SWA1995?ViewType=Pdf,2026-09-16T10:14:31Z,pdf_native,false,raw/sg/street_works_act_1995/20260916T1014Z__native.pdf,Street Works Act 1995,Act 30 of 1995,,,playwright,200,raw/sg/street_works_act_1995/20260916T1014Z__native.pdf.headers.json,application/pdf,2d101ad1e27e34e7d53c0079998d863e9a7aaa99d38b6422ec9110db2b35746b,392201,84,,,,corpus SG_corpus_2026-09-16: from SG_ws_2026-09-15,2026-04-27,,,Current
0.2.0,,sg-sussa2017-001,SG,https://sso.agc.gov.sg/Act/SUSSA2017?ViewType=Pdf,2026-09-16T10:05:40Z,pdf_native,false,raw/sg/singapore_university_of_social_sciences_act_2017/20260916T1005Z__native.pdf,Singapore University of Social Sciences Act 2017,Act 30 of 2017,,,requests,200,raw/sg/singapore_university_of_social_sciences_act_2017/20260916T1005Z__native.pdf.headers.json,application/pdf,bab6bb5ca8dd2e60704c2ac0f66b3ffeba7c23ef9c274e8e41a3a60da10fcc8b,102186,10,,,,corpus SG_corpus_2026-09-16: from SG_ws_2026-09-15,2021-12-31,,,Current
0.2.0,,sg-pwa2024-001,SG,https://sso.agc.gov.sg/Act/PWA2024?ViewType=Pdf,2026-09-16T05:57:17Z,pdf_native,false,raw/sg/platform_workers_act_2024/20260916T0557Z__native.pdf,Platform Workers Act 2024,Act 30 of 2024,,,requests,200,raw/sg/platform_workers_act_2024/20260916T0557Z__native.pdf.headers.json,application/pdf,e35c720bbdd7ef663826d90d960a4f6d27d832e0dafd2d8cb91e2ee10ad48e8e,799861,231,,,,corpus SG_corpus_2026-09-16: from SG_ws_2026-09-15,2026-04-30,,,Current
0.2.0,,sg-gsta1993-001,SG,https://sso.agc.gov.sg/Act/GSTA1993?ViewType=Pdf,2026-09-15T22:01:20Z,pdf_native,false,raw/sg/goods_and_services_tax_act_1993/20260915T2201Z__native.pdf,Goods and Services Tax Act 1993,Act 31 of 1993,,,requests,200,raw/sg/goods_and_services_tax_act_1993/20260915T2201Z__native.pdf.headers.json,application/pdf,7c3ca9bd1a2ddaf51cb5cbf415aa80f691d39a16625ab53ba8863303c78f04b4,1084995,320,,,,corpus SG_corpus_2026-09-16: from SG_ws_2026-09-15,2026-09-10,,,Current
0.2.0,,sg-ma2008-001,SG,https://sso.agc.gov.sg/Act/MA2008?ViewType=Pdf,2026-09-16T00:34:41Z,pdf_native,false,raw/sg/moneylenders_act_2008/20260916T0034Z__native.pdf,Moneylenders Act 2008,Act 31 of 2008,,,playwright,200,raw/sg/moneylenders_act_2008/20260916T0034Z__native.pdf.headers.json,application/pdf,9de133c5cf4b551e2c83bf0b126d0a16851df30bf728eee7b97e5c6ceedde253,526304,148,,,,corpus SG_corpus_2026-09-16: from SG_ws_2026-09-15,2024-11-18,,,Current
0.2.0,,sg-gstvfa2012-001,SG,https://sso.agc.gov.sg/Act/GSTVFA2012?ViewType=Pdf,2026-09-15T21:06:15Z,pdf_native,false,raw/sg/goods_and_services_tax_voucher_fund_act_2012/20260915T2106Z__native.pdf,Goods and Services Tax Voucher Fund Act 2012,Act 31 of 2012,,,playwright,200,raw/sg/goods_and_services_tax_voucher_fund_act_2012/20260915T2106Z__native.pdf.headers.json,application/pdf,47071ac53bd5886b54276522883821bfff5406c79796129b51caf4b65a943650,129724,14,,,,corpus SG_corpus_2026-09-16: from SG_ws_2026-09-15,2025-02-11,,,Current
0.2.0,,sg-seaba2003-001,SG,https://sso.agc.gov.sg/Act/SEABA2003?ViewType=Pdf,2026-09-16T07:28:45Z,pdf_native,false,raw/sg/singapore_examinations_and_assessment_board_act_2003/20260916T0728Z__native.pdf,Singapore Examinations and Assessment Board Act 2003,Act 32 of 2003,,,requests,200,raw/sg/singapore_examinations_and_assessment_board_act_2003/20260916T0728Z__native.pdf.headers.json,application/pdf,d2b822ba5eadad7e5e47e3afd73f5c7e58957e3109ab8200647f7c7341a46494,167445,25,,,,corpus SG_corpus_2026-09-16: from SG_ws_2026-09-15,2008-02-25,,,Current
0.2.0,,sg-htca2017-001,SG,https://sso.agc.gov.sg/Act/HTCA2017?ViewType=Pdf,2026-09-15T22:23:30Z,pdf_native,false,raw/sg/home_team_corps_act_2017/20260915T2223Z__native.pdf,Home Team Corps Act 2017,Act 32 of 2017,,,requests,200,raw/sg/home_team_corps_act_2017/20260915T2223Z__native.pdf.headers.json,application/pdf,a51a3486dd991559faae3cd4c9af27f77e3180e9d9f7034a0ee16765fa76ebdd,131346,16,,,,corpus SG_corpus_2026-09-16: from SG_ws_2026-09-15,2023-10-30,,,Current
0.2.0,,sg-eessa1992-001,SG,https://sso.agc.gov.sg/Act/EESSA1992?ViewType=Pdf,2026-09-15T20:08:30Z,pdf_native,false,raw/sg/education_endowment_and_savings_schemes_act_1992/20260915T2008Z__native.pdf,Education Endowment and Savings Schemes Act 1992,Act 33 of 1992,,,requests,200,raw/sg/education_endowment_and_savings_schemes_act_1992/20260915T2008Z__native.pdf.headers.json,application/pdf,a3cca0bd25d9de55bc6937ee0c3ccede8776c7388a887a6a73b34ea1d29e5428,195522,35,,,,corpus SG_corpus_2026-09-16: from SG_ws_2026-09-15,2021-12-07,,,Current
0.2.0,,sg-cadda1996-001,SG,https://sso.agc.gov.sg/Act/CADDA1996?ViewType=Pdf,2026-09-15T19:32:25Z,pdf_native,false,raw/sg/countervailing_and_anti_dumping_duties_act_1996/20260915T1932Z__native.pdf,Countervailing and Anti-Dumping Duties Act 1996,Act 33 of 1996,,,requests,200,raw/sg/countervailing_and_anti_dumping_duties_act_1996/20260915T1932Z__native.pdf.headers.json,application/pdf,4801599a3c5938ea0d3dd8c53dd406f3cb1ecb861fe655628f1073cab90f65c7,258516,48,,,,corpus SG_corpus_2026-09-16: from SG_ws_2026-09-15,2021-12-31,,,Current
0.2.0,,sg-msa1998-001,SG,https://sso.agc.gov.sg/Act/MSCLCOPA1998?ViewType=Pdf,2026-09-16T00:17:21Z,pdf_native,false,raw/sg/merchant_shipping_civil_liability_and_compensation_for_oil_pollution_act_1998/20260916T0017Z__native.pdf,Merchant Shipping (Civil Liability and Compensation for Oil Pollution) Act 1998,Act 33 of 1998,,,playwright,200,raw/sg/merchant_shipping_civil_liability_and_compensation_for_oil_pollution_act_1998/20260916T0017Z__native.pdf.headers.json,application/pdf,c0956c67cb8a57bc9bb567a3051eee1acb215485b785aca7492b8929bbb31035,286990,39,,,,corpus SG_corpus_2026-09-16: from SG_ws_2026-09-15,2021-10-11,,,Current
0.2.0,,sg-haussa2001-001,SG,https://sso.agc.gov.sg/Act/HAUSSA2001?ViewType=Pdf,2026-09-15T22:21:43Z,pdf_native,false,raw/sg/home_affairs_uniformed_services_superannuation_act_2001/20260915T2221Z__native.pdf,Home Affairs Uniformed Services Superannuation Act 2001,Act 33 of 2001,,,requests,200,raw/sg/home_affairs_uniformed_services_superannuation_act_2001/20260915T2221Z__native.pdf.headers.json,application/pdf,c2ef247edbc87ea577be31b4ea522909073367b7fec3971f3c8d5544f354f7de,144404,27,,,,corpus SG_corpus_2026-09-16: from SG_ws_2026-09-15,2021-12-31,,,Current
0.2.0,,sg-pa2007-001,SG,https://sso.agc.gov.sg/Act/PA2007?ViewType=Pdf,2026-09-16T04:43:22Z,pdf_native,false,raw/sg/passports_act_2007/20260916T0443Z__native.pdf,Passports Act 2007,Act 33 of 2007,,,playwright,200,raw/sg/passports_act_2007/20260916T0443Z__native.pdf.headers.json,application/pdf,2c00cd53f7b9fb00ada2116d7a07fb4281f7d5667a5aceea1eed8dbc03e2a3a0,283422,61,,,,corpus SG_corpus_2026-09-16: from SG_ws_2026-09-15,2024-05-27,,,Current
0.2.0,,sg-tcmpa2000-001,SG,https://sso.agc.gov.sg/Act/TCMPA2000?ViewType=Pdf,2026-09-16T08:34:29Z,pdf_native,false,raw/sg/traditional_chinese_medicine_practitioners_act_2000/20260916T0834Z__native.pdf,Traditional Chinese Medicine Practitioners Act 2000,Act 34 of 2000,,,requests,200,raw/sg/traditional_chinese_medicine_practitioners_act_2000/20260916T0834Z__native.pdf.headers.json,application/pdf,279df8e8d30ae0e130aac04036288ca26a971f559fced368ca90ac09568d40d6,244026,53,,,,corpus SG_corpus_2026-09-16: from SG_ws_2026-09-15,2025-11-28,,,Current
0.2.0,,sg-aela1993-001,SG,https://sso.agc.gov.sg/Act/AELA1993?ViewType=Pdf,2026-09-15T18:07:36Z,pdf_native,false,raw/sg/application_of_english_law_act_1993/20260915T1807Z__native.pdf,Application of English Law Act 1993,Act 35 of 1993,,,requests,200,raw/sg/application_of_english_law_act_1993/20260915T1807Z__native.pdf.headers.json,application/pdf,a113222618b397c06cf9ede8c9f8861ce362efcc3afaafe4f0471f1da269372d,132298,21,,,,corpus SG_corpus_2026-09-16: from SG_ws_2026-09-15,2021-12-31,,,Current
0.2.0,,sg-mpa1995-001,SG,https://sso.agc.gov.sg/Act/MPA1995?ViewType=Pdf,2026-09-15T23:50:34Z,pdf_native,false,raw/sg/maintenance_of_parents_act_1995/20260915T2350Z__native.pdf,Maintenance of Parents Act 1995,Act 35 of 1995,,,playwright,200,raw/sg/maintenance_of_parents_act_1995/20260915T2350Z__native.pdf.headers.json,application/pdf,f4da849670317eed3f2890f03f19f5576da8846659981408cbb966a7803e76ba,212528,40,,,,corpus SG_corpus_2026-09-16: from SG_ws_2026-09-15,2025-11-28,,,Current
0.2.0,,sg-bsma1998-001,SG,https://sso.agc.gov.sg/Act/BSMA1998?ViewType=Pdf,2026-09-15T19:25:12Z,pdf_native,false,raw/sg/boundaries_and_survey_maps_act_1998/20260915T1925Z__native.pdf,Boundaries and Survey Maps Act 1998,Act 35 of 1998,,,requests,200,raw/sg/boundaries_and_survey_maps_act_1998/20260915T1925Z__native.pdf.headers.json,application/pdf,5c5d75a8717d47418c1e7af4f2a9aff220ad9266a2e3f429e9fd214700f14c2b,162894,25,,,,corpus SG_corpus_2026-09-16: from SG_ws_2026-09-15,2024-10-02,,,Current
0.2.0,,sg-hcoppa2004-001,SG,https://sso.agc.gov.sg/Act/HCOPPA2004?ViewType=Pdf,2026-09-16T04:21:05Z,pdf_native,false,raw/sg/human_cloning_and_other_prohibited_practices_act_2004/20260916T0421Z__native.pdf,Human Cloning and Other Prohibited Practices Act 2004,Act 35 of 2004,,,playwright,200,raw/sg/human_cloning_and_other_prohibited_practices_act_2004/20260916T0421Z__native.pdf.headers.json,application/pdf,f4e77bdd78ba16e1c7af71b1781137d45c237d442212fc15b5d06c05ff57ca3a,134000,16,,,,corpus SG_corpus_2026-09-16: from SG_ws_2026-09-15,2023-04-04,,,Current
0.2.0,,sg-esipa2001-001,SG,https://sso.agc.gov.sg/Act/ESIPA2001?ViewType=Pdf,2026-09-15T20:08:50Z,pdf_native,false,raw/sg/education_service_incentive_payment_act_2001/20260915T2008Z__native.pdf,Education Service Incentive Payment Act 2001,Act 36 of 2001,,,requests,200,raw/sg/education_service_incentive_payment_act_2001/20260915T2008Z__native.pdf.headers.json,application/pdf,55f0f93f098b0d39b93f5165d836d2b42502a81903e24db06f9a9470a8e2a206,117281,15,,,,corpus SG_corpus_2026-09-16: from SG_ws_2026-09-15,2021-12-31,,,Current
0.2.0,,sg-bata2005-001,SG,https://sso.agc.gov.sg/Act/BATA2005?ViewType=Pdf,2026-09-15T18:17:30Z,pdf_native,false,raw/sg/biological_agents_and_toxins_act_2005/20260915T1817Z__native.pdf,Biological Agents and Toxins Act 2005,Act 36 of 2005,,,requests,200,raw/sg/biological_agents_and_toxins_act_2005/20260915T1817Z__native.pdf.headers.json,application/pdf,f6b088685d0736624607d61bcfcbb8e9bf2f48eab4611d4dd76b7d76318e6b98,374230,88,,,,corpus SG_corpus_2026-09-16: from SG_ws_2026-09-15,2023-10-06,,,Current
0.2.0,,sg-ooa2007-001,SG,https://sso.agc.gov.sg/Act/OOA2007?ViewType=Pdf,2026-09-16T01:14:11Z,pdf_native,false,raw/sg/optometrists_and_opticians_act_2007/20260916T0114Z__native.pdf,Optometrists and Opticians Act 2007,Act 36 of 2007,,,requests,200,raw/sg/optometrists_and_opticians_act_2007/20260916T0114Z__native.pdf.headers.json,application/pdf,4f852f1e5439c10823c142171d6725649eb2487ebc645e4591e32ed95765b630,185024,33,,,,corpus SG_corpus_2026-09-16: from SG_ws_2026-09-15,2025-11-28,,,Current
0.2.0,,sg-tsia2018-001,SG,https://sso.agc.gov.sg/Act/TSIA2018?ViewType=Pdf,2026-09-16T08:36:58Z,pdf_native,false,raw/sg/transport_safety_investigations_act_2018/20260916T0836Z__native.pdf,Transport Safety Investigations Act 2018,Act 36 of 2018,,,requests,200,raw/sg/transport_safety_investigations_act_2018/20260916T0836Z__native.pdf.headers.json,application/pdf,4dbce2b9ac5f91dd9fd5ded0e7eb3a46dfa7d76779e0f7ba9fb809fdfcd1492c,267020,64,,,,corpus SG_corpus_2026-09-16: from SG_ws_2026-09-15,2019-12-12,,,Current
0.2.0,,sg-mea2024-001,SG,https://sso.agc.gov.sg/Act/MEMTA2024?ViewType=Pdf,2026-09-16T04:35:30Z,pdf_native,false,raw/sg/multinational_enterprise_minimum_tax_act_2024/20260916T0435Z__native.pdf,Multinational Enterprise (Minimum Tax) Act 2024,Act 36 of 2024,,,requests,200,raw/sg/multinational_enterprise_minimum_tax_act_2024/20260916T0435Z__native.pdf.headers.json,application/pdf,6451206f3eaf972c9aed6edfd5e0f440f3e7041a207cf122181e3d8e81ebdc95,575260,134,,,,corpus SG_corpus_2026-09-16: from SG_ws_2026-09-15,2024-11-27,,,Current
0.2.0,,sg-aa2001-001,SG,https://sso.agc.gov.sg/Act/AA2001?ViewType=Pdf,2026-09-15T18:10:38Z,pdf_native,false,raw/sg/arbitration_act_2001/20260915T1810Z__native.pdf,Arbitration Act 2001,Act 37 of 2001,,,requests,200,raw/sg/arbitration_act_2001/20260915T1810Z__native.pdf.headers.json,application/pdf,b4c8e277a63d06ed44ec92efb8ee6c33fbdc1a7a8493fb03cddb3f44a5f6a854,289925,60,,,,corpus SG_corpus_2026-09-16: from SG_ws_2026-09-15,2025-02-11,,,Current
0.2.0,,sg-lpa2008-001,SG,https://sso.agc.gov.sg/Act/LPA2008?ViewType=Pdf,2026-09-15T23:43:39Z,pdf_native,false,raw/sg/limited_partnerships_act_2008/20260915T2343Z__native.pdf,Limited Partnerships Act 2008,Act 37 of 2008,,,requests,200,raw/sg/limited_partnerships_act_2008/20260915T2343Z__native.pdf.headers.json,application/pdf,90ec308014b0f1590a1fb0efe478d9a7bb5bb6e6adc1f79059c4254f3948e061,251747,54,,,,corpus SG_corpus_2026-09-16: from SG_ws_2026-09-15,2025-12-03,,,Current
0.2.0,,sg-oda2000-001,SG,https://sso.agc.gov.sg/Act/ODA2000?ViewType=Pdf,2026-09-16T01:09:17Z,pdf_native,false,raw/sg/oaths_and_declarations_act_2000/20260916T0109Z__native.pdf,Oaths and Declarations Act 2000,Act 38 of 2000,,,requests,200,raw/sg/oaths_and_declarations_act_2000/20260916T0109Z__native.pdf.headers.json,application/pdf,7498f28002d0530f2116d10be03ddc045d06e365f96c9a137d767cb054879981,168228,17,,,,corpus SG_corpus_2026-09-16: from SG_ws_2026-09-15,2023-09-04,,,Current
0.2.0,,sg-psia2007-001,SG,https://sso.agc.gov.sg/Act/PSIA2007?ViewType=Pdf,2026-09-16T02:07:20Z,pdf_native,false,raw/sg/private_security_industry_act_2007/20260916T0207Z__native.pdf,Private Security Industry Act 2007,Act 38 of 2007,,,requests,200,raw/sg/private_security_industry_act_2007/20260916T0207Z__native.pdf.headers.json,application/pdf,9b61e6f974d45abf1923815377ebc50831f0476ef5c96e2460b40635d769fe5d,272656,53,,,,corpus SG_corpus_2026-09-16: from SG_ws_2026-09-15,2025-12-08,,,Current
0.2.0,,sg-aa2020-001,SG,https://sso.agc.gov.sg/Act/AA2020?ViewType=Pdf,2026-09-15T18:07:28Z,pdf_native,false,raw/sg/apostille_act_2020/20260915T1807Z__native.pdf,Apostille Act 2020,Act 38 of 2020,,,requests,200,raw/sg/apostille_act_2020/20260915T1807Z__native.pdf.headers.json,application/pdf,fa18560e80b185286aeaf9ffe97bba9e85496d05036f733f830cf8f272e575eb,129453,20,,,,corpus SG_corpus_2026-09-16: from SG_ws_2026-09-15,2021-12-31,,,Current
0.2.0,,sg-fsa1993-001,SG,https://sso.agc.gov.sg/Act/FSA1993?ViewType=Pdf,2026-09-15T20:53:25Z,pdf_native,false,raw/sg/fire_safety_act_1993/20260915T2053Z__native.pdf,Fire Safety Act 1993,Act 39 of 1993,,,requests,200,raw/sg/fire_safety_act_1993/20260915T2053Z__native.pdf.headers.json,application/pdf,764225b68cea3dad3d3f89723421e2305816d670e4f5a9943889e38851f4ff07,580106,160,,,,corpus SG_corpus_2026-09-16: from SG_ws_2026-09-15,2023-09-11,,,Current
0.2.0,,sg-ca2001-001,SG,https://sso.agc.gov.sg/Act/CRTPA2001?ViewType=Pdf,2026-09-15T18:48:16Z,pdf_native,false,raw/sg/contracts_rights_of_third_parties_act_2001/20260915T1848Z__native.pdf,Contracts (Rights of Third Parties) Act 2001,Act 39 of 2001,,,requests,200,raw/sg/contracts_rights_of_third_parties_act_2001/20260915T1848Z__native.pdf.headers.json,application/pdf,e0e924c09181f2b8c20258236a34bb2fbb49ba054af39f645dcbed512abf0f87,109752,13,,,,corpus SG_corpus_2026-09-16: from SG_ws_2026-09-15,2021-12-31,,,Current
0.2.0,,sg-pssa2002-001,SG,https://sso.agc.gov.sg/Act/PSSFNA2002?ViewType=Pdf,2026-09-16T01:30:34Z,pdf_native,false,raw/sg/payment_and_settlement_systems_finality_and_netting_act_2002/20260916T0130Z__native.pdf,Payment and Settlement Systems (Finality and Netting) Act 2002,Act 39 of 2002,,,playwright,200,raw/sg/payment_and_settlement_systems_finality_and_netting_act_2002/20260916T0130Z__native.pdf.headers.json,application/pdf,de2dd9ea835611adc083b08fe172dddbea869bfe1e081b7733c5efa833511512,180411,32,,,,corpus SG_corpus_2026-09-16: from SG_ws_2026-09-15,2025-02-11,,,Current
0.2.0,,sg-asa2007-001,SG,https://sso.agc.gov.sg/Act/ASA2007?ViewType=Pdf,2026-09-15T18:00:41Z,pdf_native,false,raw/sg/accounting_standards_act_2007/20260915T1800Z__native.pdf,Accounting Standards Act 2007,Act 39 of 2007,,,requests,200,raw/sg/accounting_standards_act_2007/20260915T1800Z__native.pdf.headers.json,application/pdf,752100871d0d08a1fb599b7a8904d43d8f21bc3fe8c20c9ccb2b6f0adf8a7165,142851,21,,,,corpus SG_corpus_2026-09-16: from SG_ws_2026-09-15,2026-06-05,,,Current
0.2.0,,sg-sga1979-001,SG,https://sso.agc.gov.sg/Act/SGA1979?ViewType=Pdf,2026-09-16T03:02:25Z,pdf_native,false,raw/sg/sale_of_goods_act_1979/20260916T0302Z__native.pdf,Sale of Goods Act 1979,Act 393 of 1994,,,requests,200,raw/sg/sale_of_goods_act_1979/20260916T0302Z__native.pdf.headers.json,application/pdf,328deb600b7cf0a351d0bc63b99f7523df4dc378b507b6b50a3539b4b50cff3c,221553,46,,,,corpus SG_corpus_2026-09-16: from SG_ws_2026-09-15,2021-10-11,,,Current
0.2.0,,sg-sba1990-001,SG,https://sso.agc.gov.sg/Act/SBIA1990?ViewType=Pdf,2026-09-16T03:06:58Z,pdf_native,false,raw/sg/school_boards_incorporation_act_1990/20260916T0306Z__native.pdf,School Boards (Incorporation) Act 1990,Act 4 of 1990,,,requests,200,raw/sg/school_boards_incorporation_act_1990/20260916T0306Z__native.pdf.headers.json,application/pdf,021240ce3dab139627aeb9446b5f73cc2847486584b2683e5d6432c673131964,110515,14,,,,corpus SG_corpus_2026-09-16: from SG_ws_2026-09-15,2021-12-31,,,Current
0.2.0,,sg-hsaa2001-001,SG,https://sso.agc.gov.sg/Act/HSAA2001?ViewType=Pdf,2026-09-16T04:11:42Z,pdf_native,false,raw/sg/health_sciences_authority_act_2001/20260916T0411Z__native.pdf,Health Sciences Authority Act 2001,Act 4 of 2001,,,requests,200,raw/sg/health_sciences_authority_act_2001/20260916T0411Z__native.pdf.headers.json,application/pdf,9cf91cba9d593a7c3d2ef193ae8bf4f2a2b09c289c53650834201183523fbb31,144839,25,,,,corpus SG_corpus_2026-09-16: from SG_ws_2026-09-15,2021-12-31,,,Current
0.2.0,,sg-neaa2002-001,SG,https://sso.agc.gov.sg/Act/NEAA2002?ViewType=Pdf,2026-09-16T00:49:21Z,pdf_native,false,raw/sg/national_environment_agency_act_2002/20260916T0049Z__native.pdf,National Environment Agency Act 2002,Act 4 of 2002,,,requests,200,raw/sg/national_environment_agency_act_2002/20260916T0049Z__native.pdf.headers.json,application/pdf,ba1729a9d9a571adb38e4994fca778e1b2298fcef6c4821c1ddeffac4469c1b4,175642,36,,,,corpus SG_corpus_2026-09-16: from SG_ws_2026-09-15,2021-12-31,,,Current
0.2.0,,sg-aa2004-001,SG,https://sso.agc.gov.sg/Act/AA2004?ViewType=Pdf,2026-09-15T16:44:44Z,pdf_native,false,raw/sg/accountants_act_2004/20260915T1644Z__native.pdf,Accountants Act 2004,Act 4 of 2004,,,playwright,200,raw/sg/accountants_act_2004/20260915T1644Z__native.pdf.headers.json,application/pdf,d3e7eec0de09f4b70573ad5a47b960a29dd4871568aeee9014d4d13043e926c3,474896,132,,,,corpus SG_corpus_2026-09-16: from SG_ws_2026-09-15,2025-12-03,,,Current
0.2.0,,sg-pta2005-001,SG,https://sso.agc.gov.sg/Act/PTA2005?ViewType=Pdf,2026-09-16T01:19:19Z,pdf_native,false,raw/sg/parks_and_trees_act_2005/20260916T0119Z__native.pdf,Parks and Trees Act 2005,Act 4 of 2005,,,requests,200,raw/sg/parks_and_trees_act_2005/20260916T0119Z__native.pdf.headers.json,application/pdf,cb076e12976bd592c042e6d78df6630a2bafd967a5787547975afe7ac449f05f,386389,84,,,,corpus SG_corpus_2026-09-16: from SG_ws_2026-09-15,2026-04-27,,,Current
0.2.0,,sg-sgda2007-001,SG,https://sso.agc.gov.sg/Act/SGDA2007?ViewType=Pdf,2026-09-16T03:09:44Z,pdf_native,false,raw/sg/secondhand_goods_dealers_act_2007/20260916T0309Z__native.pdf,Secondhand Goods Dealers Act 2007,Act 4 of 2007,,,requests,200,raw/sg/secondhand_goods_dealers_act_2007/20260916T0309Z__native.pdf.headers.json,application/pdf,56f289c70d007157140a656484495d79beaf155033ef063ad904da7053e27d3f,166003,23,,,,corpus SG_corpus_2026-09-16: from SG_ws_2026-09-15,2025-02-11,,,Current
0.2.0,,sg-mlsa2015-001,SG,https://sso.agc.gov.sg/Act/MLSA2015?ViewType=Pdf,2026-09-16T00:09:31Z,pdf_native,false,raw/sg/medishield_life_scheme_act_2015/20260916T0009Z__native.pdf,MediShield Life Scheme Act 2015,Act 4 of 2015,,,requests,200,raw/sg/medishield_life_scheme_act_2015/20260916T0009Z__native.pdf.headers.json,application/pdf,038ffc7f6898476307cddce504fd12e34ead69df3dbb939da9785c9ad01bddf0,267688,59,,,,corpus SG_corpus_2026-09-16: from SG_ws_2026-09-15,2025-02-07,,,Current
0.2.0,,sg-scma2020-001,SG,https://sso.agc.gov.sg/Act/SCMA2020?ViewType=Pdf,2026-09-16T03:26:46Z,pdf_native,false,raw/sg/singapore_convention_on_mediation_act_2020/20260916T0326Z__native.pdf,Singapore Convention on Mediation Act 2020,Act 4 of 2020,,,requests,200,raw/sg/singapore_convention_on_mediation_act_2020/20260916T0326Z__native.pdf.headers.json,application/pdf,5d87aa1bd54ba7e218c4142d3a6b456dcf8a4da94558d6cfad301ca3f5e8d7cd,135183,21,,,,corpus SG_corpus_2026-09-16: from SG_ws_2026-09-15,2021-10-11,,,Current
0.2.0,,sg-ssca2026-001,SG,https://sso.agc.gov.sg/Acts-Supp/4-2026/Published/20260216?DocDate=20260216&ViewType=Pdf,2026-09-16T14:18:44Z,pdf_native,false,raw/sg/singapore_sports_council_amendment_act_2026/20260916T1418Z__native.pdf,Singapore Sports Council (Amendment) Act 2026,Act 4 of 2026,,,requests,200,raw/sg/singapore_sports_council_amendment_act_2026/20260916T1418Z__native.pdf.headers.json,application/pdf,82bde049631fe20611f452bfda5188552f0f7984f19d484b9ac60983a9de9ad0,106571,6,,,,corpus SG_corpus_2026-09-16: from SG_ws_2026-09-15,2026-02-16,,,
0.2.0,,sg-sbfa2001-001,SG,https://sso.agc.gov.sg/Act/SBFA2001?ViewType=Pdf,2026-09-16T03:25:21Z,pdf_native,false,raw/sg/singapore_business_federation_act_2001/20260916T0325Z__native.pdf,Singapore Business Federation Act 2001,Act 40 of 2001,,,requests,200,raw/sg/singapore_business_federation_act_2001/20260916T0325Z__native.pdf.headers.json,application/pdf,129168e1078fa4ecf8d0110e3cf8f4940ff0e3e2b6c34e5bdf4db251c09febc4,106790,12,,,,corpus SG_corpus_2026-09-16: from SG_ws_2026-09-15,2021-12-31,,,Current
0.2.0,,sg-sga2002-001,SG,https://sso.agc.gov.sg/Act/SGCA2002?ViewType=Pdf,2026-09-16T08:07:00Z,pdf_native,false,raw/sg/strategic_goods_control_act_2002/20260916T0807Z__native.pdf,Strategic Goods (Control) Act 2002,Act 40 of 2002,,,requests,200,raw/sg/strategic_goods_control_act_2002/20260916T0807Z__native.pdf.headers.json,application/pdf,6fa626d67f06addb63df7ed1c312dfc3cb4728bfd2c713535b8a170d1cb07f69,185705,32,,,,corpus SG_corpus_2026-09-16: from SG_ws_2026-09-15,2021-02-22,,,Current
0.2.0,,sg-irda2018-001,SG,https://sso.agc.gov.sg/Act/IRDA2018?ViewType=Pdf,2026-09-15T22:58:50Z,pdf_native,false,raw/sg/insolvency_restructuring_and_dissolution_act_2018/20260915T2258Z__native.pdf,"Insolvency, Restructuring and Dissolution Act 2018",Act 40 of 2018,,,requests,200,raw/sg/insolvency_restructuring_and_dissolution_act_2018/20260915T2258Z__native.pdf.headers.json,application/pdf,4145d14fae354d6ca5b2f67ddbf4b44cd7afcdeec6532b3a609805ffdf21f5a9,1980574,574,,,,corpus SG_corpus_2026-09-16: from SG_ws_2026-09-15,2026-04-27,,,Current
0.2.0,,sg-pdpa2020-001,SG,https://sso.agc.gov.sg/Acts-Supp/40-2020/?ViewType=Pdf,2026-09-15T16:39:15Z,pdf_native,false,raw/sg/personal_data_protection_amendment_act_2020/20260915T1639Z__native.pdf,Personal Data Protection (Amendment) Act 2020,Act 40 of 2020,both,"P6-I1,P6-I3,P6-I4,P7-I1,P7-I3,P7-I5",playwright,200,raw/sg/personal_data_protection_amendment_act_2020/20260915T1639Z__native.pdf.headers.json,application/pdf,28e77662e77a7bd4ffc9631704b6024d4d7e94cd9753b1dd21437cc661b9a2d3,374808,97,,,,corpus SG_corpus_2026-09-16: from SG_ws_2026-09-15,,,,
0.2.0,,sg-ipa2017-001,SG,https://sso.agc.gov.sg/Act/IPA2017?ViewType=Pdf,2026-09-16T04:25:54Z,pdf_native,false,raw/sg/infrastructure_protection_act_2017/20260916T0425Z__native.pdf,Infrastructure Protection Act 2017,Act 41 of 2017,,,playwright,200,raw/sg/infrastructure_protection_act_2017/20260916T0425Z__native.pdf.headers.json,application/pdf,967a542cc235e6b01982e27f4b2806be4cb5cd283651c07fda684a1cac669dd2,334102,82,,,,corpus SG_corpus_2026-09-16: from SG_ws_2026-09-15,2021-02-22,,,Current
0.2.0,,sg-psa1999-001,SG,https://sso.agc.gov.sg/Act/PSA1999?ViewType=Pdf,2026-09-16T01:53:08Z,pdf_native,false,raw/sg/postal_services_act_1999/20260916T0153Z__native.pdf,Postal Services Act 1999,Act 42 of 1999,,,requests,200,raw/sg/postal_services_act_1999/20260916T0153Z__native.pdf.headers.json,application/pdf,19a4cb9e2b6ad240582c40d3372db95d7069313fde6ffa13be9f2078204bf0e6,436246,113,,,,corpus SG_corpus_2026-09-16: from SG_ws_2026-09-15,2026-06-08,,,Current
0.2.0,,sg-sfa2001-001,SG,https://sso.agc.gov.sg/Act/SFA2001?ViewType=Pdf,2026-09-16T03:12:04Z,pdf_native,false,raw/sg/securities_and_futures_act_2001/20260916T0312Z__native.pdf,Securities and Futures Act 2001,Act 42 of 2001,,,requests,200,raw/sg/securities_and_futures_act_2001/20260916T0312Z__native.pdf.headers.json,application/pdf,0f4fa427a5d47b2fbc48b9857bd7e381315f6f5173dd1b50072663bed5331728,3433884,1101,,,,corpus SG_corpus_2026-09-16: from SG_ws_2026-09-15,2026-06-12,,,Current
0.2.0,,sg-slpa2022-001,SG,https://sso.agc.gov.sg/Act/SLPA2022?ViewType=Pdf,2026-09-16T10:11:51Z,pdf_native,false,raw/sg/state_lands_protection_act_2022/20260916T1011Z__native.pdf,State Lands Protection Act 2022,Act 42 of 2022,,,requests,200,raw/sg/state_lands_protection_act_2022/20260916T1011Z__native.pdf.headers.json,application/pdf,fade27fea570608f22f6098427972173f3eca7bb9817a08ecaf831ac055c81e8,291423,71,,,,corpus SG_corpus_2026-09-16: from SG_ws_2026-09-15,2026-04-27,,,Current
0.2.0,,sg-ta1999-001,SG,https://sso.agc.gov.sg/Act/TA1999?ViewType=Pdf,2026-09-15T16:24:34Z,pdf_native,false,raw/sg/telecommunications_act_1999/20260915T1624Z__native.pdf,Telecommunications Act 1999,Act 43 of 1999,P7,"P7-I3,P7-I5",playwright,200,raw/sg/telecommunications_act_1999/20260915T1624Z__native.pdf.headers.json,application/pdf,19baf0a4d0da08d5e9ba62d62ca78ada1bbb1a58889c158172e58d30dae190f2,543340,155,,,,corpus SG_corpus_2026-09-16: from SG_ws_2026-09-15,2020-05-11,,,Current
0.2.0,,sg-faa2001-001,SG,https://sso.agc.gov.sg/Act/FAA2001?ViewType=Pdf,2026-09-15T20:22:00Z,pdf_native,false,raw/sg/financial_advisers_act_2001/20260915T2022Z__native.pdf,Financial Advisers Act 2001,Act 43 of 2001,,,requests,200,raw/sg/financial_advisers_act_2001/20260915T2022Z__native.pdf.headers.json,application/pdf,e08e628c703fed3dde32ce8e32fd438bb4d73b2078643e47f5c1378cae17be25,674125,198,,,,corpus SG_corpus_2026-09-16: from SG_ws_2026-09-15,2025-02-11,,,Current
0.2.0,,sg-ia2007-001,SG,https://sso.agc.gov.sg/Act/IA2007?ViewType=Pdf,2026-09-16T04:27:58Z,pdf_native,false,raw/sg/inquiries_act_2007/20260916T0427Z__native.pdf,Inquiries Act 2007,Act 43 of 2007,,,requests,200,raw/sg/inquiries_act_2007/20260916T0427Z__native.pdf.headers.json,application/pdf,85f1cab02f355a14c2e3d6338d3a13194f75f3228bd4971af860def2dcb918ab,181743,23,,,,corpus SG_corpus_2026-09-16: from SG_ws_2026-09-15,2021-10-11,,,Current
0.2.0,,sg-pgmgfa2014-001,SG,https://sso.agc.gov.sg/Act/PGMGFA2014?ViewType=Pdf,2026-09-16T05:53:13Z,pdf_native,false,raw/sg/pioneer_generation_and_merdeka_generation_funds_act_2014/20260916T0553Z__native.pdf,Pioneer Generation and Merdeka Generation Funds Act 2014,Act 43 of 2014,,,requests,200,raw/sg/pioneer_generation_and_merdeka_generation_funds_act_2014/20260916T0553Z__native.pdf.headers.json,application/pdf,a48249e4ad2464db7e3a2730f28cdcf01cdf63e9b74627d92a40d9aa4e420603,204968,39,,,,corpus SG_corpus_2026-09-16: from SG_ws_2026-09-15,2022-10-28,,,Current
0.2.0,,sg-evca2022-001,SG,https://sso.agc.gov.sg/Act/EVCA2022?ViewType=Pdf,2026-09-15T20:09:05Z,pdf_native,false,raw/sg/electric_vehicles_charging_act_2022/20260915T2009Z__native.pdf,Electric Vehicles Charging Act 2022,Act 43 of 2022,,,requests,200,raw/sg/electric_vehicles_charging_act_2022/20260915T2009Z__native.pdf.headers.json,application/pdf,3135f11618986f456b910f6ad8a7f4e006825a851696dfa7f6c606c1f03d5034,485268,132,,,,corpus SG_corpus_2026-09-16: from SG_ws_2026-09-15,2026-06-08,,,Current
0.2.0,,sg-vcca2018-001,SG,https://sso.agc.gov.sg/Act/VCCA2018?ViewType=Pdf,2026-09-16T08:56:27Z,pdf_native,false,raw/sg/variable_capital_companies_act_2018/20260916T0856Z__native.pdf,Variable Capital Companies Act 2018,Act 44 of 2018,,,requests,200,raw/sg/variable_capital_companies_act_2018/20260916T0856Z__native.pdf.headers.json,application/pdf,67448c7f65447d940ec7ec56a23569b4921fb6b59aa0e6dcc138eb3b4b089447,827739,234,,,,corpus SG_corpus_2026-09-16: from SG_ws_2026-09-15,2025-12-03,,,Current
0.2.0,,sg-nusa2005-001,SG,https://sso.agc.gov.sg/Act/NUSCA2005?ViewType=Pdf,2026-09-16T01:01:35Z,pdf_native,false,raw/sg/national_university_of_singapore_corporatisation_act_2005/20260916T0101Z__native.pdf,National University of Singapore (Corporatisation) Act 2005,Act 45 of 2005,,,requests,200,raw/sg/national_university_of_singapore_corporatisation_act_2005/20260916T0101Z__native.pdf.headers.json,application/pdf,7ffb5ab2c89621703c8ca75fd848ec2eec27c89e5f6c52c930f772cdeac24c7c,290529,38,,,,corpus SG_corpus_2026-09-16: from SG_ws_2026-09-15,2021-12-31,,,Current
0.2.0,,sg-phta2014-001,SG,https://sso.agc.gov.sg/Act/PHTA2014?ViewType=Pdf,2026-09-16T06:06:58Z,pdf_native,false,raw/sg/prevention_of_human_trafficking_act_2014/20260916T0606Z__native.pdf,Prevention of Human Trafficking Act 2014,Act 45 of 2014,,,playwright,200,raw/sg/prevention_of_human_trafficking_act_2014/20260916T0606Z__native.pdf.headers.json,application/pdf,6bda177426c6ad85b1ccceb4910fe3b8b04cdda60d5d4fa77dddf150e57614f3,153545,22,,,,corpus SG_corpus_2026-09-16: from SG_ws_2026-09-15,2025-12-03,,,Current
0.2.0,,sg-mea2017-001,SG,https://sso.agc.gov.sg/Act/MEA2017?ViewType=Pdf,2026-09-16T00:00:54Z,pdf_native,false,raw/sg/massage_establishments_act_2017/20260916T0000Z__native.pdf,Massage Establishments Act 2017,Act 45 of 2017,,,requests,200,raw/sg/massage_establishments_act_2017/20260916T0000Z__native.pdf.headers.json,application/pdf,f8c97bbe1faae1213ff2350e67593756fc38ec0456741c3e554c299a3096f68e,219943,45,,,,corpus SG_corpus_2026-09-16: from SG_ws_2026-09-15,2026-08-14,,,Current
0.2.0,,sg-tma1998-001,SG,https://sso.agc.gov.sg/Act/TMA1998?ViewType=Pdf,2026-09-16T11:32:39Z,pdf_native,false,raw/sg/trade_marks_act_1998/20260916T1132Z__native.pdf,Trade Marks Act 1998,Act 46 of 1998,,,playwright,200,raw/sg/trade_marks_act_1998/20260916T1132Z__native.pdf.headers.json,application/pdf,9965a89b106ced794b9084aea6454575aac244a87080b0db2bf96fc751216688,508738,134,,,,corpus SG_corpus_2026-09-16: from SG_ws_2026-09-15,2025-02-11,,,Current
0.2.0,,sg-nma1999-001,SG,https://sso.agc.gov.sg/Act/NMA1999?ViewType=Pdf,2026-09-16T01:08:00Z,pdf_native,false,raw/sg/nurses_and_midwives_act_1999/20260916T0108Z__native.pdf,Nurses and Midwives Act 1999,Act 46 of 1999,,,requests,200,raw/sg/nurses_and_midwives_act_1999/20260916T0108Z__native.pdf.headers.json,application/pdf,73ae073d4d3d8a633c56c46af7f1768cfb329cdbd1817206e9a809ccbdf0ccd6,258240,49,,,,corpus SG_corpus_2026-09-16: from SG_ws_2026-09-15,2025-11-28,,,Current
0.2.0,,sg-ntua2005-001,SG,https://sso.agc.gov.sg/Act/NTUCA2005?ViewType=Pdf,2026-09-16T00:44:16Z,pdf_native,false,raw/sg/nanyang_technological_university_corporatisation_act_2005/20260916T0044Z__native.pdf,Nanyang Technological University (Corporatisation) Act 2005,Act 46 of 2005,,,requests,200,raw/sg/nanyang_technological_university_corporatisation_act_2005/20260916T0044Z__native.pdf.headers.json,application/pdf,dde5f12641d274fe47866af1317309ed7bc34d0f9674c6de18566b54b46c52ae,212443,17,,,,corpus SG_corpus_2026-09-16: from SG_ws_2026-09-15,2021-12-31,,,Current
0.2.0,,sg-pra2007-001,SG,https://sso.agc.gov.sg/Act/PRA2007?ViewType=Pdf,2026-09-16T05:51:48Z,pdf_native,false,raw/sg/pharmacists_registration_act_2007/20260916T0551Z__native.pdf,Pharmacists Registration Act 2007,Act 48 of 2007,,,requests,200,raw/sg/pharmacists_registration_act_2007/20260916T0551Z__native.pdf.headers.json,application/pdf,cfafe157ec46ee8a354857cae16497d613003ea8d4868c7060237c21db59dbb4,291487,68,,,,corpus SG_corpus_2026-09-16: from SG_ws_2026-09-15,2025-11-28,,,Current
0.2.0,,sg-tpa1990-001,SG,https://sso.agc.gov.sg/Act/TPA1990?ViewType=Pdf,2026-09-16T08:17:24Z,pdf_native,false,raw/sg/temasek_polytechnic_act_1990/20260916T0817Z__native.pdf,Temasek Polytechnic Act 1990,Act 5 of 1990,,,requests,200,raw/sg/temasek_polytechnic_act_1990/20260916T0817Z__native.pdf.headers.json,application/pdf,5ac5fe49e4cbee5377c3b1efa98ae593110ce009950eeb9afcd83e46b2f4984f,153954,22,,,,corpus SG_corpus_2026-09-16: from SG_ws_2026-09-15,2008-02-25,,,Current
0.2.0,,sg-nlba1995-001,SG,https://sso.agc.gov.sg/Act/NLBA1995?ViewType=Pdf,2026-09-16T00:51:29Z,pdf_native,false,raw/sg/national_library_board_act_1995/20260916T0051Z__native.pdf,National Library Board Act 1995,Act 5 of 1995,,,requests,200,raw/sg/national_library_board_act_1995/20260916T0051Z__native.pdf.headers.json,application/pdf,c50d0b9c0e23ce825a6922f793723b47bb59f88bc99c14ac79f15f2ebce6a87b,246407,43,,,,corpus SG_corpus_2026-09-16: from SG_ws_2026-09-15,2023-09-04,,,Current
0.2.0,,sg-mra1997-001,SG,https://sso.agc.gov.sg/Act/MRA1997?ViewType=Pdf,2026-09-16T00:05:34Z,pdf_native,false,raw/sg/medical_registration_act_1997/20260916T0005Z__native.pdf,Medical Registration Act 1997,Act 5 of 1997,,,requests,200,raw/sg/medical_registration_act_1997/20260916T0005Z__native.pdf.headers.json,application/pdf,4419875c1c5eb09c962bd47f1807a68385dd72abff8d7270074ce65f21aa22ed,492863,136,,,,corpus SG_corpus_2026-09-16: from SG_ws_2026-09-15,2026-01-27,,,Current
0.2.0,,sg-wmfa1999-001,SG,https://sso.agc.gov.sg/Act/WMFA1999?ViewType=Pdf,2026-09-16T11:37:38Z,pdf_native,false,raw/sg/wholesome_meat_and_fish_act_1999/20260916T1137Z__native.pdf,Wholesome Meat and Fish Act 1999,Act 5 of 1999,,,playwright,200,raw/sg/wholesome_meat_and_fish_act_1999/20260916T1137Z__native.pdf.headers.json,application/pdf,d19ca064115e5fe65b69536b553c8ff8429d5a45350cde38a9af03582fcecaf7,275927,49,,,,corpus SG_corpus_2026-09-16: from SG_ws_2026-09-15,2021-10-11,,,Current
0.2.0,,sg-hpba2001-001,SG,https://sso.agc.gov.sg/Act/HPBA2001?ViewType=Pdf,2026-09-16T04:10:21Z,pdf_native,false,raw/sg/health_promotion_board_act_2001/20260916T0410Z__native.pdf,Health Promotion Board Act 2001,Act 5 of 2001,,,requests,200,raw/sg/health_promotion_board_act_2001/20260916T0410Z__native.pdf.headers.json,application/pdf,068d57962b448807ebb9bf74a8fce998e50de06f89eb8d66aaa88891fbd76329,142837,24,,,,corpus SG_corpus_2026-09-16: from SG_ws_2026-09-15,2021-12-31,,,Current
0.2.0,,sg-llpa2005-001,SG,https://sso.agc.gov.sg/Act/LLPA2005?ViewType=Pdf,2026-09-15T23:43:08Z,pdf_native,false,raw/sg/limited_liability_partnerships_act_2005/20260915T2343Z__native.pdf,Limited Liability Partnerships Act 2005,Act 5 of 2005,,,requests,200,raw/sg/limited_liability_partnerships_act_2005/20260915T2343Z__native.pdf.headers.json,application/pdf,3e9bc1fae84c0daa3d4fb728a613614c270363fbd2be60b73f4f969688aee322,759228,195,,,,corpus SG_corpus_2026-09-16: from SG_ws_2026-09-15,2025-12-03,,,Current
0.2.0,,sg-esa2006-001,SG,https://sso.agc.gov.sg/Act/ESIEA2006?ViewType=Pdf,2026-09-15T20:10:57Z,pdf_native,false,raw/sg/endangered_species_import_and_export_act_2006/20260915T2010Z__native.pdf,Endangered Species (Import and Export) Act 2006,Act 5 of 2006,,,requests,200,raw/sg/endangered_species_import_and_export_act_2006/20260915T2010Z__native.pdf.headers.json,application/pdf,3d8d7d52cf170c5319ab133500601e77161adf5391c4b1b8ede3b9e34e11d349,678827,159,,,,corpus SG_corpus_2026-09-16: from SG_ws_2026-09-15,2026-06-08,,,Current
0.2.0,,sg-iiaea2009-001,SG,https://sso.agc.gov.sg/Act/IIAEA2009?ViewType=Pdf,2026-09-15T23:10:07Z,pdf_native,false,raw/sg/international_interests_in_aircraft_equipment_act_2009/20260915T2310Z__native.pdf,International Interests in Aircraft Equipment Act 2009,Act 5 of 2009,,,requests,200,raw/sg/international_interests_in_aircraft_equipment_act_2009/20260915T2310Z__native.pdf.headers.json,application/pdf,424bedb2d5ab411e8b8b0946639dc3512cfc48e99012aeb90d4ca34d52b611f9,368144,107,,,,corpus SG_corpus_2026-09-16: from SG_ws_2026-09-15,2021-12-31,,,Current
0.2.0,,sg-lca2015-001,SG,https://sso.agc.gov.sg/Act/LCSCA2015?ViewType=Pdf,2026-09-15T23:45:18Z,pdf_native,false,raw/sg/liquor_control_supply_and_consumption_act_2015/20260915T2345Z__native.pdf,Liquor Control (Supply and Consumption) Act 2015,Act 5 of 2015,,,requests,200,raw/sg/liquor_control_supply_and_consumption_act_2015/20260915T2345Z__native.pdf.headers.json,application/pdf,14306eaf5bf9f1e685c1fca5f0f686377e3825b6ad250febc86c9bac0a17a3f6,231221,37,,,,corpus SG_corpus_2026-09-16: from SG_ws_2026-09-15,2021-12-31,,,Current
0.2.0,,sg-psa2018-001,SG,https://sso.agc.gov.sg/Act/PSGA2018?ViewType=Pdf,2026-09-16T06:13:18Z,pdf_native,false,raw/sg/public_sector_governance_act_2018/20260916T0613Z__native.pdf,Public Sector (Governance) Act 2018,Act 5 of 2018,,,requests,200,raw/sg/public_sector_governance_act_2018/20260916T0613Z__native.pdf.headers.json,application/pdf,8d5ed91cf239b392829892e6aad7a33e90d9609c15e92f640d57751dc50a4549,226813,49,,,,corpus SG_corpus_2026-09-16: from SG_ws_2026-09-15,2026-03-02,,,Current
0.2.0,,sg-ta2007-001,SG,https://sso.agc.gov.sg/Act/TSBA2007?ViewType=Pdf,2026-09-16T11:26:42Z,pdf_native,false,raw/sg/terrorism_suppression_of_bombings_act_2007/20260916T1126Z__native.pdf,Terrorism (Suppression of Bombings) Act 2007,Act 50 of 2007,,,requests,200,raw/sg/terrorism_suppression_of_bombings_act_2007/20260916T1126Z__native.pdf.headers.json,application/pdf,5b9cbd292ed0569c1aaabc69fe8b42cea957beecf87c008fff968a299d8486d8,104607,10,,,,corpus SG_corpus_2026-09-16: from SG_ws_2026-09-15,2022-05-11,,,Current
0.2.0,,sg-nrda2007-001,SG,https://sso.agc.gov.sg/Act/NRDA2007?ViewType=Pdf,2026-09-16T00:57:01Z,pdf_native,false,raw/sg/national_registry_of_diseases_act_2007/20260916T0057Z__native.pdf,National Registry of Diseases Act 2007,Act 56 of 2007,,,playwright,200,raw/sg/national_registry_of_diseases_act_2007/20260916T0057Z__native.pdf.headers.json,application/pdf,bfef17463f7077e1324541e0d30e023ff2b7cff24594014e780aa1ac5e001c5f,163620,25,,,,corpus SG_corpus_2026-09-16: from SG_ws_2026-09-15,2025-11-28,,,Current
0.2.0,,sg-sa1992-001,SG,https://sso.agc.gov.sg/Act/SPCPA1992?ViewType=Pdf,2026-09-16T07:46:03Z,pdf_native,false,raw/sg/smoking_prohibition_in_certain_places_act_1992/20260916T0746Z__native.pdf,Smoking (Prohibition in Certain Places) Act 1992,Act 6 of 1992,,,playwright,200,raw/sg/smoking_prohibition_in_certain_places_act_1992/20260916T0746Z__native.pdf.headers.json,application/pdf,5f0575ad8568449d9571eab40bc52a8e8ff9106c2c99de610320eab2ebf6c8a3,168520,21,,,,corpus SG_corpus_2026-09-16: from SG_ws_2026-09-15,2026-03-30,,,Current
0.2.0,,sg-difa2000-001,SG,https://sso.agc.gov.sg/Act/DIFA2000?ViewType=Pdf,2026-09-15T19:40:34Z,pdf_native,false,raw/sg/developmental_investment_fund_act_2000/20260915T1940Z__native.pdf,Developmental Investment Fund Act 2000,Act 6 of 2000,,,playwright,200,raw/sg/developmental_investment_fund_act_2000/20260915T1940Z__native.pdf.headers.json,application/pdf,6cff76f4ebd9f8c0c67fbdc1506b3d77f154ca5ba3aa0ead5cf6b4aef6922f89,117830,11,,,,corpus SG_corpus_2026-09-16: from SG_ws_2026-09-15,2021-12-15,,,Current
0.2.0,,sg-arsa2011-001,SG,https://sso.agc.gov.sg/Act/ARSA2011?ViewType=Pdf,2026-09-15T18:06:01Z,pdf_native,false,raw/sg/amusement_rides_safety_act_2011/20260915T1806Z__native.pdf,Amusement Rides Safety Act 2011,Act 6 of 2011,,,playwright,200,raw/sg/amusement_rides_safety_act_2011/20260915T1806Z__native.pdf.headers.json,application/pdf,0aee7e68bbc96288deb1ebb8467689ff51f132b68ec6bdbf049bcc16627d7867,405889,106,,,,corpus SG_corpus_2026-09-16: from SG_ws_2026-09-15,2023-09-11,,,Current
0.2.0,,sg-msa2014-001,SG,https://sso.agc.gov.sg/Act/MSMLCA2014?ViewType=Pdf,2026-09-16T00:18:06Z,pdf_native,false,raw/sg/merchant_shipping_maritime_labour_convention_act_2014/20260916T0018Z__native.pdf,Merchant Shipping (Maritime Labour Convention) Act 2014,Act 6 of 2014,,,requests,200,raw/sg/merchant_shipping_maritime_labour_convention_act_2014/20260916T0018Z__native.pdf.headers.json,application/pdf,0859d33e89980bafa11527e664f82170410c998ae8cf2a56ebf47af97cb5e485,313886,88,,,,corpus SG_corpus_2026-09-16: from SG_ws_2026-09-15,2021-12-31,,,Current
0.2.0,,sg-dsma2015-001,SG,https://sso.agc.gov.sg/Act/DSMA2015?ViewType=Pdf,2026-09-15T19:37:13Z,pdf_native,false,raw/sg/deep_seabed_mining_act_2015/20260915T1937Z__native.pdf,Deep Seabed Mining Act 2015,Act 6 of 2015,,,playwright,200,raw/sg/deep_seabed_mining_act_2015/20260915T1937Z__native.pdf.headers.json,application/pdf,d198bc7c53f502d2db9baf8f09c19f00bdb06a5d7bca219625e2f4059ce98eaf,128210,20,,,,corpus SG_corpus_2026-09-16: from SG_ws_2026-09-15,2021-12-31,,,Current
0.2.0,,sg-ca2025-001,SG,https://sso.agc.gov.sg/Acts-Supp/6-2025/Published/20250217?DocDate=20250217&ViewType=Pdf,2026-09-16T12:06:43Z,pdf_native,false,raw/sg/customs_amendment_act_2025/20260916T1206Z__native.pdf,Customs (Amendment) Act 2025,Act 6 of 2025,,,requests,200,raw/sg/customs_amendment_act_2025/20260916T1206Z__native.pdf.headers.json,application/pdf,f06824385630db0f7254821b46a81c6e0f208c88d07283e60ff3ef5ab3cc3ded,135871,15,,,,corpus SG_corpus_2026-09-16: from SG_ws_2026-09-15,2025-02-17,,,
0.2.0,,sg-sa2026-001,SG,https://sso.agc.gov.sg/Act/SA2026?ViewType=Pdf,2026-09-16T08:13:52Z,pdf_native,false,raw/sg/supply_act_2026/20260916T0813Z__native.pdf,Supply Act 2026,Act 6 of 2026,,,playwright,200,raw/sg/supply_act_2026/20260916T0813Z__native.pdf.headers.json,application/pdf,6207235412de0c3592183439e4f4c6e5f821ce3429f83e9c131caccb80279182,83399,4,,,,corpus SG_corpus_2026-09-16: from SG_ws_2026-09-15; flags short_principal,2026-03-20,,,Current
0.2.0,,sg-jra1994-001,SG,https://sso.agc.gov.sg/Act/JRA1994?ViewType=Pdf,2026-09-16T04:28:59Z,pdf_native,false,raw/sg/judges_remuneration_act_1994/20260916T0428Z__native.pdf,Judges’ Remuneration Act 1994,Act 7 of 1994,,,requests,200,raw/sg/judges_remuneration_act_1994/20260916T0428Z__native.pdf.headers.json,application/pdf,09351e643fccbb8cd035f99b8535b3b7e946850cdc503514cb65e64fc40034c7,147367,9,,,,corpus SG_corpus_2026-09-16: from SG_ws_2026-09-15,2021-12-31,,,Current
0.2.0,,sg-mpasa1996-001,SG,https://sso.agc.gov.sg/Act/MPASA1996?ViewType=Pdf,2026-09-15T23:57:11Z,pdf_native,false,raw/sg/maritime_and_port_authority_of_singapore_act_1996/20260915T2357Z__native.pdf,Maritime and Port Authority of Singapore Act 1996,Act 7 of 1996,,,requests,200,raw/sg/maritime_and_port_authority_of_singapore_act_1996/20260915T2357Z__native.pdf.headers.json,application/pdf,0f1fbec56b3fed19332ac89598e92d1daa5a39f28e8174c28da8d1bddb310fee,588936,143,,,,corpus SG_corpus_2026-09-16: from SG_ws_2026-09-15,2025-11-19,,,Current
0.2.0,,sg-smua2000-001,SG,https://sso.agc.gov.sg/Act/SMUA2000?ViewType=Pdf,2026-09-16T06:25:28Z,pdf_native,false,raw/sg/singapore_management_university_act_2000/20260916T0625Z__native.pdf,Singapore Management University Act 2000,Act 7 of 2000,,,requests,200,raw/sg/singapore_management_university_act_2000/20260916T0625Z__native.pdf.headers.json,application/pdf,49e1ca0bdfc2a36a74dc8ec91106205ad2683584019fdddbf26c51b234d128b9,101830,10,,,,corpus SG_corpus_2026-09-16: from SG_ws_2026-09-15,2021-12-31,,,Current
0.2.0,,sg-wsha2006-001,SG,https://sso.agc.gov.sg/Act/WSHA2006?ViewType=Pdf,2026-09-16T08:38:21Z,pdf_native,false,raw/sg/workplace_safety_and_health_act_2006/20260916T0838Z__native.pdf,Workplace Safety and Health Act 2006,Act 7 of 2006,,,requests,200,raw/sg/workplace_safety_and_health_act_2006/20260916T0838Z__native.pdf.headers.json,application/pdf,0b7631595be050bb736df79a87ae578ce360dc9d7d644f7be2be05cd929aab84,384082,91,,,,corpus SG_corpus_2026-09-16: from SG_ws_2026-09-15,2025-11-28,,,Current
0.2.0,,sg-pspma2019-001,SG,https://sso.agc.gov.sg/Act/PSPMPMLTFPFA2019?ViewType=Pdf,2026-09-16T01:54:10Z,pdf_native,false,raw/sg/precious_stones_and_precious_metals_prevention_of_money_laundering_terrorism_financing_and_proliferation_financing_act_2019/20260916T0154Z__native.pdf,"Precious Stones and Precious Metals (Prevention of Money Laundering, Terrorism Financing and Proliferation Financing) Act 2019",Act 7 of 2019,,,requests,200,raw/sg/precious_stones_and_precious_metals_prevention_of_money_laundering_terrorism_financing_and_proliferation_financing_act_2019/20260916T0154Z__native.pdf.headers.json,application/pdf,fcc7c234c72554b57d2615618e6630dd1466bdd8cdca22979cb2be4a81656f2f,232085,48,,,,corpus SG_corpus_2026-09-16: from SG_ws_2026-09-15,2024-04-04,,,Current
0.2.0,,sg-fssa2025-001,SG,https://sso.agc.gov.sg/Act/FSSA2025?ViewType=Pdf,2026-09-15T20:26:41Z,pdf_native,false,raw/sg/food_safety_and_security_act_2025/20260915T2026Z__native.pdf,Food Safety and Security Act 2025,Act 7 of 2025,,,playwright,200,raw/sg/food_safety_and_security_act_2025/20260915T2026Z__native.pdf.headers.json,application/pdf,52b519b1e13f0e564adfa0f62dda778cb712f0427824e11c6d55878991c79b3c,1507918,456,,,,corpus SG_corpus_2026-09-16: from SG_ws_2026-09-15,2026-06-08,,,Current
0.2.0,,sg-ssa2026-001,SG,https://sso.agc.gov.sg/Act/SSFY2025A2026?ViewType=Pdf,2026-09-16T10:16:59Z,pdf_native,false,raw/sg/supplementary_supply_fy_2025_act_2026/20260916T1016Z__native.pdf,Supplementary Supply (FY 2025) Act 2026,Act 7 of 2026,,,requests,200,raw/sg/supplementary_supply_fy_2025_act_2026/20260916T1016Z__native.pdf.headers.json,application/pdf,0036d2a78e561061979cba26f33afe7861d45f380235b6d10d3949f4021f00a9,84177,4,,,,corpus SG_corpus_2026-09-16: from SG_ws_2026-09-15; flags short_principal,2026-03-20,,,Current
0.2.0,,sg-rra1985-001,SG,https://sso.agc.gov.sg/Act/RRA1985?ViewType=Pdf,2026-09-16T02:47:28Z,pdf_native,false,raw/sg/requisition_of_resources_act_1985/20260916T0247Z__native.pdf,Requisition of Resources Act 1985,Act 8 of 1985,,,playwright,200,raw/sg/requisition_of_resources_act_1985/20260916T0247Z__native.pdf.headers.json,application/pdf,9b813935bc2c2ac69baf62e233ce792fa5ae42124b263577c28094ce71a6eec5,292030,61,,,,corpus SG_corpus_2026-09-16: from SG_ws_2026-09-15,2025-02-11,,,Current
0.2.0,,sg-dpa1989-001,SG,https://sso.agc.gov.sg/Act/DPA1989?ViewType=Pdf,2026-09-15T19:39:45Z,pdf_native,false,raw/sg/destitute_persons_act_1989/20260915T1939Z__native.pdf,Destitute Persons Act 1989,Act 8 of 1989,,,playwright,200,raw/sg/destitute_persons_act_1989/20260915T1939Z__native.pdf.headers.json,application/pdf,5cd9e31a6e64d75d099ba342b9a967d5048614f1f3a9055713a1d72f5c3ddefc,143781,13,,,,corpus SG_corpus_2026-09-16: from SG_ws_2026-09-15,2025-04-15,,,Current
0.2.0,,sg-itea1992-001,SG,https://sso.agc.gov.sg/Act/ITEA1992?ViewType=Pdf,2026-09-15T22:59:59Z,pdf_native,false,raw/sg/institute_of_technical_education_act_1992/20260915T2259Z__native.pdf,Institute of Technical Education Act 1992,Act 8 of 1992,,,requests,200,raw/sg/institute_of_technical_education_act_1992/20260915T2259Z__native.pdf.headers.json,application/pdf,031b0f7edb67c268852964e13a2f38d64c22c52875f25a9c57f89ba8d65d0012,199480,26,,,,corpus SG_corpus_2026-09-16: from SG_ws_2026-09-15,2026-06-05,,,Current
0.2.0,,sg-pfa1995-001,SG,https://sso.agc.gov.sg/Act/PFA1995?ViewType=Pdf,2026-09-16T04:46:53Z,pdf_native,false,raw/sg/pension_fund_act_1995/20260916T0446Z__native.pdf,Pension Fund Act 1995,Act 8 of 1995,,,playwright,200,raw/sg/pension_fund_act_1995/20260916T0446Z__native.pdf.headers.json,application/pdf,0d7d3a048c9b1fa5acbea138f3bb677978a00da01edaa6aa7d71a6f18689532b,110115,13,,,,corpus SG_corpus_2026-09-16: from SG_ws_2026-09-15,2021-12-31,,,Current
0.2.0,,sg-ha1998-001,SG,https://sso.agc.gov.sg/Act/HA1998?ViewType=Pdf,2026-09-16T04:15:34Z,pdf_native,false,raw/sg/holidays_act_1998/20260916T0415Z__native.pdf,Holidays Act 1998,Act 8 of 1998,,,requests,200,raw/sg/holidays_act_1998/20260916T0415Z__native.pdf.headers.json,application/pdf,d6290385c7b87b44eef51875cc96ff38dcf0d2b0cef1baa0f9266f4422116fe9,159771,9,,,,corpus SG_corpus_2026-09-16: from SG_ws_2026-09-15,2021-12-31,,,Current
0.2.0,,sg-pua2001-001,SG,https://sso.agc.gov.sg/Act/PUA2001?ViewType=Pdf,2026-09-16T02:28:37Z,pdf_native,false,raw/sg/public_utilities_act_2001/20260916T0228Z__native.pdf,Public Utilities Act 2001,Act 8 of 2001,,,requests,200,raw/sg/public_utilities_act_2001/20260916T0228Z__native.pdf.headers.json,application/pdf,986898a2bbf605549578ec7291e10f9c02705a7210ccd711696274cc6a1df2ae,578810,159,,,,corpus SG_corpus_2026-09-16: from SG_ws_2026-09-15,2026-04-27,,,Current
0.2.0,,sg-dcra2005-001,SG,https://sso.agc.gov.sg/Act/DCRA2005?ViewType=Pdf,2026-09-15T19:41:23Z,pdf_native,false,raw/sg/diplomatic_and_consular_relations_act_2005/20260915T1941Z__native.pdf,Diplomatic and Consular Relations Act 2005,Act 8 of 2005,,,playwright,200,raw/sg/diplomatic_and_consular_relations_act_2005/20260915T1941Z__native.pdf.headers.json,application/pdf,ed936f0cda37b811dba87c1e6a75f6d72fd603fe553b0ff7dad758703c7485f4,348054,63,,,,corpus SG_corpus_2026-09-16: from SG_ws_2026-09-15,2021-12-31,,,Current
0.2.0,,sg-ippa2008-001,SG,https://sso.agc.gov.sg/Act/IPPA2008?ViewType=Pdf,2026-09-15T23:12:42Z,pdf_native,false,raw/sg/internationally_protected_persons_act_2008/20260915T2312Z__native.pdf,Internationally Protected Persons Act 2008,Act 8 of 2008,,,requests,200,raw/sg/internationally_protected_persons_act_2008/20260915T2312Z__native.pdf.headers.json,application/pdf,21871cc4bfac875cb0d7853bedf6a0fc7648076ad5852fa6d8a8613966d2cf3c,139745,17,,,,corpus SG_corpus_2026-09-16: from SG_ws_2026-09-15,2021-02-22,,,Current
0.2.0,,sg-smea2020-001,SG,https://sso.agc.gov.sg/Act/SMECLA2020?ViewType=Pdf,2026-09-16T03:18:09Z,pdf_native,false,raw/sg/shared_mobility_enterprises_control_and_licensing_act_2020/20260916T0318Z__native.pdf,Shared Mobility Enterprises (Control and Licensing) Act 2020,Act 8 of 2020,,,requests,200,raw/sg/shared_mobility_enterprises_control_and_licensing_act_2020/20260916T0318Z__native.pdf.headers.json,application/pdf,4a80b7cfcace33f448560dc94e03adcdd873c1aa296991818b18c4d270fb2be2,316853,74,,,,corpus SG_corpus_2026-09-16: from SG_ws_2026-09-15,2026-02-24,,,Current
0.2.0,,sg-cpoaa2026-001,SG,https://sso.agc.gov.sg/Acts-Supp/8-2026/Published/20260427?DocDate=20260427&ViewType=Pdf,2026-09-16T14:12:49Z,pdf_native,false,raw/sg/coastal_protection_and_other_amendments_act_2026/20260916T1412Z__native.pdf,Coastal Protection and Other Amendments Act 2026,Act 8 of 2026,,,requests,200,raw/sg/coastal_protection_and_other_amendments_act_2026/20260916T1412Z__native.pdf.headers.json,application/pdf,b2bae2dc332a3eac71fc937a7557b3acf27a5dee0171a646d66da7bf042c82a1,615705,64,,,,corpus SG_corpus_2026-09-16: from SG_ws_2026-09-15,2026-04-27,,,
0.2.0,,sg-epma1999-001,SG,https://sso.agc.gov.sg/Act/EPMA1999?ViewType=Pdf,2026-09-15T20:12:32Z,pdf_native,false,raw/sg/environmental_protection_and_management_act_1999/20260915T2012Z__native.pdf,Environmental Protection and Management Act 1999,Act 9 of 1999,,,requests,200,raw/sg/environmental_protection_and_management_act_1999/20260915T2012Z__native.pdf.headers.json,application/pdf,50ff35a4f06fb59917915c9c3da99aae3f5e361834a2dcafef8f322f85dfc605,617183,181,,,,corpus SG_corpus_2026-09-16: from SG_ws_2026-09-15,2026-04-30,,,Current
0.2.0,,sg-dstaa2000-001,SG,https://sso.agc.gov.sg/Act/DSTAA2000?ViewType=Pdf,2026-09-15T19:38:02Z,pdf_native,false,raw/sg/defence_science_and_technology_agency_act_2000/20260915T1938Z__native.pdf,Defence Science and Technology Agency Act 2000,Act 9 of 2000,,,playwright,200,raw/sg/defence_science_and_technology_agency_act_2000/20260915T1938Z__native.pdf.headers.json,application/pdf,420c150648cf418d07902372cb9737602d821b9c90f4c5a9bfebf3e03f283c87,158411,30,,,,corpus SG_corpus_2026-09-16: from SG_ws_2026-09-15,2021-12-31,,,Current
0.2.0,,sg-emasa2001-001,SG,https://sso.agc.gov.sg/Act/EMASA2001?ViewType=Pdf,2026-09-15T20:11:34Z,pdf_native,false,raw/sg/energy_market_authority_of_singapore_act_2001/20260915T2011Z__native.pdf,Energy Market Authority of Singapore Act 2001,Act 9 of 2001,,,requests,200,raw/sg/energy_market_authority_of_singapore_act_2001/20260915T2011Z__native.pdf.headers.json,application/pdf,9f35d10d74e894e37728610024514fd0f3ec286b51df50fb30ff541cf5fae636,189576,32,,,,corpus SG_corpus_2026-09-16: from SG_ws_2026-09-15,2024-10-25,,,Current
0.2.0,,sg-ca2018-001,SG,https://sso.agc.gov.sg/Act/CA2018?ViewType=Pdf,2026-09-15T14:10:58Z,pdf_native,false,raw/sg/cybersecurity_act_2018/20260915T1410Z__native.pdf,Cybersecurity Act 2018,Act 9 of 2018,P7,P7-I2,requests,200,raw/sg/cybersecurity_act_2018/20260915T1410Z__native.pdf.headers.json,application/pdf,61d393108172968b0862eada75c65902c8dd7e2b38868da736809fc3d6ebcb01,444813,119,,,,corpus SG_corpus_2026-09-16: from SG_ws_2026-09-15,2024-07-04,,,Current
0.2.0,,sg-crsa2025-001,SG,https://sso.agc.gov.sg/Acts-Supp/9-2025/Published/20250305?DocDate=20250305&ViewType=Pdf,2026-09-16T13:19:15Z,pdf_native,false,raw/sg/constitution_of_the_republic_of_singapore_amendment_act_2025/20260916T1319Z__native.pdf,Constitution of the Republic of Singapore (Amendment) Act 2025,Act 9 of 2025,,,requests,200,raw/sg/constitution_of_the_republic_of_singapore_amendment_act_2025/20260916T1319Z__native.pdf.headers.json,application/pdf,e3bc71d068ce6b48397ed6cb293357fc3a5d8475ca1ca65dbbfa88ef94f46ab6,94365,3,,,,corpus SG_corpus_2026-09-16: from SG_ws_2026-09-15,2025-03-05,,,
0.2.0,,sg-toma2026-001,SG,https://sso.agc.gov.sg/Acts-Supp/9-2026/Published/20260330?DocDate=20260330&ViewType=Pdf,2026-09-16T11:58:25Z,pdf_native,false,raw/sg/tobacco_control_of_advertisements_and_sale_amendment_and_other_matters_act_2026/20260916T1158Z__native.pdf,Tobacco (Control of Advertisements and Sale) (Amendment) and Other Matters Act 2026,Act 9 of 2026,,,requests,200,raw/sg/tobacco_control_of_advertisements_and_sale_amendment_and_other_matters_act_2026/20260916T1158Z__native.pdf.headers.json,application/pdf,c8c840a46639f32159ea09f2c80c79096090a97b1e55a338bf1c2d42dd033adc,641645,60,,,,corpus SG_corpus_2026-09-16: from SG_ws_2026-09-15,2026-03-30,,,
0.2.0,,sg-ccpcii-001,SG,https://isomer-user-content.by.gov.sg/36/2df750a7-a3bc-4d77-a492-d64f0ff4db5a/CCoP---Second-Edition_Revision-One.pdf,2026-09-15T16:42:53Z,pdf_native,false,raw/sg/cybersecurity_code_of_practice_for_critical_information_infrastructure_second_edition/20260915T1642Z__native.pdf,Cybersecurity Code of Practice for Critical Information Infrastructure (Second Edition),CCoP 2.0 Rev 1,P7,P7-I2,requests,200,raw/sg/cybersecurity_code_of_practice_for_critical_information_infrastructure_second_edition/20260915T1642Z__native.pdf.headers.json,application/pdf,bd2aad4189a2a61963d8d8bf406f27b3d88f585df4319ce2f39e0d341a164d66,579695,65,,,,corpus SG_corpus_2026-09-16: from SG_ws_2026-09-15,,,,
0.2.0,,sg-mnfnch-001,SG,https://www.mas.gov.sg/-/media/mas-media-library/regulation/notices/trpd/notice-fsm-n16/mas-notice-fsm-n16.pdf?sc_lang=en,2026-09-15T16:42:12Z,pdf_native,false,raw/sg/mas_notice_fsm_n16_cyber_hygiene/20260915T1642Z__native.pdf,MAS Notice FSM-N16 Cyber Hygiene,FSM-N16,P7,P7-I2,requests,200,raw/sg/mas_notice_fsm_n16_cyber_hygiene/20260915T1642Z__native.pdf.headers.json,application/pdf,45780b8a8548b5f84f1d405bc86437339a5489f34e5666af4bc2db9a61a665a3,71438,4,,,,corpus SG_corpus_2026-09-16: from SG_ws_2026-09-15,,,,
0.2.0,,sg-iteo2022-001,SG,https://sso.agc.gov.sg/SL/ITA1947-S10-2022?DocDate=20220107&ViewType=Pdf,2026-09-15T14:23:50Z,pdf_native,false,raw/sg/income_tax_accuron_industrial_technologies_limited_section_13_12_exemption_order_2022/20260915T1423Z__native.pdf,Income Tax (Accuron Industrial Technologies Limited — Section 13(12) Exemption) Order 2022,S 10/2022,,,playwright,200,raw/sg/income_tax_accuron_industrial_technologies_limited_section_13_12_exemption_order_2022/20260915T1423Z__native.pdf.headers.json,application/pdf,675ad614a3287c71db82f9143bff572c2ccb458df8bf83c45b5819186f5ace9f,33729,2,,,,corpus SG_corpus_2026-09-16: from SG_ws_2026-09-15,2022-01-07,,,Current
0.2.0,,sg-bo2024-001,SG,https://sso.agc.gov.sg/SL/BA1970-S1001-2024?DocDate=20241223&ViewType=Pdf,2026-09-15T14:16:51Z,pdf_native,false,raw/sg/banking_financial_penalties_under_sections_38_and_39_order_2024/20260915T1416Z__native.pdf,Banking (Financial Penalties under Sections 38 and 39) Order 2024,S 1001/2024,,,requests,200,raw/sg/banking_financial_penalties_under_sections_38_and_39_order_2024/20260915T1416Z__native.pdf.headers.json,application/pdf,16f3a9cbae3a0f4bd54dab5f2bbeb447a5757fae1c4630197539a0513ee363d0,162535,5,,,,corpus SG_corpus_2026-09-16: from SG_ws_2026-09-15,2024-12-23,,,Current
0.2.0,,sg-bo2020-001,SG,https://sso.agc.gov.sg/SL/BA1970-S1084-2020?DocDate=20201229&ViewType=Pdf,2026-09-15T14:16:36Z,pdf_native,false,raw/sg/banking_exemption_from_sections_15a_and_15b_order_2020/20260915T1416Z__native.pdf,Banking (Exemption from Sections 15A and 15B) Order 2020,S 1084/2020,,,requests,200,raw/sg/banking_exemption_from_sections_15a_and_15b_order_2020/20260915T1416Z__native.pdf.headers.json,application/pdf,cfbe8fd5793f4b5e79fba9c6099812fe07098c83faff1b9cfc0ccb322884a66a,36140,2,,,,corpus SG_corpus_2026-09-16: from SG_ws_2026-09-15,2020-12-29,,,Current
0.2.0,,sg-cr2017-001,SG,https://sso.agc.gov.sg/SL/CoA1967-S116-2017?DocDate=20250602&ViewType=Pdf,2026-09-15T14:18:44Z,pdf_native,false,raw/sg/companies_registers_of_controllers_nominee_directors_nominee_shareholders_and_members_of_foreign_companies_regulations_2017/20260915T1418Z__native.pdf,"Companies (Registers of Controllers, Nominee Directors, Nominee Shareholders, and Members of Foreign Companies) Regulations 2017",S 116/2017,,,requests,200,raw/sg/companies_registers_of_controllers_nominee_directors_nominee_shareholders_and_members_of_foreign_companies_regulations_2017/20260915T1418Z__native.pdf.headers.json,application/pdf,6c0ae34e3e662e1bebc2a39d49474e58843691d76960e612a52a48dcca01607a,194651,37,,,,corpus SG_corpus_2026-09-16: from SG_ws_2026-09-15,2025-06-02,,,Current
0.2.0,,sg-itr2009-001,SG,https://sso.agc.gov.sg/SL/ITA1947-S136-2009?DocDate=20221206&ViewType=Pdf,2026-09-15T15:59:23Z,pdf_native,false,raw/sg/income_tax_concessionary_rate_of_tax_for_approved_insurance_brokers_regulations_2009/20260915T1559Z__native.pdf,Income Tax (Concessionary Rate of Tax for Approved Insurance Brokers) Regulations 2009,S 136/2009,,,requests,200,raw/sg/income_tax_concessionary_rate_of_tax_for_approved_insurance_brokers_regulations_2009/20260915T1559Z__native.pdf.headers.json,application/pdf,630edce42a51d8ea78e28d1df164ed526a6c22a65113578596ec82f19b1efb30,45446,5,,,,corpus SG_corpus_2026-09-16: from SG_ws_2026-09-15,2022-12-06,,,Current
0.2.0,,sg-er2017-001,SG,https://sso.agc.gov.sg/SL/EmA1968-S137-2017?DocDate=20170331&ViewType=Pdf,2026-09-15T14:20:47Z,pdf_native,false,raw/sg/employment_prescribed_disputes_regulations_2017/20260915T1420Z__native.pdf,Employment (Prescribed Disputes) Regulations 2017,S 137/2017,,,requests,200,raw/sg/employment_prescribed_disputes_regulations_2017/20260915T1420Z__native.pdf.headers.json,application/pdf,a28a987ac94a18a4cb746bce74dc818b60c58fa6c0193f554a6fda62306807dc,35408,2,,,,corpus SG_corpus_2026-09-16: from SG_ws_2026-09-15,2017-03-31,,,Current
0.2.0,,sg-itr20128ab7-001,SG,https://sso.agc.gov.sg/SL/ITA1947-S148-2012?DocDate=20130403&ViewType=Pdf,2026-09-15T16:18:48Z,pdf_native,false,raw/sg/income_tax_deduction_for_resident_individual_prescribed_payment_regulations_2012/20260915T1618Z__native.pdf,Income Tax (Deduction for Resident Individual) (Prescribed Payment) Regulations 2012,S 148/2012,,,requests,200,raw/sg/income_tax_deduction_for_resident_individual_prescribed_payment_regulations_2012/20260915T1618Z__native.pdf.headers.json,application/pdf,de549e66261bf75eb9307b6021b2ff7f9d679f1386cd0b35f7fb2ec6ee211b93,34963,2,,,,corpus SG_corpus_2026-09-16: from SG_ws_2026-09-15,2013-04-03,,,Current
0.2.0,,sg-er201640ed-001,SG,https://sso.agc.gov.sg/SL/EmA1968-S148-2016?DocDate=20160401&ViewType=Pdf,2026-09-15T14:20:22Z,pdf_native,false,raw/sg/employment_employment_records_key_employment_terms_and_pay_slips_regulations_2016/20260915T1420Z__native.pdf,"Employment (Employment Records, Key Employment Terms and Pay Slips) Regulations 2016",S 148/2016,,,requests,200,raw/sg/employment_employment_records_key_employment_terms_and_pay_slips_regulations_2016/20260915T1420Z__native.pdf.headers.json,application/pdf,4c50adffdcef60499ddaab1fd2980250d7f2ba98a10675eb563b7bf1fc8427de,54616,8,,,,corpus SG_corpus_2026-09-16: from SG_ws_2026-09-15,2016-04-01,,,Current
0.2.0,,sg-pdpn2013-001,SG,https://sso.agc.gov.sg/SL/PDPA2012-S149-2013?DocDate=20260626&ViewType=Pdf,2026-09-15T14:10:41Z,pdf_native,false,raw/sg/personal_data_protection_statutory_bodies_notification_2013/20260915T1410Z__native.pdf,Personal Data Protection (Statutory Bodies) Notification 2013,S 149/2013,,,requests,200,raw/sg/personal_data_protection_statutory_bodies_notification_2013/20260915T1410Z__native.pdf.headers.json,application/pdf,0f0a0dab49da4cdb4b8cc6547c43633ad2c61ee40c76d2a2ffbd5d8e9bff8b3d,100979,6,,,,corpus SG_corpus_2026-09-16: from SG_ws_2026-09-15,2026-06-26,,,Current
0.2.0,,sg-er2016-001,SG,https://sso.agc.gov.sg/SL/EmA1968-S149-2016?DocDate=20220330&ViewType=Pdf,2026-09-15T14:19:50Z,pdf_native,false,raw/sg/employment_administrative_penalties_regulations_2016/20260915T1419Z__native.pdf,Employment (Administrative Penalties) Regulations 2016,S 149/2016,,,requests,200,raw/sg/employment_administrative_penalties_regulations_2016/20260915T1419Z__native.pdf.headers.json,application/pdf,83cfa1e5d67a80772ae00f821015489b714cc17496b836ff70a52543362e973d,53726,9,,,,corpus SG_corpus_2026-09-16: from SG_ws_2026-09-15,2022-03-30,,,Current
0.2.0,,sg-itr2011-001,SG,https://sso.agc.gov.sg/SL/ITA1947-S154-2011?DocDate=20251127&ViewType=Pdf,2026-09-15T14:25:28Z,pdf_native,false,raw/sg/income_tax_amalgamation_of_companies_regulations_2011/20260915T1425Z__native.pdf,Income Tax (Amalgamation of Companies) Regulations 2011,S 154/2011,,,playwright,200,raw/sg/income_tax_amalgamation_of_companies_regulations_2011/20260915T1425Z__native.pdf.headers.json,application/pdf,899afdf5029d765957cce94a82c6d41c6d3c624258000a012a1d9d43e104df4a,318162,58,,,,corpus SG_corpus_2026-09-16: from SG_ws_2026-09-15,2025-11-27,,,Current
0.2.0,,sg-itr2009fa37-001,SG,https://sso.agc.gov.sg/SL/ITA1947-S155-2009?DocDate=20221206&ViewType=Pdf,2026-09-15T16:05:21Z,pdf_native,false,raw/sg/income_tax_concessionary_rate_of_tax_for_income_derived_from_managing_qualifying_registered_business_trust_or_company_regulations_2009/20260915T1605Z__native.pdf,Income Tax (Concessionary Rate of Tax for Income Derived from Managing Qualifying Registered Business Trust or Company) Regulations 2009,S 155/2009,,,requests,200,raw/sg/income_tax_concessionary_rate_of_tax_for_income_derived_from_managing_qualifying_registered_business_trust_or_company_regulations_2009/20260915T1605Z__native.pdf.headers.json,application/pdf,702ead3eba8a54919bcb64f1beb6d5dc6dbff4414cca87ebbde6583386977cc6,40887,3,,,,corpus SG_corpus_2026-09-16: from SG_ws_2026-09-15,2022-12-06,,,Current
0.2.0,,sg-cpcn2019-001,SG,https://sso.agc.gov.sg/SL/CPC2010-S16-2019?DocDate=20190103&ViewType=Pdf,2026-09-15T14:14:13Z,pdf_native,false,raw/sg/criminal_procedure_code_prescribed_law_enforcement_agency_notification_2019/20260915T1414Z__native.pdf,Criminal Procedure Code (Prescribed Law Enforcement Agency) Notification 2019,S 16/2019,,,requests,200,raw/sg/criminal_procedure_code_prescribed_law_enforcement_agency_notification_2019/20260915T1414Z__native.pdf.headers.json,application/pdf,61617e472ed01fc72916961659413908e6330621a8c8a939ce69e3a19763e13e,33922,2,,,,corpus SG_corpus_2026-09-16: from SG_ws_2026-09-15,2019-01-03,,,Current
0.2.0,,sg-iten2022-001,SG,https://sso.agc.gov.sg/SL/ITA1947-S160-2022?DocDate=20220304&ViewType=Pdf,2026-09-15T14:29:34Z,pdf_native,false,raw/sg/income_tax_asia_liberty_pte_ltd_etc_section_13_4_exemption_notification_2022/20260915T1429Z__native.pdf,"Income Tax (Asia Liberty Pte. Ltd., etc. — Section 13(4) Exemption) Notification 2022",S 160/2022,,,playwright,200,raw/sg/income_tax_asia_liberty_pte_ltd_etc_section_13_4_exemption_notification_2022/20260915T1429Z__native.pdf.headers.json,application/pdf,40b19d8a22c1c226c1b1cf89e3ace4988aa01ed30d9f1ff6c60f326d782c47f1,33301,2,,,,corpus SG_corpus_2026-09-16: from SG_ws_2026-09-15,2022-03-04,,,Current
0.2.0,,sg-ito201167b9-001,SG,https://sso.agc.gov.sg/SL/ITA1947-S184-2011?DocDate=20110408&ViewType=Pdf,2026-09-15T14:22:05Z,pdf_native,false,raw/sg/income_tax_singapore_ireland_avoidance_of_double_taxation_agreement_order_2011/20260915T1422Z__native.pdf,Income Tax (Singapore — Ireland) (Avoidance of Double Taxation Agreement) Order 2011,S 184/2011,,,requests,200,raw/sg/income_tax_singapore_ireland_avoidance_of_double_taxation_agreement_order_2011/20260915T1422Z__native.pdf.headers.json,application/pdf,b6902c2bc3d99819cc812b696133cac3ad1c4aea5f30fd0d6becca99cf5390d3,105995,26,,,,corpus SG_corpus_2026-09-16: from SG_ws_2026-09-15,2011-04-08,,,Current
0.2.0,,sg-iteo20247f31-001,SG,https://sso.agc.gov.sg/SL/ITA1947-S184-2024?DocDate=20240305&ViewType=Pdf,2026-09-15T16:12:39Z,pdf_native,false,raw/sg/income_tax_cromwell_european_real_estate_investment_trust_section_13_12_exemption_order_2024/20260915T1612Z__native.pdf,Income Tax (Cromwell European Real Estate Investment Trust — Section 13(12) Exemption) Order 2024,S 184/2024,,,requests,200,raw/sg/income_tax_cromwell_european_real_estate_investment_trust_section_13_12_exemption_order_2024/20260915T1612Z__native.pdf.headers.json,application/pdf,cb17cb38b5b5183ec558a7b093dc4b8fff601840c80bfa4d72b12c9c38e2efcb,89189,3,,,,corpus SG_corpus_2026-09-16: from SG_ws_2026-09-15,2024-03-05,,,Current
0.2.0,,sg-ito2011f0e1-001,SG,https://sso.agc.gov.sg/SL/ITA1947-S191-2011?DocDate=20110414&ViewType=Pdf,2026-09-15T14:23:01Z,pdf_native,false,raw/sg/income_tax_transfer_of_undertaking_by_bank_or_finance_company_order_2011/20260915T1423Z__native.pdf,Income Tax (Transfer of Undertaking by Bank or Finance Company) Order 2011,S 191/2011,,,playwright,200,raw/sg/income_tax_transfer_of_undertaking_by_bank_or_finance_company_order_2011/20260915T1423Z__native.pdf.headers.json,application/pdf,35cd1b2264d30f26a931cf9d21d38f25c5901c117fa357fed68f90ce9154adb3,33438,2,,,,corpus SG_corpus_2026-09-16: from SG_ws_2026-09-15,2011-04-14,,,Current
0.2.0,,sg-er2019-001,SG,https://sso.agc.gov.sg/SL/EmA1968-S199-2019?DocDate=20190329&ViewType=Pdf,2026-09-15T14:21:26Z,pdf_native,false,raw/sg/employment_sick_leave_hospitalisation_regulations_2019/20260915T1421Z__native.pdf,Employment (Sick Leave — Hospitalisation) Regulations 2019,S 199/2019,,,requests,200,raw/sg/employment_sick_leave_hospitalisation_regulations_2019/20260915T1421Z__native.pdf.headers.json,application/pdf,ea388fe38b552ba9a64f777abbf7009eb62d70c83e00b37e55e07c6281046e0d,32739,2,,,,corpus SG_corpus_2026-09-16: from SG_ws_2026-09-15,2019-03-29,,,Current
0.2.0,,sg-en2019-001,SG,https://sso.agc.gov.sg/SL/EmA1968-S200-2019?DocDate=20211015&ViewType=Pdf,2026-09-15T14:21:18Z,pdf_native,false,raw/sg/employment_retrenchment_reporting_notification_2019/20260915T1421Z__native.pdf,Employment (Retrenchment Reporting) Notification 2019,S 200/2019,,,requests,200,raw/sg/employment_retrenchment_reporting_notification_2019/20260915T1421Z__native.pdf.headers.json,application/pdf,3c701e42b4cd92fee081b60fea43026591f4bf836645eae04fa0fa3c5c9234fc,42689,4,,,,corpus SG_corpus_2026-09-16: from SG_ws_2026-09-15,2021-10-15,,,Current
0.2.0,,sg-iten20239e1c-001,SG,https://sso.agc.gov.sg/SL/ITA1947-S204-2023?DocDate=20230418&ViewType=Pdf,2026-09-15T14:27:24Z,pdf_native,false,raw/sg/income_tax_argosy_pte_ltd_section_13_4_exemption_notification_2023/20260915T1427Z__native.pdf,Income Tax (Argosy Pte. Ltd. — Section 13(4) Exemption) Notification 2023,S 204/2023,,,requests,200,raw/sg/income_tax_argosy_pte_ltd_section_13_4_exemption_notification_2023/20260915T1427Z__native.pdf.headers.json,application/pdf,04305001f797881369b90c480ce471d917c84e52ef2504a85f6224b8b216455e,36724,2,,,,corpus SG_corpus_2026-09-16: from SG_ws_2026-09-15,2023-04-18,,,Current
0.2.0,,sg-itn2011-001,SG,https://sso.agc.gov.sg/SL/ITA1947-S206-2011?DocDate=20110420&ViewType=Pdf,2026-09-15T14:21:52Z,pdf_native,false,raw/sg/income_tax_exemption_of_interest_and_other_payments_for_economic_and_technological_development_notification_2011/20260915T1421Z__native.pdf,Income Tax (Exemption of Interest and Other Payments for Economic and Technological Development) Notification 2011,S 206/2011,,,requests,200,raw/sg/income_tax_exemption_of_interest_and_other_payments_for_economic_and_technological_development_notification_2011/20260915T1421Z__native.pdf.headers.json,application/pdf,370a1bb5295cbd59590727dcf6ed375716c60e11625e97f857aa235c524a52e6,36069,3,,,,corpus SG_corpus_2026-09-16: from SG_ws_2026-09-15,2011-04-20,,,Current
0.2.0,,sg-cpcn2017-001,SG,https://sso.agc.gov.sg/SL/CPC2010-S206-2017?DocDate=20170504&ViewType=Pdf,2026-09-15T14:14:05Z,pdf_native,false,raw/sg/criminal_procedure_code_prescribed_law_enforcement_agency_notification_2017/20260915T1414Z__native.pdf,Criminal Procedure Code (Prescribed Law Enforcement Agency) Notification 2017,S 206/2017,,,requests,200,raw/sg/criminal_procedure_code_prescribed_law_enforcement_agency_notification_2017/20260915T1414Z__native.pdf.headers.json,application/pdf,522c8b3dc1eaf90f14cd5e6dad9426d4ba4d74b5d8448c54503902a0dffd166b,32452,2,,,,corpus SG_corpus_2026-09-16: from SG_ws_2026-09-15,2017-05-04,,,Current
0.2.0,,sg-pdpn2025-001,SG,https://sso.agc.gov.sg/SL-Supp/S217-2025/Published/20250328?ViewType=Pdf,2026-09-15T16:42:08Z,pdf_native,false,raw/sg/personal_data_protection_statutory_bodies_amendment_notification_2025/20260915T1642Z__native.pdf,Personal Data Protection (Statutory Bodies) (Amendment) Notification 2025,S 217/2025,P7,P7-I1,requests,200,raw/sg/personal_data_protection_statutory_bodies_amendment_notification_2025/20260915T1642Z__native.pdf.headers.json,application/pdf,080043fe62c9166d42adb329daad552e65843cbd7733bdc61c0261bec40d0d73,89740,2,,,,corpus SG_corpus_2026-09-16: from SG_ws_2026-09-15,,,,
0.2.0,,sg-cr20182f02-001,SG,https://sso.agc.gov.sg/SL/CoA1967-S218-2018?DocDate=20260406&ViewType=Pdf,2026-09-15T14:18:53Z,pdf_native,false,raw/sg/companies_revision_of_defective_financial_statements_or_consolidated_financial_statements_or_balance_sheet_regulations_2018/20260915T1418Z__native.pdf,"Companies (Revision of Defective Financial Statements, or Consolidated Financial Statements or Balance-sheet) Regulations 2018",S 218/2018,,,requests,200,raw/sg/companies_revision_of_defective_financial_statements_or_consolidated_financial_statements_or_balance_sheet_regulations_2018/20260915T1418Z__native.pdf.headers.json,application/pdf,e89c1b31f663ab183092f697035910f55f89a69b2497a7e132c09effb12aeff3,146146,20,,,,corpus SG_corpus_2026-09-16: from SG_ws_2026-09-15,2026-04-06,,,Current
0.2.0,,sg-iten20239859-001,SG,https://sso.agc.gov.sg/SL/ITA1947-S231-2023?DocDate=20230426&ViewType=Pdf,2026-09-15T14:27:18Z,pdf_native,false,raw/sg/income_tax_argosy_pte_ltd_section_13_4_exemption_no_2_notification_2023/20260915T1427Z__native.pdf,Income Tax (Argosy Pte. Ltd. — Section 13(4) Exemption) (No. 2) Notification 2023,S 231/2023,,,requests,200,raw/sg/income_tax_argosy_pte_ltd_section_13_4_exemption_no_2_notification_2023/20260915T1427Z__native.pdf.headers.json,application/pdf,77dd7d7cc4a13f4c66884b967248834127345cd111a67311a2cd0c32ec1fb852,33924,2,,,,corpus SG_corpus_2026-09-16: from SG_ws_2026-09-15,2023-04-26,,,Current
0.2.0,,sg-itr2017d036-001,SG,https://sso.agc.gov.sg/SL/ITA1947-S239-2017?DocDate=20250609&ViewType=Pdf,2026-09-15T16:01:51Z,pdf_native,false,raw/sg/income_tax_concessionary_rate_of_tax_for_financial_sector_incentive_companies_regulations_2017/20260915T1601Z__native.pdf,Income Tax (Concessionary Rate of Tax for Financial Sector Incentive Companies) Regulations 2017,S 239/2017,,,requests,200,raw/sg/income_tax_concessionary_rate_of_tax_for_financial_sector_incentive_companies_regulations_2017/20260915T1601Z__native.pdf.headers.json,application/pdf,86d0005d0e0d6f2e68ef937c7055cbaf7d10d2341c288010138d3ea45c2b7212,247924,38,,,,corpus SG_corpus_2026-09-16: from SG_ws_2026-09-15,2025-06-09,,,Current
0.2.0,,sg-tr2022-001,SG,https://sso.agc.gov.sg/SL/TA1999-S242-2022?DocDate=20220331&ViewType=Pdf,2026-09-15T16:32:43Z,pdf_native,false,raw/sg/telecommunications_dispute_resolution_scheme_regulations_2022/20260915T1632Z__native.pdf,Telecommunications (Dispute Resolution Scheme) Regulations 2022,S 242/2022,,,requests,200,raw/sg/telecommunications_dispute_resolution_scheme_regulations_2022/20260915T1632Z__native.pdf.headers.json,application/pdf,3b138809229be04e68536154017743ae88625cc83f05f4a8621674b07a5dca9f,45069,6,,,,corpus SG_corpus_2026-09-16: from SG_ws_2026-09-15,2022-03-31,,,Current
0.2.0,,sg-ito2011-001,SG,https://sso.agc.gov.sg/SL/ITA1947-S247-2011?DocDate=20110504&ViewType=Pdf,2026-09-15T14:21:43Z,pdf_native,false,raw/sg/income_tax_exemption_of_foreign_income_order_2011/20260915T1421Z__native.pdf,Income Tax (Exemption of Foreign Income) Order 2011,S 247/2011,,,requests,200,raw/sg/income_tax_exemption_of_foreign_income_order_2011/20260915T1421Z__native.pdf.headers.json,application/pdf,7c6bb0d4bd5db5a960dc6085fadeb918dd889198f2f3094e46f7b50ec07f73d8,33783,2,,,,corpus SG_corpus_2026-09-16: from SG_ws_2026-09-15,2011-05-04,,,Current
0.2.0,,sg-er2014-001,SG,https://sso.agc.gov.sg/SL/EmA1968-S248-2014?DocDate=20140331&ViewType=Pdf,2026-09-15T14:20:06Z,pdf_native,false,raw/sg/employment_bail_and_personal_bond_regulations_2014/20260915T1420Z__native.pdf,Employment (Bail and Personal Bond) Regulations 2014,S 248/2014,,,requests,200,raw/sg/employment_bail_and_personal_bond_regulations_2014/20260915T1420Z__native.pdf.headers.json,application/pdf,cd399bf53e61ee02758bce369e3adfbb92da68d54a5a795a5f529c0dc87d8cdb,49338,6,,,,corpus SG_corpus_2026-09-16: from SG_ws_2026-09-15,2014-03-31,,,Current
0.2.0,,sg-cpcr2022-001,SG,https://sso.agc.gov.sg/SL/CPC2010-S259-2022?DocDate=20220331&ViewType=Pdf,2026-09-15T14:12:35Z,pdf_native,false,raw/sg/criminal_procedure_code_electronic_filing_and_service_for_supreme_court_rules_2022/20260915T1412Z__native.pdf,Criminal Procedure Code (Electronic Filing and Service for Supreme Court) Rules 2022,S 259/2022,,,requests,200,raw/sg/criminal_procedure_code_electronic_filing_and_service_for_supreme_court_rules_2022/20260915T1412Z__native.pdf.headers.json,application/pdf,75823d00547868f3384c9c66093aa7ac589776fefaa3236e45f1cf660313eb92,73801,16,,,,corpus SG_corpus_2026-09-16: from SG_ws_2026-09-15,2022-03-31,,,Current
0.2.0,,sg-ito20114efd-001,SG,https://sso.agc.gov.sg/SL/ITA1947-S261-2011?DocDate=20110526&ViewType=Pdf,2026-09-15T14:22:37Z,pdf_native,false,raw/sg/income_tax_singapore_saudi_arabia_avoidance_of_double_taxation_agreement_order_2011/20260915T1422Z__native.pdf,Income Tax (Singapore — Saudi Arabia) (Avoidance of Double Taxation Agreement) Order 2011,S 261/2011,,,playwright,200,raw/sg/income_tax_singapore_saudi_arabia_avoidance_of_double_taxation_agreement_order_2011/20260915T1422Z__native.pdf.headers.json,application/pdf,e20d380c188d948bbdbbd1d6c21fa3c37d298fca96bd56a76ac85fe3469ade3f,103456,25,,,,corpus SG_corpus_2026-09-16: from SG_ws_2026-09-15,2011-05-26,,,Current
0.2.0,,sg-pdpn2020-001,SG,https://sso.agc.gov.sg/SL/PDPA2012-S272-2020?DocDate=20210205&ViewType=Pdf,2026-09-15T14:10:34Z,pdf_native,false,raw/sg/personal_data_protection_prescribed_law_enforcement_agency_notification_2020/20260915T1410Z__native.pdf,Personal Data Protection (Prescribed Law Enforcement Agency) Notification 2020,S 272/2020,,,requests,200,raw/sg/personal_data_protection_prescribed_law_enforcement_agency_notification_2020/20260915T1410Z__native.pdf.headers.json,application/pdf,90e5f69a2125f36a4a10fd48baaa57ed549d0c2537b19516c44e57a418673413,34739,2,,,,corpus SG_corpus_2026-09-16: from SG_ws_2026-09-15,2021-02-05,,,Current
0.2.0,,sg-iteo2026-001,SG,https://sso.agc.gov.sg/SL/ITA1947-S286-2026?DocDate=20260506&ViewType=Pdf,2026-09-15T16:19:39Z,pdf_native,false,raw/sg/income_tax_digital_core_reit_section_13_12_exemption_order_2026/20260915T1619Z__native.pdf,Income Tax (Digital Core REIT — Section 13(12) Exemption) Order 2026,S 286/2026,,,requests,200,raw/sg/income_tax_digital_core_reit_section_13_12_exemption_order_2026/20260915T1619Z__native.pdf.headers.json,application/pdf,84091d26dc93b4070622346f704a4dc40f1ae4d8c581bdb3680a506b4c5aa4d2,84303,4,,,,corpus SG_corpus_2026-09-16: from SG_ws_2026-09-15,2026-05-06,,,Current
0.2.0,,sg-ito2017-001,SG,https://sso.agc.gov.sg/SL/ITA1947-S289-2017?DocDate=20230201&ViewType=Pdf,2026-09-15T17:53:19Z,pdf_native,false,raw/sg/income_tax_concessionary_rate_of_tax_for_foreign_income_of_approved_container_investment_enterprise_order_2017/20260915T1753Z__native.pdf,Income Tax (Concessionary Rate of Tax for Foreign Income of Approved Container Investment Enterprise) Order 2017,S 289/2017,,,requests,200,raw/sg/income_tax_concessionary_rate_of_tax_for_foreign_income_of_approved_container_investment_enterprise_order_2017/20260915T1753Z__native.pdf.headers.json,application/pdf,6231b31e744271da75c930ba0e43287dd337e83513d10c6d2cbb6187f29757d0,50131,7,,,,corpus SG_corpus_2026-09-16: from SG_ws_2026-09-15,2023-02-01,,,Current
0.2.0,,sg-cn2024-001,SG,https://sso.agc.gov.sg/SL/CoA1967-S295-2024?DocDate=20240411&ViewType=Pdf,2026-09-15T14:17:53Z,pdf_native,false,raw/sg/companies_exempt_private_companies_notification_2024/20260915T1417Z__native.pdf,Companies (Exempt Private Companies) Notification 2024,S 295/2024,,,requests,200,raw/sg/companies_exempt_private_companies_notification_2024/20260915T1417Z__native.pdf.headers.json,application/pdf,45a61722fb3e35286606163c0ec457a0e5ef1201dce9a2274de7c31c6f32a61d,87475,3,,,,corpus SG_corpus_2026-09-16: from SG_ws_2026-09-15,2024-04-11,,,Current
0.2.0,,sg-cr20221b78-001,SG,https://sso.agc.gov.sg/SL/CA2018-S304-2022?DocDate=20260710&ViewType=Pdf,2026-09-15T14:11:30Z,pdf_native,false,raw/sg/cybersecurity_cybersecurity_service_providers_regulations_2022/20260915T1411Z__native.pdf,Cybersecurity (Cybersecurity Service Providers) Regulations 2022,S 304/2022,,,requests,200,raw/sg/cybersecurity_cybersecurity_service_providers_regulations_2022/20260915T1411Z__native.pdf.headers.json,application/pdf,d1c2df225a50874d89ebca3cf0cc6d0ab045d5ddf1000051ce2be93943b9571c,100187,5,,,,corpus SG_corpus_2026-09-16: from SG_ws_2026-09-15,2026-07-10,,,Current
0.2.0,,sg-cr2022-001,SG,https://sso.agc.gov.sg/SL/CA2018-S305-2022?DocDate=20220408&ViewType=Pdf,2026-09-15T14:11:15Z,pdf_native,false,raw/sg/cybersecurity_composition_of_offences_regulations_2022/20260915T1411Z__native.pdf,Cybersecurity (Composition of Offences) Regulations 2022,S 305/2022,,,requests,200,raw/sg/cybersecurity_composition_of_offences_regulations_2022/20260915T1411Z__native.pdf.headers.json,application/pdf,8b4a39ab799347fff87122b6c8ad54454043325cce8e658299d45dae499ede45,34071,2,,,,corpus SG_corpus_2026-09-16: from SG_ws_2026-09-15,2022-04-08,,,Current
0.2.0,,sg-itn2024-001,SG,https://sso.agc.gov.sg/SL/ITA1947-S313-2024?DocDate=20240412&ViewType=Pdf,2026-09-15T14:29:58Z,pdf_native,false,raw/sg/income_tax_assignment_of_functions_under_section_3a_building_and_construction_authority_notification_2024/20260915T1429Z__native.pdf,Income Tax (Assignment of Functions under Section 3A — Building and Construction Authority) Notification 2024,S 313/2024,,,playwright,200,raw/sg/income_tax_assignment_of_functions_under_section_3a_building_and_construction_authority_notification_2024/20260915T1429Z__native.pdf.headers.json,application/pdf,07db8c6f1eaccf6812a2558ecf26f2448d94eb0f6b2f1976da5e08eb7c67a2a3,83823,2,,,,corpus SG_corpus_2026-09-16: from SG_ws_2026-09-15,2024-04-12,,,Current
0.2.0,,sg-itn20243aa0-001,SG,https://sso.agc.gov.sg/SL/ITA1947-S314-2024?DocDate=20260331&ViewType=Pdf,2026-09-15T14:30:23Z,pdf_native,false,raw/sg/income_tax_assignment_of_functions_under_section_3a_economic_development_board_notification_2024/20260915T1430Z__native.pdf,Income Tax (Assignment of Functions under Section 3A — Economic Development Board) Notification 2024,S 314/2024,,,playwright,200,raw/sg/income_tax_assignment_of_functions_under_section_3a_economic_development_board_notification_2024/20260915T1430Z__native.pdf.headers.json,application/pdf,47c87408d9cc46bca5ad8fdf5c7addaf01b03df6fc82d2fad9e74677b148a8a4,108582,8,,,,corpus SG_corpus_2026-09-16: from SG_ws_2026-09-15,2026-03-31,,,Current
0.2.0,,sg-itn20241601-001,SG,https://sso.agc.gov.sg/SL/ITA1947-S315-2024?DocDate=20260331&ViewType=Pdf,2026-09-15T14:30:47Z,pdf_native,false,raw/sg/income_tax_assignment_of_functions_under_section_3a_enterprise_singapore_board_notification_2024/20260915T1430Z__native.pdf,Income Tax (Assignment of Functions under Section 3A — Enterprise Singapore Board) Notification 2024,S 315/2024,,,playwright,200,raw/sg/income_tax_assignment_of_functions_under_section_3a_enterprise_singapore_board_notification_2024/20260915T1430Z__native.pdf.headers.json,application/pdf,2dff9af3409d21423150fc7af73d1ee21b5dc64c22940446fed4df461029c192,112433,9,,,,corpus SG_corpus_2026-09-16: from SG_ws_2026-09-15,2026-03-31,,,Current
0.2.0,,sg-itn20241ac5-001,SG,https://sso.agc.gov.sg/SL/ITA1947-S316-2024?DocDate=20251209&ViewType=Pdf,2026-09-15T15:53:25Z,pdf_native,false,raw/sg/income_tax_assignment_of_functions_under_section_3a_maritime_and_port_authority_of_singapore_notification_2024/20260915T1553Z__native.pdf,Income Tax (Assignment of Functions under Section 3A — Maritime and Port Authority of Singapore) Notification 2024,S 316/2024,,,requests,200,raw/sg/income_tax_assignment_of_functions_under_section_3a_maritime_and_port_authority_of_singapore_notification_2024/20260915T1553Z__native.pdf.headers.json,application/pdf,66692a4b047c9bbee23cc1cada15cfa81668b746731bc1695ef73920e2d66a9d,100857,5,,,,corpus SG_corpus_2026-09-16: from SG_ws_2026-09-15,2025-12-09,,,Current
0.2.0,,sg-itn2024efdb-001,SG,https://sso.agc.gov.sg/SL/ITA1947-S317-2024?DocDate=20240412&ViewType=Pdf,2026-09-15T15:53:48Z,pdf_native,false,raw/sg/income_tax_assignment_of_functions_under_section_3a_singapore_tourism_board_notification_2024/20260915T1553Z__native.pdf,Income Tax (Assignment of Functions under Section 3A — Singapore Tourism Board) Notification 2024,S 317/2024,,,requests,200,raw/sg/income_tax_assignment_of_functions_under_section_3a_singapore_tourism_board_notification_2024/20260915T1553Z__native.pdf.headers.json,application/pdf,9c8e185b19a4729821d76dce4b1fd0683b156f8797e3bbb1f0b20bbadbe883e2,83800,2,,,,corpus SG_corpus_2026-09-16: from SG_ws_2026-09-15,2024-04-12,,,Current
0.2.0,,sg-cpcr2025-001,SG,https://sso.agc.gov.sg/SL/CPC2010-S321-2025?DocDate=20250523&ViewType=Pdf,2026-09-15T14:15:26Z,pdf_native,false,raw/sg/criminal_procedure_code_viewing_of_exhibits_regulations_2025/20260915T1415Z__native.pdf,Criminal Procedure Code (Viewing of Exhibits) Regulations 2025,S 321/2025,,,requests,200,raw/sg/criminal_procedure_code_viewing_of_exhibits_regulations_2025/20260915T1415Z__native.pdf.headers.json,application/pdf,671fa54a6736e1e76743bee5970d076b97a5bbb5f1784a69e10ed23afca9b10d,81019,3,,,,corpus SG_corpus_2026-09-16: from SG_ws_2026-09-15,2025-05-23,,,Current
0.2.0,,sg-ito2023-001,SG,https://sso.agc.gov.sg/SL/ITA1947-S33-2023?DocDate=20240412&ViewType=Pdf,2026-09-15T16:04:48Z,pdf_native,false,raw/sg/income_tax_concessionary_rate_of_tax_for_foreign_income_of_approved_container_investment_enterprise_order_2023/20260915T1604Z__native.pdf,Income Tax (Concessionary Rate of Tax for Foreign Income of Approved Container Investment Enterprise) Order 2023,S 33/2023,,,playwright,200,raw/sg/income_tax_concessionary_rate_of_tax_for_foreign_income_of_approved_container_investment_enterprise_order_2023/20260915T1604Z__native.pdf.headers.json,application/pdf,0d98e6aaf6ff00c3716d2cb538e4c15fb5f836f565ce5a882971b938d573e863,109264,8,,,,corpus SG_corpus_2026-09-16: from SG_ws_2026-09-15,2024-04-12,,,Current
0.2.0,,sg-iteo2025-001,SG,https://sso.agc.gov.sg/SL/ITA1947-S334-2025?DocDate=20250529&ViewType=Pdf,2026-09-15T15:55:55Z,pdf_native,false,raw/sg/income_tax_baohua_steel_international_pte_limited_section_13_12_exemption_order_2025/20260915T1555Z__native.pdf,Income Tax (Baohua Steel International Pte. Limited — Section 13(12) Exemption) Order 2025,S 334/2025,,,requests,200,raw/sg/income_tax_baohua_steel_international_pte_limited_section_13_12_exemption_order_2025/20260915T1555Z__native.pdf.headers.json,application/pdf,31a9a200b299997b6911b764de8eccca0f132418256393d0d374cbe78e035f9b,71551,2,,,,corpus SG_corpus_2026-09-16: from SG_ws_2026-09-15,2025-05-29,,,Current
0.2.0,,sg-cpcr2012-001,SG,https://sso.agc.gov.sg/SL/CPC2010-S336-2012?DocDate=20120716&ViewType=Pdf,2026-09-15T14:12:50Z,pdf_native,false,raw/sg/criminal_procedure_code_notice_requirements_to_admit_hearsay_evidence_regulations_2012/20260915T1412Z__native.pdf,Criminal Procedure Code (Notice Requirements to Admit Hearsay Evidence) Regulations 2012,S 336/2012,,,requests,200,raw/sg/criminal_procedure_code_notice_requirements_to_admit_hearsay_evidence_regulations_2012/20260915T1412Z__native.pdf.headers.json,application/pdf,2357d534ee4320c4e41d0e6b6dbd721a989a4e42fb5a9e3fc100357513705f8d,44348,5,,,,corpus SG_corpus_2026-09-16: from SG_ws_2026-09-15,2012-07-16,,,Current
0.2.0,,sg-itn20111a49-001,SG,https://sso.agc.gov.sg/SL/ITA1947-S337-2011?DocDate=20110623&ViewType=Pdf,2026-09-15T14:21:58Z,pdf_native,false,raw/sg/income_tax_exemption_of_payments_for_economic_and_technological_development_no_2_notification_2011/20260915T1421Z__native.pdf,Income Tax (Exemption of Payments for Economic and Technological Development) (No. 2) Notification 2011,S 337/2011,,,requests,200,raw/sg/income_tax_exemption_of_payments_for_economic_and_technological_development_no_2_notification_2011/20260915T1421Z__native.pdf.headers.json,application/pdf,cde0ac91d442eb77ddff16835be85c82d958b6da8a6f0879d4e651830a23df11,33210,2,,,,corpus SG_corpus_2026-09-16: from SG_ws_2026-09-15,2011-06-23,,,Current
0.2.0,,sg-er2009-001,SG,https://sso.agc.gov.sg/SL/EmA1968-S339-2009?DocDate=20170331&ViewType=Pdf,2026-09-15T14:20:15Z,pdf_native,false,raw/sg/employment_composition_of_offences_regulations_2009/20260915T1420Z__native.pdf,Employment (Composition of Offences) Regulations 2009,S 339/2009,,,requests,200,raw/sg/employment_composition_of_offences_regulations_2009/20260915T1420Z__native.pdf.headers.json,application/pdf,29f5957380a3f3c77855063b41210f2f2a983f4048b06b0b98154219728ae884,33991,2,,,,corpus SG_corpus_2026-09-16: from SG_ws_2026-09-15,2017-03-31,,,Current
0.2.0,,sg-to2012-001,SG,https://sso.agc.gov.sg/SL/TA1999-S34-2012?DocDate=20120131&ViewType=Pdf,2026-09-15T16:34:43Z,pdf_native,false,raw/sg/telecommunications_prescribed_transactions_order_2012/20260915T1634Z__native.pdf,Telecommunications (Prescribed Transactions) Order 2012,S 34/2012,,,requests,200,raw/sg/telecommunications_prescribed_transactions_order_2012/20260915T1634Z__native.pdf.headers.json,application/pdf,ade0e704661249b9b86bd722307f17ee9ebec254f69899b2a475e28999c4c81c,38346,4,,,,corpus SG_corpus_2026-09-16: from SG_ws_2026-09-15,2012-01-31,,,Current
0.2.0,,sg-en2011-001,SG,https://sso.agc.gov.sg/SL/EmA1968-S340-2011?DocDate=20110624&ViewType=Pdf,2026-09-15T14:21:02Z,pdf_native,false,raw/sg/employment_recommendations_for_annual_wage_adjustment_notification_2011/20260915T1421Z__native.pdf,Employment (Recommendations for Annual Wage Adjustment) Notification 2011,S 340/2011,,,requests,200,raw/sg/employment_recommendations_for_annual_wage_adjustment_notification_2011/20260915T1421Z__native.pdf.headers.json,application/pdf,1331a3500924feef3ab0421cc4f05305641efcbb5b158a0ba944d11c45c2b049,137814,9,,,,corpus SG_corpus_2026-09-16: from SG_ws_2026-09-15,2011-06-24,,,Current
0.2.0,,sg-itr2016-001,SG,https://sso.agc.gov.sg/SL/ITA1947-S341-2016?DocDate=20251128&ViewType=Pdf,2026-09-15T16:05:04Z,pdf_native,false,raw/sg/income_tax_concessionary_rate_of_tax_for_global_trading_companies_regulations_2016/20260915T1605Z__native.pdf,Income Tax (Concessionary Rate of Tax for Global Trading Companies) Regulations 2016,S 341/2016,,,requests,200,raw/sg/income_tax_concessionary_rate_of_tax_for_global_trading_companies_regulations_2016/20260915T1605Z__native.pdf.headers.json,application/pdf,54c4d64891a99134d527c6239a77d4b2af8fff2e17c66bd2325dc3d13381d3b2,122414,12,,,,corpus SG_corpus_2026-09-16: from SG_ws_2026-09-15,2025-11-28,,,Current
0.2.0,,sg-tn2012-001,SG,https://sso.agc.gov.sg/SL/TA1999-S35-2012?DocDate=20170920&ViewType=Pdf,2026-09-15T16:32:07Z,pdf_native,false,raw/sg/telecommunications_designated_telecommunication_licensees_notification_2012/20260915T1632Z__native.pdf,Telecommunications (Designated Telecommunication Licensees) Notification 2012,S 35/2012,,,requests,200,raw/sg/telecommunications_designated_telecommunication_licensees_notification_2012/20260915T1632Z__native.pdf.headers.json,application/pdf,a54efd655a2d786288e5d21c6e131a80dce5e32fc87b6c9fdd8536e05c7dab3b,34722,2,,,,corpus SG_corpus_2026-09-16: from SG_ws_2026-09-15,2017-09-20,,,Current
0.2.0,,sg-itr2024-001,SG,https://sso.agc.gov.sg/SL/ITA1947-S354-2024?DocDate=20250327&ViewType=Pdf,2026-09-15T16:20:34Z,pdf_native,false,raw/sg/income_tax_eligible_courses_in_section_14zg_5_rules_2024/20260915T1620Z__native.pdf,Income Tax (Eligible Courses in Section 14ZG(5)) Rules 2024,S 354/2024,,,requests,200,raw/sg/income_tax_eligible_courses_in_section_14zg_5_rules_2024/20260915T1620Z__native.pdf.headers.json,application/pdf,f512bb2b38d0e041a2e29193accdde1a54e8f2d767f932c3182c69f2586571d2,86913,2,,,,corpus SG_corpus_2026-09-16: from SG_ws_2026-09-15,2025-03-27,,,Current
0.2.0,,sg-iteo20246187-001,SG,https://sso.agc.gov.sg/SL/ITA1947-S356-2024?DocDate=20240429&ViewType=Pdf,2026-09-15T16:12:02Z,pdf_native,false,raw/sg/income_tax_cromwell_european_real_estate_investment_trust_section_13_12_exemption_no_2_order_2024/20260915T1612Z__native.pdf,Income Tax (Cromwell European Real Estate Investment Trust — Section 13(12) Exemption) (No. 2) Order 2024,S 356/2024,,,requests,200,raw/sg/income_tax_cromwell_european_real_estate_investment_trust_section_13_12_exemption_no_2_order_2024/20260915T1612Z__native.pdf.headers.json,application/pdf,09c87b30791b9319b63bb45235f464c494a43fe073904a12a0d5a828745cef68,92292,3,,,,corpus SG_corpus_2026-09-16: from SG_ws_2026-09-15,2024-04-29,,,Current
0.2.0,,sg-itr2021-001,SG,https://sso.agc.gov.sg/SL/ITA1947-S36-2021?DocDate=20230807&ViewType=Pdf,2026-09-15T16:06:07Z,pdf_native,false,raw/sg/income_tax_concessionary_rate_of_tax_for_intellectual_property_income_regulations_2021/20260915T1606Z__native.pdf,Income Tax (Concessionary Rate of Tax for Intellectual Property Income) Regulations 2021,S 36/2021,,,requests,200,raw/sg/income_tax_concessionary_rate_of_tax_for_intellectual_property_income_regulations_2021/20260915T1606Z__native.pdf.headers.json,application/pdf,34905e2a1f96084c74d5919a3495bc52763e81f45aa05e04d93b2985e29f5c54,77072,15,,,,corpus SG_corpus_2026-09-16: from SG_ws_2026-09-15,2023-08-07,,,Current
0.2.0,,sg-cpcr20131901-001,SG,https://sso.agc.gov.sg/SL/CPC2010-S364-2013?DocDate=20201222&ViewType=Pdf,2026-09-15T14:13:04Z,pdf_native,false,raw/sg/criminal_procedure_code_prescribed_fees_regulations_2013/20260915T1413Z__native.pdf,Criminal Procedure Code (Prescribed Fees) Regulations 2013,S 364/2013,,,requests,200,raw/sg/criminal_procedure_code_prescribed_fees_regulations_2013/20260915T1413Z__native.pdf.headers.json,application/pdf,3c8ebb6d6c1d9a47f6da1a17d119f18dc3833ecdd49d010f2417b5ad7006f3d7,37296,3,,,,corpus SG_corpus_2026-09-16: from SG_ws_2026-09-15,2020-12-22,,,Current
0.2.0,,sg-pdpn2014-001,SG,https://sso.agc.gov.sg/SL/PDPA2012-S368-2014?DocDate=20210129&ViewType=Pdf,2026-09-15T14:10:26Z,pdf_native,false,raw/sg/personal_data_protection_prescribed_law_enforcement_agencies_notification_2014/20260915T1410Z__native.pdf,Personal Data Protection (Prescribed Law Enforcement Agencies) Notification 2014,S 368/2014,,,requests,200,raw/sg/personal_data_protection_prescribed_law_enforcement_agencies_notification_2014/20260915T1410Z__native.pdf.headers.json,application/pdf,b3779ee825dff1f08ab48de66fded458a01d926e45fb5d347e531ca87778de47,35564,2,,,,corpus SG_corpus_2026-09-16: from SG_ws_2026-09-15,2021-01-29,,,Current
0.2.0,,sg-cpcr2011-001,SG,https://sso.agc.gov.sg/SL/CPC2010-S38-2011?DocDate=20221031&ViewType=Pdf,2026-09-15T14:12:44Z,pdf_native,false,raw/sg/criminal_procedure_code_fees_for_first_information_and_accused_s_criminal_records_regulations_2011/20260915T1412Z__native.pdf,Criminal Procedure Code (Fees for First Information and Accused’s Criminal Records) Regulations 2011,S 38/2011,,,requests,200,raw/sg/criminal_procedure_code_fees_for_first_information_and_accused_s_criminal_records_regulations_2011/20260915T1412Z__native.pdf.headers.json,application/pdf,4256f48bc92ed5e55f2172535b5e8600fe73455e06ef77796e8bbb7a8aa2602b,35734,2,,,,corpus SG_corpus_2026-09-16: from SG_ws_2026-09-15,2022-10-31,,,Current
0.2.0,,sg-ttrn2024-001,SG,https://sso.agc.gov.sg/SL/TA1999-S381-2024?DocDate=20240430&ViewType=Pdf,2026-09-15T16:33:31Z,pdf_native,false,raw/sg/telecommunications_exemption_from_section_54_1_a_and_telecommunications_dealers_regulations_notification_2024/20260915T1633Z__native.pdf,Telecommunications (Exemption from Section 54(1)(a) and Telecommunications (Dealers) Regulations) Notification 2024,S 381/2024,,,requests,200,raw/sg/telecommunications_exemption_from_section_54_1_a_and_telecommunications_dealers_regulations_notification_2024/20260915T1633Z__native.pdf.headers.json,application/pdf,6e69eb456b4fcd66af439f39155c5b99fa57646bae717c8aab3c86710b3c0b43,96713,3,,,,corpus SG_corpus_2026-09-16: from SG_ws_2026-09-15,2024-04-30,,,Current
0.2.0,,sg-iten20206715-001,SG,https://sso.agc.gov.sg/SL/ITA1947-S383-2020?DocDate=20200519&ViewType=Pdf,2026-09-15T14:28:20Z,pdf_native,false,raw/sg/income_tax_armada_kraken_pte_ltd_section_13_4_exemption_notification_2020/20260915T1428Z__native.pdf,Income Tax (Armada Kraken Pte. Ltd. — Section 13(4) Exemption) Notification 2020,S 383/2020,,,playwright,200,raw/sg/income_tax_armada_kraken_pte_ltd_section_13_4_exemption_notification_2020/20260915T1428Z__native.pdf.headers.json,application/pdf,11c400fe047484acd62420f2109c9f534449c40ce3fac5a7406ddf960e4ffc52,36542,2,,,,corpus SG_corpus_2026-09-16: from SG_ws_2026-09-15,2020-05-19,,,Current
0.2.0,,sg-co2023-001,SG,https://sso.agc.gov.sg/SL/CoA1967-S384-2023?DocDate=20250602&ViewType=Pdf,2026-09-15T14:19:06Z,pdf_native,false,raw/sg/companies_specified_companies_exemption_from_part_11a_order_2023/20260915T1419Z__native.pdf,Companies (Specified Companies — Exemption from Part 11A) Order 2023,S 384/2023,,,requests,200,raw/sg/companies_specified_companies_exemption_from_part_11a_order_2023/20260915T1419Z__native.pdf.headers.json,application/pdf,2241c97d03906f7c6066188981cd1d3f6bdb0ca4a70b8e1afd09ea331169238b,90655,2,,,,corpus SG_corpus_2026-09-16: from SG_ws_2026-09-15,2025-06-02,,,Current
0.2.0,,sg-cr2023-001,SG,https://sso.agc.gov.sg/SL/CoA1967-S385-2023?DocDate=20230621&ViewType=Pdf,2026-09-15T14:18:23Z,pdf_native,false,raw/sg/companies_listed_foreign_companies_exemption_from_section_379_regulations_2023/20260915T1418Z__native.pdf,Companies (Listed Foreign Companies — Exemption from Section 379) Regulations 2023,S 385/2023,,,requests,200,raw/sg/companies_listed_foreign_companies_exemption_from_section_379_regulations_2023/20260915T1418Z__native.pdf.headers.json,application/pdf,ea2a2a9c00418c704889c73e21bac1bc31e1bc591a4d9ee700b3d4b3ad49e587,38201,4,,,,corpus SG_corpus_2026-09-16: from SG_ws_2026-09-15,2023-06-21,,,Current
0.2.0,,sg-cefsr2023-001,SG,https://sso.agc.gov.sg/SL/CoA1967-S386-2023?DocDate=20230621&ViewType=Pdf,2026-09-15T14:17:32Z,pdf_native,false,raw/sg/companies_commonwealth_war_graves_commission_singapore_branch_exemption_from_section_379_regulations_2023/20260915T1417Z__native.pdf,Companies (Commonwealth War Graves Commission (Singapore Branch) — Exemption from Section 379) Regulations 2023,S 386/2023,,,requests,200,raw/sg/companies_commonwealth_war_graves_commission_singapore_branch_exemption_from_section_379_regulations_2023/20260915T1417Z__native.pdf.headers.json,application/pdf,b4ad1a3756a93d7de27dee2d72cc03b32a578c45ac28b4a223a44b801c9340f5,33033,2,,,,corpus SG_corpus_2026-09-16: from SG_ws_2026-09-15,2023-06-21,,,Current
0.2.0,,sg-itr2012-001,SG,https://sso.agc.gov.sg/SL/ITA1947-S4-2012?DocDate=20120106&ViewType=Pdf,2026-09-15T16:08:36Z,pdf_native,false,raw/sg/income_tax_concessionary_rate_of_tax_for_shipping_related_support_services_regulations_2012/20260915T1608Z__native.pdf,Income Tax (Concessionary Rate of Tax for Shipping-related Support Services) Regulations 2012,S 4/2012,,,playwright,200,raw/sg/income_tax_concessionary_rate_of_tax_for_shipping_related_support_services_regulations_2012/20260915T1608Z__native.pdf.headers.json,application/pdf,099cb8284d06db277e82b0c621facfabd82636493c567b31530d66dd2198b1f3,38104,4,,,,corpus SG_corpus_2026-09-16: from SG_ws_2026-09-15,2012-01-06,,,Current
0.2.0,,sg-itr2020-001,SG,https://sso.agc.gov.sg/SL/ITA1947-S4-2020?DocDate=20230330&ViewType=Pdf,2026-09-15T15:53:04Z,pdf_native,false,raw/sg/income_tax_adjustment_for_change_of_basis_of_computing_profit_loss_or_expense_of_financial_instruments_resulting_from_frs_109_or_sfrs_i_9_regulations_2020/20260915T1553Z__native.pdf,"Income Tax (Adjustment for Change of Basis of Computing Profit, Loss or Expense of Financial Instruments resulting from FRS 109 or SFRS(I) 9) Regulations 2020",S 4/2020,,,requests,200,raw/sg/income_tax_adjustment_for_change_of_basis_of_computing_profit_loss_or_expense_of_financial_instruments_resulting_from_frs_109_or_sfrs_i_9_regulations_2020/20260915T1553Z__native.pdf.headers.json,application/pdf,e1af28cefffaab574abfc6f837966ded95ebab072a7c4f66fa80b919466a8069,117019,30,,,,corpus SG_corpus_2026-09-16: from SG_ws_2026-09-15,2023-03-30,,,Current
0.2.0,,sg-tr2017-001,SG,https://sso.agc.gov.sg/SL/TA1999-S403-2017?DocDate=20170718&ViewType=Pdf,2026-09-15T16:34:56Z,pdf_native,false,raw/sg/telecommunications_prescribed_trusts_regulations_2017/20260915T1634Z__native.pdf,Telecommunications (Prescribed Trusts) Regulations 2017,S 403/2017,,,requests,200,raw/sg/telecommunications_prescribed_trusts_regulations_2017/20260915T1634Z__native.pdf.headers.json,application/pdf,495514cd036fde4b2fe188a32f9b1719801ef760d475d8441137b3ffdc0f5d53,34423,2,,,,corpus SG_corpus_2026-09-16: from SG_ws_2026-09-15,2017-07-18,,,Current
0.2.0,,sg-tn2017-001,SG,https://sso.agc.gov.sg/SL/TA1999-S404-2017?DocDate=20170718&ViewType=Pdf,2026-09-15T16:32:24Z,pdf_native,false,raw/sg/telecommunications_designated_trust_notification_2017/20260915T1632Z__native.pdf,Telecommunications (Designated Trust) Notification 2017,S 404/2017,,,requests,200,raw/sg/telecommunications_designated_trust_notification_2017/20260915T1632Z__native.pdf.headers.json,application/pdf,af99669da1dc47ae8ca4d959fb05884dcb42f948cce6aa796661c8061f880d12,33166,2,,,,corpus SG_corpus_2026-09-16: from SG_ws_2026-09-15,2017-07-18,,,Current
0.2.0,,sg-tn2017e24f-001,SG,https://sso.agc.gov.sg/SL/TA1999-S405-2017?DocDate=20170718&ViewType=Pdf,2026-09-15T17:59:25Z,pdf_native,false,raw/sg/telecommunications_designated_business_trust_notification_2017/20260915T1759Z__native.pdf,Telecommunications (Designated Business Trust) Notification 2017,S 405/2017,,,requests,200,raw/sg/telecommunications_designated_business_trust_notification_2017/20260915T1759Z__native.pdf.headers.json,application/pdf,1f026177030bb836ff8840337aa6a75eb9e864b2451c3125a135f95007c56c15,33733,2,,,,corpus SG_corpus_2026-09-16: from SG_ws_2026-09-15,2017-07-18,,,Current
0.2.0,,sg-cpcn2011161c-001,SG,https://sso.agc.gov.sg/SL/CPC2010-S408-2011?DocDate=20110718&ViewType=Pdf,2026-09-15T14:13:52Z,pdf_native,false,raw/sg/criminal_procedure_code_prescribed_law_enforcement_agency_notification_2011/20260915T1413Z__native.pdf,Criminal Procedure Code (Prescribed Law Enforcement Agency) Notification 2011,S 408/2011,,,requests,200,raw/sg/criminal_procedure_code_prescribed_law_enforcement_agency_notification_2011/20260915T1413Z__native.pdf.headers.json,application/pdf,c140633f2ba9a1f874cebe01c1b08009db69027bf99e37443498f87f0b7ace8a,34980,2,,,,corpus SG_corpus_2026-09-16: from SG_ws_2026-09-15,2011-07-18,,,Current
0.2.0,,sg-itr2018-001,SG,https://sso.agc.gov.sg/SL/ITA1947-S408-2018?DocDate=20180618&ViewType=Pdf,2026-09-15T16:20:14Z,pdf_native,false,raw/sg/income_tax_electronic_service_regulations_2018/20260915T1620Z__native.pdf,Income Tax (Electronic Service) Regulations 2018,S 408/2018,,,requests,200,raw/sg/income_tax_electronic_service_regulations_2018/20260915T1620Z__native.pdf.headers.json,application/pdf,4726400321d5cdc7f2ebb3b5baf596ed932a9b8dfa9d444ee2a270123a850491,39958,4,,,,corpus SG_corpus_2026-09-16: from SG_ws_2026-09-15,2018-06-18,,,Current
0.2.0,,sg-en2014-001,SG,https://sso.agc.gov.sg/SL/EmA1968-S417-2014?DocDate=20140625&ViewType=Pdf,2026-09-15T14:21:09Z,pdf_native,false,raw/sg/employment_recommendations_for_annual_wage_adjustment_notification_2014/20260915T1421Z__native.pdf,Employment (Recommendations for Annual Wage Adjustment) Notification 2014,S 417/2014,,,requests,200,raw/sg/employment_recommendations_for_annual_wage_adjustment_notification_2014/20260915T1421Z__native.pdf.headers.json,application/pdf,c27fe0476d8b50f09a9b67cbefcdb41d5fe606767292e1721aecd2982d1d96e1,99287,8,,,,corpus SG_corpus_2026-09-16: from SG_ws_2026-09-15,2014-06-25,,,Current
0.2.0,,sg-cpcr2013-001,SG,https://sso.agc.gov.sg/SL/CPC2010-S448-2013?DocDate=20140930&ViewType=Pdf,2026-09-15T14:12:29Z,pdf_native,false,raw/sg/criminal_procedure_code_electronic_filing_and_service_for_state_courts_and_youth_courts_regulations_2013/20260915T1412Z__native.pdf,Criminal Procedure Code (Electronic Filing and Service for State Courts and Youth Courts) Regulations 2013,S 448/2013,,,requests,200,raw/sg/criminal_procedure_code_electronic_filing_and_service_for_state_courts_and_youth_courts_regulations_2013/20260915T1412Z__native.pdf.headers.json,application/pdf,8f311f108cf3b288d3e554a3d9710c3f5ed1271a225b1d5063e23c4e0d2fa1e5,68569,13,,,,corpus SG_corpus_2026-09-16: from SG_ws_2026-09-15,2014-09-30,,,Current
0.2.0,,sg-iteo2020-001,SG,https://sso.agc.gov.sg/SL/ITA1947-S448-2020?DocDate=20200609&ViewType=Pdf,2026-09-15T14:29:09Z,pdf_native,false,raw/sg/income_tax_ascott_residence_trust_section_13_12_exemption_order_2020/20260915T1429Z__native.pdf,Income Tax (Ascott Residence Trust — Section 13(12) Exemption) Order 2020,S 448/2020,,,playwright,200,raw/sg/income_tax_ascott_residence_trust_section_13_12_exemption_order_2020/20260915T1429Z__native.pdf.headers.json,application/pdf,b60c8318d67f79881fb55b1e76a8472a36c5829edf2a09616e9de71dc21156be,33046,2,,,,corpus SG_corpus_2026-09-16: from SG_ws_2026-09-15,2020-06-09,,,Current
0.2.0,,sg-br2021-001,SG,https://sso.agc.gov.sg/SL/BA1970-S472-2021?DocDate=20210630&ViewType=Pdf,2026-09-15T14:16:59Z,pdf_native,false,raw/sg/banking_merchant_banks_regulations_2021/20260915T1416Z__native.pdf,Banking (Merchant Banks) Regulations 2021,S 472/2021,,,requests,200,raw/sg/banking_merchant_banks_regulations_2021/20260915T1416Z__native.pdf.headers.json,application/pdf,6f27c02cf1ec12e4499b3e5cf683bd4e326cfd8ed55fb478f026e18d79097986,190660,59,,,,corpus SG_corpus_2026-09-16: from SG_ws_2026-09-15,2021-06-30,,,Current
0.2.0,,sg-iteo2019baa4-001,SG,https://sso.agc.gov.sg/SL/ITA1947-S489-2019?DocDate=20190709&ViewType=Pdf,2026-09-15T14:27:05Z,pdf_native,false,raw/sg/income_tax_aptiv_safety_mobility_services_singapore_pte_ltd_section_13_12_exemption_order_2019/20260915T1427Z__native.pdf,Income Tax (APTIV Safety & Mobility Services Singapore Pte Ltd — Section 13(12) Exemption) Order 2019,S 489/2019,,,playwright,200,raw/sg/income_tax_aptiv_safety_mobility_services_singapore_pte_ltd_section_13_12_exemption_order_2019/20260915T1427Z__native.pdf.headers.json,application/pdf,417e1b0b368c252e201af1075f54320ed75afadb4e3ba26389c17f4708179075,33623,2,,,,corpus SG_corpus_2026-09-16: from SG_ws_2026-09-15,2019-07-09,,,Current
0.2.0,,sg-cr2026-001,SG,https://sso.agc.gov.sg/SL/CA2018-S490-2026?DocDate=20260710&ViewType=Pdf,2026-09-15T15:52:46Z,pdf_native,false,raw/sg/cybersecurity_providers_of_essential_service_responsible_for_cybersecurity_of_third_party_owned_critical_information_infrastructure_regulations_2026/20260915T1552Z__native.pdf,Cybersecurity (Providers of Essential Service Responsible for Cybersecurity of Third-Party-Owned Critical Information Infrastructure) Regulations 2026,S 490/2026,,,requests,200,raw/sg/cybersecurity_providers_of_essential_service_responsible_for_cybersecurity_of_third_party_owned_critical_information_infrastructure_regulations_2026/20260915T1552Z__native.pdf.headers.json,application/pdf,3a47cc1531852bbd5bbd22f92d7bbefe51b0cc898f684021fb12b42aca63fe06,110520,11,,,,corpus SG_corpus_2026-09-16: from SG_ws_2026-09-15,2026-07-10,,,Current
0.2.0,,sg-iteo2019-001,SG,https://sso.agc.gov.sg/SL/ITA1947-S499-2019?DocDate=20190716&ViewType=Pdf,2026-09-15T14:26:16Z,pdf_native,false,raw/sg/income_tax_applied_materials_south_east_asia_pte_ltd_section_19b_10b_exemption_order_2019/20260915T1426Z__native.pdf,Income Tax (Applied Materials South East Asia Pte Ltd — Section 19B(10B) Exemption) Order 2019,S 499/2019,,,playwright,200,raw/sg/income_tax_applied_materials_south_east_asia_pte_ltd_section_19b_10b_exemption_order_2019/20260915T1426Z__native.pdf.headers.json,application/pdf,77d01ee8cb5f5efab325e577bdaedda48441c06f6e835c2cc23053354c013c7f,33855,2,,,,corpus SG_corpus_2026-09-16: from SG_ws_2026-09-15,2019-07-16,,,Current
0.2.0,,sg-iten20201b29-001,SG,https://sso.agc.gov.sg/SL/ITA1947-S5-2020?DocDate=20200106&ViewType=Pdf,2026-09-15T15:55:18Z,pdf_native,false,raw/sg/income_tax_azure_sky_investments_10_pte_ltd_etc_section_13_4_exemption_notification_2020/20260915T1555Z__native.pdf,"Income Tax (Azure Sky Investments 10 Pte Ltd, etc. — Section 13(4) Exemption) Notification 2020",S 5/2020,,,requests,200,raw/sg/income_tax_azure_sky_investments_10_pte_ltd_etc_section_13_4_exemption_notification_2020/20260915T1555Z__native.pdf.headers.json,application/pdf,5447331eb73c1754225357566cf8b6fe79f0110e0372ffa89e3728051d385646,48559,6,,,,corpus SG_corpus_2026-09-16: from SG_ws_2026-09-15,2020-01-06,,,Current
0.2.0,,sg-itplseo2025-001,SG,https://sso.agc.gov.sg/SL/ITA1947-S510-2025?DocDate=20250729&ViewType=Pdf,2026-09-15T14:28:45Z,pdf_native,false,raw/sg/income_tax_ascott_reit_europe_pte_ltd_section_13_12_exemption_order_2025/20260915T1428Z__native.pdf,Income Tax (Ascott REIT (Europe) Pte. Ltd. — Section 13(12) Exemption) Order 2025,S 510/2025,,,playwright,200,raw/sg/income_tax_ascott_reit_europe_pte_ltd_section_13_12_exemption_order_2025/20260915T1428Z__native.pdf.headers.json,application/pdf,31c71f69cd3e54d6ea74bb7814c7795ae96c2295e8516a7cf5e2471f06e4cdf3,71547,2,,,,corpus SG_corpus_2026-09-16: from SG_ws_2026-09-15,2025-07-29,,,Current
0.2.0,,sg-cr2018022a-001,SG,https://sso.agc.gov.sg/SL/CA2018-S519-2018?DocDate=20251015&ViewType=Pdf,2026-09-15T14:11:36Z,pdf_native,false,raw/sg/cybersecurity_provider_owned_critical_information_infrastructure_regulations_2018/20260915T1411Z__native.pdf,Cybersecurity (Provider-Owned Critical Information Infrastructure) Regulations 2018,S 519/2018,,,requests,200,raw/sg/cybersecurity_provider_owned_critical_information_infrastructure_regulations_2018/20260915T1411Z__native.pdf.headers.json,application/pdf,dce56da915f2fdacaeeaa1d85ce64027875b5e7f81773caf82481ada7a34c927,133790,16,,,,corpus SG_corpus_2026-09-16: from SG_ws_2026-09-15; flags duplicate_content,2025-10-15,,,Current
0.2.0,,sg-itr2015-001,SG,https://sso.agc.gov.sg/SL/ITA1947-S520-2015?DocDate=20150831&ViewType=Pdf,2026-09-15T16:19:22Z,pdf_native,false,raw/sg/income_tax_definition_of_designated_unit_trust_rules_2015/20260915T1619Z__native.pdf,Income Tax (Definition of Designated Unit Trust) Rules 2015,S 520/2015,,,requests,200,raw/sg/income_tax_definition_of_designated_unit_trust_rules_2015/20260915T1619Z__native.pdf.headers.json,application/pdf,7e82e0c128997ce12deaf78336649bd9a48657c2a886df85740dd41c5119e4bd,38211,2,,,,corpus SG_corpus_2026-09-16: from SG_ws_2026-09-15,2015-08-31,,,Current
0.2.0,,sg-cr2018-001,SG,https://sso.agc.gov.sg/SL/CA2018-S520-2018?DocDate=20180830&ViewType=Pdf,2026-09-15T14:11:22Z,pdf_native,false,raw/sg/cybersecurity_confidential_treatment_of_information_regulations_2018/20260915T1411Z__native.pdf,Cybersecurity (Confidential Treatment of Information) Regulations 2018,S 520/2018,,,requests,200,raw/sg/cybersecurity_confidential_treatment_of_information_regulations_2018/20260915T1411Z__native.pdf.headers.json,application/pdf,867a84d37a3a95169d8ccfe68174558ead2864b19c0f9fd93771cb6357270a42,37222,3,,,,corpus SG_corpus_2026-09-16: from SG_ws_2026-09-15,2018-08-30,,,Current
0.2.0,,sg-cpcr2024083a-001,SG,https://sso.agc.gov.sg/SL/CPC2010-S534-2024?DocDate=20240626&ViewType=Pdf,2026-09-15T14:15:13Z,pdf_native,false,raw/sg/criminal_procedure_code_service_on_singapore_prison_service_for_application_relating_to_stay_of_execution_regulations_2024/20260915T1415Z__native.pdf,Criminal Procedure Code (Service on Singapore Prison Service for Application relating to Stay of Execution) Regulations 2024,S 534/2024,,,requests,200,raw/sg/criminal_procedure_code_service_on_singapore_prison_service_for_application_relating_to_stay_of_execution_regulations_2024/20260915T1415Z__native.pdf.headers.json,application/pdf,868e7619a4c2f55282fc954e64f105bca7dc0b73df0a1cdeff78b6bd4a1056ee,90541,2,,,,corpus SG_corpus_2026-09-16: from SG_ws_2026-09-15,2024-06-26,,,Current
0.2.0,,sg-cpco2025-001,SG,https://sso.agc.gov.sg/SL/CPC2010-S553-2025?DocDate=20250829&ViewType=Pdf,2026-09-15T14:13:19Z,pdf_native,false,raw/sg/criminal_procedure_code_prescribed_law_enforcement_agencies_order_2025/20260915T1413Z__native.pdf,Criminal Procedure Code (Prescribed Law Enforcement Agencies) Order 2025,S 553/2025,,,requests,200,raw/sg/criminal_procedure_code_prescribed_law_enforcement_agencies_order_2025/20260915T1413Z__native.pdf.headers.json,application/pdf,7ade61fd2e880d23414c8b4f7f5968d025974980523b99bed94f32f7ecf4edda,75145,3,,,,corpus SG_corpus_2026-09-16: from SG_ws_2026-09-15,2025-08-29,,,Current
0.2.0,,sg-cpco20253b06-001,SG,https://sso.agc.gov.sg/SL/CPC2010-S554-2025?DocDate=20250829&ViewType=Pdf,2026-09-15T14:15:02Z,pdf_native,false,raw/sg/criminal_procedure_code_relevant_law_enforcement_agencies_order_2025/20260915T1415Z__native.pdf,Criminal Procedure Code (Relevant Law Enforcement Agencies) Order 2025,S 554/2025,,,requests,200,raw/sg/criminal_procedure_code_relevant_law_enforcement_agencies_order_2025/20260915T1415Z__native.pdf.headers.json,application/pdf,8ab3db2676a6638361867c65c194563cd43a813fc4b78c8a788a2c2417e245c1,74485,2,,,,corpus SG_corpus_2026-09-16: from SG_ws_2026-09-15,2025-08-29,,,Current
0.2.0,,sg-itr2019-001,SG,https://sso.agc.gov.sg/SL/ITA1947-S558-2019?DocDate=20190819&ViewType=Pdf,2026-09-15T15:55:37Z,pdf_native,false,raw/sg/income_tax_bail_and_personal_bond_rules_2019/20260915T1555Z__native.pdf,Income Tax (Bail and Personal Bond) Rules 2019,S 558/2019,,,requests,200,raw/sg/income_tax_bail_and_personal_bond_rules_2019/20260915T1555Z__native.pdf.headers.json,application/pdf,04b79d07626fc1f1392fdc451e7727820b27a67ead5735cef126231e0c4cf28a,46423,5,,,,corpus SG_corpus_2026-09-16: from SG_ws_2026-09-15,2019-08-19,,,Current
0.2.0,,sg-tr2024-001,SG,https://sso.agc.gov.sg/SL/TA1999-S559-2024?DocDate=20241108&ViewType=Pdf,2026-09-15T16:37:09Z,pdf_native,false,raw/sg/telecommunications_wiring_work_regulations_2024/20260915T1637Z__native.pdf,Telecommunications (Wiring Work) Regulations 2024,S 559/2024,,,requests,200,raw/sg/telecommunications_wiring_work_regulations_2024/20260915T1637Z__native.pdf.headers.json,application/pdf,5ad36bb09be572e9d915ea5f42751509cc66af9ef91f77c9311998d63edf24df,115471,9,,,,corpus SG_corpus_2026-09-16: from SG_ws_2026-09-15,2024-11-08,,,Current
0.2.0,,sg-cpcr2019-001,SG,https://sso.agc.gov.sg/SL/CPC2010-S56-2019?DocDate=20190130&ViewType=Pdf,2026-09-15T14:14:37Z,pdf_native,false,raw/sg/criminal_procedure_code_production_of_document_or_other_thing_regulations_2019/20260915T1414Z__native.pdf,Criminal Procedure Code (Production of Document or Other Thing) Regulations 2019,S 56/2019,,,requests,200,raw/sg/criminal_procedure_code_production_of_document_or_other_thing_regulations_2019/20260915T1414Z__native.pdf.headers.json,application/pdf,d2278b1f733a9a2e454d979e6fdf75624a04b046547daa394e71542ae3557a8d,43029,5,,,,corpus SG_corpus_2026-09-16: from SG_ws_2026-09-15,2019-01-30,,,Current
0.2.0,,sg-itr2008-001,SG,https://sso.agc.gov.sg/SL/ITA1947-S566-2008?DocDate=20200228&ViewType=Pdf,2026-09-15T15:57:37Z,pdf_native,false,raw/sg/income_tax_concessionary_rate_of_tax_for_aircraft_leasing_company_prescribed_activities_regulations_2008/20260915T1557Z__native.pdf,Income Tax (Concessionary Rate of Tax for Aircraft Leasing Company) (Prescribed Activities) Regulations 2008,S 566/2008,,,requests,200,raw/sg/income_tax_concessionary_rate_of_tax_for_aircraft_leasing_company_prescribed_activities_regulations_2008/20260915T1557Z__native.pdf.headers.json,application/pdf,79dd0d47de82d5aa88fc578dfe199fed242487290a672a0de3cac5215913a32d,37045,3,,,,corpus SG_corpus_2026-09-16: from SG_ws_2026-09-15,2020-02-28,,,Current
0.2.0,,sg-cpcr2018c877-001,SG,https://sso.agc.gov.sg/SL/CPC2010-S568-2018?DocDate=20180914&ViewType=Pdf,2026-09-15T14:13:13Z,pdf_native,false,raw/sg/criminal_procedure_code_prescribed_forms_revocation_regulations_2018/20260915T1413Z__native.pdf,Criminal Procedure Code (Prescribed Forms) (Revocation) Regulations 2018,S 568/2018,,,requests,200,raw/sg/criminal_procedure_code_prescribed_forms_revocation_regulations_2018/20260915T1413Z__native.pdf.headers.json,application/pdf,620877b5a751112f0a7474fa5e1caa58e0ca1b3e7014af15c969375ef08ece7f,33045,2,,,,corpus SG_corpus_2026-09-16: from SG_ws_2026-09-15,2018-09-14,,,Current
0.2.0,,sg-cpcr2018-001,SG,https://sso.agc.gov.sg/SL/CPC2010-S571-2018?DocDate=20250425&ViewType=Pdf,2026-09-15T14:12:13Z,pdf_native,false,raw/sg/criminal_procedure_code_audiovisual_recording_regulations_2018/20260915T1412Z__native.pdf,Criminal Procedure Code (Audiovisual Recording) Regulations 2018,S 571/2018,,,requests,200,raw/sg/criminal_procedure_code_audiovisual_recording_regulations_2018/20260915T1412Z__native.pdf.headers.json,application/pdf,f63fbc31cc5810db4b5329a3c4b533d163d25d5de1b3e35695d203c909521e1b,115011,10,,,,corpus SG_corpus_2026-09-16: from SG_ws_2026-09-15,2025-04-25,,,Current
0.2.0,,sg-itr2023-001,SG,https://sso.agc.gov.sg/SL/ITA1947-S578-2023?DocDate=20250224&ViewType=Pdf,2026-09-15T14:25:52Z,pdf_native,false,raw/sg/income_tax_appeals_procedure_for_board_of_review_regulations_2023/20260915T1425Z__native.pdf,Income Tax (Appeals Procedure for Board of Review) Regulations 2023,S 578/2023,,,playwright,200,raw/sg/income_tax_appeals_procedure_for_board_of_review_regulations_2023/20260915T1425Z__native.pdf.headers.json,application/pdf,b44c9aada41761721d3fdccf38f9fdd9ba7459eb53e4493d284e7bf7f99f847f,153365,20,,,,corpus SG_corpus_2026-09-16: from SG_ws_2026-09-15,2025-02-24,,,Current
0.2.0,,sg-cr20178143-001,SG,https://sso.agc.gov.sg/SL/CoA1967-S579-2017?DocDate=20250508&ViewType=Pdf,2026-09-15T14:19:28Z,pdf_native,false,raw/sg/companies_transfer_of_registration_regulations_2017/20260915T1419Z__native.pdf,Companies (Transfer of Registration) Regulations 2017,S 579/2017,,,requests,200,raw/sg/companies_transfer_of_registration_regulations_2017/20260915T1419Z__native.pdf.headers.json,application/pdf,0dfa8114f7b75f8ebed39a271d7d768df575c0d8f68f8009df9b534421d00333,132430,15,,,,corpus SG_corpus_2026-09-16: from SG_ws_2026-09-15,2025-05-08,,,Current
0.2.0,,sg-br2005-001,SG,https://sso.agc.gov.sg/SL/BA1970-S583-2005?DocDate=20220628&ViewType=Pdf,2026-09-15T14:15:49Z,pdf_native,false,raw/sg/banking_corporate_governance_regulations_2005/20260915T1415Z__native.pdf,Banking (Corporate Governance) Regulations 2005,S 583/2005,,,requests,200,raw/sg/banking_corporate_governance_regulations_2005/20260915T1415Z__native.pdf.headers.json,application/pdf,a0ccb611a61168228e41006aafe3393b26edb68be5e4ef4ad06d75fe0d5e55a5,190142,33,,,,corpus SG_corpus_2026-09-16: from SG_ws_2026-09-15,2022-06-28,,,Current
0.2.0,,sg-itr2012c68a-001,SG,https://sso.agc.gov.sg/SL/ITA1947-S584-2012?DocDate=20210512&ViewType=Pdf,2026-09-15T17:56:46Z,pdf_native,false,raw/sg/income_tax_deduction_for_acquisition_of_shares_of_companies_regulations_2012/20260915T1756Z__native.pdf,Income Tax (Deduction for Acquisition of Shares of Companies) Regulations 2012,S 584/2012,,,requests,200,raw/sg/income_tax_deduction_for_acquisition_of_shares_of_companies_regulations_2012/20260915T1756Z__native.pdf.headers.json,application/pdf,81a39d4f3185af4a16710816ed6fa6b7b40c96e7218ea3a112faf1c7abb48db4,91728,21,,,,corpus SG_corpus_2026-09-16: from SG_ws_2026-09-15,2021-05-12,,,Current
0.2.0,,sg-itr2017349c-001,SG,https://sso.agc.gov.sg/SL/ITA1947-S595-2017?DocDate=20171025&ViewType=Pdf,2026-09-15T17:54:03Z,pdf_native,false,raw/sg/income_tax_concessionary_rate_of_tax_for_international_growth_company_regulations_2017/20260915T1754Z__native.pdf,Income Tax (Concessionary Rate of Tax for International Growth Company) Regulations 2017,S 595/2017,,,requests,200,raw/sg/income_tax_concessionary_rate_of_tax_for_international_growth_company_regulations_2017/20260915T1754Z__native.pdf.headers.json,application/pdf,68d447ce13b6d1aa4f5049f941ffdf3c7a4305e8ea59b3d276d867c705e59a01,35926,2,,,,corpus SG_corpus_2026-09-16: from SG_ws_2026-09-15,2017-10-25,,,Current
0.2.0,,sg-iten2026-001,SG,https://sso.agc.gov.sg/SL/ITA1947-S596-2026?DocDate=20260914&ViewType=Pdf,2026-09-15T14:27:56Z,pdf_native,false,raw/sg/income_tax_armada_98_2_pte_ltd_section_13_4_exemption_notification_2026/20260915T1427Z__native.pdf,Income Tax (Armada 98/2 Pte. Ltd. — Section 13(4) Exemption) Notification 2026,S 596/2026,,,playwright,200,raw/sg/income_tax_armada_98_2_pte_ltd_section_13_4_exemption_notification_2026/20260915T1427Z__native.pdf.headers.json,application/pdf,b286f9f61aaaa44fd51fed0fa133c33b83dfe94d1e488093452188ee315318ee,79401,3,,,,corpus SG_corpus_2026-09-16: from SG_ws_2026-09-15,2026-09-14,,,Current
0.2.0,,sg-itr20137874-001,SG,https://sso.agc.gov.sg/SL/ITA1947-S599-2013?DocDate=20130918&ViewType=Pdf,2026-09-15T16:18:32Z,pdf_native,false,raw/sg/income_tax_deduction_for_qualifying_training_expenditure_prescribed_classes_of_individuals_rules_2013/20260915T1618Z__native.pdf,Income Tax (Deduction for Qualifying Training Expenditure) (Prescribed Classes of Individuals) Rules 2013,S 599/2013,,,requests,200,raw/sg/income_tax_deduction_for_qualifying_training_expenditure_prescribed_classes_of_individuals_rules_2013/20260915T1618Z__native.pdf.headers.json,application/pdf,558a8f66a3e08035e461d4c3a68ef73174643d6403fa055add7ee4f2db363c30,34454,2,,,,corpus SG_corpus_2026-09-16: from SG_ws_2026-09-15,2013-09-18,,,Current
0.2.0,,sg-iten2020-001,SG,https://sso.agc.gov.sg/SL/ITA1947-S6-2020?DocDate=20200106&ViewType=Pdf,2026-09-15T14:23:26Z,pdf_native,false,raw/sg/income_tax_abc_one_pte_ltd_section_13_4_exemption_notification_2020/20260915T1423Z__native.pdf,Income Tax (ABC One Pte. Ltd. — Section 13(4) Exemption) Notification 2020,S 6/2020,,,playwright,200,raw/sg/income_tax_abc_one_pte_ltd_section_13_4_exemption_notification_2020/20260915T1423Z__native.pdf.headers.json,application/pdf,8c6327492089667bccd9e656909ff69f14d03267b3c2d21b7d69e3aafe79420a,33601,2,,,,corpus SG_corpus_2026-09-16: from SG_ws_2026-09-15,2020-01-06,,,Current
0.2.0,,sg-iteo20252509-001,SG,https://sso.agc.gov.sg/SL/ITA1947-S602-2025?DocDate=20250917&ViewType=Pdf,2026-09-15T15:56:13Z,pdf_native,false,raw/sg/income_tax_boardroom_pte_ltd_section_13_12_exemption_order_2025/20260915T1556Z__native.pdf,Income Tax (Boardroom Pte. Ltd. — Section 13(12) Exemption) Order 2025,S 602/2025,,,requests,200,raw/sg/income_tax_boardroom_pte_ltd_section_13_12_exemption_order_2025/20260915T1556Z__native.pdf.headers.json,application/pdf,ddb69586feb4e9c898e632a5964920370f2047f21d2a4f40085f7a716d7470ab,70715,2,,,,corpus SG_corpus_2026-09-16: from SG_ws_2026-09-15,2025-09-17,,,Current
0.2.0,,sg-itr20179486-001,SG,https://sso.agc.gov.sg/SL/ITA1947-S610-2017?DocDate=20251230&ViewType=Pdf,2026-09-15T15:59:49Z,pdf_native,false,raw/sg/income_tax_concessionary_rate_of_tax_for_approved_insurance_brokers_regulations_2017/20260915T1559Z__native.pdf,Income Tax (Concessionary Rate of Tax for Approved Insurance Brokers) Regulations 2017,S 610/2017,,,requests,200,raw/sg/income_tax_concessionary_rate_of_tax_for_approved_insurance_brokers_regulations_2017/20260915T1559Z__native.pdf.headers.json,application/pdf,737c5e5a1bb54b8bba8f85e944655988362c89fc0284ce38e75b8af6f417ac1a,98981,4,,,,corpus SG_corpus_2026-09-16: from SG_ws_2026-09-15,2025-12-30,,,Current
0.2.0,,sg-iteo2022e2dd-001,SG,https://sso.agc.gov.sg/SL/ITA1947-S610-2022?DocDate=20220726&ViewType=Pdf,2026-09-15T16:22:21Z,pdf_native,false,raw/sg/income_tax_elite_commercial_reit_section_13_12_exemption_order_2022/20260915T1622Z__native.pdf,Income Tax (Elite Commercial REIT — Section 13(12) Exemption) Order 2022,S 610/2022,,,requests,200,raw/sg/income_tax_elite_commercial_reit_section_13_12_exemption_order_2022/20260915T1622Z__native.pdf.headers.json,application/pdf,4b5c8fdc1bb96e2ccec29de4d3f9d30c25e05b73e7f710a6021a8b78c38abf87,34290,2,,,,corpus SG_corpus_2026-09-16: from SG_ws_2026-09-15,2022-07-26,,,Current
0.2.0,,sg-iteo202201cf-001,SG,https://sso.agc.gov.sg/SL/ITA1947-S611-2022?DocDate=20220726&ViewType=Pdf,2026-09-15T16:21:54Z,pdf_native,false,raw/sg/income_tax_elite_commercial_reit_section_13_12_exemption_no_2_order_2022/20260915T1621Z__native.pdf,Income Tax (Elite Commercial REIT — Section 13(12) Exemption) (No. 2) Order 2022,S 611/2022,,,playwright,200,raw/sg/income_tax_elite_commercial_reit_section_13_12_exemption_no_2_order_2022/20260915T1621Z__native.pdf.headers.json,application/pdf,c9adaaf55efe9ece700bf9c2af5a979dc0f745190ca473b75e1a70909afeed03,33134,2,,,,corpus SG_corpus_2026-09-16: from SG_ws_2026-09-15,2022-07-26,,,Current
0.2.0,,sg-iteo202251dc-001,SG,https://sso.agc.gov.sg/SL/ITA1947-S612-2022?DocDate=20220726&ViewType=Pdf,2026-09-15T16:22:09Z,pdf_native,false,raw/sg/income_tax_elite_commercial_reit_section_13_12_exemption_no_3_order_2022/20260915T1622Z__native.pdf,Income Tax (Elite Commercial REIT — Section 13(12) Exemption) (No. 3) Order 2022,S 612/2022,,,requests,200,raw/sg/income_tax_elite_commercial_reit_section_13_12_exemption_no_3_order_2022/20260915T1622Z__native.pdf.headers.json,application/pdf,909d712b836d96f57fad8f00268ed36f6918580c40d1484ff1c53af592f90bf2,33030,2,,,,corpus SG_corpus_2026-09-16: from SG_ws_2026-09-15,2022-07-26,,,Current
0.2.0,,sg-iteo2022c07a-001,SG,https://sso.agc.gov.sg/SL/ITA1947-S613-2022?DocDate=20220726&ViewType=Pdf,2026-09-15T15:56:31Z,pdf_native,false,raw/sg/income_tax_capitaland_commercial_trust_etc_section_13_12_exemption_order_2022/20260915T1556Z__native.pdf,"Income Tax (CapitaLand Commercial Trust, etc. — Section 13(12) Exemption) Order 2022",S 613/2022,,,requests,200,raw/sg/income_tax_capitaland_commercial_trust_etc_section_13_12_exemption_order_2022/20260915T1556Z__native.pdf.headers.json,application/pdf,bfef2e857d59c8490e5cdde08199bd375cefdbe1a8647dc071efe201f12763be,33553,2,,,,corpus SG_corpus_2026-09-16: from SG_ws_2026-09-15,2022-07-26,,,Current
0.2.0,,sg-iteo20221437-001,SG,https://sso.agc.gov.sg/SL/ITA1947-S614-2022?DocDate=20220726&ViewType=Pdf,2026-09-15T14:27:17Z,pdf_native,false,raw/sg/income_tax_ara_logos_logistics_trust_etc_section_13_12_exemption_order_2022/20260915T1427Z__native.pdf,"Income Tax (ARA LOGOS Logistics Trust, etc. — Section 13(12) Exemption) Order 2022",S 614/2022,,,requests,200,raw/sg/income_tax_ara_logos_logistics_trust_etc_section_13_12_exemption_order_2022/20260915T1427Z__native.pdf.headers.json,application/pdf,e4c30b1b2dd53271284f9f9aa195af5f0a197bff854607a961088c0656900e8e,37169,3,,,,corpus SG_corpus_2026-09-16: from SG_ws_2026-09-15,2022-07-26,,,Current
0.2.0,,sg-iteo20228dc7-001,SG,https://sso.agc.gov.sg/SL/ITA1947-S615-2022?DocDate=20220726&ViewType=Pdf,2026-09-15T17:56:08Z,pdf_native,false,raw/sg/income_tax_cromwell_sg_spv_5_pte_ltd_section_13_12_exemption_order_2022/20260915T1756Z__native.pdf,Income Tax (Cromwell SG SPV 5 Pte. Ltd. — Section 13(12) Exemption) Order 2022,S 615/2022,,,requests,200,raw/sg/income_tax_cromwell_sg_spv_5_pte_ltd_section_13_12_exemption_order_2022/20260915T1756Z__native.pdf.headers.json,application/pdf,5cf409f24047bea14205562eec4dc0c64606b5a4ea129323ff301eace50733fa,33785,2,,,,corpus SG_corpus_2026-09-16: from SG_ws_2026-09-15,2022-07-26,,,Current
0.2.0,,sg-pdpr20217717-001,SG,https://sso.agc.gov.sg/SL/PDPA2012-S62-2021?DocDate=20220930&ViewType=Pdf,2026-09-15T14:10:03Z,pdf_native,false,raw/sg/personal_data_protection_enforcement_regulations_2021/20260915T1410Z__native.pdf,Personal Data Protection (Enforcement) Regulations 2021,S 62/2021,,,requests,200,raw/sg/personal_data_protection_enforcement_regulations_2021/20260915T1410Z__native.pdf.headers.json,application/pdf,e5541a516c3e593fe20c3abf70b1623ce0ddb5b19962878a2d550dc730ad047a,104171,25,,,,corpus SG_corpus_2026-09-16: from SG_ws_2026-09-15,2022-09-30,,,Current
0.2.0,,sg-iteo20211912-001,SG,https://sso.agc.gov.sg/SL/ITA1947-S625-2021?DocDate=20210819&ViewType=Pdf,2026-09-15T17:55:31Z,pdf_native,false,raw/sg/income_tax_cromwell_sg_spv_5_pte_ltd_section_13_12_exemption_order_2021/20260915T1755Z__native.pdf,Income Tax (Cromwell SG SPV 5 Pte Ltd — Section 13(12) Exemption) Order 2021,S 625/2021,,,requests,200,raw/sg/income_tax_cromwell_sg_spv_5_pte_ltd_section_13_12_exemption_order_2021/20260915T1755Z__native.pdf.headers.json,application/pdf,292ec32b790da296b52b0a001a493f34ac7f925d63a312b1f1d7214528c706ff,36713,3,,,,corpus SG_corpus_2026-09-16: from SG_ws_2026-09-15,2021-08-19,,,Current
0.2.0,,sg-cn2020-001,SG,https://sso.agc.gov.sg/SL/CoA1967-S626-2020?DocDate=20200728&ViewType=Pdf,2026-09-15T14:17:46Z,pdf_native,false,raw/sg/companies_direction_under_section_386an_1_notification_2020/20260915T1417Z__native.pdf,Companies (Direction under Section 386AN(1)) Notification 2020,S 626/2020,,,requests,200,raw/sg/companies_direction_under_section_386an_1_notification_2020/20260915T1417Z__native.pdf.headers.json,application/pdf,e93b8d41d7eb2fc6a68b0bd880b5cbb98a1c540444303347fabea57fcede9f3b,32493,2,,,,corpus SG_corpus_2026-09-16: from SG_ws_2026-09-15,2020-07-28,,,Current
0.2.0,,sg-cpcr2024-001,SG,https://sso.agc.gov.sg/SL/CPC2010-S628-2024?DocDate=20240731&ViewType=Pdf,2026-09-15T14:12:20Z,pdf_native,false,raw/sg/criminal_procedure_code_compensation_order_rules_2024/20260915T1412Z__native.pdf,Criminal Procedure Code (Compensation Order) Rules 2024,S 628/2024,,,requests,200,raw/sg/criminal_procedure_code_compensation_order_rules_2024/20260915T1412Z__native.pdf.headers.json,application/pdf,b969cc94a28bc9d76d3f9c9b9671b2d5da2b970ce9b69d0ba6a1668fc1cd3359,92174,4,,,,corpus SG_corpus_2026-09-16: from SG_ws_2026-09-15,2024-07-31,,,Current
0.2.0,,sg-cn2013-001,SG,https://sso.agc.gov.sg/SL/CoA1967-S629-2013?DocDate=20130930&ViewType=Pdf,2026-09-15T14:18:37Z,pdf_native,false,raw/sg/companies_prescribed_percentage_under_section_76b_3_and_3b_notification_2013/20260915T1418Z__native.pdf,Companies (Prescribed Percentage under Section 76B(3) and (3B)) Notification 2013,S 629/2013,,,requests,200,raw/sg/companies_prescribed_percentage_under_section_76b_3_and_3b_notification_2013/20260915T1418Z__native.pdf.headers.json,application/pdf,addaba6d0b3eedb71b160cc4b5857f9ca91c093f3e3292c209a8c58f4fa1b2b7,32399,2,,,,corpus SG_corpus_2026-09-16: from SG_ws_2026-09-15,2013-09-30,,,Current
0.2.0,,sg-pdpr20217142-001,SG,https://sso.agc.gov.sg/SL/PDPA2012-S63-2021?DocDate=20260831&ViewType=Pdf,2026-09-15T14:10:50Z,pdf_native,false,raw/sg/personal_data_protection_regulations_2021/20260915T1410Z__native.pdf,Personal Data Protection Regulations 2021,S 63/2021,,,requests,200,raw/sg/personal_data_protection_regulations_2021/20260915T1410Z__native.pdf.headers.json,application/pdf,e3da7dcc8287fa14fd87294e7195d0228bedad1047803c44ae0b2d8af77da7f6,184304,21,,,,corpus SG_corpus_2026-09-16: from SG_ws_2026-09-15,2026-08-31,,,Current
0.2.0,,sg-iteo20192af8-001,SG,https://sso.agc.gov.sg/SL/ITA1947-S634-2019?DocDate=20190919&ViewType=Pdf,2026-09-15T15:56:59Z,pdf_native,false,raw/sg/income_tax_caterpillar_propulsion_pte_ltd_section_13_12_exemption_order_2019/20260915T1556Z__native.pdf,Income Tax (Caterpillar Propulsion Pte Ltd — Section 13(12) Exemption) Order 2019,S 634/2019,,,requests,200,raw/sg/income_tax_caterpillar_propulsion_pte_ltd_section_13_12_exemption_order_2019/20260915T1556Z__native.pdf.headers.json,application/pdf,dfddc869bf83643a1cd7e7d48c5f397576e3c99fe1b8881779bd7fad95bf916d,32820,2,,,,corpus SG_corpus_2026-09-16: from SG_ws_2026-09-15,2019-09-19,,,Current
0.2.0,,sg-bo2013-001,SG,https://sso.agc.gov.sg/SL/BA1970-S638-2013?DocDate=20211101&ViewType=Pdf,2026-09-15T14:16:22Z,pdf_native,false,raw/sg/banking_exemption_from_sections_15a_and_15b_order_2013/20260915T1416Z__native.pdf,Banking (Exemption from Sections 15A and 15B) Order 2013,S 638/2013,,,requests,200,raw/sg/banking_exemption_from_sections_15a_and_15b_order_2013/20260915T1416Z__native.pdf.headers.json,application/pdf,e8fe3337e7f725ede706dde9b08540f8d3a524aa5645723ef35e77d5564df575,41588,4,,,,corpus SG_corpus_2026-09-16: from SG_ws_2026-09-15,2021-11-01,,,Current
0.2.0,,sg-pdpr2021413f-001,SG,https://sso.agc.gov.sg/SL/PDPA2012-S64-2021?DocDate=20241014&ViewType=Pdf,2026-09-15T14:10:11Z,pdf_native,false,raw/sg/personal_data_protection_notification_of_data_breaches_regulations_2021/20260915T1410Z__native.pdf,Personal Data Protection (Notification of Data Breaches) Regulations 2021,S 64/2021,,,requests,200,raw/sg/personal_data_protection_notification_of_data_breaches_regulations_2021/20260915T1410Z__native.pdf.headers.json,application/pdf,a6d3cde85aa4f6913fa7bcc584ef2a95848b3868f14cf05e8d2cec0fd08a131a,122888,11,,,,corpus SG_corpus_2026-09-16: from SG_ws_2026-09-15,2024-10-14,,,Current
0.2.0,,sg-cpco2022-001,SG,https://sso.agc.gov.sg/SL/CPC2010-S641-2022?DocDate=20220729&ViewType=Pdf,2026-09-15T14:13:27Z,pdf_native,false,raw/sg/criminal_procedure_code_prescribed_law_enforcement_agency_computer_access_order_2022/20260915T1413Z__native.pdf,Criminal Procedure Code (Prescribed Law Enforcement Agency — Computer Access) Order 2022,S 641/2022,,,requests,200,raw/sg/criminal_procedure_code_prescribed_law_enforcement_agency_computer_access_order_2022/20260915T1413Z__native.pdf.headers.json,application/pdf,5fbd5e2343ed99a157e647b9c6cbbed7aeec7e4e2689414f8472cf01d5c6e6c0,33647,2,,,,corpus SG_corpus_2026-09-16: from SG_ws_2026-09-15,2022-07-29,,,Current
0.2.0,,sg-pdpr2021-001,SG,https://sso.agc.gov.sg/SL/PDPA2012-S65-2021?DocDate=20240705&ViewType=Pdf,2026-09-15T14:09:41Z,pdf_native,false,raw/sg/personal_data_protection_appeal_regulations_2021/20260915T1409Z__native.pdf,Personal Data Protection (Appeal) Regulations 2021,S 65/2021,,,requests,200,raw/sg/personal_data_protection_appeal_regulations_2021/20260915T1409Z__native.pdf.headers.json,application/pdf,b81f1e3849c3a458a24d09b9b36e7a8eb6dc774b1597a61380211ddc0dbc449a,167702,24,,,,corpus SG_corpus_2026-09-16: from SG_ws_2026-09-15,2024-07-05,,,Current
0.2.0,,sg-cpcn2026-001,SG,https://sso.agc.gov.sg/SL/CPC2010-S65-2026?DocDate=20260211&ViewType=Pdf,2026-09-15T14:14:23Z,pdf_native,false,raw/sg/criminal_procedure_code_prescribed_law_enforcement_agency_notification_2026/20260915T1414Z__native.pdf,Criminal Procedure Code (Prescribed Law Enforcement Agency) Notification 2026,S 65/2026,,,requests,200,raw/sg/criminal_procedure_code_prescribed_law_enforcement_agency_notification_2026/20260915T1414Z__native.pdf.headers.json,application/pdf,4504a8a9910fa1f5fb2f9e2c09576f6bcbbc1994353b42554f8e04a94ae58171,72237,2,,,,corpus SG_corpus_2026-09-16: from SG_ws_2026-09-15,2026-02-11,,,Current
0.2.0,,sg-en2008-001,SG,https://sso.agc.gov.sg/SL/EmA1968-S668-2008?DocDate=20181217&ViewType=Pdf,2026-09-15T14:19:59Z,pdf_native,false,raw/sg/employment_approved_medical_institutions_notification_2008/20260915T1419Z__native.pdf,Employment (Approved Medical Institutions) Notification 2008,S 668/2008,,,requests,200,raw/sg/employment_approved_medical_institutions_notification_2008/20260915T1419Z__native.pdf.headers.json,application/pdf,e1c8a1a1625ee2af0d768605c6798da6c3ee26b80ea6350bc2d539e6459cf938,37557,3,,,,corpus SG_corpus_2026-09-16: from SG_ws_2026-09-15,2018-12-17,,,Current
0.2.0,,sg-cpcn2011-001,SG,https://sso.agc.gov.sg/SL/CPC2010-S673-2011?DocDate=20111223&ViewType=Pdf,2026-09-15T14:13:44Z,pdf_native,false,raw/sg/criminal_procedure_code_prescribed_law_enforcement_agency_no_2_notification_2011/20260915T1413Z__native.pdf,Criminal Procedure Code (Prescribed Law Enforcement Agency) (No. 2) Notification 2011,S 673/2011,,,requests,200,raw/sg/criminal_procedure_code_prescribed_law_enforcement_agency_no_2_notification_2011/20260915T1413Z__native.pdf.headers.json,application/pdf,88adedff7cec1c57cd077c4f55dda3070e60e76d95639447768e1da020d8451e,33766,2,,,,corpus SG_corpus_2026-09-16: from SG_ws_2026-09-15,2011-12-23,,,Current
0.2.0,,sg-ito2020-001,SG,https://sso.agc.gov.sg/SL/ITA1947-S673-2020?DocDate=20240412&ViewType=Pdf,2026-09-15T16:09:52Z,pdf_native,false,raw/sg/income_tax_concessionary_rate_of_tax_on_dividends_aircraft_leasing_company_order_2020/20260915T1609Z__native.pdf,Income Tax (Concessionary Rate of Tax on Dividends — Aircraft Leasing Company) Order 2020,S 673/2020,,,playwright,200,raw/sg/income_tax_concessionary_rate_of_tax_on_dividends_aircraft_leasing_company_order_2020/20260915T1609Z__native.pdf.headers.json,application/pdf,bc8d691b0446efdac21f475e8e1887f2667744263c7910cc31498241fb05e388,94575,4,,,,corpus SG_corpus_2026-09-16: from SG_ws_2026-09-15,2024-04-12,,,Current
0.2.0,,sg-iteo2021-001,SG,https://sso.agc.gov.sg/SL/ITA1947-S677-2021?DocDate=20210907&ViewType=Pdf,2026-09-15T15:54:42Z,pdf_native,false,raw/sg/income_tax_at_holdings_pte_ltd_section_13_12_exemption_order_2021/20260915T1554Z__native.pdf,Income Tax (AT Holdings Pte. Ltd. — Section 13(12) Exemption) Order 2021,S 677/2021,,,requests,200,raw/sg/income_tax_at_holdings_pte_ltd_section_13_12_exemption_order_2021/20260915T1554Z__native.pdf.headers.json,application/pdf,3af1348a4125c3c11fc3531fe7a7e204c5f3ae05256baf6cd344b17f44961767,33423,2,,,,corpus SG_corpus_2026-09-16: from SG_ws_2026-09-15,2021-09-07,,,Current
0.2.0,,sg-can2025-001,SG,https://sso.agc.gov.sg/SL-Supp/S677-2025/Published/20251015?ViewType=Pdf,2026-09-15T16:41:38Z,pdf_native,false,raw/sg/cybersecurity_amendment_act_2024_commencement_notification_2025/20260915T1641Z__native.pdf,Cybersecurity (Amendment) Act 2024 (Commencement) Notification 2025,S 677/2025,P7,P7-I2,requests,200,raw/sg/cybersecurity_amendment_act_2024_commencement_notification_2025/20260915T1641Z__native.pdf.headers.json,application/pdf,6667fd473b7d7ca6ccc868f9c81ab2cb9f194c680cd1bcf6e75e423f7cde1f93,82937,1,,,,corpus SG_corpus_2026-09-16: from SG_ws_2026-09-15,,,,
0.2.0,,sg-cr202559e6-001,SG,https://sso.agc.gov.sg/SL-Supp/S678-2025/Published/20251015?ViewType=Pdf,2026-09-15T16:42:52Z,pdf_native,false,raw/sg/cybersecurity_critical_information_infrastructure_amendment_regulations_2025/20260915T1642Z__native.pdf,Cybersecurity (Critical Information Infrastructure) (Amendment) Regulations 2025,S 678/2025,P7,P7-I2,requests,200,raw/sg/cybersecurity_critical_information_infrastructure_amendment_regulations_2025/20260915T1642Z__native.pdf.headers.json,application/pdf,079f5ab8d37e7433ae732191662b43decfb8852f5a501831f3c47caf048d6e9b,116560,12,,,,corpus SG_corpus_2026-09-16: from SG_ws_2026-09-15,,,,
0.2.0,,sg-cr2025-001,SG,https://sso.agc.gov.sg/SL/CA2018-S679-2025?DocDate=20251015&ViewType=Pdf,2026-09-15T14:11:07Z,pdf_native,false,raw/sg/cybersecurity_appeals_regulations_2025/20260915T1411Z__native.pdf,Cybersecurity (Appeals) Regulations 2025,S 679/2025,,,requests,200,raw/sg/cybersecurity_appeals_regulations_2025/20260915T1411Z__native.pdf.headers.json,application/pdf,52565ab683676e6d1fc248a49cae206f6c5296e1fe837ac1303c1c9dcf7ccc86,116203,12,,,,corpus SG_corpus_2026-09-16: from SG_ws_2026-09-15,2025-10-15,,,Current
0.2.0,,sg-cr20250de1-001,SG,https://sso.agc.gov.sg/SL/CA2018-S680-2025?DocDate=20251015&ViewType=Pdf,2026-09-15T14:11:51Z,pdf_native,false,raw/sg/cybersecurity_systems_of_temporary_cybersecurity_concern_regulations_2025/20260915T1411Z__native.pdf,Cybersecurity (Systems of Temporary Cybersecurity Concern) Regulations 2025,S 680/2025,,,requests,200,raw/sg/cybersecurity_systems_of_temporary_cybersecurity_concern_regulations_2025/20260915T1411Z__native.pdf.headers.json,application/pdf,dd4d030a0f2d7c46b0150a92d3a7aa6b81dc5fd18f6a83772598144fd6e49263,96365,8,,,,corpus SG_corpus_2026-09-16: from SG_ws_2026-09-15,2025-10-15,,,Current
0.2.0,,sg-cpcn2014-001,SG,https://sso.agc.gov.sg/SL/CPC2010-S682-2014?DocDate=20141002&ViewType=Pdf,2026-09-15T14:13:58Z,pdf_native,false,raw/sg/criminal_procedure_code_prescribed_law_enforcement_agency_notification_2014/20260915T1413Z__native.pdf,Criminal Procedure Code (Prescribed Law Enforcement Agency) Notification 2014,S 682/2014,,,requests,200,raw/sg/criminal_procedure_code_prescribed_law_enforcement_agency_notification_2014/20260915T1413Z__native.pdf.headers.json,application/pdf,7c47a712cd7665c047cd7061ea42d73bb4e4714dd4ec03461302ceb4c9741cc9,33216,2,,,,corpus SG_corpus_2026-09-16: from SG_ws_2026-09-15,2014-10-02,,,Current
0.2.0,,sg-pdpr2021f6f8-001,SG,https://sso.agc.gov.sg/SL/PDPA2012-S70-2021?DocDate=20210129&ViewType=Pdf,2026-09-15T14:09:48Z,pdf_native,false,raw/sg/personal_data_protection_composition_of_offences_regulations_2021/20260915T1409Z__native.pdf,Personal Data Protection (Composition of Offences) Regulations 2021,S 70/2021,,,requests,200,raw/sg/personal_data_protection_composition_of_offences_regulations_2021/20260915T1409Z__native.pdf.headers.json,application/pdf,cac41b67bfa7f3327b2b4eb8ac030f6407db7935fb2d3a73aaea14908e1585ec,35154,2,,,,corpus SG_corpus_2026-09-16: from SG_ws_2026-09-15,2021-01-29,,,Current
0.2.0,,sg-tr2005-001,SG,https://sso.agc.gov.sg/SL/TA1999-S706-2005?DocDate=20240628&ViewType=Pdf,2026-09-15T17:58:10Z,pdf_native,false,raw/sg/telecommunications_composition_of_offences_regulations_2005/20260915T1758Z__native.pdf,Telecommunications (Composition of Offences) Regulations 2005,S 706/2005,,,playwright,200,raw/sg/telecommunications_composition_of_offences_regulations_2005/20260915T1758Z__native.pdf.headers.json,application/pdf,98e70ed5495eeb5983f58326bf1f445b041de72df41c5a118ecc9e7b2ed62616,87880,2,,,,corpus SG_corpus_2026-09-16: from SG_ws_2026-09-15,2024-06-28,,,Current
0.2.0,,sg-cpcn2024-001,SG,https://sso.agc.gov.sg/SL/CPC2010-S706-2024?DocDate=20240912&ViewType=Pdf,2026-09-15T14:13:36Z,pdf_native,false,raw/sg/criminal_procedure_code_prescribed_law_enforcement_agency_lawful_custody_of_persons_notification_2024/20260915T1413Z__native.pdf,Criminal Procedure Code (Prescribed Law Enforcement Agency — Lawful Custody of Persons) Notification 2024,S 706/2024,,,requests,200,raw/sg/criminal_procedure_code_prescribed_law_enforcement_agency_lawful_custody_of_persons_notification_2024/20260915T1413Z__native.pdf.headers.json,application/pdf,a831c4b5926f5b5ae48b10c776e392f7b2f516523d7bf6f13fc70f5a62a87aec,84979,2,,,,corpus SG_corpus_2026-09-16: from SG_ws_2026-09-15,2024-09-12,,,Current
0.2.0,,sg-pdpr2013-001,SG,https://sso.agc.gov.sg/SL/PDPA2012-S709-2013?DocDate=20210129&ViewType=Pdf,2026-09-15T14:09:56Z,pdf_native,false,raw/sg/personal_data_protection_do_not_call_registry_regulations_2013/20260915T1409Z__native.pdf,Personal Data Protection (Do Not Call Registry) Regulations 2013,S 709/2013,,,requests,200,raw/sg/personal_data_protection_do_not_call_registry_regulations_2013/20260915T1409Z__native.pdf.headers.json,application/pdf,220ce9ea90833b4106cd9dfa97c2a8678ff06a0e6f78e563c4f33a88c4ee0b38,86443,19,,,,corpus SG_corpus_2026-09-16: from SG_ws_2026-09-15,2021-01-29,,,Current
0.2.0,,sg-cpcr20185a52-001,SG,https://sso.agc.gov.sg/SL/CPC2010-S723-2018?DocDate=20251218&ViewType=Pdf,2026-09-15T14:14:55Z,pdf_native,false,raw/sg/criminal_procedure_code_reformative_training_regulations_2018/20260915T1414Z__native.pdf,Criminal Procedure Code (Reformative Training) Regulations 2018,S 723/2018,,,requests,200,raw/sg/criminal_procedure_code_reformative_training_regulations_2018/20260915T1414Z__native.pdf.headers.json,application/pdf,4b6b4f2f97a87f607cd81718a343c2e735ab5661e75fbf7f86fce0aac9b57413,137234,17,,,,corpus SG_corpus_2026-09-16: from SG_ws_2026-09-15,2025-12-18,,,Current
0.2.0,,sg-cpr2018-001,SG,https://sso.agc.gov.sg/SL/CPC2010-S727-2018?DocDate=20250829&ViewType=Pdf,2026-09-15T14:15:34Z,pdf_native,false,raw/sg/criminal_procedure_rules_2018/20260915T1415Z__native.pdf,Criminal Procedure Rules 2018,S 727/2018,,,requests,200,raw/sg/criminal_procedure_rules_2018/20260915T1415Z__native.pdf.headers.json,application/pdf,6b995a6e72107cf15ab420543ec78e67fe54ed23fe1b80610f6fbd8770f07943,395000,103,,,,corpus SG_corpus_2026-09-16: from SG_ws_2026-09-15,2025-08-29,,,Current
0.2.0,,sg-br2013-001,SG,https://sso.agc.gov.sg/SL/BA1970-S729-2013?DocDate=20250904&ViewType=Pdf,2026-09-15T14:15:58Z,pdf_native,false,raw/sg/banking_credit_card_and_charge_card_regulations_2013/20260915T1415Z__native.pdf,Banking (Credit Card and Charge Card) Regulations 2013,S 729/2013,,,requests,200,raw/sg/banking_credit_card_and_charge_card_regulations_2013/20260915T1415Z__native.pdf.headers.json,application/pdf,de5110be61ba258e9e661a642e97337fd67f7cbf1ade5c51927d30658bb18654,342570,80,,,,corpus SG_corpus_2026-09-16: from SG_ws_2026-09-15,2025-09-04,,,Current
0.2.0,,sg-itr2013-001,SG,https://sso.agc.gov.sg/SL/ITA1947-S731-2013?DocDate=20240412&ViewType=Pdf,2026-09-15T16:00:25Z,pdf_native,false,raw/sg/income_tax_concessionary_rate_of_tax_for_approved_qualifying_companies_regulations_2013/20260915T1600Z__native.pdf,Income Tax (Concessionary Rate of Tax for Approved Qualifying Companies) Regulations 2013,S 731/2013,,,requests,200,raw/sg/income_tax_concessionary_rate_of_tax_for_approved_qualifying_companies_regulations_2013/20260915T1600Z__native.pdf.headers.json,application/pdf,0b4abe45eb9c5d15353a543462a4c2776106560bc6aa1d6214f8a53747bf5ad5,108599,8,,,,corpus SG_corpus_2026-09-16: from SG_ws_2026-09-15,2024-04-12,,,Current
0.2.0,,sg-itr2005-001,SG,https://sso.agc.gov.sg/SL/ITA1947-S735-2005?DocDate=20250609&ViewType=Pdf,2026-09-15T16:01:30Z,pdf_native,false,raw/sg/income_tax_concessionary_rate_of_tax_for_financial_sector_incentive_companies_regulations_2005/20260915T1601Z__native.pdf,Income Tax (Concessionary Rate of Tax for Financial Sector Incentive Companies) Regulations 2005,S 735/2005,,,requests,200,raw/sg/income_tax_concessionary_rate_of_tax_for_financial_sector_incentive_companies_regulations_2005/20260915T1601Z__native.pdf.headers.json,application/pdf,8c9e69729a0635aacc7ee07bad43ea87fe8872a482215840488b7b3c2ce58357,498796,124,,,,corpus SG_corpus_2026-09-16: from SG_ws_2026-09-15,2025-06-09,,,Current
0.2.0,,sg-bo20185b01-001,SG,https://sso.agc.gov.sg/SL/BA1970-S738-2018?DocDate=20181102&ViewType=Pdf,2026-09-15T14:16:29Z,pdf_native,false,raw/sg/banking_exemption_from_sections_15a_and_15b_order_2018/20260915T1416Z__native.pdf,Banking (Exemption from Sections 15A and 15B) Order 2018,S 738/2018,,,requests,200,raw/sg/banking_exemption_from_sections_15a_and_15b_order_2018/20260915T1416Z__native.pdf.headers.json,application/pdf,39604c76171eae3b95586173cec5ffc8946165bf6254cb7c79ebf3717f806e24,35548,2,,,,corpus SG_corpus_2026-09-16: from SG_ws_2026-09-15,2018-11-02,,,Current
0.2.0,,sg-cpcr2018f976-001,SG,https://sso.agc.gov.sg/SL/CPC2010-S747-2018?DocDate=20191227&ViewType=Pdf,2026-09-15T14:14:29Z,pdf_native,false,raw/sg/criminal_procedure_code_prescribed_offences_for_mandatory_treatment_orders_regulations_2018/20260915T1414Z__native.pdf,Criminal Procedure Code (Prescribed Offences for Mandatory Treatment Orders) Regulations 2018,S 747/2018,,,requests,200,raw/sg/criminal_procedure_code_prescribed_offences_for_mandatory_treatment_orders_regulations_2018/20260915T1414Z__native.pdf.headers.json,application/pdf,a17df43a77ecafc3396456b03409e0618d005fbcf5c98d14194f3cf4cd47abfb,35512,2,,,,corpus SG_corpus_2026-09-16: from SG_ws_2026-09-15,2019-12-27,,,Current
0.2.0,,sg-cpr2025-001,SG,https://sso.agc.gov.sg/SL/CPC2010-S759-2025?DocDate=20251128&ViewType=Pdf,2026-09-15T14:12:07Z,pdf_native,false,raw/sg/criminal_procedure_expert_opinion_rules_2025/20260915T1412Z__native.pdf,Criminal Procedure (Expert Opinion) Rules 2025,S 759/2025,,,requests,200,raw/sg/criminal_procedure_expert_opinion_rules_2025/20260915T1412Z__native.pdf.headers.json,application/pdf,ffc46377e9a81d88ace7084af85d131ede6bc983cb9ae10d27e96a3864729e34,172483,31,,,,corpus SG_corpus_2026-09-16: from SG_ws_2026-09-15,2025-11-28,,,Current
0.2.0,,sg-bo2018-001,SG,https://sso.agc.gov.sg/SL/BA1970-S761-2018?DocDate=20181119&ViewType=Pdf,2026-09-15T14:16:04Z,pdf_native,false,raw/sg/banking_exemption_from_sections_15a_and_15b_no_2_order_2018/20260915T1416Z__native.pdf,Banking (Exemption from Sections 15A and 15B) (No. 2) Order 2018,S 761/2018,,,requests,200,raw/sg/banking_exemption_from_sections_15a_and_15b_no_2_order_2018/20260915T1416Z__native.pdf.headers.json,application/pdf,bee243e920563c15d0c2e6fd62d3a36b8786facce3c6577f0d1e27e4379d49eb,36821,2,,,,corpus SG_corpus_2026-09-16: from SG_ws_2026-09-15,2018-11-19,,,Current
0.2.0,,sg-bo2004-001,SG,https://sso.agc.gov.sg/SL/BA1970-S788-2004?DocDate=20220623&ViewType=Pdf,2026-09-15T14:16:12Z,pdf_native,false,raw/sg/banking_exemption_from_sections_15a_and_15b_order_2004/20260915T1416Z__native.pdf,Banking (Exemption from Sections 15A and 15B) Order 2004,S 788/2004,,,requests,200,raw/sg/banking_exemption_from_sections_15a_and_15b_order_2004/20260915T1416Z__native.pdf.headers.json,application/pdf,634ce0e332ba3d7821b4aba7f107d6d2d24230386a79c1534e0357dd17fe8098,41853,4,,,,corpus SG_corpus_2026-09-16: from SG_ws_2026-09-15,2022-06-23,,,Current
0.2.0,,sg-itr2019f55f-001,SG,https://sso.agc.gov.sg/SL/ITA1947-S793-2019?DocDate=20191202&ViewType=Pdf,2026-09-15T16:18:16Z,pdf_native,false,raw/sg/income_tax_deduction_for_expenditure_for_services_or_secondment_to_institutions_of_a_public_character_rules_2019/20260915T1618Z__native.pdf,Income Tax (Deduction for Expenditure for Services or Secondment to Institutions of a Public Character) Rules 2019,S 793/2019,,,requests,200,raw/sg/income_tax_deduction_for_expenditure_for_services_or_secondment_to_institutions_of_a_public_character_rules_2019/20260915T1618Z__native.pdf.headers.json,application/pdf,54d87687bf247d4707a30edff34a77235aba5a159e2e000e8df55f72f5a0f7ef,33921,2,,,,corpus SG_corpus_2026-09-16: from SG_ws_2026-09-15,2019-12-02,,,Current
0.2.0,,sg-itr201925c2-001,SG,https://sso.agc.gov.sg/SL/ITA1947-S794-2019?DocDate=20191202&ViewType=Pdf,2026-09-15T16:18:17Z,pdf_native,false,raw/sg/income_tax_deduction_for_expenditure_of_qualifying_individual_under_section_14zd_rules_2019/20260915T1618Z__native.pdf,Income Tax (Deduction for Expenditure of Qualifying Individual under Section 14ZD) Rules 2019,S 794/2019,,,requests,200,raw/sg/income_tax_deduction_for_expenditure_of_qualifying_individual_under_section_14zd_rules_2019/20260915T1618Z__native.pdf.headers.json,application/pdf,cb5191bf9acdde8838640630f2302fe11bbdb592c60ae9d63c5bb567103fcb9e,33888,2,,,,corpus SG_corpus_2026-09-16: from SG_ws_2026-09-15,2019-12-02,,,Current
0.2.0,,sg-iteo20200309-001,SG,https://sso.agc.gov.sg/SL/ITA1947-S8-2020?DocDate=20200106&ViewType=Pdf,2026-09-15T15:54:27Z,pdf_native,false,raw/sg/income_tax_at_holdings_pte_ltd_section_13_12_exemption_order_2020/20260915T1554Z__native.pdf,Income Tax (AT Holdings Pte. Ltd. — Section 13(12) Exemption) Order 2020,S 8/2020,,,requests,200,raw/sg/income_tax_at_holdings_pte_ltd_section_13_12_exemption_order_2020/20260915T1554Z__native.pdf.headers.json,application/pdf,9865f0dc556d8f07b5bec4fc3ccb92b0df561401db3c189a555f5ae2cbdfe827,35079,2,,,,corpus SG_corpus_2026-09-16: from SG_ws_2026-09-15,2020-01-06,,,Current
0.2.0,,sg-cpcn2010-001,SG,https://sso.agc.gov.sg/SL/CPC2010-S801-2010?DocDate=20250630&ViewType=Pdf,2026-09-15T14:14:44Z,pdf_native,false,raw/sg/criminal_procedure_code_qualified_persons_notification_2010/20260915T1414Z__native.pdf,Criminal Procedure Code (Qualified Persons) Notification 2010,S 801/2010,,,requests,200,raw/sg/criminal_procedure_code_qualified_persons_notification_2010/20260915T1414Z__native.pdf.headers.json,application/pdf,e7aaf798fa9bfb38c3c9dbbef1bd740efaed03c7e778004af008b0da7625765e,95468,4,,,,corpus SG_corpus_2026-09-16: from SG_ws_2026-09-15,2025-06-30,,,Current
0.2.0,,sg-cpcr2010-001,SG,https://sso.agc.gov.sg/SL/CPC2010-S804-2010?DocDate=20101228&ViewType=Pdf,2026-09-15T14:12:58Z,pdf_native,false,raw/sg/criminal_procedure_code_pleading_guilty_by_electronic_means_regulations_2010/20260915T1412Z__native.pdf,Criminal Procedure Code (Pleading Guilty by Electronic Means) Regulations 2010,S 804/2010,,,requests,200,raw/sg/criminal_procedure_code_pleading_guilty_by_electronic_means_regulations_2010/20260915T1412Z__native.pdf.headers.json,application/pdf,bb7876b50b25ad1d01bb98c20739adb5a6bf82724d5861e7f18704eaaa9f82cf,40109,3,,,,corpus SG_corpus_2026-09-16: from SG_ws_2026-09-15,2010-12-28,,,Current
0.2.0,,sg-cpcr20103de6-001,SG,https://sso.agc.gov.sg/SL/CPC2010-S805-2010?DocDate=20140930&ViewType=Pdf,2026-09-15T14:15:29Z,pdf_native,false,raw/sg/criminal_procedure_code_witnesses_allowances_regulations_2010/20260915T1415Z__native.pdf,Criminal Procedure Code (Witnesses’ Allowances) Regulations 2010,S 805/2010,,,requests,200,raw/sg/criminal_procedure_code_witnesses_allowances_regulations_2010/20260915T1415Z__native.pdf.headers.json,application/pdf,b4f88df1e7f2af989c52f1357e29f727bf147ac47ba344921da46493ad909dbc,51553,7,,,,corpus SG_corpus_2026-09-16: from SG_ws_2026-09-15,2014-09-30,,,Current
0.2.0,,sg-iten2023-001,SG,https://sso.agc.gov.sg/SL/ITA1947-S813-2023?DocDate=20231212&ViewType=Pdf,2026-09-15T14:25:03Z,pdf_native,false,raw/sg/income_tax_agrocorp_international_pte_ltd_section_13_4_exemption_notification_2023/20260915T1425Z__native.pdf,Income Tax (Agrocorp International Pte Ltd — Section 13(4) Exemption) Notification 2023,S 813/2023,,,playwright,200,raw/sg/income_tax_agrocorp_international_pte_ltd_section_13_4_exemption_notification_2023/20260915T1425Z__native.pdf.headers.json,application/pdf,29e29c2d49228dceff034051970f8aee38eccdf541c5c653ef80419c88d19582,87046,2,,,,corpus SG_corpus_2026-09-16: from SG_ws_2026-09-15,2023-12-12,,,Current
0.2.0,,sg-cr20150185-001,SG,https://sso.agc.gov.sg/SL/CoA1967-S833-2015?DocDate=20241206&ViewType=Pdf,2026-09-15T14:18:31Z,pdf_native,false,raw/sg/companies_model_constitutions_regulations_2015/20260915T1418Z__native.pdf,Companies (Model Constitutions) Regulations 2015,S 833/2015,,,requests,200,raw/sg/companies_model_constitutions_regulations_2015/20260915T1418Z__native.pdf.headers.json,application/pdf,de3497b1fb06bd60ed66ab44514022566f3206e789f612a41ad62ff9d26af54b,250417,45,,,,corpus SG_corpus_2026-09-16: from SG_ws_2026-09-15,2024-12-06,,,Current
0.2.0,,sg-cr2015d08c-001,SG,https://sso.agc.gov.sg/SL/CoA1967-S834-2015?DocDate=20200729&ViewType=Pdf,2026-09-15T14:19:12Z,pdf_native,false,raw/sg/companies_striking_off_regulations_2015/20260915T1419Z__native.pdf,Companies (Striking Off) Regulations 2015,S 834/2015,,,requests,200,raw/sg/companies_striking_off_regulations_2015/20260915T1419Z__native.pdf.headers.json,application/pdf,8d2021ccf11311b4e487cb3e5b288435bd464f0c3b1dd646574b85b37526beef,44815,4,,,,corpus SG_corpus_2026-09-16: from SG_ws_2026-09-15,2020-07-29,,,Current
0.2.0,,sg-cr201509f7-001,SG,https://sso.agc.gov.sg/SL/CoA1967-S835-2015?DocDate=20260406&ViewType=Pdf,2026-09-15T14:18:02Z,pdf_native,false,raw/sg/companies_fees_and_late_lodgment_penalties_regulations_2015/20260915T1418Z__native.pdf,Companies (Fees and Late Lodgment Penalties) Regulations 2015,S 835/2015,,,requests,200,raw/sg/companies_fees_and_late_lodgment_penalties_regulations_2015/20260915T1418Z__native.pdf.headers.json,application/pdf,3674b70236dd1e9528c7586530888acad3993b394ed48f7265eff4b3bd5c67ac,120826,14,,,,corpus SG_corpus_2026-09-16: from SG_ws_2026-09-15,2026-04-06,,,Current
0.2.0,,sg-cr2015ed93-001,SG,https://sso.agc.gov.sg/SL/CoA1967-S837-2015?DocDate=20151231&ViewType=Pdf,2026-09-15T14:18:15Z,pdf_native,false,raw/sg/companies_identical_names_regulations_2015/20260915T1418Z__native.pdf,Companies (Identical Names) Regulations 2015,S 837/2015,,,requests,200,raw/sg/companies_identical_names_regulations_2015/20260915T1418Z__native.pdf.headers.json,application/pdf,cc766323f0cd89d2dee40a8e79783849572605cfe48dca74c38318d5617c71d6,38782,4,,,,corpus SG_corpus_2026-09-16: from SG_ws_2026-09-15,2015-12-31,,,Current
0.2.0,,sg-cr2015-001,SG,https://sso.agc.gov.sg/SL/CoA1967-S838-2015?DocDate=20241206&ViewType=Pdf,2026-09-15T14:17:39Z,pdf_native,false,raw/sg/companies_composition_of_offences_regulations_2015/20260915T1417Z__native.pdf,Companies (Composition of Offences) Regulations 2015,S 838/2015,,,requests,200,raw/sg/companies_composition_of_offences_regulations_2015/20260915T1417Z__native.pdf.headers.json,application/pdf,c750ec1aae3803d438959a3f6bd7673705d70bf236bfef95925c0d358eb2624a,90482,3,,,,corpus SG_corpus_2026-09-16: from SG_ws_2026-09-15,2024-12-06,,,Current
0.2.0,,sg-iteo2024-001,SG,https://sso.agc.gov.sg/SL/ITA1947-S846-2024?DocDate=20241101&ViewType=Pdf,2026-09-15T15:55:00Z,pdf_native,false,raw/sg/income_tax_at_holdings_pte_ltd_section_13_12_exemption_order_2024/20260915T1555Z__native.pdf,Income Tax (AT Holdings Pte. Ltd. — Section 13(12) Exemption) Order 2024,S 846/2024,,,requests,200,raw/sg/income_tax_at_holdings_pte_ltd_section_13_12_exemption_order_2024/20260915T1555Z__native.pdf.headers.json,application/pdf,1bce8910880d63d651696830e6432cce0846aeb3c0fb72ca4de4a333d06876f0,89837,3,,,,corpus SG_corpus_2026-09-16: from SG_ws_2026-09-15,2024-11-01,,,Current
0.2.0,,sg-co2022-001,SG,https://sso.agc.gov.sg/SL/CoA1967-S848-2022?DocDate=20221031&ViewType=Pdf,2026-09-15T14:18:59Z,pdf_native,false,raw/sg/companies_revocation_of_appointments_of_approved_liquidators_order_2022/20260915T1418Z__native.pdf,Companies (Revocation of Appointments of Approved Liquidators) Order 2022,S 848/2022,,,requests,200,raw/sg/companies_revocation_of_appointments_of_approved_liquidators_order_2022/20260915T1418Z__native.pdf.headers.json,application/pdf,c68a86c0d0bba772b9e5406c4ded3ecf8deb61316b15e2b26d41c278f418361e,40512,4,,,,corpus SG_corpus_2026-09-16: from SG_ws_2026-09-15,2022-10-31,,,Current
0.2.0,,sg-ito2020379a-001,SG,https://sso.agc.gov.sg/SL/ITA1947-S85-2020?DocDate=20200206&ViewType=Pdf,2026-09-15T16:23:49Z,pdf_native,false,raw/sg/income_tax_exchange_of_information_arrangement_united_states_of_america_order_2020/20260915T1623Z__native.pdf,Income Tax (Exchange of Information Arrangement) (United States of America) Order 2020,S 85/2020,,,requests,200,raw/sg/income_tax_exchange_of_information_arrangement_united_states_of_america_order_2020/20260915T1623Z__native.pdf.headers.json,application/pdf,9975af0c4186ad5707ca528fb17970715c82d517327c43fe2eee4a6392c0d13d,64799,12,,,,corpus SG_corpus_2026-09-16: from SG_ws_2026-09-15,2020-02-06,,,Current
0.2.0,,sg-itr2022-001,SG,https://sso.agc.gov.sg/SL/ITA1947-S879-2022?DocDate=20230330&ViewType=Pdf,2026-09-15T14:24:14Z,pdf_native,false,raw/sg/income_tax_adjustment_for_change_of_basis_of_computing_profit_loss_or_expense_from_financial_instruments_of_insurers_regulations_2022/20260915T1424Z__native.pdf,"Income Tax (Adjustment for Change of Basis of Computing Profit, Loss or Expense from Financial Instruments of Insurers) Regulations 2022",S 879/2022,,,playwright,200,raw/sg/income_tax_adjustment_for_change_of_basis_of_computing_profit_loss_or_expense_from_financial_instruments_of_insurers_regulations_2022/20260915T1424Z__native.pdf.headers.json,application/pdf,ca9d69392e4aa6395eb8834596724c40828d129431ab3ae0cfb94d21c0b49404,89679,21,,,,corpus SG_corpus_2026-09-16: from SG_ws_2026-09-15,2023-03-30,,,Current
0.2.0,,sg-itr2017-001,SG,https://sso.agc.gov.sg/SL/ITA1947-S88-2017?DocDate=20240412&ViewType=Pdf,2026-09-15T15:58:07Z,pdf_native,false,raw/sg/income_tax_concessionary_rate_of_tax_for_approved_finance_and_treasury_centre_regulations_2017/20260915T1558Z__native.pdf,Income Tax (Concessionary Rate of Tax for Approved Finance and Treasury Centre) Regulations 2017,S 88/2017,,,requests,200,raw/sg/income_tax_concessionary_rate_of_tax_for_approved_finance_and_treasury_centre_regulations_2017/20260915T1558Z__native.pdf.headers.json,application/pdf,1289b49ff690efcd43bf5fcbf7795838735987c043bfec861d22be8c78e40b0b,107214,8,,,,corpus SG_corpus_2026-09-16: from SG_ws_2026-09-15,2024-04-12,,,Current
0.2.0,,sg-iten20233f3e-001,SG,https://sso.agc.gov.sg/SL/ITA1947-S88-2023?DocDate=20230221&ViewType=Pdf,2026-09-15T15:57:19Z,pdf_native,false,raw/sg/income_tax_concerto_singapore_pte_ltd_section_13_4_exemption_notification_2023/20260915T1557Z__native.pdf,Income Tax (Concerto Singapore Pte. Ltd. — Section 13(4) Exemption) Notification 2023,S 88/2023,,,requests,200,raw/sg/income_tax_concerto_singapore_pte_ltd_section_13_4_exemption_notification_2023/20260915T1557Z__native.pdf.headers.json,application/pdf,d2fc8a9542c1ecc74099a17c9f3f66b4cf91da972bc3848b789fb0af23ff3e32,37389,3,,,,corpus SG_corpus_2026-09-16: from SG_ws_2026-09-15,2023-02-21,,,Current
0.2.0,,sg-itr2023cb17-001,SG,https://sso.agc.gov.sg/SL/ITA1947-S885-2023?DocDate=20231226&ViewType=Pdf,2026-09-15T16:19:04Z,pdf_native,false,raw/sg/income_tax_deduction_under_section_14zh_prescribed_percentages_rules_2023/20260915T1619Z__native.pdf,Income Tax (Deduction under Section 14ZH) (Prescribed Percentages) Rules 2023,S 885/2023,,,requests,200,raw/sg/income_tax_deduction_under_section_14zh_prescribed_percentages_rules_2023/20260915T1619Z__native.pdf.headers.json,application/pdf,b5bf260d77dcc7ead8ba0b6c1f166363718c61a3870254d82582c7d8c86d0ed7,84931,2,,,,corpus SG_corpus_2026-09-16: from SG_ws_2026-09-15,2023-12-26,,,Current
0.2.0,,sg-itr2015a4e7-001,SG,https://sso.agc.gov.sg/SL/ITA1947-S9-2015?DocDate=20150114&ViewType=Pdf,2026-09-15T16:22:36Z,pdf_native,false,raw/sg/income_tax_employment_gains_or_profits_furniture_and_fittings_in_place_of_residence_regulations_2015/20260915T1622Z__native.pdf,Income Tax (Employment Gains or Profits — Furniture and Fittings in Place of Residence) Regulations 2015,S 9/2015,,,requests,200,raw/sg/income_tax_employment_gains_or_profits_furniture_and_fittings_in_place_of_residence_regulations_2015/20260915T1622Z__native.pdf.headers.json,application/pdf,01b0d4d0c72ea3165e689776023ecfa88376a8a3bbad8f43beb6af6f6fafd99f,33239,2,,,,corpus SG_corpus_2026-09-16: from SG_ws_2026-09-15,2015-01-14,,,Current
0.2.0,,sg-iteo20261bae-001,SG,https://sso.agc.gov.sg/SL/ITA1947-S9-2026?DocDate=20260112&ViewType=Pdf,2026-09-15T16:23:04Z,pdf_native,false,raw/sg/income_tax_ennovi_plastic_industries_pte_ltd_section_13_12_exemption_order_2026/20260915T1623Z__native.pdf,Income Tax (Ennovi Plastic Industries Pte. Ltd. — Section 13(12) Exemption) Order 2026,S 9/2026,,,requests,200,raw/sg/income_tax_ennovi_plastic_industries_pte_ltd_section_13_12_exemption_order_2026/20260915T1623Z__native.pdf.headers.json,application/pdf,5fba7f5fea84317632510f7098c72ce776a03e1bda111d6ed80009e883ac938d,72658,2,,,,corpus SG_corpus_2026-09-16: from SG_ws_2026-09-15,2026-01-12,,,Current
0.2.0,,sg-pdpn2015-001,SG,https://sso.agc.gov.sg/SL/PDPA2012-S90-2015?DocDate=20210129&ViewType=Pdf,2026-09-15T14:10:19Z,pdf_native,false,raw/sg/personal_data_protection_prescribed_healthcare_bodies_notification_2015/20260915T1410Z__native.pdf,Personal Data Protection (Prescribed Healthcare Bodies) Notification 2015,S 90/2015,,,requests,200,raw/sg/personal_data_protection_prescribed_healthcare_bodies_notification_2015/20260915T1410Z__native.pdf.headers.json,application/pdf,bffe40379fb060c68b6abc6271fe2cd915108eeef403f548669a56514db7d4ec,34898,2,,,,corpus SG_corpus_2026-09-16: from SG_ws_2026-09-15,2021-01-29,,,Current
0.2.0,,sg-itn2022-001,SG,https://sso.agc.gov.sg/SL/ITA1947-S943-2022?DocDate=20260223&ViewType=Pdf,2026-09-15T15:54:06Z,pdf_native,false,raw/sg/income_tax_assignment_of_functions_under_section_3a_monetary_authority_of_singapore_notification_2022/20260915T1554Z__native.pdf,Income Tax (Assignment of Functions under Section 3A — Monetary Authority of Singapore) Notification 2022,S 943/2022,,,requests,200,raw/sg/income_tax_assignment_of_functions_under_section_3a_monetary_authority_of_singapore_notification_2022/20260915T1554Z__native.pdf.headers.json,application/pdf,27c1dba5323d95b7322f2c4420786a352863754e6b6cd6411c4b570913dc4ad9,106483,7,,,,corpus SG_corpus_2026-09-16: from SG_ws_2026-09-15,2026-02-23,,,Current
0.2.0,,sg-iten20222a6c-001,SG,https://sso.agc.gov.sg/SL/ITA1947-S965-2022?DocDate=20221216&ViewType=Pdf,2026-09-15T16:19:58Z,pdf_native,false,raw/sg/income_tax_dreymoor_fertilizers_overseas_pte_ltd_section_13_4_exemption_notification_2022/20260915T1619Z__native.pdf,Income Tax (Dreymoor Fertilizers Overseas Pte. Ltd. — Section 13(4) Exemption) Notification 2022,S 965/2022,,,requests,200,raw/sg/income_tax_dreymoor_fertilizers_overseas_pte_ltd_section_13_4_exemption_notification_2022/20260915T1619Z__native.pdf.headers.json,application/pdf,d435da82ef2c1619c90c79eb385980819a8fe4af1f01c91261b8312091e6f3b6,35807,2,,,,corpus SG_corpus_2026-09-16: from SG_ws_2026-09-15,2022-12-16,,,Current
