contract_version,instrument_version,doc_id,economy,source_url,access_date,source_type,pdf_is_scanned,local_path,law_name_guess,law_number_guess,pillar_hint,indicator_hints,retrieval_method,http_status,http_headers_path,content_type,content_sha256,byte_size,page_count,anchor_hint,anchor_kind,seed_query,crawl_notes,publication_date,assent_date,commencement_date,in_force_status
0.2.0,,au-caca-001,AU,https://www.legislation.gov.au/C2004Q00685/1977-07-29/1977-07-29/text/original/epub,2026-09-19T22:38:59Z,html,,raw/au/commonwealth_of_australia_constitution_act/20260919T2238Z__page.html,Commonwealth of Australia Constitution Act,,,,requests,200,raw/au/commonwealth_of_australia_constitution_act/20260919T2238Z__page.html.headers.json,text/html,0201c37b6fe3c1d9a5238937cdede8d34d737380509fceea32f4dafea1d9eae3,243327,,,,,corpus AU_corpus_2026-09-19: from AU_ws_2026-09-19,,1900-07-09,,InForce
0.2.0,,au-pc2024-001,AU,https://www.oaic.gov.au/__data/assets/pdf_file/0029/242588/Privacy-Credit-Reporting-Code-2024.pdf,2026-09-15T12:36:57Z,pdf_native,false,raw/au/privacy_credit_reporting_code_2024/20260915T1236Z__native.pdf,Privacy (Credit Reporting) Code 2024,,P7,"P7-I1,P7-I3",requests,200,raw/au/privacy_credit_reporting_code_2024/20260915T1236Z__native.pdf.headers.json,application/pdf,f8cf6c99c548da34fef15a9f4cd8249eee24eb4d85402e22763d34d7b911cc21,643427,59,,,,corpus AU_corpus_2026-09-19: from AU_ws_2026-09-15,,,,
0.2.0,,au-piag-001,AU,https://www.oaic.gov.au/privacy/guidance-and-advice,2026-09-15T12:36:48Z,html,,raw/au/privacy_impact_assessment_guidance_oaic/20260915T1236Z__page.html,Privacy Impact Assessment guidance (OAIC),,P7,P7-I4,playwright,200,raw/au/privacy_impact_assessment_guidance_oaic/20260915T1236Z__page.html.headers.json,text/html,5cf73413a74d8a695a8136479abc262df1a4ce29f9a2cf8a93925c32037b68e3,67524,,,,,corpus AU_corpus_2026-09-19: from AU_ws_2026-09-15,,,,
0.2.0,,au-pscorm-001,AU,https://www.apra.gov.au/system/files/2023-07/Prudential%20Standard%20CPS%20230%20Operational%20Risk%20Management%20-%20clean.pdf,2026-09-15T12:36:50Z,pdf_native,false,raw/au/prudential_standard_cps_230_operational_risk_management/20260915T1236Z__native.pdf,Prudential Standard CPS 230 Operational Risk Management,,P7,P7-I2,requests,200,raw/au/prudential_standard_cps_230_operational_risk_management/20260915T1236Z__native.pdf.headers.json,application/pdf,f296a7e0bead93df6d4ed0fcb242cb320501ccba18e014855516bd02656ecaec,398602,13,,,,corpus AU_corpus_2026-09-19: from AU_ws_2026-09-15,,,,
0.2.0,,au-pac2017-001,AU,https://www.legislation.gov.au/F2017L01396/latest/text,2026-09-15T12:36:40Z,html,,raw/au/privacy_australian_government_agencies_governance_app_code_2017/20260915T1236Z__page.html,Privacy (Australian Government Agencies - Governance) APP Code 2017,F2017L01396,P7,P7-I4,playwright,200,raw/au/privacy_australian_government_agencies_governance_app_code_2017/20260915T1236Z__page.html.headers.json,text/html,45f38d5d3949720a874b187965e521aafb199be1d3c8f9715e8b20fc2c3b574d,37648,,,,,corpus AU_corpus_2026-09-19: from AU_ws_2026-09-15,,2017-10-26,,InForce
0.2.0,,au-pscis-001,AU,https://www.legislation.gov.au/F2018L01745/latest/text,2026-09-15T12:36:28Z,html,,raw/au/prudential_standard_cps_234_information_security/20260915T1236Z__page.html,Prudential Standard CPS 234 Information Security,F2018L01745,P7,P7-I2,playwright,200,raw/au/prudential_standard_cps_234_information_security/20260915T1236Z__page.html.headers.json,text/html,9f5ee3c3267f6d5ec7d2209b4dfb371af4e70cc33573a0ff0677f1ccd0bf5be6,73452,,,,,corpus AU_corpus_2026-09-19: from AU_ws_2026-09-15,,2018-11-30,,InForce
0.2.0,,au-tr2021-001,AU,https://www.legislation.gov.au/F2021L00289/2024-10-14/2024-10-14/text/original/epub,2026-09-15T12:35:36Z,html,,raw/au/telecommunications_regulations_2021/20260915T1235Z__page.html,Telecommunications Regulations 2021,F2021L00289,P7,P7-I5,requests,200,raw/au/telecommunications_regulations_2021/20260915T1235Z__page.html.headers.json,text/html,b38a4659abd0cefe911369edb5ea348e1adc90cc3dc8d8e2efaecca957fbb651,234312,,,,,corpus AU_corpus_2026-09-19: from AU_ws_2026-09-15,,2021-03-18,,InForce
0.2.0,,au-scir2023-001,AU,https://www.legislation.gov.au/F2023L00112/2026-06-10/2026-06-10/text/original/epub,2026-09-15T12:35:58Z,html,,raw/au/security_of_critical_infrastructure_critical_infrastructure_risk_management_program_rules_2023/20260915T1235Z__page.html,Security of Critical Infrastructure (Critical infrastructure risk management program) Rules 2023,F2023L00112,P7,P7-I2,requests,200,raw/au/security_of_critical_infrastructure_critical_infrastructure_risk_management_program_rules_2023/20260915T1235Z__page.html.headers.json,text/html,6e46c2c51d675df880bb7bc39316587c16dfbdac6e48e56644295abf9d956e54,172188,,,,critical infrastructure,corpus AU_corpus_2026-09-19: from AU_ws_2026-09-15,,2023-01-31,,InForce
0.2.0,,au-csr2025c482-001,AU,https://www.legislation.gov.au/F2025L00276/latest/text,2026-09-15T12:36:13Z,html,,raw/au/cyber_security_security_standards_for_smart_devices_rules_2025/20260915T1236Z__page.html,Cyber Security (Security Standards for Smart Devices) Rules 2025,F2025L00276,P7,P7-I2,playwright,200,raw/au/cyber_security_security_standards_for_smart_devices_rules_2025/20260915T1236Z__page.html.headers.json,text/html,8298de42fab3b86e48a16b0e44639feefbadec877427f87e94d5c84b72a26f86,54326,,,,cyber security,corpus AU_corpus_2026-09-19: from AU_ws_2026-09-15,,2025-02-27,,InForce
0.2.0,,au-csr2025-001,AU,https://www.legislation.gov.au/F2025L00278/latest/text,2026-09-15T12:35:32Z,html,,raw/au/cyber_security_ransomware_payment_reporting_rules_2025/20260915T1235Z__page.html,Cyber Security (Ransomware Payment Reporting) Rules 2025,F2025L00278,P7,P7-I2,playwright,200,raw/au/cyber_security_ransomware_payment_reporting_rules_2025/20260915T1235Z__page.html.headers.json,text/html,321d8cf075f7d5a034036878ecadc608b9005ce5e1cd3543544c9ec3efe6e842,24731,,,,cyber security,corpus AU_corpus_2026-09-19: from AU_ws_2026-09-15,,2025-02-27,,InForce
0.2.0,,au-scir2025-001,AU,https://www.legislation.gov.au/F2025L00325/latest/text,2026-09-15T12:35:49Z,html,,raw/au/security_of_critical_infrastructure_telecommunications_security_and_risk_management_program_rules_2025/20260915T1235Z__page.html,Security of Critical Infrastructure (Telecommunications Security and Risk Management Program) Rules 2025,F2025L00325,P7,P7-I2,playwright,200,raw/au/security_of_critical_infrastructure_telecommunications_security_and_risk_management_program_rules_2025/20260915T1235Z__page.html.headers.json,text/html,0246ba65b10aa65f68f2146b0467891514eb1538d7d7a637a496e72e8b589dcd,73585,,,,critical infrastructure,corpus AU_corpus_2026-09-19: from AU_ws_2026-09-15,,2025-03-01,,InForce
0.2.0,,au-msa1952-001,AU,https://www.legislation.gov.au/C1952A00001/2023-11-29/2023-11-29/text/original/epub,2026-09-15T12:50:03Z,html,,raw/au/ministers_of_state_act_1952/20260915T1250Z__page.html,Ministers of State Act 1952,"No. 1, 1952",,,requests,200,raw/au/ministers_of_state_act_1952/20260915T1250Z__page.html.headers.json,text/html,36c38e66e18fe432a202959371ea86c92061d6356a5f6cf4ef6c9e5cdd585113,103879,,,,,corpus AU_corpus_2026-09-19: from AU_ws_2026-09-15,,1952-03-13,,InForce
0.2.0,,au-taa1953-001,AU,https://www.legislation.gov.au/C1953A00001/2026-08-27/2026-08-27/text/original/epub,2026-09-15T12:50:38Z,html,,raw/au/taxation_administration_act_1953/20260915T1250Z__page.html,Taxation Administration Act 1953,"No. 1, 1953",,,requests,200,raw/au/taxation_administration_act_1953/20260915T1250Z__page.html.headers.json,text/html,51bd03d07f64ad11553b99853a1920b6d4b7da0b330fc67d138ec629c66968f7,8848751,,,,,corpus AU_corpus_2026-09-19: from AU_ws_2026-09-15,,1953-03-04,,InForce
0.2.0,,au-fa1953-001,AU,https://www.legislation.gov.au/C1954A00001/asmade/2008-07-04/text/original/pdf,2026-09-15T12:52:16Z,pdf_native,false,raw/au/flags_act_1953/20260915T1252Z__native.pdf,Flags Act 1953,"No. 1, 1954",,,requests,200,raw/au/flags_act_1953/20260915T1252Z__native.pdf.headers.json,application/pdf,0259288f9c7dd7c8f4c1451822ee00805b91395dd43269f49013690469d6fb1f,211417,4,,,,corpus AU_corpus_2026-09-19: from AU_ws_2026-09-15; flags as_made_short_act,,1954-02-15,,InForce
0.2.0,,au-da1982-001,AU,https://www.legislation.gov.au/C2004A02560/2019-01-25/2019-01-25/text/original/epub,2026-09-15T14:08:34Z,html,,raw/au/domicile_act_1982/20260915T1408Z__page.html,Domicile Act 1982,"No. 1, 1982",,,requests,200,raw/au/domicile_act_1982/20260915T1408Z__page.html.headers.json,text/html,c1ce04b9e2acb3be8becf45b21d32a706af0d12b0cfdd79250c4c6ed27ede1fd,52613,,,,,corpus AU_corpus_2026-09-19: from AU_ws_2026-09-15,,1982-03-04,,InForce
0.2.0,,au-ntsca2005-001,AU,https://www.legislation.gov.au/C2005A00001/asmade/2005-02-18/text/original/pdf,2026-09-15T15:15:03Z,pdf_native,false,raw/au/a_new_tax_system_goods_and_services_tax_imposition_recipients_customs_act_2005/20260915T1515Z__native.pdf,A New Tax System (Goods and Services Tax Imposition (Recipients)—Customs) Act 2005,"No. 1, 2005",,,requests,200,raw/au/a_new_tax_system_goods_and_services_tax_imposition_recipients_customs_act_2005/20260915T1515Z__native.pdf.headers.json,application/pdf,40c2dab258670b596ded84eef0682c9b1ea4fb33c85653ef2b9cc9025c53599e,19629,7,,,,corpus AU_corpus_2026-09-19: from AU_ws_2026-09-15,,2005-02-18,,InForce
0.2.0,,au-lafa2013-001,AU,https://www.legislation.gov.au/C2013A00001/2016-03-05/2016-03-05/text/original/epub,2026-09-15T15:57:31Z,html,,raw/au/low_aromatic_fuel_act_2013/20260915T1557Z__page.html,Low Aromatic Fuel Act 2013,"No. 1, 2013",,,requests,200,raw/au/low_aromatic_fuel_act_2013/20260915T1557Z__page.html.headers.json,text/html,d4beb44cee4bcae492846fb49936bf7cbdabd880952017e1f300ac94cd70b8d8,102083,,,,,corpus AU_corpus_2026-09-19: from AU_ws_2026-09-15,,2013-02-14,,InForce
0.2.0,,au-cahea2026-001,AU,https://www.legislation.gov.au/C2026A00001/asmade/2026-01-21/text/original/pdf,2026-09-15T16:53:59Z,pdf_native,false,raw/au/combatting_antisemitism_hate_and_extremism_firearms_and_customs_laws_act_2026/20260915T1653Z__native.pdf,"Combatting Antisemitism, Hate and Extremism (Firearms and Customs Laws) Act 2026","No. 1, 2026",,,requests,200,raw/au/combatting_antisemitism_hate_and_extremism_firearms_and_customs_laws_act_2026/20260915T1653Z__native.pdf.headers.json,application/pdf,9f24fb4f237d2039d2c3c64cb6986064cfa2b72a0518b0dd763b89e4f143ffae,552268,94,,,,corpus AU_corpus_2026-09-19: from AU_ws_2026-09-15,,2026-01-21,,InForce
0.2.0,,au-ohsa1993-001,AU,https://www.legislation.gov.au/C2004A04686/2025-06-11/2025-06-11/text/original/epub,2026-09-15T14:53:24Z,html,,raw/au/occupational_health_and_safety_maritime_industry_act_1993/20260915T1453Z__page.html,Occupational Health and Safety (Maritime Industry) Act 1993,"No. 10, 1994",,,requests,200,raw/au/occupational_health_and_safety_maritime_industry_act_1993/20260915T1453Z__page.html.headers.json,text/html,683c766fbdbe876d13b07e913cd35ca10cd0ec352022322f43154dd2e8b89898,392033,,,,,corpus AU_corpus_2026-09-19: from AU_ws_2026-09-15,,1994-01-18,,InForce
0.2.0,,au-ftdta1998-001,AU,https://www.legislation.gov.au/C2004A05323/2014-06-25/2014-06-25/text/original/epub,2026-09-15T15:13:22Z,html,,raw/au/family_trust_distribution_tax_primary_liability_act_1998/20260915T1513Z__page.html,Family Trust Distribution Tax (Primary Liability) Act 1998,"No. 10, 1998",,,requests,200,raw/au/family_trust_distribution_tax_primary_liability_act_1998/20260915T1513Z__page.html.headers.json,text/html,a13e7a2326fa841851acb34f1d978ab65f58325b24af5efc37d035a65a35e17b,33184,,,,,corpus AU_corpus_2026-09-19: from AU_ws_2026-09-15,,1998-04-06,,InForce
0.2.0,,au-dlaa2001-001,AU,https://www.legislation.gov.au/C2004A00775/2001-04-19/2001-04-19/text/original/epub,2026-09-15T13:35:39Z,html,,raw/au/defence_legislation_amendment_enhancement_of_the_reserves_and_modernisation_act_2001/20260915T1335Z__page.html,Defence Legislation Amendment (Enhancement of the Reserves and Modernisation) Act 2001,"No. 10, 2001",,,requests,200,raw/au/defence_legislation_amendment_enhancement_of_the_reserves_and_modernisation_act_2001/20260915T1335Z__page.html.headers.json,text/html,80e2f1f6524cedb66b0a6d897f278c0fc14b40bf65acbcafb12e9f80b6b2f452,126674,,,,,corpus AU_corpus_2026-09-19: from AU_ws_2026-09-15,,2001-03-22,,InForce
0.2.0,,au-dpaa1973-001,AU,https://www.legislation.gov.au/C2004A00004/asmade/2010-04-14/text/original/pdf,2026-09-15T13:10:23Z,pdf_native,false,raw/au/death_penalty_abolition_act_1973/20260915T1310Z__native.pdf,Death Penalty Abolition Act 1973,"No. 100, 1973",,,requests,200,raw/au/death_penalty_abolition_act_1973/20260915T1310Z__native.pdf.headers.json,application/pdf,54410cec95586beb075a6f436cbde431af5cb56bf0810286f2d7786a468c73d6,62552,2,,,,corpus AU_corpus_2026-09-19: from AU_ws_2026-09-15; flags as_made_short_act,,1973-09-18,,InForce
0.2.0,,au-wga1980-001,AU,https://www.legislation.gov.au/C2004A02301/asmade/2011-12-27/text/original/pdf,2026-09-15T14:02:33Z,pdf_native,false,raw/au/war_graves_act_1980/20260915T1402Z__native.pdf,War Graves Act 1980,"No. 100, 1980",,,requests,200,raw/au/war_graves_act_1980/20260915T1402Z__native.pdf.headers.json,application/pdf,d383c788388ed4e2e99e251a618d67c464a2840b733c99b12251680c858bb953,284711,4,,,,corpus AU_corpus_2026-09-19: from AU_ws_2026-09-15; flags as_made_short_act,,1980-06-06,,InForce
0.2.0,,au-pdfa1992-001,AU,https://www.legislation.gov.au/C2004A04391/2024-10-14/2024-10-14/text/original/epub,2026-09-15T14:45:42Z,html,,raw/au/pooled_development_funds_act_1992/20260915T1445Z__page.html,Pooled Development Funds Act 1992,"No. 100, 1992",,,requests,200,raw/au/pooled_development_funds_act_1992/20260915T1445Z__page.html.headers.json,text/html,c27504ea50e9fe9540f6d7d48c00afa12505938dd264694d306ef04f46bb552f,334738,,,,,corpus AU_corpus_2026-09-19: from AU_ws_2026-09-15,,1992-06-30,,InForce
0.2.0,,au-vea2004-001,AU,https://www.legislation.gov.au/C2004A01336/2026-07-01/2026-07-01/text/original/epub,2026-09-15T13:49:40Z,html,,raw/au/veterans_entitlements_clarke_review_act_2004/20260915T1349Z__page.html,Veterans' Entitlements (Clarke Review) Act 2004,"No. 100, 2004",,,requests,200,raw/au/veterans_entitlements_clarke_review_act_2004/20260915T1349Z__page.html.headers.json,text/html,7a55c266569f48a7df727cc3c4f8c0309f99b6a1bf0e12894bd522b964a73d4c,188897,,,,,corpus AU_corpus_2026-09-19: from AU_ws_2026-09-15,,2004-06-30,,InForce
0.2.0,,au-ca20137e35-001,AU,https://www.legislation.gov.au/C2013A00100/asmade/2013-06-29/text/original/pdf,2026-09-15T16:01:43Z,pdf_native,false,raw/au/charities_act_2013/20260915T1601Z__native.pdf,Charities Act 2013,"No. 100, 2013",,,requests,200,raw/au/charities_act_2013/20260915T1601Z__native.pdf.headers.json,application/pdf,75a0b695ef277b6d7e28ce37ff1dedfea6e986658c48ea0f4a65c88e2f64d638,462289,18,,,,corpus AU_corpus_2026-09-19: from AU_ws_2026-09-15,,2013-06-29,,InForce
0.2.0,,au-vsla20169839-001,AU,https://www.legislation.gov.au/C2016A00100/asmade/2016-12-07/text/original/pdf,2026-09-15T16:15:21Z,pdf_native,false,raw/au/vet_student_loans_consequential_amendments_and_transitional_provisions_act_2016/20260915T1615Z__native.pdf,VET Student Loans (Consequential Amendments and Transitional Provisions) Act 2016,"No. 100, 2016",,,requests,200,raw/au/vet_student_loans_consequential_amendments_and_transitional_provisions_act_2016/20260915T1615Z__native.pdf.headers.json,application/pdf,00d3e6cc4f9c7eb001e9546614ab7776470009ccf9662b5d0ee0c9a6ed83f70f,773271,19,,,,corpus AU_corpus_2026-09-19: from AU_ws_2026-09-15,,2016-12-07,,InForce
0.2.0,,au-epa1981-001,AU,https://www.legislation.gov.au/C2004A02478/2026-07-01/2026-07-01/text/original/epub,2026-09-15T14:07:34Z,html,,raw/au/environment_protection_sea_dumping_act_1981/20260915T1407Z__page.html,Environment Protection (Sea Dumping) Act 1981,"No. 101, 1981",,,requests,200,raw/au/environment_protection_sea_dumping_act_1981/20260915T1407Z__page.html.headers.json,text/html,72d6aedb029ddbfdd44ef039282710ccc2476bb8dd6165ed2f87e0a596ecfaa1,305000,,,,,corpus AU_corpus_2026-09-19: from AU_ws_2026-09-15,,1981-06-24,,InForce
0.2.0,,au-igisa1986-001,AU,https://www.legislation.gov.au/C2004A03342/2026-06-04/2026-06-04/text/original/epub,2026-09-15T14:21:05Z,html,,raw/au/inspector_general_of_intelligence_and_security_act_1986/20260915T1421Z__page.html,Inspector-General of Intelligence and Security Act 1986,"No. 101, 1986",,,requests,200,raw/au/inspector_general_of_intelligence_and_security_act_1986/20260915T1421Z__page.html.headers.json,text/html,cd13a739267d3a1f41cfb9a0ef2906902d55c71034fa5996abab8b64e53cf2c0,494414,,,,,corpus AU_corpus_2026-09-19: from AU_ws_2026-09-15,,1986-10-17,,InForce
0.2.0,,au-dhaa1987-001,AU,https://www.legislation.gov.au/C2004A03510/2025-08-29/2025-08-29/text/original/epub,2026-09-15T14:25:47Z,html,,raw/au/defence_housing_australia_act_1987/20260915T1425Z__page.html,Defence Housing Australia Act 1987,"No. 101, 1987",,,requests,200,raw/au/defence_housing_australia_act_1987/20260915T1425Z__page.html.headers.json,text/html,16dde5b59b5ff3daa64813939cd22e2272a5b32fe6d177b344353cb26a178bed,258724,,,,,corpus AU_corpus_2026-09-19: from AU_ws_2026-09-15,,1987-11-06,,InForce
0.2.0,,au-cca2011-001,AU,https://www.legislation.gov.au/C2011A00101/2024-10-14/2024-10-14/text/original/epub,2026-09-15T15:45:50Z,html,,raw/au/carbon_credits_carbon_farming_initiative_act_2011/20260915T1545Z__page.html,Carbon Credits (Carbon Farming Initiative) Act 2011,"No. 101, 2011",,,requests,200,raw/au/carbon_credits_carbon_farming_initiative_act_2011/20260915T1545Z__page.html.headers.json,text/html,ee45fa56300092881e3698761e26de5c4fbc5074e94b8f4a2a3b1cc240c69169,1486031,,,,,corpus AU_corpus_2026-09-19: from AU_ws_2026-09-15,,2011-09-15,,InForce
0.2.0,,au-sfnta2012-001,AU,https://www.legislation.gov.au/C2012A00101/2012-07-16/2012-07-16/text/original/epub,2026-09-15T15:53:17Z,html,,raw/au/stronger_futures_in_the_northern_territory_consequential_and_transitional_provisions_act_2012/20260915T1553Z__page.html,Stronger Futures in the Northern Territory (Consequential and Transitional Provisions) Act 2012,"No. 101, 2012",,,requests,200,raw/au/stronger_futures_in_the_northern_territory_consequential_and_transitional_provisions_act_2012/20260915T1553Z__page.html.headers.json,text/html,424b5d8de2b602ce182c4b273a27d043b2e2b034231f91daf0f6383c944ab7ba,114362,,,,,corpus AU_corpus_2026-09-19: from AU_ws_2026-09-15,,2012-06-29,,InForce
0.2.0,,au-cntia2016-001,AU,https://www.legislation.gov.au/C2016A00101/asmade/2016-12-07/text/original/pdf,2026-09-15T16:15:34Z,pdf_native,false,raw/au/civil_nuclear_transfers_to_india_act_2016/20260915T1615Z__native.pdf,Civil Nuclear Transfers to India Act 2016,"No. 101, 2016",,,requests,200,raw/au/civil_nuclear_transfers_to_india_act_2016/20260915T1615Z__native.pdf.headers.json,application/pdf,7188610609f2eace9c11ce406c62db7f5491d1e664f02ccdc3e78e9964cb94a0,538508,10,,,,corpus AU_corpus_2026-09-19: from AU_ws_2026-09-15,,2016-12-07,,InForce
0.2.0,,au-cea2024-001,AU,https://www.legislation.gov.au/C2024A00101/asmade/2024-12-02/text/original/pdf,2026-09-15T16:45:50Z,pdf_native,false,raw/au/commonwealth_entities_payment_surcharges_act_2024/20260915T1645Z__native.pdf,Commonwealth Entities (Payment Surcharges) Act 2024,"No. 101, 2024",,,requests,200,raw/au/commonwealth_entities_payment_surcharges_act_2024/20260915T1645Z__native.pdf.headers.json,application/pdf,48b12b1a89dd091af4d5d8308c5d44973e8d60b56e631989ca4cba79d122e017,214287,7,,,,corpus AU_corpus_2026-09-19: from AU_ws_2026-09-15,,2024-12-02,,InForce
0.2.0,,au-usncsaa1975-001,AU,https://www.legislation.gov.au/C2004A01412/asmade/1975-09-10/text/original/pdf,2026-09-15T13:51:49Z,pdf_native,false,raw/au/united_states_naval_communication_station_agreement_act_1975/20260915T1351Z__native.pdf,United States Naval Communication Station Agreement Act 1975,"No. 102, 1975",,,requests,200,raw/au/united_states_naval_communication_station_agreement_act_1975/20260915T1351Z__native.pdf.headers.json,application/pdf,cface8fce7f558b9682db09259875df922dfb2af28a4e1647b84f91a0709dfde,676005,8,,,,corpus AU_corpus_2026-09-19: from AU_ws_2026-09-15,,1975-09-10,,InForce
0.2.0,,au-sia1987-001,AU,https://www.legislation.gov.au/C2004A03511/2024-10-14/2024-10-14/text/original/epub,2026-09-15T14:26:00Z,html,,raw/au/sea_installations_act_1987/20260915T1426Z__page.html,Sea Installations Act 1987,"No. 102, 1987",,,requests,200,raw/au/sea_installations_act_1987/20260915T1426Z__page.html.headers.json,text/html,4196d9595843288a15719304bd12333f2779e66126dfd29c1a57d080bf765a2f,305460,,,,,corpus AU_corpus_2026-09-19: from AU_ws_2026-09-15,,1987-11-06,,InForce
0.2.0,,au-psa2000-001,AU,https://www.legislation.gov.au/C2004A00694/2020-09-08/2020-09-08/text/original/epub,2026-09-15T13:32:04Z,html,,raw/au/product_stewardship_oil_act_2000/20260915T1332Z__page.html,Product Stewardship (Oil) Act 2000,"No. 102, 2000",,,requests,200,raw/au/product_stewardship_oil_act_2000/20260915T1332Z__page.html.headers.json,text/html,ab4c7726a02a1824f13de440c8ca28651a0388ecb56f365f6692cf7af5f4d584,93639,,,,,corpus AU_corpus_2026-09-19: from AU_ws_2026-09-15,,2000-07-06,,InForce
0.2.0,,au-hea2020-001,AU,https://www.legislation.gov.au/C2020A00102/asmade/2020-11-20/text/original/pdf,2026-09-15T16:28:54Z,pdf_native,false,raw/au/higher_education_up_front_payments_tuition_protection_levy_act_2020/20260915T1628Z__native.pdf,Higher Education (Up-front Payments Tuition Protection Levy) Act 2020,"No. 102, 2020",,,requests,200,raw/au/higher_education_up_front_payments_tuition_protection_levy_act_2020/20260915T1628Z__native.pdf.headers.json,application/pdf,c5d5f58ecb004892108403a6ebd073cf67c0df2ef35c5ea02529fa09af52cdcb,605394,16,,,,corpus AU_corpus_2026-09-19: from AU_ws_2026-09-15,,2020-11-20,,InForce
0.2.0,,au-ceta2024-001,AU,https://www.legislation.gov.au/C2024A00102/asmade/2024-12-02/text/original/pdf,2026-09-15T16:46:02Z,pdf_native,false,raw/au/commonwealth_entities_payment_surcharges_tax_imposition_act_2024/20260915T1646Z__native.pdf,Commonwealth Entities (Payment Surcharges) Tax (Imposition) Act 2024,"No. 102, 2024",,,requests,200,raw/au/commonwealth_entities_payment_surcharges_tax_imposition_act_2024/20260915T1646Z__native.pdf.headers.json,application/pdf,d73862416efd9489619560db1b4fd3d50bc2e55a02ff79f63c79f73e40b4751f,210739,7,,,,corpus AU_corpus_2026-09-19: from AU_ws_2026-09-15,,2024-12-02,,InForce
0.2.0,,au-gca1957-001,AU,https://www.legislation.gov.au/C1957A00103/2016-10-21/2016-10-21/text/original/epub,2026-09-15T12:54:21Z,html,,raw/au/geneva_conventions_act_1957/20260915T1254Z__page.html,Geneva Conventions Act 1957,"No. 103, 1957",,,requests,200,raw/au/geneva_conventions_act_1957/20260915T1254Z__page.html.headers.json,text/html,4f037920cae8ecb9ca2d30de03c2d7006266486c0c2f63513400ca513c0fe859,1150634,,,,,corpus AU_corpus_2026-09-19: from AU_ws_2026-09-15,,1957-12-18,,InForce
0.2.0,,au-nia1967-001,AU,https://www.legislation.gov.au/C1967A00103/asmade/1967-11-10/text/original/pdf,2026-09-15T13:03:20Z,pdf_native,false,raw/au/nauru_independence_act_1967/20260915T1303Z__native.pdf,Nauru Independence Act 1967,"No. 103, 1967",,,requests,200,raw/au/nauru_independence_act_1967/20260915T1303Z__native.pdf.headers.json,application/pdf,21cc77cbb970eb3a5972b0e5e6c42f1522de1467b37122e2d95ce52107e58797,64494,1,,,,corpus AU_corpus_2026-09-19: from AU_ws_2026-09-15; flags as_made_short_act,,1967-11-10,,InForce
0.2.0,,au-ata1980-001,AU,https://www.legislation.gov.au/C2004A02304/2024-10-14/2024-10-14/text/original/epub,2026-09-15T14:02:45Z,html,,raw/au/antarctic_treaty_environment_protection_act_1980/20260915T1402Z__page.html,Antarctic Treaty (Environment Protection) Act 1980,"No. 103, 1980",,,requests,200,raw/au/antarctic_treaty_environment_protection_act_1980/20260915T1402Z__page.html.headers.json,text/html,46fbe0a3925ac48ab549db19197ddbaebbcc7ad110743a75bcceec46a5b89b75,635002,,,,,corpus AU_corpus_2026-09-19: from AU_ws_2026-09-15,,1980-06-06,,InForce
0.2.0,,au-iasca1992-001,AU,https://www.legislation.gov.au/C2004A04394/2024-03-20/2024-03-20/text/original/epub,2026-09-15T14:45:55Z,html,,raw/au/international_air_services_commission_act_1992/20260915T1445Z__page.html,International Air Services Commission Act 1992,"No. 103, 1992",,,requests,200,raw/au/international_air_services_commission_act_1992/20260915T1445Z__page.html.headers.json,text/html,648b66f854e1ab064c2fd8e15c30aa4da2c25a6d8dcd7c8948bff02366f8e810,205270,,,,,corpus AU_corpus_2026-09-19: from AU_ws_2026-09-15,,1992-06-30,,InForce
0.2.0,,au-fcsla2008-001,AU,https://www.legislation.gov.au/C2008A00103/asmade/2008-10-17/text/original/pdf,2026-09-15T15:31:16Z,pdf_native,false,raw/au/financial_claims_scheme_adis_levy_act_2008/20260915T1531Z__native.pdf,Financial Claims Scheme (ADIs) Levy Act 2008,"No. 103, 2008",,,requests,200,raw/au/financial_claims_scheme_adis_levy_act_2008/20260915T1531Z__native.pdf.headers.json,application/pdf,5090438d62a07b068a3119bab22b1820fed1f3ca1843134df10e6477d498e933,23896,8,,,,corpus AU_corpus_2026-09-19: from AU_ws_2026-09-15,,2008-10-17,,InForce
0.2.0,,au-hwaa2014-001,AU,https://www.legislation.gov.au/C2014A00103/asmade/2014-09-24/text/original/pdf,2026-09-15T16:06:21Z,pdf_native,false,raw/au/health_workforce_australia_abolition_act_2014/20260915T1606Z__native.pdf,Health Workforce Australia (Abolition) Act 2014,"No. 103, 2014",,,requests,200,raw/au/health_workforce_australia_abolition_act_2014/20260915T1606Z__native.pdf.headers.json,application/pdf,83cde9d3754b88c0dac6e521dbaa06ea0a0b55da9ddba5743bf9519955de421f,439793,20,,,,corpus AU_corpus_2026-09-19: from AU_ws_2026-09-15,,2014-09-24,,InForce
0.2.0,,au-fisaa2015-001,AU,https://www.legislation.gov.au/C2015A00103/2024-07-06/2024-07-06/text/original/epub,2026-09-15T16:10:22Z,html,,raw/au/fuel_indexation_road_funding_special_account_act_2015/20260915T1610Z__page.html,Fuel Indexation (Road Funding) Special Account Act 2015,"No. 103, 2015",,,requests,200,raw/au/fuel_indexation_road_funding_special_account_act_2015/20260915T1610Z__page.html.headers.json,text/html,250142f9cd41bc4002e769cb0ea0201716d95ba87ce76e78bc083b4ae1e0ca84,64887,,,,,corpus AU_corpus_2026-09-19: from AU_ws_2026-09-15,,2015-06-30,,InForce
0.2.0,,au-dsia2023-001,AU,https://www.legislation.gov.au/C2023A00103/asmade/2023-11-28/text/original/pdf,2026-09-15T16:40:00Z,pdf_native,false,raw/au/disability_services_and_inclusion_consequential_amendments_and_transitional_provisions_act_2023/20260915T1640Z__native.pdf,Disability Services and Inclusion (Consequential Amendments and Transitional Provisions) Act 2023,"No. 103, 2023",,,requests,200,raw/au/disability_services_and_inclusion_consequential_amendments_and_transitional_provisions_act_2023/20260915T1640Z__native.pdf.headers.json,application/pdf,5ac94b094a18821473a9dcea823759e116d6c240da9ed18143bc153793b1d53e,863162,24,,,,corpus AU_corpus_2026-09-19: from AU_ws_2026-09-15,,2023-11-28,,InForce
0.2.0,,au-prta1971-001,AU,https://www.legislation.gov.au/C1971A00104/asmade/1971-09-01/text/original/pdf,2026-09-15T13:07:33Z,pdf_native,false,raw/au/pay_roll_tax_state_taxation_of_commonwealth_authorities_act_1971/20260915T1307Z__native.pdf,Pay-roll Tax (State Taxation of Commonwealth Authorities) Act 1971,"No. 104, 1971",,,requests,200,raw/au/pay_roll_tax_state_taxation_of_commonwealth_authorities_act_1971/20260915T1307Z__native.pdf.headers.json,application/pdf,4ba880d516978569a1bf407b956957156cf5c33169f6f7cb0b3f5a132c0381a7,94153,2,,,,corpus AU_corpus_2026-09-19: from AU_ws_2026-09-15; flags as_made_short_act,,1971-11-30,,InForce
0.2.0,,au-awma1980-001,AU,https://www.legislation.gov.au/C2004A02305/2016-10-21/2016-10-21/text/original/epub,2026-09-15T14:02:56Z,html,,raw/au/australian_war_memorial_act_1980/20260915T1402Z__page.html,Australian War Memorial Act 1980,"No. 104, 1980",,,requests,200,raw/au/australian_war_memorial_act_1980/20260915T1402Z__page.html.headers.json,text/html,3f148a1a07ea81fc1d7ac273ad43446655fa3f840463d23c68cde2aa754bbcd4,164637,,,,,corpus AU_corpus_2026-09-19: from AU_ws_2026-09-15,,1980-06-06,,InForce
0.2.0,,au-jsoa1984-001,AU,https://www.legislation.gov.au/C2004A02968/2021-09-01/2021-09-01/text/original/epub,2026-09-15T14:14:32Z,html,,raw/au/judicial_and_statutory_officers_remuneration_and_allowances_act_1984/20260915T1414Z__page.html,Judicial and Statutory Officers (Remuneration and Allowances) Act 1984,"No. 104, 1984",,,requests,200,raw/au/judicial_and_statutory_officers_remuneration_and_allowances_act_1984/20260915T1414Z__page.html.headers.json,text/html,1e59558b32627a14861540cca689e02f512e020fc7ce31d6e48415de867e9dae,104367,,,,,corpus AU_corpus_2026-09-19: from AU_ws_2026-09-15,,1984-10-15,,InForce
0.2.0,,au-fsa2001-001,AU,https://www.legislation.gov.au/C2004A00871/2025-02-21/2025-02-21/text/original/epub,2026-09-15T13:38:31Z,html,,raw/au/financial_sector_collection_of_data_act_2001/20260915T1338Z__page.html,Financial Sector (Collection of Data) Act 2001,"No. 104, 2001",,,requests,200,raw/au/financial_sector_collection_of_data_act_2001/20260915T1338Z__page.html.headers.json,text/html,d79d2ebb55742864b7ddee8cf78c14ad2efc373ea1d3c9cc6d661444ae331d12,263222,,,,,corpus AU_corpus_2026-09-19: from AU_ws_2026-09-15,,2001-09-17,,InForce
0.2.0,,au-fcsla2008be7f-001,AU,https://www.legislation.gov.au/C2008A00104/asmade/2008-10-17/text/original/pdf,2026-09-15T15:31:29Z,pdf_native,false,raw/au/financial_claims_scheme_general_insurers_levy_act_2008/20260915T1531Z__native.pdf,Financial Claims Scheme (General Insurers) Levy Act 2008,"No. 104, 2008",,,requests,200,raw/au/financial_claims_scheme_general_insurers_levy_act_2008/20260915T1531Z__native.pdf.headers.json,application/pdf,60c43f80a571123eaf4b75dc42c55bcb752843b6235c5579be8003d9dcab3fd4,24717,9,,,,corpus AU_corpus_2026-09-19: from AU_ws_2026-09-15,,2008-10-17,,InForce
0.2.0,,au-ppla2010-001,AU,https://www.legislation.gov.au/C2010A00104/2026-07-01/2026-07-01/text/original/epub,2026-09-15T15:40:38Z,html,,raw/au/paid_parental_leave_act_2010/20260915T1540Z__page.html,Paid Parental Leave Act 2010,"No. 104, 2010",,,requests,200,raw/au/paid_parental_leave_act_2010/20260915T1540Z__page.html.headers.json,text/html,a32ae0760962b79e23285fd160af0c1bad1039413cc04ba18a998570e01ae50d,1572605,,,,,corpus AU_corpus_2026-09-19: from AU_ws_2026-09-15,,2010-07-14,,InForce
0.2.0,,au-cefca2012-001,AU,https://www.legislation.gov.au/C2012A00104/2023-06-24/2023-06-24/text/original/epub,2026-09-15T15:53:27Z,html,,raw/au/clean_energy_finance_corporation_act_2012/20260915T1553Z__page.html,Clean Energy Finance Corporation Act 2012,"No. 104, 2012",,,requests,200,raw/au/clean_energy_finance_corporation_act_2012/20260915T1553Z__page.html.headers.json,text/html,b8240deae0dbfef8ec0fabd183033fecc10fc630ec60d9ef2cf38602b2c0d25f,251495,,,,,corpus AU_corpus_2026-09-19: from AU_ws_2026-09-15,,2012-07-22,,InForce
0.2.0,,au-pesa2017-001,AU,https://www.legislation.gov.au/C2017A00104/2026-07-01/2026-07-01/text/original/epub,2026-09-15T16:17:57Z,html,,raw/au/product_emissions_standards_act_2017/20260915T1617Z__page.html,Product Emissions Standards Act 2017,"No. 104, 2017",,,requests,200,raw/au/product_emissions_standards_act_2017/20260915T1617Z__page.html.headers.json,text/html,4d9b836ec03dce3026645172906e301602587c81b3274453697cbb6ec6777359,185917,,,,,corpus AU_corpus_2026-09-19: from AU_ws_2026-09-15,,2017-09-14,,InForce
0.2.0,,au-aca2024-001,AU,https://www.legislation.gov.au/C2024A00104/2026-07-01/2026-07-01/text/original/epub,2026-09-15T16:46:12Z,html,,raw/au/aged_care_act_2024/20260915T1646Z__page.html,Aged Care Act 2024,"No. 104, 2024",,,requests,200,raw/au/aged_care_act_2024/20260915T1646Z__page.html.headers.json,text/html,72ef58d7503c6e4afa9dce469e7bf60d9cdb49d7abb19fad90a05d7deb88ea8e,2691798,,,,,corpus AU_corpus_2026-09-19: from AU_ws_2026-09-15,,2024-12-02,,InForce
0.2.0,,au-dfrdba1974-001,AU,https://www.legislation.gov.au/C2004A00163/asmade/1974-07-01/text/original/pdf,2026-09-15T13:15:43Z,pdf_native,false,raw/au/defence_force_retirement_and_death_benefits_pension_increases_act_1974/20260915T1315Z__native.pdf,Defence Force Retirement and Death Benefits (Pension Increases) Act 1974,"No. 105, 1974",,,requests,200,raw/au/defence_force_retirement_and_death_benefits_pension_increases_act_1974/20260915T1315Z__native.pdf.headers.json,application/pdf,4e8f5618a6f22df71ce5421db1ab388f678d022ecfdec429a685414c11932b9e,622518,18,,,,corpus AU_corpus_2026-09-19: from AU_ws_2026-09-15,,1974-11-28,,InForce
0.2.0,,au-laa1981-001,AU,https://www.legislation.gov.au/C2004A02482/2023-10-18/2023-10-18/text/original/epub,2026-09-15T14:07:47Z,html,,raw/au/lands_acquisition_northern_territory_pastoral_leases_act_1981/20260915T1407Z__page.html,Lands Acquisition (Northern Territory Pastoral Leases) Act 1981,"No. 105, 1981",,,requests,200,raw/au/lands_acquisition_northern_territory_pastoral_leases_act_1981/20260915T1407Z__page.html.headers.json,text/html,a83871bfc7de6492d6dd2091e4c659be2c781f7900709430417c0f404d1fed5f,54035,,,,,corpus AU_corpus_2026-09-19: from AU_ws_2026-09-15,,1981-06-24,,InForce
0.2.0,,au-ncaa1984-001,AU,https://www.legislation.gov.au/C2004A02969/asmade/2011-09-16/text/original/pdf,2026-09-15T14:14:43Z,pdf_native,false,raw/au/national_crime_authority_status_and_rights_of_former_chairman_act_1984/20260915T1414Z__native.pdf,National Crime Authority (Status and Rights of Former Chairman) Act 1984,"No. 105, 1984",,,requests,200,raw/au/national_crime_authority_status_and_rights_of_former_chairman_act_1984/20260915T1414Z__native.pdf.headers.json,application/pdf,6f5cf7e765f778a2580016f0258d746dc48a22da9f4fd925b5c19a595ca2a5a1,339969,4,,,,corpus AU_corpus_2026-09-19: from AU_ws_2026-09-15; flags as_made_short_act,,1984-10-15,,InForce
0.2.0,,au-raaa1986-001,AU,https://www.legislation.gov.au/C2004A03346/asmade/1986-07-01/text/original/pdf,2026-09-15T14:21:20Z,pdf_native,false,raw/au/remuneration_and_allowances_alteration_act_1986/20260915T1421Z__native.pdf,Remuneration and Allowances Alteration Act 1986,"No. 105, 1986",,,requests,200,raw/au/remuneration_and_allowances_alteration_act_1986/20260915T1421Z__native.pdf.headers.json,application/pdf,b38c453367919e2db17a160bb4c34122434243cfc5f414ab9d7ab9de6e2d06a9,693543,15,,,,corpus AU_corpus_2026-09-19: from AU_ws_2026-09-15,,1986-10-23,,InForce
0.2.0,,au-bsa1992-001,AU,https://www.legislation.gov.au/C2004A04396/2016-07-01/2016-07-01/text/original/epub,2026-09-15T14:46:05Z,html,,raw/au/broadcasting_services_transitional_provisions_and_consequential_amendments_act_1992/20260915T1446Z__page.html,Broadcasting Services (Transitional Provisions and Consequential Amendments) Act 1992,"No. 105, 1992",,,requests,200,raw/au/broadcasting_services_transitional_provisions_and_consequential_amendments_act_1992/20260915T1446Z__page.html.headers.json,text/html,a4a8ab8e4a9323d7c8d02b3f936b847d498de9d837c443b5151124d008f9d8db,66504,,,,,corpus AU_corpus_2026-09-19: from AU_ws_2026-09-15,,1992-07-09,,InForce
0.2.0,,au-ppla2010bcef-001,AU,https://www.legislation.gov.au/C2010A00105/2013-06-28/2013-06-28/text/original/epub,2026-09-15T15:40:48Z,html,,raw/au/paid_parental_leave_consequential_amendments_act_2010/20260915T1540Z__page.html,Paid Parental Leave (Consequential Amendments) Act 2010,"No. 105, 2010",,,requests,200,raw/au/paid_parental_leave_consequential_amendments_act_2010/20260915T1540Z__page.html.headers.json,text/html,7c3757eadc39988cf19132769409d2d2fcfb7bb5d82833b6309b981af38c8b3e,171040,,,,,corpus AU_corpus_2026-09-19: from AU_ws_2026-09-15,,2010-07-14,,InForce
0.2.0,,au-nvetra2012-001,AU,https://www.legislation.gov.au/C2012A00105/2021-01-01/2021-01-01/text/original/epub,2026-09-15T15:53:40Z,html,,raw/au/national_vocational_education_and_training_regulator_charges_act_2012/20260915T1553Z__page.html,National Vocational Education and Training Regulator (Charges) Act 2012,"No. 105, 2012",,,requests,200,raw/au/national_vocational_education_and_training_regulator_charges_act_2012/20260915T1553Z__page.html.headers.json,text/html,378281b8c853819cd6bf0c90c649079618f04099222ff97c375da8771f630ee3,62762,,,,,corpus AU_corpus_2026-09-19: from AU_ws_2026-09-15,,2012-07-22,,InForce
0.2.0,,au-pesca2017-001,AU,https://www.legislation.gov.au/C2017A00105/asmade/2017-09-14/text/original/pdf,2026-09-15T16:18:11Z,pdf_native,false,raw/au/product_emissions_standards_customs_charges_act_2017/20260915T1618Z__native.pdf,Product Emissions Standards (Customs) Charges Act 2017,"No. 105, 2017",,,requests,200,raw/au/product_emissions_standards_customs_charges_act_2017/20260915T1618Z__native.pdf.headers.json,application/pdf,a526652600cfd934547a6a053896238cd6d21db25865f55c147404066a369bed,494941,7,,,,corpus AU_corpus_2026-09-19: from AU_ws_2026-09-15,,2017-09-14,,InForce
0.2.0,,au-la1978-001,AU,https://www.legislation.gov.au/C2004A01905/asmade/1978-08-30/text/original/pdf,2026-09-15T13:58:05Z,pdf_native,false,raw/au/loan_act_1978/20260915T1358Z__native.pdf,Loan Act 1978,"No. 106, 1978",,,requests,200,raw/au/loan_act_1978/20260915T1358Z__native.pdf.headers.json,application/pdf,3cd80c4c72916e34cdc5a90d875c05ddce42c27571d27de3fc2ce531a3679327,55085,1,,,,corpus AU_corpus_2026-09-19: from AU_ws_2026-09-15; flags as_made_short_act,,1978-08-30,,InForce
0.2.0,,au-acta1988-001,AU,https://www.legislation.gov.au/C2004A03699/2024-12-11/2024-12-11/text/original/epub,2026-09-15T14:29:51Z,html,,raw/au/australian_capital_territory_self_government_act_1988/20260915T1429Z__page.html,Australian Capital Territory (Self-Government) Act 1988,"No. 106, 1988",,,requests,200,raw/au/australian_capital_territory_self_government_act_1988/20260915T1429Z__page.html.headers.json,text/html,7ce0999217e74a131141ab3f75a88317e3927c541bd41fdd4e90cde771e88469,278362,,,,,corpus AU_corpus_2026-09-19: from AU_ws_2026-09-15,,1988-12-06,,InForce
0.2.0,,au-faa1994-001,AU,https://www.legislation.gov.au/C2004A04779/2014-07-01/2014-07-01/text/original/epub,2026-09-15T14:56:42Z,html,,raw/au/financial_agreement_act_1994/20260915T1456Z__page.html,Financial Agreement Act 1994,"No. 106, 1994",,,requests,200,raw/au/financial_agreement_act_1994/20260915T1456Z__page.html.headers.json,text/html,60c843fe5541dfc16f4192c178dea693d21d95f2981f4f423e4c6e399d834161,110985,,,,,corpus AU_corpus_2026-09-19: from AU_ws_2026-09-15,,1994-07-05,,InForce
0.2.0,,au-ca20014800-001,AU,https://www.legislation.gov.au/C2004A00873/2023-10-20/2023-10-20/text/original/epub,2026-09-15T13:38:44Z,html,,raw/au/corporations_compensation_arrangements_levies_act_2001/20260915T1338Z__page.html,Corporations (Compensation Arrangements Levies) Act 2001,"No. 106, 2001",,,requests,200,raw/au/corporations_compensation_arrangements_levies_act_2001/20260915T1338Z__page.html.headers.json,text/html,dffca779b28b1ec463d2ae9167b95b504b5f3a0df9ad30940ea74d4026a7f0c7,33092,,,,,corpus AU_corpus_2026-09-19: from AU_ws_2026-09-15,,2001-09-17,,InForce
0.2.0,,au-pesca2017d484-001,AU,https://www.legislation.gov.au/C2017A00106/asmade/2017-09-14/text/original/pdf,2026-09-15T16:18:21Z,pdf_native,false,raw/au/product_emissions_standards_excise_charges_act_2017/20260915T1618Z__native.pdf,Product Emissions Standards (Excise) Charges Act 2017,"No. 106, 2017",,,requests,200,raw/au/product_emissions_standards_excise_charges_act_2017/20260915T1618Z__native.pdf.headers.json,application/pdf,497594bd9b1f7e326bd08901b836ab27b8c99f62661d19663e4e98494fccad41,500126,7,,,,corpus AU_corpus_2026-09-19: from AU_ws_2026-09-15,,2017-09-14,,InForce
0.2.0,,au-itra1986-001,AU,https://www.legislation.gov.au/C2004A03348/2026-07-01/2026-07-01/text/original/epub,2026-09-15T14:21:34Z,html,,raw/au/income_tax_rates_act_1986/20260915T1421Z__page.html,Income Tax Rates Act 1986,"No. 107, 1986",,,requests,200,raw/au/income_tax_rates_act_1986/20260915T1421Z__page.html.headers.json,text/html,974573358d610e33d6842035633b8c3e24d78186e72677bce6a7cffd6d2a6d5a,489776,,,,,corpus AU_corpus_2026-09-19: from AU_ws_2026-09-15,,1986-11-04,,InForce
0.2.0,,au-daa1999-001,AU,https://www.legislation.gov.au/C2004A00498/2013-03-31/2013-03-31/text/original/epub,2026-09-15T13:27:17Z,html,,raw/au/damage_by_aircraft_act_1999/20260915T1327Z__page.html,Damage by Aircraft Act 1999,"No. 107, 1999",,,requests,200,raw/au/damage_by_aircraft_act_1999/20260915T1327Z__page.html.headers.json,text/html,5dd739832e8575aef6ccee94308f8d37458bc801956b47fdd82993e49566aca0,50024,,,,,corpus AU_corpus_2026-09-19: from AU_ws_2026-09-15,,1999-08-31,,InForce
0.2.0,,au-psa2006-001,AU,https://www.legislation.gov.au/C2006A00107/2023-01-01/2023-01-01/text/original/epub,2026-09-15T15:21:54Z,html,,raw/au/protection_of_the_sea_harmful_anti_fouling_systems_act_2006/20260915T1521Z__page.html,Protection of the Sea (Harmful Anti-fouling Systems) Act 2006,"No. 107, 2006",,,requests,200,raw/au/protection_of_the_sea_harmful_anti_fouling_systems_act_2006/20260915T1521Z__page.html.headers.json,text/html,58e11feff0c8b6fe1d632f6f8d35e4f7e74932f177cf177e306ebb4f1576662d,155523,,,,,corpus AU_corpus_2026-09-19: from AU_ws_2026-09-15,,2006-09-27,,InForce
0.2.0,,au-dsia20235d85-001,AU,https://www.legislation.gov.au/C2023A00107/2024-05-31/2024-05-31/text/original/epub,2026-09-15T16:40:10Z,html,,raw/au/disability_services_and_inclusion_act_2023/20260915T1640Z__page.html,Disability Services and Inclusion Act 2023,"No. 107, 2023",,,requests,200,raw/au/disability_services_and_inclusion_act_2023/20260915T1640Z__page.html.headers.json,text/html,7162364c8ab63d8b40c75c679b4e7e34513b474a731c30beaaad2142971f25b5,191937,,,,,corpus AU_corpus_2026-09-19: from AU_ws_2026-09-15,,2023-12-04,,InForce
0.2.0,,au-ita1986ff48-001,AU,https://www.legislation.gov.au/C2004A03349/2016-05-05/2016-05-05/text/original/epub,2026-09-15T14:21:48Z,html,,raw/au/income_tax_act_1986/20260915T1421Z__page.html,Income Tax Act 1986,"No. 108, 1986",,,requests,200,raw/au/income_tax_act_1986/20260915T1421Z__page.html.headers.json,text/html,b14fb5879a4efb7d7f56089c9024690448c076bddbfecd0f1361a8447c45adc4,62952,,,,,corpus AU_corpus_2026-09-19: from AU_ws_2026-09-15,,1986-11-04,,InForce
0.2.0,,au-acta19887c73-001,AU,https://www.legislation.gov.au/C2004A03701/2018-07-01/2018-07-01/text/original/epub,2026-09-15T14:30:06Z,html,,raw/au/australian_capital_territory_planning_and_land_management_act_1988/20260915T1430Z__page.html,Australian Capital Territory (Planning and Land Management) Act 1988,"No. 108, 1988",,,requests,200,raw/au/australian_capital_territory_planning_and_land_management_act_1988/20260915T1430Z__page.html.headers.json,text/html,5e90b26fd9015c03846f24e35ca1cf28d7be2a6154e596e1324f5cc6640cdca3,255990,,,,,corpus AU_corpus_2026-09-19: from AU_ws_2026-09-15,,1988-12-06,,InForce
0.2.0,,au-ra1983-001,AU,https://www.legislation.gov.au/C2004A02826/asmade/1985-06-04/text/original/pdf,2026-09-15T14:11:08Z,pdf_native,false,raw/au/representation_act_1983/20260915T1411Z__native.pdf,Representation Act 1983,"No. 109, 1983",,,requests,200,raw/au/representation_act_1983/20260915T1411Z__native.pdf.headers.json,application/pdf,a8aa6dfb29ce321adc5cf5ff7656dcc1fdecd0a0b41dbe96f3240f77037f0df2,190711,2,,,,corpus AU_corpus_2026-09-19: from AU_ws_2026-09-15; flags as_made_short_act,,1983-12-08,,InForce
0.2.0,,au-qala1984-001,AU,https://www.legislation.gov.au/C2004A02973/asmade/1984-10-17/text/original/pdf,2026-09-15T14:14:55Z,pdf_native,false,raw/au/qantas_airways_limited_loan_guarantee_act_1984/20260915T1414Z__native.pdf,Qantas Airways Limited (Loan Guarantee) Act 1984,"No. 109, 1984",,,requests,200,raw/au/qantas_airways_limited_loan_guarantee_act_1984/20260915T1414Z__native.pdf.headers.json,application/pdf,753ba7eea74382258617c48de97619e1b7a4e1827b53c8d001bc5bbe9551c824,642798,7,,,,corpus AU_corpus_2026-09-19: from AU_ws_2026-09-15,,1984-10-17,,InForce
0.2.0,,au-palta1985-001,AU,https://www.legislation.gov.au/C2004A03148/asmade/1985-10-16/text/original/pdf,2026-09-15T14:16:24Z,pdf_native,false,raw/au/petermann_aboriginal_land_trust_boundaries_act_1985/20260915T1416Z__native.pdf,Petermann Aboriginal Land Trust (Boundaries) Act 1985,"No. 109, 1985",,,requests,200,raw/au/petermann_aboriginal_land_trust_boundaries_act_1985/20260915T1416Z__native.pdf.headers.json,application/pdf,0413f98502888244c064ad446ae7f8dc3829581879b2fec9ba66e18fc3ddb331,728988,7,,,,corpus AU_corpus_2026-09-19: from AU_ws_2026-09-15,,1985-10-16,,InForce
0.2.0,,au-ctsga1988-001,AU,https://www.legislation.gov.au/C2004A03702/asmade/1999-12-05/text/original/pdf,2026-09-15T14:30:19Z,pdf_native,false,raw/au/a_c_t_self_government_consequential_provisions_act_1988/20260915T1430Z__native.pdf,A.C.T. Self-Government (Consequential Provisions) Act 1988,"No. 109, 1988",,,requests,200,raw/au/a_c_t_self_government_consequential_provisions_act_1988/20260915T1430Z__native.pdf.headers.json,application/pdf,8261a00e95a95f3b29b4bcad6be48e68d1a3d1887505267809b9137191671ec0,2206962,44,,,,corpus AU_corpus_2026-09-19: from AU_ws_2026-09-15,,1988-12-06,,InForce
0.2.0,,au-nhraa2011-001,AU,https://www.legislation.gov.au/C2011A00109/asmade/2011-10-14/text/original/pdf,2026-09-15T15:46:05Z,pdf_native,false,raw/au/national_health_reform_amendment_national_health_performance_authority_act_2011/20260915T1546Z__native.pdf,National Health Reform Amendment (National Health Performance Authority) Act 2011,"No. 109, 2011",,,requests,200,raw/au/national_health_reform_amendment_national_health_performance_authority_act_2011/20260915T1546Z__native.pdf.headers.json,application/pdf,9c6e3ec330ae08ff751d311fe0fb7bd127170fc2418bb30407e8acc0bea87532,434596,66,,,,corpus AU_corpus_2026-09-19: from AU_ws_2026-09-15,,2011-10-14,,InForce
0.2.0,,au-aca2024b42c-001,AU,https://www.legislation.gov.au/C2024A00109/2025-11-01/2025-11-01/text/original/epub,2026-09-15T16:46:22Z,html,,raw/au/aged_care_consequential_and_transitional_provisions_act_2024/20260915T1646Z__page.html,Aged Care (Consequential and Transitional Provisions) Act 2024,"No. 109, 2024",,,requests,200,raw/au/aged_care_consequential_and_transitional_provisions_act_2024/20260915T1646Z__page.html.headers.json,text/html,f8892659804ada2e3232399b076e4590e3ec35752b55d8608936363d8bf0ff12,391668,,,,,corpus AU_corpus_2026-09-19: from AU_ws_2026-09-15,,2024-12-10,,InForce
0.2.0,,au-mia1909-001,AU,https://www.legislation.gov.au/C1909A00011/asmade/2008-07-04/text/original/pdf,2026-09-15T12:39:32Z,pdf_native,false,raw/au/marine_insurance_act_1909/20260915T1239Z__native.pdf,Marine Insurance Act 1909,"No. 11, 1909",,,requests,200,raw/au/marine_insurance_act_1909/20260915T1239Z__native.pdf.headers.json,application/pdf,a666dbe2935ba79226be178b9616502c378cc5e760049deb53be62703e13b9fa,2605991,24,,,,corpus AU_corpus_2026-09-19: from AU_ws_2026-09-15,,1909-11-11,,InForce
0.2.0,,au-ca1976854b-001,AU,https://www.legislation.gov.au/C2004A01649/2018-05-11/2018-05-11/text/original/epub,2026-09-15T13:54:50Z,html,,raw/au/crimes_biological_weapons_act_1976/20260915T1354Z__page.html,Crimes (Biological Weapons) Act 1976,"No. 11, 1977",,,requests,200,raw/au/crimes_biological_weapons_act_1976/20260915T1354Z__page.html.headers.json,text/html,f0743df5ca0e222e74cd06a5342626fcca9b8d9c9fc416f77f90873cc8a27899,84811,,,,,corpus AU_corpus_2026-09-19: from AU_ws_2026-09-15,,1977-02-28,,InForce
0.2.0,,au-pmcha1986-001,AU,https://www.legislation.gov.au/C2004A03252/2024-10-14/2024-10-14/text/original/epub,2026-09-15T14:18:55Z,html,,raw/au/protection_of_movable_cultural_heritage_act_1986/20260915T1418Z__page.html,Protection of Movable Cultural Heritage Act 1986,"No. 11, 1986",,,requests,200,raw/au/protection_of_movable_cultural_heritage_act_1986/20260915T1418Z__page.html.headers.json,text/html,b6d0e81bd275e982db2dfffbe8e22437924b6f240b64efd4c41af7339ad54e48,234447,,,,,corpus AU_corpus_2026-09-19: from AU_ws_2026-09-15,,1986-05-13,,InForce
0.2.0,,au-ftdta19986625-001,AU,https://www.legislation.gov.au/C2004A05324/2011-06-27/2011-06-27/text/original/epub,2026-09-15T15:13:34Z,html,,raw/au/family_trust_distribution_tax_secondary_liability_act_1998/20260915T1513Z__page.html,Family Trust Distribution Tax (Secondary Liability) Act 1998,"No. 11, 1998",,,requests,200,raw/au/family_trust_distribution_tax_secondary_liability_act_1998/20260915T1513Z__page.html.headers.json,text/html,bdaa706a6e5b1c7b596f0c3113204b2bd467480aaf8f6d59edafea2e0ce4986f,13251,,,,,corpus AU_corpus_2026-09-19: from AU_ws_2026-09-15,,1998-04-06,,InForce
0.2.0,,au-drsa2001-001,AU,https://www.legislation.gov.au/C2004A00776/2024-10-14/2024-10-14/text/original/epub,2026-09-15T13:35:54Z,html,,raw/au/defence_reserve_service_protection_act_2001/20260915T1335Z__page.html,Defence Reserve Service (Protection) Act 2001,"No. 11, 2001",,,requests,200,raw/au/defence_reserve_service_protection_act_2001/20260915T1335Z__page.html.headers.json,text/html,46b0f584ba04448cd9be034e1873922166895a440ab81a75d80a6d7d43574bcc,398402,,,,,corpus AU_corpus_2026-09-19: from AU_ws_2026-09-15,,2001-03-22,,InForce
0.2.0,,au-sa2007-001,AU,https://www.legislation.gov.au/C2007A00011/2014-06-25/2014-06-25/text/original/epub,2026-09-15T15:24:23Z,html,,raw/au/superannuation_excess_non_concessional_contributions_tax_act_2007/20260915T1524Z__page.html,Superannuation (Excess Non-concessional Contributions Tax) Act 2007,"No. 11, 2007",,,requests,200,raw/au/superannuation_excess_non_concessional_contributions_tax_act_2007/20260915T1524Z__page.html.headers.json,text/html,57fa4663f993526207a3862e71bf355ddcceb97a595c7376213c076ed8eba2d8,31951,,,,,corpus AU_corpus_2026-09-19: from AU_ws_2026-09-15,,2007-03-15,,InForce
0.2.0,,au-ffra2009-001,AU,https://www.legislation.gov.au/C2009A00011/2024-12-11/2024-12-11/text/original/epub,2026-09-15T15:34:00Z,html,,raw/au/federal_financial_relations_act_2009/20260915T1534Z__page.html,Federal Financial Relations Act 2009,"No. 11, 2009",,,requests,200,raw/au/federal_financial_relations_act_2009/20260915T1534Z__page.html.headers.json,text/html,2bf15b644ed45838f2fe780797c85f3495f8b2fd6994b1b9bd4f447622ce41c8,180437,,,,,corpus AU_corpus_2026-09-19: from AU_ws_2026-09-15,,2009-03-26,,InForce
0.2.0,,au-afa2010-001,AU,https://www.legislation.gov.au/C2010A00011/2018-07-01/2018-07-01/text/original/epub,2026-09-15T15:37:57Z,html,,raw/au/astronomical_functions_act_2010/20260915T1537Z__page.html,Astronomical Functions Act 2010,"No. 11, 2010",,,requests,200,raw/au/astronomical_functions_act_2010/20260915T1537Z__page.html.headers.json,text/html,101e1f045f4944dba434c1b146cbbf368e526f0eb7133331f9def8642ab89592,53807,,,,,corpus AU_corpus_2026-09-19: from AU_ws_2026-09-15,,2010-03-11,,InForce
0.2.0,,au-esosa2012-001,AU,https://www.legislation.gov.au/C2012A00011/2022-01-01/2022-01-01/text/original/epub,2026-09-15T15:49:32Z,html,,raw/au/education_services_for_overseas_students_tps_levies_act_2012/20260915T1549Z__page.html,Education Services for Overseas Students (TPS Levies) Act 2012,"No. 11, 2012",,,requests,200,raw/au/education_services_for_overseas_students_tps_levies_act_2012/20260915T1549Z__page.html.headers.json,text/html,fb41d0d0bc41eb40c9d1352fca9b21d76c1b1ebb437941f7b5d9ec7cf3bdb215,83728,,,,,corpus AU_corpus_2026-09-19: from AU_ws_2026-09-15,,2012-03-20,,InForce
0.2.0,,au-opggsaa2013-001,AU,https://www.legislation.gov.au/C2013A00011/2014-07-18/2014-07-18/text/original/epub,2026-09-15T15:57:44Z,html,,raw/au/offshore_petroleum_and_greenhouse_gas_storage_amendment_compliance_measures_act_2013/20260915T1557Z__page.html,Offshore Petroleum and Greenhouse Gas Storage Amendment (Compliance Measures) Act 2013,"No. 11, 2013",,,requests,200,raw/au/offshore_petroleum_and_greenhouse_gas_storage_amendment_compliance_measures_act_2013/20260915T1557Z__page.html.headers.json,text/html,7363a542de6a3564fffde1d9806e9a5e96c7a56cb9d234d2b65dfec1b8628f35,487049,,,,,corpus AU_corpus_2026-09-19: from AU_ws_2026-09-15,,2013-03-14,,InForce
0.2.0,,au-ilra2016-001,AU,https://www.legislation.gov.au/C2016A00011/asmade/2016-02-29/text/original/pdf,2026-09-15T16:12:54Z,pdf_native,false,raw/au/insolvency_law_reform_act_2016/20260915T1612Z__native.pdf,Insolvency Law Reform Act 2016,"No. 11, 2016",,,requests,200,raw/au/insolvency_law_reform_act_2016/20260915T1612Z__native.pdf.headers.json,application/pdf,d19a72bb919cea693636711ed319829b4d02a6f721841c8f4af725b9df297fcf,3302177,395,,,,corpus AU_corpus_2026-09-19: from AU_ws_2026-09-15,,2016-02-29,,InForce
0.2.0,,au-data2022-001,AU,https://www.legislation.gov.au/C2022A00011/2024-12-11/2024-12-11/text/original/epub,2026-09-15T12:34:23Z,html,,raw/au/data_availability_and_transparency_act_2022/20260915T1234Z__page.html,Data Availability and Transparency Act 2022,"No. 11, 2022",P7,P7-I5,requests,200,raw/au/data_availability_and_transparency_act_2022/20260915T1234Z__page.html.headers.json,text/html,2f4b8432ed1604eb4b3337019ebc11c4f0c6616abd7411d6953a7530f913f5df,695934,,,,,corpus AU_corpus_2026-09-19: from AU_ws_2026-09-15,,2022-03-31,,InForce
0.2.0,,au-mla1986-001,AU,https://www.legislation.gov.au/C2004A03351/2026-07-01/2026-07-01/text/original/epub,2026-09-15T14:22:01Z,html,,raw/au/medicare_levy_act_1986/20260915T1422Z__page.html,Medicare Levy Act 1986,"No. 110, 1986",,,requests,200,raw/au/medicare_levy_act_1986/20260915T1422Z__page.html.headers.json,text/html,0cd7fd2fd83f79e679740f02b6ac6e4fc6a14e2c303079e7fdec487223539abc,220289,,,,,corpus AU_corpus_2026-09-19: from AU_ws_2026-09-15,,1986-11-04,,InForce
0.2.0,,au-bsa1992c8a4-001,AU,https://www.legislation.gov.au/C2004A04401/2025-12-05/2025-12-05/text/original/epub,2026-09-15T14:46:19Z,html,,raw/au/broadcasting_services_act_1992/20260915T1446Z__page.html,Broadcasting Services Act 1992,"No. 110, 1992",,,requests,200,raw/au/broadcasting_services_act_1992/20260915T1446Z__page.html.headers.json,text/html,9a11f62c93e3aaa1aec31873535715267542c3bdb9cc1c81f29d8ca201ab8e2e,4775140,,,,,corpus AU_corpus_2026-09-19: from AU_ws_2026-09-15,,1992-07-14,,InForce
0.2.0,,au-nta1993-001,AU,https://www.legislation.gov.au/C2004A04665/2024-06-12/2024-06-12/text/original/epub,2026-09-15T14:53:13Z,html,,raw/au/native_title_act_1993/20260915T1453Z__page.html,Native Title Act 1993,"No. 110, 1993",,,requests,200,raw/au/native_title_act_1993/20260915T1453Z__page.html.headers.json,text/html,7e463fb67fc3f8fa366a57bd79cb3a76acf09f4fb8d35196f7df405c97ad7a6f,2820681,,,,,corpus AU_corpus_2026-09-19: from AU_ws_2026-09-15,,1993-12-24,,InForce
0.2.0,,au-pbsra1994-001,AU,https://www.legislation.gov.au/C2004A04783/2024-10-14/2024-10-14/text/original/epub,2026-09-15T14:56:56Z,html,,raw/au/plant_breeder_s_rights_act_1994/20260915T1456Z__page.html,Plant Breeder's Rights Act 1994,"No. 110, 1994",,,requests,200,raw/au/plant_breeder_s_rights_act_1994/20260915T1456Z__page.html.headers.json,text/html,c6b53085d222c2f29396f384145628d0785dd1cc1c7dd0f6bd2ef83daa3cce9a,535919,,,,,corpus AU_corpus_2026-09-19: from AU_ws_2026-09-15,,1994-09-05,,InForce
0.2.0,,au-ntsa19994fe8-001,AU,https://www.legislation.gov.au/C2004A00502/asmade/2009-07-01/text/original/pdf,2026-09-15T13:27:28Z,pdf_native,false,raw/au/a_new_tax_system_managing_the_gst_rate_and_base_act_1999/20260915T1327Z__native.pdf,A New Tax System (Managing the GST Rate and Base) Act 1999,"No. 110, 1999",,,requests,200,raw/au/a_new_tax_system_managing_the_gst_rate_and_base_act_1999/20260915T1327Z__native.pdf.headers.json,application/pdf,8778375cd053549a36873d906904db167cb7e1c7bcbb72af0d4987dad2affaa6,166574,63,,,,corpus AU_corpus_2026-09-19: from AU_ws_2026-09-15; flags renamed_since_enactment,,1999-09-10,,InForce
0.2.0,,au-prta2002-001,AU,https://www.legislation.gov.au/C2004A01047/2018-01-01/2018-01-01/text/original/epub,2026-09-15T13:40:47Z,html,,raw/au/parliamentary_retirement_travel_act_2002/20260915T1340Z__page.html,Parliamentary Retirement Travel Act 2002,"No. 110, 2002",,,requests,200,raw/au/parliamentary_retirement_travel_act_2002/20260915T1340Z__page.html.headers.json,text/html,08162624706a19ec91d11bc84f0218af37d9c27c861f92e9d64d95ac34d5758c,210521,,,,,corpus AU_corpus_2026-09-19: from AU_ws_2026-09-15,,2002-12-02,,InForce
0.2.0,,au-sa2003-001,AU,https://www.legislation.gov.au/C2004A01195/2018-07-01/2018-07-01/text/original/epub,2026-09-15T13:45:36Z,html,,raw/au/superannuation_government_co_contribution_for_low_income_earners_act_2003/20260915T1345Z__page.html,Superannuation (Government Co-contribution for Low Income Earners) Act 2003,"No. 110, 2003",,,requests,200,raw/au/superannuation_government_co_contribution_for_low_income_earners_act_2003/20260915T1345Z__page.html.headers.json,text/html,9650ce1e9a302cf83d0d80ecb83656ceb971a104e24d3c3a6694d56346607ddf,308255,,,,,corpus AU_corpus_2026-09-19: from AU_ws_2026-09-15,,2003-11-12,,InForce
0.2.0,,au-ma2007-001,AU,https://www.legislation.gov.au/C2007A00110/asmade/2007-06-28/text/original/pdf,2026-09-15T15:27:09Z,pdf_native,false,raw/au/migration_sponsorship_fees_act_2007/20260915T1527Z__native.pdf,Migration (Sponsorship Fees) Act 2007,"No. 110, 2007",,,requests,200,raw/au/migration_sponsorship_fees_act_2007/20260915T1527Z__native.pdf.headers.json,application/pdf,f30398441fe3d5398b8ddc2fac93a0973e1beedbbdafe17b4664085d55b12f62,16681,6,,,,corpus AU_corpus_2026-09-19: from AU_ws_2026-09-15,,2007-06-28,,InForce
0.2.0,,au-cba2017-001,AU,https://www.legislation.gov.au/C2017A00110/asmade/2017-07-01/text/original/pdf,2026-09-15T16:18:32Z,pdf_native,false,raw/au/commercial_broadcasting_tax_act_2017/20260915T1618Z__native.pdf,Commercial Broadcasting (Tax) Act 2017,"No. 110, 2017",,,requests,200,raw/au/commercial_broadcasting_tax_act_2017/20260915T1618Z__native.pdf.headers.json,application/pdf,ac6014c11c99f0e017f95df8fd49a58591e435bdde70492b81e3922eb39a21db,623938,17,,,,corpus AU_corpus_2026-09-19: from AU_ws_2026-09-15,,2017-09-18,,InForce
0.2.0,,au-amlctfaa2024-001,AU,https://www.legislation.gov.au/C2024A00110/asmade/2024-12-10/text/original/pdf,2026-09-15T16:46:36Z,pdf_native,false,raw/au/anti_money_laundering_and_counter_terrorism_financing_amendment_act_2024/20260915T1646Z__native.pdf,Anti-Money Laundering and Counter-Terrorism Financing Amendment Act 2024,"No. 110, 2024",,,requests,200,raw/au/anti_money_laundering_and_counter_terrorism_financing_amendment_act_2024/20260915T1646Z__native.pdf.headers.json,application/pdf,0b1eb56b2134a0748d32204f67c7b4e9fc46a17253b41140596d048378c9804b,683137,172,,,,corpus AU_corpus_2026-09-19: from AU_ws_2026-09-15,,2024-12-10,,InForce
0.2.0,,au-sga1992-001,AU,https://www.legislation.gov.au/C2004A04402/2026-07-01/2026-07-01/text/original/epub,2026-09-15T14:46:31Z,html,,raw/au/superannuation_guarantee_administration_act_1992/20260915T1446Z__page.html,Superannuation Guarantee (Administration) Act 1992,"No. 111, 1992",,,requests,200,raw/au/superannuation_guarantee_administration_act_1992/20260915T1446Z__page.html.headers.json,text/html,e4c944f2076320121ad59d5d1849b19098d49d773bf848b43d2a7e98ab6ea8f7,732427,,,,,corpus AU_corpus_2026-09-19: from AU_ws_2026-09-15,,1992-08-21,,InForce
0.2.0,,au-cva1997-001,AU,https://www.legislation.gov.au/C2004A05201/1999-12-05/1999-12-05/text/original/epub,2026-09-15T15:09:59Z,html,,raw/au/commonwealth_vehicles_registration_and_exemption_from_taxation_act_1997/20260915T1509Z__page.html,Commonwealth Vehicles (Registration and Exemption from Taxation) Act 1997,"No. 111, 1997",,,requests,200,raw/au/commonwealth_vehicles_registration_and_exemption_from_taxation_act_1997/20260915T1509Z__page.html.headers.json,text/html,4b9b7120c049811cb8f60a3554a5111b3f2642065272083afda061af867958bf,55721,,,,,corpus AU_corpus_2026-09-19: from AU_ws_2026-09-15,,1997-07-07,,InForce
0.2.0,,au-miaa2002-001,AU,https://www.legislation.gov.au/C2004A01048/asmade/2002-12-02/text/original/pdf,2026-09-15T13:40:58Z,pdf_native,false,raw/au/medical_indemnity_agreement_financial_assistance_binding_commonwealth_obligations_act_2002/20260915T1340Z__native.pdf,Medical Indemnity Agreement (Financial Assistance—Binding Commonwealth Obligations) Act 2002,"No. 111, 2002",,,requests,200,raw/au/medical_indemnity_agreement_financial_assistance_binding_commonwealth_obligations_act_2002/20260915T1340Z__native.pdf.headers.json,application/pdf,1c8d501d3b6a5f82aa29d5e0b53279a47cc12084a6073408a2ee1d0aa172f189,26121,9,,,,corpus AU_corpus_2026-09-19: from AU_ws_2026-09-15,,2002-12-02,,InForce
0.2.0,,au-bswatpsa2015-001,AU,https://www.legislation.gov.au/C2015A00111/2020-11-27/2020-11-27/text/original/epub,2026-09-15T16:10:36Z,html,,raw/au/business_services_wage_assessment_tool_payment_scheme_act_2015/20260915T1610Z__page.html,Business Services Wage Assessment Tool Payment Scheme Act 2015,"No. 111, 2015",,,requests,200,raw/au/business_services_wage_assessment_tool_payment_scheme_act_2015/20260915T1610Z__page.html.headers.json,text/html,198c6195b31fa23fa0d3f4f3519cd26e01b685a08dbec668ecfc47992ccf7c97,342479,,,,,corpus AU_corpus_2026-09-19: from AU_ws_2026-09-15,,2015-06-30,,InForce
0.2.0,,au-ita1981-001,AU,https://www.legislation.gov.au/C2004A02489/asmade/1981-06-24/text/original/pdf,2026-09-15T14:08:00Z,pdf_native,false,raw/au/income_tax_diverted_income_act_1981/20260915T1408Z__native.pdf,Income Tax (Diverted Income) Act 1981,"No. 112, 1981",,,requests,200,raw/au/income_tax_diverted_income_act_1981/20260915T1408Z__native.pdf.headers.json,application/pdf,8fd88d460afc10226fb34e2770f2b07ec65ebc7efb8a0112f1232d23aed769b8,638826,6,,,,corpus AU_corpus_2026-09-19: from AU_ws_2026-09-15,,1981-06-24,,InForce
0.2.0,,au-fja1991-001,AU,https://www.legislation.gov.au/C2004A04187/2022-02-18/2022-02-18/text/original/epub,2026-09-15T14:40:02Z,html,,raw/au/foreign_judgments_act_1991/20260915T1440Z__page.html,Foreign Judgments Act 1991,"No. 112, 1991",,,requests,200,raw/au/foreign_judgments_act_1991/20260915T1440Z__page.html.headers.json,text/html,67d45cb66579ce530f579333e4338c0f8528d7fb4dde5aac5db6717694d37425,124072,,,,,corpus AU_corpus_2026-09-19: from AU_ws_2026-09-15,,1991-06-27,,InForce
0.2.0,,au-nccpa2009-001,AU,https://www.legislation.gov.au/C2009A00112/2022-06-22/2022-06-22/text/original/epub,2026-09-15T15:36:25Z,html,,raw/au/national_consumer_credit_protection_fees_act_2009/20260915T1536Z__page.html,National Consumer Credit Protection (Fees) Act 2009,"No. 112, 2009",,,requests,200,raw/au/national_consumer_credit_protection_fees_act_2009/20260915T1536Z__page.html.headers.json,text/html,99add9317e3b4d10e4ed4afccbbeeff401ee49ec2744ac854770fd706fa661ec,57855,,,,,corpus AU_corpus_2026-09-19: from AU_ws_2026-09-15,,2009-11-16,,InForce
0.2.0,,au-eiaca2023-001,AU,https://www.legislation.gov.au/C2023A00112/asmade/2023-12-08/text/original/pdf,2026-09-15T16:40:25Z,pdf_native,false,raw/au/economic_inclusion_advisory_committee_act_2023/20260915T1640Z__native.pdf,Economic Inclusion Advisory Committee Act 2023,"No. 112, 2023",,,requests,200,raw/au/economic_inclusion_advisory_committee_act_2023/20260915T1640Z__native.pdf.headers.json,application/pdf,7ff0cd79c750550b1636a5bc82c9c564c5a672a3e16c4ac7bb0f5d00821d7b21,660582,20,,,,corpus AU_corpus_2026-09-19: from AU_ws_2026-09-15,,2023-12-08,,InForce
0.2.0,,au-cwa2024-001,AU,https://www.legislation.gov.au/C2024A00112/asmade/2024-12-10/text/original/pdf,2026-09-15T16:46:47Z,pdf_native,false,raw/au/capital_works_build_to_rent_misuse_tax_act_2024/20260915T1646Z__native.pdf,Capital Works (Build to Rent Misuse Tax) Act 2024,"No. 112, 2024",,,requests,200,raw/au/capital_works_build_to_rent_misuse_tax_act_2024/20260915T1646Z__native.pdf.headers.json,application/pdf,1f1c49f05d7739716f249400a0826aaac88424a04ebd1459280192f804bb4773,210940,6,,,,corpus AU_corpus_2026-09-19: from AU_ws_2026-09-15,,2024-12-10,,InForce
0.2.0,,au-asioa1979-001,AU,https://www.legislation.gov.au/C2004A02123/2026-08-27/2026-08-27/text/original/epub,2026-09-15T12:33:57Z,html,,raw/au/australian_security_intelligence_organisation_act_1979/20260915T1233Z__page.html,Australian Security Intelligence Organisation Act 1979,"No. 113, 1979",P7,P7-I5,requests,200,raw/au/australian_security_intelligence_organisation_act_1979/20260915T1233Z__page.html.headers.json,text/html,1b5f26086ed7635e7a3f7160880787da729cf629c5fcfbd1e5343cd2bbddb0af,1850856,,,,,corpus AU_corpus_2026-09-19: from AU_ws_2026-09-15,,1979-10-25,,InForce
0.2.0,,au-dppa1983-001,AU,https://www.legislation.gov.au/C2004A02830/2026-08-27/2026-08-27/text/original/epub,2026-09-15T14:11:20Z,html,,raw/au/director_of_public_prosecutions_act_1983/20260915T1411Z__page.html,Director of Public Prosecutions Act 1983,"No. 113, 1983",,,requests,200,raw/au/director_of_public_prosecutions_act_1983/20260915T1411Z__page.html.headers.json,text/html,948e66efd52fa3f6a48e4ceb05236f52cdd8da8326f3640f4d535eed69bdb606,306441,,,,,corpus AU_corpus_2026-09-19: from AU_ws_2026-09-15,,1983-12-14,,InForce
0.2.0,,au-sga1971-001,AU,https://www.legislation.gov.au/C1971A00114/asmade/1971-12-09/text/original/pdf,2026-09-15T13:07:46Z,pdf_native,false,raw/au/states_grants_secondary_schools_libraries_act_1971/20260915T1307Z__native.pdf,States Grants (Secondary Schools Libraries) Act 1971,"No. 114, 1971",,,requests,200,raw/au/states_grants_secondary_schools_libraries_act_1971/20260915T1307Z__native.pdf.headers.json,application/pdf,8320eaaefd2a0351d46561dfa2c21cc9f34aabb301e34ac66ee16f328839ef69,317364,4,,,,corpus AU_corpus_2026-09-19: from AU_ws_2026-09-15; flags as_made_short_act,,1971-12-09,,InForce
0.2.0,,au-rsta1973-001,AU,https://www.legislation.gov.au/C2004A00044/asmade/1973-10-19/text/original/pdf,2026-09-15T13:12:50Z,pdf_native,false,raw/au/royal_style_and_titles_act_1973/20260915T1312Z__native.pdf,Royal Style and Titles Act 1973,"No. 114, 1973",,,requests,200,raw/au/royal_style_and_titles_act_1973/20260915T1312Z__native.pdf.headers.json,application/pdf,c2c83d3477716bcab320988146a9d203fae444631da27879b8f06a9e1b09ee15,73627,2,,,,corpus AU_corpus_2026-09-19: from AU_ws_2026-09-15; flags short_principal,,1973-10-19,,InForce
0.2.0,,au-ta1979-001,AU,https://www.legislation.gov.au/C2004A02124/2026-08-27/2026-08-27/text/original/epub,2026-09-15T12:34:11Z,html,,raw/au/telecommunications_interception_and_access_act_1979/20260915T1234Z__page.html,Telecommunications (Interception and Access) Act 1979,"No. 114, 1979",P7,"P7-I3,P7-I5",requests,200,raw/au/telecommunications_interception_and_access_act_1979/20260915T1234Z__page.html.headers.json,text/html,be27c2def1cbd5836640d8087df7a8f1e11ffb666a64012aadf8eac82e9772a0,3891041,,,,,corpus AU_corpus_2026-09-19: from AU_ws_2026-09-15,,1979-10-25,,InForce
0.2.0,,au-qala1985-001,AU,https://www.legislation.gov.au/C2004A03153/asmade/1985-10-21/text/original/pdf,2026-09-15T14:16:33Z,pdf_native,false,raw/au/qantas_airways_limited_loan_guarantee_act_1985/20260915T1416Z__native.pdf,Qantas Airways Limited (Loan Guarantee) Act 1985,"No. 114, 1985",,,requests,200,raw/au/qantas_airways_limited_loan_guarantee_act_1985/20260915T1416Z__native.pdf.headers.json,application/pdf,48f9d9acebcb7af662f89250e3450cee87981220769d9df9984addb7317f5e35,642845,8,,,,corpus AU_corpus_2026-09-19: from AU_ws_2026-09-15,,1985-10-21,,InForce
0.2.0,,au-tasa20094ac4-001,AU,https://www.legislation.gov.au/C2009A00114/asmade/2009-11-16/text/original/pdf,2026-09-15T15:36:37Z,pdf_native,false,raw/au/tax_agent_services_transitional_provisions_and_consequential_amendments_act_2009/20260915T1536Z__native.pdf,Tax Agent Services (Transitional Provisions and Consequential Amendments) Act 2009,"No. 114, 2009",,,requests,200,raw/au/tax_agent_services_transitional_provisions_and_consequential_amendments_act_2009/20260915T1536Z__native.pdf.headers.json,application/pdf,72e69fbf54d19706f4afa7ba6740457c8af0395632c839da9ee381eedbdb5461,91818,35,,,,corpus AU_corpus_2026-09-19: from AU_ws_2026-09-15,,2009-11-16,,InForce
0.2.0,,au-nmaa1980-001,AU,https://www.legislation.gov.au/C2004A02316/2021-05-01/2021-05-01/text/original/epub,2026-09-15T14:03:10Z,html,,raw/au/national_museum_of_australia_act_1980/20260915T1403Z__page.html,National Museum of Australia Act 1980,"No. 115, 1980",,,requests,200,raw/au/national_museum_of_australia_act_1980/20260915T1403Z__page.html.headers.json,text/html,7bb51be43a9ae2ebeaf2866d840022c1bd11bfff1f4cf11a63ebaf151c218a3b,198377,,,,,corpus AU_corpus_2026-09-19: from AU_ws_2026-09-15,,1980-09-08,,InForce
0.2.0,,au-eaa2000-001,AU,https://www.legislation.gov.au/C2004A00707/asmade/2000-09-05/text/original/pdf,2026-09-15T13:32:18Z,pdf_native,false,raw/au/excise_amendment_compliance_improvement_act_2000/20260915T1332Z__native.pdf,Excise Amendment (Compliance Improvement) Act 2000,"No. 115, 2000",,,requests,200,raw/au/excise_amendment_compliance_improvement_act_2000/20260915T1332Z__native.pdf.headers.json,application/pdf,c2f2761216decbee2482530b8d520188a1628362fb1316f3f46df9d29f6b4d90,123229,53,,,,corpus AU_corpus_2026-09-19: from AU_ws_2026-09-15,,2000-09-07,,InForce
0.2.0,,au-ivsa2023-001,AU,https://www.legislation.gov.au/C2023A00115/2024-12-11/2024-12-11/text/original/epub,2026-09-15T16:40:36Z,html,,raw/au/identity_verification_services_act_2023/20260915T1640Z__page.html,Identity Verification Services Act 2023,"No. 115, 2023",,,requests,200,raw/au/identity_verification_services_act_2023/20260915T1640Z__page.html.headers.json,text/html,436bd1ee1454088fb595a8d82c2ecbb35c527ba917adcfe6a39b84e644df73a9,260600,,,,,corpus AU_corpus_2026-09-19: from AU_ws_2026-09-15,,2023-12-14,,InForce
0.2.0,,au-ca1964-001,AU,https://www.legislation.gov.au/C1964A00116/asmade/2014-10-03/text/original/pdf,2026-09-15T13:00:26Z,pdf_native,false,raw/au/crimes_overseas_act_1964/20260915T1300Z__native.pdf,Crimes (Overseas) Act 1964,"No. 116, 1964",,,requests,200,raw/au/crimes_overseas_act_1964/20260915T1300Z__native.pdf.headers.json,application/pdf,8d5c21974f55324989e1ba79b89312b7d066ab6421eb7038698ae57315612f54,283232,3,,,,corpus AU_corpus_2026-09-19: from AU_ws_2026-09-15; flags as_made_short_act,,1964-11-23,,InForce
0.2.0,,au-mrffa2015-001,AU,https://www.legislation.gov.au/C2015A00116/2024-07-06/2024-07-06/text/original/epub,2026-09-15T16:10:49Z,html,,raw/au/medical_research_future_fund_act_2015/20260915T1610Z__page.html,Medical Research Future Fund Act 2015,"No. 116, 2015",,,requests,200,raw/au/medical_research_future_fund_act_2015/20260915T1610Z__page.html.headers.json,text/html,58010040e2ae8b8313dcf6522fb5b533fee61691e5bebda56e1e839e71015a3a,268878,,,,,corpus AU_corpus_2026-09-19: from AU_ws_2026-09-15,,2015-08-26,,InForce
0.2.0,,au-asfra2020-001,AU,https://www.legislation.gov.au/C2020A00116/asmade/2020-12-10/text/original/pdf,2026-09-15T16:29:05Z,pdf_native,false,raw/au/australia_s_foreign_relations_state_and_territory_arrangements_act_2020/20260915T1629Z__native.pdf,Australia’s Foreign Relations (State and Territory Arrangements) Act 2020,"No. 116, 2020",,,requests,200,raw/au/australia_s_foreign_relations_state_and_territory_arrangements_act_2020/20260915T1629Z__native.pdf.headers.json,application/pdf,54cf4df57898e9b2f7c2645a34c4b068961f2858cb494eaaaa90901b7dba5b48,1081888,88,,,,corpus AU_corpus_2026-09-19: from AU_ws_2026-09-15,,2020-12-10,,InForce
0.2.0,,au-opggsa2003-001,AU,https://www.legislation.gov.au/C2004A01202/2022-03-02/2022-03-02/text/original/epub,2026-09-15T13:45:51Z,html,,raw/au/offshore_petroleum_and_greenhouse_gas_storage_regulatory_levies_act_2003/20260915T1345Z__page.html,Offshore Petroleum and Greenhouse Gas Storage (Regulatory Levies) Act 2003,"No. 117, 2003",,,requests,200,raw/au/offshore_petroleum_and_greenhouse_gas_storage_regulatory_levies_act_2003/20260915T1345Z__page.html.headers.json,text/html,28cda767878c900bf0a88cd569a52fbfecfdfaf13f8254530cf229cfc5727c9e,246644,,,,,corpus AU_corpus_2026-09-19: from AU_ws_2026-09-15,,2003-12-04,,InForce
0.2.0,,au-awdca2014-001,AU,https://www.legislation.gov.au/C2014A00117/2016-03-05/2016-03-05/text/original/epub,2026-09-15T16:06:32Z,html,,raw/au/albury_wodonga_development_corporation_abolition_act_2014/20260915T1606Z__page.html,Albury-Wodonga Development Corporation (Abolition) Act 2014,"No. 117, 2014",,,requests,200,raw/au/albury_wodonga_development_corporation_abolition_act_2014/20260915T1606Z__page.html.headers.json,text/html,45607d250023245fb3c1918a78ff83b790690182d4f76bd5f11ccc35b6f700eb,70917,,,,,corpus AU_corpus_2026-09-19: from AU_ws_2026-09-15,,2014-11-11,,InForce
0.2.0,,au-ciaa1976-001,AU,https://www.legislation.gov.au/C2004A01549/asmade/1976-11-18/text/original/pdf,2026-09-15T13:53:34Z,pdf_native,false,raw/au/christmas_island_agreement_act_1976/20260915T1353Z__native.pdf,Christmas Island Agreement Act 1976,"No. 118, 1976",,,requests,200,raw/au/christmas_island_agreement_act_1976/20260915T1353Z__native.pdf.headers.json,application/pdf,87f79e6475d232a1db4dff29f35424316e92f824071b3dc7efaf189ca0ff4368,595747,8,,,,corpus AU_corpus_2026-09-19: from AU_ws_2026-09-15,,1976-11-18,,InForce
0.2.0,,au-pmca1978-001,AU,https://www.legislation.gov.au/C2004A01917/2024-07-01/2024-07-01/text/original/epub,2026-09-15T13:58:17Z,html,,raw/au/passenger_movement_charge_act_1978/20260915T1358Z__page.html,Passenger Movement Charge Act 1978,"No. 118, 1978",,,requests,200,raw/au/passenger_movement_charge_act_1978/20260915T1358Z__page.html.headers.json,text/html,f30fb8adfa89963162122f641f86c1cbb1b5a41ad8b61703385446618bd94bb9,61009,,,,,corpus AU_corpus_2026-09-19: from AU_ws_2026-09-15,,1978-09-29,,InForce
0.2.0,,au-cbra1990-001,AU,https://www.legislation.gov.au/C2004A04049/2018-06-19/2018-06-19/text/original/epub,2026-09-15T14:37:03Z,html,,raw/au/commonwealth_banks_restructuring_act_1990/20260915T1437Z__page.html,Commonwealth Banks Restructuring Act 1990,"No. 118, 1990",,,requests,200,raw/au/commonwealth_banks_restructuring_act_1990/20260915T1437Z__page.html.headers.json,text/html,6922dff590b7483fe7daafbfc7b9d019bfab9ad00f8dbafd568c653c137c53a7,99302,,,,,corpus AU_corpus_2026-09-19: from AU_ws_2026-09-15,,1990-12-28,,InForce
0.2.0,,au-fsanza1991-001,AU,https://www.legislation.gov.au/C2004A04193/2024-10-14/2024-10-14/text/original/epub,2026-09-15T14:40:14Z,html,,raw/au/food_standards_australia_new_zealand_act_1991/20260915T1440Z__page.html,Food Standards Australia New Zealand Act 1991,"No. 118, 1991",,,requests,200,raw/au/food_standards_australia_new_zealand_act_1991/20260915T1440Z__page.html.headers.json,text/html,9b102abe1a6628da38b70d807d6e788b01d89c135e100665f0017c657e529573,802975,,,,,corpus AU_corpus_2026-09-19: from AU_ws_2026-09-15,,1991-06-27,,InForce
0.2.0,,au-adfca2015-001,AU,https://www.legislation.gov.au/C2015A00118/2023-10-20/2023-10-20/text/original/epub,2026-09-15T16:11:03Z,html,,raw/au/australian_defence_force_cover_act_2015/20260915T1611Z__page.html,Australian Defence Force Cover Act 2015,"No. 118, 2015",,,requests,200,raw/au/australian_defence_force_cover_act_2015/20260915T1611Z__page.html.headers.json,text/html,26c95c50a126abbd5a0413b0f6664cd0f9683028bc779768fafcb1ca4f7e8851,289225,,,,,corpus AU_corpus_2026-09-19: from AU_ws_2026-09-15,,2015-09-10,,InForce
0.2.0,,au-pha2023-001,AU,https://www.legislation.gov.au/C2023A00118/2025-09-05/2025-09-05/text/original/epub,2026-09-15T16:40:50Z,html,,raw/au/public_health_tobacco_and_other_products_act_2023/20260915T1640Z__page.html,Public Health (Tobacco and Other Products) Act 2023,"No. 118, 2023",,,requests,200,raw/au/public_health_tobacco_and_other_products_act_2023/20260915T1640Z__page.html.headers.json,text/html,ce826f41a6d714b4e190f85d69e880a11d4f51adf9ed96b5e489853ed1795148,886990,,,,,corpus AU_corpus_2026-09-19: from AU_ws_2026-09-15,,2023-12-14,,InForce
0.2.0,,au-pnga1973ae36-001,AU,https://www.legislation.gov.au/C2004A00034/asmade/1996-07-19/text/original/pdf,2026-09-15T13:12:08Z,pdf_native,false,raw/au/papua_new_guinea_transfer_of_banking_business_act_1973/20260915T1312Z__native.pdf,Papua New Guinea (Transfer of Banking Business) Act 1973,"No. 119, 1973",,,requests,200,raw/au/papua_new_guinea_transfer_of_banking_business_act_1973/20260915T1312Z__native.pdf.headers.json,application/pdf,33c7fe21bd4e9c6b37fbbff097a4b774177d02309ed60bc71dcc13eb3fb0dced,142263,5,,,,corpus AU_corpus_2026-09-19: from AU_ws_2026-09-15,,1973-10-26,,InForce
0.2.0,,au-pmcca1978-001,AU,https://www.legislation.gov.au/C2004A01918/2019-09-01/2019-09-01/text/original/epub,2026-09-15T13:58:28Z,html,,raw/au/passenger_movement_charge_collection_act_1978/20260915T1358Z__page.html,Passenger Movement Charge Collection Act 1978,"No. 119, 1978",,,requests,200,raw/au/passenger_movement_charge_collection_act_1978/20260915T1358Z__page.html.headers.json,text/html,00ed7dfb5e6c1d13afb23874079b7b778a7e3e416f5947a9ace409468c7a284a,122565,,,,,corpus AU_corpus_2026-09-19: from AU_ws_2026-09-15,,1978-09-29,,InForce
0.2.0,,au-pa1988-001,AU,https://www.legislation.gov.au/C2004A03712/2026-06-04/2026-06-04/text/original/epub,2026-09-15T12:33:19Z,html,,raw/au/privacy_act_1988/20260915T1233Z__page.html,Privacy Act 1988,"No. 119, 1988",both,"P6-I3,P6-I4,P7-I1,P7-I2",requests,200,raw/au/privacy_act_1988/20260915T1233Z__page.html.headers.json,text/html,f642668490feff4b8f1ccab5a58968f66f3c3e2b6ad264404b671c4cb8b0f35e,2359973,,,,,corpus AU_corpus_2026-09-19: from AU_ws_2026-09-15,,1988-12-14,,InForce
0.2.0,,au-tma1995-001,AU,https://www.legislation.gov.au/C2004A04969/2024-10-14/2024-10-14/text/original/epub,2026-09-15T15:02:02Z,html,,raw/au/trade_marks_act_1995/20260915T1502Z__page.html,Trade Marks Act 1995,"No. 119, 1995",,,requests,200,raw/au/trade_marks_act_1995/20260915T1502Z__page.html.headers.json,text/html,fbf7d83a1223d737ce81b717732dfd881c6b497f3e80bd007a15d2f85cd8a585,1174098,,,,,corpus AU_corpus_2026-09-19: from AU_ws_2026-09-15,,1995-10-17,,InForce
0.2.0,,au-adfsa2015-001,AU,https://www.legislation.gov.au/C2015A00119/2022-09-28/2022-09-28/text/original/epub,2026-09-15T16:11:14Z,html,,raw/au/australian_defence_force_superannuation_act_2015/20260915T1611Z__page.html,Australian Defence Force Superannuation Act 2015,"No. 119, 2015",,,requests,200,raw/au/australian_defence_force_superannuation_act_2015/20260915T1611Z__page.html.headers.json,text/html,10486535c666c25fb397c772ff8bd427a341929fc33606e41c8dc9cb4d3848ee,120166,,,,,corpus AU_corpus_2026-09-19: from AU_ws_2026-09-15,,2015-09-10,,InForce
0.2.0,,au-rwra2020-001,AU,https://www.legislation.gov.au/C2020A00119/2026-07-01/2026-07-01/text/original/epub,2026-09-15T16:29:18Z,html,,raw/au/recycling_and_waste_reduction_act_2020/20260915T1629Z__page.html,Recycling and Waste Reduction Act 2020,"No. 119, 2020",,,requests,200,raw/au/recycling_and_waste_reduction_act_2020/20260915T1629Z__page.html.headers.json,text/html,bed1a5c7ad0c8268ed1e6891d1e1387cd7ad4e28c34dcc0b2bf021270e5719b1,904463,,,,,corpus AU_corpus_2026-09-19: from AU_ws_2026-09-15,,2020-12-15,,InForce
0.2.0,,au-pha202340b3-001,AU,https://www.legislation.gov.au/C2023A00119/asmade/2023-12-14/text/original/pdf,2026-09-15T16:41:01Z,pdf_native,false,raw/au/public_health_tobacco_and_other_products_consequential_amendments_and_transitional_provisions_act_2023/20260915T1641Z__native.pdf,Public Health (Tobacco and Other Products) (Consequential Amendments and Transitional Provisions) Act 2023,"No. 119, 2023",,,requests,200,raw/au/public_health_tobacco_and_other_products_consequential_amendments_and_transitional_provisions_act_2023/20260915T1641Z__native.pdf.headers.json,application/pdf,b9607882d16353724f873eb568f699a0f1b88781a136d9d6ddb63c7cf70ef8db,927436,24,,,,corpus AU_corpus_2026-09-19: from AU_ws_2026-09-15,,2023-12-14,,InForce
0.2.0,,au-fmaa2024-001,AU,https://www.legislation.gov.au/C2024A00119/asmade/2024-12-10/text/original/pdf,2026-09-15T16:47:01Z,pdf_native,false,raw/au/future_made_in_australia_act_2024/20260915T1647Z__native.pdf,Future Made in Australia Act 2024,"No. 119, 2024",,,requests,200,raw/au/future_made_in_australia_act_2024/20260915T1647Z__native.pdf.headers.json,application/pdf,52173d41457f501453092bea68f10edd63ff7e2e5d0948cf68fec3d43c89b47e,266285,22,,,,corpus AU_corpus_2026-09-19: from AU_ws_2026-09-15,,2024-12-10,,InForce
0.2.0,,au-rca1902-001,AU,https://www.legislation.gov.au/C1902A00012/2026-03-28/2026-03-28/text/original/epub,2026-09-15T12:37:57Z,html,,raw/au/royal_commissions_act_1902/20260915T1237Z__page.html,Royal Commissions Act 1902,"No. 12, 1902",,,requests,200,raw/au/royal_commissions_act_1902/20260915T1237Z__page.html.headers.json,text/html,3ab2f16e1f9467d50697181e18d29896ca47d8e8eac05a39bfcfdf72a50e8354,410441,,,,,corpus AU_corpus_2026-09-19: from AU_ws_2026-09-15,,1902-09-08,,InForce
0.2.0,,au-ca1914-001,AU,https://www.legislation.gov.au/C1914A00012/2026-08-27/2026-08-27/text/original/epub,2026-09-15T12:40:53Z,html,,raw/au/crimes_act_1914/20260915T1240Z__page.html,Crimes Act 1914,"No. 12, 1914",,,requests,200,raw/au/crimes_act_1914/20260915T1240Z__page.html.headers.json,text/html,eb579b76629015cdfcca9eb6e91638358a3f552bdf50e6594c5bc38937840c69,5556640,,,,,corpus AU_corpus_2026-09-19: from AU_ws_2026-09-15,,1914-10-29,,InForce
0.2.0,,au-ma1961-001,AU,https://www.legislation.gov.au/C1961A00012/2026-03-28/2026-03-28/text/original/epub,2026-09-15T12:58:05Z,html,,raw/au/marriage_act_1961/20260915T1258Z__page.html,Marriage Act 1961,"No. 12, 1961",,,requests,200,raw/au/marriage_act_1961/20260915T1258Z__page.html.headers.json,text/html,18a3b732b39d82c29f16c72f8ec6599571b805c15721e03d0b3499aebd484290,677557,,,,,corpus AU_corpus_2026-09-19: from AU_ws_2026-09-15,,1961-05-06,,InForce
0.2.0,,au-ta1983-001,AU,https://www.legislation.gov.au/C2004A02729/2024-10-14/2024-10-14/text/original/epub,2026-09-15T14:10:15Z,html,,raw/au/taxation_interest_on_overpayments_and_early_payments_act_1983/20260915T1410Z__page.html,Taxation (Interest on Overpayments and Early Payments) Act 1983,"No. 12, 1983",,,requests,200,raw/au/taxation_interest_on_overpayments_and_early_payments_act_1983/20260915T1410Z__page.html.headers.json,text/html,99a30eae05c81da0239a06563f22cb627c60ad540e75ed6c6ebb2df9cd988a02,357788,,,,,corpus AU_corpus_2026-09-19: from AU_ws_2026-09-15,,1983-06-08,,InForce
0.2.0,,au-ita1988-001,AU,https://www.legislation.gov.au/C2004A03605/2015-12-10/2015-12-10/text/original/epub,2026-09-15T14:27:43Z,html,,raw/au/income_tax_offshore_banking_units_withholding_tax_recoupment_act_1988/20260915T1427Z__page.html,Income Tax (Offshore Banking Units) (Withholding Tax Recoupment) Act 1988,"No. 12, 1988",,,requests,200,raw/au/income_tax_offshore_banking_units_withholding_tax_recoupment_act_1988/20260915T1427Z__page.html.headers.json,text/html,c52ad8854cb592292363ff4ac758e08176541377f3b12ba5c8d90cd66d3d8487,32503,,,,,corpus AU_corpus_2026-09-19: from AU_ws_2026-09-15,,1988-04-26,,InForce
0.2.0,,au-asca1989-001,AU,https://www.legislation.gov.au/C2004A03760/2020-08-10/2020-08-10/text/original/epub,2026-09-15T14:30:54Z,html,,raw/au/australian_sports_commission_act_1989/20260915T1430Z__page.html,Australian Sports Commission Act 1989,"No. 12, 1989",,,requests,200,raw/au/australian_sports_commission_act_1989/20260915T1430Z__page.html.headers.json,text/html,eea88003573155ac24159843f6559eab4ec04a79e4b8c1546ebbb111f522fce5,214070,,,,,corpus AU_corpus_2026-09-19: from AU_ws_2026-09-15,,1989-03-16,,InForce
0.2.0,,au-cca1995-001,AU,https://www.legislation.gov.au/C2004A04868/2026-06-30/2026-06-30/text/original/epub,2026-09-15T12:33:43Z,html,,raw/au/criminal_code_act_1995/20260915T1233Z__page.html,Criminal Code Act 1995,"No. 12, 1995",P7,P7-I2,requests,200,raw/au/criminal_code_act_1995/20260915T1233Z__page.html.headers.json,text/html,f33eb8c9f4b6c073e2e611f979d87f9e22d97113941279a1de34b0529b2ad742,7203772,,,,,corpus AU_corpus_2026-09-19: from AU_ws_2026-09-15,,1995-03-15,,InForce
0.2.0,,au-ba1997-001,AU,https://www.legislation.gov.au/C2004A05113/2021-08-02/2021-08-02/text/original/epub,2026-09-15T15:04:48Z,html,,raw/au/bankruptcy_estate_charges_act_1997/20260915T1504Z__page.html,Bankruptcy (Estate Charges) Act 1997,"No. 12, 1997",,,requests,200,raw/au/bankruptcy_estate_charges_act_1997/20260915T1504Z__page.html.headers.json,text/html,5b59b7cb4e6219bcda93f5304c811e09ff70a2ac6003215484cafed3073179f5,66505,,,,,corpus AU_corpus_2026-09-19: from AU_ws_2026-09-15,,1997-03-13,,InForce
0.2.0,,au-ffa2006-001,AU,https://www.legislation.gov.au/C2006A00012/2023-11-01/2023-11-01/text/original/epub,2026-09-15T15:18:22Z,html,,raw/au/future_fund_act_2006/20260915T1518Z__page.html,Future Fund Act 2006,"No. 12, 2006",,,requests,200,raw/au/future_fund_act_2006/20260915T1518Z__page.html.headers.json,text/html,c00d8719a42e2a3ee36c031d1aeb6c1351958e46c05b39344c44fb3b8a01b9f0,533430,,,,,corpus AU_corpus_2026-09-19: from AU_ws_2026-09-15,,2006-03-23,,InForce
0.2.0,,au-sa2007091a-001,AU,https://www.legislation.gov.au/C2007A00012/2014-06-25/2014-06-25/text/original/epub,2026-09-15T15:24:35Z,html,,raw/au/superannuation_excess_untaxed_roll_over_amounts_tax_act_2007/20260915T1524Z__page.html,Superannuation (Excess Untaxed Roll-over Amounts Tax) Act 2007,"No. 12, 2007",,,requests,200,raw/au/superannuation_excess_untaxed_roll_over_amounts_tax_act_2007/20260915T1524Z__page.html.headers.json,text/html,df9ec112a6ba6bdc0f7697d41d1783d4ba86aeee5de885e45743c72f60c0be8f,31954,,,,,corpus AU_corpus_2026-09-19: from AU_ws_2026-09-15,,2007-03-15,,InForce
0.2.0,,au-saa2008-001,AU,https://www.legislation.gov.au/C2008A00012/2016-03-05/2016-03-05/text/original/epub,2026-09-15T15:28:39Z,html,,raw/au/screen_australia_act_2008/20260915T1528Z__page.html,Screen Australia Act 2008,"No. 12, 2008",,,requests,200,raw/au/screen_australia_act_2008/20260915T1528Z__page.html.headers.json,text/html,b7b747c3c260e330ea07b899d572f0dfd7934e869952a70d3fed8a309dabe49d,147837,,,,,corpus AU_corpus_2026-09-19: from AU_ws_2026-09-15,,2008-03-20,,InForce
0.2.0,,au-nvetra2011-001,AU,https://www.legislation.gov.au/C2011A00012/2024-10-14/2024-10-14/text/original/epub,2026-09-15T15:42:12Z,html,,raw/au/national_vocational_education_and_training_regulator_act_2011/20260915T1542Z__page.html,National Vocational Education and Training Regulator Act 2011,"No. 12, 2011",,,requests,200,raw/au/national_vocational_education_and_training_regulator_act_2011/20260915T1542Z__page.html.headers.json,text/html,0cec44de1eac67f6b3a63437a03276e74732d6e438c2f70383f028cd5c68271e,1110102,,,,,corpus AU_corpus_2026-09-19: from AU_ws_2026-09-15,,2011-04-12,,InForce
0.2.0,,au-pcola2013-001,AU,https://www.legislation.gov.au/C2013A00012/2024-10-14/2024-10-14/text/original/epub,2026-09-15T15:57:57Z,html,,raw/au/protection_of_cultural_objects_on_loan_act_2013/20260915T1557Z__page.html,Protection of Cultural Objects on Loan Act 2013,"No. 12, 2013",,,requests,200,raw/au/protection_of_cultural_objects_on_loan_act_2013/20260915T1557Z__page.html.headers.json,text/html,cb09b60607bce9259eb7c615651a1ca1606d540216830562fe0544eff4ef43da,106440,,,,,corpus AU_corpus_2026-09-19: from AU_ws_2026-09-15,,2013-03-14,,InForce
0.2.0,,au-fhsa2014-001,AU,https://www.legislation.gov.au/C2014A00012/2022-04-08/2022-04-08/text/original/epub,2026-09-15T16:03:00Z,html,,raw/au/farm_household_support_act_2014/20260915T1603Z__page.html,Farm Household Support Act 2014,"No. 12, 2014",,,requests,200,raw/au/farm_household_support_act_2014/20260915T1603Z__page.html.headers.json,text/html,9f83ef3ff4541d2d2fc240fc992b7aa038db86605006b07b717582b89038da8d,464974,,,,,corpus AU_corpus_2026-09-19: from AU_ws_2026-09-15,,2014-03-28,,InForce
0.2.0,,au-ica2019-001,AU,https://www.legislation.gov.au/C2019A00012/2024-10-14/2024-10-14/text/original/epub,2026-09-15T16:22:54Z,html,,raw/au/industrial_chemicals_act_2019/20260915T1622Z__page.html,Industrial Chemicals Act 2019,"No. 12, 2019",,,requests,200,raw/au/industrial_chemicals_act_2019/20260915T1622Z__page.html.headers.json,text/html,08e21e6193d163106020ee005a70e285ec30d064f403597832ce489800043ce5,687434,,,,,corpus AU_corpus_2026-09-19: from AU_ws_2026-09-15,,2019-03-12,,InForce
0.2.0,,au-eca2020-001,AU,https://www.legislation.gov.au/C2020A00012/2026-05-21/2026-05-21/text/original/epub,2026-09-15T16:26:40Z,html,,raw/au/export_control_act_2020/20260915T1626Z__page.html,Export Control Act 2020,"No. 12, 2020",,,requests,200,raw/au/export_control_act_2020/20260915T1626Z__page.html.headers.json,text/html,9427c2cd4fe455c2dd5ac55c204e8c1d3d772939f7c21bd8d70ff9929c954452,2242601,,,,,corpus AU_corpus_2026-09-19: from AU_ws_2026-09-15,,2020-03-06,,InForce
0.2.0,,au-fcfcaa2021-001,AU,https://www.legislation.gov.au/C2021A00012/2025-06-10/2025-06-10/text/original/epub,2026-09-15T16:30:52Z,html,,raw/au/federal_circuit_and_family_court_of_australia_act_2021/20260915T1630Z__page.html,Federal Circuit and Family Court of Australia Act 2021,"No. 12, 2021",,,requests,200,raw/au/federal_circuit_and_family_court_of_australia_act_2021/20260915T1630Z__page.html.headers.json,text/html,417b0afdab92ee14d2541e7fdbb15f4962b66b91ff4c5d7d1161e3d119179333,997511,,,,,corpus AU_corpus_2026-09-19: from AU_ws_2026-09-15,,2021-03-01,,InForce
0.2.0,,au-nrfca2023-001,AU,https://www.legislation.gov.au/C2023A00012/2023-10-17/2023-10-17/text/original/epub,2026-09-15T16:35:48Z,html,,raw/au/national_reconstruction_fund_corporation_act_2023/20260915T1635Z__page.html,National Reconstruction Fund Corporation Act 2023,"No. 12, 2023",,,requests,200,raw/au/national_reconstruction_fund_corporation_act_2023/20260915T1635Z__page.html.headers.json,text/html,1b25f7802f9edb17d77fd0c1e30dd0a144559e3086f4d2540fe5492953922d5a,292383,,,,,corpus AU_corpus_2026-09-19: from AU_ws_2026-09-15,,2023-04-11,,InForce
0.2.0,,au-ececa2025-001,AU,https://www.legislation.gov.au/C2025A00012/asmade/2025-02-20/text/original/pdf,2026-09-15T16:49:27Z,pdf_native,false,raw/au/early_childhood_education_and_care_three_day_guarantee_act_2025/20260915T1649Z__native.pdf,Early Childhood Education and Care (Three Day Guarantee) Act 2025,"No. 12, 2025",,,requests,200,raw/au/early_childhood_education_and_care_three_day_guarantee_act_2025/20260915T1649Z__native.pdf.headers.json,application/pdf,c9663b04f38c62ed31fcaa2c7201462c55cd3a7a86c1018d7b54f8deae04e333,275480,16,,,,corpus AU_corpus_2026-09-19: from AU_ws_2026-09-15,,2025-02-20,,InForce
0.2.0,,au-la1980c990-001,AU,https://www.legislation.gov.au/C2004A02321/asmade/1980-09-13/text/original/pdf,2026-09-15T14:03:20Z,pdf_native,false,raw/au/loan_act_1980/20260915T1403Z__native.pdf,Loan Act 1980,"No. 120, 1980",,,requests,200,raw/au/loan_act_1980/20260915T1403Z__native.pdf.headers.json,application/pdf,57528733a70cdf7116797c16961a08f39cb8d53c9e9d19457dfe4a986b7dca37,144256,2,,,,corpus AU_corpus_2026-09-19: from AU_ws_2026-09-15; flags as_made_short_act,,1980-09-13,,InForce
0.2.0,,au-rwra20207dae-001,AU,https://www.legislation.gov.au/C2020A00120/2021-09-21/2021-09-21/text/original/epub,2026-09-15T16:29:32Z,html,,raw/au/recycling_and_waste_reduction_consequential_and_transitional_provisions_act_2020/20260915T1629Z__page.html,Recycling and Waste Reduction (Consequential and Transitional Provisions) Act 2020,"No. 120, 2020",,,requests,200,raw/au/recycling_and_waste_reduction_consequential_and_transitional_provisions_act_2020/20260915T1629Z__page.html.headers.json,text/html,1e935c4cd508224dcce50fcab647c5359c4f518e6dfef3459c19ca7b11043642,74268,,,,,corpus AU_corpus_2026-09-19: from AU_ws_2026-09-15,,2020-12-15,,InForce
0.2.0,,au-oeia2021-001,AU,https://www.legislation.gov.au/C2021A00120/2025-02-20/2025-02-20/text/original/epub,2026-09-15T16:33:32Z,html,,raw/au/offshore_electricity_infrastructure_act_2021/20260915T1633Z__page.html,Offshore Electricity Infrastructure Act 2021,"No. 120, 2021",,,requests,200,raw/au/offshore_electricity_infrastructure_act_2021/20260915T1633Z__page.html.headers.json,text/html,dd9d54c7b0271821ddc64a2b392de6c2cb4b409296bfb4b1ad755827bab622cd,1192070,,,,,corpus AU_corpus_2026-09-19: from AU_ws_2026-09-15,,2021-12-02,,InForce
0.2.0,,au-cpa1970-001,AU,https://www.legislation.gov.au/C1970A00121/2016-10-21/2016-10-21/text/original/epub,2026-09-15T13:05:32Z,html,,raw/au/commonwealth_places_application_of_laws_act_1970/20260915T1305Z__page.html,Commonwealth Places (Application of Laws) Act 1970,"No. 121, 1970",,,requests,200,raw/au/commonwealth_places_application_of_laws_act_1970/20260915T1305Z__page.html.headers.json,text/html,65895bb885658ea3079808b6f6372fbb298c3dc6cde38cb16f7b74138812b5a6,123971,,,,,corpus AU_corpus_2026-09-19: from AU_ws_2026-09-15,,1970-11-11,,InForce
0.2.0,,au-la1971-001,AU,https://www.legislation.gov.au/C1971A00121/asmade/1971-12-13/text/original/pdf,2026-09-15T13:07:56Z,pdf_native,false,raw/au/loan_war_service_land_settlement_act_1971/20260915T1307Z__native.pdf,Loan (War Service Land Settlement) Act 1971,"No. 121, 1971",,,requests,200,raw/au/loan_war_service_land_settlement_act_1971/20260915T1307Z__native.pdf.headers.json,application/pdf,66ee92dfea1887ca764a797d93bbae21c51b6579fed9485791ae765fc3aa816c,68104,1,,,,corpus AU_corpus_2026-09-19: from AU_ws_2026-09-15; flags as_made_short_act,,1971-12-13,,InForce
0.2.0,,au-cca1972-001,AU,https://www.legislation.gov.au/C1972A00121/2016-03-10/2016-03-10/text/original/epub,2026-09-15T13:08:53Z,html,,raw/au/child_care_act_1972/20260915T1308Z__page.html,Child Care Act 1972,"No. 121, 1972",,,requests,200,raw/au/child_care_act_1972/20260915T1308Z__page.html.headers.json,text/html,a340631693a1cb7d47b5a5d325b4e8a4b3bdeff2f99f66db8ceb49a9d2f07ab0,208736,,,,,corpus AU_corpus_2026-09-19: from AU_ws_2026-09-15,,1972-11-02,,InForce
0.2.0,,au-fsa2001cf51-001,AU,https://www.legislation.gov.au/C2004A00896/asmade/2007-09-24/text/original/pdf,2026-09-15T13:38:57Z,pdf_native,false,raw/au/financial_sector_collection_of_data_consequential_and_transitional_provisions_act_2001/20260915T1338Z__native.pdf,Financial Sector (Collection of Data—Consequential and Transitional Provisions) Act 2001,"No. 121, 2001",,,requests,200,raw/au/financial_sector_collection_of_data_consequential_and_transitional_provisions_act_2001/20260915T1338Z__native.pdf.headers.json,application/pdf,114b36c04b91dd90ac633e0ba02e66d9052e151e3f2b0e952d3ec549da29bed7,84322,38,,,,corpus AU_corpus_2026-09-19: from AU_ws_2026-09-15,,2001-09-24,,InForce
0.2.0,,au-nrasa2008-001,AU,https://www.legislation.gov.au/C2008A00121/2025-12-05/2025-12-05/text/original/epub,2026-09-15T15:31:42Z,html,,raw/au/national_rental_affordability_scheme_act_2008/20260915T1531Z__page.html,National Rental Affordability Scheme Act 2008,"No. 121, 2008",,,requests,200,raw/au/national_rental_affordability_scheme_act_2008/20260915T1531Z__page.html.headers.json,text/html,a99ef98df3405e3fcf38c2cdb8306c0cdbefa46985012c97adabc4eb521242d8,85789,,,,,corpus AU_corpus_2026-09-19: from AU_ws_2026-09-15,,2008-11-25,,InForce
0.2.0,,au-msnla2012-001,AU,https://www.legislation.gov.au/C2012A00121/2024-10-14/2024-10-14/text/original/epub,2026-09-15T15:53:51Z,html,,raw/au/marine_safety_domestic_commercial_vessel_national_law_act_2012/20260915T1553Z__page.html,Marine Safety (Domestic Commercial Vessel) National Law Act 2012,"No. 121, 2012",,,requests,200,raw/au/marine_safety_domestic_commercial_vessel_national_law_act_2012/20260915T1553Z__page.html.headers.json,text/html,8d7ede55f7b64b818e189e6aa2ac8735406a482fcfd911ff2dfed5c22c3a0e36,726898,,,,,corpus AU_corpus_2026-09-19: from AU_ws_2026-09-15,,2012-09-12,,InForce
0.2.0,,au-rwrca2020-001,AU,https://www.legislation.gov.au/C2020A00121/asmade/2020-12-15/text/original/pdf,2026-09-15T16:29:45Z,pdf_native,false,raw/au/recycling_and_waste_reduction_charges_customs_act_2020/20260915T1629Z__native.pdf,Recycling and Waste Reduction Charges (Customs) Act 2020,"No. 121, 2020",,,requests,200,raw/au/recycling_and_waste_reduction_charges_customs_act_2020/20260915T1629Z__native.pdf.headers.json,application/pdf,e4ed9122ce32177989cbf5736f91f644bb6af2f8ce2194b59239cd57725616c5,531337,10,,,,corpus AU_corpus_2026-09-19: from AU_ws_2026-09-15,,2020-12-15,,InForce
0.2.0,,au-nra2023-001,AU,https://www.legislation.gov.au/C2023A00121/2026-08-24/2026-08-24/text/original/epub,2026-09-15T16:41:11Z,html,,raw/au/nature_repair_act_2023/20260915T1641Z__page.html,Nature Repair Act 2023,"No. 121, 2023",,,requests,200,raw/au/nature_repair_act_2023/20260915T1641Z__page.html.headers.json,text/html,ca7a57bb1fa3e382329b913e44020b6a35252014a627864c59d511f3955dc8f9,1113397,,,,,corpus AU_corpus_2026-09-19: from AU_ws_2026-09-15,,2023-12-14,,InForce
0.2.0,,au-fmaa2024fb90-001,AU,https://www.legislation.gov.au/C2024A00121/asmade/2024-12-10/text/original/pdf,2026-09-15T16:47:13Z,pdf_native,false,raw/au/future_made_in_australia_guarantee_of_origin_act_2024/20260915T1647Z__native.pdf,Future Made in Australia (Guarantee of Origin) Act 2024,"No. 121, 2024",,,requests,200,raw/au/future_made_in_australia_guarantee_of_origin_act_2024/20260915T1647Z__native.pdf.headers.json,application/pdf,ff7bd5d9169a5c43aa1844aaa4da121653088a9804fe6d719999474b7f0b8dfc,590927,146,,,,corpus AU_corpus_2026-09-19: from AU_ws_2026-09-15,,2024-12-10,,InForce
0.2.0,,au-ca1981-001,AU,https://www.legislation.gov.au/C2004A02499/2018-05-11/2018-05-11/text/original/epub,2026-09-15T14:08:10Z,html,,raw/au/crimes_currency_act_1981/20260915T1408Z__page.html,Crimes (Currency) Act 1981,"No. 122, 1981",,,requests,200,raw/au/crimes_currency_act_1981/20260915T1408Z__page.html.headers.json,text/html,d1544ca5656f84533ceaf61a77d8f5330e8abbadd20bd265b74a258228354436,194953,,,,,corpus AU_corpus_2026-09-19: from AU_ws_2026-09-15,,1981-09-17,,InForce
0.2.0,,au-arca2005-001,AU,https://www.legislation.gov.au/C2005A00122/2014-07-01/2014-07-01/text/original/epub,2026-09-15T15:17:28Z,html,,raw/au/asbestos_related_claims_management_of_commonwealth_liabilities_act_2005/20260915T1517Z__page.html,Asbestos-related Claims (Management of Commonwealth Liabilities) Act 2005,"No. 122, 2005",,,requests,200,raw/au/asbestos_related_claims_management_of_commonwealth_liabilities_act_2005/20260915T1517Z__page.html.headers.json,text/html,34dbb0b622157786550aa4138d4ea9210e72435e81cf6a70266405979a1aeee6,79790,,,,,corpus AU_corpus_2026-09-19: from AU_ws_2026-09-15,,2005-10-19,,InForce
0.2.0,,au-aotdtaa2008-001,AU,https://www.legislation.gov.au/C2008A00122/2024-02-21/2024-02-21/text/original/epub,2026-09-15T15:31:55Z,html,,raw/au/australian_organ_and_tissue_donation_and_transplantation_authority_act_2008/20260915T1531Z__page.html,Australian Organ and Tissue Donation and Transplantation Authority Act 2008,"No. 122, 2008",,,requests,200,raw/au/australian_organ_and_tissue_donation_and_transplantation_authority_act_2008/20260915T1531Z__page.html.headers.json,text/html,ecbcd19b5e4d59085c4e817f8d746af45594297d9d324d25000dc239cda79a40,271395,,,,,corpus AU_corpus_2026-09-19: from AU_ws_2026-09-15,,2008-11-25,,InForce
0.2.0,,au-msnla20121057-001,AU,https://www.legislation.gov.au/C2012A00122/asmade/2012-09-12/text/original/pdf,2026-09-15T15:54:03Z,pdf_native,false,raw/au/marine_safety_domestic_commercial_vessel_national_law_consequential_amendments_act_2012/20260915T1554Z__native.pdf,Marine Safety (Domestic Commercial Vessel) National Law (Consequential Amendments) Act 2012,"No. 122, 2012",,,requests,200,raw/au/marine_safety_domestic_commercial_vessel_national_law_consequential_amendments_act_2012/20260915T1554Z__native.pdf.headers.json,application/pdf,98cf22633bf06157324676ab14af8a1b7b0ff1d219123ba0e3a2a552d92f9500,284421,21,,,,corpus AU_corpus_2026-09-19: from AU_ws_2026-09-15,,2012-09-12,,InForce
0.2.0,,au-rwrca2020a2a8-001,AU,https://www.legislation.gov.au/C2020A00122/asmade/2020-12-15/text/original/pdf,2026-09-15T16:29:57Z,pdf_native,false,raw/au/recycling_and_waste_reduction_charges_excise_act_2020/20260915T1629Z__native.pdf,Recycling and Waste Reduction Charges (Excise) Act 2020,"No. 122, 2020",,,requests,200,raw/au/recycling_and_waste_reduction_charges_excise_act_2020/20260915T1629Z__native.pdf.headers.json,application/pdf,5c7a38353e920e5bd0bb700d469ad9b2a87e7ad9b8f0ed656b626b828be48f6c,532434,10,,,,corpus AU_corpus_2026-09-19: from AU_ws_2026-09-15,,2020-12-15,,InForce
0.2.0,,au-oeia2021c08e-001,AU,https://www.legislation.gov.au/C2021A00122/asmade/2021-12-02/text/original/pdf,2026-09-15T16:33:43Z,pdf_native,false,raw/au/offshore_electricity_infrastructure_regulatory_levies_act_2021/20260915T1633Z__native.pdf,Offshore Electricity Infrastructure (Regulatory Levies) Act 2021,"No. 122, 2021",,,requests,200,raw/au/offshore_electricity_infrastructure_regulatory_levies_act_2021/20260915T1633Z__native.pdf.headers.json,application/pdf,d37b5dacf78dfa70bfca24c9860ad4b792f81209fc8c071f2d74c6fd219c4534,528035,9,,,,corpus AU_corpus_2026-09-19: from AU_ws_2026-09-15,,2021-12-02,,InForce
0.2.0,,au-fmaa2024ad2f-001,AU,https://www.legislation.gov.au/C2024A00122/asmade/2024-12-10/text/original/pdf,2026-09-15T16:47:24Z,pdf_native,false,raw/au/future_made_in_australia_guarantee_of_origin_charges_act_2024/20260915T1647Z__native.pdf,Future Made in Australia (Guarantee of Origin Charges) Act 2024,"No. 122, 2024",,,requests,200,raw/au/future_made_in_australia_guarantee_of_origin_charges_act_2024/20260915T1647Z__native.pdf.headers.json,application/pdf,3eff17a314833ae7a91be48b7183ca9017d18b95862794c01ff50e78fc4ffc29,235008,12,,,,corpus AU_corpus_2026-09-19: from AU_ws_2026-09-15,,2024-12-10,,InForce
0.2.0,,au-sa2018-001,AU,https://www.legislation.gov.au/C2004A00391/2024-10-14/2024-10-14/text/original/epub,2026-09-15T13:21:59Z,html,,raw/au/space_launches_and_returns_act_2018/20260915T1321Z__page.html,Space (Launches and Returns) Act 2018,"No. 123, 1998",,,requests,200,raw/au/space_launches_and_returns_act_2018/20260915T1321Z__page.html.headers.json,text/html,24e9c33a1fce9223cf5d18069e7ae6cd711d6e874be75d2ecb9f7aa919832aa3,504987,,,,,corpus AU_corpus_2026-09-19: from AU_ws_2026-09-15,,1998-12-21,,InForce
0.2.0,,au-cra2010-001,AU,https://www.legislation.gov.au/C2010A00123/asmade/2010-11-18/text/original/pdf,2026-09-15T15:41:01Z,pdf_native,false,raw/au/carer_recognition_act_2010/20260915T1541Z__native.pdf,Carer Recognition Act 2010,"No. 123, 2010",,,requests,200,raw/au/carer_recognition_act_2010/20260915T1541Z__native.pdf.headers.json,application/pdf,7072e792efbb5d8156a12b67d64acd1c60736fdb5edabeb93290d826746d1cc1,33552,14,,,,corpus AU_corpus_2026-09-19: from AU_ws_2026-09-15,,2010-11-18,,InForce
0.2.0,,au-hiaa201262fd-001,AU,https://www.legislation.gov.au/C2012A00123/asmade/2012-09-12/text/original/pdf,2026-09-15T15:54:17Z,pdf_native,false,raw/au/health_insurance_amendment_extended_medicare_safety_net_act_2012/20260915T1554Z__native.pdf,Health Insurance Amendment (Extended Medicare Safety Net) Act 2012,"No. 123, 2012",,,requests,200,raw/au/health_insurance_amendment_extended_medicare_safety_net_act_2012/20260915T1554Z__native.pdf.headers.json,application/pdf,c3551b03a77f76a8cad16026b003d36bf46866cedb1d82f5e8abc4956993f570,245499,8,,,,corpus AU_corpus_2026-09-19: from AU_ws_2026-09-15,,2012-09-12,,InForce
0.2.0,,au-pgpaa2013-001,AU,https://www.legislation.gov.au/C2013A00123/2017-08-23/2017-08-23/text/original/epub,2026-09-15T16:01:55Z,html,,raw/au/public_governance_performance_and_accountability_act_2013/20260915T1601Z__page.html,"Public Governance, Performance and Accountability Act 2013","No. 123, 2013",,,requests,200,raw/au/public_governance_performance_and_accountability_act_2013/20260915T1601Z__page.html.headers.json,text/html,4e2b1097453356faf16151b3d13da8e8df13813607e86207142d7d17b41203de,499167,,,,,corpus AU_corpus_2026-09-19: from AU_ws_2026-09-15,,2013-06-29,,InForce
0.2.0,,au-asbfeoa2015-001,AU,https://www.legislation.gov.au/C2015A00123/2024-10-14/2024-10-14/text/original/epub,2026-09-15T16:11:24Z,html,,raw/au/australian_small_business_and_family_enterprise_ombudsman_act_2015/20260915T1611Z__page.html,Australian Small Business and Family Enterprise Ombudsman Act 2015,"No. 123, 2015",,,requests,200,raw/au/australian_small_business_and_family_enterprise_ombudsman_act_2015/20260915T1611Z__page.html.headers.json,text/html,48423f8bc272574fdb4ba5f74e46f783301c05d38adf25c70a32987e13531954,308023,,,,,corpus AU_corpus_2026-09-19: from AU_ws_2026-09-15,,2015-09-10,,InForce
0.2.0,,au-rwrca2020ebaa-001,AU,https://www.legislation.gov.au/C2020A00123/asmade/2020-12-15/text/original/pdf,2026-09-15T16:30:12Z,pdf_native,false,raw/au/recycling_and_waste_reduction_charges_general_act_2020/20260915T1630Z__native.pdf,Recycling and Waste Reduction Charges (General) Act 2020,"No. 123, 2020",,,requests,200,raw/au/recycling_and_waste_reduction_charges_general_act_2020/20260915T1630Z__native.pdf.headers.json,application/pdf,ade332e76fc04c34ff75ce762c7fe3ab0f8fa9967e16a8e611cb3e5e59ddb2f5,532263,10,,,,corpus AU_corpus_2026-09-19: from AU_ws_2026-09-15,,2020-12-15,,InForce
0.2.0,,au-csa1989-001,AU,https://www.legislation.gov.au/C2004A03872/2026-07-01/2026-07-01/text/original/epub,2026-09-15T14:33:01Z,html,,raw/au/child_support_assessment_act_1989/20260915T1433Z__page.html,Child Support (Assessment) Act 1989,"No. 124, 1989",,,requests,200,raw/au/child_support_assessment_act_1989/20260915T1433Z__page.html.headers.json,text/html,8537fcc0dd03c9fa39d09a83476cb42dd61f80f95225919475e70ce66f4da378,1910510,,,,,corpus AU_corpus_2026-09-19: from AU_ws_2026-09-15,,1989-09-21,,InForce
0.2.0,,au-ta1990-001,AU,https://www.legislation.gov.au/C2004A04055/asmade/1990-12-28/text/original/pdf,2026-09-15T14:37:15Z,pdf_native,false,raw/au/taxation_interest_on_non_resident_trust_distributions_act_1990/20260915T1437Z__native.pdf,Taxation (Interest on Non-resident Trust Distributions) Act 1990,"No. 124, 1990",,,requests,200,raw/au/taxation_interest_on_non_resident_trust_distributions_act_1990/20260915T1437Z__native.pdf.headers.json,application/pdf,32ac46acf67a9d8c9c53f022cc5228706401cd1e34c2758068341d65c249bb76,551776,6,,,,corpus AU_corpus_2026-09-19: from AU_ws_2026-09-15,,1990-12-28,,InForce
0.2.0,,au-wpa1994-001,AU,https://www.legislation.gov.au/C2004A04797/2024-03-13/2024-03-13/text/original/epub,2026-09-15T14:57:09Z,html,,raw/au/witness_protection_act_1994/20260915T1457Z__page.html,Witness Protection Act 1994,"No. 124, 1994",,,requests,200,raw/au/witness_protection_act_1994/20260915T1457Z__page.html.headers.json,text/html,f8d5af4877064476c9d4b77f0a4713bedba532f0031d18b20b491737b1177a57,280150,,,,,corpus AU_corpus_2026-09-19: from AU_ws_2026-09-15,,1994-10-18,,InForce
0.2.0,,au-ca2006-001,AU,https://www.legislation.gov.au/C2006A00124/2025-12-05/2025-12-05/text/original/epub,2026-09-15T15:22:06Z,html,,raw/au/corporations_aboriginal_and_torres_strait_islander_act_2006/20260915T1522Z__page.html,Corporations (Aboriginal and Torres Strait Islander) Act 2006,"No. 124, 2006",,,requests,200,raw/au/corporations_aboriginal_and_torres_strait_islander_act_2006/20260915T1522Z__page.html.headers.json,text/html,1ac0805a6ea97188a69c4cbc8c2919af35aeb1930be8d908f2406399bbde2360,2919356,,,,,corpus AU_corpus_2026-09-19: from AU_ws_2026-09-15,,2006-11-04,,InForce
0.2.0,,au-asbfeoa20155c05-001,AU,https://www.legislation.gov.au/C2015A00124/asmade/2015-09-10/text/original/pdf,2026-09-15T16:11:39Z,pdf_native,false,raw/au/australian_small_business_and_family_enterprise_ombudsman_consequential_and_transitional_provisions_act_2015/20260915T1611Z__native.pdf,Australian Small Business and Family Enterprise Ombudsman (Consequential and Transitional Provisions) Act 2015,"No. 124, 2015",,,requests,200,raw/au/australian_small_business_and_family_enterprise_ombudsman_consequential_and_transitional_provisions_act_2015/20260915T1611Z__native.pdf.headers.json,application/pdf,05bdca1bdd0c65bec78f2984076cc83231947c205400d03ab0a3cabef6eddd2a,686760,10,,,,corpus AU_corpus_2026-09-19: from AU_ws_2026-09-15,,2015-09-10,,InForce
0.2.0,,au-hba2024-001,AU,https://www.legislation.gov.au/C2024A00124/2025-02-21/2025-02-21/text/original/epub,2026-09-15T16:47:36Z,html,,raw/au/help_to_buy_act_2024/20260915T1647Z__page.html,Help to Buy Act 2024,"No. 124, 2024",,,requests,200,raw/au/help_to_buy_act_2024/20260915T1647Z__page.html.headers.json,text/html,80eb334c77968fb02453e6f2b127ea553a09803bb528ab1d5e28a06b10caaef1,186879,,,,,corpus AU_corpus_2026-09-19: from AU_ws_2026-09-15,,2024-12-10,,InForce
0.2.0,,au-psa1977-001,AU,https://www.legislation.gov.au/C2004A01763/2016-10-21/2016-10-21/text/original/epub,2026-09-15T13:56:11Z,html,,raw/au/port_statistics_act_1977/20260915T1356Z__page.html,Port Statistics Act 1977,"No. 125, 1977",,,requests,200,raw/au/port_statistics_act_1977/20260915T1356Z__page.html.headers.json,text/html,4862de8b79cb2fa1fe035f49d7a4dd630f6c39b6728d84f71e3546409bc03adf,67749,,,,,corpus AU_corpus_2026-09-19: from AU_ws_2026-09-15,,1977-11-10,,InForce
0.2.0,,au-ahrca1986-001,AU,https://www.legislation.gov.au/C2004A03366/2026-06-04/2026-06-04/text/original/epub,2026-09-15T14:22:13Z,html,,raw/au/australian_human_rights_commission_act_1986/20260915T1422Z__page.html,Australian Human Rights Commission Act 1986,"No. 125, 1986",,,requests,200,raw/au/australian_human_rights_commission_act_1986/20260915T1422Z__page.html.headers.json,text/html,ac307c3d948e53a0298372ee84110174962e7f036377afc0d5ad6473090558e8,823784,,,,,corpus AU_corpus_2026-09-19: from AU_ws_2026-09-15,,1986-12-06,,InForce
0.2.0,,au-opsgga1995-001,AU,https://www.legislation.gov.au/C2004A04975/2026-07-01/2026-07-01/text/original/epub,2026-09-15T15:02:14Z,html,,raw/au/ozone_protection_and_synthetic_greenhouse_gas_manufacture_levy_act_1995/20260915T1502Z__page.html,Ozone Protection and Synthetic Greenhouse Gas (Manufacture Levy) Act 1995,"No. 125, 1995",,,requests,200,raw/au/ozone_protection_and_synthetic_greenhouse_gas_manufacture_levy_act_1995/20260915T1502Z__page.html.headers.json,text/html,03113392eccd6155ea9969d15b52c380818ab338bfb0626153fc146bc75c556a,63232,,,,,corpus AU_corpus_2026-09-19: from AU_ws_2026-09-15,,1995-11-02,,InForce
0.2.0,,au-accea2002-001,AU,https://www.legislation.gov.au/C2004A01062/2002-12-10/2002-12-10/text/original/epub,2026-09-15T13:41:11Z,html,,raw/au/australian_crime_commission_establishment_act_2002/20260915T1341Z__page.html,Australian Crime Commission Establishment Act 2002,"No. 125, 2002",,,requests,200,raw/au/australian_crime_commission_establishment_act_2002/20260915T1341Z__page.html.headers.json,text/html,06dec3b76ca62ac9b17c3045844ac6354a55ebf19fd8aa10a67d4eb225f05d20,456363,,,,,corpus AU_corpus_2026-09-19: from AU_ws_2026-09-15,,2002-12-10,,InForce
0.2.0,,au-cctoma2006-001,AU,https://www.legislation.gov.au/C2006A00125/2010-03-01/2010-03-01/text/original/epub,2026-09-15T15:22:19Z,html,,raw/au/corporations_aboriginal_and_torres_strait_islander_consequential_transitional_and_other_measures_act_2006/20260915T1522Z__page.html,"Corporations (Aboriginal and Torres Strait Islander) Consequential, Transitional and Other Measures Act 2006","No. 125, 2006",,,requests,200,raw/au/corporations_aboriginal_and_torres_strait_islander_consequential_transitional_and_other_measures_act_2006/20260915T1522Z__page.html.headers.json,text/html,daa38b85fc7820c92d200a78bd5f827ed76c63ffee10228caffbfb90728677ca,388609,,,,,corpus AU_corpus_2026-09-19: from AU_ws_2026-09-15,,2006-11-04,,InForce
0.2.0,,au-rrrvaa2009-001,AU,https://www.legislation.gov.au/C2009A00125/2024-10-14/2024-10-14/text/original/epub,2026-09-15T15:36:49Z,html,,raw/au/resale_royalty_right_for_visual_artists_act_2009/20260915T1536Z__page.html,Resale Royalty Right for Visual Artists Act 2009,"No. 125, 2009",,,requests,200,raw/au/resale_royalty_right_for_visual_artists_act_2009/20260915T1536Z__page.html.headers.json,text/html,63397047b5e25ee28a8a09ab5adeea3ba79614ca8d0ba61c867aa7c8b88f497e,169390,,,,,corpus AU_corpus_2026-09-19: from AU_ws_2026-09-15,,2009-12-09,,InForce
0.2.0,,au-hreoca1986-001,AU,https://www.legislation.gov.au/C2004A03367/asmade/1986-12-06/text/original/pdf,2026-09-15T14:22:30Z,pdf_native,false,raw/au/human_rights_and_equal_opportunity_commission_transitional_provisions_and_consequential_amendments_act_1986/20260915T1422Z__native.pdf,Human Rights and Equal Opportunity Commission (Transitional Provisions and Consequential Amendments) Act 1986,"No. 126, 1986",,,requests,200,raw/au/human_rights_and_equal_opportunity_commission_transitional_provisions_and_consequential_amendments_act_1986/20260915T1422Z__native.pdf.headers.json,application/pdf,73d977fac3fa7c366d709cafdb8e789db61c4c720dc2cde6e30b74e19d7e2925,2088912,36,,,,corpus AU_corpus_2026-09-19: from AU_ws_2026-09-15,,1986-12-06,,InForce
0.2.0,,au-nepca1994-001,AU,https://www.legislation.gov.au/C2004A04799/2021-07-01/2021-07-01/text/original/epub,2026-09-15T14:57:22Z,html,,raw/au/national_environment_protection_council_act_1994/20260915T1457Z__page.html,National Environment Protection Council Act 1994,"No. 126, 1994",,,requests,200,raw/au/national_environment_protection_council_act_1994/20260915T1457Z__page.html.headers.json,text/html,5efa362f0bb6463d9d4039f731d4d85b7cbb34800225053b7ddbd478de82057e,318334,,,,,corpus AU_corpus_2026-09-19: from AU_ws_2026-09-15,,1994-10-18,,InForce
0.2.0,,au-opsgga1995fc79-001,AU,https://www.legislation.gov.au/C2004A04976/2026-07-01/2026-07-01/text/original/epub,2026-09-15T15:02:26Z,html,,raw/au/ozone_protection_and_synthetic_greenhouse_gas_import_levy_act_1995/20260915T1502Z__page.html,Ozone Protection and Synthetic Greenhouse Gas (Import Levy) Act 1995,"No. 126, 1995",,,requests,200,raw/au/ozone_protection_and_synthetic_greenhouse_gas_import_levy_act_1995/20260915T1502Z__page.html.headers.json,text/html,f0fa6fec2fe6197246ebbfe224455fa2ccacdc674cac114172a9051918898187,75672,,,,,corpus AU_corpus_2026-09-19: from AU_ws_2026-09-15,,1995-11-02,,InForce
0.2.0,,au-migaa1997-001,AU,https://www.legislation.gov.au/C2004A05219/2026-04-09/2026-04-09/text/original/epub,2026-09-15T15:10:12Z,html,,raw/au/multilateral_investment_guarantee_agency_act_1997/20260915T1510Z__page.html,Multilateral Investment Guarantee Agency Act 1997,"No. 126, 1997",,,requests,200,raw/au/multilateral_investment_guarantee_agency_act_1997/20260915T1510Z__page.html.headers.json,text/html,28d1a8baa4079a850768e8c76a02b02fd499622109648b0229c9b6e3dfa0cb5f,47943,,,,,corpus AU_corpus_2026-09-19: from AU_ws_2026-09-15,,1997-09-15,,InForce
0.2.0,,au-apmca1998-001,AU,https://www.legislation.gov.au/C2004A00389/2016-03-10/2016-03-10/text/original/epub,2026-09-15T13:21:48Z,html,,raw/au/anti_personnel_mines_convention_act_1998/20260915T1321Z__page.html,Anti-Personnel Mines Convention Act 1998,"No. 126, 1998",,,requests,200,raw/au/anti_personnel_mines_convention_act_1998/20260915T1321Z__page.html.headers.json,text/html,1cb97ffc5bf3b6089d4e2d3d65659e8c984d1652841326299faf189ac01755bd,201277,,,,,corpus AU_corpus_2026-09-19: from AU_ws_2026-09-15,,1998-12-21,,InForce
0.2.0,,au-bnra2011-001,AU,https://www.legislation.gov.au/C2011A00126/2026-07-01/2026-07-01/text/original/epub,2026-09-15T15:46:17Z,html,,raw/au/business_names_registration_act_2011/20260915T1546Z__page.html,Business Names Registration Act 2011,"No. 126, 2011",,,requests,200,raw/au/business_names_registration_act_2011/20260915T1546Z__page.html.headers.json,text/html,5919536b3c0910273ea46354c682d250abff5a37e5b6297dcfa6b0f7be0b77d1,464155,,,,,corpus AU_corpus_2026-09-19: from AU_ws_2026-09-15,,2011-11-03,,InForce
0.2.0,,au-tsgrsa2021-001,AU,https://www.legislation.gov.au/C2021A00126/asmade/2021-12-07/text/original/pdf,2026-09-15T16:33:53Z,pdf_native,false,raw/au/territories_stolen_generations_redress_scheme_facilitation_act_2021/20260915T1633Z__native.pdf,Territories Stolen Generations Redress Scheme (Facilitation) Act 2021,"No. 126, 2021",,,requests,200,raw/au/territories_stolen_generations_redress_scheme_facilitation_act_2021/20260915T1633Z__native.pdf.headers.json,application/pdf,82ba0c049a47b099142e3be1a5ca0811caacca4ef795e4df02fcbf6c97b041c8,521627,9,,,,corpus AU_corpus_2026-09-19: from AU_ws_2026-09-15,,2021-12-07,,InForce
0.2.0,,au-sa1999-001,AU,https://www.legislation.gov.au/C2004A00518/2022-09-28/2022-09-28/text/original/epub,2026-09-15T13:27:43Z,html,,raw/au/superannuation_unclaimed_money_and_lost_members_act_1999/20260915T1327Z__page.html,Superannuation (Unclaimed Money and Lost Members) Act 1999,"No. 127, 1999",,,requests,200,raw/au/superannuation_unclaimed_money_and_lost_members_act_1999/20260915T1327Z__page.html.headers.json,text/html,5ef3c0ae9e3d434ae9269b9f7e64acd092a6624968ebfb379eab1a9e3bdac34d,788519,,,,,corpus AU_corpus_2026-09-19: from AU_ws_2026-09-15,,1999-10-13,,InForce
0.2.0,,au-cela2000-001,AU,https://www.legislation.gov.au/C2004A00720/asmade/2000-10-26/text/original/pdf,2026-09-15T13:32:32Z,pdf_native,false,raw/au/commonwealth_electoral_legislation_provision_of_information_act_2000/20260915T1332Z__native.pdf,Commonwealth Electoral Legislation (Provision of Information) Act 2000,"No. 127, 2000",,,requests,200,raw/au/commonwealth_electoral_legislation_provision_of_information_act_2000/20260915T1332Z__native.pdf.headers.json,application/pdf,f963b2816c432e622bf30f4a2fbb1880536d300d0c3e1f4ee510948f44fdf1a1,22274,7,,,,corpus AU_corpus_2026-09-19: from AU_ws_2026-09-15,,2000-10-26,,InForce
0.2.0,,au-bnra2011de35-001,AU,https://www.legislation.gov.au/C2011A00127/2026-06-30/2026-06-30/text/original/epub,2026-09-15T15:46:28Z,html,,raw/au/business_names_registration_transitional_and_consequential_provisions_act_2011/20260915T1546Z__page.html,Business Names Registration (Transitional and Consequential Provisions) Act 2011,"No. 127, 2011",,,requests,200,raw/au/business_names_registration_transitional_and_consequential_provisions_act_2011/20260915T1546Z__page.html.headers.json,text/html,d0d1efd7800850aa2ba1f69e43898d0058899984b14a658b57b3f8af885697d2,205755,,,,,corpus AU_corpus_2026-09-19: from AU_ws_2026-09-15,,2011-11-03,,InForce
0.2.0,,au-scta1999-001,AU,https://www.legislation.gov.au/C2004A00519/asmade/1997-06-02/text/original/pdf,2026-09-15T13:27:53Z,pdf_native,false,raw/au/superannuation_unclaimed_money_and_lost_members_consequential_and_transitional_act_1999/20260915T1327Z__native.pdf,Superannuation (Unclaimed Money and Lost Members) Consequential and Transitional Act 1999,"No. 128, 1999",,,requests,200,raw/au/superannuation_unclaimed_money_and_lost_members_consequential_and_transitional_act_1999/20260915T1327Z__native.pdf.headers.json,application/pdf,aa41cc1ed7e0470b9a2b3ca79a9ee16894ec866f1c7d3e130cb53a5c15f71c96,687376,23,,,,corpus AU_corpus_2026-09-19: from AU_ws_2026-09-15,,1999-10-13,,InForce
0.2.0,,au-pjclea2010-001,AU,https://www.legislation.gov.au/C2010A00128/2026-06-04/2026-06-04/text/original/epub,2026-09-15T15:41:16Z,html,,raw/au/parliamentary_joint_committee_on_law_enforcement_act_2010/20260915T1541Z__page.html,Parliamentary Joint Committee on Law Enforcement Act 2010,"No. 128, 2010",,,requests,200,raw/au/parliamentary_joint_committee_on_law_enforcement_act_2010/20260915T1541Z__page.html.headers.json,text/html,2c636475c50c511fef109aed62ce571493f3c86e5f31ed15f3b01a0893d55846,62903,,,,,corpus AU_corpus_2026-09-19: from AU_ws_2026-09-15,,2010-11-24,,InForce
0.2.0,,au-bnra20118bad-001,AU,https://www.legislation.gov.au/C2011A00128/2022-06-22/2022-06-22/text/original/epub,2026-09-15T15:46:39Z,html,,raw/au/business_names_registration_fees_act_2011/20260915T1546Z__page.html,Business Names Registration (Fees) Act 2011,"No. 128, 2011",,,requests,200,raw/au/business_names_registration_fees_act_2011/20260915T1546Z__page.html.headers.json,text/html,ca914a01bdc77e67106b6d3fcd3b6d61bbe3a8d071ec07d451f1141f6ecc1bee,38845,,,,,corpus AU_corpus_2026-09-19: from AU_ws_2026-09-15,,2011-11-03,,InForce
0.2.0,,au-na2012-001,AU,https://www.legislation.gov.au/C2012A00128/2025-02-15/2025-02-15/text/original/epub,2026-09-15T15:54:29Z,html,,raw/au/navigation_act_2012/20260915T1554Z__page.html,Navigation Act 2012,"No. 128, 2012",,,requests,200,raw/au/navigation_act_2012/20260915T1554Z__page.html.headers.json,text/html,472657ae7a297ff920700fb0b2b61cabbc752d0616806d13e028ee879307e93a,1163725,,,,,corpus AU_corpus_2026-09-19: from AU_ws_2026-09-15,,2012-09-13,,InForce
0.2.0,,au-csa2013-001,AU,https://www.legislation.gov.au/C2013A00128/2024-10-14/2024-10-14/text/original/epub,2026-09-15T16:02:06Z,html,,raw/au/court_security_act_2013/20260915T1602Z__page.html,Court Security Act 2013,"No. 128, 2013",,,requests,200,raw/au/court_security_act_2013/20260915T1602Z__page.html.headers.json,text/html,d5167c093d5ade2d5ab8b08eb34d4330f98f29b80785bd2d2c4b3c4a333af986,217233,,,,,corpus AU_corpus_2026-09-19: from AU_ws_2026-09-15,,2013-07-01,,InForce
0.2.0,,au-nsera2019-001,AU,https://www.legislation.gov.au/C2019A00128/asmade/2019-12-12/text/original/pdf,2026-09-15T16:26:03Z,pdf_native,false,raw/au/national_self_exclusion_register_cost_recovery_levy_act_2019/20260915T1626Z__native.pdf,National Self-exclusion Register (Cost Recovery Levy) Act 2019,"No. 128, 2019",,,requests,200,raw/au/national_self_exclusion_register_cost_recovery_levy_act_2019/20260915T1626Z__native.pdf.headers.json,application/pdf,dbc659be8b4379fd0843930e901d605e2f481dd0d0264374b6e9e98896d8519c,543654,11,,,,corpus AU_corpus_2026-09-19: from AU_ws_2026-09-15,,2019-12-12,,InForce
0.2.0,,au-neda2020-001,AU,https://www.legislation.gov.au/C2020A00128/2026-05-27/2026-05-27/text/original/epub,2026-09-15T16:30:25Z,html,,raw/au/national_emergency_declaration_act_2020/20260915T1630Z__page.html,National Emergency Declaration Act 2020,"No. 128, 2020",,,requests,200,raw/au/national_emergency_declaration_act_2020/20260915T1630Z__page.html.headers.json,text/html,7da3fcedfe8fc5b38d90759d14946b3e7f89435e326a630bd363bfac3cf07c9b,123114,,,,,corpus AU_corpus_2026-09-19: from AU_ws_2026-09-15,,2020-12-15,,InForce
0.2.0,,au-ebrda1990-001,AU,https://www.legislation.gov.au/C2004A04060/2026-04-09/2026-04-09/text/original/epub,2026-09-15T14:37:25Z,html,,raw/au/european_bank_for_reconstruction_and_development_act_1990/20260915T1437Z__page.html,European Bank for Reconstruction and Development Act 1990,"No. 129, 1990",,,requests,200,raw/au/european_bank_for_reconstruction_and_development_act_1990/20260915T1437Z__page.html.headers.json,text/html,5340c7dd73f2d50a24d77cbd149bbb2e71ba19b483acc4be474533a65971b52f,51901,,,,,corpus AU_corpus_2026-09-19: from AU_ws_2026-09-15,,1990-12-28,,InForce
0.2.0,,au-nepma1998-001,AU,https://www.legislation.gov.au/C2004A00392/2024-10-14/2024-10-14/text/original/epub,2026-09-15T13:22:11Z,html,,raw/au/national_environment_protection_measures_implementation_act_1998/20260915T1322Z__page.html,National Environment Protection Measures (Implementation) Act 1998,"No. 129, 1998",,,requests,200,raw/au/national_environment_protection_measures_implementation_act_1998/20260915T1322Z__page.html.headers.json,text/html,e6a835274edd8b40c69300c65a37ae518c2777f09b35b0b00408dc4b72b701e0,217013,,,,,corpus AU_corpus_2026-09-19: from AU_ws_2026-09-15,,1998-12-21,,InForce
0.2.0,,au-rea2000-001,AU,https://www.legislation.gov.au/C2004A00722/2018-06-19/2018-06-19/text/original/epub,2026-09-15T13:32:47Z,html,,raw/au/renewable_energy_electricity_large_scale_generation_shortfall_charge_act_2000/20260915T1332Z__page.html,Renewable Energy (Electricity) (Large-scale Generation Shortfall Charge) Act 2000,"No. 129, 2000",,,requests,200,raw/au/renewable_energy_electricity_large_scale_generation_shortfall_charge_act_2000/20260915T1332Z__page.html.headers.json,text/html,6a86daabd4ebefd621cd9805b2d4076131e6f51f65e30adb6036b6ee0068ad7d,37567,,,,,corpus AU_corpus_2026-09-19: from AU_ws_2026-09-15,,2000-10-26,,InForce
0.2.0,,au-sa2003aa72-001,AU,https://www.legislation.gov.au/C2004A01214/2016-03-10/2016-03-10/text/original/epub,2026-09-15T13:46:02Z,html,,raw/au/spam_act_2003/20260915T1346Z__page.html,Spam Act 2003,"No. 129, 2003",,,requests,200,raw/au/spam_act_2003/20260915T1346Z__page.html.headers.json,text/html,96e40d3d7f13a524fcdb6ed8beb03da5eda3ee158060bff8916b07cb54d49f6a,287229,,,,,corpus AU_corpus_2026-09-19: from AU_ws_2026-09-15,,2003-12-12,,InForce
0.2.0,,au-gsldwfaa2008-001,AU,https://www.legislation.gov.au/C2008A00129/asmade/2008-11-27/text/original/pdf,2026-09-15T15:32:05Z,pdf_native,false,raw/au/guarantee_scheme_for_large_deposits_and_wholesale_funding_appropriation_act_2008/20260915T1532Z__native.pdf,Guarantee Scheme for Large Deposits and Wholesale Funding Appropriation Act 2008,"No. 129, 2008",,,requests,200,raw/au/guarantee_scheme_for_large_deposits_and_wholesale_funding_appropriation_act_2008/20260915T1532Z__native.pdf.headers.json,application/pdf,46e33bbf8547f17bfd5b0f4af1a928e35284722cad085e52ceab562074ee0342,19731,7,,,,corpus AU_corpus_2026-09-19: from AU_ws_2026-09-15,,2008-11-27,,InForce
0.2.0,,au-gpa2018-001,AU,https://www.legislation.gov.au/C2018A00129/2021-09-01/2021-09-01/text/original/epub,2026-09-15T16:20:38Z,html,,raw/au/government_procurement_judicial_review_act_2018/20260915T1620Z__page.html,Government Procurement (Judicial Review) Act 2018,"No. 129, 2018",,,requests,200,raw/au/government_procurement_judicial_review_act_2018/20260915T1620Z__page.html.headers.json,text/html,046368e88109aab486db61c9fd3258f36e7bed2efc830ede4c580778a000aff1,98569,,,,,corpus AU_corpus_2026-09-19: from AU_ws_2026-09-15,,2018-10-19,,InForce
0.2.0,,au-sa2024-001,AU,https://www.legislation.gov.au/C2024A00129/asmade/2024-12-10/text/original/pdf,2026-09-15T16:47:49Z,pdf_native,false,raw/au/superannuation_objective_act_2024/20260915T1647Z__native.pdf,Superannuation (Objective) Act 2024,"No. 129, 2024",,,requests,200,raw/au/superannuation_objective_act_2024/20260915T1647Z__native.pdf.headers.json,application/pdf,d52bf4ee15fd967f98fca0f5a30d688325304910bffeb56d85eb1364b0b89aca,231110,11,,,,corpus AU_corpus_2026-09-19: from AU_ws_2026-09-15,,2024-12-10,,InForce
0.2.0,,au-sira1949-001,AU,https://www.legislation.gov.au/C1949A00013/2022-09-14/2022-09-14/text/original/epub,2026-09-15T12:49:25Z,html,,raw/au/science_and_industry_research_act_1949/20260915T1249Z__page.html,Science and Industry Research Act 1949,"No. 13, 1949",,,requests,200,raw/au/science_and_industry_research_act_1949/20260915T1249Z__page.html.headers.json,text/html,edb87bebe83da8591e023d1ec6cfce5572a40917714a895d8d6bb917aef4b916,224648,,,,,corpus AU_corpus_2026-09-19: from AU_ws_2026-09-15,,1949-03-25,,InForce
0.2.0,,au-jea1965-001,AU,https://www.legislation.gov.au/C1965A00013/asmade/2013-01-01/text/original/pdf,2026-09-15T13:00:51Z,pdf_native,false,raw/au/jury_exemption_act_1965/20260915T1300Z__native.pdf,Jury Exemption Act 1965,"No. 13, 1965",,,requests,200,raw/au/jury_exemption_act_1965/20260915T1300Z__native.pdf.headers.json,application/pdf,29a6ccaa831289f5ee5849db0a87a63e5df4e286b11cd19e6181d8c2b8f4fd8c,124878,2,,,,corpus AU_corpus_2026-09-19: from AU_ws_2026-09-15; flags as_made_short_act,,1965-05-18,,InForce
0.2.0,,au-ctsa1972-001,AU,https://www.legislation.gov.au/C1972A00013/asmade/1989-05-11/text/original/pdf,2026-09-15T13:08:07Z,pdf_native,false,raw/au/commonwealth_teaching_service_act_1972/20260915T1308Z__native.pdf,Commonwealth Teaching Service Act 1972,"No. 13, 1972",,,requests,200,raw/au/commonwealth_teaching_service_act_1972/20260915T1308Z__native.pdf.headers.json,application/pdf,b1a66421a89abc44bf8fdadc6ca14db4380f5e0d040cff500c147fa028613978,938032,22,,,,corpus AU_corpus_2026-09-19: from AU_ws_2026-09-15,,1972-04-17,,InForce
0.2.0,,au-cfmla1990-001,AU,https://www.legislation.gov.au/C2004A04088/asmade/2012-09-22/text/original/pdf,2026-09-15T14:37:39Z,pdf_native,false,raw/au/commonwealth_funds_management_limited_act_1990/20260915T1437Z__native.pdf,Commonwealth Funds Management Limited Act 1990,"No. 13, 1991",,,requests,200,raw/au/commonwealth_funds_management_limited_act_1990/20260915T1437Z__native.pdf.headers.json,application/pdf,6661e38665b378b3f5a3ffdf0e08c435d842934bf5dacefbdc0d904aa8cded3b,1402136,27,,,,corpus AU_corpus_2026-09-19: from AU_ws_2026-09-15,,1991-01-21,,InForce
0.2.0,,au-casa2000-001,AU,https://www.legislation.gov.au/C2004A00605/2019-08-30/2019-08-30/text/original/epub,2026-09-15T13:30:22Z,html,,raw/au/crimes_at_sea_act_2000/20260915T1330Z__page.html,Crimes at Sea Act 2000,"No. 13, 2000",,,requests,200,raw/au/crimes_at_sea_act_2000/20260915T1330Z__page.html.headers.json,text/html,7e6f3fc7374d358afb68794e64a18671d55bc4cc79f66ece450a20a96b2bba8a,146250,,,,,corpus AU_corpus_2026-09-19: from AU_ws_2026-09-15,,2000-03-31,,InForce
0.2.0,,au-sa20072a4d-001,AU,https://www.legislation.gov.au/C2007A00013/2016-12-02/2016-12-02/text/original/epub,2026-09-15T15:24:49Z,html,,raw/au/superannuation_departing_australia_superannuation_payments_tax_act_2007/20260915T1524Z__page.html,Superannuation (Departing Australia Superannuation Payments Tax) Act 2007,"No. 13, 2007",,,requests,200,raw/au/superannuation_departing_australia_superannuation_payments_tax_act_2007/20260915T1524Z__page.html.headers.json,text/html,04745551b34c79e4dc66c8ee4883ed136942848374519b909540a3a1088c9bb1,44044,,,,,corpus AU_corpus_2026-09-19: from AU_ws_2026-09-15,,2007-03-15,,InForce
0.2.0,,au-sanfsaaa2008-001,AU,https://www.legislation.gov.au/C2008A00013/2016-03-05/2016-03-05/text/original/epub,2026-09-15T15:28:50Z,html,,raw/au/screen_australia_and_the_national_film_and_sound_archive_of_australia_consequential_and_transitional_provisions_act_2008/20260915T1528Z__page.html,Screen Australia and the National Film and Sound Archive of Australia (Consequential and Transitional Provisions) Act 2008,"No. 13, 2008",,,requests,200,raw/au/screen_australia_and_the_national_film_and_sound_archive_of_australia_consequential_and_transitional_provisions_act_2008/20260915T1528Z__page.html.headers.json,text/html,138e76347c251305ede4eec28be5f43778f55ef93108a0ea12f30ad791123a2e,163052,,,,,corpus AU_corpus_2026-09-19: from AU_ws_2026-09-15,,2008-03-20,,InForce
0.2.0,,au-tasa2009-001,AU,https://www.legislation.gov.au/C2009A00013/2025-02-21/2025-02-21/text/original/epub,2026-09-15T15:34:13Z,html,,raw/au/tax_agent_services_act_2009/20260915T1534Z__page.html,Tax Agent Services Act 2009,"No. 13, 2009",,,requests,200,raw/au/tax_agent_services_act_2009/20260915T1534Z__page.html.headers.json,text/html,ee6f78c29298ff3eabd41ff9bea98909039a2eb3959506585485fbd28cfd369c,567331,,,,,corpus AU_corpus_2026-09-19: from AU_ws_2026-09-15,,2009-03-26,,InForce
0.2.0,,au-nvetra2011eece-001,AU,https://www.legislation.gov.au/C2011A00013/2024-03-29/2024-03-29/text/original/epub,2026-09-15T15:42:26Z,html,,raw/au/national_vocational_education_and_training_regulator_transitional_provisions_act_2011/20260915T1542Z__page.html,National Vocational Education and Training Regulator (Transitional Provisions) Act 2011,"No. 13, 2011",,,requests,200,raw/au/national_vocational_education_and_training_regulator_transitional_provisions_act_2011/20260915T1542Z__page.html.headers.json,text/html,646c71f233bf2f18fce13aec0857bdb54bff76e6caf72210205545fc6cb110bf,230810,,,,,corpus AU_corpus_2026-09-19: from AU_ws_2026-09-15,,2011-04-12,,InForce
0.2.0,,au-fhsa2014ae07-001,AU,https://www.legislation.gov.au/C2014A00013/2014-09-05/2014-09-05/text/original/epub,2026-09-15T16:03:11Z,html,,raw/au/farm_household_support_consequential_and_transitional_provisions_act_2014/20260915T1603Z__page.html,Farm Household Support (Consequential and Transitional Provisions) Act 2014,"No. 13, 2014",,,requests,200,raw/au/farm_household_support_consequential_and_transitional_provisions_act_2014/20260915T1603Z__page.html.headers.json,text/html,c77124df867c7e92f117d275e1b4fb4a4e55dc751fd275998d442b624a6c7201,118628,,,,,corpus AU_corpus_2026-09-19: from AU_ws_2026-09-15,,2014-03-28,,InForce
0.2.0,,au-ica2019b18b-001,AU,https://www.legislation.gov.au/C2019A00013/asmade/2019-03-12/text/original/pdf,2026-09-15T16:23:06Z,pdf_native,false,raw/au/industrial_chemicals_consequential_amendments_and_transitional_provisions_act_2019/20260915T1623Z__native.pdf,Industrial Chemicals (Consequential Amendments and Transitional Provisions) Act 2019,"No. 13, 2019",,,requests,200,raw/au/industrial_chemicals_consequential_amendments_and_transitional_provisions_act_2019/20260915T1623Z__native.pdf.headers.json,application/pdf,6cac17d0f64599d813d61b81371582499e7179b32844b3a66fc4b443c4565199,868138,36,,,,corpus AU_corpus_2026-09-19: from AU_ws_2026-09-15,,2019-03-12,,InForce
0.2.0,,au-fcfcaa20218af9-001,AU,https://www.legislation.gov.au/C2021A00013/asmade/2021-03-01/text/original/pdf,2026-09-15T16:31:05Z,pdf_native,false,raw/au/federal_circuit_and_family_court_of_australia_consequential_amendments_and_transitional_provisions_act_2021/20260915T1631Z__native.pdf,Federal Circuit and Family Court of Australia (Consequential Amendments and Transitional Provisions) Act 2021,"No. 13, 2021",,,requests,200,raw/au/federal_circuit_and_family_court_of_australia_consequential_amendments_and_transitional_provisions_act_2021/20260915T1631Z__native.pdf.headers.json,application/pdf,9b187135dda7f0c7e3d6a4cb09e65e178f1bac9c84a6b85d4b7c31fccda7f679,2370403,238,,,,corpus AU_corpus_2026-09-19: from AU_ws_2026-09-15,,2021-03-01,,InForce
0.2.0,,au-hosa1995-001,AU,https://www.legislation.gov.au/C2004A04980/2025-11-01/2025-11-01/text/original/epub,2026-09-15T15:02:41Z,html,,raw/au/health_and_other_services_compensation_act_1995/20260915T1502Z__page.html,Health and Other Services (Compensation) Act 1995,"No. 130, 1995",,,requests,200,raw/au/health_and_other_services_compensation_act_1995/20260915T1502Z__page.html.headers.json,text/html,339bbdb3c1302731253d50491bb1c50f22a86263e7b6467e62ebd5d0dc29cb33,354340,,,,,corpus AU_corpus_2026-09-19: from AU_ws_2026-09-15,,1995-11-14,,InForce
0.2.0,,au-ntnsa1998-001,AU,https://www.legislation.gov.au/C2004A00393/2024-10-14/2024-10-14/text/original/epub,2026-09-15T13:22:23Z,html,,raw/au/national_transmission_network_sale_act_1998/20260915T1322Z__page.html,National Transmission Network Sale Act 1998,"No. 130, 1998",,,requests,200,raw/au/national_transmission_network_sale_act_1998/20260915T1322Z__page.html.headers.json,text/html,7c20efdd1d67134bf512bfad72b9629c9284beedeb17601d045be904484d203d,132553,,,,,corpus AU_corpus_2026-09-19: from AU_ws_2026-09-15,,1998-12-21,,InForce
0.2.0,,au-ppsa2009-001,AU,https://www.legislation.gov.au/C2009A00130/2024-10-14/2024-10-14/text/original/epub,2026-09-15T15:37:04Z,html,,raw/au/personal_property_securities_act_2009/20260915T1537Z__page.html,Personal Property Securities Act 2009,"No. 130, 2009",,,requests,200,raw/au/personal_property_securities_act_2009/20260915T1537Z__page.html.headers.json,text/html,2cd5f170ce6a4c954b50d47689b0dfb338bd1adcc1ad622b3a3325bc5483990b,1570849,,,,,corpus AU_corpus_2026-09-19: from AU_ws_2026-09-15,,2009-12-14,,InForce
0.2.0,,au-sla2024-001,AU,https://www.legislation.gov.au/C2024A00130/asmade/2024-12-10/text/original/pdf,2026-09-15T16:48:03Z,pdf_native,false,raw/au/surveillance_legislation_confirmation_of_application_act_2024/20260915T1648Z__native.pdf,Surveillance Legislation (Confirmation of Application) Act 2024,"No. 130, 2024",,,requests,200,raw/au/surveillance_legislation_confirmation_of_application_act_2024/20260915T1648Z__native.pdf.headers.json,application/pdf,51c11a84b0cb1ed853de6339ede20c17a416466fb58f4c81776011fede41bf5d,225761,11,,,,corpus AU_corpus_2026-09-19: from AU_ws_2026-09-15,,2024-12-10,,InForce
0.2.0,,au-anua1991-001,AU,https://www.legislation.gov.au/C2004A04206/2014-07-01/2014-07-01/text/original/epub,2026-09-15T14:40:25Z,html,,raw/au/australian_national_university_act_1991/20260915T1440Z__page.html,Australian National University Act 1991,"No. 131, 1991",,,requests,200,raw/au/australian_national_university_act_1991/20260915T1440Z__page.html.headers.json,text/html,30a5023b5b7ad3a4aa32cd8a4861ea4dd3d6e0b0d0901bd28f8d8700bd9c1620,229874,,,,,corpus AU_corpus_2026-09-19: from AU_ws_2026-09-15,,1991-09-02,,InForce
0.2.0,,au-hoscca1995-001,AU,https://www.legislation.gov.au/C2004A04981/2016-07-01/2016-07-01/text/original/epub,2026-09-15T15:02:53Z,html,,raw/au/health_and_other_services_compensation_care_charges_act_1995/20260915T1502Z__page.html,Health and Other Services (Compensation) Care Charges Act 1995,"No. 131, 1995",,,requests,200,raw/au/health_and_other_services_compensation_care_charges_act_1995/20260915T1502Z__page.html.headers.json,text/html,a57fb8fd7cd7bfc25ae4b7d371c060c207c33dbfb1bd316111d066b861e9704c,70861,,,,,corpus AU_corpus_2026-09-19: from AU_ws_2026-09-15,,1995-11-14,,InForce
0.2.0,,au-mtofsa2003-001,AU,https://www.legislation.gov.au/C2004A01216/2026-03-27/2026-03-27/text/original/epub,2026-09-15T13:46:16Z,html,,raw/au/maritime_transport_and_offshore_facilities_security_act_2003/20260915T1346Z__page.html,Maritime Transport and Offshore Facilities Security Act 2003,"No. 131, 2003",,,requests,200,raw/au/maritime_transport_and_offshore_facilities_security_act_2003/20260915T1346Z__page.html.headers.json,text/html,398ec6be1113755b1799535e2fddef79292c2d5df84f1596cf2e523a7dd02574,1388688,,,,,corpus AU_corpus_2026-09-19: from AU_ws_2026-09-15,,2003-12-12,,InForce
0.2.0,,au-ra1983b0e5-001,AU,https://www.legislation.gov.au/C2004A02849/2021-06-17/2021-06-17/text/original/epub,2026-09-15T14:11:34Z,html,,raw/au/radiocommunications_receiver_licence_tax_act_1983/20260915T1411Z__page.html,Radiocommunications (Receiver Licence Tax) Act 1983,"No. 132, 1983",,,requests,200,raw/au/radiocommunications_receiver_licence_tax_act_1983/20260915T1411Z__page.html.headers.json,text/html,533e0b08a8887707e933a2dd54801758f17ac0bf82c7f4455920077479cb1a15,53063,,,,,corpus AU_corpus_2026-09-19: from AU_ws_2026-09-15,,1983-12-22,,InForce
0.2.0,,au-ffwta1997-001,AU,https://www.legislation.gov.au/C2004A05225/2010-12-17/2010-12-17/text/original/epub,2026-09-15T15:10:27Z,html,,raw/au/franchise_fees_windfall_tax_collection_act_1997/20260915T1510Z__page.html,Franchise Fees Windfall Tax (Collection) Act 1997,"No. 132, 1997",,,requests,200,raw/au/franchise_fees_windfall_tax_collection_act_1997/20260915T1510Z__page.html.headers.json,text/html,1e2b0eb3bc20abac997e7ba1b1262e34c46de9dfd6508c5f029c04564c00b4a2,49244,,,,,corpus AU_corpus_2026-09-19: from AU_ws_2026-09-15,,1997-09-19,,InForce
0.2.0,,au-mia2002-001,AU,https://www.legislation.gov.au/C2004A01069/2024-10-14/2024-10-14/text/original/epub,2026-09-15T13:41:24Z,html,,raw/au/medical_indemnity_act_2002/20260915T1341Z__page.html,Medical Indemnity Act 2002,"No. 132, 2002",,,requests,200,raw/au/medical_indemnity_act_2002/20260915T1341Z__page.html.headers.json,text/html,da43e5d00d09e87f7dddbb369be263a8286f72bc5cb09b2f2a7e436f3702bc60,1032687,,,,,corpus AU_corpus_2026-09-19: from AU_ws_2026-09-15,,2002-12-19,,InForce
0.2.0,,au-ita2009-001,AU,https://www.legislation.gov.au/C2009A00132/2014-06-25/2014-06-25/text/original/epub,2026-09-15T15:37:17Z,html,,raw/au/income_tax_tfn_withholding_tax_ess_act_2009/20260915T1537Z__page.html,Income Tax (TFN Withholding Tax (ESS)) Act 2009,"No. 132, 2009",,,requests,200,raw/au/income_tax_tfn_withholding_tax_ess_act_2009/20260915T1537Z__page.html.headers.json,text/html,bc65ad7b64fa8f549a4b3861c6648efaddbc8ab29ff727f531928bd4c34b65b7,35040,,,,,corpus AU_corpus_2026-09-19: from AU_ws_2026-09-15,,2009-12-14,,InForce
0.2.0,,au-gemsa2012-001,AU,https://www.legislation.gov.au/C2012A00132/2025-12-05/2025-12-05/text/original/epub,2026-09-15T15:54:41Z,html,,raw/au/greenhouse_and_energy_minimum_standards_act_2012/20260915T1554Z__page.html,Greenhouse and Energy Minimum Standards Act 2012,"No. 132, 2012",,,requests,200,raw/au/greenhouse_and_energy_minimum_standards_act_2012/20260915T1554Z__page.html.headers.json,text/html,3ae35c3e217f896acd8b064e13a03069eb221da5ef87007a1c6c1865650b10c0,594268,,,,,corpus AU_corpus_2026-09-19: from AU_ws_2026-09-15,,2012-09-21,,InForce
0.2.0,,au-agla2014-001,AU,https://www.legislation.gov.au/C2014A00132/asmade/2014-12-12/text/original/pdf,2026-09-15T16:06:45Z,pdf_native,false,raw/au/act_government_loan_act_2014/20260915T1606Z__native.pdf,ACT Government Loan Act 2014,"No. 132, 2014",,,requests,200,raw/au/act_government_loan_act_2014/20260915T1606Z__native.pdf.headers.json,application/pdf,735371cc3bbee940d9694ae4d483a78927fef2dad0b2afa5826163744f0bcbb9,239126,7,,,,corpus AU_corpus_2026-09-19: from AU_ws_2026-09-15,,2014-12-12,,InForce
0.2.0,,au-ta2024-001,AU,https://www.legislation.gov.au/C2024A00132/asmade/2024-12-10/text/original/pdf,2026-09-15T16:48:13Z,pdf_native,false,raw/au/taxation_multinational_global_and_domestic_minimum_tax_act_2024/20260915T1648Z__native.pdf,Taxation (Multinational—Global and Domestic Minimum Tax) Act 2024,"No. 132, 2024",,,requests,200,raw/au/taxation_multinational_global_and_domestic_minimum_tax_act_2024/20260915T1648Z__native.pdf.headers.json,application/pdf,b278911974abbad03ba255c1e55c3b0f1d8b44dc78623288d15bb6f5598a078b,333397,45,,,,corpus AU_corpus_2026-09-19: from AU_ws_2026-09-15,,2024-12-10,,InForce
0.2.0,,au-rtca1983-001,AU,https://www.legislation.gov.au/C2004A02850/2019-03-02/2019-03-02/text/original/epub,2026-09-15T14:11:45Z,html,,raw/au/radiocommunications_taxes_collection_act_1983/20260915T1411Z__page.html,Radiocommunications Taxes Collection Act 1983,"No. 133, 1983",,,requests,200,raw/au/radiocommunications_taxes_collection_act_1983/20260915T1411Z__page.html.headers.json,text/html,bfffb3627e2125597a7130c6588d0854b2acec86bb21d2900aa6ebed39d8622d,88163,,,,,corpus AU_corpus_2026-09-19: from AU_ws_2026-09-15,,1983-12-22,,InForce
0.2.0,,au-ffwta1997c5f0-001,AU,https://www.legislation.gov.au/C2004A05226/asmade/1997-08-05/text/original/pdf,2026-09-15T15:10:41Z,pdf_native,false,raw/au/franchise_fees_windfall_tax_imposition_act_1997/20260915T1510Z__native.pdf,Franchise Fees Windfall Tax (Imposition) Act 1997,"No. 133, 1997",,,requests,200,raw/au/franchise_fees_windfall_tax_imposition_act_1997/20260915T1510Z__native.pdf.headers.json,application/pdf,8c1b4338f020395aa19df045d8ed10816fb7741b611aa7773838d9f1352838c3,22160,8,,,,corpus AU_corpus_2026-09-19: from AU_ws_2026-09-15,,1997-09-19,,InForce
0.2.0,,au-arpnsa1998-001,AU,https://www.legislation.gov.au/C2004A00383/2024-10-14/2024-10-14/text/original/epub,2026-09-15T13:21:23Z,html,,raw/au/australian_radiation_protection_and_nuclear_safety_act_1998/20260915T1321Z__page.html,Australian Radiation Protection and Nuclear Safety Act 1998,"No. 133, 1998",,,requests,200,raw/au/australian_radiation_protection_and_nuclear_safety_act_1998/20260915T1321Z__page.html.headers.json,text/html,585eb50c066638d4eaa2f8c259291398491d9804fb8e798afa8784b6db6e0554,335508,,,,,corpus AU_corpus_2026-09-19: from AU_ws_2026-09-15,,1998-12-24,,InForce
0.2.0,,au-gemsa20129898-001,AU,https://www.legislation.gov.au/C2012A00133/asmade/2012-09-21/text/original/pdf,2026-09-15T15:54:53Z,pdf_native,false,raw/au/greenhouse_and_energy_minimum_standards_registration_fees_act_2012/20260915T1554Z__native.pdf,Greenhouse and Energy Minimum Standards (Registration Fees) Act 2012,"No. 133, 2012",,,requests,200,raw/au/greenhouse_and_energy_minimum_standards_registration_fees_act_2012/20260915T1554Z__native.pdf.headers.json,application/pdf,54e257d6c87371a669f9723f4cf18c4d23aa2bad50109de05ddc0fa438506a84,155315,10,,,,corpus AU_corpus_2026-09-19: from AU_ws_2026-09-15,,2012-09-21,,InForce
0.2.0,,au-pida2013-001,AU,https://www.legislation.gov.au/C2013A00133/2026-06-04/2026-06-04/text/original/epub,2026-09-15T16:02:20Z,html,,raw/au/public_interest_disclosure_act_2013/20260915T1602Z__page.html,Public Interest Disclosure Act 2013,"No. 133, 2013",,,requests,200,raw/au/public_interest_disclosure_act_2013/20260915T1602Z__page.html.headers.json,text/html,1aa129f433ee2204b25c815ea5f2856afab187ca8e2834a656d2005ec4d33b91,622464,,,,,corpus AU_corpus_2026-09-19: from AU_ws_2026-09-15,,2013-07-15,,InForce
0.2.0,,au-fhssta2017-001,AU,https://www.legislation.gov.au/C2017A00133/asmade/2017-12-13/text/original/pdf,2026-09-15T16:18:45Z,pdf_native,false,raw/au/first_home_super_saver_tax_act_2017/20260915T1618Z__native.pdf,First Home Super Saver Tax Act 2017,"No. 133, 2017",,,requests,200,raw/au/first_home_super_saver_tax_act_2017/20260915T1618Z__native.pdf.headers.json,application/pdf,1057b8f1bc763790dd70bf8088bf24902fb75bb48e1214326f9fc15c8bc8edb6,430000,7,,,,corpus AU_corpus_2026-09-19: from AU_ws_2026-09-15,,2017-12-13,,InForce
0.2.0,,au-tia2024-001,AU,https://www.legislation.gov.au/C2024A00133/asmade/2024-12-10/text/original/pdf,2026-09-15T16:48:24Z,pdf_native,false,raw/au/taxation_multinational_global_and_domestic_minimum_tax_imposition_act_2024/20260915T1648Z__native.pdf,Taxation (Multinational—Global and Domestic Minimum Tax) Imposition Act 2024,"No. 133, 2024",,,requests,200,raw/au/taxation_multinational_global_and_domestic_minimum_tax_imposition_act_2024/20260915T1648Z__native.pdf.headers.json,application/pdf,054567e4aee5894e36f73ef2f44cd4180ee21f6af2bb2170822ca6400f7a5369,192788,7,,,,corpus AU_corpus_2026-09-19: from AU_ws_2026-09-15,,2024-12-10,,InForce
0.2.0,,au-saca1995-001,AU,https://www.legislation.gov.au/C2004A04984/2024-10-14/2024-10-14/text/original/epub,2026-09-15T15:03:07Z,html,,raw/au/sydney_airport_curfew_act_1995/20260915T1503Z__page.html,Sydney Airport Curfew Act 1995,"No. 134, 1995",,,requests,200,raw/au/sydney_airport_curfew_act_1995/20260915T1503Z__page.html.headers.json,text/html,cb212a2657f827d5294fc09641c0080bed192a665eab1745c57b872e1683db16,141223,,,,,corpus AU_corpus_2026-09-19: from AU_ws_2026-09-15,,1995-11-22,,InForce
0.2.0,,au-arpnsa19983ed2-001,AU,https://www.legislation.gov.au/C2004A00384/1999-02-05/1999-02-05/text/original/epub,2026-09-15T13:21:36Z,html,,raw/au/australian_radiation_protection_and_nuclear_safety_licence_charges_act_1998/20260915T1321Z__page.html,Australian Radiation Protection and Nuclear Safety (Licence Charges) Act 1998,"No. 134, 1998",,,requests,200,raw/au/australian_radiation_protection_and_nuclear_safety_licence_charges_act_1998/20260915T1321Z__page.html.headers.json,text/html,ad0fa2cfc29d3817f06590b06139ef9533121d465b0ff6831c8fd034b4f6d963,20641,,,,,corpus AU_corpus_2026-09-19: from AU_ws_2026-09-15,,1998-12-24,,InForce
0.2.0,,au-hita2000-001,AU,https://www.legislation.gov.au/C2004A00727/2018-12-01/2018-12-01/text/original/epub,2026-09-15T13:33:02Z,html,,raw/au/health_insurance_approved_pathology_specimen_collection_centres_tax_act_2000/20260915T1333Z__page.html,Health Insurance (Approved Pathology Specimen Collection Centres) Tax Act 2000,"No. 134, 2000",,,requests,200,raw/au/health_insurance_approved_pathology_specimen_collection_centres_tax_act_2000/20260915T1333Z__page.html.headers.json,text/html,da27d4e287104513c1de18433fbb557b9b4c995bdd8877cb76f44068e04b9799,35390,,,,,corpus AU_corpus_2026-09-19: from AU_ws_2026-09-15,,2000-11-24,,InForce
0.2.0,,au-ssra2008-001,AU,https://www.legislation.gov.au/C2008A00134/2015-07-01/2015-07-01/text/original/epub,2026-09-15T15:32:16Z,html,,raw/au/same_sex_relationships_equal_treatment_in_commonwealth_laws_superannuation_act_2008/20260915T1532Z__page.html,Same-Sex Relationships (Equal Treatment in Commonwealth Laws—Superannuation) Act 2008,"No. 134, 2008",,,requests,200,raw/au/same_sex_relationships_equal_treatment_in_commonwealth_laws_superannuation_act_2008/20260915T1532Z__page.html.headers.json,text/html,b9a5706091d1350224ba22971fab919028e909d889f744543933d704341f260c,194013,,,,,corpus AU_corpus_2026-09-19: from AU_ws_2026-09-15,,2008-12-04,,InForce
0.2.0,,au-nccpa2009f78b-001,AU,https://www.legislation.gov.au/C2009A00134/2026-07-01/2026-07-01/text/original/epub,2026-09-15T15:37:32Z,html,,raw/au/national_consumer_credit_protection_act_2009/20260915T1537Z__page.html,National Consumer Credit Protection Act 2009,"No. 134, 2009",,,requests,200,raw/au/national_consumer_credit_protection_act_2009/20260915T1537Z__page.html.headers.json,text/html,5c9b761d9c1efc82315e000a0407a32d2522051d86baf1a9fb6742efd3fa6546,3752031,,,,,corpus AU_corpus_2026-09-19: from AU_ws_2026-09-15,,2009-12-15,,InForce
0.2.0,,au-aiiba2015-001,AU,https://www.legislation.gov.au/C2015A00134/2026-04-09/2026-04-09/text/original/epub,2026-09-15T16:11:53Z,html,,raw/au/asian_infrastructure_investment_bank_act_2015/20260915T1611Z__page.html,Asian Infrastructure Investment Bank Act 2015,"No. 134, 2015",,,requests,200,raw/au/asian_infrastructure_investment_bank_act_2015/20260915T1611Z__page.html.headers.json,text/html,2d734c53d3547aa5811b0d2c9d3f5985193dddc8bd8701ec6f43ad2f81ff058f,59821,,,,,corpus AU_corpus_2026-09-19: from AU_ws_2026-09-15,,2015-10-13,,InForce
0.2.0,,au-urda1974-001,AU,https://www.legislation.gov.au/C2004A00191/2017-03-22/2017-03-22/text/original/epub,2026-09-15T13:15:53Z,html,,raw/au/urban_and_regional_development_financial_assistance_act_1974/20260915T1315Z__page.html,Urban and Regional Development (Financial Assistance) Act 1974,"No. 135, 1974",,,requests,200,raw/au/urban_and_regional_development_financial_assistance_act_1974/20260915T1315Z__page.html.headers.json,text/html,2da63865431cc1a6955f7f22cf3ffae0b42712dd21b82bfb9045db843c71affd,52518,,,,,corpus AU_corpus_2026-09-19: from AU_ws_2026-09-15,,1974-12-09,,InForce
0.2.0,,au-craa1977-001,AU,https://www.legislation.gov.au/C2004A01773/asmade/2014-06-24/text/original/pdf,2026-09-15T13:56:22Z,pdf_native,false,raw/au/coal_research_assistance_act_1977/20260915T1356Z__native.pdf,Coal Research Assistance Act 1977,"No. 135, 1977",,,requests,200,raw/au/coal_research_assistance_act_1977/20260915T1356Z__native.pdf.headers.json,application/pdf,bbb71367f0648901b265e63e7ff194e41458743e6cc49dee6eb9195e5e266191,97562,4,,,,corpus AU_corpus_2026-09-19: from AU_ws_2026-09-15; flags as_made_short_act,,1977-11-10,,InForce
0.2.0,,au-msba1991-001,AU,https://www.legislation.gov.au/C2004A04210/2022-09-28/2022-09-28/text/original/epub,2026-09-15T14:40:38Z,html,,raw/au/military_superannuation_and_benefits_act_1991/20260915T1440Z__page.html,Military Superannuation and Benefits Act 1991,"No. 135, 1991",,,requests,200,raw/au/military_superannuation_and_benefits_act_1991/20260915T1440Z__page.html.headers.json,text/html,c8bc17b2eee9c0e8849e8f9e15d73545b6213d78b3d919b3e662d3f81c9d0057,683509,,,,,corpus AU_corpus_2026-09-19: from AU_ws_2026-09-15,,1991-09-07,,InForce
0.2.0,,au-dda1992-001,AU,https://www.legislation.gov.au/C2004A04426/2026-07-01/2026-07-01/text/original/epub,2026-09-15T14:46:41Z,html,,raw/au/disability_discrimination_act_1992/20260915T1446Z__page.html,Disability Discrimination Act 1992,"No. 135, 1992",,,requests,200,raw/au/disability_discrimination_act_1992/20260915T1446Z__page.html.headers.json,text/html,7ff61bcf8f909898ae15445a0b0e188ccf674038434713e7637d4b2805a5f273,425427,,,,,corpus AU_corpus_2026-09-19: from AU_ws_2026-09-15,,1992-11-05,,InForce
0.2.0,,au-saa2004-001,AU,https://www.legislation.gov.au/C2004A01370/2016-03-05/2016-03-05/text/original/epub,2026-09-15T13:49:53Z,html,,raw/au/schools_assistance_learning_together_achievement_through_choice_and_opportunity_act_2004/20260915T1349Z__page.html,Schools Assistance (Learning Together—Achievement Through Choice and Opportunity) Act 2004,"No. 135, 2004",,,requests,200,raw/au/schools_assistance_learning_together_achievement_through_choice_and_opportunity_act_2004/20260915T1349Z__page.html.headers.json,text/html,ea79b570b62754f5fa6f16141157ea558e4b5b812629c15e40c655003bbe0219,841876,,,,,corpus AU_corpus_2026-09-19: from AU_ws_2026-09-15,,2004-12-13,,InForce
0.2.0,,au-apbntbcofa2006-001,AU,https://www.legislation.gov.au/C2006A00135/2026-07-01/2026-07-01/text/original/epub,2026-09-15T15:22:31Z,html,,raw/au/australian_participants_in_british_nuclear_tests_and_british_commonwealth_occupation_force_treatment_act_2006/20260915T1522Z__page.html,Australian Participants in British Nuclear Tests and British Commonwealth Occupation Force (Treatment) Act 2006,"No. 135, 2006",,,requests,200,raw/au/australian_participants_in_british_nuclear_tests_and_british_commonwealth_occupation_force_treatment_act_2006/20260915T1522Z__page.html.headers.json,text/html,475b6ab9f35488dd4ecff60685801553790743aa731d7b6586e43d173a1a9d3c,231035,,,,,corpus AU_corpus_2026-09-19: from AU_ws_2026-09-15,,2006-11-30,,InForce
0.2.0,,au-nccpa20098daa-001,AU,https://www.legislation.gov.au/C2009A00135/2023-09-15/2023-09-15/text/original/epub,2026-09-15T15:37:43Z,html,,raw/au/national_consumer_credit_protection_transitional_and_consequential_provisions_act_2009/20260915T1537Z__page.html,National Consumer Credit Protection (Transitional and Consequential Provisions) Act 2009,"No. 135, 2009",,,requests,200,raw/au/national_consumer_credit_protection_transitional_and_consequential_provisions_act_2009/20260915T1537Z__page.html.headers.json,text/html,ee89039507fcc135f47724906ddd3023614946d265e9da79aed4d5525c597076,478919,,,,,corpus AU_corpus_2026-09-19: from AU_ws_2026-09-15,,2009-12-15,,InForce
0.2.0,,au-iaa1974-001,AU,https://www.legislation.gov.au/C2004A00192/2022-02-18/2022-02-18/text/original/epub,2026-09-15T13:16:08Z,html,,raw/au/international_arbitration_act_1974/20260915T1316Z__page.html,International Arbitration Act 1974,"No. 136, 1974",,,requests,200,raw/au/international_arbitration_act_1974/20260915T1316Z__page.html.headers.json,text/html,a93ada7cf06bd493266c2b6bd8aa94416169c22d592d604b3e728957053e5ff5,455419,,,,,corpus AU_corpus_2026-09-19: from AU_ws_2026-09-15,,1974-12-09,,InForce
0.2.0,,au-acaraa2008-001,AU,https://www.legislation.gov.au/C2008A00136/2024-07-06/2024-07-06/text/original/epub,2026-09-15T15:32:26Z,html,,raw/au/australian_curriculum_assessment_and_reporting_authority_act_2008/20260915T1532Z__page.html,"Australian Curriculum, Assessment and Reporting Authority Act 2008","No. 136, 2008",,,requests,200,raw/au/australian_curriculum_assessment_and_reporting_authority_act_2008/20260915T1532Z__page.html.headers.json,text/html,a4e5f3ac01b6f8108c5de4574b9d49bb411169c6f7af241ed3feb7b5494b4d76,146590,,,,,corpus AU_corpus_2026-09-19: from AU_ws_2026-09-15,,2008-12-08,,InForce
0.2.0,,au-gwlaa2013-001,AU,https://www.legislation.gov.au/C2013A00136/2014-07-01/2014-07-01/text/original/epub,2026-09-15T16:02:32Z,html,,raw/au/grape_and_wine_legislation_amendment_australian_grape_and_wine_authority_act_2013/20260915T1602Z__page.html,Grape and Wine Legislation Amendment (Australian Grape and Wine Authority) Act 2013,"No. 136, 2013",,,requests,200,raw/au/grape_and_wine_legislation_amendment_australian_grape_and_wine_authority_act_2013/20260915T1602Z__page.html.headers.json,text/html,d8ea2ec0cf6cd045104a8d734eeaacb1aa6d3a67b9ac6d276dc6506a29efa79b,335710,,,,,corpus AU_corpus_2026-09-19: from AU_ws_2026-09-15,,2013-12-13,,InForce
0.2.0,,au-hcaa1979-001,AU,https://www.legislation.gov.au/C2004A02147/2026-03-28/2026-03-28/text/original/epub,2026-09-15T14:00:48Z,html,,raw/au/high_court_of_australia_act_1979/20260915T1400Z__page.html,High Court of Australia Act 1979,"No. 137, 1979",,,requests,200,raw/au/high_court_of_australia_act_1979/20260915T1400Z__page.html.headers.json,text/html,f93c221442c51081c831055ed9b120a98a019e85710f23dc00ca1d3545dd3ad3,168302,,,,,corpus AU_corpus_2026-09-19: from AU_ws_2026-09-15,,1979-11-23,,InForce
0.2.0,,au-ra1983c48d-001,AU,https://www.legislation.gov.au/C2004A02854/2021-06-17/2021-06-17/text/original/epub,2026-09-15T14:11:59Z,html,,raw/au/radiocommunications_transmitter_licence_tax_act_1983/20260915T1411Z__page.html,Radiocommunications (Transmitter Licence Tax) Act 1983,"No. 137, 1983",,,requests,200,raw/au/radiocommunications_transmitter_licence_tax_act_1983/20260915T1411Z__page.html.headers.json,text/html,8e5d2c5aef9573be5bb4ff8602ca013cf7a7dcff22b9b87ce292fbfc4e97a699,83801,,,,,corpus AU_corpus_2026-09-19: from AU_ws_2026-09-15,,1983-12-22,,InForce
0.2.0,,au-vca2002-001,AU,https://www.legislation.gov.au/C2004A01074/2024-10-14/2024-10-14/text/original/epub,2026-09-15T13:41:35Z,html,,raw/au/venture_capital_act_2002/20260915T1341Z__page.html,Venture Capital Act 2002,"No. 137, 2002",,,requests,200,raw/au/venture_capital_act_2002/20260915T1341Z__page.html.headers.json,text/html,cccc887d816b304d3de4cc89db0e18debc72355c489337e49aa7cb437a53d11b,318229,,,,,corpus AU_corpus_2026-09-19: from AU_ws_2026-09-15,,2002-12-19,,InForce
0.2.0,,au-wa2007-001,AU,https://www.legislation.gov.au/C2007A00137/2026-09-05/2026-09-05/text/original/epub,2026-09-16T17:13:01Z,html,,raw/au/water_act_2007/20260916T1713Z__page.html,Water Act 2007,"No. 137, 2007",,,requests,200,raw/au/water_act_2007/20260916T1713Z__page.html.headers.json,text/html,257ce47e0e69a384298980661faa2a05bbc20035ded01cef112055791671a8d1,3768505,,,,,corpus AU_corpus_2026-09-19: from AU_ws_2026-09-15_to_2026-09-16,,2007-09-03,,InForce
0.2.0,,au-whsa2011-001,AU,https://www.legislation.gov.au/C2011A00137/2024-07-01/2024-07-01/text/original/epub,2026-09-15T15:46:53Z,html,,raw/au/work_health_and_safety_act_2011/20260915T1546Z__page.html,Work Health and Safety Act 2011,"No. 137, 2011",,,requests,200,raw/au/work_health_and_safety_act_2011/20260915T1546Z__page.html.headers.json,text/html,87a810750ea36eddb2d0b37b3ff9cb7f71ef1bb3b503f7090b4fa2077ca4c4d3,1086735,,,,,corpus AU_corpus_2026-09-19: from AU_ws_2026-09-15,,2011-11-29,,InForce
0.2.0,,au-sa1991-001,AU,https://www.legislation.gov.au/C2004A04213/asmade/1991-09-27/text/original/pdf,2026-09-15T14:40:50Z,pdf_native,false,raw/au/senate_quorum_act_1991/20260915T1440Z__native.pdf,Senate (Quorum) Act 1991,"No. 138, 1991",,,requests,200,raw/au/senate_quorum_act_1991/20260915T1440Z__native.pdf.headers.json,application/pdf,c99abd07a9a4e2db3a5cd84e41d5b818d7ff239d15c55c7210123f6a16ecf443,545458,6,,,,corpus AU_corpus_2026-09-19: from AU_ws_2026-09-15,,1991-09-27,,InForce
0.2.0,,au-aira2015-001,AU,https://www.legislation.gov.au/C2015A00138/2025-12-05/2025-12-05/text/original/epub,2026-09-15T16:12:03Z,html,,raw/au/australian_immunisation_register_act_2015/20260915T1612Z__page.html,Australian Immunisation Register Act 2015,"No. 138, 2015",,,requests,200,raw/au/australian_immunisation_register_act_2015/20260915T1612Z__page.html.headers.json,text/html,d0ad2b02d155c199afb77b1db79e420542cb1dd5232f13c6b040a40810eed53f,143174,,,,,corpus AU_corpus_2026-09-19: from AU_ws_2026-09-15,,2015-11-12,,InForce
0.2.0,,au-bca1984-001,AU,https://www.legislation.gov.au/C2004A03003/2024-10-14/2024-10-14/text/original/epub,2026-09-15T14:15:07Z,html,,raw/au/biological_control_act_1984/20260915T1415Z__page.html,Biological Control Act 1984,"No. 139, 1984",,,requests,200,raw/au/biological_control_act_1984/20260915T1415Z__page.html.headers.json,text/html,9127956aa3c05de8ca6e9c6495d57006b80f804c92b512a033cce76efce91de1,219622,,,,,corpus AU_corpus_2026-09-19: from AU_ws_2026-09-15,,1984-10-25,,InForce
0.2.0,,au-ca1991-001,AU,https://www.legislation.gov.au/C2004A04214/2018-05-11/2018-05-11/text/original/epub,2026-09-15T14:41:01Z,html,,raw/au/crimes_aviation_act_1991/20260915T1441Z__page.html,Crimes (Aviation) Act 1991,"No. 139, 1991",,,requests,200,raw/au/crimes_aviation_act_1991/20260915T1441Z__page.html.headers.json,text/html,181f551f447892d0857998d8e37b7827f4450235a07e9f6a9d12b6b9d31b4882,368565,,,,,corpus AU_corpus_2026-09-19: from AU_ws_2026-09-15,,1991-09-27,,InForce
0.2.0,,au-la2003-001,AU,https://www.legislation.gov.au/C2004A01224/2019-02-24/2019-02-24/text/original/epub,2026-09-15T13:46:27Z,html,,raw/au/legislation_act_2003/20260915T1346Z__page.html,Legislation Act 2003,"No. 139, 2003",,,requests,200,raw/au/legislation_act_2003/20260915T1346Z__page.html.headers.json,text/html,5aeea7423bdb67ac524281d497a46f6a066110aec978f4eb415e4ea9119dba14,505006,,,,,corpus AU_corpus_2026-09-19: from AU_ws_2026-09-15,,2003-12-17,,InForce
0.2.0,,au-tlra2010-001,AU,https://www.legislation.gov.au/C2010A00139/2011-01-01/2011-01-01/text/original/epub,2026-09-15T15:41:31Z,html,,raw/au/territories_law_reform_act_2010/20260915T1541Z__page.html,Territories Law Reform Act 2010,"No. 139, 2010",,,requests,200,raw/au/territories_law_reform_act_2010/20260915T1541Z__page.html.headers.json,text/html,9840d0368b95e857f68d95b134286a9c7e893f9e3984b16eef0f4212aabfeb5d,376111,,,,,corpus AU_corpus_2026-09-19: from AU_ws_2026-09-15,,2010-12-10,,InForce
0.2.0,,au-nhraa2011fc2d-001,AU,https://www.legislation.gov.au/C2011A00139/asmade/2011-11-29/text/original/pdf,2026-09-15T15:47:08Z,pdf_native,false,raw/au/national_health_reform_amendment_independent_hospital_pricing_authority_act_2011/20260915T1547Z__native.pdf,National Health Reform Amendment (Independent Hospital Pricing Authority) Act 2011,"No. 139, 2011",,,requests,200,raw/au/national_health_reform_amendment_independent_hospital_pricing_authority_act_2011/20260915T1547Z__native.pdf.headers.json,application/pdf,ea2ca2a58663ea74deaf27760838aaaa755132ad87497e4e6c01111cbb11b808,432889,61,,,,corpus AU_corpus_2026-09-19: from AU_ws_2026-09-15,,2011-11-29,,InForce
0.2.0,,au-aira201543c0-001,AU,https://www.legislation.gov.au/C2015A00139/asmade/2015-11-12/text/original/pdf,2026-09-15T16:12:17Z,pdf_native,false,raw/au/australian_immunisation_register_consequential_and_transitional_provisions_act_2015/20260915T1612Z__native.pdf,Australian Immunisation Register (Consequential and Transitional Provisions) Act 2015,"No. 139, 2015",,,requests,200,raw/au/australian_immunisation_register_consequential_and_transitional_provisions_act_2015/20260915T1612Z__native.pdf.headers.json,application/pdf,1cbd294210f8738b6c07a74e1acab49befb73ab7cbb63ad8d6fc63288f0d3cec,759377,17,,,,corpus AU_corpus_2026-09-19: from AU_ws_2026-09-15,,2015-11-12,,InForce
0.2.0,,au-rpa1923-001,AU,https://www.legislation.gov.au/C1923A00014/asmade/2008-07-04/text/original/pdf,2026-09-15T12:43:37Z,pdf_native,false,raw/au/removal_of_prisoners_territories_act_1923/20260915T1243Z__native.pdf,Removal of Prisoners (Territories) Act 1923,"No. 14, 1923",,,requests,200,raw/au/removal_of_prisoners_territories_act_1923/20260915T1243Z__native.pdf.headers.json,application/pdf,8e0daed927c82755632f85d68af5a54295e1f90580bae9cac5f4cdf15191da98,381160,5,,,,corpus AU_corpus_2026-09-19: from AU_ws_2026-09-15,,1923-09-01,,InForce
0.2.0,,au-imaa1960-001,AU,https://www.legislation.gov.au/C1960A00014/2026-04-09/2026-04-09/text/original/epub,2026-09-15T12:56:51Z,html,,raw/au/international_monetary_agreements_act_1960/20260915T1256Z__page.html,International Monetary Agreements Act 1960,"No. 14, 1960",,,requests,200,raw/au/international_monetary_agreements_act_1960/20260915T1256Z__page.html.headers.json,text/html,fc82c7e6abb10437af165030ab89b0ffbcf23739521e7ca1292d993c34afdb3b,36102,,,,,corpus AU_corpus_2026-09-19: from AU_ws_2026-09-15,,1960-05-14,,InForce
0.2.0,,au-dfa1990-001,AU,https://www.legislation.gov.au/C2004A04089/2024-10-14/2024-10-14/text/original/epub,2026-09-15T14:37:48Z,html,,raw/au/defence_force_home_loans_assistance_act_1990/20260915T1437Z__page.html,Defence Force (Home Loans Assistance) Act 1990,"No. 14, 1991",,,requests,200,raw/au/defence_force_home_loans_assistance_act_1990/20260915T1437Z__page.html.headers.json,text/html,9759317b892ec675c38fffbf92ff8ff56fd655f97826e8603dfd941a13c4b788,571057,,,,,corpus AU_corpus_2026-09-19: from AU_ws_2026-09-15,,1991-01-21,,InForce
0.2.0,,au-gbrmpa1993-001,AU,https://www.legislation.gov.au/C2004A04569/asmade/2008-11-26/text/original/pdf,2026-09-15T14:50:41Z,pdf_native,false,raw/au/great_barrier_reef_marine_park_environmental_management_charge_excise_act_1993/20260915T1450Z__native.pdf,Great Barrier Reef Marine Park (Environmental Management Charge—Excise) Act 1993,"No. 14, 1993",,,requests,200,raw/au/great_barrier_reef_marine_park_environmental_management_charge_excise_act_1993/20260915T1450Z__native.pdf.headers.json,application/pdf,75f32335eb8c57f5ba2503874924fb14ec00ee4bb130736a47414d33007b9ea5,76063,2,,,,corpus AU_corpus_2026-09-19: from AU_ws_2026-09-15; flags as_made_short_act,,1993-06-09,,InForce
0.2.0,,au-pca1998-001,AU,https://www.legislation.gov.au/C2004A05326/2024-01-01/2024-01-01/text/original/epub,2026-09-15T15:13:49Z,html,,raw/au/productivity_commission_act_1998/20260915T1513Z__page.html,Productivity Commission Act 1998,"No. 14, 1998",,,requests,200,raw/au/productivity_commission_act_1998/20260915T1513Z__page.html.headers.json,text/html,02a873558ca9a4a3f45a6cc771ebec748322333ec10cd7f65e18cc1152339219,215046,,,,,corpus AU_corpus_2026-09-19: from AU_ws_2026-09-15,,1998-04-16,,InForce
0.2.0,,au-opggsa2006-001,AU,https://www.legislation.gov.au/C2006A00014/2026-08-24/2026-08-24/text/original/epub,2026-09-15T15:18:33Z,html,,raw/au/offshore_petroleum_and_greenhouse_gas_storage_act_2006/20260915T1518Z__page.html,Offshore Petroleum and Greenhouse Gas Storage Act 2006,"No. 14, 2006",,,requests,200,raw/au/offshore_petroleum_and_greenhouse_gas_storage_act_2006/20260915T1518Z__page.html.headers.json,text/html,25e0f7872abe517747dd6b2338ac999fcc197f3f7bddd39ec5b147fc92758121,9213614,,,,,corpus AU_corpus_2026-09-19: from AU_ws_2026-09-15,,2006-03-29,,InForce
0.2.0,,au-nfsaaa2008-001,AU,https://www.legislation.gov.au/C2008A00014/2021-05-01/2021-05-01/text/original/epub,2026-09-15T15:29:01Z,html,,raw/au/national_film_and_sound_archive_of_australia_act_2008/20260915T1529Z__page.html,National Film and Sound Archive of Australia Act 2008,"No. 14, 2008",,,requests,200,raw/au/national_film_and_sound_archive_of_australia_act_2008/20260915T1529Z__page.html.headers.json,text/html,130ae9343d1ffe6913bcc8cc56514a62644e9ca9f5df0438bdb2f1892e2efcab,159385,,,,,corpus AU_corpus_2026-09-19: from AU_ws_2026-09-15,,2008-03-20,,InForce
0.2.0,,au-mrrta2012-001,AU,https://www.legislation.gov.au/C2012A00014/2014-09-30/2014-09-30/text/original/epub,2026-09-15T15:49:47Z,html,,raw/au/minerals_resource_rent_tax_consequential_amendments_and_transitional_provisions_act_2012/20260915T1549Z__page.html,Minerals Resource Rent Tax (Consequential Amendments and Transitional Provisions) Act 2012,"No. 14, 2012",,,requests,200,raw/au/minerals_resource_rent_tax_consequential_amendments_and_transitional_provisions_act_2012/20260915T1549Z__page.html.headers.json,text/html,8711ec37020f255fbc5b8d7e32977f5b51cfed21c409fe55dc1fd3907de761b5,453839,,,,,corpus AU_corpus_2026-09-19: from AU_ws_2026-09-15,,2012-03-29,,InForce
0.2.0,,au-ncatsicypa2026-001,AU,https://www.legislation.gov.au/C2026A00014/asmade/2026-03-26/text/original/pdf,2026-09-15T16:54:36Z,pdf_native,false,raw/au/national_commission_for_aboriginal_and_torres_strait_islander_children_and_young_people_act_2026/20260915T1654Z__native.pdf,National Commission for Aboriginal and Torres Strait Islander Children and Young People Act 2026,"No. 14, 2026",,,requests,200,raw/au/national_commission_for_aboriginal_and_torres_strait_islander_children_and_young_people_act_2026/20260915T1654Z__native.pdf.headers.json,application/pdf,8d2342f6ab22209f6548cd2fba5cc1b5332f42e67d8ce062b7b8ccfc85c4c9b4,375707,52,,,,corpus AU_corpus_2026-09-19: from AU_ws_2026-09-15,,2026-03-26,,InForce
0.2.0,,au-spnfzta1986-001,AU,https://www.legislation.gov.au/C2004A03381/2016-10-21/2016-10-21/text/original/epub,2026-09-15T14:22:41Z,html,,raw/au/south_pacific_nuclear_free_zone_treaty_act_1986/20260915T1422Z__page.html,South Pacific Nuclear Free Zone Treaty Act 1986,"No. 140, 1986",,,requests,200,raw/au/south_pacific_nuclear_free_zone_treaty_act_1986/20260915T1422Z__page.html.headers.json,text/html,afc99e87a830e19f8e9c7858ecb1350db6a7e2aaae56a575e656952aacf7e604,209663,,,,,corpus AU_corpus_2026-09-19: from AU_ws_2026-09-15,,1986-12-09,,InForce
0.2.0,,au-accaa2013-001,AU,https://www.legislation.gov.au/C2013A00140/asmade/2013-12-13/text/original/pdf,2026-09-15T16:02:46Z,pdf_native,false,raw/au/australian_civilian_corps_amendment_act_2013/20260915T1602Z__native.pdf,Australian Civilian Corps Amendment Act 2013,"No. 140, 2013",,,requests,200,raw/au/australian_civilian_corps_amendment_act_2013/20260915T1602Z__native.pdf.headers.json,application/pdf,27cd6ac20072358b82e0ebda55279fd59354292c966f0427cf97198dc5a7eb25,777216,24,,,,corpus AU_corpus_2026-09-19: from AU_ws_2026-09-15,,2013-12-13,,InForce
0.2.0,,au-wjececwa2024-001,AU,https://www.legislation.gov.au/C2024A00140/asmade/2024-12-10/text/original/pdf,2026-09-15T16:48:37Z,pdf_native,false,raw/au/wage_justice_for_early_childhood_education_and_care_workers_special_account_act_2024/20260915T1648Z__native.pdf,Wage Justice for Early Childhood Education and Care Workers (Special Account) Act 2024,"No. 140, 2024",,,requests,200,raw/au/wage_justice_for_early_childhood_education_and_care_workers_special_account_act_2024/20260915T1648Z__native.pdf.headers.json,application/pdf,5b174c0342e2c5e43cdaeced5f71221820cd3e35824c80e0b6d2f2907c3e53a0,244992,14,,,,corpus AU_corpus_2026-09-19: from AU_ws_2026-09-15,,2024-12-10,,InForce
0.2.0,,au-aa1986-001,AU,https://www.legislation.gov.au/C2004A03181/asmade/1985-12-04/text/original/pdf,2026-09-15T14:16:48Z,pdf_native,false,raw/au/australia_act_1986/20260915T1416Z__native.pdf,Australia Act 1986,"No. 142, 1985",,,requests,200,raw/au/australia_act_1986/20260915T1416Z__native.pdf.headers.json,application/pdf,a6c856aae4f6ddc9930ecd24d966953640e45685e3a830e8f32cbae9fc14588c,660419,13,,,,corpus AU_corpus_2026-09-19: from AU_ws_2026-09-15,,1985-12-04,,InForce
0.2.0,,au-prrtaa1987-001,AU,https://www.legislation.gov.au/C2004A03551/2024-12-11/2024-12-11/text/original/epub,2026-09-15T14:26:13Z,html,,raw/au/petroleum_resource_rent_tax_assessment_act_1987/20260915T1426Z__page.html,Petroleum Resource Rent Tax Assessment Act 1987,"No. 142, 1987",,,requests,200,raw/au/petroleum_resource_rent_tax_assessment_act_1987/20260915T1426Z__page.html.headers.json,text/html,624305244a3a80a27a93c43d58b4b96e7cde7781d66e560831ec5d90511023fc,1078126,,,,,corpus AU_corpus_2026-09-19: from AU_ws_2026-09-15,,1987-12-18,,InForce
0.2.0,,au-la19919e02-001,AU,https://www.legislation.gov.au/C2004A04217/asmade/1991-10-21/text/original/pdf,2026-09-15T14:41:13Z,pdf_native,false,raw/au/loan_act_no_2_1991/20260915T1441Z__native.pdf,Loan Act (No. 2) 1991,"No. 142, 1991",,,requests,200,raw/au/loan_act_no_2_1991/20260915T1441Z__native.pdf.headers.json,application/pdf,12571aca6b3b1ba5d3f81315885ed870e70bc2dc35ec811da05874249bd635f8,143991,3,,,,corpus AU_corpus_2026-09-19: from AU_ws_2026-09-15; flags as_made_short_act,,1991-10-21,,InForce
0.2.0,,au-cmilaa2011-001,AU,https://www.legislation.gov.au/C2011A00142/asmade/2010-01-01/text/original/pdf,2026-09-15T15:47:18Z,pdf_native,false,raw/au/coal_mining_industry_long_service_leave_legislation_amendment_act_2011/20260915T1547Z__native.pdf,Coal Mining Industry (Long Service Leave) Legislation Amendment Act 2011,"No. 142, 2011",,,requests,200,raw/au/coal_mining_industry_long_service_leave_legislation_amendment_act_2011/20260915T1547Z__native.pdf.headers.json,application/pdf,9994128657185a8fee21bcdcbb388efec12550c22b16e5ff106fca9c9ee780ea,464303,64,,,,corpus AU_corpus_2026-09-19: from AU_ws_2026-09-15,,2011-11-29,,InForce
0.2.0,,au-caa2020-001,AU,https://www.legislation.gov.au/C2020A00142/asmade/2020-12-17/text/original/pdf,2026-09-15T16:30:40Z,pdf_native,false,raw/au/civil_aviation_unmanned_aircraft_levy_act_2020/20260915T1630Z__native.pdf,Civil Aviation (Unmanned Aircraft Levy) Act 2020,"No. 142, 2020",,,requests,200,raw/au/civil_aviation_unmanned_aircraft_levy_act_2020/20260915T1630Z__native.pdf.headers.json,application/pdf,743ca7cb77477a6cc961a1c850c6ee5101e8bc38aede47c36a8ea8c40fa6afc3,524384,9,,,,corpus AU_corpus_2026-09-19: from AU_ws_2026-09-15,,2020-12-17,,InForce
0.2.0,,au-aa1985-001,AU,https://www.legislation.gov.au/C2004A03182/asmade/1985-12-04/text/original/pdf,2026-09-15T14:16:58Z,pdf_native,false,raw/au/australia_request_and_consent_act_1985/20260915T1416Z__native.pdf,Australia (Request and Consent) Act 1985,"No. 143, 1985",,,requests,200,raw/au/australia_request_and_consent_act_1985/20260915T1416Z__native.pdf.headers.json,application/pdf,847ae7d7a548e584731385d517643064cd1ba8d9de8114b84ece30a4a0a256f6,601728,14,,,,corpus AU_corpus_2026-09-19: from AU_ws_2026-09-15,,1985-12-04,,InForce
0.2.0,,au-fhcsiaolaa2008-001,AU,https://www.legislation.gov.au/C2008A00143/asmade/2008-12-09/text/original/pdf,2026-09-15T17:00:31Z,pdf_native,false,raw/au/families_housing_community_services_and_indigenous_affairs_and_other_legislation_amendment_further_2008_budget_and_other_measures_act_2008/20260915T1700Z__native.pdf,"Families, Housing, Community Services and Indigenous Affairs and Other Legislation Amendment (Further 2008 Budget and Other Measures) Act 2008","No. 143, 2008",,,requests,200,raw/au/families_housing_community_services_and_indigenous_affairs_and_other_legislation_amendment_further_2008_budget_and_other_measures_act_2008/20260915T1700Z__native.pdf.headers.json,application/pdf,3713e6e951f449a49f4b74fc89941d36fed5f31c6157e1fe048b81ff599a8a3a,106495,41,,,,corpus AU_corpus_2026-09-19: from AU_ws_2026-09-15,,2008-12-09,,InForce
0.2.0,,au-ccaa2011-001,AU,https://www.legislation.gov.au/C2011A00143/2022-09-14/2022-09-14/text/original/epub,2026-09-15T15:47:31Z,html,,raw/au/climate_change_authority_act_2011/20260915T1547Z__page.html,Climate Change Authority Act 2011,"No. 143, 2011",,,requests,200,raw/au/climate_change_authority_act_2011/20260915T1547Z__page.html.headers.json,text/html,77da29c006add7fc7d75a513e859607a304fd7d64d90ce1d7f9644942cd57b22,254560,,,,,corpus AU_corpus_2026-09-19: from AU_ws_2026-09-15,,2011-11-29,,InForce
0.2.0,,au-la1974-001,AU,https://www.legislation.gov.au/C2004A00200/asmade/1974-12-13/text/original/pdf,2026-09-15T13:16:21Z,pdf_native,false,raw/au/loan_act_1974/20260915T1316Z__native.pdf,Loan Act 1974,"No. 144, 1974",,,requests,200,raw/au/loan_act_1974/20260915T1316Z__native.pdf.headers.json,application/pdf,76f5652d38cb69df56526c8d4fa657a4fbe1fce0d7611b3a846291102000c442,55007,2,,,,corpus AU_corpus_2026-09-19: from AU_ws_2026-09-15; flags as_made_short_act,,1974-12-13,,InForce
0.2.0,,au-prrta1987-001,AU,https://www.legislation.gov.au/C2004A03553/asmade/1987-12-18/text/original/pdf,2026-09-15T14:26:25Z,pdf_native,false,raw/au/petroleum_resource_rent_tax_interest_on_underpayments_act_1987/20260915T1426Z__native.pdf,Petroleum Resource Rent Tax (Interest on Underpayments) Act 1987,"No. 144, 1987",,,requests,200,raw/au/petroleum_resource_rent_tax_interest_on_underpayments_act_1987/20260915T1426Z__native.pdf.headers.json,application/pdf,3719d515781b9f786636b0f28cd6444da3388fbf7809f2f00042cf2ae55288c4,626185,6,,,,corpus AU_corpus_2026-09-19: from AU_ws_2026-09-15,,1987-12-18,,InForce
0.2.0,,au-atalsa1994-001,AU,https://www.legislation.gov.au/C2004A04817/2018-03-30/2018-03-30/text/original/epub,2026-09-15T14:57:37Z,html,,raw/au/aerospace_technologies_of_australia_limited_sale_act_1994/20260915T1457Z__page.html,AeroSpace Technologies of Australia Limited Sale Act 1994,"No. 144, 1994",,,requests,200,raw/au/aerospace_technologies_of_australia_limited_sale_act_1994/20260915T1457Z__page.html.headers.json,text/html,36a4ef028b03ccd47a015272fa9b6bd2353268f63152db75668f43f15b8909d7,86188,,,,,corpus AU_corpus_2026-09-19: from AU_ws_2026-09-15,,1994-12-08,,InForce
0.2.0,,au-ra1997-001,AU,https://www.legislation.gov.au/C2004A05237/2013-06-29/2013-06-29/text/original/epub,2026-09-15T15:10:55Z,html,,raw/au/radiocommunications_spectrum_licence_tax_act_1997/20260915T1510Z__page.html,Radiocommunications (Spectrum Licence Tax) Act 1997,"No. 144, 1997",,,requests,200,raw/au/radiocommunications_spectrum_licence_tax_act_1997/20260915T1510Z__page.html.headers.json,text/html,357f14ff9836a2fe55371063e4f1a966ad2c00de5d2aeef293553ecb5b2cba7f,25992,,,,,corpus AU_corpus_2026-09-19: from AU_ws_2026-09-15,,1997-10-09,,InForce
0.2.0,,au-phcra2002-001,AU,https://www.legislation.gov.au/C2004A01081/2022-10-01/2022-10-01/text/original/epub,2026-09-15T13:41:49Z,html,,raw/au/prohibition_of_human_cloning_for_reproduction_act_2002/20260915T1341Z__page.html,Prohibition of Human Cloning for Reproduction Act 2002,"No. 144, 2002",,,requests,200,raw/au/prohibition_of_human_cloning_for_reproduction_act_2002/20260915T1341Z__page.html.headers.json,text/html,a21b1b3b5adc362513a09963b9bc94657265ca05d4110a763ff8fa48c8422bd3,126789,,,,,corpus AU_corpus_2026-09-19: from AU_ws_2026-09-15,,2002-12-19,,InForce
0.2.0,,au-jha2004-001,AU,https://www.legislation.gov.au/C2004A01379/2015-10-14/2015-10-14/text/original/epub,2026-09-15T13:50:07Z,html,,raw/au/james_hardie_investigations_and_proceedings_act_2004/20260915T1350Z__page.html,James Hardie (Investigations and Proceedings) Act 2004,"No. 144, 2004",,,requests,200,raw/au/james_hardie_investigations_and_proceedings_act_2004/20260915T1350Z__page.html.headers.json,text/html,45cdce5c8e05cc8e6c3d85aaab41b159c1841cf4abbdc0dd87f0a509f8825c2b,70065,,,,,corpus AU_corpus_2026-09-19: from AU_ws_2026-09-15,,2004-12-14,,InForce
0.2.0,,au-ta2007-001,AU,https://www.legislation.gov.au/C2007A00144/2014-06-25/2014-06-25/text/original/epub,2026-09-15T15:27:33Z,html,,raw/au/taxation_trustee_beneficiary_non_disclosure_tax_act_no_1_2007/20260915T1527Z__page.html,Taxation (Trustee Beneficiary Non-disclosure Tax) Act (No. 1) 2007,"No. 144, 2007",,,requests,200,raw/au/taxation_trustee_beneficiary_non_disclosure_tax_act_no_1_2007/20260915T1527Z__page.html.headers.json,text/html,719401a4bbfab95a351d2db22354431e50ee757decaf7cf46f03921aab1b77b4,34827,,,,,corpus AU_corpus_2026-09-19: from AU_ws_2026-09-15,,2007-09-24,,InForce
0.2.0,,au-ca1986-001,AU,https://www.legislation.gov.au/C2004A03386/2017-03-01/2017-03-01/text/original/epub,2026-09-15T14:22:52Z,html,,raw/au/cheques_act_1986/20260915T1422Z__page.html,Cheques Act 1986,"No. 145, 1986",,,requests,200,raw/au/cheques_act_1986/20260915T1422Z__page.html.headers.json,text/html,7ad6848e5d38ed6cc1e9286fdb591778dd29858552d1a9257206dadd06611dc3,418391,,,,,corpus AU_corpus_2026-09-19: from AU_ws_2026-09-15,,1986-12-11,,InForce
0.2.0,,au-ca1989f831-001,AU,https://www.legislation.gov.au/C2004A03893/2016-07-01/2016-07-01/text/original/epub,2026-09-15T14:33:12Z,html,,raw/au/crimes_superannuation_benefits_act_1989/20260915T1433Z__page.html,Crimes (Superannuation Benefits) Act 1989,"No. 145, 1989",,,requests,200,raw/au/crimes_superannuation_benefits_act_1989/20260915T1433Z__page.html.headers.json,text/html,c931e3762ef994f7c9ae9602934469ca3252c82ad7d8e419a3a4075e7e19bb80,237764,,,,,corpus AU_corpus_2026-09-19: from AU_ws_2026-09-15,,1989-11-23,,InForce
0.2.0,,au-psa1999-001,AU,https://www.legislation.gov.au/C2004A00536/2019-03-01/2019-03-01/text/original/epub,2026-09-15T13:28:03Z,html,,raw/au/parliamentary_service_act_1999/20260915T1328Z__page.html,Parliamentary Service Act 1999,"No. 145, 1999",,,requests,200,raw/au/parliamentary_service_act_1999/20260915T1328Z__page.html.headers.json,text/html,71a681cfbb1a7f75be0816e4d990b2f33ebcdcd71469ce0a469971a62be05be7,598621,,,,,corpus AU_corpus_2026-09-19: from AU_ws_2026-09-15,,1999-11-11,,InForce
0.2.0,,au-wspa2000-001,AU,https://www.legislation.gov.au/C2004A00738/2025-01-01/2025-01-01/text/original/epub,2026-09-15T13:33:16Z,html,,raw/au/wool_services_privatisation_act_2000/20260915T1333Z__page.html,Wool Services Privatisation Act 2000,"No. 145, 2000",,,requests,200,raw/au/wool_services_privatisation_act_2000/20260915T1333Z__page.html.headers.json,text/html,a92a663baa3d52ec214cb87799ff9d4e1d65ab8c26d603dde4bbf3c6da0f1e22,127307,,,,,corpus AU_corpus_2026-09-19: from AU_ws_2026-09-15,,2000-12-07,,InForce
0.2.0,,au-rihea2002-001,AU,https://www.legislation.gov.au/C2004A01082/2024-10-14/2024-10-14/text/original/epub,2026-09-15T13:42:03Z,html,,raw/au/research_involving_human_embryos_act_2002/20260915T1342Z__page.html,Research Involving Human Embryos Act 2002,"No. 145, 2002",,,requests,200,raw/au/research_involving_human_embryos_act_2002/20260915T1342Z__page.html.headers.json,text/html,0d18a9fdbf4c5ff10d845a88ad258f2e1eece08655f85975f275889a2138372b,427552,,,,,corpus AU_corpus_2026-09-19: from AU_ws_2026-09-15,,2002-12-19,,InForce
0.2.0,,au-ta2007e8ea-001,AU,https://www.legislation.gov.au/C2007A00145/2014-06-25/2014-06-25/text/original/epub,2026-09-15T15:27:45Z,html,,raw/au/taxation_trustee_beneficiary_non_disclosure_tax_act_no_2_2007/20260915T1527Z__page.html,Taxation (Trustee Beneficiary Non-disclosure Tax) Act (No. 2) 2007,"No. 145, 2007",,,requests,200,raw/au/taxation_trustee_beneficiary_non_disclosure_tax_act_no_2_2007/20260915T1527Z__page.html.headers.json,text/html,089ee41b4ceb3491253127964401ad32e689e9efca5801b46b34c1ae61bbe976,34620,,,,,corpus AU_corpus_2026-09-19: from AU_ws_2026-09-15,,2007-09-24,,InForce
0.2.0,,au-atsilsffa2018-001,AU,https://www.legislation.gov.au/C2018A00145/2023-11-01/2023-11-01/text/original/epub,2026-09-15T16:20:53Z,html,,raw/au/aboriginal_and_torres_strait_islander_land_and_sea_future_fund_act_2018/20260915T1620Z__page.html,Aboriginal and Torres Strait Islander Land and Sea Future Fund Act 2018,"No. 145, 2018",,,requests,200,raw/au/aboriginal_and_torres_strait_islander_land_and_sea_future_fund_act_2018/20260915T1620Z__page.html.headers.json,text/html,45799e4545a8c62163ad32e5d1456caa1af7ee07017c2489beff331f4fc58417,212637,,,,,corpus AU_corpus_2026-09-19: from AU_ws_2026-09-15,,2018-11-30,,InForce
0.2.0,,au-cslaa200697f3-001,AU,https://www.legislation.gov.au/C2006A00146/asmade/2008-07-01/text/original/pdf,2026-09-15T15:22:45Z,pdf_native,false,raw/au/child_support_legislation_amendment_reform_of_the_child_support_scheme_new_formula_and_other_measures_act_2006/20260915T1522Z__native.pdf,Child Support Legislation Amendment (Reform of the Child Support Scheme—New Formula and Other Measures) Act 2006,"No. 146, 2006",,,requests,200,raw/au/child_support_legislation_amendment_reform_of_the_child_support_scheme_new_formula_and_other_measures_act_2006/20260915T1522Z__native.pdf.headers.json,application/pdf,604e3a4556a83a9b7b3a289cef2b312bd42b338459c9eb9d1028809f7c69f362,780430,314,,,,corpus AU_corpus_2026-09-19: from AU_ws_2026-09-15,,2006-12-06,,InForce
0.2.0,,au-whsa20118022-001,AU,https://www.legislation.gov.au/C2011A00146/asmade/2011-11-29/text/original/pdf,2026-09-15T15:47:43Z,pdf_native,false,raw/au/work_health_and_safety_transitional_and_consequential_provisions_act_2011/20260915T1547Z__native.pdf,Work Health and Safety (Transitional and Consequential Provisions) Act 2011,"No. 146, 2011",,,requests,200,raw/au/work_health_and_safety_transitional_and_consequential_provisions_act_2011/20260915T1547Z__native.pdf.headers.json,application/pdf,e8572e556750524b61a956389a213156370a507ed35c9ce00fe2793eec13796b,329150,32,,,,corpus AU_corpus_2026-09-19: from AU_ws_2026-09-15,,2011-11-29,,InForce
0.2.0,,au-ptaa1983-001,AU,https://www.legislation.gov.au/C2004A02864/asmade/1983-12-22/text/original/pdf,2026-09-15T14:12:11Z,pdf_native,false,raw/au/postal_and_telecommunications_amendment_act_1983/20260915T1412Z__native.pdf,Postal and Telecommunications Amendment Act 1983,"No. 147, 1983",,,requests,200,raw/au/postal_and_telecommunications_amendment_act_1983/20260915T1412Z__native.pdf.headers.json,application/pdf,f0fc289ae050126f525bd99c84d404ce68c6825de12886ad796032cafeec3660,778158,11,,,,corpus AU_corpus_2026-09-19: from AU_ws_2026-09-15,,1983-12-22,,InForce
0.2.0,,au-cta1995-001,AU,https://www.legislation.gov.au/C2004A04997/2026-07-01/2026-07-01/text/original/epub,2026-09-15T15:03:22Z,html,,raw/au/customs_tariff_act_1995/20260915T1503Z__page.html,Customs Tariff Act 1995,"No. 147, 1995",,,requests,200,raw/au/customs_tariff_act_1995/20260915T1503Z__page.html.headers.json,text/html,34bfcddc0cda4c0723d9a86e2ef078b429f483dd5fd155f60775728a64cea4ec,16138283,,,,,corpus AU_corpus_2026-09-19: from AU_ws_2026-09-15,,1995-12-16,,InForce
0.2.0,,au-psa19990138-001,AU,https://www.legislation.gov.au/C2004A00538/2024-12-11/2024-12-11/text/original/epub,2026-09-15T13:28:16Z,html,,raw/au/public_service_act_1999/20260915T1328Z__page.html,Public Service Act 1999,"No. 147, 1999",,,requests,200,raw/au/public_service_act_1999/20260915T1328Z__page.html.headers.json,text/html,befd3f09a5e6c26d811228878cc6593ff50fceb868783e4758ca080b61f3ff7e,445427,,,,,corpus AU_corpus_2026-09-19: from AU_ws_2026-09-15,,1999-11-11,,InForce
0.2.0,,au-iea2000-001,AU,https://www.legislation.gov.au/C2004A00745/asmade/2014-10-17/text/original/pdf,2026-09-15T13:33:41Z,pdf_native,false,raw/au/indigenous_education_targeted_assistance_act_2000/20260915T1333Z__native.pdf,Indigenous Education (Targeted Assistance) Act 2000,"No. 147, 2000",,,requests,200,raw/au/indigenous_education_targeted_assistance_act_2000/20260915T1333Z__native.pdf.headers.json,application/pdf,694d43a6c0f11dda01facfee8ca9d1fc001052ecb2a7ebd78d8ab504773b72e1,46694,19,,,,corpus AU_corpus_2026-09-19: from AU_ws_2026-09-15,,2000-12-19,,InForce
0.2.0,,au-da2003-001,AU,https://www.legislation.gov.au/C2004A01232/2024-10-14/2024-10-14/text/original/epub,2026-09-15T13:46:38Z,html,,raw/au/designs_act_2003/20260915T1346Z__page.html,Designs Act 2003,"No. 147, 2003",,,requests,200,raw/au/designs_act_2003/20260915T1346Z__page.html.headers.json,text/html,1843e40008b57660747f331e24ee2fbd7bcf5022591052bfe471d1a8e18eed8c,613082,,,,,corpus AU_corpus_2026-09-19: from AU_ws_2026-09-15,,2003-12-17,,InForce
0.2.0,,au-flaa2010-001,AU,https://www.legislation.gov.au/C2010A00147/2013-04-12/2013-04-12/text/original/epub,2026-09-15T15:41:46Z,html,,raw/au/family_law_amendment_validation_of_certain_parenting_orders_and_other_measures_act_2010/20260915T1541Z__page.html,Family Law Amendment (Validation of Certain Parenting Orders and Other Measures) Act 2010,"No. 147, 2010",,,requests,200,raw/au/family_law_amendment_validation_of_certain_parenting_orders_and_other_measures_act_2010/20260915T1541Z__page.html.headers.json,text/html,de8a8c170b201b2e732e4e34c5df6cf110f17cf16669274e20d73f1a36e95281,54114,,,,,corpus AU_corpus_2026-09-19: from AU_ws_2026-09-15,,2010-12-16,,InForce
0.2.0,,au-esa1981-001,AU,https://www.legislation.gov.au/C2004A02525/2016-10-21/2016-10-21/text/original/epub,2026-09-15T14:08:23Z,html,,raw/au/epidemiological_studies_confidentiality_act_1981/20260915T1408Z__page.html,Epidemiological Studies (Confidentiality) Act 1981,"No. 148, 1981",,,requests,200,raw/au/epidemiological_studies_confidentiality_act_1981/20260915T1408Z__page.html.headers.json,text/html,a88a380159e122f3a0c163b853651766e5a483fd8cdf68501023968872bdb817,59198,,,,,corpus AU_corpus_2026-09-19: from AU_ws_2026-09-15,,1981-10-26,,InForce
0.2.0,,au-efica1991-001,AU,https://www.legislation.gov.au/C2004A04223/2026-04-02/2026-04-02/text/original/epub,2026-09-15T14:41:27Z,html,,raw/au/export_finance_and_insurance_corporation_act_1991/20260915T1441Z__page.html,Export Finance and Insurance Corporation Act 1991,"No. 148, 1991",,,requests,200,raw/au/export_finance_and_insurance_corporation_act_1991/20260915T1441Z__page.html.headers.json,text/html,c2f3cb6b6fc567f918b315f4aad311551e4d650ce74e22bc89c5cd25061e0491,431439,,,,,corpus AU_corpus_2026-09-19: from AU_ws_2026-09-15,,1991-10-21,,InForce
0.2.0,,au-fcwaa1997-001,AU,https://www.legislation.gov.au/C2004A05241/2021-09-01/2021-09-01/text/original/epub,2026-09-15T15:11:08Z,html,,raw/au/family_court_of_western_australia_orders_of_registrars_act_1997/20260915T1511Z__page.html,Family Court of Western Australia (Orders of Registrars) Act 1997,"No. 148, 1997",,,requests,200,raw/au/family_court_of_western_australia_orders_of_registrars_act_1997/20260915T1511Z__page.html.headers.json,text/html,738db02b90266dde1a773612d538b269bb570d61b829688286d85421834c375e,60375,,,,,corpus AU_corpus_2026-09-19: from AU_ws_2026-09-15,,1997-10-17,,InForce
0.2.0,,au-rclraa2008-001,AU,https://www.legislation.gov.au/C2008A00148/asmade/2008-12-11/text/original/pdf,2026-09-15T15:32:52Z,pdf_native,false,raw/au/road_charges_legislation_repeal_and_amendment_act_2008/20260915T1532Z__native.pdf,Road Charges Legislation Repeal and Amendment Act 2008,"No. 148, 2008",,,requests,200,raw/au/road_charges_legislation_repeal_and_amendment_act_2008/20260915T1532Z__native.pdf.headers.json,application/pdf,01917e537dbb49e3f8408e87327d3b477139f8b08df84ecf19769ad8a8af9090,29554,11,,,,corpus AU_corpus_2026-09-19: from AU_ws_2026-09-15,,2008-12-11,,InForce
0.2.0,,au-npgaa2012-001,AU,https://www.legislation.gov.au/C2012A00148/2021-05-01/2021-05-01/text/original/epub,2026-09-15T15:55:04Z,html,,raw/au/national_portrait_gallery_of_australia_act_2012/20260915T1555Z__page.html,National Portrait Gallery of Australia Act 2012,"No. 148, 2012",,,requests,200,raw/au/national_portrait_gallery_of_australia_act_2012/20260915T1555Z__page.html.headers.json,text/html,71ca2f1a1cc61d38c305154d0857167e817c4912c3d7cdf42276882873544276,156009,,,,,corpus AU_corpus_2026-09-19: from AU_ws_2026-09-15,,2012-11-06,,InForce
0.2.0,,au-tolaa2018-001,AU,https://www.legislation.gov.au/C2018A00148/2021-09-01/2021-09-01/text/original/epub,2026-09-15T12:34:44Z,html,,raw/au/telecommunications_and_other_legislation_amendment_assistance_and_access_act_2018/20260915T1234Z__page.html,Telecommunications and Other Legislation Amendment (Assistance and Access) Act 2018,"No. 148, 2018",P7,P7-I5,requests,200,raw/au/telecommunications_and_other_legislation_amendment_assistance_and_access_act_2018/20260915T1234Z__page.html.headers.json,text/html,afbf3acf7dec79e90a38f640ed26c8bd588a1ad2d1002c22e6b1df7f3651c367,1098608,,,,,corpus AU_corpus_2026-09-19: from AU_ws_2026-09-15,,2018-12-08,,InForce
0.2.0,,au-pea1987-001,AU,https://www.legislation.gov.au/C2004A03558/2025-02-21/2025-02-21/text/original/epub,2026-09-15T14:26:39Z,html,,raw/au/petroleum_excise_prices_act_1987/20260915T1426Z__page.html,Petroleum Excise (Prices) Act 1987,"No. 149, 1987",,,requests,200,raw/au/petroleum_excise_prices_act_1987/20260915T1426Z__page.html.headers.json,text/html,2c6e8e17fe57efc92419a2c23bab801e29e777918c71639d0af594cc230cbbdf,126896,,,,,corpus AU_corpus_2026-09-19: from AU_ws_2026-09-15,,1987-12-26,,InForce
0.2.0,,au-aiatsisa1989-001,AU,https://www.legislation.gov.au/C2004A03897/2016-03-05/2016-03-05/text/original/epub,2026-09-15T14:33:27Z,html,,raw/au/australian_institute_of_aboriginal_and_torres_strait_islander_studies_act_1989/20260915T1433Z__page.html,Australian Institute of Aboriginal and Torres Strait Islander Studies Act 1989,"No. 149, 1989",,,requests,200,raw/au/australian_institute_of_aboriginal_and_torres_strait_islander_studies_act_1989/20260915T1433Z__page.html.headers.json,text/html,8b2c2e7fb262516f097e7148603c648fe201d8e038b41cdc9794ba353c44c80e,182712,,,,,corpus AU_corpus_2026-09-19: from AU_ws_2026-09-15,,1989-11-27,,InForce
0.2.0,,au-efica19913090-001,AU,https://www.legislation.gov.au/C2004A04224/asmade/1991-10-21/text/original/pdf,2026-09-15T14:41:38Z,pdf_native,false,raw/au/export_finance_and_insurance_corporation_transitional_provisions_and_consequential_amendments_act_1991/20260915T1441Z__native.pdf,Export Finance and Insurance Corporation (Transitional Provisions and Consequential Amendments) Act 1991,"No. 149, 1991",,,requests,200,raw/au/export_finance_and_insurance_corporation_transitional_provisions_and_consequential_amendments_act_1991/20260915T1441Z__native.pdf.headers.json,application/pdf,49bef8422908390323f9c826d2afca651b2430220dec18052f63c9fa1e3f93d8,999884,28,,,,corpus AU_corpus_2026-09-19: from AU_ws_2026-09-15,,1991-10-21,,InForce
0.2.0,,au-hesa2003-001,AU,https://www.legislation.gov.au/C2004A01234/2026-07-01/2026-07-01/text/original/epub,2026-09-15T13:46:49Z,html,,raw/au/higher_education_support_act_2003/20260915T1346Z__page.html,Higher Education Support Act 2003,"No. 149, 2003",,,requests,200,raw/au/higher_education_support_act_2003/20260915T1346Z__page.html.headers.json,text/html,e3f427f5f0013e4cc61ce74934cd16a8e1bcafe98c2a879def715ee1b6a3d559,3490306,,,,,corpus AU_corpus_2026-09-19: from AU_ws_2026-09-15,,2003-12-19,,InForce
0.2.0,,au-itsa2006-001,AU,https://www.legislation.gov.au/C2006A00149/2024-10-14/2024-10-14/text/original/epub,2026-09-15T15:22:58Z,html,,raw/au/inspector_of_transport_security_act_2006/20260915T1522Z__page.html,Inspector of Transport Security Act 2006,"No. 149, 2006",,,requests,200,raw/au/inspector_of_transport_security_act_2006/20260915T1522Z__page.html.headers.json,text/html,0c9e315f41c924ed982150ffa90152180b913882dd5ff3454048bacf2c89ae8e,375294,,,,,corpus AU_corpus_2026-09-19: from AU_ws_2026-09-15,,2006-12-07,,InForce
0.2.0,,au-npgaa2012b9fc-001,AU,https://www.legislation.gov.au/C2012A00149/asmade/2012-11-06/text/original/pdf,2026-09-15T15:55:17Z,pdf_native,false,raw/au/national_portrait_gallery_of_australia_consequential_and_transitional_provisions_act_2012/20260915T1555Z__native.pdf,National Portrait Gallery of Australia (Consequential and Transitional Provisions) Act 2012,"No. 149, 2012",,,requests,200,raw/au/national_portrait_gallery_of_australia_consequential_and_transitional_provisions_act_2012/20260915T1555Z__native.pdf.headers.json,application/pdf,4605b45d03f41812ca21f3218fa70bf967a02443a9eb64742133019199b8f581,291752,21,,,,corpus AU_corpus_2026-09-19: from AU_ws_2026-09-15,,2012-11-06,,InForce
0.2.0,,au-csa1905-001,AU,https://www.legislation.gov.au/C1905A00015/2020-10-01/2020-10-01/text/original/epub,2026-09-15T12:38:33Z,html,,raw/au/census_and_statistics_act_1905/20260915T1238Z__page.html,Census and Statistics Act 1905,"No. 15, 1905",,,requests,200,raw/au/census_and_statistics_act_1905/20260915T1238Z__page.html.headers.json,text/html,b2f480520bf6fffd011dfb4f58bf02098b76ca76fae54671a25d1ee590370ff8,129802,,,,,corpus AU_corpus_2026-09-19: from AU_ws_2026-09-15,,1905-12-08,,InForce
0.2.0,,au-sra1908-001,AU,https://www.legislation.gov.au/C1908A00015/asmade/1998-01-01/text/original/pdf,2026-09-15T12:38:56Z,pdf_native,false,raw/au/surplus_revenue_act_1908/20260915T1238Z__native.pdf,Surplus Revenue Act 1908,"No. 15, 1908",,,requests,200,raw/au/surplus_revenue_act_1908/20260915T1238Z__native.pdf.headers.json,application/pdf,a9852dba79ddb5ed42c51638b1772df77123672cfb054ba20782e08c6360f072,239881,3,,,,corpus AU_corpus_2026-09-19: from AU_ws_2026-09-15; flags as_made_short_act,,1908-06-10,,InForce
0.2.0,,au-fpa2005-001,AU,https://www.legislation.gov.au/C1938A00015/2024-10-14/2024-10-14/text/original/epub,2026-09-15T12:45:42Z,html,,raw/au/foreign_passports_law_enforcement_and_security_act_2005/20260915T1245Z__page.html,Foreign Passports (Law Enforcement and Security) Act 2005,"No. 15, 1938",,,requests,200,raw/au/foreign_passports_law_enforcement_and_security_act_2005/20260915T1245Z__page.html.headers.json,text/html,f54c8c5a667eae31e3f208846b672f2bd1b3422cb11f5c4606d094604d870945,189964,,,,,corpus AU_corpus_2026-09-19: from AU_ws_2026-09-15,,1938-07-05,,InForce
0.2.0,,au-cra1971-001,AU,https://www.legislation.gov.au/C1971A00015/2023-10-11/2023-10-11/text/original/epub,2026-09-15T13:05:58Z,html,,raw/au/criminology_research_act_1971/20260915T1305Z__page.html,Criminology Research Act 1971,"No. 15, 1971",,,requests,200,raw/au/criminology_research_act_1971/20260915T1305Z__page.html.headers.json,text/html,311cd0f2173252dbf5530d25eb4e55fb38e7137050e79034df5d4ecdf12863ff,150094,,,,,corpus AU_corpus_2026-09-19: from AU_ws_2026-09-15,,1971-04-06,,InForce
0.2.0,,au-sa1974-001,AU,https://www.legislation.gov.au/C2004A00074/asmade/1974-04-11/text/original/pdf,2026-09-15T13:13:40Z,pdf_native,false,raw/au/superannuation_distribution_of_surplus_act_1974/20260915T1313Z__native.pdf,Superannuation (Distribution of Surplus) Act 1974,"No. 15, 1974",,,requests,200,raw/au/superannuation_distribution_of_surplus_act_1974/20260915T1313Z__native.pdf.headers.json,application/pdf,2024b66c880ada72eb2de2aaa0d3f3f6006ae28ca7dcc9dc1f45a43103c02ea3,594612,10,,,,corpus AU_corpus_2026-09-19: from AU_ws_2026-09-15,,1974-04-11,,InForce
0.2.0,,au-laa1989-001,AU,https://www.legislation.gov.au/C2004A03763/2024-10-14/2024-10-14/text/original/epub,2026-09-15T14:31:08Z,html,,raw/au/lands_acquisition_act_1989/20260915T1431Z__page.html,Lands Acquisition Act 1989,"No. 15, 1989",,,requests,200,raw/au/lands_acquisition_act_1989/20260915T1431Z__page.html.headers.json,text/html,711ec740be4c2c3250b829d662edaf59b85ce8b04444857149408a69f1dfe249,502857,,,,,corpus AU_corpus_2026-09-19: from AU_ws_2026-09-15,,1989-04-17,,InForce
0.2.0,,au-gbrmpa1993b1b3-001,AU,https://www.legislation.gov.au/C2004A04570/asmade/2008-11-26/text/original/pdf,2026-09-15T14:50:50Z,pdf_native,false,raw/au/great_barrier_reef_marine_park_environmental_management_charge_general_act_1993/20260915T1450Z__native.pdf,Great Barrier Reef Marine Park (Environmental Management Charge—General) Act 1993,"No. 15, 1993",,,requests,200,raw/au/great_barrier_reef_marine_park_environmental_management_charge_general_act_1993/20260915T1450Z__native.pdf.headers.json,application/pdf,a72d96bf9c3b116b12a02eb422703bfe53f57eef27e68a310a3f5fab8c67a918,77578,2,,,,corpus AU_corpus_2026-09-19: from AU_ws_2026-09-15; flags as_made_short_act,,1993-06-09,,InForce
0.2.0,,au-pca19987e46-001,AU,https://www.legislation.gov.au/C2004A05327/asmade/1998-04-16/text/original/pdf,2026-09-15T15:14:03Z,pdf_native,false,raw/au/productivity_commission_repeals_transitional_and_consequential_amendments_act_1998/20260915T1514Z__native.pdf,"Productivity Commission (Repeals, Transitional and Consequential Amendments) Act 1998","No. 15, 1998",,,requests,200,raw/au/productivity_commission_repeals_transitional_and_consequential_amendments_act_1998/20260915T1514Z__native.pdf.headers.json,application/pdf,f44b3fa3f600a11e289e2c6aae68e6b0e694f85049158c85a508bd6200a3b35b,79046,8,,,,corpus AU_corpus_2026-09-19: from AU_ws_2026-09-15,,1998-04-16,,InForce
0.2.0,,au-mpa2013-001,AU,https://www.legislation.gov.au/C2013A00015/2025-11-08/2025-11-08/text/original/epub,2026-09-15T15:58:09Z,html,,raw/au/maritime_powers_act_2013/20260915T1558Z__page.html,Maritime Powers Act 2013,"No. 15, 2013",,,requests,200,raw/au/maritime_powers_act_2013/20260915T1558Z__page.html.headers.json,text/html,28241cf7184af7b0d8bcc0dd18e9a241dd907399433ade0c2add137b91fb5ac3,470970,,,,,corpus AU_corpus_2026-09-19: from AU_ws_2026-09-15,,2013-03-27,,InForce
0.2.0,,au-ncatsicypa2026e0ff-001,AU,https://www.legislation.gov.au/C2026A00015/asmade/2026-03-26/text/original/pdf,2026-09-15T16:54:49Z,pdf_native,false,raw/au/national_commission_for_aboriginal_and_torres_strait_islander_children_and_young_people_transitional_provisions_act_2026/20260915T1654Z__native.pdf,National Commission for Aboriginal and Torres Strait Islander Children and Young People (Transitional Provisions) Act 2026,"No. 15, 2026",,,requests,200,raw/au/national_commission_for_aboriginal_and_torres_strait_islander_children_and_young_people_transitional_provisions_act_2026/20260915T1654Z__native.pdf.headers.json,application/pdf,65e9e399cc292dd2c1c15e27541a9e3bf2eee7eb84af27fcac9616982ff16bce,281818,12,,,,corpus AU_corpus_2026-09-19: from AU_ws_2026-09-15,,2026-03-26,,InForce
0.2.0,,au-atsia2005-001,AU,https://www.legislation.gov.au/C2004A03898/2025-02-15/2025-02-15/text/original/epub,2026-09-15T14:33:41Z,html,,raw/au/aboriginal_and_torres_strait_islander_act_2005/20260915T1433Z__page.html,Aboriginal and Torres Strait Islander Act 2005,"No. 150, 1989",,,requests,200,raw/au/aboriginal_and_torres_strait_islander_act_2005/20260915T1433Z__page.html.headers.json,text/html,f4e30bb933b49f7177e2d344a95ecd4c4f20589ac5f57ac4bc94d2d1d07109fe,1229546,,,,,corpus AU_corpus_2026-09-19: from AU_ws_2026-09-15,,1989-11-27,,InForce
0.2.0,,au-fflla1991-001,AU,https://www.legislation.gov.au/C2004A04225/asmade/1991-10-21/text/original/pdf,2026-09-15T14:41:52Z,pdf_native,false,raw/au/foreign_fishing_licences_levy_act_1991/20260915T1441Z__native.pdf,Foreign Fishing Licences Levy Act 1991,"No. 150, 1991",,,requests,200,raw/au/foreign_fishing_licences_levy_act_1991/20260915T1441Z__native.pdf.headers.json,application/pdf,6924ec690da9313dccf2166c905a6bbc172774e28915c2d885dbcde8bb92b128,670062,8,,,,corpus AU_corpus_2026-09-19: from AU_ws_2026-09-15,,1991-10-21,,InForce
0.2.0,,au-hesa2003bda5-001,AU,https://www.legislation.gov.au/C2004A01235/asmade/2008-01-01/text/original/pdf,2026-09-15T13:46:59Z,pdf_native,false,raw/au/higher_education_support_transitional_provisions_and_consequential_amendments_act_2003/20260915T1346Z__native.pdf,Higher Education Support (Transitional Provisions and Consequential Amendments) Act 2003,"No. 150, 2003",,,requests,200,raw/au/higher_education_support_transitional_provisions_and_consequential_amendments_act_2003/20260915T1346Z__native.pdf.headers.json,application/pdf,56fc8e7aac874c9decc32f19596165fc3180d406add53bd6d95574a971c2fc0d,144090,61,,,,corpus AU_corpus_2026-09-19: from AU_ws_2026-09-15,,2003-12-19,,InForce
0.2.0,,au-nsia2004-001,AU,https://www.legislation.gov.au/C2004A01385/2021-12-09/2021-12-09/text/original/epub,2026-09-15T13:50:22Z,html,,raw/au/national_security_information_criminal_and_civil_proceedings_act_2004/20260915T1350Z__page.html,National Security Information (Criminal and Civil Proceedings) Act 2004,"No. 150, 2004",,,requests,200,raw/au/national_security_information_criminal_and_civil_proceedings_act_2004/20260915T1350Z__page.html.headers.json,text/html,5d245cfe185cb596a92dd51be72ea62deedef3007b41322d30b330d77c0993fb,515343,,,,,corpus AU_corpus_2026-09-19: from AU_ws_2026-09-15,,2004-12-14,,InForce
0.2.0,,au-mlaa2007-001,AU,https://www.legislation.gov.au/C2007A00150/2013-07-01/2013-07-01/text/original/epub,2026-09-15T15:27:58Z,html,,raw/au/maritime_legislation_amendment_act_2007/20260915T1527Z__page.html,Maritime Legislation Amendment Act 2007,"No. 150, 2007",,,requests,200,raw/au/maritime_legislation_amendment_act_2007/20260915T1527Z__page.html.headers.json,text/html,79e32fa695683608fa8a14153796f1b962d4332f8b0b0bdae4c3fb62d44cbb41,92785,,,,,corpus AU_corpus_2026-09-19: from AU_ws_2026-09-15,,2007-09-24,,InForce
0.2.0,,au-acqsca2018-001,AU,https://www.legislation.gov.au/C2018A00150/asmade/2018-12-10/text/original/pdf,2026-09-15T16:21:06Z,pdf_native,false,raw/au/aged_care_quality_and_safety_commission_consequential_amendments_and_transitional_provisions_act_2018/20260915T1621Z__native.pdf,Aged Care Quality and Safety Commission (Consequential Amendments and Transitional Provisions) Act 2018,"No. 150, 2018",,,requests,200,raw/au/aged_care_quality_and_safety_commission_consequential_amendments_and_transitional_provisions_act_2018/20260915T1621Z__native.pdf.headers.json,application/pdf,5a5baec0d841e726459a7ffee69216f0e3d376595fc547e7b8d0756f5ccec261,766999,19,,,,corpus AU_corpus_2026-09-19: from AU_ws_2026-09-15,,2018-12-10,,InForce
0.2.0,,au-jpa1968-001,AU,https://www.legislation.gov.au/C1968A00151/2026-07-01/2026-07-01/text/original/epub,2026-09-15T13:04:16Z,html,,raw/au/judges_pensions_act_1968/20260915T1304Z__page.html,Judges' Pensions Act 1968,"No. 151, 1968",,,requests,200,raw/au/judges_pensions_act_1968/20260915T1304Z__page.html.headers.json,text/html,e30e474560da887e78ed70ac31cabf11dce7acc6380b20c0228c1cf5ec1f2e27,380791,,,,,corpus AU_corpus_2026-09-19: from AU_ws_2026-09-15,,1968-12-10,,InForce
0.2.0,,au-imaa1980-001,AU,https://www.legislation.gov.au/C2004A02352/2024-07-10/2024-07-10/text/original/epub,2026-09-15T14:03:31Z,html,,raw/au/international_monetary_agreements_quota_increase_act_1980/20260915T1403Z__page.html,International Monetary Agreements (Quota Increase) Act 1980,"No. 151, 1980",,,requests,200,raw/au/international_monetary_agreements_quota_increase_act_1980/20260915T1403Z__page.html.headers.json,text/html,3a82ab2ded0650227f950eb4b203942069b2980d80e9a106784291c6b6ba1543,28539,,,,,corpus AU_corpus_2026-09-19: from AU_ws_2026-09-15,,1980-09-19,,InForce
0.2.0,,au-fla1984-001,AU,https://www.legislation.gov.au/C2004A03015/2016-03-05/2016-03-05/text/original/epub,2026-09-15T14:15:17Z,html,,raw/au/fisheries_levy_act_1984/20260915T1415Z__page.html,Fisheries Levy Act 1984,"No. 151, 1984",,,requests,200,raw/au/fisheries_levy_act_1984/20260915T1415Z__page.html.headers.json,text/html,9b49f89d96154f27070a3382af7b495f09d6bb37df13f411fb482c110cb53cd8,51232,,,,,corpus AU_corpus_2026-09-19: from AU_ws_2026-09-15,,1984-10-25,,InForce
0.2.0,,au-llmca1989-001,AU,https://www.legislation.gov.au/C2004A03899/asmade/2015-06-08/text/original/pdf,2026-09-15T14:33:54Z,pdf_native,false,raw/au/limitation_of_liability_for_maritime_claims_act_1989/20260915T1433Z__native.pdf,Limitation of Liability for Maritime Claims Act 1989,"No. 151, 1989",,,requests,200,raw/au/limitation_of_liability_for_maritime_claims_act_1989/20260915T1433Z__native.pdf.headers.json,application/pdf,853079b543a02ac78e07ecdf64e5c3b4cea284a68e5175971ff81d42686cbe71,1015840,18,,,,corpus AU_corpus_2026-09-19: from AU_ws_2026-09-15,,1989-11-30,,InForce
0.2.0,,au-faa1991-001,AU,https://www.legislation.gov.au/C2004A04226/asmade/1991-10-21/text/original/pdf,2026-09-15T14:42:06Z,pdf_native,false,raw/au/fisheries_agreements_payments_act_1991/20260915T1442Z__native.pdf,Fisheries Agreements (Payments) Act 1991,"No. 151, 1991",,,requests,200,raw/au/fisheries_agreements_payments_act_1991/20260915T1442Z__native.pdf.headers.json,application/pdf,de4d694afbde4951c5f5c39fe2a9157cf0542e5cfd211b51d2cc5fd7bd351740,653357,7,,,,corpus AU_corpus_2026-09-19: from AU_ws_2026-09-15,,1991-10-21,,InForce
0.2.0,,au-aga1997-001,AU,https://www.legislation.gov.au/C2004A05248/2023-10-17/2023-10-17/text/original/epub,2026-09-15T15:11:21Z,html,,raw/au/auditor_general_act_1997/20260915T1511Z__page.html,Auditor-General Act 1997,"No. 151, 1997",,,requests,200,raw/au/auditor_general_act_1997/20260915T1511Z__page.html.headers.json,text/html,e224933b842fea8d59ad9ced35be6c12cd11e4515c1310a68d6989e76b8df09f,292425,,,,,corpus AU_corpus_2026-09-19: from AU_ws_2026-09-15,,1997-10-24,,InForce
0.2.0,,au-areaa2011-001,AU,https://www.legislation.gov.au/C2011A00151/2024-12-11/2024-12-11/text/original/epub,2026-09-15T15:47:53Z,html,,raw/au/australian_renewable_energy_agency_act_2011/20260915T1547Z__page.html,Australian Renewable Energy Agency Act 2011,"No. 151, 2011",,,requests,200,raw/au/australian_renewable_energy_agency_act_2011/20260915T1547Z__page.html.headers.json,text/html,00a036e32729b3f792b811d5d8e0761422260f00124206787c5101f0847ca0e4,222461,,,,,corpus AU_corpus_2026-09-19: from AU_ws_2026-09-15,,2011-12-04,,InForce
0.2.0,,au-dfda1982-001,AU,https://www.legislation.gov.au/C2004A02711/2026-07-01/2026-07-01/text/original/epub,2026-09-15T14:09:37Z,html,,raw/au/defence_force_discipline_act_1982/20260915T1409Z__page.html,Defence Force Discipline Act 1982,"No. 152, 1982",,,requests,200,raw/au/defence_force_discipline_act_1982/20260915T1409Z__page.html.headers.json,text/html,e4dfac253ddc97c9f136f3421f94544b38ddc0ea6d22ea5c0da9a242b2881ff9,1925320,,,,,corpus AU_corpus_2026-09-19: from AU_ws_2026-09-15,,1982-12-31,,InForce
0.2.0,,au-isa2001-001,AU,https://www.legislation.gov.au/C2004A00928/2026-08-27/2026-08-27/text/original/epub,2026-09-15T13:39:11Z,html,,raw/au/intelligence_services_act_2001/20260915T1339Z__page.html,Intelligence Services Act 2001,"No. 152, 2001",,,requests,200,raw/au/intelligence_services_act_2001/20260915T1339Z__page.html.headers.json,text/html,93f4e74cf31f1aba984b13361af6a23cba43f3a0f58e2707d7ec57fd89dd32e4,798646,,,,,corpus AU_corpus_2026-09-19: from AU_ws_2026-09-15,,2001-10-01,,InForce
0.2.0,,au-sda2004-001,AU,https://www.legislation.gov.au/C2004A01387/2026-08-27/2026-08-27/text/original/epub,2026-09-15T13:50:33Z,html,,raw/au/surveillance_devices_act_2004/20260915T1350Z__page.html,Surveillance Devices Act 2004,"No. 152, 2004",,,requests,200,raw/au/surveillance_devices_act_2004/20260915T1350Z__page.html.headers.json,text/html,0703091d5d0c91f61ad2f07612b620bc8b9e95f2c85b8ea5da1b866ca3949c04,1315725,,,,,corpus AU_corpus_2026-09-19: from AU_ws_2026-09-15,,2004-12-15,,InForce
0.2.0,,au-areaa201197cb-001,AU,https://www.legislation.gov.au/C2011A00152/asmade/2011-12-04/text/original/pdf,2026-09-15T15:48:06Z,pdf_native,false,raw/au/australian_renewable_energy_agency_consequential_amendments_and_transitional_provisions_act_2011/20260915T1548Z__native.pdf,Australian Renewable Energy Agency (Consequential Amendments and Transitional Provisions) Act 2011,"No. 152, 2011",,,requests,200,raw/au/australian_renewable_energy_agency_consequential_amendments_and_transitional_provisions_act_2011/20260915T1548Z__native.pdf.headers.json,application/pdf,6016c31ca19331d534f005e100ff2b1bb8d135cddf38c6118bf8ada9fc8aead3,407983,30,,,,corpus AU_corpus_2026-09-19: from AU_ws_2026-09-15,,2011-12-04,,InForce
0.2.0,,au-fatfia2015-001,AU,https://www.legislation.gov.au/C2015A00152/2024-04-09/2024-04-09/text/original/epub,2026-09-15T16:12:28Z,html,,raw/au/foreign_acquisitions_and_takeovers_fees_imposition_act_2015/20260915T1612Z__page.html,Foreign Acquisitions and Takeovers Fees Imposition Act 2015,"No. 152, 2015",,,requests,200,raw/au/foreign_acquisitions_and_takeovers_fees_imposition_act_2015/20260915T1612Z__page.html.headers.json,text/html,918a71e6dff2e226af1a4fe547be3b76cab427ce6ec6e6a46312bfedd2ab553b,64867,,,,,corpus AU_corpus_2026-09-19: from AU_ws_2026-09-15,,2015-11-25,,InForce
0.2.0,,au-fqsa2000-001,AU,https://www.legislation.gov.au/C2004A00744/2024-10-14/2024-10-14/text/original/epub,2026-09-15T13:33:29Z,html,,raw/au/fuel_quality_standards_act_2000/20260915T1333Z__page.html,Fuel Quality Standards Act 2000,"No. 153, 2000",,,requests,200,raw/au/fuel_quality_standards_act_2000/20260915T1333Z__page.html.headers.json,text/html,2107437988e6efdc8a6e12fefe997d105ef85198a2f1555aeff82c0edde0d2f7,461588,,,,,corpus AU_corpus_2026-09-19: from AU_ws_2026-09-15,,2000-12-21,,InForce
0.2.0,,au-saa20084ae4-001,AU,https://www.legislation.gov.au/C2008A00153/2016-03-05/2016-03-05/text/original/epub,2026-09-15T15:33:04Z,html,,raw/au/schools_assistance_act_2008/20260915T1533Z__page.html,Schools Assistance Act 2008,"No. 153, 2008",,,requests,200,raw/au/schools_assistance_act_2008/20260915T1533Z__page.html.headers.json,text/html,59b84e033bd2f24f9660ce437629892f665b76409ab6b5357ee5c36234fcc763,592376,,,,,corpus AU_corpus_2026-09-19: from AU_ws_2026-09-15,,2008-12-11,,InForce
0.2.0,,au-dtca2012-001,AU,https://www.legislation.gov.au/C2012A00153/2024-10-14/2024-10-14/text/original/epub,2026-09-15T15:55:27Z,html,,raw/au/defence_trade_controls_act_2012/20260915T1555Z__page.html,Defence Trade Controls Act 2012,"No. 153, 2012",,,requests,200,raw/au/defence_trade_controls_act_2012/20260915T1555Z__page.html.headers.json,text/html,f70584f733acce2920c3e65c33a3b2c5688d41156ba6d3d00a6ac0ed00ba4f74,673289,,,,,corpus AU_corpus_2026-09-19: from AU_ws_2026-09-15,,2012-11-13,,InForce
0.2.0,,au-msa2018-001,AU,https://www.legislation.gov.au/C2018A00153/2024-11-07/2024-11-07/text/original/epub,2026-09-15T16:21:18Z,html,,raw/au/modern_slavery_act_2018/20260915T1621Z__page.html,Modern Slavery Act 2018,"No. 153, 2018",,,requests,200,raw/au/modern_slavery_act_2018/20260915T1621Z__page.html.headers.json,text/html,29c5fcb767de21eecbe858aef072749bb6223010705d8104303901eb551d89c8,187160,,,,,corpus AU_corpus_2026-09-19: from AU_ws_2026-09-15,,2018-12-10,,InForce
0.2.0,,au-ffa1997-001,AU,https://www.legislation.gov.au/C2004A05251/2024-05-31/2024-05-31/text/original/epub,2026-09-15T15:11:32Z,html,,raw/au/financial_framework_supplementary_powers_act_1997/20260915T1511Z__page.html,Financial Framework (Supplementary Powers) Act 1997,"No. 154, 1997",,,requests,200,raw/au/financial_framework_supplementary_powers_act_1997/20260915T1511Z__page.html.headers.json,text/html,00efe196df2e8d4f74f7dcc30e430e543bdd0b8ef6628957f11c1c6efb4cf49d,172628,,,,,corpus AU_corpus_2026-09-19: from AU_ws_2026-09-15,,1997-10-24,,InForce
0.2.0,,au-saa19738a84-001,AU,https://www.legislation.gov.au/C2004A00058/2026-07-01/2026-07-01/text/original/epub,2026-09-15T13:13:29Z,html,,raw/au/student_assistance_act_1973/20260915T1313Z__page.html,Student Assistance Act 1973,"No. 155, 1973",,,requests,200,raw/au/student_assistance_act_1973/20260915T1313Z__page.html.headers.json,text/html,d78f19662bd30e26e48f7bf8c8649e82cdcaffa81d088161856a19d8e4c2c4d1,1442488,,,,,corpus AU_corpus_2026-09-19: from AU_ws_2026-09-15,,1973-11-27,,InForce
0.2.0,,au-nbfa2008-001,AU,https://www.legislation.gov.au/C2008A00155/asmade/2008-12-18/text/original/pdf,2026-09-15T15:33:14Z,pdf_native,false,raw/au/nation_building_funds_consequential_amendments_act_2008/20260915T1533Z__native.pdf,Nation-building Funds (Consequential Amendments) Act 2008,"No. 155, 2008",,,requests,200,raw/au/nation_building_funds_consequential_amendments_act_2008/20260915T1533Z__native.pdf.headers.json,application/pdf,bb53058424b4b47ff04c75ed83a81c523d3359159b67aba7286cbf16e1da2005,112090,31,,,,corpus AU_corpus_2026-09-19: from AU_ws_2026-09-15,,2008-12-18,,InForce
0.2.0,,au-sla2015-001,AU,https://www.legislation.gov.au/C2015A00155/2024-01-01/2024-01-01/text/original/epub,2026-09-15T16:12:40Z,html,,raw/au/student_loans_overseas_debtors_repayment_levy_act_2015/20260915T1612Z__page.html,Student Loans (Overseas Debtors Repayment Levy) Act 2015,"No. 155, 2015",,,requests,200,raw/au/student_loans_overseas_debtors_repayment_levy_act_2015/20260915T1612Z__page.html.headers.json,text/html,91a821f502fd9f5654f9fbeae0452fdde669c9d54de9580f309a3e78212fe22e,35938,,,,,corpus AU_corpus_2026-09-19: from AU_ws_2026-09-15,,2015-11-26,,InForce
0.2.0,,au-onia2018-001,AU,https://www.legislation.gov.au/C2018A00155/2026-06-04/2026-06-04/text/original/epub,2026-09-15T16:21:32Z,html,,raw/au/office_of_national_intelligence_act_2018/20260915T1621Z__page.html,Office of National Intelligence Act 2018,"No. 155, 2018",,,requests,200,raw/au/office_of_national_intelligence_act_2018/20260915T1621Z__page.html.headers.json,text/html,a752dbc9d2d8808f296aa5a9db642ed0b8f38d6aba7b79c87e74050e1173c536,245882,,,,,corpus AU_corpus_2026-09-19: from AU_ws_2026-09-15,,2018-12-10,,InForce
0.2.0,,au-fcaa1976-001,AU,https://www.legislation.gov.au/C2004A01586/2024-12-11/2024-12-11/text/original/epub,2026-09-15T13:53:44Z,html,,raw/au/federal_court_of_australia_act_1976/20260915T1353Z__page.html,Federal Court of Australia Act 1976,"No. 156, 1976",,,requests,200,raw/au/federal_court_of_australia_act_1976/20260915T1353Z__page.html.headers.json,text/html,59b02e1d0385e22d19dbba0af2dc5a9f399e94b154662fe1145f5e9360184d86,1573070,,,,,corpus AU_corpus_2026-09-19: from AU_ws_2026-09-15,,1976-12-09,,InForce
0.2.0,,au-ca1980-001,AU,https://www.legislation.gov.au/C2004A02357/2026-07-01/2026-07-01/text/original/epub,2026-09-15T14:03:42Z,html,,raw/au/crimes_taxation_offences_act_1980/20260915T1403Z__page.html,Crimes (Taxation Offences) Act 1980,"No. 156, 1980",,,requests,200,raw/au/crimes_taxation_offences_act_1980/20260915T1403Z__page.html.headers.json,text/html,ea69030746ecaa07c8c45e684579a1f3307f35bab89b0fb0aee97c55f8a97269,213967,,,,,corpus AU_corpus_2026-09-19: from AU_ws_2026-09-15,,1980-12-04,,InForce
0.2.0,,au-srca1988-001,AU,https://www.legislation.gov.au/C1988A00156/2026-07-01/2026-07-01/text/original/epub,2026-09-15T13:10:12Z,html,,raw/au/safety_rehabilitation_and_compensation_defence_related_claims_act_1988/20260915T1310Z__page.html,"Safety, Rehabilitation and Compensation (Defence-related Claims) Act 1988","No. 156, 1988",,,requests,200,raw/au/safety_rehabilitation_and_compensation_defence_related_claims_act_1988/20260915T1310Z__page.html.headers.json,text/html,934899c39be9c931584e4f9df2d96c149b94ab6ccc11fa21c79bbb31ccf9e777,700044,,,,,corpus AU_corpus_2026-09-19: from AU_ws_2026-09-15,,2017-10-12,,InForce
0.2.0,,au-fla1991-001,AU,https://www.legislation.gov.au/C2004A04231/asmade/2011-01-04/text/original/pdf,2026-09-15T14:42:16Z,pdf_native,false,raw/au/fishing_levy_act_1991/20260915T1442Z__native.pdf,Fishing Levy Act 1991,"No. 156, 1991",,,requests,200,raw/au/fishing_levy_act_1991/20260915T1442Z__native.pdf.headers.json,application/pdf,48ea8d0b7241db461b1edd899e33f6b7a2cc31b1245b65c5c96cc51f11bd1547,75500,2,,,,corpus AU_corpus_2026-09-19: from AU_ws_2026-09-15; flags as_made_short_act,,1991-10-21,,InForce
0.2.0,,au-fcsiavalaa2006-001,AU,https://www.legislation.gov.au/C2006A00156/asmade/2006-12-08/text/original/pdf,2026-09-15T15:23:09Z,pdf_native,false,raw/au/families_community_services_and_indigenous_affairs_and_veterans_affairs_legislation_amendment_2006_budget_measures_act_2006/20260915T1523Z__native.pdf,"Families, Community Services and Indigenous Affairs and Veterans' Affairs Legislation Amendment (2006 Budget Measures) Act 2006","No. 156, 2006",,,requests,200,raw/au/families_community_services_and_indigenous_affairs_and_veterans_affairs_legislation_amendment_2006_budget_measures_act_2006/20260915T1523Z__native.pdf.headers.json,application/pdf,cce5e93b7792871395032cbabd87c5532171a8b1bf323484ac09c1c2f71c0e25,90150,33,,,,corpus AU_corpus_2026-09-19: from AU_ws_2026-09-15,,2006-12-08,,InForce
0.2.0,,au-frfa2008-001,AU,https://www.legislation.gov.au/C2008A00156/2024-07-06/2024-07-06/text/original/epub,2026-09-15T15:33:25Z,html,,raw/au/federation_reform_fund_act_2008/20260915T1533Z__page.html,Federation Reform Fund Act 2008,"No. 156, 2008",,,requests,200,raw/au/federation_reform_fund_act_2008/20260915T1533Z__page.html.headers.json,text/html,713a1a79c1708d43fae358bc323657f789c6580396ca90363533a0c214f3175a,73030,,,,,corpus AU_corpus_2026-09-19: from AU_ws_2026-09-15,,2008-12-18,,InForce
0.2.0,,au-onia2018a347-001,AU,https://www.legislation.gov.au/C2018A00156/asmade/2018-12-10/text/original/pdf,2026-09-15T16:21:44Z,pdf_native,false,raw/au/office_of_national_intelligence_consequential_and_transitional_provisions_act_2018/20260915T1621Z__native.pdf,Office of National Intelligence (Consequential and Transitional Provisions) Act 2018,"No. 156, 2018",,,requests,200,raw/au/office_of_national_intelligence_consequential_and_transitional_provisions_act_2018/20260915T1621Z__native.pdf.headers.json,application/pdf,cb1c4261a3cf202f9c6e53c7b752625bee2fd86c1a2b50f972f70712c03f53c0,928659,30,,,,corpus AU_corpus_2026-09-19: from AU_ws_2026-09-15,,2018-12-10,,InForce
0.2.0,,au-sfrca1991-001,AU,https://www.legislation.gov.au/C2004A04232/asmade/1991-10-21/text/original/pdf,2026-09-15T14:42:28Z,pdf_native,false,raw/au/statutory_fishing_rights_charge_act_1991/20260915T1442Z__native.pdf,Statutory Fishing Rights Charge Act 1991,"No. 157, 1991",,,requests,200,raw/au/statutory_fishing_rights_charge_act_1991/20260915T1442Z__native.pdf.headers.json,application/pdf,abb4a6a65924289583e504908f832009af53d78ebfd2e7628f419e2f6d5ec544,578685,7,,,,corpus AU_corpus_2026-09-19: from AU_ws_2026-09-15,,1991-10-21,,InForce
0.2.0,,au-swaa2008-001,AU,https://www.legislation.gov.au/C2008A00157/asmade/2008-12-18/text/original/pdf,2026-09-15T15:33:36Z,pdf_native,false,raw/au/safe_work_australia_consequential_and_transitional_provisions_act_2008/20260915T1533Z__native.pdf,Safe Work Australia (Consequential and Transitional Provisions) Act 2008,"No. 157, 2008",,,requests,200,raw/au/safe_work_australia_consequential_and_transitional_provisions_act_2008/20260915T1533Z__native.pdf.headers.json,application/pdf,fbc7d57d2baa65c8ed0a9a08e15acf667c5d7ff568628ae8dfe06b476fa882d5,35697,13,,,,corpus AU_corpus_2026-09-19: from AU_ws_2026-09-15,,2008-12-18,,InForce
0.2.0,,au-fa2004-001,AU,https://www.legislation.gov.au/C2004A01393/asmade/2004-12-17/text/original/pdf,2026-09-15T13:50:44Z,pdf_native,false,raw/au/fisheries_validation_of_plans_of_management_act_2004/20260915T1350Z__native.pdf,Fisheries (Validation of Plans of Management) Act 2004,"No. 158, 2004",,,requests,200,raw/au/fisheries_validation_of_plans_of_management_act_2004/20260915T1350Z__native.pdf.headers.json,application/pdf,f118013665aaff00d7eb9181a88dfa13a4df651b4070ca1831d8a3cb343f4d5d,21183,7,,,,corpus AU_corpus_2026-09-19: from AU_ws_2026-09-15,,2004-12-17,,InForce
0.2.0,,au-hica1997-001,AU,https://www.legislation.gov.au/C2004A05252/2023-10-18/2023-10-18/text/original/epub,2026-09-15T15:11:42Z,html,,raw/au/health_insurance_commission_reform_and_separation_of_functions_act_1997/20260915T1511Z__page.html,Health Insurance Commission (Reform and Separation of Functions) Act 1997,"No. 159, 1997",,,requests,200,raw/au/health_insurance_commission_reform_and_separation_of_functions_act_1997/20260915T1511Z__page.html.headers.json,text/html,1398f9434bf9d5f9391d532ab568f8fd5bd77594b58e3d04389f22ff4b87cf39,200928,,,,,corpus AU_corpus_2026-09-19: from AU_ws_2026-09-15,,1997-11-11,,InForce
0.2.0,,au-fega2012-001,AU,https://www.legislation.gov.au/C2012A00159/2025-02-21/2025-02-21/text/original/epub,2026-09-15T15:55:41Z,html,,raw/au/fair_entitlements_guarantee_act_2012/20260915T1555Z__page.html,Fair Entitlements Guarantee Act 2012,"No. 159, 2012",,,requests,200,raw/au/fair_entitlements_guarantee_act_2012/20260915T1555Z__page.html.headers.json,text/html,77af487f9b066ccfc1e5d0ee67b3e5d5421606f4cdb83575e0cce47d56c03731,238137,,,,,corpus AU_corpus_2026-09-19: from AU_ws_2026-09-15,,2012-11-28,,InForce
0.2.0,,au-ca1905-001,AU,https://www.legislation.gov.au/C1905A00016/2024-10-14/2024-10-14/text/original/epub,2026-09-15T12:38:44Z,html,,raw/au/commerce_trade_descriptions_act_1905/20260915T1238Z__page.html,Commerce (Trade Descriptions) Act 1905,"No. 16, 1905",,,requests,200,raw/au/commerce_trade_descriptions_act_1905/20260915T1238Z__page.html.headers.json,text/html,4a18344ea94b13c84319460821a595e2f1fe17032554662a948aac6bc531cbee,118902,,,,,corpus AU_corpus_2026-09-19: from AU_ws_2026-09-15,,1905-12-08,,InForce
0.2.0,,au-ppa1908-001,AU,https://www.legislation.gov.au/C1908A00016/1981-05-01/1981-05-01/text/original/epub,2026-09-15T12:39:07Z,html,,raw/au/parliamentary_papers_act_1908/20260915T1239Z__page.html,Parliamentary Papers Act 1908,"No. 16, 1908",,,requests,200,raw/au/parliamentary_papers_act_1908/20260915T1239Z__page.html.headers.json,text/html,fdec027d1e5e33c82ad228eb314cd00c6ab469413c56ba435be83e6460850bf8,25863,,,,,corpus AU_corpus_2026-09-19: from AU_ws_2026-09-15,,1908-06-10,,InForce
0.2.0,,au-wga1945-001,AU,https://www.legislation.gov.au/C1945A00016/2016-10-21/2016-10-21/text/original/epub,2026-09-15T12:46:20Z,html,,raw/au/war_gratuity_act_1945/20260915T1246Z__page.html,War Gratuity Act 1945,"No. 16, 1945",,,requests,200,raw/au/war_gratuity_act_1945/20260915T1246Z__page.html.headers.json,text/html,7a34d952d97d1a84d9208f6a7f3b3601bbd54847d842c7557db807c08d9f0c24,128699,,,,,corpus AU_corpus_2026-09-19: from AU_ws_2026-09-15,,1945-08-03,,InForce
0.2.0,,au-dfdaa1955-001,AU,https://www.legislation.gov.au/C1955A00016/2024-12-11/2024-12-11/text/original/epub,2026-09-15T12:53:18Z,html,,raw/au/defence_force_discipline_appeals_act_1955/20260915T1253Z__page.html,Defence Force Discipline Appeals Act 1955,"No. 16, 1955",,,requests,200,raw/au/defence_force_discipline_appeals_act_1955/20260915T1253Z__page.html.headers.json,text/html,13a7cc9a723a6642adb8e62c4bd3226859d37ae66e43c5c34b022865214742bc,246204,,,,,corpus AU_corpus_2026-09-19: from AU_ws_2026-09-15,,1955-06-08,,InForce
0.2.0,,au-dpia1967-001,AU,https://www.legislation.gov.au/C1967A00016/2016-10-21/2016-10-21/text/original/epub,2026-09-15T13:02:13Z,html,,raw/au/diplomatic_privileges_and_immunities_act_1967/20260915T1302Z__page.html,Diplomatic Privileges and Immunities Act 1967,"No. 16, 1967",,,requests,200,raw/au/diplomatic_privileges_and_immunities_act_1967/20260915T1302Z__page.html.headers.json,text/html,cde38b129d3896761dec5de33afc5f9c2649ac6899b94f1353b0efe817dd40d1,179287,,,,,corpus AU_corpus_2026-09-19: from AU_ws_2026-09-15,,1967-05-12,,InForce
0.2.0,,au-gga1974-001,AU,https://www.legislation.gov.au/C2004A00075/2026-07-01/2026-07-01/text/original/epub,2026-09-15T13:13:52Z,html,,raw/au/governor_general_act_1974/20260915T1313Z__page.html,Governor-General Act 1974,"No. 16, 1974",,,requests,200,raw/au/governor_general_act_1974/20260915T1313Z__page.html.headers.json,text/html,a3fd866bdfc116160b8ecb287b123433a91f68830bb92d95d3074d769f3bcdc3,237173,,,,,corpus AU_corpus_2026-09-19: from AU_ws_2026-09-15,,1974-04-11,,InForce
0.2.0,,au-cofgdmsla1978-001,AU,https://www.legislation.gov.au/C2004A01815/asmade/2005-02-22/text/original/pdf,2026-09-15T13:56:35Z,pdf_native,false,raw/au/co_operative_farmers_and_graziers_direct_meat_supply_limited_loan_guarantee_act_1978/20260915T1356Z__native.pdf,Co-operative Farmers and Graziers Direct Meat Supply Limited (Loan Guarantee) Act 1978,"No. 16, 1978",,,requests,200,raw/au/co_operative_farmers_and_graziers_direct_meat_supply_limited_loan_guarantee_act_1978/20260915T1356Z__native.pdf.headers.json,application/pdf,aca628919f88dc2c6bfedb099be96a562c0bd4ae88229887acfa6355cedaff7b,60767,2,,,,corpus AU_corpus_2026-09-19: from AU_ws_2026-09-15; flags as_made_short_act,,1978-04-20,,InForce
0.2.0,,au-mpa2013f29c-001,AU,https://www.legislation.gov.au/C2013A00016/asmade/2013-03-27/text/original/pdf,2026-09-15T15:58:21Z,pdf_native,false,raw/au/maritime_powers_consequential_amendments_act_2013/20260915T1558Z__native.pdf,Maritime Powers (Consequential Amendments) Act 2013,"No. 16, 2013",,,requests,200,raw/au/maritime_powers_consequential_amendments_act_2013/20260915T1558Z__native.pdf.headers.json,application/pdf,6151465298b7703da6f4af9a8d5bb79e1c16f906fa2f22daa4160513819abc3f,621363,26,,,,corpus AU_corpus_2026-09-19: from AU_ws_2026-09-15,,2013-03-27,,InForce
0.2.0,,au-bcia2015-001,AU,https://www.legislation.gov.au/C2014A00016/2016-06-16/2016-06-16/text/original/epub,2026-09-15T16:03:21Z,html,,raw/au/biosecurity_charges_imposition_customs_act_2015/20260915T1603Z__page.html,Biosecurity Charges Imposition (Customs) Act 2015,"No. 16, 2014",,,requests,200,raw/au/biosecurity_charges_imposition_customs_act_2015/20260915T1603Z__page.html.headers.json,text/html,816eb8a96bbaaedfc0735d9b7b393d4bcf13ffa84624f9e67e64312b4caf982b,47585,,,,,corpus AU_corpus_2026-09-19: from AU_ws_2026-09-15,,2014-03-31,,InForce
0.2.0,,au-aa202616d7-001,AU,https://www.legislation.gov.au/C2026A00016/asmade/2026-03-27/text/original/pdf,2026-09-15T16:55:01Z,pdf_native,false,raw/au/appropriation_parliamentary_departments_act_no_2_2025_2026/20260915T1655Z__native.pdf,Appropriation (Parliamentary Departments) Act (No. 2) 2025‑2026,"No. 16, 2026",,,requests,200,raw/au/appropriation_parliamentary_departments_act_no_2_2025_2026/20260915T1655Z__native.pdf.headers.json,application/pdf,e1ce9cb7e78e56a4e093750352489c88072fafbc52e6557525cfdf8ce968f71d,329979,18,,,,corpus AU_corpus_2026-09-19: from AU_ws_2026-09-15,,2026-03-27,,InForce
0.2.0,,au-la197860e8-001,AU,https://www.legislation.gov.au/C2004A01959/asmade/1978-11-28/text/original/pdf,2026-09-15T13:58:40Z,pdf_native,false,raw/au/loans_taxation_exemption_act_1978/20260915T1358Z__native.pdf,Loans (Taxation Exemption) Act 1978,"No. 160, 1978",,,requests,200,raw/au/loans_taxation_exemption_act_1978/20260915T1358Z__native.pdf.headers.json,application/pdf,aecb3159be57c8c874854606fabcecafc598d51b8213dc2b56f1d6b7a7ad5110,817079,7,,,,corpus AU_corpus_2026-09-19: from AU_ws_2026-09-15,,1978-11-28,,InForce
0.2.0,,au-cgsa1991-001,AU,https://www.legislation.gov.au/C2004A04235/2017-08-23/2017-08-23/text/original/epub,2026-09-15T14:42:42Z,html,,raw/au/carriage_of_goods_by_sea_act_1991/20260915T1442Z__page.html,Carriage of Goods by Sea Act 1991,"No. 160, 1991",,,requests,200,raw/au/carriage_of_goods_by_sea_act_1991/20260915T1442Z__page.html.headers.json,text/html,3bdb2361e5eb99b8e361cbb2ce18b26ef213eaa69ae0e6a90a8041b4d0cde146,223106,,,,,corpus AU_corpus_2026-09-19: from AU_ws_2026-09-15,,1991-10-31,,InForce
0.2.0,,au-mpsa2006-001,AU,https://www.legislation.gov.au/C2006A00160/2023-10-20/2023-10-20/text/original/epub,2026-09-15T15:23:21Z,html,,raw/au/medibank_private_sale_act_2006/20260915T1523Z__page.html,Medibank Private Sale Act 2006,"No. 160, 2006",,,requests,200,raw/au/medibank_private_sale_act_2006/20260915T1523Z__page.html.headers.json,text/html,026eecfa2a3d8b3a733ba6584ceaf5c3f801b49e3d2bdded8e8ab09816b17446,290908,,,,,corpus AU_corpus_2026-09-19: from AU_ws_2026-09-15,,2006-12-11,,InForce
0.2.0,,au-ssla1973-001,AU,https://www.legislation.gov.au/C2004A00046/2019-08-30/2019-08-30/text/original/epub,2026-09-15T13:13:03Z,html,,raw/au/seas_and_submerged_lands_act_1973/20260915T1313Z__page.html,Seas and Submerged Lands Act 1973,"No. 161, 1973",,,requests,200,raw/au/seas_and_submerged_lands_act_1973/20260915T1313Z__page.html.headers.json,text/html,80ee1c07f97ca31325658143417f35c68fa374799dcac0487b6fd822bffc8cb1,236726,,,,,corpus AU_corpus_2026-09-19: from AU_ws_2026-09-15,,1973-12-04,,InForce
0.2.0,,au-waa2013-001,AU,https://www.legislation.gov.au/C2004A02362/2025-02-21/2025-02-21/text/original/epub,2026-09-15T14:03:53Z,html,,raw/au/wine_australia_act_2013/20260915T1403Z__page.html,Wine Australia Act 2013,"No. 161, 1980",,,requests,200,raw/au/wine_australia_act_2013/20260915T1403Z__page.html.headers.json,text/html,d18ce5d1d6bbf9aaf89d79b42eb98c8ec2291368a293da116771d619b99da4eb,1027845,,,,,corpus AU_corpus_2026-09-19: from AU_ws_2026-09-15,,1980-12-10,,InForce
0.2.0,,au-mnla1989-001,AU,https://www.legislation.gov.au/C2004A03909/2018-06-19/2018-06-19/text/original/epub,2026-09-15T14:34:05Z,html,,raw/au/marine_navigation_levy_act_1989/20260915T1434Z__page.html,Marine Navigation Levy Act 1989,"No. 161, 1989",,,requests,200,raw/au/marine_navigation_levy_act_1989/20260915T1434Z__page.html.headers.json,text/html,f755968d7007cae7d7a369f09293dcd833acd518e2f9ca790e33ac422a56a367,38144,,,,,corpus AU_corpus_2026-09-19: from AU_ws_2026-09-15,,1989-12-18,,InForce
0.2.0,,au-faa1991065b-001,AU,https://www.legislation.gov.au/C2004A04236/2025-01-01/2025-01-01/text/original/epub,2026-09-15T14:42:55Z,html,,raw/au/fisheries_administration_act_1991/20260915T1442Z__page.html,Fisheries Administration Act 1991,"No. 161, 1991",,,requests,200,raw/au/fisheries_administration_act_1991/20260915T1442Z__page.html.headers.json,text/html,95f468fd68e14974b561f4d880a73b0001c7accae08ca714d1d7fd1a1e4016b0,373176,,,,,corpus AU_corpus_2026-09-19: from AU_ws_2026-09-15,,1991-11-10,,InForce
0.2.0,,au-cbsa1995-001,AU,https://www.legislation.gov.au/C2004A05008/2016-03-05/2016-03-05/text/original/epub,2026-09-15T15:03:34Z,html,,raw/au/commonwealth_bank_sale_act_1995/20260915T1503Z__page.html,Commonwealth Bank Sale Act 1995,"No. 161, 1995",,,requests,200,raw/au/commonwealth_bank_sale_act_1995/20260915T1503Z__page.html.headers.json,text/html,6cfa2cb331aa21d3c991a730729d9e25494d9412e31dcf19cf6c7e1b6169d641,73199,,,,,corpus AU_corpus_2026-09-19: from AU_ws_2026-09-15,,1995-12-16,,InForce
0.2.0,,au-jca2000-001,AU,https://www.legislation.gov.au/C2004A00754/asmade/2000-12-21/text/original/pdf,2026-09-15T13:33:54Z,pdf_native,false,raw/au/jurisdiction_of_courts_miscellaneous_amendments_act_2000/20260915T1333Z__native.pdf,Jurisdiction of Courts (Miscellaneous Amendments) Act 2000,"No. 161, 2000",,,requests,200,raw/au/jurisdiction_of_courts_miscellaneous_amendments_act_2000/20260915T1333Z__native.pdf.headers.json,application/pdf,52592113ce578f81c105f8161c23e79cac31161598f4bfd257eabcdd203a965e,37875,14,,,,corpus AU_corpus_2026-09-19: from AU_ws_2026-09-15,,2000-12-21,,InForce
0.2.0,,au-saria2012-001,AU,https://www.legislation.gov.au/C2012A00161/2018-06-29/2018-06-29/text/original/epub,2026-09-15T15:55:52Z,html,,raw/au/superannuation_auditor_registration_imposition_act_2012/20260915T1555Z__page.html,Superannuation Auditor Registration Imposition Act 2012,"No. 161, 2012",,,requests,200,raw/au/superannuation_auditor_registration_imposition_act_2012/20260915T1555Z__page.html.headers.json,text/html,fc2275ddb95bc3278dad65d71cec6d3f185c082d64f12a0303d95485a3f4da4c,31032,,,,,corpus AU_corpus_2026-09-19: from AU_ws_2026-09-15,,2012-11-28,,InForce
0.2.0,,au-mnlca1989-001,AU,https://www.legislation.gov.au/C2004A03910/2016-07-01/2016-07-01/text/original/epub,2026-09-15T14:34:15Z,html,,raw/au/marine_navigation_levy_collection_act_1989/20260915T1434Z__page.html,Marine Navigation Levy Collection Act 1989,"No. 162, 1989",,,requests,200,raw/au/marine_navigation_levy_collection_act_1989/20260915T1434Z__page.html.headers.json,text/html,807108cb2127015b7fb3943f8cdf35ee954fef80063840452b77f969c7f64ba2,58866,,,,,corpus AU_corpus_2026-09-19: from AU_ws_2026-09-15,,1989-12-18,,InForce
0.2.0,,au-fma1991-001,AU,https://www.legislation.gov.au/C2004A04237/2024-10-14/2024-10-14/text/original/epub,2026-09-15T14:43:10Z,html,,raw/au/fisheries_management_act_1991/20260915T1443Z__page.html,Fisheries Management Act 1991,"No. 162, 1991",,,requests,200,raw/au/fisheries_management_act_1991/20260915T1443Z__page.html.headers.json,text/html,141e6b787c2327e90224fd9d35409abfdd2dbabb7d24c7906521de3d794727eb,2140370,,,,,corpus AU_corpus_2026-09-19: from AU_ws_2026-09-15,,1991-11-10,,InForce
0.2.0,,au-saaa1994-001,AU,https://www.legislation.gov.au/C2004A04835/2014-03-12/2014-03-12/text/original/epub,2026-09-15T14:57:50Z,html,,raw/au/supported_accommodation_assistance_act_1994/20260915T1457Z__page.html,Supported Accommodation Assistance Act 1994,"No. 162, 1994",,,requests,200,raw/au/supported_accommodation_assistance_act_1994/20260915T1457Z__page.html.headers.json,text/html,e15b12cf6800e52566fb36ac637febb5fe321b7f4ec7244eb447d82ed3862b1e,92548,,,,,corpus AU_corpus_2026-09-19: from AU_ws_2026-09-15,,1994-12-16,,InForce
0.2.0,,au-eta1999-001,AU,https://www.legislation.gov.au/C2004A00553/2025-12-05/2025-12-05/text/original/epub,2026-09-15T13:28:28Z,html,,raw/au/electronic_transactions_act_1999/20260915T1328Z__page.html,Electronic Transactions Act 1999,"No. 162, 1999",,,requests,200,raw/au/electronic_transactions_act_1999/20260915T1328Z__page.html.headers.json,text/html,fe57c4da7f6c8b1be717b5e5435711999214571b4808f42c78f86a3c67f39a69,153010,,,,,corpus AU_corpus_2026-09-19: from AU_ws_2026-09-15,,1999-12-10,,InForce
0.2.0,,au-ica2006-001,AU,https://www.legislation.gov.au/C2006A00162/2024-08-26/2024-08-26/text/original/epub,2026-09-15T15:23:32Z,html,,raw/au/independent_contractors_act_2006/20260915T1523Z__page.html,Independent Contractors Act 2006,"No. 162, 2006",,,requests,200,raw/au/independent_contractors_act_2006/20260915T1523Z__page.html.headers.json,text/html,a720607d7466f22928fd52f4ae13209ab73d5ed36f399c6be9c09ecf7497927f,161570,,,,,corpus AU_corpus_2026-09-19: from AU_ws_2026-09-15,,2006-12-11,,InForce
0.2.0,,au-fla19919e5c-001,AU,https://www.legislation.gov.au/C2004A04238/asmade/1993-12-16/text/original/pdf,2026-09-15T14:43:20Z,pdf_native,false,raw/au/fisheries_legislation_consequential_provisions_act_1991/20260915T1443Z__native.pdf,Fisheries Legislation (Consequential Provisions) Act 1991,"No. 163, 1991",,,requests,200,raw/au/fisheries_legislation_consequential_provisions_act_1991/20260915T1443Z__native.pdf.headers.json,application/pdf,c3c656f604faa6ddb86391f6744a3e16de6a1c0132625efd11a4edbcb3863dd1,488168,11,,,,corpus AU_corpus_2026-09-19: from AU_ws_2026-09-15,,1991-11-10,,InForce
0.2.0,,au-hmrdsa2000-001,AU,https://www.legislation.gov.au/C2004A00756/2025-01-01/2025-01-01/text/original/epub,2026-09-15T13:34:08Z,html,,raw/au/horticulture_marketing_and_research_and_development_services_repeals_and_consequential_provisions_act_2000/20260915T1334Z__page.html,Horticulture Marketing and Research and Development Services (Repeals and Consequential Provisions) Act 2000,"No. 163, 2000",,,requests,200,raw/au/horticulture_marketing_and_research_and_development_services_repeals_and_consequential_provisions_act_2000/20260915T1334Z__page.html.headers.json,text/html,c8b339da4c06ef57f63246968a43809c390f822573faa91e022b413c3a5ee563,165716,,,,,corpus AU_corpus_2026-09-19: from AU_ws_2026-09-15,,2000-12-21,,InForce
0.2.0,,au-cera2011-001,AU,https://www.legislation.gov.au/C2011A00163/2025-11-03/2025-11-03/text/original/epub,2026-09-15T15:48:17Z,html,,raw/au/clean_energy_regulator_act_2011/20260915T1548Z__page.html,Clean Energy Regulator Act 2011,"No. 163, 2011",,,requests,200,raw/au/clean_energy_regulator_act_2011/20260915T1548Z__page.html.headers.json,text/html,f98b9081901e21d76a909eef9f88943195c8b452f87a8abe9c98b3c42fd6460e,248477,,,,,corpus AU_corpus_2026-09-19: from AU_ws_2026-09-15,,2011-12-04,,InForce
0.2.0,,au-rvsa2018-001,AU,https://www.legislation.gov.au/C2018A00163/2025-01-01/2025-01-01/text/original/epub,2026-09-15T16:21:56Z,html,,raw/au/road_vehicle_standards_act_2018/20260915T1621Z__page.html,Road Vehicle Standards Act 2018,"No. 163, 2018",,,requests,200,raw/au/road_vehicle_standards_act_2018/20260915T1621Z__page.html.headers.json,text/html,a85a615437e589449a1317fcf8cc00ff547dbdb059e1e5d13b77ed34a9c4701d,367608,,,,,corpus AU_corpus_2026-09-19: from AU_ws_2026-09-15,,2018-12-10,,InForce
0.2.0,,au-alwa1986-001,AU,https://www.legislation.gov.au/C2004A03405/2023-08-22/2023-08-22/text/original/epub,2026-09-15T14:23:05Z,html,,raw/au/aboriginal_land_and_waters_jervis_bay_territory_act_1986/20260915T1423Z__page.html,Aboriginal Land and Waters (Jervis Bay Territory) Act 1986,"No. 164, 1986",,,requests,200,raw/au/aboriginal_land_and_waters_jervis_bay_territory_act_1986/20260915T1423Z__page.html.headers.json,text/html,5953f890e6850810e22793bf5f3109fc710405ce71910a1b86144c315528afee,288506,,,,,corpus AU_corpus_2026-09-19: from AU_ws_2026-09-15,,1986-12-18,,InForce
0.2.0,,au-esosa2000-001,AU,https://www.legislation.gov.au/C2004A00757/2025-12-05/2025-12-05/text/original/epub,2026-09-15T13:34:23Z,html,,raw/au/education_services_for_overseas_students_act_2000/20260915T1334Z__page.html,Education Services for Overseas Students Act 2000,"No. 164, 2000",,,requests,200,raw/au/education_services_for_overseas_students_act_2000/20260915T1334Z__page.html.headers.json,text/html,fa3f61bfc4526bafb59deb77299ff303fb94eda2575450fab8ed3d3e056701f5,1120356,,,,,corpus AU_corpus_2026-09-19: from AU_ws_2026-09-15,,2000-12-21,,InForce
0.2.0,,au-rvsa201881ff-001,AU,https://www.legislation.gov.au/C2018A00164/2022-04-01/2022-04-01/text/original/epub,2026-09-15T16:22:09Z,html,,raw/au/road_vehicle_standards_consequential_and_transitional_provisions_act_2018/20260915T1622Z__page.html,Road Vehicle Standards (Consequential and Transitional Provisions) Act 2018,"No. 164, 2018",,,requests,200,raw/au/road_vehicle_standards_consequential_and_transitional_provisions_act_2018/20260915T1622Z__page.html.headers.json,text/html,90217a9790240f297d94db1109808795fea6c5322eebd4b241d6d751b3e5224f,170445,,,,,corpus AU_corpus_2026-09-19: from AU_ws_2026-09-15,,2018-12-10,,InForce
0.2.0,,au-pa1974-001,AU,https://www.legislation.gov.au/C2004A00221/asmade/1988-08-01/text/original/pdf,2026-09-15T13:16:34Z,pdf_native,false,raw/au/parliament_act_1974/20260915T1316Z__native.pdf,Parliament Act 1974,"No. 165, 1974",,,requests,200,raw/au/parliament_act_1974/20260915T1316Z__native.pdf.headers.json,application/pdf,8767f52de92effef4ab88b7d2830d2fcbde8164774b8f10ebcfbef02b06c8be1,123151,2,,,,corpus AU_corpus_2026-09-19: from AU_ws_2026-09-15; flags as_made_short_act,,1974-12-17,,InForce
0.2.0,,au-fccalaa2012-001,AU,https://www.legislation.gov.au/C2012A00165/2012-11-28/2012-11-28/text/original/epub,2026-09-15T15:56:04Z,html,,raw/au/federal_circuit_court_of_australia_legislation_amendment_act_2012/20260915T1556Z__page.html,Federal Circuit Court of Australia Legislation Amendment Act 2012,"No. 165, 2012",,,requests,200,raw/au/federal_circuit_court_of_australia_legislation_amendment_act_2012/20260915T1556Z__page.html.headers.json,text/html,2e6eee50ca7fdbf8f4a02d826458540b196abaa8c6ea71412a0f9c62ed988200,163498,,,,,corpus AU_corpus_2026-09-19: from AU_ws_2026-09-15,,2012-11-28,,InForce
0.2.0,,au-rvsca2018-001,AU,https://www.legislation.gov.au/C2018A00165/asmade/2018-12-10/text/original/pdf,2026-09-15T16:22:21Z,pdf_native,false,raw/au/road_vehicle_standards_charges_imposition_customs_act_2018/20260915T1622Z__native.pdf,Road Vehicle Standards Charges (Imposition—Customs) Act 2018,"No. 165, 2018",,,requests,200,raw/au/road_vehicle_standards_charges_imposition_customs_act_2018/20260915T1622Z__native.pdf.headers.json,application/pdf,54a73ce94cea2638b6d470d587b6baf9ac8ec56739fa058fb7207964b3f9d5ea,538522,9,,,,corpus AU_corpus_2026-09-19: from AU_ws_2026-09-15,,2018-12-10,,InForce
0.2.0,,au-sepa1992-001,AU,https://www.legislation.gov.au/C2004A04457/asmade/1992-12-11/text/original/pdf,2026-09-15T14:46:54Z,pdf_native,false,raw/au/service_and_execution_of_process_transitional_provisions_and_consequential_amendments_act_1992/20260915T1446Z__native.pdf,Service and Execution of Process (Transitional Provisions and Consequential Amendments) Act 1992,"No. 166, 1992",,,requests,200,raw/au/service_and_execution_of_process_transitional_provisions_and_consequential_amendments_act_1992/20260915T1446Z__native.pdf.headers.json,application/pdf,6d8a1823ebc78f890b1c2462a085a10f58319033f3b7201ce4cd1fde8421a19b,154913,4,,,,corpus AU_corpus_2026-09-19: from AU_ws_2026-09-15; flags as_made_short_act,,1992-12-11,,InForce
0.2.0,,au-nbtsa1999-001,AU,https://www.legislation.gov.au/C2004A00557/2013-06-28/2013-06-28/text/original/epub,2026-09-15T13:28:41Z,html,,raw/au/new_business_tax_system_former_subsidiary_tax_imposition_act_1999/20260915T1328Z__page.html,New Business Tax System (Former Subsidiary Tax Imposition) Act 1999,"No. 166, 1999",,,requests,200,raw/au/new_business_tax_system_former_subsidiary_tax_imposition_act_1999/20260915T1328Z__page.html.headers.json,text/html,3855235080ad7c615bf805897cb340a603e6794d4e5e2b744ae86b34ca1b1ef4,19619,,,,,corpus AU_corpus_2026-09-19: from AU_ws_2026-09-15,,1999-12-10,,InForce
0.2.0,,au-esosa2000687f-001,AU,https://www.legislation.gov.au/C2004A00759/asmade/2000-12-21/text/original/pdf,2026-09-15T13:34:36Z,pdf_native,false,raw/au/education_services_for_overseas_students_consequential_and_transitional_act_2000/20260915T1334Z__native.pdf,Education Services for Overseas Students (Consequential and Transitional) Act 2000,"No. 166, 2000",,,requests,200,raw/au/education_services_for_overseas_students_consequential_and_transitional_act_2000/20260915T1334Z__native.pdf.headers.json,application/pdf,daa80ebff1e186720414145e9461e76f59f69d42f894778308743a752c4bf181,39885,16,,,,corpus AU_corpus_2026-09-19: from AU_ws_2026-09-15,,2000-12-21,,InForce
0.2.0,,au-ilpa2012-001,AU,https://www.legislation.gov.au/C2012A00166/2025-03-03/2025-03-03/text/original/epub,2026-09-15T15:56:17Z,html,,raw/au/illegal_logging_prohibition_act_2012/20260915T1556Z__page.html,Illegal Logging Prohibition Act 2012,"No. 166, 2012",,,requests,200,raw/au/illegal_logging_prohibition_act_2012/20260915T1556Z__page.html.headers.json,text/html,480f936882edcb354cee68ffcc027ad3a5fa3367fbee762ab29e03562358b7fb,402886,,,,,corpus AU_corpus_2026-09-19: from AU_ws_2026-09-15,,2012-11-28,,InForce
0.2.0,,au-rvsca2018d6ae-001,AU,https://www.legislation.gov.au/C2018A00166/asmade/2018-12-10/text/original/pdf,2026-09-15T16:22:32Z,pdf_native,false,raw/au/road_vehicle_standards_charges_imposition_excise_act_2018/20260915T1622Z__native.pdf,Road Vehicle Standards Charges (Imposition—Excise) Act 2018,"No. 166, 2018",,,requests,200,raw/au/road_vehicle_standards_charges_imposition_excise_act_2018/20260915T1622Z__native.pdf.headers.json,application/pdf,09be6df3c3e443f772b91cadcb8f418cde90ed91372f0ebecc66ec04ece3d236,537901,9,,,,corpus AU_corpus_2026-09-19: from AU_ws_2026-09-15,,2018-12-10,,InForce
0.2.0,,au-ra1992-001,AU,https://www.legislation.gov.au/C2004A04458/asmade/2014-10-17/text/original/pdf,2026-09-15T14:47:05Z,pdf_native,false,raw/au/radiocommunications_transitional_provisions_and_consequential_amendments_act_1992/20260915T1447Z__native.pdf,Radiocommunications (Transitional Provisions and Consequential Amendments) Act 1992,"No. 167, 1992",,,requests,200,raw/au/radiocommunications_transitional_provisions_and_consequential_amendments_act_1992/20260915T1447Z__native.pdf.headers.json,application/pdf,69e59f810859c74062801984186378da1506853f1bbf417372164a0285313d6e,941339,20,,,,corpus AU_corpus_2026-09-19: from AU_ws_2026-09-15,,1992-12-11,,InForce
0.2.0,,au-rvsca2018c140-001,AU,https://www.legislation.gov.au/C2018A00167/asmade/2018-12-10/text/original/pdf,2026-09-15T16:22:44Z,pdf_native,false,raw/au/road_vehicle_standards_charges_imposition_general_act_2018/20260915T1622Z__native.pdf,Road Vehicle Standards Charges (Imposition—General) Act 2018,"No. 167, 2018",,,requests,200,raw/au/road_vehicle_standards_charges_imposition_general_act_2018/20260915T1622Z__native.pdf.headers.json,application/pdf,8c59a852203805c2b8a62d6ef3d3f5953437f6c00ec81961442d51f70ab3ba9d,539681,9,,,,corpus AU_corpus_2026-09-19: from AU_ws_2026-09-15,,2018-12-10,,InForce
0.2.0,,au-acnpca2012-001,AU,https://www.legislation.gov.au/C2012A00168/2025-12-05/2025-12-05/text/original/epub,2026-09-15T15:56:29Z,html,,raw/au/australian_charities_and_not_for_profits_commission_act_2012/20260915T1556Z__page.html,Australian Charities and Not-for-profits Commission Act 2012,"No. 168, 2012",,,requests,200,raw/au/australian_charities_and_not_for_profits_commission_act_2012/20260915T1556Z__page.html.headers.json,text/html,15852283e7f6afbefa0351bc474350b0166dfa150c3dfcdd3afe2f002caa5e42,890997,,,,,corpus AU_corpus_2026-09-19: from AU_ws_2026-09-15,,2012-12-03,,InForce
0.2.0,,au-rdaa1984-001,AU,https://www.legislation.gov.au/C2004A03033/2024-10-14/2024-10-14/text/original/epub,2026-09-15T14:15:31Z,html,,raw/au/registration_of_deaths_abroad_act_1984/20260915T1415Z__page.html,Registration of Deaths Abroad Act 1984,"No. 169, 1984",,,requests,200,raw/au/registration_of_deaths_abroad_act_1984/20260915T1415Z__page.html.headers.json,text/html,79e59551eb7e160ba2c6c622043c1b14199534612e590eced43632baefae689d,152771,,,,,corpus AU_corpus_2026-09-19: from AU_ws_2026-09-15,,1984-10-25,,InForce
0.2.0,,au-ahsa1991-001,AU,https://www.legislation.gov.au/C2004A04244/2024-10-14/2024-10-14/text/original/epub,2026-09-15T14:43:31Z,html,,raw/au/australian_hearing_services_act_1991/20260915T1443Z__page.html,Australian Hearing Services Act 1991,"No. 169, 1991",,,requests,200,raw/au/australian_hearing_services_act_1991/20260915T1443Z__page.html.headers.json,text/html,e32c335bca2a0f967275f30018a510f24df66f9c013ba3091ebbb0013cd5daca,268467,,,,,corpus AU_corpus_2026-09-19: from AU_ws_2026-09-15,,1991-11-20,,InForce
0.2.0,,au-gta2000-001,AU,https://www.legislation.gov.au/C2004A00762/2024-10-14/2024-10-14/text/original/epub,2026-09-15T13:34:48Z,html,,raw/au/gene_technology_act_2000/20260915T1334Z__page.html,Gene Technology Act 2000,"No. 169, 2000",,,requests,200,raw/au/gene_technology_act_2000/20260915T1334Z__page.html.headers.json,text/html,32a7f1664f409f1f01b9c48c0e04c10d2ef6f115bb13f72c15269b23d9d7196b,728953,,,,,corpus AU_corpus_2026-09-19: from AU_ws_2026-09-15,,2000-12-21,,InForce
0.2.0,,au-amlctfa2006-001,AU,https://www.legislation.gov.au/C2006A00169/2026-07-01/2026-07-01/text/original/epub,2026-09-15T15:23:46Z,html,,raw/au/anti_money_laundering_and_counter_terrorism_financing_act_2006/20260915T1523Z__page.html,Anti-Money Laundering and Counter-Terrorism Financing Act 2006,"No. 169, 2006",,,requests,200,raw/au/anti_money_laundering_and_counter_terrorism_financing_act_2006/20260915T1523Z__page.html.headers.json,text/html,ee81c886402d8eba6923e6c85ada54d3b9351ff984eea7e1dd494b9e74b70382,1967872,,,,,corpus AU_corpus_2026-09-19: from AU_ws_2026-09-15,,2006-12-12,,InForce
0.2.0,,au-acnpca2012bc0b-001,AU,https://www.legislation.gov.au/C2012A00169/asmade/2012-12-03/text/original/pdf,2026-09-15T15:56:44Z,pdf_native,false,raw/au/australian_charities_and_not_for_profits_commission_consequential_and_transitional_act_2012/20260915T1556Z__native.pdf,Australian Charities and Not-for-profits Commission (Consequential and Transitional) Act 2012,"No. 169, 2012",,,requests,200,raw/au/australian_charities_and_not_for_profits_commission_consequential_and_transitional_act_2012/20260915T1556Z__native.pdf.headers.json,application/pdf,fbb4922f44307db4e5a119525526d5279fb2ee6a8694281157fc2bd0ed35e645,1146984,111,,,,corpus AU_corpus_2026-09-19: from AU_ws_2026-09-15,,2012-12-03,,InForce
0.2.0,,au-pirda1989-001,AU,https://www.legislation.gov.au/C2004A03948/2025-01-01/2025-01-01/text/original/epub,2026-09-15T14:34:52Z,html,,raw/au/primary_industries_research_and_development_act_1989/20260915T1434Z__page.html,Primary Industries Research and Development Act 1989,"No. 17, 1990",,,requests,200,raw/au/primary_industries_research_and_development_act_1989/20260915T1434Z__page.html.headers.json,text/html,0ce2c8fec1f6d7a994c7cf4f35f21fa01ccb39c2925813df51a6f02ed7e1aae5,429217,,,,,corpus AU_corpus_2026-09-19: from AU_ws_2026-09-15,,1990-01-17,,InForce
0.2.0,,au-nbtsa2003-001,AU,https://www.legislation.gov.au/C2004A01123/2013-06-28/2013-06-28/text/original/epub,2026-09-15T13:43:53Z,html,,raw/au/new_business_tax_system_venture_capital_deficit_tax_act_2003/20260915T1343Z__page.html,New Business Tax System (Venture Capital Deficit Tax) Act 2003,"No. 17, 2003",,,requests,200,raw/au/new_business_tax_system_venture_capital_deficit_tax_act_2003/20260915T1343Z__page.html.headers.json,text/html,9a4e75664c08c16df6d1e1546cfe5a6512200ee9655448dfef21fc2abad11764,23007,,,,,corpus AU_corpus_2026-09-19: from AU_ws_2026-09-15,,2003-04-11,,InForce
0.2.0,,au-iaa2008-001,AU,https://www.legislation.gov.au/C2008A00017/2024-04-15/2024-04-15/text/original/epub,2026-09-15T15:29:15Z,html,,raw/au/infrastructure_australia_act_2008/20260915T1529Z__page.html,Infrastructure Australia Act 2008,"No. 17, 2008",,,requests,200,raw/au/infrastructure_australia_act_2008/20260915T1529Z__page.html.headers.json,text/html,8d61d487e9884c3e65469eb748cdcde7ab6df58eac7b0ce5dc6c6ccbc5b384a5,217606,,,,,corpus AU_corpus_2026-09-19: from AU_ws_2026-09-15,,2008-04-08,,InForce
0.2.0,,au-cdra2011-001,AU,https://www.legislation.gov.au/C2011A00017/2024-10-14/2024-10-14/text/original/epub,2026-09-15T15:42:38Z,html,,raw/au/civil_dispute_resolution_act_2011/20260915T1542Z__page.html,Civil Dispute Resolution Act 2011,"No. 17, 2011",,,requests,200,raw/au/civil_dispute_resolution_act_2011/20260915T1542Z__page.html.headers.json,text/html,ecb6cf122d8bc0fe55996f51345b9eb3f4a732403295ec99b7dab4827c69fb07,78474,,,,,corpus AU_corpus_2026-09-19: from AU_ws_2026-09-15,,2011-04-12,,InForce
0.2.0,,au-bcia201520ee-001,AU,https://www.legislation.gov.au/C2014A00017/2016-06-16/2016-06-16/text/original/epub,2026-09-15T16:03:33Z,html,,raw/au/biosecurity_charges_imposition_excise_act_2015/20260915T1603Z__page.html,Biosecurity Charges Imposition (Excise) Act 2015,"No. 17, 2014",,,requests,200,raw/au/biosecurity_charges_imposition_excise_act_2015/20260915T1603Z__page.html.headers.json,text/html,0240eed20edc3ce1afdaa9232576eae2a88e8701778462f133b6b8bb373a5ce6,44878,,,,,corpus AU_corpus_2026-09-19: from AU_ws_2026-09-15,,2014-03-31,,InForce
0.2.0,,au-eecta2015-001,AU,https://www.legislation.gov.au/C2015A00017/asmade/2015-03-19/text/original/pdf,2026-09-15T16:06:56Z,pdf_native,false,raw/au/excess_exploration_credit_tax_act_2015/20260915T1606Z__native.pdf,Excess Exploration Credit Tax Act 2015,"No. 17, 2015",,,requests,200,raw/au/excess_exploration_credit_tax_act_2015/20260915T1606Z__native.pdf.headers.json,application/pdf,da1ace663310089559bdc3c94f3f569a5f54d0f2dcf95d44f7ed6ace32e203d3,440576,6,,,,corpus AU_corpus_2026-09-19: from AU_ws_2026-09-15,,2015-03-19,,InForce
0.2.0,,au-aa202626a6-001,AU,https://www.legislation.gov.au/C2026A00017/asmade/2026-03-27/text/original/pdf,2026-09-15T16:55:12Z,pdf_native,false,raw/au/appropriation_act_no_3_2025_2026/20260915T1655Z__native.pdf,Appropriation Act (No. 3) 2025-2026,"No. 17, 2026",,,requests,200,raw/au/appropriation_act_no_3_2025_2026/20260915T1655Z__native.pdf.headers.json,application/pdf,978d6a999eef33f315af3648ace8ccab80378521e6a42a2e9e7dabf69123e340,591734,106,,,,corpus AU_corpus_2026-09-19: from AU_ws_2026-09-15,,2026-03-27,,InForce
0.2.0,,au-amlctfa20069d90-001,AU,https://www.legislation.gov.au/C2006A00170/2007-04-13/2007-04-13/text/original/epub,2026-09-15T15:23:59Z,html,,raw/au/anti_money_laundering_and_counter_terrorism_financing_transitional_provisions_and_consequential_amendments_act_2006/20260915T1523Z__page.html,Anti-Money Laundering and Counter-Terrorism Financing (Transitional Provisions and Consequential Amendments) Act 2006,"No. 170, 2006",,,requests,200,raw/au/anti_money_laundering_and_counter_terrorism_financing_transitional_provisions_and_consequential_amendments_act_2006/20260915T1523Z__page.html.headers.json,text/html,1f8037565c3dcb8b7698aa773a496624f5f7e4d62a91040af33a98fd23fa1d74,201269,,,,,corpus AU_corpus_2026-09-19: from AU_ws_2026-09-15,,2006-12-12,,InForce
0.2.0,,au-psaa2011-001,AU,https://www.legislation.gov.au/C2011A00170/asmade/2011-12-04/text/original/pdf,2026-09-15T15:48:29Z,pdf_native,false,raw/au/parliamentary_service_amendment_parliamentary_budget_officer_act_2011/20260915T1548Z__native.pdf,Parliamentary Service Amendment (Parliamentary Budget Officer) Act 2011,"No. 170, 2011",,,requests,200,raw/au/parliamentary_service_amendment_parliamentary_budget_officer_act_2011/20260915T1548Z__native.pdf.headers.json,application/pdf,7284eceade343ad0d8c1c06e30e716877bf56863542ed11bd3f68e5cf21686a6,345206,32,,,,corpus AU_corpus_2026-09-19: from AU_ws_2026-09-15,,2011-12-04,,InForce
0.2.0,,au-ita1994-001,AU,https://www.legislation.gov.au/C2004A04844/2007-03-15/2007-03-15/text/original/epub,2026-09-15T14:58:01Z,html,,raw/au/income_tax_former_complying_superannuation_funds_act_1994/20260915T1458Z__page.html,Income Tax (Former Complying Superannuation Funds) Act 1994,"No. 171, 1994",,,requests,200,raw/au/income_tax_former_complying_superannuation_funds_act_1994/20260915T1458Z__page.html.headers.json,text/html,6ddbd1c387fcccdb0f57c630f93273b2ccfb5c6e6cc404f58f2598fde54fae2b,14414,,,,,corpus AU_corpus_2026-09-19: from AU_ws_2026-09-15,,1994-12-16,,InForce
0.2.0,,au-gta20002cec-001,AU,https://www.legislation.gov.au/C2004A00764/asmade/2000-12-21/text/original/pdf,2026-09-15T13:35:03Z,pdf_native,false,raw/au/gene_technology_licence_charges_act_2000/20260915T1335Z__native.pdf,Gene Technology (Licence Charges) Act 2000,"No. 171, 2000",,,requests,200,raw/au/gene_technology_licence_charges_act_2000/20260915T1335Z__native.pdf.headers.json,application/pdf,3dc3fa166de449f64736cb20db88216a2fee256b21f62601b654c092ef244094,20782,7,,,,corpus AU_corpus_2026-09-19: from AU_ws_2026-09-15,,2000-12-21,,InForce
0.2.0,,au-sepa1992ad59-001,AU,https://www.legislation.gov.au/C2004A04463/2018-05-11/2018-05-11/text/original/epub,2026-09-15T14:47:18Z,html,,raw/au/service_and_execution_of_process_act_1992/20260915T1447Z__page.html,Service and Execution of Process Act 1992,"No. 172, 1992",,,requests,200,raw/au/service_and_execution_of_process_act_1992/20260915T1447Z__page.html.headers.json,text/html,d97e40bfdead5aa5823d2369659662e1b2a3cfd47d0b392f3f2efb9923d7ba7d,545248,,,,,corpus AU_corpus_2026-09-19: from AU_ws_2026-09-15,,1992-12-11,,InForce
0.2.0,,au-ita19943dab-001,AU,https://www.legislation.gov.au/C2004A04845/2007-09-24/2007-09-24/text/original/epub,2026-09-15T14:58:15Z,html,,raw/au/income_tax_former_non_resident_superannuation_funds_act_1994/20260915T1458Z__page.html,Income Tax (Former Non-resident Superannuation Funds) Act 1994,"No. 172, 1994",,,requests,200,raw/au/income_tax_former_non_resident_superannuation_funds_act_1994/20260915T1458Z__page.html.headers.json,text/html,c4966b8a5b9cd4f57019e58d6bd07b517ba8bc05495b6497b65f8e9ce3561280,16897,,,,,corpus AU_corpus_2026-09-19: from AU_ws_2026-09-15,,1994-12-16,,InForce
0.2.0,,au-bnra20115bc7-001,AU,https://www.legislation.gov.au/C2011A00172/asmade/2011-12-05/text/original/pdf,2026-09-15T15:48:42Z,pdf_native,false,raw/au/business_names_registration_application_of_consequential_amendments_act_2011/20260915T1548Z__native.pdf,Business Names Registration (Application of Consequential Amendments) Act 2011,"No. 172, 2011",,,requests,200,raw/au/business_names_registration_application_of_consequential_amendments_act_2011/20260915T1548Z__native.pdf.headers.json,application/pdf,c0a5726be78fe96d13afe6b9b8264b80e573b9d78552cc7a8ce380a4cc8c763d,195049,9,,,,corpus AU_corpus_2026-09-19: from AU_ws_2026-09-15,,2011-12-05,,InForce
0.2.0,,au-ca1992-001,AU,https://www.legislation.gov.au/C2004A04464/2016-10-21/2016-10-21/text/original/epub,2026-09-15T14:47:32Z,html,,raw/au/crimes_ships_and_fixed_platforms_act_1992/20260915T1447Z__page.html,Crimes (Ships and Fixed Platforms) Act 1992,"No. 173, 1992",,,requests,200,raw/au/crimes_ships_and_fixed_platforms_act_1992/20260915T1447Z__page.html.headers.json,text/html,bec2cb2c4f93b7e855dae0bc6d927400c130c1ab99ac2170991802537cf2bb0d,165435,,,,,corpus AU_corpus_2026-09-19: from AU_ws_2026-09-15,,1992-12-11,,InForce
0.2.0,,au-sadma1997-001,AU,https://www.legislation.gov.au/C2004A05267/2025-10-26/2025-10-26/text/original/epub,2026-09-15T15:11:55Z,html,,raw/au/sydney_airport_demand_management_act_1997/20260915T1511Z__page.html,Sydney Airport Demand Management Act 1997,"No. 173, 1997",,,requests,200,raw/au/sydney_airport_demand_management_act_1997/20260915T1511Z__page.html.headers.json,text/html,51f1c074f5d9a8a820a936ebc72581303d27b555b73df5ea64e9697a78aa5672,383773,,,,,corpus AU_corpus_2026-09-19: from AU_ws_2026-09-15,,1997-11-17,,InForce
0.2.0,,au-ssa1999-001,AU,https://www.legislation.gov.au/C2004A00564/2026-09-09/2026-09-09/text/original/epub,2026-09-15T13:28:52Z,html,,raw/au/social_security_international_agreements_act_1999/20260915T1328Z__page.html,Social Security (International Agreements) Act 1999,"No. 173, 1999",,,requests,200,raw/au/social_security_international_agreements_act_1999/20260915T1328Z__page.html.headers.json,text/html,59a16d84cb68be35f36f411cc25db628ff99330f254eba1abc17097ce85c1474,3003493,,,,,corpus AU_corpus_2026-09-19: from AU_ws_2026-09-15,,1999-12-20,,InForce
0.2.0,,au-ra1992bfdd-001,AU,https://www.legislation.gov.au/C2004A04465/2025-07-01/2025-07-01/text/original/epub,2026-09-15T14:47:45Z,html,,raw/au/radiocommunications_act_1992/20260915T1447Z__page.html,Radiocommunications Act 1992,"No. 174, 1992",,,requests,200,raw/au/radiocommunications_act_1992/20260915T1447Z__page.html.headers.json,text/html,b2e372de1184b9cc63df3196737f2288ff994578490b7b51e4faac2873bce4dd,2353259,,,,,corpus AU_corpus_2026-09-19: from AU_ws_2026-09-15,,1992-12-11,,InForce
0.2.0,,au-rea20008e4f-001,AU,https://www.legislation.gov.au/C2004A00767/2026-01-01/2026-01-01/text/original/epub,2026-09-15T13:35:13Z,html,,raw/au/renewable_energy_electricity_act_2000/20260915T1335Z__page.html,Renewable Energy (Electricity) Act 2000,"No. 174, 2000",,,requests,200,raw/au/renewable_energy_electricity_act_2000/20260915T1335Z__page.html.headers.json,text/html,7d06392857df7954d14a6333e82778e0e37c93b6ac7309c101793397b341285f,1060126,,,,,corpus AU_corpus_2026-09-19: from AU_ws_2026-09-15,,2000-12-21,,InForce
0.2.0,,au-nhsa2007-001,AU,https://www.legislation.gov.au/C2007A00174/2026-01-01/2026-01-01/text/original/epub,2026-09-15T15:28:14Z,html,,raw/au/national_health_security_act_2007/20260915T1528Z__page.html,National Health Security Act 2007,"No. 174, 2007",,,requests,200,raw/au/national_health_security_act_2007/20260915T1528Z__page.html.headers.json,text/html,495e1d606b1983ff8ede44403e5b313cfd015c16d3783b70aee72e545c64e4b7,702622,,,,,corpus AU_corpus_2026-09-19: from AU_ws_2026-09-15,,2007-09-28,,InForce
0.2.0,,au-ngera2007-001,AU,https://www.legislation.gov.au/C2007A00175/2025-11-03/2025-11-03/text/original/epub,2026-09-15T15:28:26Z,html,,raw/au/national_greenhouse_and_energy_reporting_act_2007/20260915T1528Z__page.html,National Greenhouse and Energy Reporting Act 2007,"No. 175, 2007",,,requests,200,raw/au/national_greenhouse_and_energy_reporting_act_2007/20260915T1528Z__page.html.headers.json,text/html,fbd8cbd6670f34330782a2212cd195638cbb857c32bc8e375533bd2e6854ceaa,899896,,,,,corpus AU_corpus_2026-09-19: from AU_ws_2026-09-15,,2007-09-28,,InForce
0.2.0,,au-shca1997-001,AU,https://www.legislation.gov.au/C2004A05270/2014-07-01/2014-07-01/text/original/epub,2026-09-15T15:12:06Z,html,,raw/au/snowy_hydro_corporatisation_act_1997/20260915T1512Z__page.html,Snowy Hydro Corporatisation Act 1997,"No. 176, 1997",,,requests,200,raw/au/snowy_hydro_corporatisation_act_1997/20260915T1512Z__page.html.headers.json,text/html,fa984ebefe8164dc6576b78dcb3fe3d453ee345a24cb6b7d1958d9ec86ecf49c,241488,,,,,corpus AU_corpus_2026-09-19: from AU_ws_2026-09-15,,1997-11-21,,InForce
0.2.0,,au-hra1994-001,AU,https://www.legislation.gov.au/C2004A04852/2009-08-05/2009-08-05/text/original/epub,2026-09-15T14:58:27Z,html,,raw/au/human_rights_sexual_conduct_act_1994/20260915T1458Z__page.html,Human Rights (Sexual Conduct) Act 1994,"No. 179, 1994",,,requests,200,raw/au/human_rights_sexual_conduct_act_1994/20260915T1458Z__page.html.headers.json,text/html,f5871a9f99e1bced60ae441f428f9c238a6aacf1fc46bdc3bad5b81c5a3574f9,13563,,,,,corpus AU_corpus_2026-09-19: from AU_ws_2026-09-15,,1994-12-19,,InForce
0.2.0,,au-lrca1921-001,AU,https://www.legislation.gov.au/C1921A00018/1950-12-31/1950-12-31/text/original/epub,2026-09-15T12:42:44Z,html,,raw/au/loans_redemption_and_conversion_act_1921/20260915T1242Z__page.html,Loans Redemption and Conversion Act 1921,"No. 18, 1921",,,requests,200,raw/au/loans_redemption_and_conversion_act_1921/20260915T1242Z__page.html.headers.json,text/html,3d7384dceddedafbf72e2423de6c89d0ca9686c8a8d43c7dd893d2fa4bff8c14,20326,,,,,corpus AU_corpus_2026-09-19: from AU_ws_2026-09-15,,1921-12-15,,InForce
0.2.0,,au-saa1956-001,AU,https://www.legislation.gov.au/C1956A00018/asmade/1956-05-12/text/original/pdf,2026-09-15T12:53:58Z,pdf_native,false,raw/au/salaries_adjustment_act_1956/20260915T1253Z__native.pdf,Salaries Adjustment Act 1956,"No. 18, 1956",,,requests,200,raw/au/salaries_adjustment_act_1956/20260915T1253Z__native.pdf.headers.json,application/pdf,97a4a54beec997c7a24d9caf37da66f6c1a372775500af1419ceeeb3e3a35559,222062,3,,,,corpus AU_corpus_2026-09-19: from AU_ws_2026-09-15; flags as_made_short_act,,1956-05-12,,InForce
0.2.0,,au-cba1973-001,AU,https://www.legislation.gov.au/C1973A00018/asmade/1973-04-11/text/original/pdf,2026-09-15T13:09:06Z,pdf_native,false,raw/au/commonwealth_banks_act_1973/20260915T1309Z__native.pdf,Commonwealth Banks Act 1973,"No. 18, 1973",,,requests,200,raw/au/commonwealth_banks_act_1973/20260915T1309Z__native.pdf.headers.json,application/pdf,2a2b4f12108c1f45b57dd40df82a79dcce889217f2835c925766c64ca4799a9d,138236,1,,,,corpus AU_corpus_2026-09-19: from AU_ws_2026-09-15; flags as_made_short_act,,1973-04-11,,InForce
0.2.0,,au-raaa1979-001,AU,https://www.legislation.gov.au/C2004A02028/asmade/1979-03-28/text/original/pdf,2026-09-15T13:59:07Z,pdf_native,false,raw/au/repatriation_acts_amendment_act_1979/20260915T1359Z__native.pdf,Repatriation Acts Amendment Act 1979,"No. 18, 1979",,,requests,200,raw/au/repatriation_acts_amendment_act_1979/20260915T1359Z__native.pdf.headers.json,application/pdf,c23a34bac1a71c3149a546913ac1a838b46e57e17c248b3dbd9f6ffd1c7e31a8,853412,42,,,,corpus AU_corpus_2026-09-19: from AU_ws_2026-09-15,,1979-03-28,,InForce
0.2.0,,au-iwcta1995-001,AU,https://www.legislation.gov.au/C2004A04874/2026-08-27/2026-08-27/text/original/epub,2026-09-15T14:59:17Z,html,,raw/au/international_war_crimes_tribunals_act_1995/20260915T1459Z__page.html,International War Crimes Tribunals Act 1995,"No. 18, 1995",,,requests,200,raw/au/international_war_crimes_tribunals_act_1995/20260915T1459Z__page.html.headers.json,text/html,54112d41f9ce88c3bd4f95b158ae74ee398d31a27e38cda769ad70689eb66857,470877,,,,,corpus AU_corpus_2026-09-19: from AU_ws_2026-09-15,,1995-03-29,,InForce
0.2.0,,au-esosa1997-001,AU,https://www.legislation.gov.au/C2004A05119/2022-01-01/2022-01-01/text/original/epub,2026-09-15T15:05:01Z,html,,raw/au/education_services_for_overseas_students_registration_charges_act_1997/20260915T1505Z__page.html,Education Services for Overseas Students (Registration Charges) Act 1997,"No. 18, 1997",,,requests,200,raw/au/education_services_for_overseas_students_registration_charges_act_1997/20260915T1505Z__page.html.headers.json,text/html,a7f0b3ec0dae84964b9b31f635165aca8765b4cf02d1444e6256bb38af53f163,73607,,,,,corpus AU_corpus_2026-09-19: from AU_ws_2026-09-15,,1997-03-27,,InForce
0.2.0,,au-ntsa1999-001,AU,https://www.legislation.gov.au/C2004A00412/2026-07-01/2026-07-01/text/original/epub,2026-09-15T13:22:44Z,html,,raw/au/a_new_tax_system_medicare_levy_surcharge_fringe_benefits_act_1999/20260915T1322Z__page.html,A New Tax System (Medicare Levy Surcharge—Fringe Benefits) Act 1999,"No. 18, 1999",,,requests,200,raw/au/a_new_tax_system_medicare_levy_surcharge_fringe_benefits_act_1999/20260915T1322Z__page.html.headers.json,text/html,ad4c0fd37f5da8f1b2dc1a409bd9d0da22cabcaf8194d4200926b86ed3aa1b26,156406,,,,,corpus AU_corpus_2026-09-19: from AU_ws_2026-09-15,,1999-04-19,,InForce
0.2.0,,au-tsia2003-001,AU,https://www.legislation.gov.au/C2004A01102/2024-03-20/2024-03-20/text/original/epub,2026-09-15T13:42:41Z,html,,raw/au/transport_safety_investigation_act_2003/20260915T1342Z__page.html,Transport Safety Investigation Act 2003,"No. 18, 2003",,,requests,200,raw/au/transport_safety_investigation_act_2003/20260915T1342Z__page.html.headers.json,text/html,15639fac3a965fb653be8732da643523c2a2e1e9a5b3c0cec85e740309b33338,418916,,,,,corpus AU_corpus_2026-09-19: from AU_ws_2026-09-15,,2003-04-11,,InForce
0.2.0,,au-opa2006-001,AU,https://www.legislation.gov.au/C2006A00018/2016-03-05/2016-03-05/text/original/epub,2026-09-15T15:18:43Z,html,,raw/au/offshore_petroleum_royalty_act_2006/20260915T1518Z__page.html,Offshore Petroleum (Royalty) Act 2006,"No. 18, 2006",,,requests,200,raw/au/offshore_petroleum_royalty_act_2006/20260915T1518Z__page.html.headers.json,text/html,98854833a1d99d548ff6892e7fc6a6f0ad6234f49dd077ce3acf9711c1de6e86,108129,,,,,corpus AU_corpus_2026-09-19: from AU_ws_2026-09-15,,2006-03-29,,InForce
0.2.0,,au-acca2011-001,AU,https://www.legislation.gov.au/C2011A00018/2014-07-01/2014-07-01/text/original/epub,2026-09-15T15:42:49Z,html,,raw/au/australian_civilian_corps_act_2011/20260915T1542Z__page.html,Australian Civilian Corps Act 2011,"No. 18, 2011",,,requests,200,raw/au/australian_civilian_corps_act_2011/20260915T1542Z__page.html.headers.json,text/html,6da5dcf21e1a94aaa270e8c9615167077b00b187409436a23bbb7951339e28ab,110433,,,,,corpus AU_corpus_2026-09-19: from AU_ws_2026-09-15,,2011-04-12,,InForce
0.2.0,,au-bcia2015223e-001,AU,https://www.legislation.gov.au/C2014A00018/2016-06-16/2016-06-16/text/original/epub,2026-09-15T16:03:46Z,html,,raw/au/biosecurity_charges_imposition_general_act_2015/20260915T1603Z__page.html,Biosecurity Charges Imposition (General) Act 2015,"No. 18, 2014",,,requests,200,raw/au/biosecurity_charges_imposition_general_act_2015/20260915T1603Z__page.html.headers.json,text/html,763b820ed3bd89935666c5a094373a866ba3e07970e3176ef15bc4d30bc7bce4,47648,,,,,corpus AU_corpus_2026-09-19: from AU_ws_2026-09-15,,2014-03-31,,InForce
0.2.0,,au-icca2019-001,AU,https://www.legislation.gov.au/C2019A00018/asmade/2019-04-03/text/original/pdf,2026-09-15T16:23:18Z,pdf_native,false,raw/au/industrial_chemicals_charges_customs_act_2019/20260915T1623Z__native.pdf,Industrial Chemicals Charges (Customs) Act 2019,"No. 18, 2019",,,requests,200,raw/au/industrial_chemicals_charges_customs_act_2019/20260915T1623Z__native.pdf.headers.json,application/pdf,9700ca7935cc9b32df6e02ca25ec6c9f3a9f1cf6d1c97f000d516822380d91ac,516095,8,,,,corpus AU_corpus_2026-09-19: from AU_ws_2026-09-15,,2019-04-03,,InForce
0.2.0,,au-opa2022-001,AU,https://www.legislation.gov.au/C2022A00018/asmade/2022-04-01/text/original/pdf,2026-09-15T16:34:08Z,pdf_native,false,raw/au/offshore_petroleum_laminaria_and_corallina_decommissioning_cost_recovery_levy_act_2022/20260915T1634Z__native.pdf,Offshore Petroleum (Laminaria and Corallina Decommissioning Cost Recovery Levy) Act 2022,"No. 18, 2022",,,requests,200,raw/au/offshore_petroleum_laminaria_and_corallina_decommissioning_cost_recovery_levy_act_2022/20260915T1634Z__native.pdf.headers.json,application/pdf,e3ea63cf14fcd727b2706dc639d71c8c9304a043719435d938c98c3b2a13332b,575506,12,,,,corpus AU_corpus_2026-09-19: from AU_ws_2026-09-15,,2022-04-01,,InForce
0.2.0,,au-aa20264b46-001,AU,https://www.legislation.gov.au/C2026A00018/asmade/2026-03-27/text/original/pdf,2026-09-15T16:55:25Z,pdf_native,false,raw/au/appropriation_act_no_4_2025_2026/20260915T1655Z__native.pdf,Appropriation Act (No. 4) 2025-2026,"No. 18, 2026",,,requests,200,raw/au/appropriation_act_no_4_2025_2026/20260915T1655Z__native.pdf.headers.json,application/pdf,7ed365019196e4f40c212a8ec6b7041a34fc756db2b697a789a03c1bb4def8e7,459310,59,,,,corpus AU_corpus_2026-09-19: from AU_ws_2026-09-15,,2026-03-27,,InForce
0.2.0,,au-sbsa1991-001,AU,https://www.legislation.gov.au/C2004A04255/2023-10-18/2023-10-18/text/original/epub,2026-09-15T14:43:43Z,html,,raw/au/special_broadcasting_service_act_1991/20260915T1443Z__page.html,Special Broadcasting Service Act 1991,"No. 180, 1991",,,requests,200,raw/au/special_broadcasting_service_act_1991/20260915T1443Z__page.html.headers.json,text/html,f190133c92062e25f0d5a7ec3c7335cdcfe3e8032c501cc9cb525f5096dfaad8,337630,,,,,corpus AU_corpus_2026-09-19: from AU_ws_2026-09-15,,1991-11-25,,InForce
0.2.0,,au-oa1976-001,AU,https://www.legislation.gov.au/C2004A01611/2026-06-04/2026-06-04/text/original/epub,2026-09-15T13:53:58Z,html,,raw/au/ombudsman_act_1976/20260915T1353Z__page.html,Ombudsman Act 1976,"No. 181, 1976",,,requests,200,raw/au/ombudsman_act_1976/20260915T1353Z__page.html.headers.json,text/html,3fa7fa43bba38d8f7b096e55f5c825e37af3c10649b46c7d3aeb8955b4a8cc3f,1294837,,,,,corpus AU_corpus_2026-09-19: from AU_ws_2026-09-15,,1976-12-13,,InForce
0.2.0,,au-tcfiipa1999-001,AU,https://www.legislation.gov.au/C2004A00571/2018-12-29/2018-12-29/text/original/epub,2026-09-15T13:29:02Z,html,,raw/au/textile_clothing_and_footwear_investment_and_innovation_programs_act_1999/20260915T1329Z__page.html,"Textile, Clothing and Footwear Investment and Innovation Programs Act 1999","No. 182, 1999",,,requests,200,raw/au/textile_clothing_and_footwear_investment_and_innovation_programs_act_1999/20260915T1329Z__page.html.headers.json,text/html,8beee5b578ca8a783fec3460282e635140aaed45ef976189b6afdc3a3539afb5,336913,,,,,corpus AU_corpus_2026-09-19: from AU_ws_2026-09-15,,1999-12-22,,InForce
0.2.0,,au-nhsaa2012-001,AU,https://www.legislation.gov.au/C2012A00182/asmade/2012-12-10/text/original/pdf,2026-09-15T15:56:56Z,pdf_native,false,raw/au/national_health_security_amendment_act_2012/20260915T1556Z__native.pdf,National Health Security Amendment Act 2012,"No. 182, 2012",,,requests,200,raw/au/national_health_security_amendment_act_2012/20260915T1556Z__native.pdf.headers.json,application/pdf,b023f065bb94e2d086fe3b0e19f4b6287eee3cfe2f82d32bee8bea3f03264092,303090,26,,,,corpus AU_corpus_2026-09-19: from AU_ws_2026-09-15,,2012-12-10,,InForce
0.2.0,,au-fca1989-001,AU,https://www.legislation.gov.au/C2004A03931/2016-07-01/2016-07-01/text/original/epub,2026-09-15T14:34:28Z,html,,raw/au/foreign_corporations_application_of_laws_act_1989/20260915T1434Z__page.html,Foreign Corporations (Application of Laws) Act 1989,"No. 183, 1989",,,requests,200,raw/au/foreign_corporations_application_of_laws_act_1989/20260915T1434Z__page.html.headers.json,text/html,724d0602983231c4655fb381cce1e92d93bdf86d5db8809c03cc402ab8150a91,46947,,,,,corpus AU_corpus_2026-09-19: from AU_ws_2026-09-15,,1989-12-29,,InForce
0.2.0,,au-dlaa2011-001,AU,https://www.legislation.gov.au/C2011A00183/asmade/2011-12-06/text/original/pdf,2026-09-15T15:48:53Z,pdf_native,false,raw/au/defence_legislation_amendment_act_2011/20260915T1548Z__native.pdf,Defence Legislation Amendment Act 2011,"No. 183, 2011",,,requests,200,raw/au/defence_legislation_amendment_act_2011/20260915T1548Z__native.pdf.headers.json,application/pdf,99f63ed47ed4e3d60b3f9e3cf643457058e04a61384b677866abb5154f82edc3,264492,14,,,,corpus AU_corpus_2026-09-19: from AU_ws_2026-09-15,,2011-12-06,,InForce
0.2.0,,au-hcca1985-001,AU,https://www.legislation.gov.au/C2004A03223/2025-11-01/2025-11-01/text/original/epub,2026-09-15T14:17:10Z,html,,raw/au/home_and_community_care_act_1985/20260915T1417Z__page.html,Home and Community Care Act 1985,"No. 184, 1985",,,requests,200,raw/au/home_and_community_care_act_1985/20260915T1417Z__page.html.headers.json,text/html,02768f4439dce018782d2d83618ccdff5a70c410ed16b8123cd5e6418a318479,169329,,,,,corpus AU_corpus_2026-09-19: from AU_ws_2026-09-15,,1985-12-16,,InForce
0.2.0,,au-sctia19971605-001,AU,https://www.legislation.gov.au/C2004A05278/2005-08-12/2005-08-12/text/original/epub,2026-09-15T15:12:19Z,html,,raw/au/superannuation_contributions_tax_members_of_constitutionally_protected_superannuation_funds_imposition_act_1997/20260915T1512Z__page.html,Superannuation Contributions Tax (Members of Constitutionally Protected Superannuation Funds) Imposition Act 1997,"No. 184, 1997",,,requests,200,raw/au/superannuation_contributions_tax_members_of_constitutionally_protected_superannuation_funds_imposition_act_1997/20260915T1512Z__page.html.headers.json,text/html,b8888909080b8ec9b8972f2551e2694363d0e0949f5d4103346fa8b4464a9603,49406,,,,,corpus AU_corpus_2026-09-19: from AU_ws_2026-09-15,,1997-12-07,,InForce
0.2.0,,au-sctaca1997-001,AU,https://www.legislation.gov.au/C2004A05279/2022-09-28/2022-09-28/text/original/epub,2026-09-15T15:12:32Z,html,,raw/au/superannuation_contributions_tax_members_of_constitutionally_protected_superannuation_funds_assessment_and_collection_act_1997/20260915T1512Z__page.html,Superannuation Contributions Tax (Members of Constitutionally Protected Superannuation Funds) Assessment and Collection Act 1997,"No. 185, 1997",,,requests,200,raw/au/superannuation_contributions_tax_members_of_constitutionally_protected_superannuation_funds_assessment_and_collection_act_1997/20260915T1512Z__page.html.headers.json,text/html,30a0e011f2417c58e58b214c1695219409544ce173fa8277d1801d0046044b61,244315,,,,,corpus AU_corpus_2026-09-19: from AU_ws_2026-09-15,,1997-12-07,,InForce
0.2.0,,au-tsa1999-001,AU,https://www.legislation.gov.au/C2004A00574/2024-10-14/2024-10-14/text/original/epub,2026-09-15T13:29:14Z,html,,raw/au/tradex_scheme_act_1999/20260915T1329Z__page.html,Tradex Scheme Act 1999,"No. 185, 1999",,,requests,200,raw/au/tradex_scheme_act_1999/20260915T1329Z__page.html.headers.json,text/html,28ac67945dfdbafa59fa1dd5c0e17cfbea9c5577d11e3208c4816c2769e1c500,232953,,,,,corpus AU_corpus_2026-09-19: from AU_ws_2026-09-15,,1999-12-23,,InForce
0.2.0,,au-atica1985-001,AU,https://www.legislation.gov.au/C2004A03225/2026-03-27/2026-03-27/text/original/epub,2026-09-15T14:17:25Z,html,,raw/au/australian_trade_and_investment_commission_act_1985/20260915T1417Z__page.html,Australian Trade and Investment Commission Act 1985,"No. 186, 1985",,,requests,200,raw/au/australian_trade_and_investment_commission_act_1985/20260915T1417Z__page.html.headers.json,text/html,41295944dfe322e8d388718f6bd6763e1ab9a739e37a7306963cbebff0e60984,233013,,,,,corpus AU_corpus_2026-09-19: from AU_ws_2026-09-15,,1985-12-16,,InForce
0.2.0,,au-tdia1999-001,AU,https://www.legislation.gov.au/C2004A00575/2016-07-01/2016-07-01/text/original/epub,2026-09-15T13:29:29Z,html,,raw/au/tradex_duty_imposition_customs_act_1999/20260915T1329Z__page.html,Tradex Duty Imposition (Customs) Act 1999,"No. 186, 1999",,,requests,200,raw/au/tradex_duty_imposition_customs_act_1999/20260915T1329Z__page.html.headers.json,text/html,433fa13b62e26fd2b6736ba2ebf8833bf12e9b320096666d307104cd97680aca,31451,,,,,corpus AU_corpus_2026-09-19: from AU_ws_2026-09-15,,1999-12-23,,InForce
0.2.0,,au-hra2011-001,AU,https://www.legislation.gov.au/C2011A00186/2024-06-12/2024-06-12/text/original/epub,2026-09-15T15:49:06Z,html,,raw/au/human_rights_parliamentary_scrutiny_act_2011/20260915T1549Z__page.html,Human Rights (Parliamentary Scrutiny) Act 2011,"No. 186, 2011",,,requests,200,raw/au/human_rights_parliamentary_scrutiny_act_2011/20260915T1549Z__page.html.headers.json,text/html,2df60d01fc97589167d59f322532fea454120a3c2dd60e1b3156d9cd35a97cae,60853,,,,,corpus AU_corpus_2026-09-19: from AU_ws_2026-09-15,,2011-12-07,,InForce
0.2.0,,au-atca1985-001,AU,https://www.legislation.gov.au/C2004A03226/asmade/1985-12-16/text/original/pdf,2026-09-15T14:17:38Z,pdf_native,false,raw/au/australian_trade_commission_transitional_provisions_and_consequential_amendments_act_1985/20260915T1417Z__native.pdf,Australian Trade Commission (Transitional Provisions and Consequential Amendments) Act 1985,"No. 187, 1985",,,requests,200,raw/au/australian_trade_commission_transitional_provisions_and_consequential_amendments_act_1985/20260915T1417Z__native.pdf.headers.json,application/pdf,62283d19f153e36d165fba90ae9179471e62483c0d52b0aec7b67c15b7abc3bd,1941106,33,,,,corpus AU_corpus_2026-09-19: from AU_ws_2026-09-15,,1985-12-16,,InForce
0.2.0,,au-tdia1999d810-001,AU,https://www.legislation.gov.au/C2004A00576/2016-07-01/2016-07-01/text/original/epub,2026-09-15T13:29:44Z,html,,raw/au/tradex_duty_imposition_excise_act_1999/20260915T1329Z__page.html,Tradex Duty Imposition (Excise) Act 1999,"No. 187, 1999",,,requests,200,raw/au/tradex_duty_imposition_excise_act_1999/20260915T1329Z__page.html.headers.json,text/html,cd523dc0be50535c5f6e93572ad82e7f12da3b142b5702a9b71252f885698748,31460,,,,,corpus AU_corpus_2026-09-19: from AU_ws_2026-09-15,,1999-12-23,,InForce
0.2.0,,au-pra1985-001,AU,https://www.legislation.gov.au/C2004A03227/asmade/2008-10-18/text/original/pdf,2026-09-15T14:17:52Z,pdf_native,false,raw/au/petroleum_revenue_act_1985/20260915T1417Z__native.pdf,Petroleum Revenue Act 1985,"No. 188, 1985",,,requests,200,raw/au/petroleum_revenue_act_1985/20260915T1417Z__native.pdf.headers.json,application/pdf,b70fd0e37e9ac9fad2e2d049c5ee15ec9bb2e272a323f9b0764ce4d13be96445,700470,10,,,,corpus AU_corpus_2026-09-19: from AU_ws_2026-09-15,,1985-12-16,,InForce
0.2.0,,au-tdia19992836-001,AU,https://www.legislation.gov.au/C2004A00577/2016-07-01/2016-07-01/text/original/epub,2026-09-15T13:29:54Z,html,,raw/au/tradex_duty_imposition_general_act_1999/20260915T1329Z__page.html,Tradex Duty Imposition (General) Act 1999,"No. 188, 1999",,,requests,200,raw/au/tradex_duty_imposition_general_act_1999/20260915T1329Z__page.html.headers.json,text/html,4f4b1f1d57d8c645997b3ad7662ba404068b6b3b94cde5f244d79cdeedf9a351,31540,,,,,corpus AU_corpus_2026-09-19: from AU_ws_2026-09-15,,1999-12-23,,InForce
0.2.0,,au-jmia2012-001,AU,https://www.legislation.gov.au/C2012A00188/2026-03-28/2026-03-28/text/original/epub,2026-09-15T15:57:06Z,html,,raw/au/judicial_misbehaviour_and_incapacity_parliamentary_commissions_act_2012/20260915T1557Z__page.html,Judicial Misbehaviour and Incapacity (Parliamentary Commissions) Act 2012,"No. 188, 2012",,,requests,200,raw/au/judicial_misbehaviour_and_incapacity_parliamentary_commissions_act_2012/20260915T1557Z__page.html.headers.json,text/html,ff462440001cb57f2f1d051b69e43dfb35ad116e102ae312c8c343f7b6fb3d8b,272996,,,,,corpus AU_corpus_2026-09-19: from AU_ws_2026-09-15,,2012-12-11,,InForce
0.2.0,,au-jbtaa1915-001,AU,https://www.legislation.gov.au/C1915A00019/2023-08-22/2023-08-22/text/original/epub,2026-09-15T12:41:16Z,html,,raw/au/jervis_bay_territory_acceptance_act_1915/20260915T1241Z__page.html,Jervis Bay Territory Acceptance Act 1915,"No. 19, 1915",,,requests,200,raw/au/jervis_bay_territory_acceptance_act_1915/20260915T1241Z__page.html.headers.json,text/html,66ae33b6453640da8344f55487b0e149cdd173219c76e0968835a138ff22700c,84270,,,,,corpus AU_corpus_2026-09-19: from AU_ws_2026-09-15,,1915-07-12,,InForce
0.2.0,,au-da1952-001,AU,https://www.legislation.gov.au/C1952A00019/2024-12-11/2024-12-11/text/original/epub,2026-09-15T12:50:26Z,html,,raw/au/defence_special_undertakings_act_1952/20260915T1250Z__page.html,Defence (Special Undertakings) Act 1952,"No. 19, 1952",,,requests,200,raw/au/defence_special_undertakings_act_1952/20260915T1250Z__page.html.headers.json,text/html,002d7f98ef3511e21626c5c10357ff3230e1ca95e75396b872eac669dc6fcc16,130381,,,,,corpus AU_corpus_2026-09-19: from AU_ws_2026-09-15,,1952-06-10,,InForce
0.2.0,,au-la1973-001,AU,https://www.legislation.gov.au/C2004A00023/asmade/1973-04-18/text/original/pdf,2026-09-15T13:11:16Z,pdf_native,false,raw/au/loan_act_1973/20260915T1311Z__native.pdf,Loan Act 1973,"No. 19, 1973",,,requests,200,raw/au/loan_act_1973/20260915T1311Z__native.pdf.headers.json,application/pdf,23c250472afc5fe92299321602e2d45d4ce613cf2920df7ef454d56598bba057,62664,2,,,,corpus AU_corpus_2026-09-19: from AU_ws_2026-09-15; flags as_made_short_act,,1973-04-18,,InForce
0.2.0,,au-qala1978-001,AU,https://www.legislation.gov.au/C2004A01818/asmade/1978-12-04/text/original/pdf,2026-09-15T13:56:48Z,pdf_native,false,raw/au/qantas_airways_limited_loan_guarantee_act_1978/20260915T1356Z__native.pdf,Qantas Airways Limited (Loan Guarantee) Act 1978,"No. 19, 1978",,,requests,200,raw/au/qantas_airways_limited_loan_guarantee_act_1978/20260915T1356Z__native.pdf.headers.json,application/pdf,175faf76add58c40514d574eccacd092a94b049067a066fb0111222b11635c79,66487,2,,,,corpus AU_corpus_2026-09-19: from AU_ws_2026-09-15; flags as_made_short_act,,1978-05-16,,InForce
0.2.0,,au-qala1989-001,AU,https://www.legislation.gov.au/C2004A03767/asmade/1989-04-20/text/original/pdf,2026-09-15T14:31:21Z,pdf_native,false,raw/au/qantas_airways_limited_loan_guarantee_act_1989/20260915T1431Z__native.pdf,Qantas Airways Limited (Loan Guarantee) Act 1989,"No. 19, 1989",,,requests,200,raw/au/qantas_airways_limited_loan_guarantee_act_1989/20260915T1431Z__native.pdf.headers.json,application/pdf,83e4aaf5cc714b628dbeb30acb87ac465ae3fa59fb2c62b1fc5cf2e85c03a809,701826,8,,,,corpus AU_corpus_2026-09-19: from AU_ws_2026-09-15,,1989-04-20,,InForce
0.2.0,,au-ssvelaa2008-001,AU,https://www.legislation.gov.au/C2008A00019/asmade/2008-05-26/text/original/pdf,2026-09-19T22:39:14Z,pdf_native,false,raw/au/social_security_and_veterans_entitlements_legislation_amendment_one_off_payments_and_other_budget_measures_act_2008/20260919T2239Z__native.pdf,Social Security and Veterans' Entitlements Legislation Amendment (One-off Payments and Other Budget Measures) Act 2008,"No. 19, 2008",,,requests,200,raw/au/social_security_and_veterans_entitlements_legislation_amendment_one_off_payments_and_other_budget_measures_act_2008/20260919T2239Z__native.pdf.headers.json,application/pdf,cf8ac1c6b4c20a514742672e88f91163d444dc689bcebc08080e3c8af505fb49,165571,50,,,,corpus AU_corpus_2026-09-19: from AU_ws_2026-09-19,,2008-05-26,,InForce
0.2.0,,au-prrta2012-001,AU,https://www.legislation.gov.au/C2012A00019/asmade/2012-03-29/text/original/pdf,2026-09-15T15:49:58Z,pdf_native,false,raw/au/petroleum_resource_rent_tax_imposition_customs_act_2012/20260915T1549Z__native.pdf,Petroleum Resource Rent Tax (Imposition—Customs) Act 2012,"No. 19, 2012",,,requests,200,raw/au/petroleum_resource_rent_tax_imposition_customs_act_2012/20260915T1549Z__native.pdf.headers.json,application/pdf,82e72e62ce80d5f1f1884bfc7e560b02fcb77f2066674f6fdb72a2466c9862e8,145641,7,,,,corpus AU_corpus_2026-09-19: from AU_ws_2026-09-15,,2012-03-29,,InForce
0.2.0,,au-icca2019db5e-001,AU,https://www.legislation.gov.au/C2019A00019/asmade/2019-04-03/text/original/pdf,2026-09-15T16:23:31Z,pdf_native,false,raw/au/industrial_chemicals_charges_excise_act_2019/20260915T1623Z__native.pdf,Industrial Chemicals Charges (Excise) Act 2019,"No. 19, 2019",,,requests,200,raw/au/industrial_chemicals_charges_excise_act_2019/20260915T1623Z__native.pdf.headers.json,application/pdf,0178faee6c8de59fb7504cf4daf1d7082cdf3e1fc7a396477eefd33bb7a88d0f,517397,8,,,,corpus AU_corpus_2026-09-19: from AU_ws_2026-09-15,,2019-04-03,,InForce
0.2.0,,au-haa2023-001,AU,https://www.legislation.gov.au/C2023A00019/asmade/2023-06-15/text/original/pdf,2026-09-15T16:36:01Z,pdf_native,false,raw/au/home_affairs_act_2023/20260915T1636Z__native.pdf,Home Affairs Act 2023,"No. 19, 2023",,,requests,200,raw/au/home_affairs_act_2023/20260915T1636Z__native.pdf.headers.json,application/pdf,6e5af988aef34cd8c1ec2b49b5c2d8aa3d0ae4d6a6543248ba739164e8c26f1c,627968,8,,,,corpus AU_corpus_2026-09-19: from AU_ws_2026-09-15,,2023-06-15,,InForce
0.2.0,,au-asaa2024-001,AU,https://www.legislation.gov.au/C2024A00019/asmade/2024-04-08/text/original/pdf,2026-09-15T16:41:26Z,pdf_native,false,raw/au/autonomous_sanctions_amendment_act_2024/20260915T1641Z__native.pdf,Autonomous Sanctions Amendment Act 2024,"No. 19, 2024",,,requests,200,raw/au/autonomous_sanctions_amendment_act_2024/20260915T1641Z__native.pdf.headers.json,application/pdf,424c0f07cff5b10f539a9e0161edcf2253c92f667cd5dceb99a4af7311acdbb9,252556,12,,,,corpus AU_corpus_2026-09-19: from AU_ws_2026-09-15,,2024-04-08,,InForce
0.2.0,,au-sa2026-001,AU,https://www.legislation.gov.au/C2025A00019/asmade/2025-03-27/text/original/pdf,2026-09-15T16:49:38Z,pdf_native,false,raw/au/supply_act_no_1_2025_2026/20260915T1649Z__native.pdf,Supply Act (No. 1) 2025-2026,"No. 19, 2025",,,requests,200,raw/au/supply_act_no_1_2025_2026/20260915T1649Z__native.pdf.headers.json,application/pdf,e5ed637964c74b99eada3e42aca6ec7fcaa876e7ff72a904314275a0930c2eaf,733205,172,,,,corpus AU_corpus_2026-09-19: from AU_ws_2026-09-15,,2025-03-27,,InForce
0.2.0,,au-ttmra1997-001,AU,https://www.legislation.gov.au/C2004A05284/2026-03-21/2026-03-21/text/original/epub,2026-09-15T15:12:44Z,html,,raw/au/trans_tasman_mutual_recognition_act_1997/20260915T1512Z__page.html,Trans-Tasman Mutual Recognition Act 1997,"No. 190, 1997",,,requests,200,raw/au/trans_tasman_mutual_recognition_act_1997/20260915T1512Z__page.html.headers.json,text/html,b72c08b7cde82dc4e4f5d730cc93473ea8973e29aea12bf8a9e96e025732d7f4,299065,,,,,corpus AU_corpus_2026-09-19: from AU_ws_2026-09-15,,1997-12-07,,InForce
0.2.0,,au-alra1976-001,AU,https://www.legislation.gov.au/C2004A01620/2024-11-30/2024-11-30/text/original/epub,2026-09-15T13:54:10Z,html,,raw/au/aboriginal_land_rights_northern_territory_act_1976/20260915T1354Z__page.html,Aboriginal Land Rights (Northern Territory) Act 1976,"No. 191, 1976",,,requests,200,raw/au/aboriginal_land_rights_northern_territory_act_1976/20260915T1354Z__page.html.headers.json,text/html,d2997ff0b0a6879e71a98bdfae8cd70cfa8e4c87eeba8e30e8b5c02d2cf9b830,2737513,,,,,corpus AU_corpus_2026-09-19: from AU_ws_2026-09-15,,1976-12-16,,InForce
0.2.0,,au-ssa1999dcb5-001,AU,https://www.legislation.gov.au/C2004A00580/2025-12-05/2025-12-05/text/original/epub,2026-09-15T13:30:08Z,html,,raw/au/social_security_administration_act_1999/20260915T1330Z__page.html,Social Security (Administration) Act 1999,"No. 191, 1999",,,requests,200,raw/au/social_security_administration_act_1999/20260915T1330Z__page.html.headers.json,text/html,6318f4083fd15c1038b093c70452250a20851ad6d799a5993b2058e02b0e079c,3651843,,,,,corpus AU_corpus_2026-09-19: from AU_ws_2026-09-15,,1999-12-23,,InForce
0.2.0,,au-lsla1976-001,AU,https://www.legislation.gov.au/C2004A01621/2023-10-18/2023-10-18/text/original/epub,2026-09-15T13:54:25Z,html,,raw/au/long_service_leave_commonwealth_employees_act_1976/20260915T1354Z__page.html,Long Service Leave (Commonwealth Employees) Act 1976,"No. 192, 1976",,,requests,200,raw/au/long_service_leave_commonwealth_employees_act_1976/20260915T1354Z__page.html.headers.json,text/html,5b82b6641978abe954a16aa69eb72c04c2c6b52a5e21033c811be8b7dc8eb48e,249761,,,,,corpus AU_corpus_2026-09-19: from AU_ws_2026-09-15,,1976-12-20,,InForce
0.2.0,,au-gma2012-001,AU,https://www.legislation.gov.au/C2012A00193/2014-03-31/2014-03-31/text/original/epub,2026-09-15T15:57:18Z,html,,raw/au/gambling_measures_act_2012/20260915T1557Z__page.html,Gambling Measures Act 2012,"No. 193, 2012",,,requests,200,raw/au/gambling_measures_act_2012/20260915T1557Z__page.html.headers.json,text/html,20ac685a42b1defdf67ca566a6f12f9662ca583889c7fe97d43a392433cbd993,72899,,,,,corpus AU_corpus_2026-09-19: from AU_ws_2026-09-15,,2012-12-12,,InForce
0.2.0,,au-fsia1985-001,AU,https://www.legislation.gov.au/C2004A03235/2025-11-08/2025-11-08/text/original/epub,2026-09-15T14:18:06Z,html,,raw/au/foreign_states_immunities_act_1985/20260915T1418Z__page.html,Foreign States Immunities Act 1985,"No. 196, 1985",,,requests,200,raw/au/foreign_states_immunities_act_1985/20260915T1418Z__page.html.headers.json,text/html,0f4826b0f0d35885cd1990de87a653c2a423c302c9464762f109f438662e2182,198016,,,,,corpus AU_corpus_2026-09-19: from AU_ws_2026-09-15,,1985-12-16,,InForce
0.2.0,,au-qsa1992-001,AU,https://www.legislation.gov.au/C2004A04487/2018-03-30/2018-03-30/text/original/epub,2026-09-15T14:47:57Z,html,,raw/au/qantas_sale_act_1992/20260915T1447Z__page.html,Qantas Sale Act 1992,"No. 196, 1992",,,requests,200,raw/au/qantas_sale_act_1992/20260915T1447Z__page.html.headers.json,text/html,89dc3ab0164880888ba45bdd99bc1dbd76275aa124e47a32dad86caba2acb770,233726,,,,,corpus AU_corpus_2026-09-19: from AU_ws_2026-09-15,,1992-12-21,,InForce
0.2.0,,au-mra1992-001,AU,https://www.legislation.gov.au/C2004A04489/2025-05-01/2025-05-01/text/original/epub,2026-09-15T14:48:10Z,html,,raw/au/mutual_recognition_act_1992/20260915T1448Z__page.html,Mutual Recognition Act 1992,"No. 198, 1992",,,requests,200,raw/au/mutual_recognition_act_1992/20260915T1448Z__page.html.headers.json,text/html,a50fd07f67db0a810b21bb8012cecb3987bda937029a85f568998b44d6edce27,298570,,,,,corpus AU_corpus_2026-09-19: from AU_ws_2026-09-15,,1992-12-21,,InForce
0.2.0,,au-aia1901-001,AU,https://www.legislation.gov.au/C1901A00002/2026-03-28/2026-03-28/text/original/epub,2026-09-15T12:37:22Z,html,,raw/au/acts_interpretation_act_1901/20260915T1237Z__page.html,Acts Interpretation Act 1901,"No. 2, 1901",,,requests,200,raw/au/acts_interpretation_act_1901/20260915T1237Z__page.html.headers.json,text/html,6d27f2ab447666ea182ca1fc5463fb1b8f25c841499dd3e1c928518006d43cda,548816,,,,,corpus AU_corpus_2026-09-19: from AU_ws_2026-09-15,,1901-07-12,,InForce
0.2.0,,au-faa1932-001,AU,https://www.legislation.gov.au/C1932A00002/asmade/1979-05-15/text/original/pdf,2026-09-15T12:44:24Z,pdf_native,false,raw/au/financial_agreements_commonwealth_liability_act_1932/20260915T1244Z__native.pdf,Financial Agreements (Commonwealth Liability) Act 1932,"No. 2, 1932",,,requests,200,raw/au/financial_agreements_commonwealth_liability_act_1932/20260915T1244Z__native.pdf.headers.json,application/pdf,d1d3ec7fa2b492307d7adfeee9e97f8d8aa98365a063fa97029fe357bdde73e3,223609,3,,,,corpus AU_corpus_2026-09-19: from AU_ws_2026-09-15; flags as_made_short_act,,1932-03-12,,InForce
0.2.0,,au-caa1959-001,AU,https://www.legislation.gov.au/C1959A00002/2021-06-17/2021-06-17/text/original/epub,2026-09-15T12:55:13Z,html,,raw/au/civil_aviation_carriers_liability_act_1959/20260915T1255Z__page.html,Civil Aviation (Carriers' Liability) Act 1959,"No. 2, 1959",,,requests,200,raw/au/civil_aviation_carriers_liability_act_1959/20260915T1255Z__page.html.headers.json,text/html,01f44ea65a83efb7896519c47acc6c47d7cfbf806aaa6590b17cbebac7010617,685902,,,,,corpus AU_corpus_2026-09-19: from AU_ws_2026-09-15,,1959-01-21,,InForce
0.2.0,,au-caa1979-001,AU,https://www.legislation.gov.au/C2004A02012/asmade/2007-03-15/text/original/pdf,2026-09-15T13:58:52Z,pdf_native,false,raw/au/commonwealth_authorities_northern_territory_pay_roll_tax_act_1979/20260915T1358Z__native.pdf,Commonwealth Authorities (Northern Territory Pay-roll Tax) Act 1979,"No. 2, 1979",,,requests,200,raw/au/commonwealth_authorities_northern_territory_pay_roll_tax_act_1979/20260915T1358Z__native.pdf.headers.json,application/pdf,d8465c8b52e2d548c45cca01719a7e3d56143c5da6bcce691ea7350f9b90ab82,69568,2,,,,corpus AU_corpus_2026-09-19: from AU_ws_2026-09-15; flags as_made_short_act,,1979-02-27,,InForce
0.2.0,,au-hefa1988-001,AU,https://www.legislation.gov.au/C2004A03750/2025-02-21/2025-02-21/text/original/epub,2026-09-15T14:30:32Z,html,,raw/au/higher_education_funding_act_1988/20260915T1430Z__page.html,Higher Education Funding Act 1988,"No. 2, 1989",,,requests,200,raw/au/higher_education_funding_act_1988/20260915T1430Z__page.html.headers.json,text/html,083001e1ce92194e2ed44440887dd4a6df591cc978308d6244bc11987bebd3b2,1123866,,,,,corpus AU_corpus_2026-09-19: from AU_ws_2026-09-15,,1989-01-06,,InForce
0.2.0,,au-ea1995-001,AU,https://www.legislation.gov.au/C2004A04858/2025-06-10/2025-06-10/text/original/epub,2026-09-15T14:58:40Z,html,,raw/au/evidence_act_1995/20260915T1458Z__page.html,Evidence Act 1995,"No. 2, 1995",,,requests,200,raw/au/evidence_act_1995/20260915T1458Z__page.html.headers.json,text/html,df0adc4215ab358b7582aa3724073f9e2a97b1bac29fd8d9b9d99681b53ea8f4,871870,,,,,corpus AU_corpus_2026-09-19: from AU_ws_2026-09-15,,1995-02-23,,InForce
0.2.0,,au-shfta2001-001,AU,https://www.legislation.gov.au/C2004A00779/2024-10-14/2024-10-14/text/original/epub,2026-09-15T13:36:08Z,html,,raw/au/sydney_harbour_federation_trust_act_2001/20260915T1336Z__page.html,Sydney Harbour Federation Trust Act 2001,"No. 2, 2001",,,requests,200,raw/au/sydney_harbour_federation_trust_act_2001/20260915T1336Z__page.html.headers.json,text/html,76f6ee36312069cb16860c7965ae05e9b16828c89c016465e0e482993f4e6064,281731,,,,,corpus AU_corpus_2026-09-19: from AU_ws_2026-09-15,,2001-03-20,,InForce
0.2.0,,au-cvpa2003-001,AU,https://www.legislation.gov.au/C2004A01087/2011-04-19/2011-04-19/text/original/epub,2026-09-15T13:42:13Z,html,,raw/au/commonwealth_volunteers_protection_act_2003/20260915T1342Z__page.html,Commonwealth Volunteers Protection Act 2003,"No. 2, 2003",,,requests,200,raw/au/commonwealth_volunteers_protection_act_2003/20260915T1342Z__page.html.headers.json,text/html,5dba0218c9b3a355f6cb6ff6eedae348780723f4a1880e0eea2596243674d7bd,48734,,,,,corpus AU_corpus_2026-09-19: from AU_ws_2026-09-15,,2003-02-24,,InForce
0.2.0,,au-ntsea2005-001,AU,https://www.legislation.gov.au/C2005A00002/asmade/2005-02-18/text/original/pdf,2026-09-15T15:15:14Z,pdf_native,false,raw/au/a_new_tax_system_goods_and_services_tax_imposition_recipients_excise_act_2005/20260915T1515Z__native.pdf,A New Tax System (Goods and Services Tax Imposition (Recipients)—Excise) Act 2005,"No. 2, 2005",,,requests,200,raw/au/a_new_tax_system_goods_and_services_tax_imposition_recipients_excise_act_2005/20260915T1515Z__native.pdf.headers.json,application/pdf,afa555e98310cfc829a53a4e217ad4fa5211614823a7d328c492c5094eb76589,19609,7,,,,corpus AU_corpus_2026-09-19: from AU_ws_2026-09-15,,2005-02-18,,InForce
0.2.0,,au-ipeaa2017-001,AU,https://www.legislation.gov.au/C2017A00002/2026-07-01/2026-07-01/text/original/epub,2026-09-15T16:15:46Z,html,,raw/au/independent_parliamentary_expenses_authority_act_2017/20260915T1615Z__page.html,Independent Parliamentary Expenses Authority Act 2017,"No. 2, 2017",,,requests,200,raw/au/independent_parliamentary_expenses_authority_act_2017/20260915T1615Z__page.html.headers.json,text/html,a4bbc072818052c29f3bc072e48780375e54004799845ceecc35d0be577e41ab,198552,,,,,corpus AU_corpus_2026-09-19: from AU_ws_2026-09-15,,2017-02-22,,InForce
0.2.0,,au-cahea202608bc-001,AU,https://www.legislation.gov.au/C2026A00002/asmade/2026-01-21/text/original/pdf,2026-09-15T16:54:10Z,pdf_native,false,raw/au/combatting_antisemitism_hate_and_extremism_criminal_and_migration_laws_act_2026/20260915T1654Z__native.pdf,"Combatting Antisemitism, Hate and Extremism (Criminal and Migration Laws) Act 2026","No. 2, 2026",,,requests,200,raw/au/combatting_antisemitism_hate_and_extremism_criminal_and_migration_laws_act_2026/20260915T1654Z__native.pdf.headers.json,application/pdf,1aad1dae717272994d03e9942e377107d13967645673361b8e129e1758d6d517,426628,56,,,,corpus AU_corpus_2026-09-19: from AU_ws_2026-09-15,,2026-01-21,,InForce
0.2.0,,au-da1903-001,AU,https://www.legislation.gov.au/C1903A00020/2026-07-01/2026-07-01/text/original/epub,2026-09-15T12:38:21Z,html,,raw/au/defence_act_1903/20260915T1238Z__page.html,Defence Act 1903,"No. 20, 1903",,,requests,200,raw/au/defence_act_1903/20260915T1238Z__page.html.headers.json,text/html,ca7128c957ae36688d120b4403cf79dd40452959800dccdd10b4133c8b2b622f,2277389,,,,,corpus AU_corpus_2026-09-19: from AU_ws_2026-09-15,,1903-10-22,,InForce
0.2.0,,au-ntaa1910-001,AU,https://www.legislation.gov.au/C1910A00020/asmade/2011-12-27/text/original/pdf,2026-09-15T12:40:20Z,pdf_native,false,raw/au/northern_territory_acceptance_act_1910/20260915T1240Z__native.pdf,Northern Territory Acceptance Act 1910,"No. 20, 1910",,,requests,200,raw/au/northern_territory_acceptance_act_1910/20260915T1240Z__native.pdf.headers.json,application/pdf,cb8121aa8cd996b534e6288a45a2562295d0862d80f7ed8cc4e0cd08ab942d83,660168,9,,,,corpus AU_corpus_2026-09-19: from AU_ws_2026-09-15,,1910-11-16,,InForce
0.2.0,,au-cisa1911-001,AU,https://www.legislation.gov.au/C1911A00020/2023-10-20/2023-10-20/text/original/epub,2026-09-15T12:40:42Z,html,,raw/au/commonwealth_inscribed_stock_act_1911/20260915T1240Z__page.html,Commonwealth Inscribed Stock Act 1911,"No. 20, 1911",,,requests,200,raw/au/commonwealth_inscribed_stock_act_1911/20260915T1240Z__page.html.headers.json,text/html,7593b6133d5a1da77cf18af87ea5935a844f520ac65bf01ba78611fb37e2fd2b,260777,,,,,corpus AU_corpus_2026-09-19: from AU_ws_2026-09-15,,1911-12-22,,InForce
0.2.0,,au-ppba1946-001,AU,https://www.legislation.gov.au/C1946A00020/2018-03-14/2018-03-14/text/original/epub,2026-09-15T12:47:06Z,html,,raw/au/parliamentary_proceedings_broadcasting_act_1946/20260915T1247Z__page.html,Parliamentary Proceedings Broadcasting Act 1946,"No. 20, 1946",,,requests,200,raw/au/parliamentary_proceedings_broadcasting_act_1946/20260915T1247Z__page.html.headers.json,text/html,e1dd19bb10a331b3b796b4c1269d313a7134f22e94cbd43fc569cecf32b0385b,70254,,,,,corpus AU_corpus_2026-09-19: from AU_ws_2026-09-15,,1946-07-05,,InForce
0.2.0,,au-toaa1948-001,AU,https://www.legislation.gov.au/C1948A00020/asmade/1955-11-12/text/original/pdf,2026-09-15T12:48:50Z,pdf_native,false,raw/au/transferred_officers_allowances_act_1948/20260915T1248Z__native.pdf,Transferred Officers' Allowances Act 1948,"No. 20, 1948",,,requests,200,raw/au/transferred_officers_allowances_act_1948/20260915T1248Z__native.pdf.headers.json,application/pdf,230473742c73e6c44506ae9078ee67491f4c4a6aa84f2488876202d7fb600ce2,179621,2,,,,corpus AU_corpus_2026-09-19: from AU_ws_2026-09-15; flags as_made_short_act,,1948-05-18,,InForce
0.2.0,,au-aalpa1984-001,AU,https://www.legislation.gov.au/C2004A02884/asmade/2015-12-10/text/original/pdf,2026-09-15T14:13:01Z,pdf_native,false,raw/au/advance_australia_logo_protection_act_1984/20260915T1413Z__native.pdf,Advance Australia Logo Protection Act 1984,"No. 20, 1984",,,requests,200,raw/au/advance_australia_logo_protection_act_1984/20260915T1413Z__native.pdf.headers.json,application/pdf,fd2123555b4fb766835a8a9f6c4a3aa656b1b17c774cf3e7d764334189c35065,635891,10,,,,corpus AU_corpus_2026-09-19: from AU_ws_2026-09-15,,1984-04-26,,InForce
0.2.0,,au-eeoa1987-001,AU,https://www.legislation.gov.au/C2004A03429/2018-06-19/2018-06-19/text/original/epub,2026-09-15T14:23:42Z,html,,raw/au/equal_employment_opportunity_commonwealth_authorities_act_1987/20260915T1423Z__page.html,Equal Employment Opportunity (Commonwealth Authorities) Act 1987,"No. 20, 1987",,,requests,200,raw/au/equal_employment_opportunity_commonwealth_authorities_act_1987/20260915T1423Z__page.html.headers.json,text/html,b337ff7b7fe62da7152aa57f9536421ecf265a335442003188b825e7a4e3dcb6,77142,,,,,corpus AU_corpus_2026-09-19: from AU_ws_2026-09-15,,1987-05-18,,InForce
0.2.0,,au-dmpa1990-001,AU,https://www.legislation.gov.au/C2004A04095/2026-07-01/2026-07-01/text/original/epub,2026-09-15T14:38:00Z,html,,raw/au/data_matching_program_assistance_and_tax_act_1990/20260915T1438Z__page.html,Data-matching Program (Assistance and Tax) Act 1990,"No. 20, 1991",,,requests,200,raw/au/data_matching_program_assistance_and_tax_act_1990/20260915T1438Z__page.html.headers.json,text/html,0f379878304c3c0f53aecff5956e101b7dbaba6b2cb842a2532c73d163040695,223069,,,,,corpus AU_corpus_2026-09-19: from AU_ws_2026-09-15,,1991-01-23,,InForce
0.2.0,,au-cira2002-001,AU,https://www.legislation.gov.au/C2004A00957/asmade/2001-12-31/text/original/pdf,2026-09-15T13:39:22Z,pdf_native,false,raw/au/coal_industry_repeal_validation_of_proclamation_act_2002/20260915T1339Z__native.pdf,Coal Industry Repeal (Validation of Proclamation) Act 2002,"No. 20, 2002",,,requests,200,raw/au/coal_industry_repeal_validation_of_proclamation_act_2002/20260915T1339Z__native.pdf.headers.json,application/pdf,26d2701e973a35f5851c3bdf8d17a8eabc2cf79c1178140c3dca8ba5859d3325,26058,8,,,,corpus AU_corpus_2026-09-19: from AU_ws_2026-09-15,,2002-04-04,,InForce
0.2.0,,au-aca2007-001,AU,https://www.legislation.gov.au/C2007A00020/2026-06-04/2026-06-04/text/original/epub,2026-09-15T15:25:02Z,html,,raw/au/australian_citizenship_act_2007/20260915T1525Z__page.html,Australian Citizenship Act 2007,"No. 20, 2007",,,requests,200,raw/au/australian_citizenship_act_2007/20260915T1525Z__page.html.headers.json,text/html,7b5f9b02db096bd717268c31e120d01d479e29c56f8b48e2ee8bb436dfe9ac88,545632,,,,,corpus AU_corpus_2026-09-19: from AU_ws_2026-09-15,,2007-03-15,,InForce
0.2.0,,au-saa2011-001,AU,https://www.legislation.gov.au/C2011A00020/asmade/2011-04-12/text/original/pdf,2026-09-15T15:43:01Z,pdf_native,false,raw/au/screen_australia_transfer_of_assets_act_2011/20260915T1543Z__native.pdf,Screen Australia (Transfer of Assets) Act 2011,"No. 20, 2011",,,requests,200,raw/au/screen_australia_transfer_of_assets_act_2011/20260915T1543Z__native.pdf.headers.json,application/pdf,1a5b7fb01a3c7d59a93472576cea4b21dc808cf97a4837b01af518afc22b0989,331285,23,,,,corpus AU_corpus_2026-09-19: from AU_ws_2026-09-15,,2011-04-12,,InForce
0.2.0,,au-prrta20122387-001,AU,https://www.legislation.gov.au/C2012A00020/asmade/2012-03-29/text/original/pdf,2026-09-15T15:50:10Z,pdf_native,false,raw/au/petroleum_resource_rent_tax_imposition_excise_act_2012/20260915T1550Z__native.pdf,Petroleum Resource Rent Tax (Imposition—Excise) Act 2012,"No. 20, 2012",,,requests,200,raw/au/petroleum_resource_rent_tax_imposition_excise_act_2012/20260915T1550Z__native.pdf.headers.json,application/pdf,d7beaba15c35d4a28a394d17f4534e36c5dcdd2da7d3637b829ec59544806788,145624,7,,,,corpus AU_corpus_2026-09-19: from AU_ws_2026-09-15,,2012-03-29,,InForce
0.2.0,,au-ndisa2013-001,AU,https://www.legislation.gov.au/C2013A00020/2026-08-27/2026-08-27/text/original/epub,2026-09-15T15:58:34Z,html,,raw/au/national_disability_insurance_scheme_act_2013/20260915T1558Z__page.html,National Disability Insurance Scheme Act 2013,"No. 20, 2013",,,requests,200,raw/au/national_disability_insurance_scheme_act_2013/20260915T1558Z__page.html.headers.json,text/html,61f13f22c2960a6f1db88c98ad6abcd91bcc80dc2370e1a458d55de308ecc044,2108567,,,,,corpus AU_corpus_2026-09-19: from AU_ws_2026-09-15,,2013-03-28,,InForce
0.2.0,,au-icca2019b679-001,AU,https://www.legislation.gov.au/C2019A00020/asmade/2019-04-03/text/original/pdf,2026-09-15T16:23:42Z,pdf_native,false,raw/au/industrial_chemicals_charges_general_act_2019/20260915T1623Z__native.pdf,Industrial Chemicals Charges (General) Act 2019,"No. 20, 2019",,,requests,200,raw/au/industrial_chemicals_charges_general_act_2019/20260915T1623Z__native.pdf.headers.json,application/pdf,299363fdbf2c0d902be894a29cbb2d67c7be582b6f647b2d784a2b3fa765f44b,517230,8,,,,corpus AU_corpus_2026-09-19: from AU_ws_2026-09-15,,2019-04-03,,InForce
0.2.0,,au-sa20263215-001,AU,https://www.legislation.gov.au/C2025A00020/asmade/2025-03-27/text/original/pdf,2026-09-15T16:49:51Z,pdf_native,false,raw/au/supply_act_no_2_2025_2026/20260915T1649Z__native.pdf,Supply Act (No. 2) 2025-2026,"No. 20, 2025",,,requests,200,raw/au/supply_act_no_2_2025_2026/20260915T1649Z__native.pdf.headers.json,application/pdf,3842b8024d921bce72b0827619dd85dd97725d3ee195cf5c26b6fee61c544bd6,537237,99,,,,corpus AU_corpus_2026-09-19: from AU_ws_2026-09-15,,2025-03-27,,InForce
0.2.0,,au-plra1985-001,AU,https://www.legislation.gov.au/C2004A03239/2024-10-14/2024-10-14/text/original/epub,2026-09-15T14:18:19Z,html,,raw/au/public_lending_right_act_1985/20260915T1418Z__page.html,Public Lending Right Act 1985,"No. 200, 1985",,,requests,200,raw/au/public_lending_right_act_1985/20260915T1418Z__page.html.headers.json,text/html,b0526559fa2fcb5a3983b4f865e660826231f05fdd13cee5c4518df8e5389367,107189,,,,,corpus AU_corpus_2026-09-19: from AU_ws_2026-09-15,,1985-12-16,,InForce
0.2.0,,au-maraca1997-001,AU,https://www.legislation.gov.au/C2004A05292/2020-10-15/2020-10-15/text/original/epub,2026-09-15T15:12:54Z,html,,raw/au/migration_agents_registration_application_charge_act_1997/20260915T1512Z__page.html,Migration Agents Registration Application Charge Act 1997,"No. 203, 1997",,,requests,200,raw/au/migration_agents_registration_application_charge_act_1997/20260915T1512Z__page.html.headers.json,text/html,054a0fff4075db4a167f347e9440b27e9a8dfbc635cc400c8dabde5e302117bc,58420,,,,,corpus AU_corpus_2026-09-19: from AU_ws_2026-09-15,,1997-12-17,,InForce
0.2.0,,au-saa1973-001,AU,https://www.legislation.gov.au/C2004A00047/asmade/2005-02-22/text/original/pdf,2026-09-15T13:13:16Z,pdf_native,false,raw/au/sewerage_agreements_act_1973/20260915T1313Z__native.pdf,Sewerage Agreements Act 1973,"No. 204, 1973",,,requests,200,raw/au/sewerage_agreements_act_1973/20260915T1313Z__native.pdf.headers.json,application/pdf,0465478b5827a90dbe7368db7e455faa1dc3abb6c5d5ff5343fd121cd89c23c6,242632,8,,,,corpus AU_corpus_2026-09-19: from AU_ws_2026-09-15,,1973-12-18,,InForce
0.2.0,,au-amlsia1997-001,AU,https://www.legislation.gov.au/C2004A05296/asmade/2009-07-01/text/original/pdf,2026-09-15T15:13:10Z,pdf_native,false,raw/au/australian_meat_and_live_stock_industry_repeals_and_consequential_provisions_act_1997/20260915T1513Z__native.pdf,Australian Meat and Live-stock Industry (Repeals and Consequential Provisions) Act 1997,"No. 207, 1997",,,requests,200,raw/au/australian_meat_and_live_stock_industry_repeals_and_consequential_provisions_act_1997/20260915T1513Z__native.pdf.headers.json,application/pdf,8c49c8e1471240bacf3a25f7ecc12c75961d34fbe5832f03123ae7a442eb790f,103972,49,,,,corpus AU_corpus_2026-09-19: from AU_ws_2026-09-15,,1997-12-17,,InForce
0.2.0,,au-siea1926-001,AU,https://www.legislation.gov.au/C1926A00021/asmade/1986-12-05/text/original/pdf,2026-09-15T12:44:03Z,pdf_native,false,raw/au/science_and_industry_endowment_act_1926/20260915T1244Z__native.pdf,Science and Industry Endowment Act 1926,"No. 21, 1926",,,requests,200,raw/au/science_and_industry_endowment_act_1926/20260915T1244Z__native.pdf.headers.json,application/pdf,d48f65daef39129a22dc32e8c2bce5720ab36b34b6ed84edfded3ba0543fe5e4,163276,2,,,,corpus AU_corpus_2026-09-19: from AU_ws_2026-09-15; flags as_made_short_act,,1926-06-21,,InForce
0.2.0,,au-la1953-001,AU,https://www.legislation.gov.au/C1953A00021/asmade/2005-02-22/text/original/pdf,2026-09-15T12:51:03Z,pdf_native,false,raw/au/loan_temporary_revenue_deficits_act_1953/20260915T1251Z__native.pdf,Loan (Temporary Revenue Deficits) Act 1953,"No. 21, 1953",,,requests,200,raw/au/loan_temporary_revenue_deficits_act_1953/20260915T1251Z__native.pdf.headers.json,application/pdf,6f3ba07cc1d7fd9ac348cb5852a1d22e9a8e28ac4e7e799a5b34149930762bb9,155465,2,,,,corpus AU_corpus_2026-09-19: from AU_ws_2026-09-15; flags as_made_short_act,,1953-04-09,,InForce
0.2.0,,au-idaa1960-001,AU,https://www.legislation.gov.au/C1960A00021/1969-03-01/1969-03-01/text/original/epub,2026-09-15T12:57:02Z,html,,raw/au/international_development_association_act_1960/20260915T1257Z__page.html,International Development Association Act 1960,"No. 21, 1960",,,requests,200,raw/au/international_development_association_act_1960/20260915T1257Z__page.html.headers.json,text/html,e79d4d2e955fa811746ac5d28f728aae2a69e0fe91561390c330548abb2382fe,132818,,,,,corpus AU_corpus_2026-09-19: from AU_ws_2026-09-15,,1960-05-26,,InForce
0.2.0,,au-ppa1987-001,AU,https://www.legislation.gov.au/C2004A03430/2016-10-21/2016-10-21/text/original/epub,2026-09-15T14:23:52Z,html,,raw/au/parliamentary_privileges_act_1987/20260915T1423Z__page.html,Parliamentary Privileges Act 1987,"No. 21, 1987",,,requests,200,raw/au/parliamentary_privileges_act_1987/20260915T1423Z__page.html.headers.json,text/html,967a8e3514bc8ec437fe352a785c3a1777eba62375bf17cf95f97822b2739615,72090,,,,,corpus AU_corpus_2026-09-19: from AU_ws_2026-09-15,,1987-05-20,,InForce
0.2.0,,au-tga1989-001,AU,https://www.legislation.gov.au/C2004A03952/2025-09-05/2025-09-05/text/original/epub,2026-09-15T14:35:03Z,html,,raw/au/therapeutic_goods_act_1989/20260915T1435Z__page.html,Therapeutic Goods Act 1989,"No. 21, 1990",,,requests,200,raw/au/therapeutic_goods_act_1989/20260915T1435Z__page.html.headers.json,text/html,c9bf0ce751f71b5b7f1b14135c92778e165bad345439d4d9e03916c63111d6c9,4359133,,,,,corpus AU_corpus_2026-09-19: from AU_ws_2026-09-15,,1990-01-17,,InForce
0.2.0,,au-ada1995-001,AU,https://www.legislation.gov.au/C2004A04877/asmade/1995-03-29/text/original/pdf,2026-09-15T14:59:30Z,pdf_native,false,raw/au/anzac_day_act_1995/20260915T1459Z__native.pdf,Anzac Day Act 1995,"No. 21, 1995",,,requests,200,raw/au/anzac_day_act_1995/20260915T1459Z__native.pdf.headers.json,application/pdf,f9e0528e2286b729f58cabf660228b770a072b4bf60bc4b21a5a5e7b43e299cd,370387,6,,,,corpus AU_corpus_2026-09-19: from AU_ws_2026-09-15,,1995-03-29,,InForce
0.2.0,,au-aca2007a45d-001,AU,https://www.legislation.gov.au/C2007A00021/2015-07-01/2015-07-01/text/original/epub,2026-09-15T15:25:16Z,html,,raw/au/australian_citizenship_transitionals_and_consequentials_act_2007/20260915T1525Z__page.html,Australian Citizenship (Transitionals and Consequentials) Act 2007,"No. 21, 2007",,,requests,200,raw/au/australian_citizenship_transitionals_and_consequentials_act_2007/20260915T1525Z__page.html.headers.json,text/html,ba2a66bba2165e94c9b9cba19bfe0f3bfe8c3667e145578c98d83743d2d8980b,117608,,,,,corpus AU_corpus_2026-09-19: from AU_ws_2026-09-15,,2007-03-15,,InForce
0.2.0,,au-prrta2012c5c9-001,AU,https://www.legislation.gov.au/C2012A00021/asmade/2012-03-29/text/original/pdf,2026-09-15T15:50:24Z,pdf_native,false,raw/au/petroleum_resource_rent_tax_imposition_general_act_2012/20260915T1550Z__native.pdf,Petroleum Resource Rent Tax (Imposition—General) Act 2012,"No. 21, 2012",,,requests,200,raw/au/petroleum_resource_rent_tax_imposition_general_act_2012/20260915T1550Z__native.pdf.headers.json,application/pdf,12d7c67d6b3643b604d8e4ab72042b7a703c249f9c86a7fbd6df347577aafbe3,145699,7,,,,corpus AU_corpus_2026-09-19: from AU_ws_2026-09-15,,2012-03-29,,InForce
0.2.0,,au-dpta2017-001,AU,https://www.legislation.gov.au/C2017A00021/asmade/2017-04-04/text/original/pdf,2026-09-15T16:16:15Z,pdf_native,false,raw/au/diverted_profits_tax_act_2017/20260915T1616Z__native.pdf,Diverted Profits Tax Act 2017,"No. 21, 2017",,,requests,200,raw/au/diverted_profits_tax_act_2017/20260915T1616Z__native.pdf.headers.json,application/pdf,41bfdf29a84bdc740edfb3d34e4b8b49e0627a8cf48ca64814626a143f40ffa3,425380,6,,,,corpus AU_corpus_2026-09-19: from AU_ws_2026-09-15,,2017-04-04,,InForce
0.2.0,,au-sa2026080f-001,AU,https://www.legislation.gov.au/C2025A00021/asmade/2025-03-27/text/original/pdf,2026-09-15T16:50:03Z,pdf_native,false,raw/au/supply_parliamentary_departments_act_no_1_2025_2026/20260915T1650Z__native.pdf,Supply (Parliamentary Departments) Act (No. 1) 2025-2026,"No. 21, 2025",,,requests,200,raw/au/supply_parliamentary_departments_act_no_1_2025_2026/20260915T1650Z__native.pdf.headers.json,application/pdf,cc741f1f5caa398236092dbea4e388f0ff143c40963d3f61b1deeadc97c3bee0,319969,21,,,,corpus AU_corpus_2026-09-19: from AU_ws_2026-09-15,,2025-03-27,,InForce
0.2.0,,au-bia1991-001,AU,https://www.legislation.gov.au/C2004A04285/2016-07-01/2016-07-01/text/original/epub,2026-09-15T14:43:53Z,html,,raw/au/bank_integration_act_1991/20260915T1443Z__page.html,Bank Integration Act 1991,"No. 210, 1991",,,requests,200,raw/au/bank_integration_act_1991/20260915T1443Z__page.html.headers.json,text/html,3f9f0e734994dab04a970925f0a73b31f20a817ea582bcc5d374197110b0b87b,134851,,,,,corpus AU_corpus_2026-09-19: from AU_ws_2026-09-15,,1991-12-24,,InForce
0.2.0,,au-clra1992-001,AU,https://www.legislation.gov.au/C2004A04501/asmade/1992-12-24/text/original/pdf,2026-09-15T14:48:25Z,pdf_native,false,raw/au/corporate_law_reform_act_1992/20260915T1448Z__native.pdf,Corporate Law Reform Act 1992,"No. 210, 1992",,,requests,200,raw/au/corporate_law_reform_act_1992/20260915T1448Z__native.pdf.headers.json,application/pdf,a4902d2ef72f0f852b128447452b58da5b2f56a236fd92707e211f7867eb9a71,10668118,231,,,,corpus AU_corpus_2026-09-19: from AU_ws_2026-09-15,,1992-12-24,,InForce
0.2.0,,au-rta1973-001,AU,https://www.legislation.gov.au/C2004A00043/2019-02-01/2019-02-01/text/original/epub,2026-09-15T13:12:36Z,html,,raw/au/remuneration_tribunal_act_1973/20260915T1312Z__page.html,Remuneration Tribunal Act 1973,"No. 215, 1973",,,requests,200,raw/au/remuneration_tribunal_act_1973/20260915T1312Z__page.html.headers.json,text/html,7b6d5861e4dee1f1857e5e35823159fd96138ead9ff008f84f466bf8542c42e8,362733,,,,,corpus AU_corpus_2026-09-19: from AU_ws_2026-09-15,,1973-12-19,,InForce
0.2.0,,au-ita1991-001,AU,https://www.legislation.gov.au/C2004A04290/2018-06-19/2018-06-19/text/original/epub,2026-09-15T14:44:06Z,html,,raw/au/income_tax_deferred_interest_securities_tax_file_number_withholding_tax_act_1991/20260915T1444Z__page.html,Income Tax (Deferred Interest Securities) (Tax File Number Withholding Tax) Act 1991,"No. 215, 1991",,,requests,200,raw/au/income_tax_deferred_interest_securities_tax_file_number_withholding_tax_act_1991/20260915T1444Z__page.html.headers.json,text/html,628ccb6d3a812b007eeadb391afa6ec02f694cf10f3cc3aff2fdd0ac9afb6795,32497,,,,,corpus AU_corpus_2026-09-19: from AU_ws_2026-09-15,,1991-12-24,,InForce
0.2.0,,au-lca1977-001,AU,https://www.legislation.gov.au/C2004A01660/asmade/1977-04-14/text/original/pdf,2026-09-15T13:55:05Z,pdf_native,false,raw/au/law_courts_sydney_act_1977/20260915T1355Z__native.pdf,Law Courts (Sydney) Act 1977,"No. 22, 1977",,,requests,200,raw/au/law_courts_sydney_act_1977/20260915T1355Z__native.pdf.headers.json,application/pdf,038d01aada260c8bf0d990c6dee06790ee8100566fb79b5556f91b6e9f500e64,721196,7,,,,corpus AU_corpus_2026-09-19: from AU_ws_2026-09-15,,1977-04-14,,InForce
0.2.0,,au-tga198904df-001,AU,https://www.legislation.gov.au/C2004A03953/2018-03-06/2018-03-06/text/original/epub,2026-09-15T14:35:16Z,html,,raw/au/therapeutic_goods_charges_act_1989/20260915T1435Z__page.html,Therapeutic Goods (Charges) Act 1989,"No. 22, 1990",,,requests,200,raw/au/therapeutic_goods_charges_act_1989/20260915T1435Z__page.html.headers.json,text/html,b3d656368a90e9c51f64e3c6c374a0e466552628e3904ce8ab74438c27ac66c0,51287,,,,,corpus AU_corpus_2026-09-19: from AU_ws_2026-09-15,,1990-01-17,,InForce
0.2.0,,au-cbha1998-001,AU,https://www.legislation.gov.au/C2004A05333/2020-03-25/2020-03-25/text/original/epub,2026-09-15T15:14:18Z,html,,raw/au/charter_of_budget_honesty_act_1998/20260915T1514Z__page.html,Charter of Budget Honesty Act 1998,"No. 22, 1998",,,requests,200,raw/au/charter_of_budget_honesty_act_1998/20260915T1514Z__page.html.headers.json,text/html,cc6d3f9519da112052bc73ff869395cd5cf17eff8462a9998723b51038ee3910,145290,,,,,corpus AU_corpus_2026-09-19: from AU_ws_2026-09-15,,1998-04-17,,InForce
0.2.0,,au-nbnca2011-001,AU,https://www.legislation.gov.au/C2011A00022/2025-12-05/2025-12-05/text/original/epub,2026-09-15T15:43:12Z,html,,raw/au/national_broadband_network_companies_act_2011/20260915T1543Z__page.html,National Broadband Network Companies Act 2011,"No. 22, 2011",,,requests,200,raw/au/national_broadband_network_companies_act_2011/20260915T1543Z__page.html.headers.json,text/html,0d1d0de91f0a81f1fef88a947167adbcb3d794856ddbcdb9d19caafdb7aa9e99,393728,,,,,corpus AU_corpus_2026-09-19: from AU_ws_2026-09-15,,2011-04-12,,InForce
0.2.0,,au-iloa1992-001,AU,https://www.legislation.gov.au/C2004A04511/2016-11-17/2016-11-17/text/original/epub,2026-09-15T14:48:36Z,html,,raw/au/international_labour_organisation_compliance_with_conventions_act_1992/20260915T1448Z__page.html,International Labour Organisation (Compliance with Conventions) Act 1992,"No. 220, 1992",,,requests,200,raw/au/international_labour_organisation_compliance_with_conventions_act_1992/20260915T1448Z__page.html.headers.json,text/html,25434b5f792afe66f76e1e697f52f9acc3c9378d25ade776b59e44672a807716,33642,,,,,corpus AU_corpus_2026-09-19: from AU_ws_2026-09-15,,1992-12-24,,InForce
0.2.0,,au-ifca1992-001,AU,https://www.legislation.gov.au/C2004A04512/2024-10-14/2024-10-14/text/original/epub,2026-09-15T14:48:49Z,html,,raw/au/imported_food_control_act_1992/20260915T1448Z__page.html,Imported Food Control Act 1992,"No. 221, 1992",,,requests,200,raw/au/imported_food_control_act_1992/20260915T1448Z__page.html.headers.json,text/html,fd9470f265c20bbc1c552bbbbc0f8b18582639681347bd01eccc383c330f691c,415801,,,,,corpus AU_corpus_2026-09-19: from AU_ws_2026-09-15,,1992-12-24,,InForce
0.2.0,,au-nhmrca1992-001,AU,https://www.legislation.gov.au/C2004A04516/2024-03-20/2024-03-20/text/original/epub,2026-09-15T14:49:03Z,html,,raw/au/national_health_and_medical_research_council_act_1992/20260915T1449Z__page.html,National Health and Medical Research Council Act 1992,"No. 225, 1992",,,requests,200,raw/au/national_health_and_medical_research_council_act_1992/20260915T1449Z__page.html.headers.json,text/html,022fb4a12813e6bca39d64732078d0100b0cf186299410d0781c4716d1bb5822,364289,,,,,corpus AU_corpus_2026-09-19: from AU_ws_2026-09-15,,1992-12-24,,InForce
0.2.0,,au-sgaa1909-001,AU,https://www.legislation.gov.au/C1909A00023/asmade/1973-12-31/text/original/pdf,2026-09-15T12:39:46Z,pdf_native,false,raw/au/seat_of_government_acceptance_act_1909/20260915T1239Z__native.pdf,Seat of Government Acceptance Act 1909,"No. 23, 1909",,,requests,200,raw/au/seat_of_government_acceptance_act_1909/20260915T1239Z__native.pdf.headers.json,application/pdf,8297d0e8ef27924c9e94f8fea5905018cfc53eac83989471b620efce8f34ed11,832077,6,,,,corpus AU_corpus_2026-09-19: from AU_ws_2026-09-15,,1909-12-13,,InForce
0.2.0,,au-stfa1947-001,AU,https://www.legislation.gov.au/C1947A00023/asmade/2014-07-01/text/original/pdf,2026-09-15T12:47:58Z,pdf_native,false,raw/au/services_trust_funds_act_1947/20260915T1247Z__native.pdf,Services Trust Funds Act 1947,"No. 23, 1947",,,requests,200,raw/au/services_trust_funds_act_1947/20260915T1247Z__native.pdf.headers.json,application/pdf,1e7f4c0b7bff85a3b24b5aad2a4dee426ba7acbba53f64b0032588dc45bdee53,660958,10,,,,corpus AU_corpus_2026-09-19: from AU_ws_2026-09-15,,1947-06-10,,InForce
0.2.0,,au-fpa1981-001,AU,https://www.legislation.gov.au/C2004A02401/2025-06-10/2025-06-10/text/original/epub,2026-09-15T14:04:19Z,html,,raw/au/federal_proceedings_costs_act_1981/20260915T1404Z__page.html,Federal Proceedings (Costs) Act 1981,"No. 23, 1981",,,requests,200,raw/au/federal_proceedings_costs_act_1981/20260915T1404Z__page.html.headers.json,text/html,e68129edb9fe86936aa8deba85957b26aaf55638ca39e8eab2579a81022759cb,114892,,,,,corpus AU_corpus_2026-09-19: from AU_ws_2026-09-15,,1981-04-14,,InForce
0.2.0,,au-tsfa1984-001,AU,https://www.legislation.gov.au/C2004A02887/2024-10-14/2024-10-14/text/original/epub,2026-09-15T14:13:13Z,html,,raw/au/torres_strait_fisheries_act_1984/20260915T1413Z__page.html,Torres Strait Fisheries Act 1984,"No. 23, 1984",,,requests,200,raw/au/torres_strait_fisheries_act_1984/20260915T1413Z__page.html.headers.json,text/html,51a14dda93a5c8dbb3b1a74b87a9e5dfd63178d9f1a1c475c8a35239d5ffb523,1381858,,,,,corpus AU_corpus_2026-09-19: from AU_ws_2026-09-15,,1984-04-26,,InForce
0.2.0,,au-ibrda1988-001,AU,https://www.legislation.gov.au/C2004A03616/2024-07-10/2024-07-10/text/original/epub,2026-09-15T14:27:55Z,html,,raw/au/international_bank_for_reconstruction_and_development_share_increase_act_1988/20260915T1427Z__page.html,International Bank for Reconstruction and Development (Share Increase) Act 1988,"No. 23, 1988",,,requests,200,raw/au/international_bank_for_reconstruction_and_development_share_increase_act_1988/20260915T1427Z__page.html.headers.json,text/html,dacfeab51d7bcb6e7c80f4fe02c48ad630f19cd5af07240ea22fbe692b77b18e,30154,,,,,corpus AU_corpus_2026-09-19: from AU_ws_2026-09-15,,1988-05-11,,InForce
0.2.0,,au-ca2003-001,AU,https://www.legislation.gov.au/C2004A01108/2026-03-14/2026-03-14/text/original/epub,2026-09-15T13:43:05Z,html,,raw/au/corporations_review_fees_act_2003/20260915T1343Z__page.html,Corporations (Review Fees) Act 2003,"No. 23, 2003",,,requests,200,raw/au/corporations_review_fees_act_2003/20260915T1343Z__page.html.headers.json,text/html,4ceed7fc00ef90286d01eeeceabec3ff0f21abecc134666a936772aa72e7295c,54607,,,,,corpus AU_corpus_2026-09-19: from AU_ws_2026-09-15,,2003-04-11,,InForce
0.2.0,,au-fla2007-001,AU,https://www.legislation.gov.au/C2007A00023/asmade/2007-03-15/text/original/pdf,2026-09-15T15:25:28Z,pdf_native,false,raw/au/family_law_divorce_fees_validation_act_2007/20260915T1525Z__native.pdf,Family Law (Divorce Fees Validation) Act 2007,"No. 23, 2007",,,requests,200,raw/au/family_law_divorce_fees_validation_act_2007/20260915T1525Z__native.pdf.headers.json,application/pdf,d503006d808f9a7e81ffd83e3b26127991e73b03cb299cc31da04d9366c5bfde,17879,7,,,,corpus AU_corpus_2026-09-19: from AU_ws_2026-09-15,,2007-03-15,,InForce
0.2.0,,au-sca2015-001,AU,https://www.legislation.gov.au/C2015A00023/asmade/2015-03-24/text/original/pdf,2026-09-15T16:07:10Z,pdf_native,false,raw/au/succession_to_the_crown_act_2015/20260915T1607Z__native.pdf,Succession to the Crown Act 2015,"No. 23, 2015",,,requests,200,raw/au/succession_to_the_crown_act_2015/20260915T1607Z__native.pdf.headers.json,application/pdf,7b41fa66416e24b4c321c49b79071fd8cd13c7f4bb42b72fb602b91a0422fe29,654408,13,,,,corpus AU_corpus_2026-09-19: from AU_ws_2026-09-15,,2015-03-24,,InForce
0.2.0,,au-bcfea2020-001,AU,https://www.legislation.gov.au/C2020A00023/2020-06-20/2020-06-20/text/original/epub,2026-09-15T16:26:51Z,html,,raw/au/boosting_cash_flow_for_employers_coronavirus_economic_response_package_act_2020/20260915T1626Z__page.html,Boosting Cash Flow for Employers (Coronavirus Economic Response Package) Act 2020,"No. 23, 2020",,,requests,200,raw/au/boosting_cash_flow_for_employers_coronavirus_economic_response_package_act_2020/20260915T1626Z__page.html.headers.json,text/html,d7bcd430aa79e189b37735176c95b3dcb2b33d8ee7a6c71f71aa6f41078f81cf,105227,,,,,corpus AU_corpus_2026-09-19: from AU_ws_2026-09-15,,2020-03-24,,InForce
0.2.0,,au-aa2026546a-001,AU,https://www.legislation.gov.au/C2026A00023/asmade/2026-04-01/text/original/pdf,2026-09-15T16:55:40Z,pdf_native,false,raw/au/appropriation_fuel_security_response_act_no_1_2025_2026/20260915T1655Z__native.pdf,Appropriation (Fuel Security Response) Act (No. 1) 2025-2026,"No. 23, 2026",,,requests,200,raw/au/appropriation_fuel_security_response_act_no_1_2025_2026/20260915T1655Z__native.pdf.headers.json,application/pdf,444b62f1cc881bdf3df40acd7a77f7d486b6a52bda1ad974dd58e959dca56ad0,359884,28,,,,corpus AU_corpus_2026-09-19: from AU_ws_2026-09-15,,2026-04-01,,InForce
0.2.0,,au-srcla1992-001,AU,https://www.legislation.gov.au/C2004A04522/asmade/1994-01-18/text/original/pdf,2026-09-15T14:49:17Z,pdf_native,false,raw/au/seafarers_rehabilitation_and_compensation_levy_act_1992/20260915T1449Z__native.pdf,Seafarers Rehabilitation and Compensation Levy Act 1992,"No. 231, 1992",,,requests,200,raw/au/seafarers_rehabilitation_and_compensation_levy_act_1992/20260915T1449Z__native.pdf.headers.json,application/pdf,7272d2beef4c17593296bf1f359ef3c37a08f039d60e6680ffcc291b88aecb61,74699,2,,,,corpus AU_corpus_2026-09-19: from AU_ws_2026-09-15; flags as_made_short_act,,1992-12-24,,InForce
0.2.0,,au-srclca1992-001,AU,https://www.legislation.gov.au/C2004A04523/asmade/2003-06-11/text/original/pdf,2026-09-15T14:49:31Z,pdf_native,false,raw/au/seafarers_rehabilitation_and_compensation_levy_collection_act_1992/20260915T1449Z__native.pdf,Seafarers Rehabilitation and Compensation Levy Collection Act 1992,"No. 232, 1992",,,requests,200,raw/au/seafarers_rehabilitation_and_compensation_levy_collection_act_1992/20260915T1449Z__native.pdf.headers.json,application/pdf,8d7146363e13031e6a90d9a3e48b84cda63fdee102937a58300dd195b7672894,269207,6,,,,corpus AU_corpus_2026-09-19: from AU_ws_2026-09-15,,1992-12-24,,InForce
0.2.0,,au-srca1992-001,AU,https://www.legislation.gov.au/C2004A04524/asmade/1992-12-24/text/original/pdf,2026-09-15T14:49:45Z,pdf_native,false,raw/au/seafarers_rehabilitation_and_compensation_transitional_provisions_and_consequential_amendments_act_1992/20260915T1449Z__native.pdf,Seafarers Rehabilitation and Compensation (Transitional Provisions and Consequential Amendments) Act 1992,"No. 233, 1992",,,requests,200,raw/au/seafarers_rehabilitation_and_compensation_transitional_provisions_and_consequential_amendments_act_1992/20260915T1449Z__native.pdf.headers.json,application/pdf,80233e74f1efccdb5ad21cd32abaca2ab341433990858d275543f67248f1f22c,782270,15,,,,corpus AU_corpus_2026-09-19: from AU_ws_2026-09-15,,1992-12-24,,InForce
0.2.0,,au-srca1992b45a-001,AU,https://www.legislation.gov.au/C2004A04525/2025-02-21/2025-02-21/text/original/epub,2026-09-15T14:49:58Z,html,,raw/au/seafarers_rehabilitation_and_compensation_act_1992/20260915T1449Z__page.html,Seafarers Rehabilitation and Compensation Act 1992,"No. 234, 1992",,,requests,200,raw/au/seafarers_rehabilitation_and_compensation_act_1992/20260915T1449Z__page.html.headers.json,text/html,ed52899fb729d7a79c5473b14462fc40028c27bc4d663d9685c614ef29d17d03,692479,,,,,corpus AU_corpus_2026-09-19: from AU_ws_2026-09-15,,1992-12-24,,InForce
0.2.0,,au-sga1908-001,AU,https://www.legislation.gov.au/C1908A00024/asmade/1973-12-31/text/original/pdf,2026-09-15T12:39:18Z,pdf_native,false,raw/au/seat_of_government_act_1908/20260915T1239Z__native.pdf,Seat of Government Act 1908,"No. 24, 1908",,,requests,200,raw/au/seat_of_government_act_1908/20260915T1239Z__native.pdf.headers.json,application/pdf,483c6b7c907f11eacc536e319bf48ff28bf199ed1d8b0be5f3efb8f780dcb51d,183572,1,,,,corpus AU_corpus_2026-09-19: from AU_ws_2026-09-15; flags as_made_short_act,,1908-12-14,,InForce
0.2.0,,au-unescoa1947-001,AU,https://www.legislation.gov.au/C1947A00024/asmade/1947-06-10/text/original/pdf,2026-09-15T12:48:10Z,pdf_native,false,raw/au/united_nations_educational_scientific_and_cultural_organization_act_1947/20260915T1248Z__native.pdf,"United Nations Educational, Scientific and Cultural Organization Act 1947","No. 24, 1947",,,requests,200,raw/au/united_nations_educational_scientific_and_cultural_organization_act_1947/20260915T1248Z__native.pdf.headers.json,application/pdf,75143b2cb2d6422f5b765fd84d2da1b2a5ce4687ccb7396117b6aafe9f6d5e84,656885,8,,,,corpus AU_corpus_2026-09-19: from AU_ws_2026-09-15,,1947-06-10,,InForce
0.2.0,,au-jca1987-001,AU,https://www.legislation.gov.au/C2004A03433/2023-02-06/2023-02-06/text/original/epub,2026-09-15T14:24:06Z,html,,raw/au/jurisdiction_of_courts_cross_vesting_act_1987/20260915T1424Z__page.html,Jurisdiction of Courts (Cross-vesting) Act 1987,"No. 24, 1987",,,requests,200,raw/au/jurisdiction_of_courts_cross_vesting_act_1987/20260915T1424Z__page.html.headers.json,text/html,f615a1605c3539cfefe89bc86685e2f3ebd2f6e25ff9745e810c0969abb6abf7,160393,,,,,corpus AU_corpus_2026-09-19: from AU_ws_2026-09-15,,1987-05-26,,InForce
0.2.0,,au-cpa1998-001,AU,https://www.legislation.gov.au/C2004A05335/2020-10-01/2020-10-01/text/original/epub,2026-09-15T15:14:29Z,html,,raw/au/commonwealth_places_mirror_taxes_act_1998/20260915T1514Z__page.html,Commonwealth Places (Mirror Taxes) Act 1998,"No. 24, 1998",,,requests,200,raw/au/commonwealth_places_mirror_taxes_act_1998/20260915T1514Z__page.html.headers.json,text/html,ab82872e6320be336a55bd936783442814213273feec1eb484ce305100ec1c4b,109184,,,,,corpus AU_corpus_2026-09-19: from AU_ws_2026-09-15,,1998-04-17,,InForce
0.2.0,,au-fsra2000-001,AU,https://www.legislation.gov.au/C2004A00616/asmade/1997-06-30/text/original/pdf,2026-09-15T13:30:36Z,pdf_native,false,raw/au/financial_sector_reform_amendments_and_transitional_provisions_act_no_1_2000/20260915T1330Z__native.pdf,Financial Sector Reform (Amendments and Transitional Provisions) Act (No. 1) 2000,"No. 24, 2000",,,requests,200,raw/au/financial_sector_reform_amendments_and_transitional_provisions_act_no_1_2000/20260915T1330Z__native.pdf.headers.json,application/pdf,bc92669faae6d518e6b0a563fafbeb66096bde0de6abc2dee6f76105fbd87a74,94926,42,,,,corpus AU_corpus_2026-09-19: from AU_ws_2026-09-15,,2000-04-03,,InForce
0.2.0,,au-cbia2008-001,AU,https://www.legislation.gov.au/C2008A00024/2020-12-18/2020-12-18/text/original/epub,2026-09-15T15:29:39Z,html,,raw/au/cross_border_insolvency_act_2008/20260915T1529Z__page.html,Cross-Border Insolvency Act 2008,"No. 24, 2008",,,requests,200,raw/au/cross_border_insolvency_act_2008/20260915T1529Z__page.html.headers.json,text/html,15a581fbbb0313d49f055efffc9a5f6cb82a17c8436ef8f7f0a8ad91ea0a0d31,138648,,,,,corpus AU_corpus_2026-09-19: from AU_ws_2026-09-15,,2008-05-26,,InForce
0.2.0,,au-ma2014-001,AU,https://www.legislation.gov.au/C2014A00024/asmade/2014-04-09/text/original/pdf,2026-09-15T16:04:01Z,pdf_native,false,raw/au/marriage_celebrant_registration_charge_act_2014/20260915T1604Z__native.pdf,Marriage (Celebrant Registration Charge) Act 2014,"No. 24, 2014",,,requests,200,raw/au/marriage_celebrant_registration_charge_act_2014/20260915T1604Z__native.pdf.headers.json,application/pdf,f66ee792d7b69cec0ea7e0f6a13b178ffa6ebb146364b66d6e5496cb1815e176,295172,8,,,,corpus AU_corpus_2026-09-19: from AU_ws_2026-09-15,,2014-04-09,,InForce
0.2.0,,au-asara2020-001,AU,https://www.legislation.gov.au/C2020A00024/asmade/2020-03-24/text/original/pdf,2026-09-15T16:27:05Z,pdf_native,false,raw/au/assistance_for_severely_affected_regions_special_appropriation_coronavirus_economic_response_package_act_2020/20260915T1627Z__native.pdf,Assistance for Severely Affected Regions (Special Appropriation) (Coronavirus Economic Response Package) Act 2020,"No. 24, 2020",,,requests,200,raw/au/assistance_for_severely_affected_regions_special_appropriation_coronavirus_economic_response_package_act_2020/20260915T1627Z__native.pdf.headers.json,application/pdf,79dbcf407f8ee95c6a8f03448893ea1bb1011c5124d33b8f3d612f614a595b78,539409,11,,,,corpus AU_corpus_2026-09-19: from AU_ws_2026-09-15,,2020-03-24,,InForce
0.2.0,,au-caa2023-001,AU,https://www.legislation.gov.au/C2023A00024/2025-07-01/2025-07-01/text/original/epub,2026-09-15T16:36:13Z,html,,raw/au/creative_australia_act_2023/20260915T1636Z__page.html,Creative Australia Act 2023,"No. 24, 2023",,,requests,200,raw/au/creative_australia_act_2023/20260915T1636Z__page.html.headers.json,text/html,86fbdc789c89054d244664cca94c0388006c156b8086384d86a27457cdceaded,303264,,,,,corpus AU_corpus_2026-09-19: from AU_ws_2026-09-15,,2023-06-23,,InForce
0.2.0,,au-aa20266849-001,AU,https://www.legislation.gov.au/C2026A00024/asmade/2026-04-01/text/original/pdf,2026-09-15T16:55:53Z,pdf_native,false,raw/au/appropriation_fuel_security_response_act_no_2_2025_2026/20260915T1655Z__native.pdf,Appropriation (Fuel Security Response) Act (No. 2) 2025-2026,"No. 24, 2026",,,requests,200,raw/au/appropriation_fuel_security_response_act_no_2_2025_2026/20260915T1655Z__native.pdf.headers.json,application/pdf,11ecdd60c13539ea3aa71a85686f69f7a81b30df33e75cd83570c399996ba95b,364475,29,,,,corpus AU_corpus_2026-09-19: from AU_ws_2026-09-15,,2026-04-01,,InForce
0.2.0,,au-nrma1992-001,AU,https://www.legislation.gov.au/C2004A04533/2018-06-19/2018-06-19/text/original/epub,2026-09-15T14:50:12Z,html,,raw/au/natural_resources_management_financial_assistance_act_1992/20260915T1450Z__page.html,Natural Resources Management (Financial Assistance) Act 1992,"No. 242, 1992",,,requests,200,raw/au/natural_resources_management_financial_assistance_act_1992/20260915T1450Z__page.html.headers.json,text/html,6bd0d7e5a71308456eb77cbf5372101acf2e28ec2de69e396c3bc6bcebd8efbd,108991,,,,,corpus AU_corpus_2026-09-19: from AU_ws_2026-09-15,,1992-12-24,,InForce
0.2.0,,au-sga1910-001,AU,https://www.legislation.gov.au/C1910A00025/2017-03-22/2017-03-22/text/original/epub,2026-09-15T12:40:31Z,html,,raw/au/seat_of_government_administration_act_1910/20260915T1240Z__page.html,Seat of Government (Administration) Act 1910,"No. 25, 1910",,,requests,200,raw/au/seat_of_government_administration_act_1910/20260915T1240Z__page.html.headers.json,text/html,0fd0a64c966f5fae7f7d05593d51a598895f079e3bb444e1d236a4f73b99d7a6,162249,,,,,corpus AU_corpus_2026-09-19: from AU_ws_2026-09-15,,1910-11-25,,InForce
0.2.0,,au-lsa1919-001,AU,https://www.legislation.gov.au/C1919A00025/asmade/2014-07-01/text/original/pdf,2026-09-15T12:42:10Z,pdf_native,false,raw/au/loans_securities_act_1919/20260915T1242Z__native.pdf,Loans Securities Act 1919,"No. 25, 1919",,,requests,200,raw/au/loans_securities_act_1919/20260915T1242Z__native.pdf.headers.json,application/pdf,d1478683d2a7d0e4a80fcc905352b1c2df4284c9a7387285a1dbbb5c06562f4e,168641,2,,,,corpus AU_corpus_2026-09-19: from AU_ws_2026-09-15; flags as_made_short_act,,1919-10-28,,InForce
0.2.0,,au-adba1966-001,AU,https://www.legislation.gov.au/C1966A00025/2026-04-09/2026-04-09/text/original/epub,2026-09-15T13:01:31Z,html,,raw/au/asian_development_bank_act_1966/20260915T1301Z__page.html,Asian Development Bank Act 1966,"No. 25, 1966",,,requests,200,raw/au/asian_development_bank_act_1966/20260915T1301Z__page.html.headers.json,text/html,1acf38d630ae466d8cae7f8c8bea066097cdfc9d8bcf2d15c0579ef3546b4eaa,47447,,,,,corpus AU_corpus_2026-09-19: from AU_ws_2026-09-15,,1966-05-24,,InForce
0.2.0,,au-nia1979-001,AU,https://www.legislation.gov.au/C2004A02035/2024-12-11/2024-12-11/text/original/epub,2026-09-15T13:59:20Z,html,,raw/au/norfolk_island_act_1979/20260915T1359Z__page.html,Norfolk Island Act 1979,"No. 25, 1979",,,requests,200,raw/au/norfolk_island_act_1979/20260915T1359Z__page.html.headers.json,text/html,bbffc186a197b333029ee4d8691be524aa70d1ce075b9d868b0bd65f30565917,405344,,,,,corpus AU_corpus_2026-09-19: from AU_ws_2026-09-15,,1979-05-30,,InForce
0.2.0,,au-mabra1992-001,AU,https://www.legislation.gov.au/C2004A04316/2019-07-01/2019-07-01/text/original/epub,2026-09-15T14:44:32Z,html,,raw/au/mutual_assistance_in_business_regulation_act_1992/20260915T1444Z__page.html,Mutual Assistance in Business Regulation Act 1992,"No. 25, 1992",,,requests,200,raw/au/mutual_assistance_in_business_regulation_act_1992/20260915T1444Z__page.html.headers.json,text/html,1c9a4cc93e01a54cd1f000526087a80bd695df9b5aaa3cd8af3d9b5a79589816,98130,,,,,corpus AU_corpus_2026-09-19: from AU_ws_2026-09-15,,1992-05-12,,InForce
0.2.0,,au-cpwta1998-001,AU,https://www.legislation.gov.au/C2004A05336/asmade/1997-10-06/text/original/pdf,2026-09-15T15:14:41Z,pdf_native,false,raw/au/commonwealth_places_windfall_tax_collection_act_1998/20260915T1514Z__native.pdf,Commonwealth Places Windfall Tax (Collection) Act 1998,"No. 25, 1998",,,requests,200,raw/au/commonwealth_places_windfall_tax_collection_act_1998/20260915T1514Z__native.pdf.headers.json,application/pdf,d0b0b5ceda19205d31ef4dce54b45ee4866d15549427ff663e5f51bdda4e5151,29589,13,,,,corpus AU_corpus_2026-09-19: from AU_ws_2026-09-15,,1998-04-17,,InForce
0.2.0,,au-claa2004-001,AU,https://www.legislation.gov.au/C2004A01260/2005-08-24/2005-08-24/text/original/epub,2026-09-15T13:47:37Z,html,,raw/au/customs_legislation_amendment_application_of_international_trade_modernisation_and_other_measures_act_2004/20260915T1347Z__page.html,Customs Legislation Amendment (Application of International Trade Modernisation and Other Measures) Act 2004,"No. 25, 2004",,,requests,200,raw/au/customs_legislation_amendment_application_of_international_trade_modernisation_and_other_measures_act_2004/20260915T1347Z__page.html.headers.json,text/html,193fb8834925df5f3f7ee4cff10d69ac054c62701df1ab7f4ebdcaa4a92d600b,222213,,,,,corpus AU_corpus_2026-09-19: from AU_ws_2026-09-15,,2004-03-25,,InForce
0.2.0,,au-eosca2015-001,AU,https://www.legislation.gov.au/C2015A00025/asmade/2015-03-24/text/original/pdf,2026-09-15T16:07:20Z,pdf_native,false,raw/au/enhancing_online_safety_for_children_consequential_amendments_act_2015/20260915T1607Z__native.pdf,Enhancing Online Safety for Children (Consequential Amendments) Act 2015,"No. 25, 2015",,,requests,200,raw/au/enhancing_online_safety_for_children_consequential_amendments_act_2015/20260915T1607Z__native.pdf.headers.json,application/pdf,6059d157109b9643b805c772e77acec778ad596b2932f2fa6f32de01517d22a9,863989,22,,,,corpus AU_corpus_2026-09-19: from AU_ws_2026-09-15,,2015-03-24,,InForce
0.2.0,,au-caa20235c78-001,AU,https://www.legislation.gov.au/C2023A00025/asmade/2023-06-23/text/original/pdf,2026-09-15T16:36:26Z,pdf_native,false,raw/au/creative_australia_consequential_and_transitional_provisions_act_2023/20260915T1636Z__native.pdf,Creative Australia (Consequential and Transitional Provisions) Act 2023,"No. 25, 2023",,,requests,200,raw/au/creative_australia_consequential_and_transitional_provisions_act_2023/20260915T1636Z__native.pdf.headers.json,application/pdf,9eb8ad83109d9a67e2422d95c32f3eabe62393320edb8c3269756db4e41caa29,769413,14,,,,corpus AU_corpus_2026-09-19: from AU_ws_2026-09-15,,2023-06-23,,InForce
0.2.0,,au-dia2024-001,AU,https://www.legislation.gov.au/C2024A00025/2025-02-21/2025-02-21/text/original/epub,2026-09-15T16:41:40Z,html,,raw/au/digital_id_act_2024/20260915T1641Z__page.html,Digital ID Act 2024,"No. 25, 2024",,,requests,200,raw/au/digital_id_act_2024/20260915T1641Z__page.html.headers.json,text/html,00cbfb722e14fbe3816eca9cf41f9b148f9ba1be2776d6b5fde0ea2e1a2ed00b,764459,,,,,corpus AU_corpus_2026-09-19: from AU_ws_2026-09-15,,2024-05-30,,InForce
0.2.0,,au-eta1921-001,AU,https://www.legislation.gov.au/C1921A00026/2026-07-01/2026-07-01/text/original/epub,2026-09-15T12:42:58Z,html,,raw/au/excise_tariff_act_1921/20260915T1242Z__page.html,Excise Tariff Act 1921,"No. 26, 1921",,,requests,200,raw/au/excise_tariff_act_1921/20260915T1242Z__page.html.headers.json,text/html,0c674445b8c4dcac58df71195865853f466c3e467abc4be229eee71bbba7df3f,618824,,,,,corpus AU_corpus_2026-09-19: from AU_ws_2026-09-15,,1921-12-16,,InForce
0.2.0,,au-poa1971-001,AU,https://www.legislation.gov.au/C1971A00026/2018-05-11/2018-05-11/text/original/epub,2026-09-15T13:06:11Z,html,,raw/au/public_order_protection_of_persons_and_property_act_1971/20260915T1306Z__page.html,Public Order (Protection of Persons and Property) Act 1971,"No. 26, 1971",,,requests,200,raw/au/public_order_protection_of_persons_and_property_act_1971/20260915T1306Z__page.html.headers.json,text/html,0e1b1617852bea038eab8bcdfad5f59eae18095d0e7d2a32b7adf472cab839e4,202324,,,,,corpus AU_corpus_2026-09-19: from AU_ws_2026-09-15,,1971-05-13,,InForce
0.2.0,,au-ca1989-001,AU,https://www.legislation.gov.au/C2004A03774/2016-03-10/2016-03-10/text/original/epub,2026-09-15T14:31:34Z,html,,raw/au/crimes_hostages_act_1989/20260915T1431Z__page.html,Crimes (Hostages) Act 1989,"No. 26, 1989",,,requests,200,raw/au/crimes_hostages_act_1989/20260915T1431Z__page.html.headers.json,text/html,4c6fd543ccd568faa70ee1f7d7b562961c569a1e82f6e2272d4a1a483673ffa0,103139,,,,,corpus AU_corpus_2026-09-19: from AU_ws_2026-09-15,,1989-05-15,,InForce
0.2.0,,au-cwa1994-001,AU,https://www.legislation.gov.au/C2004A04702/2024-10-14/2024-10-14/text/original/epub,2026-09-15T14:53:34Z,html,,raw/au/chemical_weapons_prohibition_act_1994/20260915T1453Z__page.html,Chemical Weapons (Prohibition) Act 1994,"No. 26, 1994",,,requests,200,raw/au/chemical_weapons_prohibition_act_1994/20260915T1453Z__page.html.headers.json,text/html,b33b8e3468fb196c18585141141bd600d6f6ffb8d139c10fe4e61941421ba6a7,1132331,,,,,corpus AU_corpus_2026-09-19: from AU_ws_2026-09-15,,1994-02-25,,InForce
0.2.0,,au-mca1997-001,AU,https://www.legislation.gov.au/C2004A05125/2015-12-10/2015-12-10/text/original/epub,2026-09-15T15:05:14Z,html,,raw/au/migration_visa_application_charge_act_1997/20260915T1505Z__page.html,Migration (Visa Application) Charge Act 1997,"No. 26, 1997",,,requests,200,raw/au/migration_visa_application_charge_act_1997/20260915T1505Z__page.html.headers.json,text/html,e1c498aca56c2c2410332706b66197b8a66998fc05854641cc18ac661b2b1d1f,46807,,,,,corpus AU_corpus_2026-09-19: from AU_ws_2026-09-15,,1997-04-10,,InForce
0.2.0,,au-cpwta19983ecd-001,AU,https://www.legislation.gov.au/C2004A05337/asmade/1997-10-06/text/original/pdf,2026-09-15T15:14:52Z,pdf_native,false,raw/au/commonwealth_places_windfall_tax_imposition_act_1998/20260915T1514Z__native.pdf,Commonwealth Places Windfall Tax (Imposition) Act 1998,"No. 26, 1998",,,requests,200,raw/au/commonwealth_places_windfall_tax_imposition_act_1998/20260915T1514Z__native.pdf.headers.json,application/pdf,57993d7350bf9e1dc34fb3ef21c20fe266dd7bd91cb25a178a96e42f5202fdea,20503,8,,,,corpus AU_corpus_2026-09-19: from AU_ws_2026-09-15,,1998-04-17,,InForce
0.2.0,,au-aca2006-001,AU,https://www.legislation.gov.au/C2006A00026/2025-11-01/2025-11-01/text/original/epub,2026-09-15T15:18:57Z,html,,raw/au/aged_care_accommodation_payment_security_act_2006/20260915T1518Z__page.html,Aged Care (Accommodation Payment Security) Act 2006,"No. 26, 2006",,,requests,200,raw/au/aged_care_accommodation_payment_security_act_2006/20260915T1518Z__page.html.headers.json,text/html,205b5a4c5439809527923a7d70c31c4336e66987ec13c91940955a35dbf1a713,157310,,,,,corpus AU_corpus_2026-09-19: from AU_ws_2026-09-15,,2006-04-06,,InForce
0.2.0,,au-fta2025-001,AU,https://www.legislation.gov.au/C2025A00026/asmade/2025-03-27/text/original/pdf,2026-09-15T16:50:15Z,pdf_native,false,raw/au/free_tafe_act_2025/20260915T1650Z__native.pdf,Free TAFE Act 2025,"No. 26, 2025",,,requests,200,raw/au/free_tafe_act_2025/20260915T1650Z__native.pdf.headers.json,application/pdf,935ba5221226fd6991ce5da5096cf42bac65f6ea54ea42764c338479d55b336e,240149,14,,,,corpus AU_corpus_2026-09-19: from AU_ws_2026-09-15,,2025-03-27,,InForce
0.2.0,,au-uaa2026-001,AU,https://www.legislation.gov.au/C2026A00026/asmade/2026-04-01/text/original/pdf,2026-09-15T16:56:05Z,pdf_native,false,raw/au/universities_accord_australian_tertiary_education_commission_consequential_and_transitional_provisions_act_2026/20260915T1656Z__native.pdf,Universities Accord (Australian Tertiary Education Commission) (Consequential and Transitional Provisions) Act 2026,"No. 26, 2026",,,requests,200,raw/au/universities_accord_australian_tertiary_education_commission_consequential_and_transitional_provisions_act_2026/20260915T1656Z__native.pdf.headers.json,application/pdf,ea5109733b7d2c3607692a375e86d3eaaac92ef70a7463bded4717a802dc2651,286973,12,,,,corpus AU_corpus_2026-09-19: from AU_ws_2026-09-15,,2026-04-01,,InForce
0.2.0,,au-avca1992-001,AU,https://www.legislation.gov.au/C2004A04553/2024-10-14/2024-10-14/text/original/epub,2026-09-15T14:50:22Z,html,,raw/au/agricultural_and_veterinary_chemicals_administration_act_1992/20260915T1450Z__page.html,Agricultural and Veterinary Chemicals (Administration) Act 1992,"No. 262, 1992",,,requests,200,raw/au/agricultural_and_veterinary_chemicals_administration_act_1992/20260915T1450Z__page.html.headers.json,text/html,95603003c75d11255124977e68e62b78fcb4dbae112ed77f2a2ff30dcccbf076,755265,,,,,corpus AU_corpus_2026-09-19: from AU_ws_2026-09-15,,1992-12-24,,InForce
0.2.0,,au-bea1909-001,AU,https://www.legislation.gov.au/C1909A00027/asmade/2011-12-27/text/original/pdf,2026-09-15T12:40:00Z,pdf_native,false,raw/au/bills_of_exchange_act_1909/20260915T1240Z__native.pdf,Bills of Exchange Act 1909,"No. 27, 1909",,,requests,200,raw/au/bills_of_exchange_act_1909/20260915T1240Z__native.pdf.headers.json,application/pdf,0044501c2f10a1937b8d3916a1bb3bb579475e06b86452e0aa4ad2047204e99a,3140346,32,,,,corpus AU_corpus_2026-09-19: from AU_ws_2026-09-15,,1909-12-13,,InForce
0.2.0,,au-cea1918-001,AU,https://www.legislation.gov.au/C1918A00027/2026-07-01/2026-07-01/text/original/epub,2026-09-15T12:41:30Z,html,,raw/au/commonwealth_electoral_act_1918/20260915T1241Z__page.html,Commonwealth Electoral Act 1918,"No. 27, 1918",,,requests,200,raw/au/commonwealth_electoral_act_1918/20260915T1241Z__page.html.headers.json,text/html,42f13f2cd411eab5f13a2cb96dda3a8c5361b2fe4d4c2b92112190ac6e35bee4,4353469,,,,,corpus AU_corpus_2026-09-19: from AU_ws_2026-09-15,,1918-11-21,,InForce
0.2.0,,au-itaa1936-001,AU,https://www.legislation.gov.au/C1936A00027/2026-07-01/2026-07-01/text/original/epub,2026-09-15T12:45:28Z,html,,raw/au/income_tax_assessment_act_1936/20260915T1245Z__page.html,Income Tax Assessment Act 1936,"No. 27, 1936",,,requests,200,raw/au/income_tax_assessment_act_1936/20260915T1245Z__page.html.headers.json,text/html,1f92282c71c9f959f84e13da38d87656650df02b1ed15021a45dddfc53f8d426,11727260,,,,,corpus AU_corpus_2026-09-19: from AU_ws_2026-09-15,,1936-06-02,,InForce
0.2.0,,au-gca1949-001,AU,https://www.legislation.gov.au/C1949A00027/asmade/1949-07-12/text/original/pdf,2026-09-15T12:49:39Z,pdf_native,false,raw/au/genocide_convention_act_1949/20260915T1249Z__native.pdf,Genocide Convention Act 1949,"No. 27, 1949",,,requests,200,raw/au/genocide_convention_act_1949/20260915T1249Z__native.pdf.headers.json,application/pdf,d72517e1a99c1de6e0224c01a91b87a7a3f9e90228929c44d185cb61c71ab5b6,273715,3,,,,corpus AU_corpus_2026-09-19: from AU_ws_2026-09-15; flags as_made_short_act,,1949-07-12,,InForce
0.2.0,,au-ita1974-001,AU,https://www.legislation.gov.au/C2004A00086/asmade/2007-09-24/text/original/pdf,2026-09-15T13:14:05Z,pdf_native,false,raw/au/income_tax_dividends_interest_and_royalties_withholding_tax_act_1974/20260915T1314Z__native.pdf,"Income Tax (Dividends, Interest and Royalties Withholding Tax) Act 1974","No. 27, 1974",,,requests,200,raw/au/income_tax_dividends_interest_and_royalties_withholding_tax_act_1974/20260915T1314Z__native.pdf.headers.json,application/pdf,04a88abe359f6369deca404e88fe6750ead58ba8d11dbf51be75ba410863dd74,63295,2,,,,corpus AU_corpus_2026-09-19: from AU_ws_2026-09-15; flags as_made_short_act,,1974-08-01,,InForce
0.2.0,,au-vea1986-001,AU,https://www.legislation.gov.au/C2004A03268/2026-07-01/2026-07-01/text/original/epub,2026-09-15T14:19:07Z,html,,raw/au/veterans_entitlements_act_1986/20260915T1419Z__page.html,Veterans' Entitlements Act 1986,"No. 27, 1986",,,requests,200,raw/au/veterans_entitlements_act_1986/20260915T1419Z__page.html.headers.json,text/html,afd802c270891f8b78d96a366ba7ebf78cadd42c70e7f672117c570601173e2a,8280328,,,,,corpus AU_corpus_2026-09-19: from AU_ws_2026-09-15,,1986-05-19,,InForce
0.2.0,,au-oipa1987-001,AU,https://www.legislation.gov.au/C2004A03436/2023-11-18/2023-11-18/text/original/epub,2026-09-15T14:24:19Z,html,,raw/au/olympic_insignia_protection_act_1987/20260915T1424Z__page.html,Olympic Insignia Protection Act 1987,"No. 27, 1987",,,requests,200,raw/au/olympic_insignia_protection_act_1987/20260915T1424Z__page.html.headers.json,text/html,4f55100bec51eba2f72297e9ee1d880553da6cc5498a2b1637708ec4dc4c8649,364883,,,,,corpus AU_corpus_2026-09-19: from AU_ws_2026-09-15,,1987-05-26,,InForce
0.2.0,,au-acla2006-001,AU,https://www.legislation.gov.au/C2006A00027/2025-11-01/2025-11-01/text/original/epub,2026-09-15T15:19:07Z,html,,raw/au/aged_care_accommodation_payment_security_levy_act_2006/20260915T1519Z__page.html,Aged Care (Accommodation Payment Security) Levy Act 2006,"No. 27, 2006",,,requests,200,raw/au/aged_care_accommodation_payment_security_levy_act_2006/20260915T1519Z__page.html.headers.json,text/html,3f5c90b0677f33b3ea2951041d9411924ba447681807a0e6dc15ae9c32bd894e,50040,,,,,corpus AU_corpus_2026-09-19: from AU_ws_2026-09-15,,2006-04-06,,InForce
0.2.0,,au-dhoasa2008-001,AU,https://www.legislation.gov.au/C2008A00027/2024-10-14/2024-10-14/text/original/epub,2026-09-15T15:29:50Z,html,,raw/au/defence_home_ownership_assistance_scheme_act_2008/20260915T1529Z__page.html,Defence Home Ownership Assistance Scheme Act 2008,"No. 27, 2008",,,requests,200,raw/au/defence_home_ownership_assistance_scheme_act_2008/20260915T1529Z__page.html.headers.json,text/html,a69dd2c66b395a29ef1b61b26f6b892a41a3d3b4ac4c272ba03a7f5bee4a33ee,400798,,,,,corpus AU_corpus_2026-09-19: from AU_ws_2026-09-15,,2008-06-23,,InForce
0.2.0,,au-arcla2015-001,AU,https://www.legislation.gov.au/C2015A00027/2017-09-20/2017-09-20/text/original/epub,2026-09-15T16:07:30Z,html,,raw/au/australian_river_co_limited_act_2015/20260915T1607Z__page.html,Australian River Co. Limited Act 2015,"No. 27, 2015",,,requests,200,raw/au/australian_river_co_limited_act_2015/20260915T1607Z__page.html.headers.json,text/html,35c972b586a13c7c5e52673b72873f050c5455fdc97c9e6ea43709f718a3d539,67319,,,,,corpus AU_corpus_2026-09-19: from AU_ws_2026-09-15,,2015-04-01,,InForce
0.2.0,,au-sfsa2020-001,AU,https://www.legislation.gov.au/C2020A00027/asmade/2020-03-24/text/original/pdf,2026-09-15T16:27:17Z,pdf_native,false,raw/au/structured_finance_support_coronavirus_economic_response_package_act_2020/20260915T1627Z__native.pdf,Structured Finance Support (Coronavirus Economic Response Package) Act 2020,"No. 27, 2020",,,requests,200,raw/au/structured_finance_support_coronavirus_economic_response_package_act_2020/20260915T1627Z__native.pdf.headers.json,application/pdf,dd3980daaebf3454dc782af68734ab28d4afd287fd2832a17eaa60375f8d795f,576421,15,,,,corpus AU_corpus_2026-09-19: from AU_ws_2026-09-15,,2020-03-24,,InForce
0.2.0,,au-icema2021-001,AU,https://www.legislation.gov.au/C2021A00027/2024-10-14/2024-10-14/text/original/epub,2026-09-15T16:31:14Z,html,,raw/au/industrial_chemicals_environmental_management_register_act_2021/20260915T1631Z__page.html,Industrial Chemicals Environmental Management (Register) Act 2021,"No. 27, 2021",,,requests,200,raw/au/industrial_chemicals_environmental_management_register_act_2021/20260915T1631Z__page.html.headers.json,text/html,184b6e5f261b113ea8f41085519ab6b2b1b50859a7a166d93d13b38751db8a87,251928,,,,,corpus AU_corpus_2026-09-19: from AU_ws_2026-09-15,,2021-03-26,,InForce
0.2.0,,au-dvsca2026-001,AU,https://www.legislation.gov.au/C2026A00027/asmade/2026-04-01/text/original/pdf,2026-09-15T16:56:19Z,pdf_native,false,raw/au/defence_and_veterans_service_commissioner_act_2026/20260915T1656Z__native.pdf,Defence and Veterans’ Service Commissioner Act 2026,"No. 27, 2026",,,requests,200,raw/au/defence_and_veterans_service_commissioner_act_2026/20260915T1656Z__native.pdf.headers.json,application/pdf,53812fbad2ec5fe222cccc785f3492dd8470745b5bfbbd7039c69acdadd6cf03,518939,105,,,,corpus AU_corpus_2026-09-19: from AU_ws_2026-09-15,,2026-04-01,,InForce
0.2.0,,au-cnwa1918-001,AU,https://www.legislation.gov.au/C1918A00028/2016-10-21/2016-10-21/text/original/epub,2026-09-15T12:41:44Z,html,,raw/au/control_of_naval_waters_act_1918/20260915T1241Z__page.html,Control of Naval Waters Act 1918,"No. 28, 1918",,,requests,200,raw/au/control_of_naval_waters_act_1918/20260915T1241Z__page.html.headers.json,text/html,dcb4c530f19a65c229bf0799543b6e732e5ae9008f32b2754514c970506116c5,78770,,,,,corpus AU_corpus_2026-09-19: from AU_ws_2026-09-15,,1918-11-27,,InForce
0.2.0,,au-sgaa1922-001,AU,https://www.legislation.gov.au/C1922A00028/asmade/1922-10-18/text/original/pdf,2026-09-15T12:43:12Z,pdf_native,false,raw/au/seat_of_government_acceptance_act_1922/20260915T1243Z__native.pdf,Seat of Government Acceptance Act 1922,"No. 28, 1922",,,requests,200,raw/au/seat_of_government_acceptance_act_1922/20260915T1243Z__native.pdf.headers.json,application/pdf,acdfece9b0c39ca7794c48ea16fc04cf742d77ba9db2014eb9d9cb2ad019df21,412309,4,,,,corpus AU_corpus_2026-09-19: from AU_ws_2026-09-15; flags as_made_short_act,,1922-10-18,,InForce
0.2.0,,au-cia1975-001,AU,https://www.legislation.gov.au/C2004A00250/asmade/2008-07-04/text/original/pdf,2026-09-15T13:16:47Z,pdf_native,false,raw/au/common_informers_parliamentary_disqualifications_act_1975/20260915T1316Z__native.pdf,Common Informers (Parliamentary Disqualifications) Act 1975,"No. 28, 1975",,,requests,200,raw/au/common_informers_parliamentary_disqualifications_act_1975/20260915T1316Z__native.pdf.headers.json,application/pdf,db1749cc772f02a76d641bc5ba42b208b47cdd5e83eff3c9fe494246b6f41de7,56248,2,,,,corpus AU_corpus_2026-09-19: from AU_ws_2026-09-15; flags as_made_short_act,,1975-04-23,,InForce
0.2.0,,au-epa1978-001,AU,https://www.legislation.gov.au/C2004A01827/2016-10-21/2016-10-21/text/original/epub,2026-09-15T13:57:01Z,html,,raw/au/environment_protection_alligator_rivers_region_act_1978/20260915T1357Z__page.html,Environment Protection (Alligator Rivers Region) Act 1978,"No. 28, 1978",,,requests,200,raw/au/environment_protection_alligator_rivers_region_act_1978/20260915T1357Z__page.html.headers.json,text/html,94f2165c3de74d8978985f21d58a84c8c0e1b8217242313b1581b0c344ab2a77,183242,,,,,corpus AU_corpus_2026-09-19: from AU_ws_2026-09-15,,1978-06-09,,InForce
0.2.0,,au-ita1979-001,AU,https://www.legislation.gov.au/C2004A02038/asmade/1994-11-28/text/original/pdf,2026-09-15T13:59:35Z,pdf_native,false,raw/au/income_tax_mining_withholding_tax_act_1979/20260915T1359Z__native.pdf,Income Tax (Mining Withholding Tax) Act 1979,"No. 28, 1979",,,requests,200,raw/au/income_tax_mining_withholding_tax_act_1979/20260915T1359Z__native.pdf.headers.json,application/pdf,11645c97c79ab315ffa23f8288bfa8f1050c2737c6fc0a8a277cf0499c578c13,48830,1,,,,corpus AU_corpus_2026-09-19: from AU_ws_2026-09-15; flags as_made_short_act,,1979-06-04,,InForce
0.2.0,,au-vea1986db2f-001,AU,https://www.legislation.gov.au/C2004A03269/1997-07-01/1997-07-01/text/original/epub,2026-09-15T14:19:19Z,html,,raw/au/veterans_entitlements_transitional_provisions_and_consequential_amendments_act_1986/20260915T1419Z__page.html,Veterans' Entitlements (Transitional Provisions and Consequential Amendments) Act 1986,"No. 28, 1986",,,requests,200,raw/au/veterans_entitlements_transitional_provisions_and_consequential_amendments_act_1986/20260915T1419Z__page.html.headers.json,text/html,bc0eb39387832a4cd679c43b72538033cfecaab66cfc8c7536cfdac54d29ac70,491893,,,,,corpus AU_corpus_2026-09-19: from AU_ws_2026-09-15,,1986-05-19,,InForce
0.2.0,,au-cla1989-001,AU,https://www.legislation.gov.au/C2004A03776/asmade/2012-09-22/text/original/pdf,2026-09-15T14:31:48Z,pdf_native,false,raw/au/circuit_layouts_act_1989/20260915T1431Z__native.pdf,Circuit Layouts Act 1989,"No. 28, 1989",,,requests,200,raw/au/circuit_layouts_act_1989/20260915T1431Z__native.pdf.headers.json,application/pdf,43b446af62227e980f26df12b8b464639a41a21db10f50e2f6f4b324bb36c199,995928,18,,,,corpus AU_corpus_2026-09-19: from AU_ws_2026-09-15,,1989-05-22,,InForce
0.2.0,,au-oma1994-001,AU,https://www.legislation.gov.au/C2004A04704/2024-10-14/2024-10-14/text/original/epub,2026-09-15T14:53:48Z,html,,raw/au/offshore_minerals_act_1994/20260915T1453Z__page.html,Offshore Minerals Act 1994,"No. 28, 1994",,,requests,200,raw/au/offshore_minerals_act_1994/20260915T1453Z__page.html.headers.json,text/html,7ed56baee727400e7ae9d6ffb70680d16109ccb75800998666f0c88b3ad53fd6,1384473,,,,,corpus AU_corpus_2026-09-19: from AU_ws_2026-09-15,,1994-02-25,,InForce
0.2.0,,au-igta2003-001,AU,https://www.legislation.gov.au/C2004A01106/2025-12-05/2025-12-05/text/original/epub,2026-09-15T13:42:54Z,html,,raw/au/inspector_general_of_taxation_act_2003/20260915T1342Z__page.html,Inspector-General of Taxation Act 2003,"No. 28, 2003",,,requests,200,raw/au/inspector_general_of_taxation_act_2003/20260915T1342Z__page.html.headers.json,text/html,09fc332fe79c9b3d10b39c47943a15c36eb0974e521c11646ed29f11f81eddc6,184662,,,,,corpus AU_corpus_2026-09-19: from AU_ws_2026-09-15,,2003-04-15,,InForce
0.2.0,,au-fwa2009936e-001,AU,https://www.legislation.gov.au/C2009A00028/2026-07-07/2026-07-07/text/original/epub,2026-09-15T15:34:28Z,html,,raw/au/fair_work_act_2009/20260915T1534Z__page.html,Fair Work Act 2009,"No. 28, 2009",,,requests,200,raw/au/fair_work_act_2009/20260915T1534Z__page.html.headers.json,text/html,1d6ded535cd1203c70057c4556e0ec038191ffb030284d28629914b0f5ab03ca,7405417,,,,,corpus AU_corpus_2026-09-19: from AU_ws_2026-09-15,,2009-04-07,,InForce
0.2.0,,au-abgfa2020-001,AU,https://www.legislation.gov.au/C2020A00028/asmade/2020-03-24/text/original/pdf,2026-09-15T16:27:28Z,pdf_native,false,raw/au/australian_business_growth_fund_coronavirus_economic_response_package_act_2020/20260915T1627Z__native.pdf,Australian Business Growth Fund (Coronavirus Economic Response Package) Act 2020,"No. 28, 2020",,,requests,200,raw/au/australian_business_growth_fund_coronavirus_economic_response_package_act_2020/20260915T1627Z__native.pdf.headers.json,application/pdf,c677f2acd3c6c15943398671481ec3984c79d91a70006d883ff5baef82dc0e71,576603,15,,,,corpus AU_corpus_2026-09-19: from AU_ws_2026-09-15,,2020-03-24,,InForce
0.2.0,,au-icemca2021-001,AU,https://www.legislation.gov.au/C2021A00028/asmade/2021-03-26/text/original/pdf,2026-09-15T16:31:30Z,pdf_native,false,raw/au/industrial_chemicals_environmental_management_register_charge_customs_act_2021/20260915T1631Z__native.pdf,Industrial Chemicals Environmental Management (Register) Charge (Customs) Act 2021,"No. 28, 2021",,,requests,200,raw/au/industrial_chemicals_environmental_management_register_charge_customs_act_2021/20260915T1631Z__native.pdf.headers.json,application/pdf,93c9910dc82b0783345d996a583520e8a492f803806d6b41e2319364ca8328b1,525030,9,,,,corpus AU_corpus_2026-09-19: from AU_ws_2026-09-15,,2021-03-26,,InForce
0.2.0,,au-dvsca20262ae9-001,AU,https://www.legislation.gov.au/C2026A00028/asmade/2026-04-01/text/original/pdf,2026-09-15T16:56:31Z,pdf_native,false,raw/au/defence_and_veterans_service_commissioner_consequential_and_transitional_provisions_act_2026/20260915T1656Z__native.pdf,Defence and Veterans’ Service Commissioner (Consequential and Transitional Provisions) Act 2026,"No. 28, 2026",,,requests,200,raw/au/defence_and_veterans_service_commissioner_consequential_and_transitional_provisions_act_2026/20260915T1656Z__native.pdf.headers.json,application/pdf,d93e029fdfe5be0a698c12d543cbecf00e7ea1dfd319e7a4242af02cd8904416,293567,20,,,,corpus AU_corpus_2026-09-19: from AU_ws_2026-09-15,,2026-04-01,,InForce
0.2.0,,au-qala1980-001,AU,https://www.legislation.gov.au/C2004A02230/asmade/1980-05-08/text/original/pdf,2026-09-15T14:01:17Z,pdf_native,false,raw/au/qantas_airways_limited_loan_guarantee_act_1980/20260915T1401Z__native.pdf,Qantas Airways Limited (Loan Guarantee) Act 1980,"No. 29, 1980",,,requests,200,raw/au/qantas_airways_limited_loan_guarantee_act_1980/20260915T1401Z__native.pdf.headers.json,application/pdf,514c89995e084a6d4d9fa52e55e059f767f6b774136b05192b26393bc9413e03,671743,7,,,,corpus AU_corpus_2026-09-19: from AU_ws_2026-09-15,,1980-05-08,,InForce
0.2.0,,au-aaca2000-001,AU,https://www.legislation.gov.au/C2004A00621/2024-10-14/2024-10-14/text/original/epub,2026-09-15T13:30:47Z,html,,raw/au/adelaide_airport_curfew_act_2000/20260915T1330Z__page.html,Adelaide Airport Curfew Act 2000,"No. 29, 2000",,,requests,200,raw/au/adelaide_airport_curfew_act_2000/20260915T1330Z__page.html.headers.json,text/html,37144a951a3a9f1bd6accea3b77a66c34a0d2258bf01c2fa2f3c761f88517f3a,120868,,,,,corpus AU_corpus_2026-09-19: from AU_ws_2026-09-15,,2000-04-19,,InForce
0.2.0,,au-nbaa2003-001,AU,https://www.legislation.gov.au/C2004A01114/2016-07-01/2016-07-01/text/original/epub,2026-09-15T13:43:18Z,html,,raw/au/national_blood_authority_act_2003/20260915T1343Z__page.html,National Blood Authority Act 2003,"No. 29, 2003",,,requests,200,raw/au/national_blood_authority_act_2003/20260915T1343Z__page.html.headers.json,text/html,aa7047356e05ce65501dd3c09fecfe19b1404ad642a4b80edfd04db56763352b,162394,,,,,corpus AU_corpus_2026-09-19: from AU_ws_2026-09-15,,2003-04-15,,InForce
0.2.0,,au-ctva2009-001,AU,https://www.legislation.gov.au/C2009A00029/asmade/2009-05-13/text/original/pdf,2026-09-15T15:34:39Z,pdf_native,false,raw/au/customs_tariff_validation_act_2009/20260915T1534Z__native.pdf,Customs Tariff Validation Act 2009,"No. 29, 2009",,,requests,200,raw/au/customs_tariff_validation_act_2009/20260915T1534Z__native.pdf.headers.json,application/pdf,16d377a0c06a950421b4b7fee24d452de2f909a5b052c9013bc0682ab7150d96,26524,6,,,,corpus AU_corpus_2026-09-19: from AU_ws_2026-09-15,,2009-05-13,,InForce
0.2.0,,au-nrwma2012-001,AU,https://www.legislation.gov.au/C2012A00029/2025-11-08/2025-11-08/text/original/epub,2026-09-15T15:50:37Z,html,,raw/au/national_radioactive_waste_management_act_2012/20260915T1550Z__page.html,National Radioactive Waste Management Act 2012,"No. 29, 2012",,,requests,200,raw/au/national_radioactive_waste_management_act_2012/20260915T1550Z__page.html.headers.json,text/html,c5e2af7ea49d72a5be65027621686c407563864bd083ee4a0c456acfef2192c7,219128,,,,,corpus AU_corpus_2026-09-19: from AU_ws_2026-09-15,,2012-04-04,,InForce
0.2.0,,au-msepa2014-001,AU,https://www.legislation.gov.au/C2014A00029/2024-10-14/2024-10-14/text/original/epub,2026-09-15T16:04:15Z,html,,raw/au/major_sporting_events_indicia_and_images_protection_act_2014/20260915T1604Z__page.html,Major Sporting Events (Indicia and Images) Protection Act 2014,"No. 29, 2014",,,requests,200,raw/au/major_sporting_events_indicia_and_images_protection_act_2014/20260915T1604Z__page.html.headers.json,text/html,a3766a932518080a3c14fba536d98d678fb03388b3e3835520ff8710db295a52,261592,,,,,corpus AU_corpus_2026-09-19: from AU_ws_2026-09-15,,2014-05-27,,InForce
0.2.0,,au-scia2018-001,AU,https://www.legislation.gov.au/C2018A00029/2026-06-04/2026-06-04/text/original/epub,2026-09-15T12:33:29Z,html,,raw/au/security_of_critical_infrastructure_act_2018/20260915T1233Z__page.html,Security of Critical Infrastructure Act 2018,"No. 29, 2018",P7,P7-I2,requests,200,raw/au/security_of_critical_infrastructure_act_2018/20260915T1233Z__page.html.headers.json,text/html,36abc661c3993b407ff0ea51cd5a95863ec83562ab9e653cda09e8942130681e,1263874,,,,critical infrastructure,corpus AU_corpus_2026-09-19: from AU_ws_2026-09-15,,2018-04-11,,InForce
0.2.0,,au-glsmea2020-001,AU,https://www.legislation.gov.au/C2020A00029/2020-04-09/2020-04-09/text/original/epub,2026-09-15T16:27:40Z,html,,raw/au/guarantee_of_lending_to_small_and_medium_enterprises_coronavirus_economic_response_package_act_2020/20260915T1627Z__page.html,Guarantee of Lending to Small and Medium Enterprises (Coronavirus Economic Response Package) Act 2020,"No. 29, 2020",,,requests,200,raw/au/guarantee_of_lending_to_small_and_medium_enterprises_coronavirus_economic_response_package_act_2020/20260915T1627Z__page.html.headers.json,text/html,d1bbf8d660921125ade89a0dcd309629605320b19ed78a1c77ea93a92fd19ea6,42004,,,,,corpus AU_corpus_2026-09-19: from AU_ws_2026-09-15,,2020-03-24,,InForce
0.2.0,,au-icemca2021425c-001,AU,https://www.legislation.gov.au/C2021A00029/asmade/2021-03-26/text/original/pdf,2026-09-15T16:31:43Z,pdf_native,false,raw/au/industrial_chemicals_environmental_management_register_charge_excise_act_2021/20260915T1631Z__native.pdf,Industrial Chemicals Environmental Management (Register) Charge (Excise) Act 2021,"No. 29, 2021",,,requests,200,raw/au/industrial_chemicals_environmental_management_register_charge_excise_act_2021/20260915T1631Z__native.pdf.headers.json,application/pdf,441344d13e6015da4e596528de3b4e410a1e1a0ec8c7bbd0eda28bf56ddcfe40,526437,9,,,,corpus AU_corpus_2026-09-19: from AU_ws_2026-09-15,,2021-03-26,,InForce
0.2.0,,au-ia1971-001,AU,https://www.legislation.gov.au/C1971A00003/2021-04-19/2021-04-19/text/original/epub,2026-09-15T13:05:46Z,html,,raw/au/immigration_education_act_1971/20260915T1305Z__page.html,Immigration (Education) Act 1971,"No. 3, 1971",,,requests,200,raw/au/immigration_education_act_1971/20260915T1305Z__page.html.headers.json,text/html,13a0768b63226698ad942133db8705a67fd81cae26c5b8393b19c3ef8ecd8a32,102836,,,,,corpus AU_corpus_2026-09-19: from AU_ws_2026-09-15,,1971-03-12,,InForce
0.2.0,,au-fia1982-001,AU,https://www.legislation.gov.au/C2004A02562/2026-01-01/2026-01-01/text/original/epub,2026-09-15T14:08:46Z,html,,raw/au/freedom_of_information_act_1982/20260915T1408Z__page.html,Freedom of Information Act 1982,"No. 3, 1982",,,requests,200,raw/au/freedom_of_information_act_1982/20260915T1408Z__page.html.headers.json,text/html,5021d8bb509483021bb56998e028be749a13ba3354d322ab2cde2e636bf87da3,1330516,,,,,corpus AU_corpus_2026-09-19: from AU_ws_2026-09-15,,1982-03-09,,InForce
0.2.0,,au-fpa1984-001,AU,https://www.legislation.gov.au/C2004A02867/2016-10-21/2016-10-21/text/original/epub,2026-09-15T14:12:23Z,html,,raw/au/foreign_proceedings_excess_of_jurisdiction_act_1984/20260915T1412Z__page.html,Foreign Proceedings (Excess of Jurisdiction) Act 1984,"No. 3, 1984",,,requests,200,raw/au/foreign_proceedings_excess_of_jurisdiction_act_1984/20260915T1412Z__page.html.headers.json,text/html,afe0d416a8f85fcb32055719e4636fb8d4fbfb8de228626137fe03e9d8d2c000,153944,,,,,corpus AU_corpus_2026-09-19: from AU_ws_2026-09-15,,1984-03-21,,InForce
0.2.0,,au-trta1985-001,AU,https://www.legislation.gov.au/C2004A03042/asmade/2014-06-25/text/original/pdf,2026-09-15T14:15:46Z,pdf_native,false,raw/au/trust_recoupment_tax_act_1985/20260915T1415Z__native.pdf,Trust Recoupment Tax Act 1985,"No. 3, 1985",,,requests,200,raw/au/trust_recoupment_tax_act_1985/20260915T1415Z__native.pdf.headers.json,application/pdf,efe06d63471ed2b3701ccdceaa4e1ac0990723284d8a96fb4947d61deeb0414f,146439,2,,,,corpus AU_corpus_2026-09-19: from AU_ws_2026-09-15; flags as_made_short_act,,1985-03-29,,InForce
0.2.0,,au-anstoa1987-001,AU,https://www.legislation.gov.au/C2004A03412/2017-09-19/2017-09-19/text/original/epub,2026-09-15T14:23:17Z,html,,raw/au/australian_nuclear_science_and_technology_organisation_act_1987/20260915T1423Z__page.html,Australian Nuclear Science and Technology Organisation Act 1987,"No. 3, 1987",,,requests,200,raw/au/australian_nuclear_science_and_technology_organisation_act_1987/20260915T1423Z__page.html.headers.json,text/html,9a39914c29b87aad424fa1734d527eadeed03af8a20650ab99e7f6be8cd8c023,232240,,,,,corpus AU_corpus_2026-09-19: from AU_ws_2026-09-15,,1987-03-13,,InForce
0.2.0,,au-csa1988-001,AU,https://www.legislation.gov.au/C2004A03596/2026-07-01/2026-07-01/text/original/epub,2026-09-15T14:26:51Z,html,,raw/au/child_support_registration_and_collection_act_1988/20260915T1426Z__page.html,Child Support (Registration and Collection) Act 1988,"No. 3, 1988",,,requests,200,raw/au/child_support_registration_and_collection_act_1988/20260915T1426Z__page.html.headers.json,text/html,95b281fe278f5957a011d1cef86bbd7e394fc2f9e192db015ca479b2753079c7,1422351,,,,,corpus AU_corpus_2026-09-19: from AU_ws_2026-09-15,,1988-03-09,,InForce
0.2.0,,au-ntsga2005-001,AU,https://www.legislation.gov.au/C2005A00003/asmade/2005-02-18/text/original/pdf,2026-09-15T15:15:27Z,pdf_native,false,raw/au/a_new_tax_system_goods_and_services_tax_imposition_recipients_general_act_2005/20260915T1515Z__native.pdf,A New Tax System (Goods and Services Tax Imposition (Recipients)—General) Act 2005,"No. 3, 2005",,,requests,200,raw/au/a_new_tax_system_goods_and_services_tax_imposition_recipients_general_act_2005/20260915T1515Z__native.pdf.headers.json,application/pdf,e242a37df57aa369c81c56fb30f0231f51638ed49880874e21e78c52a16f5407,19698,7,,,,corpus AU_corpus_2026-09-19: from AU_ws_2026-09-15,,2005-02-18,,InForce
0.2.0,,au-aa20258e57-001,AU,https://www.legislation.gov.au/C2025A00003/asmade/2025-02-14/text/original/pdf,2026-09-15T16:48:49Z,pdf_native,false,raw/au/appropriation_parliamentary_departments_act_no_2_2024_2025/20260915T1648Z__native.pdf,Appropriation (Parliamentary Departments) Act (No. 2) 2024-2025,"No. 3, 2025",,,requests,200,raw/au/appropriation_parliamentary_departments_act_no_2_2024_2025/20260915T1648Z__native.pdf.headers.json,application/pdf,b01cd1f058e71ee08ac89a70e8a2ecf0cfa3a6f80a1327d0c3d377b824c223cd,307412,17,,,,corpus AU_corpus_2026-09-19: from AU_ws_2026-09-15,,2025-02-14,,InForce
0.2.0,,au-usncsaa1963-001,AU,https://www.legislation.gov.au/C1963A00030/asmade/1963-05-31/text/original/pdf,2026-09-15T12:59:08Z,pdf_native,false,raw/au/united_states_naval_communication_station_agreement_act_1963/20260915T1259Z__native.pdf,United States Naval Communication Station Agreement Act 1963,"No. 30, 1963",,,requests,200,raw/au/united_states_naval_communication_station_agreement_act_1963/20260915T1259Z__native.pdf.headers.json,application/pdf,74c0dd73976726ba4269e7a441252350d0ba5ad8c0b1c6b3de2995f78035e23f,378366,5,,,,corpus AU_corpus_2026-09-19: from AU_ws_2026-09-15,,1963-05-31,,InForce
0.2.0,,au-epa1978edb7-001,AU,https://www.legislation.gov.au/C2004A01829/asmade/2007-02-19/text/original/pdf,2026-09-15T13:57:13Z,pdf_native,false,raw/au/environment_protection_northern_territory_supreme_court_act_1978/20260915T1357Z__native.pdf,Environment Protection (Northern Territory Supreme Court) Act 1978,"No. 30, 1978",,,requests,200,raw/au/environment_protection_northern_territory_supreme_court_act_1978/20260915T1357Z__native.pdf.headers.json,application/pdf,97a76df94bae924d47c0a5184c93e1936f2b1114e02820cef5c3f61f26f0f21d,87202,3,,,,corpus AU_corpus_2026-09-19: from AU_ws_2026-09-15; flags as_made_short_act,,1978-06-09,,InForce
0.2.0,,au-amlrca1981-001,AU,https://www.legislation.gov.au/C2004A02408/2024-10-14/2024-10-14/text/original/epub,2026-09-15T14:04:31Z,html,,raw/au/antarctic_marine_living_resources_conservation_act_1981/20260915T1404Z__page.html,Antarctic Marine Living Resources Conservation Act 1981,"No. 30, 1981",,,requests,200,raw/au/antarctic_marine_living_resources_conservation_act_1981/20260915T1404Z__page.html.headers.json,text/html,39c3d4600016e45472eada6879ee83e2916c216ef7758c94de11829891a1d181,195016,,,,,corpus AU_corpus_2026-09-19: from AU_ws_2026-09-15,,1981-04-14,,InForce
0.2.0,,au-oma19945d0c-001,AU,https://www.legislation.gov.au/C2004A04706/asmade/1994-02-25/text/original/pdf,2026-09-15T14:54:01Z,pdf_native,false,raw/au/offshore_minerals_retention_licence_fees_act_1994/20260915T1454Z__native.pdf,Offshore Minerals (Retention Licence Fees) Act 1994,"No. 30, 1994",,,requests,200,raw/au/offshore_minerals_retention_licence_fees_act_1994/20260915T1454Z__native.pdf.headers.json,application/pdf,a0cc779a2412ab1eb614d229bfa46b2fb82657cafd797bef297127cf4d1f3482,648354,8,,,,corpus AU_corpus_2026-09-19: from AU_ws_2026-09-15,,1994-02-25,,InForce
0.2.0,,au-pia2001-001,AU,https://www.legislation.gov.au/C2004A00798/2025-01-01/2025-01-01/text/original/epub,2026-09-15T13:36:33Z,html,,raw/au/pig_industry_act_2001/20260915T1336Z__page.html,Pig Industry Act 2001,"No. 30, 2001",,,requests,200,raw/au/pig_industry_act_2001/20260915T1336Z__page.html.headers.json,text/html,fd356cedc411f923fbdcfd41dd87a83002e69c1b9966107ccb26c46b0a780ec6,136463,,,,,corpus AU_corpus_2026-09-19: from AU_ws_2026-09-15,,2001-04-28,,InForce
0.2.0,,au-rfaa2002-001,AU,https://www.legislation.gov.au/C2004A00965/2026-08-24/2026-08-24/text/original/epub,2026-09-15T13:39:33Z,html,,raw/au/regional_forest_agreements_act_2002/20260915T1339Z__page.html,Regional Forest Agreements Act 2002,"No. 30, 2002",,,requests,200,raw/au/regional_forest_agreements_act_2002/20260915T1339Z__page.html.headers.json,text/html,b1fa0e8fbe12ede2d1ee010d7d178caaeeead21cc9bd28506230ba4e67c453ed,80317,,,,,corpus AU_corpus_2026-09-19: from AU_ws_2026-09-15,,2002-04-05,,InForce
0.2.0,,au-ita2008-001,AU,https://www.legislation.gov.au/C2008A00030/asmade/2008-06-23/text/original/pdf,2026-09-15T15:30:02Z,pdf_native,false,raw/au/income_tax_managed_investment_trust_transitional_act_2008/20260915T1530Z__native.pdf,Income Tax (Managed Investment Trust Transitional) Act 2008,"No. 30, 2008",,,requests,200,raw/au/income_tax_managed_investment_trust_transitional_act_2008/20260915T1530Z__native.pdf.headers.json,application/pdf,d116d616cfef2b330e29875ae05043e099407601a3da5a2cf175f51cd83375e1,16855,6,,,,corpus AU_corpus_2026-09-19: from AU_ws_2026-09-15,,2008-06-23,,InForce
0.2.0,,au-etva2009-001,AU,https://www.legislation.gov.au/C2009A00030/asmade/2009-05-13/text/original/pdf,2026-09-15T15:34:49Z,pdf_native,false,raw/au/excise_tariff_validation_act_2009/20260915T1534Z__native.pdf,Excise Tariff Validation Act 2009,"No. 30, 2009",,,requests,200,raw/au/excise_tariff_validation_act_2009/20260915T1534Z__native.pdf.headers.json,application/pdf,8da236bc88dcf99737cef539d76f1c6f5214ff3f8b97a716dca2ffeaa9711c38,26559,6,,,,corpus AU_corpus_2026-09-19: from AU_ws_2026-09-15,,2009-05-13,,InForce
0.2.0,,au-mpisa2010-001,AU,https://www.legislation.gov.au/C2010A00030/2025-07-01/2025-07-01/text/original/epub,2026-09-15T15:38:10Z,html,,raw/au/midwife_professional_indemnity_commonwealth_contribution_scheme_act_2010/20260915T1538Z__page.html,Midwife Professional Indemnity (Commonwealth Contribution) Scheme Act 2010,"No. 30, 2010",,,requests,200,raw/au/midwife_professional_indemnity_commonwealth_contribution_scheme_act_2010/20260915T1538Z__page.html.headers.json,text/html,14d2cd44f70ded34f9d4b4eff40feb4458394d74f3fc9dd65da515e4eda1b5db,535755,,,,,corpus AU_corpus_2026-09-19: from AU_ws_2026-09-15,,2010-04-12,,InForce
0.2.0,,au-icemca20212a4c-001,AU,https://www.legislation.gov.au/C2021A00030/asmade/2021-03-26/text/original/pdf,2026-09-15T16:31:53Z,pdf_native,false,raw/au/industrial_chemicals_environmental_management_register_charge_general_act_2021/20260915T1631Z__native.pdf,Industrial Chemicals Environmental Management (Register) Charge (General) Act 2021,"No. 30, 2021",,,requests,200,raw/au/industrial_chemicals_environmental_management_register_charge_general_act_2021/20260915T1631Z__native.pdf.headers.json,application/pdf,3f9e6a166fe32002b555b6019533269f2a555f795b3a341d411b064198beee93,526123,9,,,,corpus AU_corpus_2026-09-19: from AU_ws_2026-09-15,,2021-03-26,,InForce
0.2.0,,au-saa1924-001,AU,https://www.legislation.gov.au/C1924A00031/2016-10-21/2016-10-21/text/original/epub,2026-09-15T12:43:48Z,html,,raw/au/scout_association_act_1924/20260915T1243Z__page.html,Scout Association Act 1924,"No. 31, 1924",,,requests,200,raw/au/scout_association_act_1924/20260915T1243Z__page.html.headers.json,text/html,858ec6ade6801c99664abb16c99dce093ec4df51b7f52ab87f0b86a6a40eae2b,46585,,,,,corpus AU_corpus_2026-09-19: from AU_ws_2026-09-15,,1924-09-26,,InForce
0.2.0,,au-anaa1945-001,AU,https://www.legislation.gov.au/C1945A00031/asmade/1994-12-16/text/original/pdf,2026-09-15T12:46:35Z,pdf_native,false,raw/au/australian_national_airlines_act_1945/20260915T1246Z__native.pdf,Australian National Airlines Act 1945,"No. 31, 1945",,,requests,200,raw/au/australian_national_airlines_act_1945/20260915T1246Z__native.pdf.headers.json,application/pdf,f866e457098f03d9625415d6c08b52a9f7dc56d82b4684734d1ff7502b750421,1334193,20,,,,corpus AU_corpus_2026-09-19: from AU_ws_2026-09-15,,1945-08-16,,InForce
0.2.0,,au-dfrba1948-001,AU,https://www.legislation.gov.au/C1948A00031/2022-09-28/2022-09-28/text/original/epub,2026-09-15T12:49:04Z,html,,raw/au/defence_forces_retirement_benefits_act_1948/20260915T1249Z__page.html,Defence Forces Retirement Benefits Act 1948,"No. 31, 1948",,,requests,200,raw/au/defence_forces_retirement_benefits_act_1948/20260915T1249Z__page.html.headers.json,text/html,0eecacaf4a85c6a2552a680b2345a1ac19f119af3026ec2354189834066769aa,872206,,,,,corpus AU_corpus_2026-09-19: from AU_ws_2026-09-15,,1948-06-26,,InForce
0.2.0,,au-aea1953-001,AU,https://www.legislation.gov.au/C1953A00031/2022-11-30/2022-11-30/text/original/epub,2026-09-15T12:51:15Z,html,,raw/au/atomic_energy_act_1953/20260915T1251Z__page.html,Atomic Energy Act 1953,"No. 31, 1953",,,requests,200,raw/au/atomic_energy_act_1953/20260915T1251Z__page.html.headers.json,text/html,d2280b6eff62b64c58eac88b95632db07665dc3ad8a30a592cf0e6f8e5be8297,278060,,,,,corpus AU_corpus_2026-09-19: from AU_ws_2026-09-15,,1953-04-15,,InForce
0.2.0,,au-sa1976-001,AU,https://www.legislation.gov.au/C2004A01462/2026-07-01/2026-07-01/text/original/epub,2026-09-15T13:52:29Z,html,,raw/au/superannuation_act_1976/20260915T1352Z__page.html,Superannuation Act 1976,"No. 31, 1976",,,requests,200,raw/au/superannuation_act_1976/20260915T1352Z__page.html.headers.json,text/html,cba90a8077d1dc6a1b8170a4aba3e34da702aabfba05b0b041a25adb71c1bddb,2728394,,,,,corpus AU_corpus_2026-09-19: from AU_ws_2026-09-15,,1976-05-07,,InForce
0.2.0,,au-psa1981-001,AU,https://www.legislation.gov.au/C2004A02409/2024-10-14/2024-10-14/text/original/epub,2026-09-15T14:04:42Z,html,,raw/au/protection_of_the_sea_civil_liability_act_1981/20260915T1404Z__page.html,Protection of the Sea (Civil Liability) Act 1981,"No. 31, 1981",,,requests,200,raw/au/protection_of_the_sea_civil_liability_act_1981/20260915T1404Z__page.html.headers.json,text/html,1ddd74cb94650b26d2aa63056e437f419006471f2af94369e04e446041042953,292248,,,,,corpus AU_corpus_2026-09-19: from AU_ws_2026-09-15,,1981-04-14,,InForce
0.2.0,,au-hsa1997-001,AU,https://www.legislation.gov.au/C2004A05130/2025-11-01/2025-11-01/text/original/epub,2026-09-15T15:05:38Z,html,,raw/au/human_services_centrelink_act_1997/20260915T1505Z__page.html,Human Services (Centrelink) Act 1997,"No. 31, 1997",,,requests,200,raw/au/human_services_centrelink_act_1997/20260915T1505Z__page.html.headers.json,text/html,875c6029df93e44d6fd9294d6d33306e4b04c0583c0f3ae92eb4ad0169d43ee2,152142,,,,,corpus AU_corpus_2026-09-19: from AU_ws_2026-09-15,,1997-04-17,,InForce
0.2.0,,au-phia2007-001,AU,https://www.legislation.gov.au/C2007A00031/2026-04-01/2026-04-01/text/original/epub,2026-09-15T15:25:42Z,html,,raw/au/private_health_insurance_act_2007/20260915T1525Z__page.html,Private Health Insurance Act 2007,"No. 31, 2007",,,requests,200,raw/au/private_health_insurance_act_2007/20260915T1525Z__page.html.headers.json,text/html,3dbe18b27d2c9308913d9b032f98127c2ab3a9319aa50b71047c1538f42046fe,1173023,,,,,corpus AU_corpus_2026-09-19: from AU_ws_2026-09-15,,2007-03-30,,InForce
0.2.0,,au-ita2008d3b3-001,AU,https://www.legislation.gov.au/C2008A00031/2019-07-01/2019-07-01/text/original/epub,2026-09-15T15:30:15Z,html,,raw/au/income_tax_managed_investment_trust_withholding_tax_act_2008/20260915T1530Z__page.html,Income Tax (Managed Investment Trust Withholding Tax) Act 2008,"No. 31, 2008",,,requests,200,raw/au/income_tax_managed_investment_trust_withholding_tax_act_2008/20260915T1530Z__page.html.headers.json,text/html,f76d0b6933f6fc53eda546d5287d973b1c1d95c6674063ab16c90ff347330086,37045,,,,,corpus AU_corpus_2026-09-19: from AU_ws_2026-09-15,,2008-06-23,,InForce
0.2.0,,au-mpia2010-001,AU,https://www.legislation.gov.au/C2010A00031/2011-06-27/2011-06-27/text/original/epub,2026-09-15T15:38:23Z,html,,raw/au/midwife_professional_indemnity_run_off_cover_support_payment_act_2010/20260915T1538Z__page.html,Midwife Professional Indemnity (Run-off Cover Support Payment) Act 2010,"No. 31, 2010",,,requests,200,raw/au/midwife_professional_indemnity_run_off_cover_support_payment_act_2010/20260915T1538Z__page.html.headers.json,text/html,ab39402659b92def0c980cb92d04108f827886e9d8214899e0c16af63e9f8d0d,27941,,,,,corpus AU_corpus_2026-09-19: from AU_ws_2026-09-15,,2010-04-12,,InForce
0.2.0,,au-aa2024-001,AU,https://www.legislation.gov.au/C2023A00031/asmade/2023-06-28/text/original/pdf,2026-09-15T16:36:40Z,pdf_native,false,raw/au/appropriation_act_no_1_2023_2024/20260915T1636Z__native.pdf,Appropriation Act (No. 1) 2023-2024,"No. 31, 2023",,,requests,200,raw/au/appropriation_act_no_1_2023_2024/20260915T1636Z__native.pdf.headers.json,application/pdf,6983d6d9e6ca89b5b49799b8852571d66b83c8f73148c9657a2266febe01004f,4186078,170,,,,corpus AU_corpus_2026-09-19: from AU_ws_2026-09-15,,2023-06-28,,InForce
0.2.0,,au-cuna1945-001,AU,https://www.legislation.gov.au/C1945A00032/2021-09-14/2021-09-14/text/original/epub,2026-09-15T12:46:46Z,html,,raw/au/charter_of_the_united_nations_act_1945/20260915T1246Z__page.html,Charter of the United Nations Act 1945,"No. 32, 1945",,,requests,200,raw/au/charter_of_the_united_nations_act_1945/20260915T1246Z__page.html.headers.json,text/html,541f25cdccc595acc1c08ccb8e702375d784ac255df62a297fd25243ffd5d7e7,392615,,,,,corpus AU_corpus_2026-09-19: from AU_ws_2026-09-15,,1945-09-24,,InForce
0.2.0,,au-pnglga1973-001,AU,https://www.legislation.gov.au/C2004A00031/asmade/1973-05-24/text/original/pdf,2026-09-15T13:11:41Z,pdf_native,false,raw/au/papua_new_guinea_loan_guarantee_act_1973/20260915T1311Z__native.pdf,Papua New Guinea Loan Guarantee Act 1973,"No. 32, 1973",,,requests,200,raw/au/papua_new_guinea_loan_guarantee_act_1973/20260915T1311Z__native.pdf.headers.json,application/pdf,0b4f8685bc91fb22158498b590559eec365963a81acd9f71f7a7473a95d4ae91,578600,8,,,,corpus AU_corpus_2026-09-19: from AU_ws_2026-09-15,,1973-05-24,,InForce
0.2.0,,au-wtqwhaca1994-001,AU,https://www.legislation.gov.au/C2004A04708/asmade/2000-07-16/text/original/pdf,2026-09-15T14:54:13Z,pdf_native,false,raw/au/wet_tropics_of_queensland_world_heritage_area_conservation_act_1994/20260915T1454Z__native.pdf,Wet Tropics of Queensland World Heritage Area Conservation Act 1994,"No. 32, 1994",,,requests,200,raw/au/wet_tropics_of_queensland_world_heritage_area_conservation_act_1994/20260915T1454Z__native.pdf.headers.json,application/pdf,1f08e6db45f0e9f451d3015d95a38416bb6d4b24182a8ef0e6d426b4706a6ca2,146539,3,,,,corpus AU_corpus_2026-09-19: from AU_ws_2026-09-15; flags as_made_short_act,,1994-03-15,,InForce
0.2.0,,au-pila2000-001,AU,https://www.legislation.gov.au/C2004A00624/asmade/2000-04-19/text/original/pdf,2026-09-15T13:31:01Z,pdf_native,false,raw/au/primary_industries_excise_levies_gst_consequential_amendments_act_2000/20260915T1331Z__native.pdf,Primary Industries (Excise) Levies (GST Consequential Amendments) Act 2000,"No. 32, 2000",,,requests,200,raw/au/primary_industries_excise_levies_gst_consequential_amendments_act_2000/20260915T1331Z__native.pdf.headers.json,application/pdf,9171fed2252e5cbc56269c482673cfc96214cb5f452d69142a097024aa872db3,22893,8,,,,corpus AU_corpus_2026-09-19: from AU_ws_2026-09-15,,2000-04-19,,InForce
0.2.0,,au-cira2001-001,AU,https://www.legislation.gov.au/C2004A00800/asmade/2001-04-28/text/original/pdf,2026-09-15T13:36:44Z,pdf_native,false,raw/au/coal_industry_repeal_act_2001/20260915T1336Z__native.pdf,Coal Industry Repeal Act 2001,"No. 32, 2001",,,requests,200,raw/au/coal_industry_repeal_act_2001/20260915T1336Z__native.pdf.headers.json,application/pdf,9cb63165595da522aeadf4a3abe6443514acc44815b80074a079394e8f199059,25344,8,,,,corpus AU_corpus_2026-09-19: from AU_ws_2026-09-15,,2001-04-28,,InForce
0.2.0,,au-disra2003-001,AU,https://www.legislation.gov.au/C2004A01117/2009-07-01/2009-07-01/text/original/epub,2026-09-15T13:43:29Z,html,,raw/au/dairy_industry_service_reform_act_2003/20260915T1343Z__page.html,Dairy Industry Service Reform Act 2003,"No. 32, 2003",,,requests,200,raw/au/dairy_industry_service_reform_act_2003/20260915T1343Z__page.html.headers.json,text/html,4f3ead3537f9624ee3df87a3ce6e626141cd42c85fbe359a77d1301a12eced11,257473,,,,,corpus AU_corpus_2026-09-19: from AU_ws_2026-09-15,,2003-04-15,,InForce
0.2.0,,au-phia20072eeb-001,AU,https://www.legislation.gov.au/C2007A00032/2023-07-01/2023-07-01/text/original/epub,2026-09-15T15:25:53Z,html,,raw/au/private_health_insurance_transitional_provisions_and_consequential_amendments_act_2007/20260915T1525Z__page.html,Private Health Insurance (Transitional Provisions and Consequential Amendments) Act 2007,"No. 32, 2007",,,requests,200,raw/au/private_health_insurance_transitional_provisions_and_consequential_amendments_act_2007/20260915T1525Z__page.html.headers.json,text/html,8148f12ff3c029916688561570e8d5468fa14427650a755ce2996fd5a7b1b90f,320771,,,,,corpus AU_corpus_2026-09-19: from AU_ws_2026-09-15,,2007-03-30,,InForce
0.2.0,,au-inslma2010-001,AU,https://www.legislation.gov.au/C2010A00032/2025-12-05/2025-12-05/text/original/epub,2026-09-15T15:38:33Z,html,,raw/au/independent_national_security_legislation_monitor_act_2010/20260915T1538Z__page.html,Independent National Security Legislation Monitor Act 2010,"No. 32, 2010",,,requests,200,raw/au/independent_national_security_legislation_monitor_act_2010/20260915T1538Z__page.html.headers.json,text/html,a1434f97b03aff39d59ec6eb427df90c81053383e69f521f629e99160ac92a5d,198160,,,,,corpus AU_corpus_2026-09-19: from AU_ws_2026-09-15,,2010-04-13,,InForce
0.2.0,,au-flaa2012-001,AU,https://www.legislation.gov.au/C2012A00032/2013-04-12/2013-04-12/text/original/epub,2026-09-15T15:50:48Z,html,,raw/au/family_law_amendment_validation_of_certain_orders_and_other_measures_act_2012/20260915T1550Z__page.html,Family Law Amendment (Validation of Certain Orders and Other Measures) Act 2012,"No. 32, 2012",,,requests,200,raw/au/family_law_amendment_validation_of_certain_orders_and_other_measures_act_2012/20260915T1550Z__page.html.headers.json,text/html,89c48a7ec951d0241b0698364b946dd8481f53f9ae7cb39b1aaa31aa58bad55c,72708,,,,,corpus AU_corpus_2026-09-19: from AU_ws_2026-09-15,,2012-04-10,,InForce
0.2.0,,au-cpba2026-001,AU,https://www.legislation.gov.au/C2026A00032/asmade/2026-04-08/text/original/pdf,2026-09-15T16:56:45Z,pdf_native,false,raw/au/commonwealth_parole_board_act_2026/20260915T1656Z__native.pdf,Commonwealth Parole Board Act 2026,"No. 32, 2026",,,requests,200,raw/au/commonwealth_parole_board_act_2026/20260915T1656Z__native.pdf.headers.json,application/pdf,1f26485f814c6714b8b4ef2e1e096c357df924f8dd294b2033164dcf48c7bc22,316871,30,,,,corpus AU_corpus_2026-09-19: from AU_ws_2026-09-15,,2026-04-08,,InForce
0.2.0,,au-tba1914-001,AU,https://www.legislation.gov.au/C1914A00033/asmade/2011-04-19/text/original/pdf,2026-09-15T12:41:04Z,pdf_native,false,raw/au/treasury_bills_act_1914/20260915T1241Z__native.pdf,Treasury Bills Act 1914,"No. 33, 1914",,,requests,200,raw/au/treasury_bills_act_1914/20260915T1241Z__native.pdf.headers.json,application/pdf,4f8855328799b8b85aad999384400c5f10f707253df59184975332b8ebadd8e4,218388,3,,,,corpus AU_corpus_2026-09-19: from AU_ws_2026-09-15; flags as_made_short_act,,1914-12-21,,InForce
0.2.0,,au-sa1922-001,AU,https://www.legislation.gov.au/C1922A00033/2024-12-11/2024-12-11/text/original/epub,2026-09-15T12:43:24Z,html,,raw/au/superannuation_act_1922/20260915T1243Z__page.html,Superannuation Act 1922,"No. 33, 1922",,,requests,200,raw/au/superannuation_act_1922/20260915T1243Z__page.html.headers.json,text/html,861044f8ca585a05a9c0ede58d817e4c5cc2d145a5a865e3bb1c97ac4847a0d2,2764849,,,,,corpus AU_corpus_2026-09-19: from AU_ws_2026-09-15,,1922-10-18,,InForce
0.2.0,,au-ba1966-001,AU,https://www.legislation.gov.au/C1966A00033/2026-05-21/2026-05-21/text/original/epub,2026-09-15T13:01:46Z,html,,raw/au/bankruptcy_act_1966/20260915T1301Z__page.html,Bankruptcy Act 1966,"No. 33, 1966",,,requests,200,raw/au/bankruptcy_act_1966/20260915T1301Z__page.html.headers.json,text/html,a1675404cca0c1595680d20902d7dd3837b19983feb1036e996c567f7412d5f5,3721605,,,,,corpus AU_corpus_2026-09-19: from AU_ws_2026-09-15,,1966-06-01,,InForce
0.2.0,,au-pca1975-001,AU,https://www.legislation.gov.au/C2004A00255/asmade/1975-04-30/text/original/pdf,2026-09-15T13:17:00Z,pdf_native,false,raw/au/privy_council_appeals_from_the_high_court_act_1975/20260915T1317Z__native.pdf,Privy Council (Appeals from the High Court) Act 1975,"No. 33, 1975",,,requests,200,raw/au/privy_council_appeals_from_the_high_court_act_1975/20260915T1317Z__native.pdf.headers.json,application/pdf,74e82842a4a8d8db9a1d883a5bf9459958c2881a6fe73f7114e68e65a893cd08,510558,6,,,,corpus AU_corpus_2026-09-19: from AU_ws_2026-09-15,,1975-04-30,,InForce
0.2.0,,au-psa1981b57a-001,AU,https://www.legislation.gov.au/C2004A02411/2019-07-01/2019-07-01/text/original/epub,2026-09-15T14:04:56Z,html,,raw/au/protection_of_the_sea_powers_of_intervention_act_1981/20260915T1404Z__page.html,Protection of the Sea (Powers of Intervention) Act 1981,"No. 33, 1981",,,requests,200,raw/au/protection_of_the_sea_powers_of_intervention_act_1981/20260915T1404Z__page.html.headers.json,text/html,91213dad239200184900234fabfd025a8c4f5b42259f19a9983232cacda64eaf,332348,,,,,corpus AU_corpus_2026-09-19: from AU_ws_2026-09-15,,1981-04-14,,InForce
0.2.0,,au-phia2007ac0d-001,AU,https://www.legislation.gov.au/C2007A00033/2023-07-01/2023-07-01/text/original/epub,2026-09-15T15:26:05Z,html,,raw/au/private_health_insurance_medical_devices_and_human_tissue_products_levy_act_2007/20260915T1526Z__page.html,Private Health Insurance (Medical Devices and Human Tissue Products Levy) Act 2007,"No. 33, 2007",,,requests,200,raw/au/private_health_insurance_medical_devices_and_human_tissue_products_levy_act_2007/20260915T1526Z__page.html.headers.json,text/html,3b775c56bfa4f1238427ae2a13d3a5dc9861adf04a754bf015d6d412f530bea0,39200,,,,,corpus AU_corpus_2026-09-19: from AU_ws_2026-09-15,,2007-03-30,,InForce
0.2.0,,au-cpba2026d336-001,AU,https://www.legislation.gov.au/C2026A00033/asmade/2026-04-08/text/original/pdf,2026-09-15T16:56:59Z,pdf_native,false,raw/au/commonwealth_parole_board_consequential_and_transitional_provisions_act_2026/20260915T1656Z__native.pdf,Commonwealth Parole Board (Consequential and Transitional Provisions) Act 2026,"No. 33, 2026",,,requests,200,raw/au/commonwealth_parole_board_consequential_and_transitional_provisions_act_2026/20260915T1656Z__native.pdf.headers.json,application/pdf,916feff0a7189351254e14d7b0781b23bdad693321bf4d75af1958305a4f0bde,318431,22,,,,corpus AU_corpus_2026-09-19: from AU_ws_2026-09-15,,2026-04-08,,InForce
0.2.0,,au-actsca1933-001,AU,https://www.legislation.gov.au/C1933A00034/asmade/1989-05-11/text/original/pdf,2026-09-15T12:44:49Z,pdf_native,false,raw/au/australian_capital_territory_supreme_court_act_1933/20260915T1244Z__native.pdf,Australian Capital Territory Supreme Court Act 1933,"No. 34, 1933",,,requests,200,raw/au/australian_capital_territory_supreme_court_act_1933/20260915T1244Z__native.pdf.headers.json,application/pdf,6f899f56a615c3ddd78496698f8cf2eecde78aa8182d88f20c35bd2cf4b244fd,1007693,14,,,,corpus AU_corpus_2026-09-19: from AU_ws_2026-09-15,,1933-12-09,,InForce
0.2.0,,au-cia1955-001,AU,https://www.legislation.gov.au/C1955A00034/2020-12-18/2020-12-18/text/original/epub,2026-09-15T12:53:30Z,html,,raw/au/cocos_keeling_islands_act_1955/20260915T1253Z__page.html,Cocos (Keeling) Islands Act 1955,"No. 34, 1955",,,requests,200,raw/au/cocos_keeling_islands_act_1955/20260915T1253Z__page.html.headers.json,text/html,b2dd1c796d995aaf017c4d5ff4db9dcdbde28254c6fd2da6ad35b588656ed339,288251,,,,,corpus AU_corpus_2026-09-19: from AU_ws_2026-09-15,,1955-06-16,,InForce
0.2.0,,au-cwsa1974-001,AU,https://www.legislation.gov.au/C2004A00093/2016-10-21/2016-10-21/text/original/epub,2026-09-15T13:14:20Z,html,,raw/au/canberra_water_supply_googong_dam_act_1974/20260915T1314Z__page.html,Canberra Water Supply (Googong Dam) Act 1974,"No. 34, 1974",,,requests,200,raw/au/canberra_water_supply_googong_dam_act_1974/20260915T1314Z__page.html.headers.json,text/html,4d79288b7b8b26363dfd3e3112d1969dee81dc8b3de0c5f5f95d0f6dca27ac15,117360,,,,,corpus AU_corpus_2026-09-19: from AU_ws_2026-09-15,,1974-08-02,,InForce
0.2.0,,au-dfrdba1976-001,AU,https://www.legislation.gov.au/C2004A01465/2015-12-10/2015-12-10/text/original/epub,2026-09-15T13:52:43Z,html,,raw/au/defence_force_retirement_and_death_benefits_pension_increases_act_1976/20260915T1352Z__page.html,Defence Force Retirement and Death Benefits (Pension Increases) Act 1976,"No. 34, 1976",,,requests,200,raw/au/defence_force_retirement_and_death_benefits_pension_increases_act_1976/20260915T1352Z__page.html.headers.json,text/html,5b447fa1adac25af4dac918539249341f423436fac136bc786249251b15ac2dc,111730,,,,,corpus AU_corpus_2026-09-19: from AU_ws_2026-09-15,,1976-05-07,,InForce
0.2.0,,au-psa198141c4-001,AU,https://www.legislation.gov.au/C2004A02412/asmade/2005-10-05/text/original/pdf,2026-09-15T14:05:08Z,pdf_native,false,raw/au/protection_of_the_sea_shipping_levy_act_1981/20260915T1405Z__native.pdf,Protection of the Sea (Shipping Levy) Act 1981,"No. 34, 1981",,,requests,200,raw/au/protection_of_the_sea_shipping_levy_act_1981/20260915T1405Z__native.pdf.headers.json,application/pdf,c6abfa71f81431e342f102fe97ca691ec8cf889860600f1adce0ae4d61e15d96,187090,2,,,,corpus AU_corpus_2026-09-19: from AU_ws_2026-09-15; flags as_made_short_act,,1981-04-14,,InForce
0.2.0,,au-ala1987-001,AU,https://www.legislation.gov.au/C2004A03443/2016-10-21/2016-10-21/text/original/epub,2026-09-15T14:24:33Z,html,,raw/au/aboriginal_land_lake_condah_and_framlingham_forest_act_1987/20260915T1424Z__page.html,Aboriginal Land (Lake Condah and Framlingham Forest) Act 1987,"No. 34, 1987",,,requests,200,raw/au/aboriginal_land_lake_condah_and_framlingham_forest_act_1987/20260915T1424Z__page.html.headers.json,text/html,024cc13d626c771690058318e1476d712da1e06518e2b0bb66bcc91141d806dd,201782,,,,,corpus AU_corpus_2026-09-19: from AU_ws_2026-09-15,,1987-06-02,,InForce
0.2.0,,au-aa1988-001,AU,https://www.legislation.gov.au/C2004A03627/2022-02-18/2022-02-18/text/original/epub,2026-09-15T14:28:08Z,html,,raw/au/admiralty_act_1988/20260915T1428Z__page.html,Admiralty Act 1988,"No. 34, 1988",,,requests,200,raw/au/admiralty_act_1988/20260915T1428Z__page.html.headers.json,text/html,1e8352df977b39225f8b31fa2e42b5c2e157ae4029b37d49c84c436e53438736,196121,,,,,corpus AU_corpus_2026-09-19: from AU_ws_2026-09-15,,1988-05-22,,InForce
0.2.0,,au-nsca1993-001,AU,https://www.legislation.gov.au/C2004A04589/asmade/1993-09-20/text/original/pdf,2026-09-15T14:51:00Z,pdf_native,false,raw/au/nuclear_safeguards_producers_of_uranium_ore_concentrates_charge_act_1993/20260915T1451Z__native.pdf,Nuclear Safeguards (Producers of Uranium Ore Concentrates) Charge Act 1993,"No. 34, 1993",,,requests,200,raw/au/nuclear_safeguards_producers_of_uranium_ore_concentrates_charge_act_1993/20260915T1451Z__native.pdf.headers.json,application/pdf,12d3da8213428c5eda3429aa87e981e4e2e02f8d4dd9d52087b7724197eae0c9,557397,6,,,,corpus AU_corpus_2026-09-19: from AU_ws_2026-09-15,,1993-09-20,,InForce
0.2.0,,au-nvesa2024-001,AU,https://www.legislation.gov.au/C2024A00034/2025-02-21/2025-02-21/text/original/epub,2026-09-15T16:41:52Z,html,,raw/au/new_vehicle_efficiency_standard_act_2024/20260915T1641Z__page.html,New Vehicle Efficiency Standard Act 2024,"No. 34, 2024",,,requests,200,raw/au/new_vehicle_efficiency_standard_act_2024/20260915T1641Z__page.html.headers.json,text/html,aa1ac1abe9e379ba1d09b861879ca918b9162bc4d151073abb0188332131035d,347708,,,,,corpus AU_corpus_2026-09-19: from AU_ws_2026-09-15,,2024-05-31,,InForce
0.2.0,,au-uaa2025-001,AU,https://www.legislation.gov.au/C2025A00034/asmade/2025-08-28/text/original/pdf,2026-09-15T16:50:26Z,pdf_native,false,raw/au/universities_accord_national_higher_education_code_to_prevent_and_respond_to_gender_based_violence_act_2025/20260915T1650Z__native.pdf,Universities Accord (National Higher Education Code to Prevent and Respond to Gender-based Violence) Act 2025,"No. 34, 2025",,,requests,200,raw/au/universities_accord_national_higher_education_code_to_prevent_and_respond_to_gender_based_violence_act_2025/20260915T1650Z__native.pdf.headers.json,application/pdf,aa998fc08861a9a75779871343f3b3bcd1e3ac71c8b19c0acc099100745cc5b0,346159,53,,,,corpus AU_corpus_2026-09-19: from AU_ws_2026-09-15,,2025-08-28,,InForce
0.2.0,,au-psa1981f332-001,AU,https://www.legislation.gov.au/C2004A02413/2018-05-23/2018-05-23/text/original/epub,2026-09-15T14:05:20Z,html,,raw/au/protection_of_the_sea_shipping_levy_collection_act_1981/20260915T1405Z__page.html,Protection of the Sea (Shipping Levy Collection) Act 1981,"No. 35, 1981",,,requests,200,raw/au/protection_of_the_sea_shipping_levy_collection_act_1981/20260915T1405Z__page.html.headers.json,text/html,f54aac3b3cfcc14801c135b2ae6920bd06ed52bf9573df5a53cac36d3d88dfa8,67548,,,,,corpus AU_corpus_2026-09-19: from AU_ws_2026-09-15,,1981-04-14,,InForce
0.2.0,,au-caa2006-001,AU,https://www.legislation.gov.au/C2006A00035/2014-07-01/2014-07-01/text/original/epub,2026-09-15T15:19:19Z,html,,raw/au/cancer_australia_act_2006/20260915T1519Z__page.html,Cancer Australia Act 2006,"No. 35, 2006",,,requests,200,raw/au/cancer_australia_act_2006/20260915T1519Z__page.html.headers.json,text/html,3530946937e5bd1d1786241470aec26b1021f6d08c366e3bab2462532e7ac376,92510,,,,,corpus AU_corpus_2026-09-19: from AU_ws_2026-09-15,,2006-05-03,,InForce
0.2.0,,au-ttpa2010-001,AU,https://www.legislation.gov.au/C2010A00035/2021-09-01/2021-09-01/text/original/epub,2026-09-15T15:38:47Z,html,,raw/au/trans_tasman_proceedings_act_2010/20260915T1538Z__page.html,Trans-Tasman Proceedings Act 2010,"No. 35, 2010",,,requests,200,raw/au/trans_tasman_proceedings_act_2010/20260915T1538Z__page.html.headers.json,text/html,1c441ae215388e10e53da931aa86ca2e21bb8953491ce9ee77c077261066b40e,368436,,,,,corpus AU_corpus_2026-09-19: from AU_ws_2026-09-15,,2010-04-13,,InForce
0.2.0,,au-pca1968-001,AU,https://www.legislation.gov.au/C1968A00036/asmade/1973-12-31/text/original/pdf,2026-09-15T13:03:33Z,pdf_native,false,raw/au/privy_council_limitation_of_appeals_act_1968/20260915T1303Z__native.pdf,Privy Council (Limitation of Appeals) Act 1968,"No. 36, 1968",,,requests,200,raw/au/privy_council_limitation_of_appeals_act_1968/20260915T1303Z__native.pdf.headers.json,application/pdf,f4837430bd25fd2ce90a14b68fc7ca2077237caccd70f5c66eda1f42c2bf55b1,179402,2,,,,corpus AU_corpus_2026-09-19: from AU_ws_2026-09-15; flags as_made_short_act,,1968-06-10,,InForce
0.2.0,,au-avca1994-001,AU,https://www.legislation.gov.au/C2004A04712/2024-10-14/2024-10-14/text/original/epub,2026-09-15T14:54:25Z,html,,raw/au/agricultural_and_veterinary_chemicals_act_1994/20260915T1454Z__page.html,Agricultural and Veterinary Chemicals Act 1994,"No. 36, 1994",,,requests,200,raw/au/agricultural_and_veterinary_chemicals_act_1994/20260915T1454Z__page.html.headers.json,text/html,c89f37efe5d6441d37e629c423ca63baf67789380d8d6ae3d829483b7448e2f9,106536,,,,,corpus AU_corpus_2026-09-19: from AU_ws_2026-09-15,,1994-03-15,,InForce
0.2.0,,au-aa19967407-001,AU,https://www.legislation.gov.au/C2004A05062/2018-02-21/2018-02-21/text/original/epub,2026-09-15T15:03:59Z,html,,raw/au/airports_transitional_act_1996/20260915T1503Z__page.html,Airports (Transitional) Act 1996,"No. 36, 1996",,,requests,200,raw/au/airports_transitional_act_1996/20260915T1503Z__page.html.headers.json,text/html,e0bf378a11c33c887a113a90eba61722d0419eec1dff31094ef74b5d768fe1ee,386790,,,,,corpus AU_corpus_2026-09-19: from AU_ws_2026-09-15,,1996-10-09,,InForce
0.2.0,,au-lebiaa2001-001,AU,https://www.legislation.gov.au/C2004A00795/asmade/2000-10-21/text/original/pdf,2026-09-15T13:36:18Z,pdf_native,false,raw/au/lake_eyre_basin_intergovernmental_agreement_act_2001/20260915T1336Z__native.pdf,Lake Eyre Basin Intergovernmental Agreement Act 2001,"No. 36, 2001",,,requests,200,raw/au/lake_eyre_basin_intergovernmental_agreement_act_2001/20260915T1336Z__native.pdf.headers.json,application/pdf,9b13fbf2ea63dca9aadf6206b54dc16cd423af177917a130f279f2be0087a2f7,77726,25,,,,corpus AU_corpus_2026-09-19: from AU_ws_2026-09-15,,2001-05-01,,InForce
0.2.0,,au-flaa2008-001,AU,https://www.legislation.gov.au/C2008A00036/asmade/2008-06-24/text/original/pdf,2026-09-15T15:30:29Z,pdf_native,false,raw/au/fisheries_legislation_amendment_new_governance_arrangements_for_the_australian_fisheries_management_authority_and_other_matters_act_2008/20260915T1530Z__native.pdf,Fisheries Legislation Amendment (New Governance Arrangements for the Australian Fisheries Management Authority and Other Matters) Act 2008,"No. 36, 2008",,,requests,200,raw/au/fisheries_legislation_amendment_new_governance_arrangements_for_the_australian_fisheries_management_authority_and_other_matters_act_2008/20260915T1530Z__native.pdf.headers.json,application/pdf,5132dae950fdb1e481eccb7d59105da2f4538e01923e7dbee81c5dcec24d8364,189503,77,,,,corpus AU_corpus_2026-09-19: from AU_ws_2026-09-15,,2008-06-24,,InForce
0.2.0,,au-ttpa2010b66c-001,AU,https://www.legislation.gov.au/C2010A00036/2013-10-11/2013-10-11/text/original/epub,2026-09-15T15:39:00Z,html,,raw/au/trans_tasman_proceedings_transitional_and_consequential_provisions_act_2010/20260915T1539Z__page.html,Trans-Tasman Proceedings (Transitional and Consequential Provisions) Act 2010,"No. 36, 2010",,,requests,200,raw/au/trans_tasman_proceedings_transitional_and_consequential_provisions_act_2010/20260915T1539Z__page.html.headers.json,text/html,02727a0dc59d7fe64c602e272cae1c50065d45d50c84b7abeef4c20d28464637,75596,,,,,corpus AU_corpus_2026-09-19: from AU_ws_2026-09-15,,2010-04-13,,InForce
0.2.0,,au-sia2014-001,AU,https://www.legislation.gov.au/C2014A00036/2025-06-10/2025-06-10/text/original/epub,2026-09-15T16:04:28Z,html,,raw/au/student_identifiers_act_2014/20260915T1604Z__page.html,Student Identifiers Act 2014,"No. 36, 2014",,,requests,200,raw/au/student_identifiers_act_2014/20260915T1604Z__page.html.headers.json,text/html,fb5500480b8832895b170bedb7575ffcd1ba348b9d7e5776329207f21b94b5bd,336196,,,,,corpus AU_corpus_2026-09-19: from AU_ws_2026-09-15,,2014-06-25,,InForce
0.2.0,,au-pja1973-001,AU,https://www.legislation.gov.au/C1973A00037/asmade/1973-06-01/text/original/pdf,2026-09-15T13:09:21Z,pdf_native,false,raw/au/prices_justification_act_1973/20260915T1309Z__native.pdf,Prices Justification Act 1973,"No. 37, 1973",,,requests,200,raw/au/prices_justification_act_1973/20260915T1309Z__native.pdf.headers.json,application/pdf,96f4049511adcada10bc0c37e9cd8b46332433a51354352bcb35fee72e3a7690,868243,14,,,,corpus AU_corpus_2026-09-19: from AU_ws_2026-09-15,,1973-06-01,,InForce
0.2.0,,au-alrca1996-001,AU,https://www.legislation.gov.au/C2004A05069/asmade/2014-07-01/text/original/pdf,2026-09-15T15:04:10Z,pdf_native,false,raw/au/australian_law_reform_commission_act_1996/20260915T1504Z__native.pdf,Australian Law Reform Commission Act 1996,"No. 37, 1996",,,requests,200,raw/au/australian_law_reform_commission_act_1996/20260915T1504Z__native.pdf.headers.json,application/pdf,6796f836d85a40b27e9c35cb0d37bb309d7a91ccda5df26c832c0a6413e6c374,436236,27,,,,corpus AU_corpus_2026-09-19: from AU_ws_2026-09-15,,1996-10-09,,InForce
0.2.0,,au-mia2003-001,AU,https://www.legislation.gov.au/C2004A01121/2023-10-20/2023-10-20/text/original/epub,2026-09-15T13:43:41Z,html,,raw/au/medical_indemnity_prudential_supervision_and_product_standards_act_2003/20260915T1343Z__page.html,Medical Indemnity (Prudential Supervision and Product Standards) Act 2003,"No. 37, 2003",,,requests,200,raw/au/medical_indemnity_prudential_supervision_and_product_standards_act_2003/20260915T1343Z__page.html.headers.json,text/html,9622fcf0226af1a4744e7ee6a546ac770ecd4418bfc5c017b7f56c512c180504,266681,,,,,corpus AU_corpus_2026-09-19: from AU_ws_2026-09-15,,2003-05-02,,InForce
0.2.0,,au-dafa2013-001,AU,https://www.legislation.gov.au/C2013A00037/2024-07-06/2024-07-06/text/original/epub,2026-09-15T15:58:46Z,html,,raw/au/disabilitycare_australia_fund_act_2013/20260915T1558Z__page.html,DisabilityCare Australia Fund Act 2013,"No. 37, 2013",,,requests,200,raw/au/disabilitycare_australia_fund_act_2013/20260915T1558Z__page.html.headers.json,text/html,8aa84d82335b1f903fbced642c7dc3a78c37eaded4ac1dfedee66052c78d4f4a,218589,,,,,corpus AU_corpus_2026-09-19: from AU_ws_2026-09-15,,2013-05-28,,InForce
0.2.0,,au-pbra2017-001,AU,https://www.legislation.gov.au/C2017A00037/2026-07-01/2026-07-01/text/original/epub,2026-09-15T16:16:27Z,html,,raw/au/parliamentary_business_resources_act_2017/20260915T1616Z__page.html,Parliamentary Business Resources Act 2017,"No. 37, 2017",,,requests,200,raw/au/parliamentary_business_resources_act_2017/20260915T1616Z__page.html.headers.json,text/html,1ee93dc2839eb529101862b0def8959763b95da8fee719b50c1138c0380bd1f4,295431,,,,,corpus AU_corpus_2026-09-19: from AU_ws_2026-09-15,,2017-05-19,,InForce
0.2.0,,au-cerpa2020-001,AU,https://www.legislation.gov.au/C2020A00037/2021-08-11/2021-08-11/text/original/epub,2026-09-15T16:27:51Z,html,,raw/au/coronavirus_economic_response_package_payments_and_benefits_act_2020/20260915T1627Z__page.html,Coronavirus Economic Response Package (Payments and Benefits) Act 2020,"No. 37, 2020",,,requests,200,raw/au/coronavirus_economic_response_package_payments_and_benefits_act_2020/20260915T1627Z__page.html.headers.json,text/html,aa8a427416ad025dced7f5ab01b10963d0e4f609051e9f758f030959d572b317,106636,,,,,corpus AU_corpus_2026-09-19: from AU_ws_2026-09-15,,2020-04-09,,InForce
0.2.0,,au-cca2022-001,AU,https://www.legislation.gov.au/C2022A00037/2025-02-20/2025-02-20/text/original/epub,2026-09-15T16:34:21Z,html,,raw/au/climate_change_act_2022/20260915T1634Z__page.html,Climate Change Act 2022,"No. 37, 2022",,,requests,200,raw/au/climate_change_act_2022/20260915T1634Z__page.html.headers.json,text/html,35064e3c6a6beef0b191a63744ac83f8c7e5ed99eab21d41769ed38e68ac5934,100734,,,,,corpus AU_corpus_2026-09-19: from AU_ws_2026-09-15,,2022-09-13,,InForce
0.2.0,,au-csla1961-001,AU,https://www.legislation.gov.au/C1961A00038/2017-03-01/2017-03-01/text/original/epub,2026-09-15T12:58:18Z,html,,raw/au/commonwealth_serum_laboratories_act_1961/20260915T1258Z__page.html,Commonwealth Serum Laboratories Act 1961,"No. 38, 1961",,,requests,200,raw/au/commonwealth_serum_laboratories_act_1961/20260915T1258Z__page.html.headers.json,text/html,9a23d635d05c69e5179aeda40c1c8f7a7b18cd009744b837e6dc1ecf71547e62,298186,,,,,corpus AU_corpus_2026-09-19: from AU_ws_2026-09-15,,1961-06-02,,InForce
0.2.0,,au-ora1978-001,AU,https://www.legislation.gov.au/C2004A01837/asmade/1978-06-12/text/original/pdf,2026-09-15T13:57:23Z,pdf_native,false,raw/au/ordinances_and_regulations_notification_act_1978/20260915T1357Z__native.pdf,Ordinances and Regulations (Notification) Act 1978,"No. 38, 1978",,,requests,200,raw/au/ordinances_and_regulations_notification_act_1978/20260915T1357Z__native.pdf.headers.json,application/pdf,4f6c8d2cee20c31be451cfc79c61c58bcc71b95c9bfc22741d2a9e150858406c,63003,2,,,,corpus AU_corpus_2026-09-19: from AU_ws_2026-09-15; flags as_made_short_act,,1978-06-12,,InForce
0.2.0,,au-sa1990-001,AU,https://www.legislation.gov.au/C2004A03969/2026-04-01/2026-04-01/text/original/epub,2026-09-15T14:35:28Z,html,,raw/au/superannuation_act_1990/20260915T1435Z__page.html,Superannuation Act 1990,"No. 38, 1990",,,requests,200,raw/au/superannuation_act_1990/20260915T1435Z__page.html.headers.json,text/html,b29ce1a66fef3d43b45fd4cfec28b485b72200652391596037e1c4d7e39d9a46,376197,,,,,corpus AU_corpus_2026-09-19: from AU_ws_2026-09-15,,1990-06-07,,InForce
0.2.0,,au-la1991-001,AU,https://www.legislation.gov.au/C2004A04113/asmade/1991-03-27/text/original/pdf,2026-09-15T14:38:12Z,pdf_native,false,raw/au/loan_act_1991/20260915T1438Z__native.pdf,Loan Act 1991,"No. 38, 1991",,,requests,200,raw/au/loan_act_1991/20260915T1438Z__native.pdf.headers.json,application/pdf,c4af38099a428edf17c5323e5b7761d85d93f10188e106034b19e8a9353af8e2,160835,3,,,,corpus AU_corpus_2026-09-19: from AU_ws_2026-09-15; flags as_made_short_act,,1991-03-27,,InForce
0.2.0,,au-avcplia1994-001,AU,https://www.legislation.gov.au/C2004A04714/asmade/1994-03-15/text/original/pdf,2026-09-15T14:54:38Z,pdf_native,false,raw/au/agricultural_and_veterinary_chemical_products_levy_imposition_excise_act_1994/20260915T1454Z__native.pdf,Agricultural and Veterinary Chemical Products Levy Imposition (Excise) Act 1994,"No. 38, 1994",,,requests,200,raw/au/agricultural_and_veterinary_chemical_products_levy_imposition_excise_act_1994/20260915T1454Z__native.pdf.headers.json,application/pdf,4e08af07bee62ef9f99d419f229e174da3285dfd1fa2e7c55cb4e9ada0fc8839,464185,6,,,,corpus AU_corpus_2026-09-19: from AU_ws_2026-09-15,,1994-03-15,,InForce
0.2.0,,au-wmda1995-001,AU,https://www.legislation.gov.au/C2004A04891/2018-11-06/2018-11-06/text/original/epub,2026-09-15T14:59:42Z,html,,raw/au/weapons_of_mass_destruction_prevention_of_proliferation_act_1995/20260915T1459Z__page.html,Weapons of Mass Destruction (Prevention of Proliferation) Act 1995,"No. 38, 1995",,,requests,200,raw/au/weapons_of_mass_destruction_prevention_of_proliferation_act_1995/20260915T1459Z__page.html.headers.json,text/html,de21bfec2065c6ecbde250718e4273020827384971172ac09787ed7581f66130,104073,,,,,corpus AU_corpus_2026-09-19: from AU_ws_2026-09-15,,1995-05-29,,InForce
0.2.0,,au-itaa1997-001,AU,https://www.legislation.gov.au/C2004A05138/2026-07-01/2026-07-01/text/original/epub,2026-09-15T15:05:50Z,html,,raw/au/income_tax_assessment_act_1997/20260915T1505Z__page.html,Income Tax Assessment Act 1997,"No. 38, 1997",,,requests,200,raw/au/income_tax_assessment_act_1997/20260915T1505Z__page.html.headers.json,text/html,3321b7ab1550e90b9a3bda0cd6b44cd3df5d90430e9841bfec8321f28e6e8c86,33366582,,,,,corpus AU_corpus_2026-09-19: from AU_ws_2026-09-15,,1997-04-17,,InForce
0.2.0,,au-aa2007-001,AU,https://www.legislation.gov.au/C2007A00038/2016-03-05/2016-03-05/text/original/epub,2026-09-15T15:26:20Z,html,,raw/au/airspace_act_2007/20260915T1526Z__page.html,Airspace Act 2007,"No. 38, 2007",,,requests,200,raw/au/airspace_act_2007/20260915T1526Z__page.html.headers.json,text/html,e7ac10ada87ff97d2aeade7681b0db36ae176abc810b2c2c89161af0c6308edf,66551,,,,,corpus AU_corpus_2026-09-19: from AU_ws_2026-09-15,,2007-03-30,,InForce
0.2.0,,au-asa2011-001,AU,https://www.legislation.gov.au/C2011A00038/2024-04-09/2024-04-09/text/original/epub,2026-09-15T15:43:26Z,html,,raw/au/autonomous_sanctions_act_2011/20260915T1543Z__page.html,Autonomous Sanctions Act 2011,"No. 38, 2011",,,requests,200,raw/au/autonomous_sanctions_act_2011/20260915T1543Z__page.html.headers.json,text/html,c513c1b0a2041f397b9dcda51a625dbf15034ddf1174ec2d4211e7a7f8d002f1,116004,,,,,corpus AU_corpus_2026-09-19: from AU_ws_2026-09-15,,2011-05-26,,InForce
0.2.0,,au-pbra20170dcb-001,AU,https://www.legislation.gov.au/C2017A00038/asmade/2017-05-19/text/original/pdf,2026-09-15T16:16:40Z,pdf_native,false,raw/au/parliamentary_business_resources_consequential_and_transitional_provisions_act_2017/20260915T1616Z__native.pdf,Parliamentary Business Resources (Consequential and Transitional Provisions) Act 2017,"No. 38, 2017",,,requests,200,raw/au/parliamentary_business_resources_consequential_and_transitional_provisions_act_2017/20260915T1616Z__native.pdf.headers.json,application/pdf,d834e9a6150b68045b347342d05c2723e5fdefbe4f62a18dc9bebd34fa4fd137,965248,34,,,,corpus AU_corpus_2026-09-19: from AU_ws_2026-09-15,,2017-05-19,,InForce
0.2.0,,au-arta2024-001,AU,https://www.legislation.gov.au/C2024A00038/asmade/2024-05-31/text/original/pdf,2026-09-15T16:42:04Z,pdf_native,false,raw/au/administrative_review_tribunal_consequential_and_transitional_provisions_no_1_act_2024/20260915T1642Z__native.pdf,Administrative Review Tribunal (Consequential and Transitional Provisions No. 1) Act 2024,"No. 38, 2024",,,requests,200,raw/au/administrative_review_tribunal_consequential_and_transitional_provisions_no_1_act_2024/20260915T1642Z__native.pdf.headers.json,application/pdf,eb142681269beb7a21ba88473c774685cd90be63a8d146a7bfe213f30188c319,986198,298,,,,corpus AU_corpus_2026-09-19: from AU_ws_2026-09-15,,2024-05-31,,InForce
0.2.0,,au-fbtaa1986-001,AU,https://www.legislation.gov.au/C2004A03280/2026-07-01/2026-07-01/text/original/epub,2026-09-15T14:19:31Z,html,,raw/au/fringe_benefits_tax_assessment_act_1986/20260915T1419Z__page.html,Fringe Benefits Tax Assessment Act 1986,"No. 39, 1986",,,requests,200,raw/au/fringe_benefits_tax_assessment_act_1986/20260915T1419Z__page.html.headers.json,text/html,580e024d53cb7f4d5888ae49b528849918f4555f3ccbaf377f9b3fbcbb5284db,2237876,,,,,corpus AU_corpus_2026-09-19: from AU_ws_2026-09-15,,1986-06-24,,InForce
0.2.0,,au-sba1990-001,AU,https://www.legislation.gov.au/C2004A03970/asmade/2005-07-01/text/original/pdf,2026-09-15T14:35:42Z,pdf_native,false,raw/au/superannuation_benefits_supervisory_mechanisms_act_1990/20260915T1435Z__native.pdf,Superannuation Benefits (Supervisory Mechanisms) Act 1990,"No. 39, 1990",,,requests,200,raw/au/superannuation_benefits_supervisory_mechanisms_act_1990/20260915T1435Z__native.pdf.headers.json,application/pdf,c3b170006f9bbd05103d3dc0ce2b470ab0b06636b5b64d2dd5c427e4f0ed858a,288017,15,,,,corpus AU_corpus_2026-09-19: from AU_ws_2026-09-15,,1990-06-07,,InForce
0.2.0,,au-psa1993-001,AU,https://www.legislation.gov.au/C2004A04594/asmade/2009-10-13/text/original/pdf,2026-09-15T14:51:11Z,pdf_native,false,raw/au/protection_of_the_sea_imposition_of_contributions_to_oil_pollution_compensation_funds_excise_act_1993/20260915T1451Z__native.pdf,Protection of the Sea (Imposition of Contributions to Oil Pollution Compensation Funds—Excise) Act 1993,"No. 39, 1993",,,requests,200,raw/au/protection_of_the_sea_imposition_of_contributions_to_oil_pollution_compensation_funds_excise_act_1993/20260915T1451Z__native.pdf.headers.json,application/pdf,bf35a186c3724d6054c7d8ee66f57b7d241e93f26788f279700a041ee0f798a6,14760,2,,,,corpus AU_corpus_2026-09-19: from AU_ws_2026-09-15; flags as_made_short_act,,1993-10-15,,InForce
0.2.0,,au-avcplia19942ecb-001,AU,https://www.legislation.gov.au/C2004A04715/asmade/1994-03-15/text/original/pdf,2026-09-15T14:54:48Z,pdf_native,false,raw/au/agricultural_and_veterinary_chemical_products_levy_imposition_customs_act_1994/20260915T1454Z__native.pdf,Agricultural and Veterinary Chemical Products Levy Imposition (Customs) Act 1994,"No. 39, 1994",,,requests,200,raw/au/agricultural_and_veterinary_chemical_products_levy_imposition_customs_act_1994/20260915T1454Z__native.pdf.headers.json,application/pdf,1299bbe9a47740fbe9ac90a3396768b3432b2e83bc7d8405e4999f4f2d2cbd66,650721,6,,,,corpus AU_corpus_2026-09-19: from AU_ws_2026-09-15,,1994-03-15,,InForce
0.2.0,,au-aa2007b2ce-001,AU,https://www.legislation.gov.au/C2007A00039/asmade/2007-03-30/text/original/pdf,2026-09-15T15:26:32Z,pdf_native,false,raw/au/airspace_consequentials_and_other_measures_act_2007/20260915T1526Z__native.pdf,Airspace (Consequentials and Other Measures) Act 2007,"No. 39, 2007",,,requests,200,raw/au/airspace_consequentials_and_other_measures_act_2007/20260915T1526Z__native.pdf.headers.json,application/pdf,51ad7146ff7b40915d31ae22578869e0c23adf6b1e7b4ce9293bd134715333d0,28441,10,,,,corpus AU_corpus_2026-09-19: from AU_ws_2026-09-15,,2007-03-30,,InForce
0.2.0,,au-mca2018-001,AU,https://www.legislation.gov.au/C2018A00039/asmade/2018-05-22/text/original/pdf,2026-09-15T16:19:09Z,pdf_native,false,raw/au/migration_skilling_australians_fund_charges_act_2018/20260915T1619Z__native.pdf,Migration (Skilling Australians Fund) Charges Act 2018,"No. 39, 2018",,,requests,200,raw/au/migration_skilling_australians_fund_charges_act_2018/20260915T1619Z__native.pdf.headers.json,application/pdf,d120e1e37411d1dc19e0ea25f3a18a9314bd55cbd2eb609e4ca20f9ce3844436,537836,10,,,,corpus AU_corpus_2026-09-19: from AU_ws_2026-09-15,,2018-05-22,,InForce
0.2.0,,au-ssaa2022-001,AU,https://www.legislation.gov.au/C2022A00039/asmade/2022-09-30/text/original/pdf,2026-09-15T16:34:32Z,pdf_native,false,raw/au/social_security_administration_amendment_repeal_of_cashless_debit_card_and_other_measures_act_2022/20260915T1634Z__native.pdf,Social Security (Administration) Amendment (Repeal of Cashless Debit Card and Other Measures) Act 2022,"No. 39, 2022",,,requests,200,raw/au/social_security_administration_amendment_repeal_of_cashless_debit_card_and_other_measures_act_2022/20260915T1634Z__native.pdf.headers.json,application/pdf,5b6252baf76187e1d3bb0be72e6ca807cf5e16eefaa9be89a58d6fd3abce901f,1048542,52,,,,corpus AU_corpus_2026-09-19: from AU_ws_2026-09-15,,2022-09-30,,InForce
0.2.0,,au-arta2024fa45-001,AU,https://www.legislation.gov.au/C2024A00039/asmade/2024-05-31/text/original/pdf,2026-09-15T16:42:18Z,pdf_native,false,raw/au/administrative_review_tribunal_consequential_and_transitional_provisions_no_2_act_2024/20260915T1642Z__native.pdf,Administrative Review Tribunal (Consequential and Transitional Provisions No. 2) Act 2024,"No. 39, 2024",,,requests,200,raw/au/administrative_review_tribunal_consequential_and_transitional_provisions_no_2_act_2024/20260915T1642Z__native.pdf.headers.json,application/pdf,e7d21d159a5ce95ebd71147ee3bcd788c5deff9535edc079e8a5989d483ca126,618603,162,,,,corpus AU_corpus_2026-09-19: from AU_ws_2026-09-15,,2024-05-31,,InForce
0.2.0,,au-fava1929-001,AU,https://www.legislation.gov.au/C1929A00004/asmade/1929-03-18/text/original/pdf,2026-09-15T12:44:15Z,pdf_native,false,raw/au/financial_agreement_validation_act_1929/20260915T1244Z__native.pdf,Financial Agreement Validation Act 1929,"No. 4, 1929",,,requests,200,raw/au/financial_agreement_validation_act_1929/20260915T1244Z__native.pdf.headers.json,application/pdf,4744eef4af01a8aa7006e9c67f3cb0d7be6896f60144844b07dd2d00eef7c44c,1695061,18,,,,corpus AU_corpus_2026-09-19: from AU_ws_2026-09-15,,1929-03-18,,InForce
0.2.0,,au-rba1959-001,AU,https://www.legislation.gov.au/C1959A00004/2026-08-27/2026-08-27/text/original/epub,2026-09-15T12:55:28Z,html,,raw/au/reserve_bank_act_1959/20260915T1255Z__page.html,Reserve Bank Act 1959,"No. 4, 1959",,,requests,200,raw/au/reserve_bank_act_1959/20260915T1255Z__page.html.headers.json,text/html,5e453a68dfa92353cd2125f1f529478f62dcd60707a73bf15f08b05374fe7f5d,560222,,,,,corpus AU_corpus_2026-09-19: from AU_ws_2026-09-15,,1959-04-23,,InForce
0.2.0,,au-sda1984-001,AU,https://www.legislation.gov.au/C2004A02868/2025-11-01/2025-11-01/text/original/epub,2026-09-15T14:12:35Z,html,,raw/au/sex_discrimination_act_1984/20260915T1412Z__page.html,Sex Discrimination Act 1984,"No. 4, 1984",,,requests,200,raw/au/sex_discrimination_act_1984/20260915T1412Z__page.html.headers.json,text/html,ae087f1a459770de25a9c293608e8e88b6eaaf8770aff0313d27991d1a989ad3,645944,,,,,corpus AU_corpus_2026-09-19: from AU_ws_2026-09-15,,1984-03-21,,InForce
0.2.0,,au-ea1988-001,AU,https://www.legislation.gov.au/C2004A03597/2026-08-27/2026-08-27/text/original/epub,2026-09-15T14:27:03Z,html,,raw/au/extradition_act_1988/20260915T1427Z__page.html,Extradition Act 1988,"No. 4, 1988",,,requests,200,raw/au/extradition_act_1988/20260915T1427Z__page.html.headers.json,text/html,291c20a2c6281854f4fdafa9c05aa42c0130c1738bb00975498487bc4afd5088,433164,,,,,corpus AU_corpus_2026-09-19: from AU_ws_2026-09-15,,1988-03-09,,InForce
0.2.0,,au-lia1995-001,AU,https://www.legislation.gov.au/C2004A04860/2025-02-21/2025-02-21/text/original/epub,2026-09-15T14:58:51Z,html,,raw/au/life_insurance_act_1995/20260915T1458Z__page.html,Life Insurance Act 1995,"No. 4, 1995",,,requests,200,raw/au/life_insurance_act_1995/20260915T1458Z__page.html.headers.json,text/html,d28544432dd1957b3e93658621d8d1a98959677cd36cbba4f0b9235bb5652f82,1917849,,,,,corpus AU_corpus_2026-09-19: from AU_ws_2026-09-15,,1995-02-23,,InForce
0.2.0,,au-clca1997-001,AU,https://www.legislation.gov.au/C2004A05105/2025-03-05/2025-03-05/text/original/epub,2026-09-15T15:04:34Z,html,,raw/au/customs_licensing_charges_act_1997/20260915T1504Z__page.html,Customs Licensing Charges Act 1997,"No. 4, 1997",,,requests,200,raw/au/customs_licensing_charges_act_1997/20260915T1504Z__page.html.headers.json,text/html,50ca2d15f44c1db4b928e94932698fa0f37bf0cb8139574fef3bf2635bc1eedc,71867,,,,,corpus AU_corpus_2026-09-19: from AU_ws_2026-09-15,,1997-02-28,,InForce
0.2.0,,au-welsa2005-001,AU,https://www.legislation.gov.au/C2005A00004/2024-10-14/2024-10-14/text/original/epub,2026-09-15T15:15:37Z,html,,raw/au/water_efficiency_labelling_and_standards_act_2005/20260915T1515Z__page.html,Water Efficiency Labelling and Standards Act 2005,"No. 4, 2005",,,requests,200,raw/au/water_efficiency_labelling_and_standards_act_2005/20260915T1515Z__page.html.headers.json,text/html,cfefef48bd16f544d9579f06a296f8b010453be491918815403419aa4b06501a,338794,,,,,corpus AU_corpus_2026-09-19: from AU_ws_2026-09-15,,2005-02-18,,InForce
0.2.0,,au-da2006-001,AU,https://www.legislation.gov.au/C2006A00004/2024-07-06/2024-07-06/text/original/epub,2026-09-15T15:17:42Z,html,,raw/au/defence_road_transport_legislation_exemption_act_2006/20260915T1517Z__page.html,Defence (Road Transport Legislation Exemption) Act 2006,"No. 4, 2006",,,requests,200,raw/au/defence_road_transport_legislation_exemption_act_2006/20260915T1517Z__page.html.headers.json,text/html,2419bfc8359aeb555b97dce7f6f14bc0c48a8b50028c32d920161ef275f3f31d,44668,,,,,corpus AU_corpus_2026-09-19: from AU_ws_2026-09-15,,2006-03-01,,InForce
0.2.0,,au-hspa2009-001,AU,https://www.legislation.gov.au/C2009A00004/asmade/2009-01-01/text/original/pdf,2026-09-15T15:33:48Z,pdf_native,false,raw/au/household_stimulus_package_act_no_2_2009/20260915T1533Z__native.pdf,Household Stimulus Package Act (No. 2) 2009,"No. 4, 2009",,,requests,200,raw/au/household_stimulus_package_act_no_2_2009/20260915T1533Z__native.pdf.headers.json,application/pdf,12e21c5a51e458b78da82539aefa3de8ef5f7b03c49b0365e393369d4778e4d9,98419,39,,,,corpus AU_corpus_2026-09-19: from AU_ws_2026-09-15,,2009-02-18,,InForce
0.2.0,,au-hesa2020-001,AU,https://www.legislation.gov.au/C2020A00004/2021-01-01/2021-01-01/text/original/epub,2026-09-15T16:26:16Z,html,,raw/au/higher_education_support_help_tuition_protection_levy_act_2020/20260915T1626Z__page.html,Higher Education Support (HELP Tuition Protection Levy) Act 2020,"No. 4, 2020",,,requests,200,raw/au/higher_education_support_help_tuition_protection_levy_act_2020/20260915T1626Z__page.html.headers.json,text/html,66c973f1a3a13de9c6be5af18af40bf623a84e085e567f06e12a64bc29d5d073,69315,,,,,corpus AU_corpus_2026-09-19: from AU_ws_2026-09-15,,2020-02-17,,InForce
0.2.0,,au-aa2025fd80-001,AU,https://www.legislation.gov.au/C2025A00004/asmade/2025-02-14/text/original/pdf,2026-09-15T16:49:01Z,pdf_native,false,raw/au/appropriation_act_no_3_2024_2025/20260915T1649Z__native.pdf,Appropriation Act (No. 3) 2024-2025,"No. 4, 2025",,,requests,200,raw/au/appropriation_act_no_3_2024_2025/20260915T1649Z__native.pdf.headers.json,application/pdf,b0cb6089883b3c41bded2f90ac3fa0cf0e6c0f84e48f02419900ed76815da855,529644,87,,,,corpus AU_corpus_2026-09-19: from AU_ws_2026-09-15,,2025-02-14,,InForce
0.2.0,,au-la1970-001,AU,https://www.legislation.gov.au/C1970A00040/asmade/1970-06-24/text/original/pdf,2026-09-15T13:05:22Z,pdf_native,false,raw/au/loan_war_service_land_settlement_act_1970/20260915T1305Z__native.pdf,Loan (War Service Land Settlement) Act 1970,"No. 40, 1970",,,requests,200,raw/au/loan_war_service_land_settlement_act_1970/20260915T1305Z__native.pdf.headers.json,application/pdf,6c28c541c4e14192d196b50f3c96344c4e0fbeb58aed444c6fa8ca7865acfd9f,95051,1,,,,corpus AU_corpus_2026-09-19: from AU_ws_2026-09-15; flags as_made_short_act,,1970-06-24,,InForce
0.2.0,,au-la1977-001,AU,https://www.legislation.gov.au/C2004A01678/asmade/1977-06-07/text/original/pdf,2026-09-15T13:55:19Z,pdf_native,false,raw/au/loan_war_service_land_settlement_act_1977/20260915T1355Z__native.pdf,Loan (War Service Land Settlement) Act 1977,"No. 40, 1977",,,requests,200,raw/au/loan_war_service_land_settlement_act_1977/20260915T1355Z__native.pdf.headers.json,application/pdf,6b5030c6bf66a0d73f6af1e83fcf643e9fa8f7b6839fc2d493180639052c0d71,573470,7,,,,corpus AU_corpus_2026-09-19: from AU_ws_2026-09-15,,1977-06-07,,InForce
0.2.0,,au-fbta1986-001,AU,https://www.legislation.gov.au/C2004A03281/2018-06-19/2018-06-19/text/original/epub,2026-09-15T14:19:44Z,html,,raw/au/fringe_benefits_tax_act_1986/20260915T1419Z__page.html,Fringe Benefits Tax Act 1986,"No. 40, 1986",,,requests,200,raw/au/fringe_benefits_tax_act_1986/20260915T1419Z__page.html.headers.json,text/html,6ea653edf3d47d553c0320357ccde67ad6115d9fcf9f1990b10c5865e69053f2,44553,,,,,corpus AU_corpus_2026-09-19: from AU_ws_2026-09-15,,1986-06-24,,InForce
0.2.0,,au-mnla1991-001,AU,https://www.legislation.gov.au/C2004A04115/2018-06-19/2018-06-19/text/original/epub,2026-09-15T14:38:24Z,html,,raw/au/marine_navigation_regulatory_functions_levy_act_1991/20260915T1438Z__page.html,Marine Navigation (Regulatory Functions) Levy Act 1991,"No. 40, 1991",,,requests,200,raw/au/marine_navigation_regulatory_functions_levy_act_1991/20260915T1438Z__page.html.headers.json,text/html,71859b63bfa4408a5533a3b38ff718dc24c52c25d56ad3ef3949815856223c13,37350,,,,,corpus AU_corpus_2026-09-19: from AU_ws_2026-09-15,,1991-03-27,,InForce
0.2.0,,au-psa19936864-001,AU,https://www.legislation.gov.au/C2004A04595/asmade/2009-10-13/text/original/pdf,2026-09-15T14:51:23Z,pdf_native,false,raw/au/protection_of_the_sea_imposition_of_contributions_to_oil_pollution_compensation_funds_general_act_1993/20260915T1451Z__native.pdf,Protection of the Sea (Imposition of Contributions to Oil Pollution Compensation Funds—General) Act 1993,"No. 40, 1993",,,requests,200,raw/au/protection_of_the_sea_imposition_of_contributions_to_oil_pollution_compensation_funds_general_act_1993/20260915T1451Z__native.pdf.headers.json,application/pdf,d1a0fa3169c6c7a220a421e5626c3a00378abf072e8e09a7a9e43aaf9d102133,94292,2,,,,corpus AU_corpus_2026-09-19: from AU_ws_2026-09-15; flags as_made_short_act,,1993-10-15,,InForce
0.2.0,,au-avcplia199422d1-001,AU,https://www.legislation.gov.au/C2004A04716/asmade/1994-03-15/text/original/pdf,2026-09-15T14:55:04Z,pdf_native,false,raw/au/agricultural_and_veterinary_chemical_products_levy_imposition_general_act_1994/20260915T1455Z__native.pdf,Agricultural and Veterinary Chemical Products Levy Imposition (General) Act 1994,"No. 40, 1994",,,requests,200,raw/au/agricultural_and_veterinary_chemical_products_levy_imposition_general_act_1994/20260915T1455Z__native.pdf.headers.json,application/pdf,258dbdb8822fe2d64f64821edd9eae9bf74d699cd67a5cd9b9e5211d01db6cda,462635,6,,,,corpus AU_corpus_2026-09-19: from AU_ws_2026-09-15,,1994-03-15,,InForce
0.2.0,,au-phia1995-001,AU,https://www.legislation.gov.au/C2004A04893/asmade/2007-04-01/text/original/pdf,2026-09-15T14:59:56Z,pdf_native,false,raw/au/private_health_insurance_complaints_levy_act_1995/20260915T1459Z__native.pdf,Private Health Insurance (Complaints Levy) Act 1995,"No. 40, 1995",,,requests,200,raw/au/private_health_insurance_complaints_levy_act_1995/20260915T1459Z__native.pdf.headers.json,application/pdf,6c702bbb223a19e995c2932c992b1f54de8c66bc5b8fe7905b5d131cccfb3de3,94131,3,,,,corpus AU_corpus_2026-09-19: from AU_ws_2026-09-15; flags as_made_short_act,,1995-05-29,,InForce
0.2.0,,au-ita1997-001,AU,https://www.legislation.gov.au/C2004A05128/2026-07-01/2026-07-01/text/original/epub,2026-09-15T15:05:25Z,html,,raw/au/income_tax_transitional_provisions_act_1997/20260915T1505Z__page.html,Income Tax (Transitional Provisions) Act 1997,"No. 40, 1997",,,requests,200,raw/au/income_tax_transitional_provisions_act_1997/20260915T1505Z__page.html.headers.json,text/html,713c409816c9ce636895c3ee7616a6b958bd4e2c51e9ca61494cb2948e5140f0,3513688,,,,,corpus AU_corpus_2026-09-19: from AU_ws_2026-09-15,,1997-04-17,,InForce
0.2.0,,au-abfa2015-001,AU,https://www.legislation.gov.au/C2015A00040/2026-06-04/2026-06-04/text/original/epub,2026-09-15T16:07:43Z,html,,raw/au/australian_border_force_act_2015/20260915T1607Z__page.html,Australian Border Force Act 2015,"No. 40, 2015",,,requests,200,raw/au/australian_border_force_act_2015/20260915T1607Z__page.html.headers.json,text/html,98dbc94855302945bb62942dc7b70127bc8cb6d487f9c1f7563e67fff737a899,267448,,,,,corpus AU_corpus_2026-09-19: from AU_ws_2026-09-15,,2015-05-20,,InForce
0.2.0,,au-arta20244972-001,AU,https://www.legislation.gov.au/C2024A00040/2026-05-18/2026-05-18/text/original/epub,2026-09-15T16:42:30Z,html,,raw/au/administrative_review_tribunal_act_2024/20260915T1642Z__page.html,Administrative Review Tribunal Act 2024,"No. 40, 2024",,,requests,200,raw/au/administrative_review_tribunal_act_2024/20260915T1642Z__page.html.headers.json,text/html,8cd662211f5bd31ee54a640e9b9d4d454d6a85122668a0caa71c429660dec6f5,1168038,,,,,corpus AU_corpus_2026-09-19: from AU_ws_2026-09-15,,2024-06-03,,InForce
0.2.0,,au-tisa2026-001,AU,https://www.legislation.gov.au/C2026A00040/asmade/2026-04-08/text/original/pdf,2026-09-15T16:57:11Z,pdf_native,false,raw/au/translating_and_interpreting_services_act_2026/20260915T1657Z__native.pdf,Translating and Interpreting Services Act 2026,"No. 40, 2026",,,requests,200,raw/au/translating_and_interpreting_services_act_2026/20260915T1657Z__native.pdf.headers.json,application/pdf,04a93584fcd3df77dae32d7a9546398ea6a3845ae4a17e702077a3ac5c04b947,248658,13,,,,corpus AU_corpus_2026-09-19: from AU_ws_2026-09-15,,2026-04-08,,InForce
0.2.0,,au-cia1958-001,AU,https://www.legislation.gov.au/C1958A00041/2020-12-18/2020-12-18/text/original/epub,2026-09-15T12:54:35Z,html,,raw/au/christmas_island_act_1958/20260915T1254Z__page.html,Christmas Island Act 1958,"No. 41, 1958",,,requests,200,raw/au/christmas_island_act_1958/20260915T1254Z__page.html.headers.json,text/html,3be9b1b1f713dbe560b53bad89e937f18309ad067e77ee1f02f94ad95c3097e8,290606,,,,,corpus AU_corpus_2026-09-19: from AU_ws_2026-09-15,,1958-09-02,,InForce
0.2.0,,au-hsa1973-001,AU,https://www.legislation.gov.au/C2004A00100/2025-11-01/2025-11-01/text/original/epub,2026-09-15T13:14:32Z,html,,raw/au/human_services_medicare_act_1973/20260915T1314Z__page.html,Human Services (Medicare) Act 1973,"No. 41, 1974",,,requests,200,raw/au/human_services_medicare_act_1973/20260915T1314Z__page.html.headers.json,text/html,4621ffba6c79f08f9ec368baff858d9eab0e865824863fd6147000816b474af0,494094,,,,,corpus AU_corpus_2026-09-19: from AU_ws_2026-09-15,,1974-08-08,,InForce
0.2.0,,au-psa1983-001,AU,https://www.legislation.gov.au/C2004A02758/2024-10-14/2024-10-14/text/original/epub,2026-09-15T14:10:27Z,html,,raw/au/protection_of_the_sea_prevention_of_pollution_from_ships_act_1983/20260915T1410Z__page.html,Protection of the Sea (Prevention of Pollution from Ships) Act 1983,"No. 41, 1983",,,requests,200,raw/au/protection_of_the_sea_prevention_of_pollution_from_ships_act_1983/20260915T1410Z__page.html.headers.json,text/html,03e4659e2c24891f48cfd4a54010cdac9338bae50103deebbc5dd05c93f1a642,792889,,,,,corpus AU_corpus_2026-09-19: from AU_ws_2026-09-15,,1983-06-20,,InForce
0.2.0,,au-acca2002-001,AU,https://www.legislation.gov.au/C2004A02905/2026-06-04/2026-06-04/text/original/epub,2026-09-15T14:13:25Z,html,,raw/au/australian_crime_commission_act_2002/20260915T1413Z__page.html,Australian Crime Commission Act 2002,"No. 41, 1984",,,requests,200,raw/au/australian_crime_commission_act_2002/20260915T1413Z__page.html.headers.json,text/html,c79a13b1e5f69f581e59bd8a3c7266b515ce4adf242158413096ce7abf1c5332,1107799,,,,,corpus AU_corpus_2026-09-19: from AU_ws_2026-09-15,,1984-06-15,,InForce
0.2.0,,au-aihwa1987-001,AU,https://www.legislation.gov.au/C2004A03450/2018-11-27/2018-11-27/text/original/epub,2026-09-15T14:24:46Z,html,,raw/au/australian_institute_of_health_and_welfare_act_1987/20260915T1424Z__page.html,Australian Institute of Health and Welfare Act 1987,"No. 41, 1987",,,requests,200,raw/au/australian_institute_of_health_and_welfare_act_1987/20260915T1424Z__page.html.headers.json,text/html,72022a2c88873f61041bdff09640b3c8824395d6f22b851561282ff036d4d84a,221957,,,,,corpus AU_corpus_2026-09-19: from AU_ws_2026-09-15,,1987-06-05,,InForce
0.2.0,,au-mnlca1991-001,AU,https://www.legislation.gov.au/C2004A04116/2016-07-01/2016-07-01/text/original/epub,2026-09-15T14:38:35Z,html,,raw/au/marine_navigation_regulatory_functions_levy_collection_act_1991/20260915T1438Z__page.html,Marine Navigation (Regulatory Functions) Levy Collection Act 1991,"No. 41, 1991",,,requests,200,raw/au/marine_navigation_regulatory_functions_levy_collection_act_1991/20260915T1438Z__page.html.headers.json,text/html,72a3d8781e9ddbb1abae44d9763a97dd8e493a5d2d193ecb6a6f5603a04c9cf4,63742,,,,,corpus AU_corpus_2026-09-19: from AU_ws_2026-09-15,,1991-03-27,,InForce
0.2.0,,au-psa199309a3-001,AU,https://www.legislation.gov.au/C2004A04596/2016-07-01/2016-07-01/text/original/epub,2026-09-15T14:51:34Z,html,,raw/au/protection_of_the_sea_oil_pollution_compensation_funds_act_1993/20260915T1451Z__page.html,Protection of the Sea (Oil Pollution Compensation Funds) Act 1993,"No. 41, 1993",,,requests,200,raw/au/protection_of_the_sea_oil_pollution_compensation_funds_act_1993/20260915T1451Z__page.html.headers.json,text/html,3591e46af279af70d630789d76377c1b2d3e512b3c8a32a465ac494b3b0cbdbb,342439,,,,,corpus AU_corpus_2026-09-19: from AU_ws_2026-09-15,,1993-10-15,,InForce
0.2.0,,au-avcpa1994-001,AU,https://www.legislation.gov.au/C2004A04717/2024-10-14/2024-10-14/text/original/epub,2026-09-15T14:55:15Z,html,,raw/au/agricultural_and_veterinary_chemical_products_collection_of_levy_act_1994/20260915T1455Z__page.html,Agricultural and Veterinary Chemical Products (Collection of Levy) Act 1994,"No. 41, 1994",,,requests,200,raw/au/agricultural_and_veterinary_chemical_products_collection_of_levy_act_1994/20260915T1455Z__page.html.headers.json,text/html,6742e6d678e0f37328e815601ca79579008caccec102e6aeb2f791161651b828,218599,,,,,corpus AU_corpus_2026-09-19: from AU_ws_2026-09-15,,1994-03-15,,InForce
0.2.0,,au-icca2002-001,AU,https://www.legislation.gov.au/C2004A00992/2026-08-27/2026-08-27/text/original/epub,2026-09-15T13:40:12Z,html,,raw/au/international_criminal_court_act_2002/20260915T1340Z__page.html,International Criminal Court Act 2002,"No. 41, 2002",,,requests,200,raw/au/international_criminal_court_act_2002/20260915T1340Z__page.html.headers.json,text/html,43da044137a25f40b5cf2c94af82e56b62d3b7b4bbc79344de38bd61ffc4d48f,1034136,,,,,corpus AU_corpus_2026-09-19: from AU_ws_2026-09-15,,2002-06-27,,InForce
0.2.0,,au-dba2008-001,AU,https://www.legislation.gov.au/C2008A00041/2026-07-01/2026-07-01/text/original/epub,2026-09-15T15:30:39Z,html,,raw/au/dental_benefits_act_2008/20260915T1530Z__page.html,Dental Benefits Act 2008,"No. 41, 2008",,,requests,200,raw/au/dental_benefits_act_2008/20260915T1530Z__page.html.headers.json,text/html,c5b2b8c06c3e50b3c5801b64bd239f04f0e3946006b90a76d6f692451f184a6e,420143,,,,,corpus AU_corpus_2026-09-19: from AU_ws_2026-09-15,,2008-06-25,,InForce
0.2.0,,au-naifa2016-001,AU,https://www.legislation.gov.au/C2016A00041/2026-07-01/2026-07-01/text/original/epub,2026-09-15T16:13:05Z,html,,raw/au/northern_australia_infrastructure_facility_act_2016/20260915T1613Z__page.html,Northern Australia Infrastructure Facility Act 2016,"No. 41, 2016",,,requests,200,raw/au/northern_australia_infrastructure_facility_act_2016/20260915T1613Z__page.html.headers.json,text/html,46ec49afd42a2e52dd45874d9a481fee4fbd64b7d580c1b284dbb6385e4e957a,165083,,,,,corpus AU_corpus_2026-09-19: from AU_ws_2026-09-15,,2016-05-04,,InForce
0.2.0,,au-tba2019-001,AU,https://www.legislation.gov.au/C2019A00041/2026-07-01/2026-07-01/text/original/epub,2026-09-15T16:23:52Z,html,,raw/au/treatment_benefits_special_access_act_2019/20260915T1623Z__page.html,Treatment Benefits (Special Access) Act 2019,"No. 41, 2019",,,requests,200,raw/au/treatment_benefits_special_access_act_2019/20260915T1623Z__page.html.headers.json,text/html,b2f366735418fb7b514500b2a071529eeb31b9853be2bb97384cc5bbf2144a5c,207080,,,,,corpus AU_corpus_2026-09-19: from AU_ws_2026-09-15,,2019-04-05,,InForce
0.2.0,,au-unfaoa1944-001,AU,https://www.legislation.gov.au/C1944A00042/1973-12-31/1973-12-31/text/original/epub,2026-09-15T12:46:07Z,html,,raw/au/united_nations_food_and_agriculture_organization_act_1944/20260915T1246Z__page.html,United Nations Food and Agriculture Organization Act 1944,"No. 42, 1944",,,requests,200,raw/au/united_nations_food_and_agriculture_organization_act_1944/20260915T1246Z__page.html.headers.json,text/html,db0a066de3e72056dd3b73514b360db8276850d0b1ccf94a5455409cd83e1c39,88600,,,,,corpus AU_corpus_2026-09-19: from AU_ws_2026-09-15,,1944-12-07,,InForce
0.2.0,,au-aata1954-001,AU,https://www.legislation.gov.au/C1954A00042/asmade/2012-09-22/text/original/pdf,2026-09-15T12:52:26Z,pdf_native,false,raw/au/australian_antarctic_territory_act_1954/20260915T1252Z__native.pdf,Australian Antarctic Territory Act 1954,"No. 42, 1954",,,requests,200,raw/au/australian_antarctic_territory_act_1954/20260915T1252Z__native.pdf.headers.json,application/pdf,24685b583b8378119633312ccfbbd18b7a4332172273faabd124b22003e939ad,232818,4,,,,corpus AU_corpus_2026-09-19: from AU_ws_2026-09-15; flags as_made_short_act,,1954-11-01,,InForce
0.2.0,,au-hia1973-001,AU,https://www.legislation.gov.au/C2004A00101/2026-07-07/2026-07-07/text/original/epub,2026-09-15T13:14:45Z,html,,raw/au/health_insurance_act_1973/20260915T1314Z__page.html,Health Insurance Act 1973,"No. 42, 1974",,,requests,200,raw/au/health_insurance_act_1973/20260915T1314Z__page.html.headers.json,text/html,a50eeb196856ea4b7806a266ffb361cd1145f5953cdd01d01dab8a704eeb2c10,3596127,,,,,corpus AU_corpus_2026-09-19: from AU_ws_2026-09-15,,1974-08-08,,InForce
0.2.0,,au-fbta19864068-001,AU,https://www.legislation.gov.au/C2004A03283/asmade/2014-07-01/text/original/pdf,2026-09-15T14:19:55Z,pdf_native,false,raw/au/fringe_benefits_tax_application_to_the_commonwealth_act_1986/20260915T1419Z__native.pdf,Fringe Benefits Tax (Application to the Commonwealth) Act 1986,"No. 42, 1986",,,requests,200,raw/au/fringe_benefits_tax_application_to_the_commonwealth_act_1986/20260915T1419Z__native.pdf.headers.json,application/pdf,1a842c2e7d53e9deb8f4139e11670ad0c7feed7e085dfaa440a4dc7eabec0ebc,252250,3,,,,corpus AU_corpus_2026-09-19: from AU_ws_2026-09-15; flags as_made_short_act,,1986-06-24,,InForce
0.2.0,,au-hra1989-001,AU,https://www.legislation.gov.au/C2004A03790/asmade/1989-06-02/text/original/pdf,2026-09-15T14:32:00Z,pdf_native,false,raw/au/house_of_representatives_quorum_act_1989/20260915T1432Z__native.pdf,House of Representatives (Quorum) Act 1989,"No. 42, 1989",,,requests,200,raw/au/house_of_representatives_quorum_act_1989/20260915T1432Z__native.pdf.headers.json,application/pdf,1af3bed1e7b9012dacb044068a4f678abcdc57e6d775a6fe82ebf6954c1f587d,574725,6,,,,corpus AU_corpus_2026-09-19: from AU_ws_2026-09-15,,1989-06-02,,InForce
0.2.0,,au-psa19937f96-001,AU,https://www.legislation.gov.au/C2004A04597/asmade/2009-10-13/text/original/pdf,2026-09-15T14:51:46Z,pdf_native,false,raw/au/protection_of_the_sea_imposition_of_contributions_to_oil_pollution_compensation_funds_customs_act_1993/20260915T1451Z__native.pdf,Protection of the Sea (Imposition of Contributions to Oil Pollution Compensation Funds—Customs) Act 1993,"No. 42, 1993",,,requests,200,raw/au/protection_of_the_sea_imposition_of_contributions_to_oil_pollution_compensation_funds_customs_act_1993/20260915T1451Z__native.pdf.headers.json,application/pdf,3d6373e1b9305ac01b40eb048e1c9d2fb0b95c43634e0f91fba6a85fba999e25,94545,2,,,,corpus AU_corpus_2026-09-19: from AU_ws_2026-09-15; flags as_made_short_act,,1993-10-15,,InForce
0.2.0,,au-aa1996-001,AU,https://www.legislation.gov.au/C2004A05061/2025-11-01/2025-11-01/text/original/epub,2026-09-15T15:03:46Z,html,,raw/au/airports_act_1996/20260915T1503Z__page.html,Airports Act 1996,"No. 42, 1996",,,requests,200,raw/au/airports_act_1996/20260915T1503Z__page.html.headers.json,text/html,3c17501f7755781eeac1f85520508e6f20ca83f50cf43bbc37a269294a1e9607,1380634,,,,,corpus AU_corpus_2026-09-19: from AU_ws_2026-09-15,,1996-10-09,,InForce
0.2.0,,au-tba2019f25c-001,AU,https://www.legislation.gov.au/C2019A00042/asmade/2019-04-05/text/original/pdf,2026-09-15T16:24:06Z,pdf_native,false,raw/au/treatment_benefits_special_access_consequential_amendments_and_transitional_provisions_act_2019/20260915T1624Z__native.pdf,Treatment Benefits (Special Access) (Consequential Amendments and Transitional Provisions) Act 2019,"No. 42, 2019",,,requests,200,raw/au/treatment_benefits_special_access_consequential_amendments_and_transitional_provisions_act_2019/20260915T1624Z__native.pdf.headers.json,application/pdf,32d43cbe6e27e87c29a417466b26a212693beb91736c3832cbb37e99f1af0861,849533,15,,,,corpus AU_corpus_2026-09-19: from AU_ws_2026-09-15,,2019-04-05,,InForce
0.2.0,,au-hsba2026-001,AU,https://www.legislation.gov.au/C2026A00042/asmade/2026-04-08/text/original/pdf,2026-09-15T16:57:23Z,pdf_native,false,raw/au/high_seas_biodiversity_act_2026/20260915T1657Z__native.pdf,High Seas Biodiversity Act 2026,"No. 42, 2026",,,requests,200,raw/au/high_seas_biodiversity_act_2026/20260915T1657Z__native.pdf.headers.json,application/pdf,afe9c2bfd637804e92eb5fef3c598e1cd0b20620ac693d1f53be261142a5753e,643275,144,,,,corpus AU_corpus_2026-09-19: from AU_ws_2026-09-15,,2026-04-08,,InForce
0.2.0,,au-dsha1918-001,AU,https://www.legislation.gov.au/C1918A00043/2025-02-15/2025-02-15/text/original/epub,2026-09-15T12:41:55Z,html,,raw/au/defence_service_homes_act_1918/20260915T1241Z__page.html,Defence Service Homes Act 1918,"No. 43, 1918",,,requests,200,raw/au/defence_service_homes_act_1918/20260915T1241Z__page.html.headers.json,text/html,2022dd27bbdbcb7e05aea7c8661e8294384e7543b4eee87a935c96e0b00c96b2,1175927,,,,,corpus AU_corpus_2026-09-19: from AU_ws_2026-09-15,,1918-12-25,,InForce
0.2.0,,au-pmaa1973-001,AU,https://www.legislation.gov.au/C2004A00102/asmade/1974-08-08/text/original/pdf,2026-09-15T13:14:55Z,pdf_native,false,raw/au/petroleum_and_minerals_authority_act_1973/20260915T1314Z__native.pdf,Petroleum and Minerals Authority Act 1973,"No. 43, 1974",,,requests,200,raw/au/petroleum_and_minerals_authority_act_1973/20260915T1314Z__native.pdf.headers.json,application/pdf,82b308bba006de60bbee862ebb734ef74c1a65cec0fb4b016949cd0009278280,502636,28,,,,corpus AU_corpus_2026-09-19: from AU_ws_2026-09-15,,1974-08-08,,InForce
0.2.0,,au-fea1994-001,AU,https://www.legislation.gov.au/C2004A04719/asmade/1994-03-15/text/original/pdf,2026-09-15T14:55:27Z,pdf_native,false,raw/au/foreign_evidence_transitional_provisions_and_consequential_amendments_act_1994/20260915T1455Z__native.pdf,Foreign Evidence (Transitional Provisions and Consequential Amendments) Act 1994,"No. 43, 1994",,,requests,200,raw/au/foreign_evidence_transitional_provisions_and_consequential_amendments_act_1994/20260915T1455Z__native.pdf.headers.json,application/pdf,86ce332468543881fb10ddb0a90c81611a4983b25484393afd16a55908aa08ce,100328,2,,,,corpus AU_corpus_2026-09-19: from AU_ws_2026-09-15; flags as_made_short_act,,1994-03-15,,InForce
0.2.0,,au-tcia2003-001,AU,https://www.legislation.gov.au/C2004A01128/2025-11-08/2025-11-08/text/original/epub,2026-09-15T13:44:06Z,html,,raw/au/terrorism_and_cyclone_insurance_act_2003/20260915T1344Z__page.html,Terrorism and Cyclone Insurance Act 2003,"No. 43, 2003",,,requests,200,raw/au/terrorism_and_cyclone_insurance_act_2003/20260915T1344Z__page.html.headers.json,text/html,91f4f6c651ce24c0e332c0aa9812ac8d371bf8167486703ba4343494980ee0b5,207890,,,,,corpus AU_corpus_2026-09-19: from AU_ws_2026-09-15,,2003-06-24,,InForce
0.2.0,,au-ascrla2017-001,AU,https://www.legislation.gov.au/C2017A00043/2023-10-20/2023-10-20/text/original/epub,2026-09-15T16:16:52Z,html,,raw/au/asic_supervisory_cost_recovery_levy_act_2017/20260915T1616Z__page.html,ASIC Supervisory Cost Recovery Levy Act 2017,"No. 43, 2017",,,requests,200,raw/au/asic_supervisory_cost_recovery_levy_act_2017/20260915T1616Z__page.html.headers.json,text/html,f940ba0d5af64659af513d01050f7f238400593eb564a7ded6f42cc1919d7cff,91811,,,,,corpus AU_corpus_2026-09-19: from AU_ws_2026-09-15,,2017-06-19,,InForce
0.2.0,,au-ra1984-001,AU,https://www.legislation.gov.au/C2004A02908/2026-07-01/2026-07-01/text/original/epub,2026-09-15T14:13:39Z,html,,raw/au/referendum_machinery_provisions_act_1984/20260915T1413Z__page.html,Referendum (Machinery Provisions) Act 1984,"No. 44, 1984",,,requests,200,raw/au/referendum_machinery_provisions_act_1984/20260915T1413Z__page.html.headers.json,text/html,63e957a83e77e182f933137424c7c8f960184a584785d9db2b497fe255bfb363,1185973,,,,,corpus AU_corpus_2026-09-19: from AU_ws_2026-09-15,,1984-06-25,,InForce
0.2.0,,au-emdga1997-001,AU,https://www.legislation.gov.au/C2004A05142/1999-07-16/1999-07-16/text/original/epub,2026-09-15T15:06:00Z,html,,raw/au/export_market_development_grants_repeal_and_consequential_provisions_act_1997/20260915T1506Z__page.html,Export Market Development Grants (Repeal and Consequential Provisions) Act 1997,"No. 44, 1997",,,requests,200,raw/au/export_market_development_grants_repeal_and_consequential_provisions_act_1997/20260915T1506Z__page.html.headers.json,text/html,cb0643c06f2356d06f387d9776347cb46cdb4441a617cb473848982165cd39c2,68562,,,,,corpus AU_corpus_2026-09-19: from AU_ws_2026-09-15,,1997-04-22,,InForce
0.2.0,,au-fsra1999-001,AU,https://www.legislation.gov.au/C2004A00435/asmade/2001-01-18/text/original/pdf,2026-09-15T13:22:57Z,pdf_native,false,raw/au/financial_sector_reform_amendments_and_transitional_provisions_act_no_1_1999/20260915T1322Z__native.pdf,Financial Sector Reform (Amendments and Transitional Provisions) Act (No. 1) 1999,"No. 44, 1999",,,requests,200,raw/au/financial_sector_reform_amendments_and_transitional_provisions_act_no_1_1999/20260915T1322Z__native.pdf.headers.json,application/pdf,0241b150121792104963f63bcf87ffb10b3e46e095d3b5be7d3fdd066a03f23c,504528,208,,,,corpus AU_corpus_2026-09-19: from AU_ws_2026-09-15,,1999-06-17,,InForce
0.2.0,,au-acmaa2005-001,AU,https://www.legislation.gov.au/C2005A00044/2025-12-05/2025-12-05/text/original/epub,2026-09-15T15:16:18Z,html,,raw/au/australian_communications_and_media_authority_act_2005/20260915T1516Z__page.html,Australian Communications and Media Authority Act 2005,"No. 44, 2005",,,requests,200,raw/au/australian_communications_and_media_authority_act_2005/20260915T1516Z__page.html.headers.json,text/html,24354594cd2f27f13ef4a3304b92a306bd979d7840f88e95fae6eaae4b44a596,385384,,,,,corpus AU_corpus_2026-09-19: from AU_ws_2026-09-15,,2005-04-01,,InForce
0.2.0,,au-acca2016-001,AU,https://www.legislation.gov.au/C2016A00044/asmade/2016-05-05/text/original/pdf,2026-09-15T16:13:19Z,pdf_native,false,raw/au/australian_crime_commission_national_policing_information_charges_act_2016/20260915T1613Z__native.pdf,Australian Crime Commission (National Policing Information Charges) Act 2016,"No. 44, 2016",,,requests,200,raw/au/australian_crime_commission_national_policing_information_charges_act_2016/20260915T1613Z__native.pdf.headers.json,application/pdf,f477b626dedfc8df4555d590071ebf5c0da1fd40679394dd605c344fd6159f43,508581,8,,,,corpus AU_corpus_2026-09-19: from AU_ws_2026-09-15,,2016-05-05,,InForce
0.2.0,,au-ascrla2017e459-001,AU,https://www.legislation.gov.au/C2017A00044/2024-10-14/2024-10-14/text/original/epub,2026-09-15T16:17:03Z,html,,raw/au/asic_supervisory_cost_recovery_levy_collection_act_2017/20260915T1617Z__page.html,ASIC Supervisory Cost Recovery Levy (Collection) Act 2017,"No. 44, 2017",,,requests,200,raw/au/asic_supervisory_cost_recovery_levy_collection_act_2017/20260915T1617Z__page.html.headers.json,text/html,147017899aacb815e6640282a964cf33db385ddb790c2a12040b0e88e8cb2545,98327,,,,,corpus AU_corpus_2026-09-19: from AU_ws_2026-09-15,,2017-06-19,,InForce
0.2.0,,au-fscslrla2023-001,AU,https://www.legislation.gov.au/C2023A00044/2023-10-20/2023-10-20/text/original/epub,2026-09-15T16:36:53Z,html,,raw/au/financial_services_compensation_scheme_of_last_resort_levy_act_2023/20260915T1636Z__page.html,Financial Services Compensation Scheme of Last Resort Levy Act 2023,"No. 44, 2023",,,requests,200,raw/au/financial_services_compensation_scheme_of_last_resort_levy_act_2023/20260915T1636Z__page.html.headers.json,text/html,9c6ff6de310c6476da7cab26dbf97f66c13e072d02ea4ec0b79048bddb6ce2f5,96083,,,,,corpus AU_corpus_2026-09-19: from AU_ws_2026-09-15,,2023-07-03,,InForce
0.2.0,,au-pbga2025-001,AU,https://www.legislation.gov.au/C2025A00044/asmade/2025-09-05/text/original/pdf,2026-09-15T16:50:38Z,pdf_native,false,raw/au/pacific_banking_guarantee_act_2025/20260915T1650Z__native.pdf,Pacific Banking Guarantee Act 2025,"No. 44, 2025",,,requests,200,raw/au/pacific_banking_guarantee_act_2025/20260915T1650Z__native.pdf.headers.json,application/pdf,fd820b0bd167cc37de5be69a93651657a65a7424c9d7033e6355a81a93e751ba,211971,7,,,,corpus AU_corpus_2026-09-19: from AU_ws_2026-09-15,,2025-09-05,,InForce
0.2.0,,au-ia1946-001,AU,https://www.legislation.gov.au/C1946A00045/2024-10-14/2024-10-14/text/original/epub,2026-09-15T12:47:20Z,html,,raw/au/immigration_guardianship_of_children_act_1946/20260915T1247Z__page.html,Immigration (Guardianship of Children) Act 1946,"No. 45, 1946",,,requests,200,raw/au/immigration_guardianship_of_children_act_1946/20260915T1247Z__page.html.headers.json,text/html,c6ec6c61b516e82d1c3c608c29bc2faa44ce440c2985dc736f1531ef94680f40,103790,,,,,corpus AU_corpus_2026-09-19: from AU_ws_2026-09-15,,1946-08-15,,InForce
0.2.0,,au-fsa1999-001,AU,https://www.legislation.gov.au/C2004A00436/2025-07-01/2025-07-01/text/original/epub,2026-09-15T13:23:10Z,html,,raw/au/financial_sector_transfer_and_restructure_act_1999/20260915T1323Z__page.html,Financial Sector (Transfer and Restructure) Act 1999,"No. 45, 1999",,,requests,200,raw/au/financial_sector_transfer_and_restructure_act_1999/20260915T1323Z__page.html.headers.json,text/html,017a2c043a469e0f883a94bd5131b3bfb9e683566a28c8fdaf7dbe4943385621,413824,,,,,corpus AU_corpus_2026-09-19: from AU_ws_2026-09-15,,1999-06-17,,InForce
0.2.0,,au-ntsa2000-001,AU,https://www.legislation.gov.au/C2004A00637/2000-07-01/2000-07-01/text/original/epub,2026-09-15T13:31:14Z,html,,raw/au/a_new_tax_system_family_assistance_and_related_measures_act_2000/20260915T1331Z__page.html,A New Tax System (Family Assistance and Related Measures) Act 2000,"No. 45, 2000",,,requests,200,raw/au/a_new_tax_system_family_assistance_and_related_measures_act_2000/20260915T1331Z__page.html.headers.json,text/html,29d4bac651cd24257d3e18922130049ddfc1475467494b08ef9958009d10bdcc,1406833,,,,,corpus AU_corpus_2026-09-19: from AU_ws_2026-09-15,,2000-05-03,,InForce
0.2.0,,au-acmaa2005c0af-001,AU,https://www.legislation.gov.au/C2005A00045/asmade/2014-10-17/text/original/pdf,2026-09-15T15:16:29Z,pdf_native,false,raw/au/australian_communications_and_media_authority_consequential_and_transitional_provisions_act_2005/20260915T1516Z__native.pdf,Australian Communications and Media Authority (Consequential and Transitional Provisions) Act 2005,"No. 45, 2005",,,requests,200,raw/au/australian_communications_and_media_authority_consequential_and_transitional_provisions_act_2005/20260915T1516Z__native.pdf.headers.json,application/pdf,530ff52945e54d2da04a554d5eb4b99cd17095a0586a27462d7942fde06bb1ce,122688,51,,,,corpus AU_corpus_2026-09-19: from AU_ws_2026-09-15,,2005-04-01,,InForce
0.2.0,,au-ta2012-001,AU,https://www.legislation.gov.au/C2012A00045/2018-06-19/2018-06-19/text/original/epub,2026-09-15T15:50:59Z,html,,raw/au/telecommunications_industry_levy_act_2012/20260915T1550Z__page.html,Telecommunications (Industry Levy) Act 2012,"No. 45, 2012",,,requests,200,raw/au/telecommunications_industry_levy_act_2012/20260915T1550Z__page.html.headers.json,text/html,2f79d2063a35ffd0a924b2ea9f4edfc161056d0805350d4c78ee748622634a11,48703,,,,,corpus AU_corpus_2026-09-19: from AU_ws_2026-09-15,,2012-04-16,,InForce
0.2.0,,au-nrsicsaa2018-001,AU,https://www.legislation.gov.au/C2018A00045/2024-09-28/2024-09-28/text/original/epub,2026-09-15T16:19:21Z,html,,raw/au/national_redress_scheme_for_institutional_child_sexual_abuse_act_2018/20260915T1619Z__page.html,National Redress Scheme for Institutional Child Sexual Abuse Act 2018,"No. 45, 2018",,,requests,200,raw/au/national_redress_scheme_for_institutional_child_sexual_abuse_act_2018/20260915T1619Z__page.html.headers.json,text/html,3a4aa77a12cc0aad3ed845f3a1a2a3f130b6152642f0d2039c37b8fdd3b5f6f2,1154807,,,,,corpus AU_corpus_2026-09-19: from AU_ws_2026-09-15,,2018-06-21,,InForce
0.2.0,,au-fscslrla20238858-001,AU,https://www.legislation.gov.au/C2023A00045/2025-02-21/2025-02-21/text/original/epub,2026-09-15T16:37:07Z,html,,raw/au/financial_services_compensation_scheme_of_last_resort_levy_collection_act_2023/20260915T1637Z__page.html,Financial Services Compensation Scheme of Last Resort Levy (Collection) Act 2023,"No. 45, 2023",,,requests,200,raw/au/financial_services_compensation_scheme_of_last_resort_levy_collection_act_2023/20260915T1637Z__page.html.headers.json,text/html,590dae4ec64b17040ec4df917ae57070a25b308df2b5bd5defeb881c7f273683,132760,,,,,corpus AU_corpus_2026-09-19: from AU_ws_2026-09-15,,2023-07-03,,InForce
0.2.0,,au-pelra2026-001,AU,https://www.legislation.gov.au/C2026A00045/asmade/2026-05-20/text/original/pdf,2026-09-15T16:57:35Z,pdf_native,false,raw/au/public_and_educational_lending_rights_better_income_for_authors_act_2026/20260915T1657Z__native.pdf,Public and Educational Lending Rights (Better Income for Authors) Act 2026,"No. 45, 2026",,,requests,200,raw/au/public_and_educational_lending_rights_better_income_for_authors_act_2026/20260915T1657Z__native.pdf.headers.json,application/pdf,5cf8db1bcff9eca0b875aa653f0ac10f4ae735fedbd55265182d1840dfea1665,352615,31,,,,corpus AU_corpus_2026-09-19: from AU_ws_2026-09-15,,2026-05-20,,InForce
0.2.0,,au-hlga1959-001,AU,https://www.legislation.gov.au/C1959A00046/asmade/1959-05-22/text/original/pdf,2026-09-15T12:56:04Z,pdf_native,false,raw/au/housing_loans_guarantees_australian_capital_territory_act_1959/20260915T1256Z__native.pdf,Housing Loans Guarantees (Australian Capital Territory) Act 1959,"No. 46, 1959",,,requests,200,raw/au/housing_loans_guarantees_australian_capital_territory_act_1959/20260915T1256Z__native.pdf.headers.json,application/pdf,833cf1242e63c8e175dbb99c84ce927eb43e2cca4bdce9dc42f29e232db09a85,106580,2,,,,corpus AU_corpus_2026-09-19: from AU_ws_2026-09-15; flags as_made_short_act,,1959-05-22,,InForce
0.2.0,,au-csa1981-001,AU,https://www.legislation.gov.au/C2004A02424/2016-07-01/2016-07-01/text/original/epub,2026-09-15T14:05:32Z,html,,raw/au/customs_securities_penalties_act_1981/20260915T1405Z__page.html,Customs Securities (Penalties) Act 1981,"No. 46, 1981",,,requests,200,raw/au/customs_securities_penalties_act_1981/20260915T1405Z__page.html.headers.json,text/html,69570cf4573d7d663d327f62f6b79b8b9c3514de2ac1997dfde57efeea29009b,37540,,,,,corpus AU_corpus_2026-09-19: from AU_ws_2026-09-15,,1981-05-14,,InForce
0.2.0,,au-ssa1991-001,AU,https://www.legislation.gov.au/C2004A04121/2026-07-01/2026-07-01/text/original/epub,2026-09-15T14:38:46Z,html,,raw/au/social_security_act_1991/20260915T1438Z__page.html,Social Security Act 1991,"No. 46, 1991",,,requests,200,raw/au/social_security_act_1991/20260915T1438Z__page.html.headers.json,text/html,903b69f8be15f12f963ee4635d1538e0eafafb998b4df79c46aa92efb42c42c5,16283390,,,,,corpus AU_corpus_2026-09-19: from AU_ws_2026-09-15,,1991-04-23,,InForce
0.2.0,,au-absfa2019-001,AU,https://www.legislation.gov.au/C2019A00046/asmade/2019-04-05/text/original/pdf,2026-09-15T16:24:17Z,pdf_native,false,raw/au/australian_business_securitisation_fund_act_2019/20260915T1624Z__native.pdf,Australian Business Securitisation Fund Act 2019,"No. 46, 2019",,,requests,200,raw/au/australian_business_securitisation_fund_act_2019/20260915T1624Z__native.pdf.headers.json,application/pdf,59b8325ad7f47cbb3df80bd6c3b090ca2686304b001e8697c064c3c52a8ae5ce,585035,16,,,,corpus AU_corpus_2026-09-19: from AU_ws_2026-09-15,,2019-04-05,,InForce
0.2.0,,au-pelrcatpa2026-001,AU,https://www.legislation.gov.au/C2026A00046/asmade/2026-05-20/text/original/pdf,2026-09-15T16:57:48Z,pdf_native,false,raw/au/public_and_educational_lending_rights_better_income_for_authors_consequential_amendments_and_transitional_provisions_act_2026/20260915T1657Z__native.pdf,Public and Educational Lending Rights (Better Income for Authors) Consequential Amendments and Transitional Provisions Act 2026,"No. 46, 2026",,,requests,200,raw/au/public_and_educational_lending_rights_better_income_for_authors_consequential_amendments_and_transitional_provisions_act_2026/20260915T1657Z__native.pdf.headers.json,application/pdf,e920d6e2c930db7a7e00553c73d8e5f13980e55e142b01aaa884b7056573bf31,284800,11,,,,corpus AU_corpus_2026-09-19: from AU_ws_2026-09-15,,2026-05-20,,InForce
0.2.0,,au-hlga19596ea0-001,AU,https://www.legislation.gov.au/C1959A00047/asmade/1959-05-22/text/original/pdf,2026-09-15T12:56:15Z,pdf_native,false,raw/au/housing_loans_guarantees_northern_territory_act_1959/20260915T1256Z__native.pdf,Housing Loans Guarantees (Northern Territory) Act 1959,"No. 47, 1959",,,requests,200,raw/au/housing_loans_guarantees_northern_territory_act_1959/20260915T1256Z__native.pdf.headers.json,application/pdf,0236dd23e011d513d23759b443b3fc5f64ee50bd10ef1f5ddaecfab7a8044d76,101761,2,,,,corpus AU_corpus_2026-09-19: from AU_ws_2026-09-15; flags as_made_short_act,,1959-05-22,,InForce
0.2.0,,au-pjraa1973-001,AU,https://www.legislation.gov.au/C2004A00035/asmade/1973-06-08/text/original/pdf,2026-09-15T13:12:22Z,pdf_native,false,raw/au/parliamentary_and_judicial_retiring_allowances_act_1973/20260915T1312Z__native.pdf,Parliamentary and Judicial Retiring Allowances Act 1973,"No. 47, 1973",,,requests,200,raw/au/parliamentary_and_judicial_retiring_allowances_act_1973/20260915T1312Z__native.pdf.headers.json,application/pdf,741207287d0a2c6d2824ff745f460eb2bdfa06ddbff0de4ec26aeff6cd220099,631657,28,,,,corpus AU_corpus_2026-09-19: from AU_ws_2026-09-15,,1973-06-08,,InForce
0.2.0,,au-cua1981-001,AU,https://www.legislation.gov.au/C2004A02425/2016-07-01/2016-07-01/text/original/epub,2026-09-15T14:05:46Z,html,,raw/au/customs_undertakings_penalties_act_1981/20260915T1405Z__page.html,Customs Undertakings (Penalties) Act 1981,"No. 47, 1981",,,requests,200,raw/au/customs_undertakings_penalties_act_1981/20260915T1405Z__page.html.headers.json,text/html,9c2b36664e19f1681122c5baa4f9417b9008a74c40e52d91b72645ff739dcd9f,41363,,,,,corpus AU_corpus_2026-09-19: from AU_ws_2026-09-15,,1981-05-14,,InForce
0.2.0,,au-avcca1994-001,AU,https://www.legislation.gov.au/C2004A04723/2024-10-14/2024-10-14/text/original/epub,2026-09-15T14:55:40Z,html,,raw/au/agricultural_and_veterinary_chemicals_code_act_1994/20260915T1455Z__page.html,Agricultural and Veterinary Chemicals Code Act 1994,"No. 47, 1994",,,requests,200,raw/au/agricultural_and_veterinary_chemicals_code_act_1994/20260915T1455Z__page.html.headers.json,text/html,155288369499ff9cfadabff99d69211ce4208166df0aa497a3e9e93d098c51cd,1784436,,,,,corpus AU_corpus_2026-09-19: from AU_ws_2026-09-15,,1994-03-24,,InForce
0.2.0,,au-ta1997-001,AU,https://www.legislation.gov.au/C2004A05145/2026-06-04/2026-06-04/text/original/epub,2026-09-15T15:06:14Z,html,,raw/au/telecommunications_act_1997/20260915T1506Z__page.html,Telecommunications Act 1997,"No. 47, 1997",,,requests,200,raw/au/telecommunications_act_1997/20260915T1506Z__page.html.headers.json,text/html,cb98e8b537475d841df11d8b8f876fa7634b16840e00d6050b39479b0b99bf9c,6236068,,,,,corpus AU_corpus_2026-09-19: from AU_ws_2026-09-15,,1997-04-22,,InForce
0.2.0,,au-rsra2012-001,AU,https://www.legislation.gov.au/C2012A00047/asmade/2012-04-16/text/original/pdf,2026-09-15T15:51:10Z,pdf_native,false,raw/au/road_safety_remuneration_consequential_amendments_and_related_provisions_act_2012/20260915T1551Z__native.pdf,Road Safety Remuneration (Consequential Amendments and Related Provisions) Act 2012,"No. 47, 2012",,,requests,200,raw/au/road_safety_remuneration_consequential_amendments_and_related_provisions_act_2012/20260915T1551Z__native.pdf.headers.json,application/pdf,ed977a9cd3530e8f48fa7962723389043e69f716f561726d9dcf93d48ee88c53,235535,9,,,,corpus AU_corpus_2026-09-19: from AU_ws_2026-09-15,,2012-04-16,,InForce
0.2.0,,au-aa2025-001,AU,https://www.legislation.gov.au/C2024A00047/asmade/2024-06-26/text/original/pdf,2026-09-15T16:42:42Z,pdf_native,false,raw/au/appropriation_act_no_1_2024_2025/20260915T1642Z__native.pdf,Appropriation Act (No. 1) 2024-2025,"No. 47, 2024",,,requests,200,raw/au/appropriation_act_no_1_2024_2025/20260915T1642Z__native.pdf.headers.json,application/pdf,d4b4fe70f172bbd856032904dbc16644bdc6d84b85916023802349b0da645a1f,725460,172,,,,corpus AU_corpus_2026-09-19: from AU_ws_2026-09-15,,2024-06-26,,InForce
0.2.0,,au-aa2026-001,AU,https://www.legislation.gov.au/C2025A00047/asmade/2025-10-29/text/original/pdf,2026-09-15T16:50:49Z,pdf_native,false,raw/au/appropriation_act_no_1_2025_2026/20260915T1650Z__native.pdf,Appropriation Act (No. 1) 2025-2026,"No. 47, 2025",,,requests,200,raw/au/appropriation_act_no_1_2025_2026/20260915T1650Z__native.pdf.headers.json,application/pdf,9bacf6d53ccaf34925d9973e900a767bf0226af788ad8ceacbbdfba474721d4b,737149,174,,,,corpus AU_corpus_2026-09-19: from AU_ws_2026-09-15,,2025-10-29,,InForce
0.2.0,,au-wca1945-001,AU,https://www.legislation.gov.au/C1945A00048/2018-05-23/2018-05-23/text/original/epub,2026-09-15T12:46:56Z,html,,raw/au/war_crimes_act_1945/20260915T1246Z__page.html,War Crimes Act 1945,"No. 48, 1945",,,requests,200,raw/au/war_crimes_act_1945/20260915T1246Z__page.html.headers.json,text/html,ee81387f3b4ca895466220218eea5eef8c3fc8a9f9c8343170c767a671e4d57a,108936,,,,,corpus AU_corpus_2026-09-19: from AU_ws_2026-09-15,,1945-10-11,,InForce
0.2.0,,au-ata1960-001,AU,https://www.legislation.gov.au/C1960A00048/2008-07-04/2008-07-04/text/original/epub,2026-09-15T12:57:12Z,html,,raw/au/antarctic_treaty_act_1960/20260915T1257Z__page.html,Antarctic Treaty Act 1960,"No. 48, 1960",,,requests,200,raw/au/antarctic_treaty_act_1960/20260915T1257Z__page.html.headers.json,text/html,577e66d6a7449c4eb34cd04bce41dedde0c6735dfafeaaa12a47372f0527f574,45603,,,,,corpus AU_corpus_2026-09-19: from AU_ws_2026-09-15,,1960-11-02,,InForce
0.2.0,,au-ita2016-001,AU,https://www.legislation.gov.au/C2016A00048/asmade/2016-05-05/text/original/pdf,2026-09-15T16:13:30Z,pdf_native,false,raw/au/income_tax_attribution_managed_investment_trusts_offsets_act_2016/20260915T1613Z__native.pdf,Income Tax (Attribution Managed Investment Trusts—Offsets) Act 2016,"No. 48, 2016",,,requests,200,raw/au/income_tax_attribution_managed_investment_trusts_offsets_act_2016/20260915T1613Z__native.pdf.headers.json,application/pdf,2e3226ff9e65879a8c2e9a81fe9e474a12e9fb90bb1022de6b15c4060c751350,434506,7,,,,corpus AU_corpus_2026-09-19: from AU_ws_2026-09-15,,2016-05-05,,InForce
0.2.0,,au-tca2020-001,AU,https://www.legislation.gov.au/C2020A00048/asmade/2020-05-25/text/original/pdf,2026-09-15T16:28:04Z,pdf_native,false,raw/au/telecommunications_regional_broadband_scheme_charge_act_2020/20260915T1628Z__native.pdf,Telecommunications (Regional Broadband Scheme) Charge Act 2020,"No. 48, 2020",,,requests,200,raw/au/telecommunications_regional_broadband_scheme_charge_act_2020/20260915T1628Z__native.pdf.headers.json,application/pdf,3e729bc9737776dc50662700989d3156ef7fa6c1fbb30263e0d6f76350771396,637865,23,,,,corpus AU_corpus_2026-09-19: from AU_ws_2026-09-15,,2020-05-25,,InForce
0.2.0,,au-aa202509d5-001,AU,https://www.legislation.gov.au/C2024A00048/asmade/2024-06-26/text/original/pdf,2026-09-15T16:42:57Z,pdf_native,false,raw/au/appropriation_act_no_2_2024_2025/20260915T1642Z__native.pdf,Appropriation Act (No. 2) 2024-2025,"No. 48, 2024",,,requests,200,raw/au/appropriation_act_no_2_2024_2025/20260915T1642Z__native.pdf.headers.json,application/pdf,43eab3585aa374a4103a2adc3b549356166e97116c03fb972ebcdc653013406d,540889,102,,,,corpus AU_corpus_2026-09-19: from AU_ws_2026-09-15,,2024-06-26,,InForce
0.2.0,,au-aa2026703d-001,AU,https://www.legislation.gov.au/C2025A00048/asmade/2025-10-29/text/original/pdf,2026-09-15T16:51:01Z,pdf_native,false,raw/au/appropriation_act_no_2_2025_2026/20260915T1651Z__native.pdf,Appropriation Act (No. 2) 2025-2026,"No. 48, 2025",,,requests,200,raw/au/appropriation_act_no_2_2025_2026/20260915T1651Z__native.pdf.headers.json,application/pdf,5f8d5ba8a017addcc2c7e52c373e6f15bf6eefea5935cfce366c3ec7c6e79d14,530485,97,,,,corpus AU_corpus_2026-09-19: from AU_ws_2026-09-15,,2025-10-29,,InForce
0.2.0,,au-ta199795b5-001,AU,https://www.legislation.gov.au/C2004A05147/2018-06-19/2018-06-19/text/original/epub,2026-09-15T15:06:26Z,html,,raw/au/telecommunications_carrier_licence_charges_act_1997/20260915T1506Z__page.html,Telecommunications (Carrier Licence Charges) Act 1997,"No. 49, 1997",,,requests,200,raw/au/telecommunications_carrier_licence_charges_act_1997/20260915T1506Z__page.html.headers.json,text/html,3a79173e79e925401889a628c9ca292ec8745782eadfda8986fe2eafc49edaa8,60476,,,,,corpus AU_corpus_2026-09-19: from AU_ws_2026-09-15,,1997-04-22,,InForce
0.2.0,,au-nbtsa2002-001,AU,https://www.legislation.gov.au/C2004A00981/asmade/2002-06-29/text/original/pdf,2026-09-15T13:39:47Z,pdf_native,false,raw/au/new_business_tax_system_over_franking_tax_act_2002/20260915T1339Z__native.pdf,New Business Tax System (Over-franking Tax) Act 2002,"No. 49, 2002",,,requests,200,raw/au/new_business_tax_system_over_franking_tax_act_2002/20260915T1339Z__native.pdf.headers.json,application/pdf,11273241888bf81dc0b990d7a7b957f3a3f607b40b6a7a0b908c21f93d8bd29b,19617,6,,,,corpus AU_corpus_2026-09-19: from AU_ws_2026-09-15,,2002-06-29,,InForce
0.2.0,,au-aa2025c54a-001,AU,https://www.legislation.gov.au/C2024A00049/asmade/2024-06-26/text/original/pdf,2026-09-15T16:43:11Z,pdf_native,false,raw/au/appropriation_parliamentary_departments_act_no_1_2024_2025/20260915T1643Z__native.pdf,Appropriation (Parliamentary Departments) Act (No. 1) 2024-2025,"No. 49, 2024",,,requests,200,raw/au/appropriation_parliamentary_departments_act_no_1_2024_2025/20260915T1643Z__native.pdf.headers.json,application/pdf,634cbf196beea300413b751da408196aa6a0006132c1e4dead980eef1cceae3b,313605,20,,,,corpus AU_corpus_2026-09-19: from AU_ws_2026-09-15,,2024-06-26,,InForce
0.2.0,,au-aa202656fa-001,AU,https://www.legislation.gov.au/C2025A00049/asmade/2025-10-29/text/original/pdf,2026-09-15T16:51:11Z,pdf_native,false,raw/au/appropriation_parliamentary_departments_act_no_1_2025_2026/20260915T1651Z__native.pdf,Appropriation (Parliamentary Departments) Act (No. 1) 2025-2026,"No. 49, 2025",,,requests,200,raw/au/appropriation_parliamentary_departments_act_no_1_2025_2026/20260915T1651Z__native.pdf.headers.json,application/pdf,99e87d43ffa4f25aed03a386177dacd7e1c670c7f1eba3d5e408d96f045688fb,317614,20,,,,corpus AU_corpus_2026-09-19: from AU_ws_2026-09-15,,2025-10-29,,InForce
0.2.0,,au-imaa1947-001,AU,https://www.legislation.gov.au/C1947A00005/2026-04-09/2026-04-09/text/original/epub,2026-09-15T12:47:43Z,html,,raw/au/international_monetary_agreements_act_1947/20260915T1247Z__page.html,International Monetary Agreements Act 1947,"No. 5, 1947",,,requests,200,raw/au/international_monetary_agreements_act_1947/20260915T1247Z__page.html.headers.json,text/html,ff63643d2c6d0c158a7ad9aa43f785d720e98e21c0810d45787c007f6307a74e,147503,,,,,corpus AU_corpus_2026-09-19: from AU_ws_2026-09-15,,1947-04-02,,InForce
0.2.0,,au-cfa1955-001,AU,https://www.legislation.gov.au/C1955A00005/2016-05-01/2016-05-01/text/original/epub,2026-09-15T12:52:52Z,html,,raw/au/consular_fees_act_1955/20260915T1252Z__page.html,Consular Fees Act 1955,"No. 5, 1955",,,requests,200,raw/au/consular_fees_act_1955/20260915T1252Z__page.html.headers.json,text/html,d9b1444a7b4cafe1bdcf37616a799d99d0078434bc7c4f6e512f0be8550a2f6b,43618,,,,,corpus AU_corpus_2026-09-19: from AU_ws_2026-09-15,,1955-05-23,,InForce
0.2.0,,au-cba1959-001,AU,https://www.legislation.gov.au/C1959A00005/2023-06-24/2023-06-24/text/original/epub,2026-09-15T12:55:38Z,html,,raw/au/commonwealth_banks_act_1959/20260915T1255Z__page.html,Commonwealth Banks Act 1959,"No. 5, 1959",,,requests,200,raw/au/commonwealth_banks_act_1959/20260915T1255Z__page.html.headers.json,text/html,474c18d8afefd8aa30b1f2fea7a4ca9fc6de8921a28a6bb0828d5402816c1456,299876,,,,,corpus AU_corpus_2026-09-19: from AU_ws_2026-09-15,,1959-04-23,,InForce
0.2.0,,au-ppoa1965-001,AU,https://www.legislation.gov.au/C1965A00005/2015-12-10/2015-12-10/text/original/epub,2026-09-15T13:00:40Z,html,,raw/au/parliamentary_presiding_officers_act_1965/20260915T1300Z__page.html,Parliamentary Presiding Officers Act 1965,"No. 5, 1965",,,requests,200,raw/au/parliamentary_presiding_officers_act_1965/20260915T1300Z__page.html.headers.json,text/html,ae04e4c6f202d17f16d3a9dc88db3a5c3c9a9aa6f6a56121078f95a174a754cf,41249,,,,,corpus AU_corpus_2026-09-19: from AU_ws_2026-09-15,,1965-04-12,,InForce
0.2.0,,au-la1980-001,AU,https://www.legislation.gov.au/C2004A02206/asmade/1980-03-24/text/original/pdf,2026-09-15T14:01:02Z,pdf_native,false,raw/au/loan_war_service_land_settlement_act_1980/20260915T1401Z__native.pdf,Loan (War Service Land Settlement) Act 1980,"No. 5, 1980",,,requests,200,raw/au/loan_war_service_land_settlement_act_1980/20260915T1401Z__native.pdf.headers.json,application/pdf,570d0f1644fe04b2b8de4977da9a3befb95142e570a2cc9717a0815355ee0e5e,130368,1,,,,corpus AU_corpus_2026-09-19: from AU_ws_2026-09-15; flags as_made_short_act,,1980-03-24,,InForce
0.2.0,,au-lfea1984-001,AU,https://www.legislation.gov.au/C2004A02869/2025-12-05/2025-12-05/text/original/epub,2026-09-15T14:12:49Z,html,,raw/au/liquid_fuel_emergency_act_1984/20260915T1412Z__page.html,Liquid Fuel Emergency Act 1984,"No. 5, 1984",,,requests,200,raw/au/liquid_fuel_emergency_act_1984/20260915T1412Z__page.html.headers.json,text/html,0b3e3a291c059f9d02734e6f2fbba6ca39cadf2ef3899328a33edf5b898d42e9,335787,,,,,corpus AU_corpus_2026-09-19: from AU_ws_2026-09-15,,1984-03-27,,InForce
0.2.0,,au-apa2005-001,AU,https://www.legislation.gov.au/C2005A00005/2025-11-08/2025-11-08/text/original/epub,2026-09-15T15:15:52Z,html,,raw/au/australian_passports_act_2005/20260915T1515Z__page.html,Australian Passports Act 2005,"No. 5, 2005",,,requests,200,raw/au/australian_passports_act_2005/20260915T1515Z__page.html.headers.json,text/html,d50814454188e7d7fc062f03c7bf8052084368956b046bd8e80d7c8e5b431a45,299346,,,,,corpus AU_corpus_2026-09-19: from AU_ws_2026-09-15,,2005-02-18,,InForce
0.2.0,,au-vsla2020-001,AU,https://www.legislation.gov.au/C2020A00005/asmade/2020-01-01/text/original/pdf,2026-09-15T16:26:30Z,pdf_native,false,raw/au/vet_student_loans_vsl_tuition_protection_levy_act_2020/20260915T1626Z__native.pdf,VET Student Loans (VSL Tuition Protection Levy) Act 2020,"No. 5, 2020",,,requests,200,raw/au/vet_student_loans_vsl_tuition_protection_levy_act_2020/20260915T1626Z__native.pdf.headers.json,application/pdf,355a51f43c7064ac2319c194307c6d4f97de8b6a1cd6df15f6bfb81abd9392aa,598812,15,,,,corpus AU_corpus_2026-09-19: from AU_ws_2026-09-15,,2020-02-17,,InForce
0.2.0,,au-aa202580d3-001,AU,https://www.legislation.gov.au/C2025A00005/asmade/2025-02-14/text/original/pdf,2026-09-15T16:49:14Z,pdf_native,false,raw/au/appropriation_act_no_4_2024_2025/20260915T1649Z__native.pdf,Appropriation Act (No. 4) 2024-2025,"No. 5, 2025",,,requests,200,raw/au/appropriation_act_no_4_2024_2025/20260915T1649Z__native.pdf.headers.json,application/pdf,54a06a5a4289e0c4a3fea4043ed27da7c8b494f8daa9fb5ce2f4fa846fbdab38,429490,54,,,,corpus AU_corpus_2026-09-19: from AU_ws_2026-09-15,,2025-02-14,,InForce
0.2.0,,au-ana1920-001,AU,https://www.legislation.gov.au/C1920A00050/2024-10-14/2024-10-14/text/original/epub,2026-09-15T12:42:23Z,html,,raw/au/air_navigation_act_1920/20260915T1242Z__page.html,Air Navigation Act 1920,"No. 50, 1920",,,requests,200,raw/au/air_navigation_act_1920/20260915T1242Z__page.html.headers.json,text/html,6bbf0dc952cb295c62013b0d74107b3dfb0dc7f9036160d82743aebceb00b621,597351,,,,,corpus AU_corpus_2026-09-19: from AU_ws_2026-09-15,,1920-12-02,,InForce
0.2.0,,au-ioa1963-001,AU,https://www.legislation.gov.au/C1963A00050/2023-09-20/2023-09-20/text/original/epub,2026-09-15T12:59:22Z,html,,raw/au/international_organisations_privileges_and_immunities_act_1963/20260915T1259Z__page.html,International Organisations (Privileges and Immunities) Act 1963,"No. 50, 1963",,,requests,200,raw/au/international_organisations_privileges_and_immunities_act_1963/20260915T1259Z__page.html.headers.json,text/html,453ad845673e3a6ab98bc5ba2702879a23e3cd9cacf6c808e3e444c55bf71923,186050,,,,,corpus AU_corpus_2026-09-19: from AU_ws_2026-09-15,,1963-10-18,,InForce
0.2.0,,au-ita1986-001,AU,https://www.legislation.gov.au/C2004A03291/asmade/1986-06-24/text/original/pdf,2026-09-15T14:20:10Z,pdf_native,false,raw/au/income_tax_securities_and_agreements_withholding_tax_recoupment_act_1986/20260915T1420Z__native.pdf,Income Tax (Securities and Agreements) (Withholding Tax Recoupment) Act 1986,"No. 50, 1986",,,requests,200,raw/au/income_tax_securities_and_agreements_withholding_tax_recoupment_act_1986/20260915T1420Z__native.pdf.headers.json,application/pdf,24be5d28f9b8edd430f4021c042f4a0fc56c993bbe8eda49fb89a61862f1e69f,654342,6,,,,corpus AU_corpus_2026-09-19: from AU_ws_2026-09-15,,1986-06-24,,InForce
0.2.0,,au-ta1991-001,AU,https://www.legislation.gov.au/C2004A04125/2016-07-01/2016-07-01/text/original/epub,2026-09-15T14:39:00Z,html,,raw/au/trusts_hague_convention_act_1991/20260915T1439Z__page.html,Trusts (Hague Convention) Act 1991,"No. 50, 1991",,,requests,200,raw/au/trusts_hague_convention_act_1991/20260915T1439Z__page.html.headers.json,text/html,533258829ca1cab7fd5c77d36adaae13c9ec37c83076d12bfc92c1329e808730,62897,,,,,corpus AU_corpus_2026-09-19: from AU_ws_2026-09-15,,1991-04-24,,InForce
0.2.0,,au-apraa1998-001,AU,https://www.legislation.gov.au/C2004A00310/2024-03-15/2024-03-15/text/original/epub,2026-09-15T13:18:42Z,html,,raw/au/australian_prudential_regulation_authority_act_1998/20260915T1318Z__page.html,Australian Prudential Regulation Authority Act 1998,"No. 50, 1998",,,requests,200,raw/au/australian_prudential_regulation_authority_act_1998/20260915T1318Z__page.html.headers.json,text/html,252819dfbfd927c4d3230c361d2d3a7c8df9fd3ec7a07dc263f276d0ba05772a,438405,,,,,corpus AU_corpus_2026-09-19: from AU_ws_2026-09-15,,1998-06-29,,InForce
0.2.0,,au-ta1999-001,AU,https://www.legislation.gov.au/C2004A00441/2025-10-31/2025-10-31/text/original/epub,2026-09-15T13:23:21Z,html,,raw/au/telecommunications_consumer_protection_and_service_standards_act_1999/20260915T1323Z__page.html,Telecommunications (Consumer Protection and Service Standards) Act 1999,"No. 50, 1999",,,requests,200,raw/au/telecommunications_consumer_protection_and_service_standards_act_1999/20260915T1323Z__page.html.headers.json,text/html,4e5c81bed79d8aedbbf7580ad78a42e8630b9a06ef206d626b7f69c34282c30d,1432552,,,,,corpus AU_corpus_2026-09-19: from AU_ws_2026-09-15,,1999-07-05,,InForce
0.2.0,,au-ca2001-001,AU,https://www.legislation.gov.au/C2004A00818/2026-08-27/2026-08-27/text/original/epub,2026-09-15T13:36:56Z,html,,raw/au/corporations_act_2001/20260915T1336Z__page.html,Corporations Act 2001,"No. 50, 2001",,,requests,200,raw/au/corporations_act_2001/20260915T1336Z__page.html.headers.json,text/html,345c69cdb1b71e05c84e016d482f580a2fe0b294da2863be2d13d694f5202c46,22692692,,,,,corpus AU_corpus_2026-09-19: from AU_ws_2026-09-15,,2001-06-28,,InForce
0.2.0,,au-nbtsa20026bec-001,AU,https://www.legislation.gov.au/C2004A00982/asmade/2002-06-29/text/original/pdf,2026-09-15T13:39:58Z,pdf_native,false,raw/au/new_business_tax_system_franking_deficit_tax_act_2002/20260915T1339Z__native.pdf,New Business Tax System (Franking Deficit Tax) Act 2002,"No. 50, 2002",,,requests,200,raw/au/new_business_tax_system_franking_deficit_tax_act_2002/20260915T1339Z__native.pdf.headers.json,application/pdf,cce335d2b06b477ea7b960227a73d392dccfaedbba824d31b8eba8b149becafd,21746,8,,,,corpus AU_corpus_2026-09-19: from AU_ws_2026-09-15,,2002-06-29,,InForce
0.2.0,,au-faolaa2012-001,AU,https://www.legislation.gov.au/C2012A00050/2012-05-27/2012-05-27/text/original/epub,2026-09-15T15:51:24Z,html,,raw/au/family_assistance_and_other_legislation_amendment_schoolkids_bonus_budget_measures_act_2012/20260915T1551Z__page.html,Family Assistance and Other Legislation Amendment (Schoolkids Bonus Budget Measures) Act 2012,"No. 50, 2012",,,requests,200,raw/au/family_assistance_and_other_legislation_amendment_schoolkids_bonus_budget_measures_act_2012/20260915T1551Z__page.html.headers.json,text/html,13e349b6a8b4e62d6828225c6e60f9ad6fcafe88b823b0b78bef0ae83cf7d2b5,272459,,,,,corpus AU_corpus_2026-09-19: from AU_ws_2026-09-15,,2012-05-26,,InForce
0.2.0,,au-fwaa2022-001,AU,https://www.legislation.gov.au/C2022A00050/asmade/2022-11-09/text/original/pdf,2026-09-15T16:34:46Z,pdf_native,false,raw/au/fair_work_amendment_paid_family_and_domestic_violence_leave_act_2022/20260915T1634Z__native.pdf,Fair Work Amendment (Paid Family and Domestic Violence Leave) Act 2022,"No. 50, 2022",,,requests,200,raw/au/fair_work_amendment_paid_family_and_domestic_violence_leave_act_2022/20260915T1634Z__native.pdf.headers.json,application/pdf,857128adf6a254707599499210f8cc607235ca573bc0323c588a2773473b9a3b,838391,23,,,,corpus AU_corpus_2026-09-19: from AU_ws_2026-09-15,,2022-11-09,,InForce
0.2.0,,au-cca2010-001,AU,https://www.legislation.gov.au/C2004A00109/2026-08-27/2026-08-27/text/original/epub,2026-09-15T13:15:10Z,html,,raw/au/competition_and_consumer_act_2010/20260915T1315Z__page.html,Competition and Consumer Act 2010,"No. 51, 1974",,,requests,200,raw/au/competition_and_consumer_act_2010/20260915T1315Z__page.html.headers.json,text/html,0900d9e2a0b2a4f779dc540d8eac390c47fdde00b0091d2fb8bd954178c8f94e,11423114,,,,,corpus AU_corpus_2026-09-19: from AU_ws_2026-09-15,,1974-08-24,,InForce
0.2.0,,au-qala1979-001,AU,https://www.legislation.gov.au/C2004A02061/asmade/1979-06-14/text/original/pdf,2026-09-15T13:59:48Z,pdf_native,false,raw/au/qantas_airways_limited_loan_guarantee_act_1979/20260915T1359Z__native.pdf,Qantas Airways Limited (Loan Guarantee) Act 1979,"No. 51, 1979",,,requests,200,raw/au/qantas_airways_limited_loan_guarantee_act_1979/20260915T1359Z__native.pdf.headers.json,application/pdf,fe24ae5f6ae3efd9e907345f3700794ec6bc0dddf85bfa7216f53f29531df8f5,602928,7,,,,corpus AU_corpus_2026-09-19: from AU_ws_2026-09-15,,1979-06-14,,InForce
0.2.0,,au-ta19974310-001,AU,https://www.legislation.gov.au/C2004A05149/2019-12-12/2019-12-12/text/original/epub,2026-09-15T15:06:41Z,html,,raw/au/telecommunications_numbering_charges_act_1997/20260915T1506Z__page.html,Telecommunications (Numbering Charges) Act 1997,"No. 51, 1997",,,requests,200,raw/au/telecommunications_numbering_charges_act_1997/20260915T1506Z__page.html.headers.json,text/html,53d678615d86ebc5e7788fadf3b490fc082769f388484a26e92d569f711c1112,76593,,,,,corpus AU_corpus_2026-09-19: from AU_ws_2026-09-15,,1997-04-22,,InForce
0.2.0,,au-adtislia1998-001,AU,https://www.legislation.gov.au/C2004A00311/2020-06-20/2020-06-20/text/original/epub,2026-09-15T13:18:53Z,html,,raw/au/authorised_deposit_taking_institutions_supervisory_levy_imposition_act_1998/20260915T1318Z__page.html,Authorised Deposit-taking Institutions Supervisory Levy Imposition Act 1998,"No. 51, 1998",,,requests,200,raw/au/authorised_deposit_taking_institutions_supervisory_levy_imposition_act_1998/20260915T1318Z__page.html.headers.json,text/html,314dd9444e2c19a91225bd436f01eaeac2eec6c78a6eab7cf647c29fe095bf59,56438,,,,,corpus AU_corpus_2026-09-19: from AU_ws_2026-09-15,,1998-06-29,,InForce
0.2.0,,au-asica2001-001,AU,https://www.legislation.gov.au/C2004A00819/2026-07-07/2026-07-07/text/original/epub,2026-09-15T13:37:09Z,html,,raw/au/australian_securities_and_investments_commission_act_2001/20260915T1337Z__page.html,Australian Securities and Investments Commission Act 2001,"No. 51, 2001",,,requests,200,raw/au/australian_securities_and_investments_commission_act_2001/20260915T1337Z__page.html.headers.json,text/html,96e81979306e83512cb628177ecb4c987737b94b5f464c35e46d84243cdbba7c,2860804,,,,,corpus AU_corpus_2026-09-19: from AU_ws_2026-09-15,,2001-06-28,,InForce
0.2.0,,au-mrca2004-001,AU,https://www.legislation.gov.au/C2004A01285/2026-07-01/2026-07-01/text/original/epub,2026-09-15T13:47:50Z,html,,raw/au/military_rehabilitation_and_compensation_act_2004/20260915T1347Z__page.html,Military Rehabilitation and Compensation Act 2004,"No. 51, 2004",,,requests,200,raw/au/military_rehabilitation_and_compensation_act_2004/20260915T1347Z__page.html.headers.json,text/html,bd6e33f60ef623aa52563cb75db654842fc07aaff3ad093b4ef7db031157cc4a,3021440,,,,,corpus AU_corpus_2026-09-19: from AU_ws_2026-09-15,,2004-04-27,,InForce
0.2.0,,au-phia2009-001,AU,https://www.legislation.gov.au/C2009A00051/2025-11-18/2025-11-18/text/original/epub,2026-09-15T15:35:04Z,html,,raw/au/private_health_insurance_national_joint_replacement_register_levy_act_2009/20260915T1535Z__page.html,Private Health Insurance (National Joint Replacement Register Levy) Act 2009,"No. 51, 2009",,,requests,200,raw/au/private_health_insurance_national_joint_replacement_register_levy_act_2009/20260915T1535Z__page.html.headers.json,text/html,261591f3c7c14dff5d1fd021a5bf66991b9e771621c6a163db6757ddae43ffcd,55658,,,,,corpus AU_corpus_2026-09-19: from AU_ws_2026-09-15,,2009-06-24,,InForce
0.2.0,,au-fiaa2010-001,AU,https://www.legislation.gov.au/C2010A00051/2010-11-01/2010-11-01/text/original/epub,2026-09-15T15:39:11Z,html,,raw/au/freedom_of_information_amendment_reform_act_2010/20260915T1539Z__page.html,Freedom of Information Amendment (Reform) Act 2010,"No. 51, 2010",,,requests,200,raw/au/freedom_of_information_amendment_reform_act_2010/20260915T1539Z__page.html.headers.json,text/html,2e1ce06945443a97b5f527457f1024cec3c1629ef4c8174335f90a3a18fbf817,735842,,,,,corpus AU_corpus_2026-09-19: from AU_ws_2026-09-15,,2010-05-31,,InForce
0.2.0,,au-jsaa2022-001,AU,https://www.legislation.gov.au/C2022A00051/2023-08-18/2023-08-18/text/original/epub,2026-09-15T16:34:59Z,html,,raw/au/jobs_and_skills_australia_act_2022/20260915T1634Z__page.html,Jobs and Skills Australia Act 2022,"No. 51, 2022",,,requests,200,raw/au/jobs_and_skills_australia_act_2022/20260915T1634Z__page.html.headers.json,text/html,bbabad40cee43b86bdc5dc7eb003744f086610463a87820a8a0da0cc45af1a0e,139444,,,,,corpus AU_corpus_2026-09-19: from AU_ws_2026-09-15,,2022-11-09,,InForce
0.2.0,,au-aa20262644-001,AU,https://www.legislation.gov.au/C2026A00051/asmade/2026-06-26/text/original/pdf,2026-09-15T16:58:03Z,pdf_native,false,raw/au/appropriation_act_no_5_2025_2026/20260915T1658Z__native.pdf,Appropriation Act (No. 5) 2025-2026,"No. 51, 2026",,,requests,200,raw/au/appropriation_act_no_5_2025_2026/20260915T1658Z__native.pdf.headers.json,application/pdf,c9e3356984baeb331d997700c5b51ac336bc4d9b51c6f3b0b38fa2c59fa92002,598130,48,,,,corpus AU_corpus_2026-09-19: from AU_ws_2026-09-15,,2026-06-26,,InForce
0.2.0,,au-sda1959-001,AU,https://www.legislation.gov.au/C1959A00052/2024-01-01/2024-01-01/text/original/epub,2026-09-15T12:56:27Z,html,,raw/au/statutory_declarations_act_1959/20260915T1256Z__page.html,Statutory Declarations Act 1959,"No. 52, 1959",,,requests,200,raw/au/statutory_declarations_act_1959/20260915T1256Z__page.html.headers.json,text/html,f093fc9f9ce75b4f7893e4b2c39ffc9fee45ea5e6b7e5f06ffb0f2e532030e03,88628,,,,,corpus AU_corpus_2026-09-19: from AU_ws_2026-09-15,,1959-05-22,,InForce
0.2.0,,au-rda1975-001,AU,https://www.legislation.gov.au/C2004A00274/2022-12-13/2022-12-13/text/original/epub,2026-09-15T13:17:14Z,html,,raw/au/racial_discrimination_act_1975/20260915T1317Z__page.html,Racial Discrimination Act 1975,"No. 52, 1975",,,requests,200,raw/au/racial_discrimination_act_1975/20260915T1317Z__page.html.headers.json,text/html,002ea8c573c277e8e029a97b04db3b609e7bde99cbb730ff8b398f38a199ab1e,290887,,,,,corpus AU_corpus_2026-09-19: from AU_ws_2026-09-15,,1975-06-11,,InForce
0.2.0,,au-ssaa1995-001,AU,https://www.legislation.gov.au/C2004A04905/2026-07-01/2026-07-01/text/original/epub,2026-09-15T15:00:09Z,html,,raw/au/small_superannuation_accounts_act_1995/20260915T1500Z__page.html,Small Superannuation Accounts Act 1995,"No. 52, 1995",,,requests,200,raw/au/small_superannuation_accounts_act_1995/20260915T1500Z__page.html.headers.json,text/html,d1a2ac7f7301278dbe96ee4f11520c34062107a3b4daa54d55b72f58ccf9676f,420778,,,,,corpus AU_corpus_2026-09-19: from AU_ws_2026-09-15,,1995-06-23,,InForce
0.2.0,,au-anohcslia1998-001,AU,https://www.legislation.gov.au/C2004A00312/2020-06-20/2020-06-20/text/original/epub,2026-09-15T13:19:08Z,html,,raw/au/authorised_non_operating_holding_companies_supervisory_levy_imposition_act_1998/20260915T1319Z__page.html,Authorised Non-operating Holding Companies Supervisory Levy Imposition Act 1998,"No. 52, 1998",,,requests,200,raw/au/authorised_non_operating_holding_companies_supervisory_levy_imposition_act_1998/20260915T1319Z__page.html.headers.json,text/html,5edf56e13e4961e49cfc28cfa027a82b620f2570d0d6a802876d2e72d2ad757f,49324,,,,,corpus AU_corpus_2026-09-19: from AU_ws_2026-09-15,,1998-06-29,,InForce
0.2.0,,au-ca200134e8-001,AU,https://www.legislation.gov.au/C2004A00820/2023-10-20/2023-10-20/text/original/epub,2026-09-15T13:37:23Z,html,,raw/au/corporations_fees_act_2001/20260915T1337Z__page.html,Corporations (Fees) Act 2001,"No. 52, 2001",,,requests,200,raw/au/corporations_fees_act_2001/20260915T1337Z__page.html.headers.json,text/html,f33771a611f294c2315308b0f7a534c42b2ce2fbca5075ac223c61f85e62c115,81231,,,,,corpus AU_corpus_2026-09-19: from AU_ws_2026-09-15,,2001-06-28,,InForce
0.2.0,,au-mrca20043941-001,AU,https://www.legislation.gov.au/C2004A01286/2026-07-01/2026-07-01/text/original/epub,2026-09-15T13:48:00Z,html,,raw/au/military_rehabilitation_and_compensation_consequential_and_transitional_provisions_act_2004/20260915T1348Z__page.html,Military Rehabilitation and Compensation (Consequential and Transitional Provisions) Act 2004,"No. 52, 2004",,,requests,200,raw/au/military_rehabilitation_and_compensation_consequential_and_transitional_provisions_act_2004/20260915T1348Z__page.html.headers.json,text/html,7a234a494cd76d786910f0000b1283d67509152b914e3a88c2f0d67eeca787ae,420171,,,,,corpus AU_corpus_2026-09-19: from AU_ws_2026-09-15,,2004-04-27,,InForce
0.2.0,,au-aica2010-001,AU,https://www.legislation.gov.au/C2010A00052/2024-12-11/2024-12-11/text/original/epub,2026-09-15T15:39:25Z,html,,raw/au/australian_information_commissioner_act_2010/20260915T1539Z__page.html,Australian Information Commissioner Act 2010,"No. 52, 2010",,,requests,200,raw/au/australian_information_commissioner_act_2010/20260915T1539Z__page.html.headers.json,text/html,1b8c7a05f648933627a99d6f011102e89f64d11f5e0c040ebe8175422564169c,174108,,,,,corpus AU_corpus_2026-09-19: from AU_ws_2026-09-15,,2010-05-31,,InForce
0.2.0,,au-odamroa2020-001,AU,https://www.legislation.gov.au/C2020A00052/2024-07-10/2024-07-10/text/original/epub,2026-09-15T16:28:18Z,html,,raw/au/official_development_assistance_multilateral_replenishment_obligations_special_appropriation_act_2020/20260915T1628Z__page.html,Official Development Assistance Multilateral Replenishment Obligations (Special Appropriation) Act 2020,"No. 52, 2020",,,requests,200,raw/au/official_development_assistance_multilateral_replenishment_obligations_special_appropriation_act_2020/20260915T1628Z__page.html.headers.json,text/html,29aef6b54c65059ba9529184678712692cf07634ff333e8f3b127ca41ad762d3,43562,,,,,corpus AU_corpus_2026-09-19: from AU_ws_2026-09-15,,2020-06-16,,InForce
0.2.0,,au-cwpoa2025-001,AU,https://www.legislation.gov.au/C2025A00052/asmade/2025-11-04/text/original/pdf,2026-09-15T16:51:22Z,pdf_native,false,raw/au/commonwealth_workplace_protection_orders_act_2025/20260915T1651Z__native.pdf,Commonwealth Workplace Protection Orders Act 2025,"No. 52, 2025",,,requests,200,raw/au/commonwealth_workplace_protection_orders_act_2025/20260915T1651Z__native.pdf.headers.json,application/pdf,bfa8b3d3325943b477767496e17562afbde464cddf4f7d22c260b814eb0a19b5,325905,44,,,,corpus AU_corpus_2026-09-19: from AU_ws_2026-09-15,,2025-11-04,,InForce
0.2.0,,au-aa2026ed7d-001,AU,https://www.legislation.gov.au/C2026A00052/asmade/2026-06-26/text/original/pdf,2026-09-15T16:58:14Z,pdf_native,false,raw/au/appropriation_act_no_6_2025_2026/20260915T1658Z__native.pdf,Appropriation Act (No. 6) 2025-2026,"No. 52, 2026",,,requests,200,raw/au/appropriation_act_no_6_2025_2026/20260915T1658Z__native.pdf.headers.json,application/pdf,f96a5326d73cc5b275a341060336de55a8d689523fea8ed617b26e80cdfc2a41,500358,37,,,,corpus AU_corpus_2026-09-19: from AU_ws_2026-09-15,,2026-06-26,,InForce
0.2.0,,au-nda1967-001,AU,https://www.legislation.gov.au/C1967A00053/2024-10-14/2024-10-14/text/original/epub,2026-09-15T13:02:27Z,html,,raw/au/narcotic_drugs_act_1967/20260915T1302Z__page.html,Narcotic Drugs Act 1967,"No. 53, 1967",,,requests,200,raw/au/narcotic_drugs_act_1967/20260915T1302Z__page.html.headers.json,text/html,9228ccd299f1e0099040af8a5b0eec155b9b42c69f18ecc218e33706c8729db6,819090,,,,,corpus AU_corpus_2026-09-19: from AU_ws_2026-09-15,,1967-05-30,,InForce
0.2.0,,au-fla1975-001,AU,https://www.legislation.gov.au/C2004A00275/2025-06-10/2025-06-10/text/original/epub,2026-09-15T13:17:27Z,html,,raw/au/family_law_act_1975/20260915T1317Z__page.html,Family Law Act 1975,"No. 53, 1975",,,requests,200,raw/au/family_law_act_1975/20260915T1317Z__page.html.headers.json,text/html,0d176029de8971859853619a087cf54f65686abb3e4d5b68582e7ffc47cfe107,4416362,,,,,corpus AU_corpus_2026-09-19: from AU_ws_2026-09-15,,1975-06-12,,InForce
0.2.0,,au-fislca1998-001,AU,https://www.legislation.gov.au/C2004A00313/2025-02-21/2025-02-21/text/original/epub,2026-09-15T13:19:19Z,html,,raw/au/financial_institutions_supervisory_levies_collection_act_1998/20260915T1319Z__page.html,Financial Institutions Supervisory Levies Collection Act 1998,"No. 53, 1998",,,requests,200,raw/au/financial_institutions_supervisory_levies_collection_act_1998/20260915T1319Z__page.html.headers.json,text/html,63f7733a425e3b031e6acfbcf954671e37b5d414fdb10475c10d55e83e908395,155732,,,,,corpus AU_corpus_2026-09-19: from AU_ws_2026-09-15,,1998-06-29,,InForce
0.2.0,,au-cslaa2006-001,AU,https://www.legislation.gov.au/C2006A00053/2011-09-16/2011-09-16/text/original/epub,2026-09-15T15:19:31Z,html,,raw/au/child_support_legislation_amendment_reform_of_the_child_support_scheme_initial_measures_act_2006/20260915T1519Z__page.html,Child Support Legislation Amendment (Reform of the Child Support Scheme—Initial Measures) Act 2006,"No. 53, 2006",,,requests,200,raw/au/child_support_legislation_amendment_reform_of_the_child_support_scheme_initial_measures_act_2006/20260915T1519Z__page.html.headers.json,text/html,760ad879dde0f499161a4ba920c8cfd54996c4be55f9a3e0907d5eb28fb333f5,128067,,,,,corpus AU_corpus_2026-09-19: from AU_ws_2026-09-15,,2006-06-15,,InForce
0.2.0,,au-aa2007da6b-001,AU,https://www.legislation.gov.au/C2007A00053/2026-01-22/2026-01-22/text/original/epub,2026-09-15T15:26:44Z,html,,raw/au/auscheck_act_2007/20260915T1526Z__page.html,AusCheck Act 2007,"No. 53, 2007",,,requests,200,raw/au/auscheck_act_2007/20260915T1526Z__page.html.headers.json,text/html,047a8dfd43549f9861cf4904960054eeda6ef93300f92bdda6e629ee8c8ecb14,192998,,,,,corpus AU_corpus_2026-09-19: from AU_ws_2026-09-15,,2007-04-12,,InForce
0.2.0,,au-sra2012-001,AU,https://www.legislation.gov.au/C2012A00053/2024-10-14/2024-10-14/text/original/epub,2026-09-15T15:51:35Z,html,,raw/au/shipping_reform_tax_incentives_act_2012/20260915T1551Z__page.html,Shipping Reform (Tax Incentives) Act 2012,"No. 53, 2012",,,requests,200,raw/au/shipping_reform_tax_incentives_act_2012/20260915T1551Z__page.html.headers.json,text/html,5d8a2ae0810729a7aebd8dec216634414cb5d120b48835ea1760abc81bc9f138,118921,,,,,corpus AU_corpus_2026-09-19: from AU_ws_2026-09-15,,2012-06-21,,InForce
0.2.0,,au-cta2019-001,AU,https://www.legislation.gov.au/C2019A00053/2025-11-08/2025-11-08/text/original/epub,2026-09-15T16:24:29Z,html,,raw/au/counter_terrorism_temporary_exclusion_orders_act_2019/20260915T1624Z__page.html,Counter-Terrorism (Temporary Exclusion Orders) Act 2019,"No. 53, 2019",,,requests,200,raw/au/counter_terrorism_temporary_exclusion_orders_act_2019/20260915T1624Z__page.html.headers.json,text/html,4c6cfff86be6bba180ba34363ffc699716025d07389317369e6e4ace0b44d1d1,168969,,,,,corpus AU_corpus_2026-09-19: from AU_ws_2026-09-15,,2019-07-30,,InForce
0.2.0,,au-pwaa1920-001,AU,https://www.legislation.gov.au/C1920A00054/asmade/2014-02-28/text/original/pdf,2026-09-15T12:42:34Z,pdf_native,false,raw/au/protection_of_word_anzac_act_1920/20260915T1242Z__native.pdf,"Protection of Word ""Anzac"" Act 1920","No. 54, 1920",,,requests,200,raw/au/protection_of_word_anzac_act_1920/20260915T1242Z__native.pdf.headers.json,application/pdf,a80eabcfa0d01fba42215dbe61ad9d65993fcbbb5d0a19e446ea9e2128aa6d16,555610,10,,,,corpus AU_corpus_2026-09-19: from AU_ws_2026-09-15; flags renamed_since_enactment,,1920-12-02,,InForce
0.2.0,,au-usncsa1968-001,AU,https://www.legislation.gov.au/C1968A00054/asmade/2009-07-01/text/original/pdf,2026-09-15T13:03:48Z,pdf_native,false,raw/au/united_states_naval_communication_station_civilian_employees_act_1968/20260915T1303Z__native.pdf,United States Naval Communication Station (Civilian Employees) Act 1968,"No. 54, 1968",,,requests,200,raw/au/united_states_naval_communication_station_civilian_employees_act_1968/20260915T1303Z__native.pdf.headers.json,application/pdf,7f19f2f423c2af1b6c6eecac0144c1ce8a0c7f8c2f9c09958c7b654fae4c4cb4,301851,5,,,,corpus AU_corpus_2026-09-19: from AU_ws_2026-09-15,,1968-06-24,,InForce
0.2.0,,au-cgca1973-001,AU,https://www.legislation.gov.au/C1973A00054/2020-12-18/2020-12-18/text/original/epub,2026-09-15T13:09:35Z,html,,raw/au/commonwealth_grants_commission_act_1973/20260915T1309Z__page.html,Commonwealth Grants Commission Act 1973,"No. 54, 1973",,,requests,200,raw/au/commonwealth_grants_commission_act_1973/20260915T1309Z__page.html.headers.json,text/html,82e6a4a7341537cc4580e173c4bf12487e0466a3495166b0f5fe91379213f8f4,155600,,,,,corpus AU_corpus_2026-09-19: from AU_ws_2026-09-15,,1973-06-18,,InForce
0.2.0,,au-afra1988-001,AU,https://www.legislation.gov.au/C2004A03647/asmade/2013-12-01/text/original/pdf,2026-09-15T14:28:22Z,pdf_native,false,raw/au/aviation_fuel_revenues_special_appropriation_act_1988/20260915T1428Z__native.pdf,Aviation Fuel Revenues (Special Appropriation) Act 1988,"No. 54, 1988",,,requests,200,raw/au/aviation_fuel_revenues_special_appropriation_act_1988/20260915T1428Z__native.pdf.headers.json,application/pdf,c5c75a76fc53788f2ca5e3b64003b5061d9192afbe311ee44233af299d2ec96a,239418,3,,,,corpus AU_corpus_2026-09-19: from AU_ws_2026-09-15; flags as_made_short_act,,1988-06-15,,InForce
0.2.0,,au-smeclsa1993-001,AU,https://www.legislation.gov.au/C2004A04609/2018-03-30/2018-03-30/text/original/epub,2026-09-15T14:51:58Z,html,,raw/au/snowy_mountains_engineering_corporation_limited_sale_act_1993/20260915T1451Z__page.html,Snowy Mountains Engineering Corporation Limited Sale Act 1993,"No. 54, 1993",,,requests,200,raw/au/snowy_mountains_engineering_corporation_limited_sale_act_1993/20260915T1451Z__page.html.headers.json,text/html,03f5fbf4d05a8f08bed456cdb7fc40586fd3cb620d556724fe7c92852ecd188e,145345,,,,,corpus AU_corpus_2026-09-19: from AU_ws_2026-09-15,,1993-10-27,,InForce
0.2.0,,au-fsra1998-001,AU,https://www.legislation.gov.au/C2004A00314/asmade/1999-12-05/text/original/pdf,2026-09-15T13:19:31Z,pdf_native,false,raw/au/financial_sector_reform_amendments_and_transitional_provisions_act_1998/20260915T1319Z__native.pdf,Financial Sector Reform (Amendments and Transitional Provisions) Act 1998,"No. 54, 1998",,,requests,200,raw/au/financial_sector_reform_amendments_and_transitional_provisions_act_1998/20260915T1319Z__native.pdf.headers.json,application/pdf,27c46b34b12cf25345e02d3ea5ee3279c29a7dc974373b376586389418596b01,467130,236,,,,corpus AU_corpus_2026-09-19: from AU_ws_2026-09-15,,1998-06-29,,InForce
0.2.0,,au-ca2001950f-001,AU,https://www.legislation.gov.au/C2004A00822/2023-10-20/2023-10-20/text/original/epub,2026-09-15T13:37:33Z,html,,raw/au/corporations_national_guarantee_fund_levies_act_2001/20260915T1337Z__page.html,Corporations (National Guarantee Fund Levies) Act 2001,"No. 54, 2001",,,requests,200,raw/au/corporations_national_guarantee_fund_levies_act_2001/20260915T1337Z__page.html.headers.json,text/html,b43d97d0a0ec1625eae9d8aeabe43e74b83a71f4123c7d430a308e9166ce03d2,42133,,,,,corpus AU_corpus_2026-09-19: from AU_ws_2026-09-15,,2001-06-28,,InForce
0.2.0,,au-atracica2011-001,AU,https://www.legislation.gov.au/C2011A00054/2016-03-05/2016-03-05/text/original/epub,2026-09-15T15:43:41Z,html,,raw/au/australian_transaction_reports_and_analysis_centre_industry_contribution_act_2011/20260915T1543Z__page.html,Australian Transaction Reports and Analysis Centre Industry Contribution Act 2011,"No. 54, 2011",,,requests,200,raw/au/australian_transaction_reports_and_analysis_centre_industry_contribution_act_2011/20260915T1543Z__page.html.headers.json,text/html,fb9d4c76e7a3ee8dafa5a69a2f3399480defe178007fd21bbc19984721378c1c,50924,,,,,corpus AU_corpus_2026-09-19: from AU_ws_2026-09-15,,2011-06-28,,InForce
0.2.0,,au-aa2027-001,AU,https://www.legislation.gov.au/C2026A00054/asmade/2026-06-30/text/original/pdf,2026-09-15T16:58:28Z,pdf_native,false,raw/au/appropriation_act_no_1_2026_2027/20260915T1658Z__native.pdf,Appropriation Act (No. 1) 2026‑2027,"No. 54, 2026",,,requests,200,raw/au/appropriation_act_no_1_2026_2027/20260915T1658Z__native.pdf.headers.json,application/pdf,1bc230cec56cdbc55cfe37b8f470ade63cb06a162c9c369376db4b8358e7c634,1243415,176,,,,corpus AU_corpus_2026-09-19: from AU_ws_2026-09-15,,2026-06-30,,InForce
0.2.0,,au-ita1971-001,AU,https://www.legislation.gov.au/C1971A00055/asmade/2014-06-25/text/original/pdf,2026-09-15T13:06:24Z,pdf_native,false,raw/au/income_tax_bearer_debentures_act_1971/20260915T1306Z__native.pdf,Income Tax (Bearer Debentures) Act 1971,"No. 55, 1971",,,requests,200,raw/au/income_tax_bearer_debentures_act_1971/20260915T1306Z__native.pdf.headers.json,application/pdf,28b57ddf2e6c2a928f0850a6347ba5769b9070641632072cbfaeb39a51193e06,144175,2,,,,corpus AU_corpus_2026-09-19: from AU_ws_2026-09-15; flags as_made_short_act,,1971-05-25,,InForce
0.2.0,,au-aimsa1972-001,AU,https://www.legislation.gov.au/C1972A00055/2016-10-21/2016-10-21/text/original/epub,2026-09-15T13:08:18Z,html,,raw/au/australian_institute_of_marine_science_act_1972/20260915T1308Z__page.html,Australian Institute of Marine Science Act 1972,"No. 55, 1972",,,requests,200,raw/au/australian_institute_of_marine_science_act_1972/20260915T1308Z__page.html.headers.json,text/html,9ce776419f2fd8742c7995e331dd99680a3c6a989e692e4019782ccb5c8f6d52,197027,,,,,corpus AU_corpus_2026-09-19: from AU_ws_2026-09-15,,1972-06-09,,InForce
0.2.0,,au-fsa1998-001,AU,https://www.legislation.gov.au/C2004A00315/2020-10-01/2020-10-01/text/original/epub,2026-09-15T13:19:43Z,html,,raw/au/financial_sector_shareholdings_act_1998/20260915T1319Z__page.html,Financial Sector (Shareholdings) Act 1998,"No. 55, 1998",,,requests,200,raw/au/financial_sector_shareholdings_act_1998/20260915T1319Z__page.html.headers.json,text/html,f34d205e0258cd1e443b2ec8eecd1f9e976b53025c1f75174314cedccb98e95e,297291,,,,,corpus AU_corpus_2026-09-19: from AU_ws_2026-09-15,,1998-06-29,,InForce
0.2.0,,au-ntsa199978da-001,AU,https://www.legislation.gov.au/C2004A00446/2026-01-01/2026-01-01/text/original/epub,2026-09-15T13:23:32Z,html,,raw/au/a_new_tax_system_goods_and_services_tax_act_1999/20260915T1323Z__page.html,A New Tax System (Goods and Services Tax) Act 1999,"No. 55, 1999",,,requests,200,raw/au/a_new_tax_system_goods_and_services_tax_act_1999/20260915T1323Z__page.html.headers.json,text/html,6e182834358a4468a6da5716eb47a2b910859a2b19755a5d323f3b199b30fea0,4456815,,,,,corpus AU_corpus_2026-09-19: from AU_ws_2026-09-15,,1999-07-08,,InForce
0.2.0,,au-ca2001a7aa-001,AU,https://www.legislation.gov.au/C2004A00823/2001-07-15/2001-07-15/text/original/epub,2026-09-15T13:37:43Z,html,,raw/au/corporations_repeals_consequentials_and_transitionals_act_2001/20260915T1337Z__page.html,"Corporations (Repeals, Consequentials and Transitionals) Act 2001","No. 55, 2001",,,requests,200,raw/au/corporations_repeals_consequentials_and_transitionals_act_2001/20260915T1337Z__page.html.headers.json,text/html,0f76aca9312309fa244b7b2ef01673605f3fe1a8b0b5d981bbe57efbaa846b82,470931,,,,,corpus AU_corpus_2026-09-19: from AU_ws_2026-09-15,,2001-06-28,,InForce
0.2.0,,au-sslaa2005-001,AU,https://www.legislation.gov.au/C2005A00055/2018-06-19/2018-06-19/text/original/epub,2026-09-15T15:16:40Z,html,,raw/au/social_security_legislation_amendment_one_off_payments_for_carers_act_2005/20260915T1516Z__page.html,Social Security Legislation Amendment (One-off Payments for Carers) Act 2005,"No. 55, 2005",,,requests,200,raw/au/social_security_legislation_amendment_one_off_payments_for_carers_act_2005/20260915T1516Z__page.html.headers.json,text/html,4ea938636f1b8d48cd2f82643258edabcedbc85dfb6fa2922c7e4ead884de189,36916,,,,,corpus AU_corpus_2026-09-19: from AU_ws_2026-09-15,,2005-05-25,,InForce
0.2.0,,au-fwa20097cca-001,AU,https://www.legislation.gov.au/C2009A00055/2022-12-07/2022-12-07/text/original/epub,2026-09-15T15:35:15Z,html,,raw/au/fair_work_transitional_provisions_and_consequential_amendments_act_2009/20260915T1535Z__page.html,Fair Work (Transitional Provisions and Consequential Amendments) Act 2009,"No. 55, 2009",,,requests,200,raw/au/fair_work_transitional_provisions_and_consequential_amendments_act_2009/20260915T1535Z__page.html.headers.json,text/html,a0e8679d6bc92b915d41e7f1825fd3a239805f23ec9b670bdcccadccb110d23f,2018073,,,,,corpus AU_corpus_2026-09-19: from AU_ws_2026-09-15,,2009-06-25,,InForce
0.2.0,,au-atracica20115c76-001,AU,https://www.legislation.gov.au/C2011A00055/2024-10-14/2024-10-14/text/original/epub,2026-09-15T15:43:52Z,html,,raw/au/australian_transaction_reports_and_analysis_centre_industry_contribution_collection_act_2011/20260915T1543Z__page.html,Australian Transaction Reports and Analysis Centre Industry Contribution (Collection) Act 2011,"No. 55, 2011",,,requests,200,raw/au/australian_transaction_reports_and_analysis_centre_industry_contribution_collection_act_2011/20260915T1543Z__page.html.headers.json,text/html,4a0bd508627e6869f8821e397c5f16074fc0b27d4dfb7449b1453de186745e5d,67432,,,,,corpus AU_corpus_2026-09-19: from AU_ws_2026-09-15,,2011-06-28,,InForce
0.2.0,,au-cta2012-001,AU,https://www.legislation.gov.au/C2012A00055/2024-10-14/2024-10-14/text/original/epub,2026-09-15T15:51:48Z,html,,raw/au/coastal_trading_revitalising_australian_shipping_act_2012/20260915T1551Z__page.html,Coastal Trading (Revitalising Australian Shipping) Act 2012,"No. 55, 2012",,,requests,200,raw/au/coastal_trading_revitalising_australian_shipping_act_2012/20260915T1551Z__page.html.headers.json,text/html,42bc32d67d498c783ec64685fa99d538e120394efc128ad8733d3cf75246a64e,386546,,,,,corpus AU_corpus_2026-09-19: from AU_ws_2026-09-15,,2012-06-21,,InForce
0.2.0,,au-bsa2016-001,AU,https://www.legislation.gov.au/C2016A00055/2021-09-01/2021-09-01/text/original/epub,2026-09-15T16:13:43Z,html,,raw/au/budget_savings_omnibus_act_2016/20260915T1613Z__page.html,Budget Savings (Omnibus) Act 2016,"No. 55, 2016",,,requests,200,raw/au/budget_savings_omnibus_act_2016/20260915T1613Z__page.html.headers.json,text/html,075fdab6264efe3c8bb9e261517e2f68db9d182aebd34fea13511ec79dff2617,909294,,,,,corpus AU_corpus_2026-09-19: from AU_ws_2026-09-15,,2016-09-16,,InForce
0.2.0,,au-fdfa2019-001,AU,https://www.legislation.gov.au/C2019A00055/2024-07-06/2024-07-06/text/original/epub,2026-09-15T16:24:43Z,html,,raw/au/future_drought_fund_act_2019/20260915T1624Z__page.html,Future Drought Fund Act 2019,"No. 55, 2019",,,requests,200,raw/au/future_drought_fund_act_2019/20260915T1624Z__page.html.headers.json,text/html,1f8332730862bb54cac5ec3353c34e9fa1dd6fb25b8fddc59414da8fab068992,281008,,,,,corpus AU_corpus_2026-09-19: from AU_ws_2026-09-15,,2019-07-30,,InForce
0.2.0,,au-igaca2023-001,AU,https://www.legislation.gov.au/C2023A00055/2025-11-01/2025-11-01/text/original/epub,2026-09-15T16:37:21Z,html,,raw/au/inspector_general_of_aged_care_act_2023/20260915T1637Z__page.html,Inspector-General of Aged Care Act 2023,"No. 55, 2023",,,requests,200,raw/au/inspector_general_of_aged_care_act_2023/20260915T1637Z__page.html.headers.json,text/html,fff0762c1d14490b574d174cb63ad946f108d1ebfdeca4338a85514a2186afd8,298070,,,,,corpus AU_corpus_2026-09-19: from AU_ws_2026-09-15,,2023-08-17,,InForce
0.2.0,,au-pica2024-001,AU,https://www.legislation.gov.au/C2024A00055/asmade/2024-07-09/text/original/pdf,2026-09-15T16:43:25Z,pdf_native,false,raw/au/primary_industries_customs_charges_act_2024/20260915T1643Z__native.pdf,Primary Industries (Customs) Charges Act 2024,"No. 55, 2024",,,requests,200,raw/au/primary_industries_customs_charges_act_2024/20260915T1643Z__native.pdf.headers.json,application/pdf,59e6d892ab02fab4ba0db616f05c73d14f3436177c89c20e3903edf22e5f8c5e,256628,21,,,,corpus AU_corpus_2026-09-19: from AU_ws_2026-09-15,,2024-07-09,,InForce
0.2.0,,au-aa202718f0-001,AU,https://www.legislation.gov.au/C2026A00055/asmade/2026-06-30/text/original/pdf,2026-09-15T16:58:42Z,pdf_native,false,raw/au/appropriation_act_no_2_2026_2027/20260915T1658Z__native.pdf,Appropriation Act (No. 2) 2026-2027,"No. 55, 2026",,,requests,200,raw/au/appropriation_act_no_2_2026_2027/20260915T1658Z__native.pdf.headers.json,application/pdf,38eba3aa3158a29880305cbd351358c902f3bc05e06626a54514b7018af2c45c,791403,102,,,,corpus AU_corpus_2026-09-19: from AU_ws_2026-09-15,,2026-06-30,,InForce
0.2.0,,au-swaa1942-001,AU,https://www.legislation.gov.au/C1942A00056/1986-03-03/1986-03-03/text/original/epub,2026-09-15T12:45:56Z,html,,raw/au/statute_of_westminster_adoption_act_1942/20260915T1245Z__page.html,Statute of Westminster Adoption Act 1942,"No. 56, 1942",,,requests,200,raw/au/statute_of_westminster_adoption_act_1942/20260915T1245Z__page.html.headers.json,text/html,89baf54f2d766999044259fd43d71abb9f5617495db08a38adb11ea3d3c881df,34293,,,,,corpus AU_corpus_2026-09-19: from AU_ws_2026-09-15,,1942-10-09,,InForce
0.2.0,,au-ptca1975-001,AU,https://www.legislation.gov.au/C2004A00278/asmade/2014-07-01/text/original/pdf,2026-09-15T13:17:40Z,pdf_native,false,raw/au/postal_and_telecommunications_commissions_transitional_provisions_act_1975/20260915T1317Z__native.pdf,Postal and Telecommunications Commissions (Transitional Provisions) Act 1975,"No. 56, 1975",,,requests,200,raw/au/postal_and_telecommunications_commissions_transitional_provisions_act_1975/20260915T1317Z__native.pdf.headers.json,application/pdf,ad1fa3153dd26fe7fc79f0fa6d4fbb20f8f3e64c324d718b0cde7a45b385cae6,662219,34,,,,corpus AU_corpus_2026-09-19: from AU_ws_2026-09-15,,1975-06-12,,InForce
0.2.0,,au-gislia1998-001,AU,https://www.legislation.gov.au/C2004A00316/2020-06-20/2020-06-20/text/original/epub,2026-09-15T13:19:58Z,html,,raw/au/general_insurance_supervisory_levy_imposition_act_1998/20260915T1319Z__page.html,General Insurance Supervisory Levy Imposition Act 1998,"No. 56, 1998",,,requests,200,raw/au/general_insurance_supervisory_levy_imposition_act_1998/20260915T1319Z__page.html.headers.json,text/html,df1427cd11219b247b641c21146f8e7bbe9419a0fc51c76344f7f9f2e41072f3,63365,,,,,corpus AU_corpus_2026-09-19: from AU_ws_2026-09-15,,1998-06-29,,InForce
0.2.0,,au-atclaa2006-001,AU,https://www.legislation.gov.au/C2006A00056/2011-09-16/2011-09-16/text/original/epub,2026-09-15T15:19:43Z,html,,raw/au/australian_trade_commission_legislation_amendment_act_2006/20260915T1519Z__page.html,Australian Trade Commission Legislation Amendment Act 2006,"No. 56, 2006",,,requests,200,raw/au/australian_trade_commission_legislation_amendment_act_2006/20260915T1519Z__page.html.headers.json,text/html,224097ceb80655bdce18899a24d8820ef68112dca3c686b30c543ad0671c3eba,192371,,,,,corpus AU_corpus_2026-09-19: from AU_ws_2026-09-15,,2006-06-21,,InForce
0.2.0,,au-atracscrla2011-001,AU,https://www.legislation.gov.au/C2011A00056/2012-09-22/2012-09-22/text/original/epub,2026-09-15T15:44:07Z,html,,raw/au/australian_transaction_reports_and_analysis_centre_supervisory_cost_recovery_levy_consequential_amendments_act_2011/20260915T1544Z__page.html,Australian Transaction Reports and Analysis Centre Supervisory Cost Recovery Levy (Consequential Amendments) Act 2011,"No. 56, 2011",,,requests,200,raw/au/australian_transaction_reports_and_analysis_centre_supervisory_cost_recovery_levy_consequential_amendments_act_2011/20260915T1544Z__page.html.headers.json,text/html,05eb058e072de5d97c96eb62003b9846ddfde7f6de5bf6cb1d77fcff5f362bfc,45578,,,,,corpus AU_corpus_2026-09-19: from AU_ws_2026-09-15,,2011-06-28,,InForce
0.2.0,,au-cta2012e376-001,AU,https://www.legislation.gov.au/C2012A00056/asmade/2012-06-21/text/original/pdf,2026-09-15T15:52:03Z,pdf_native,false,raw/au/coastal_trading_revitalising_australian_shipping_consequential_amendments_and_transitional_provisions_act_2012/20260915T1552Z__native.pdf,Coastal Trading (Revitalising Australian Shipping) (Consequential Amendments and Transitional Provisions) Act 2012,"No. 56, 2012",,,requests,200,raw/au/coastal_trading_revitalising_australian_shipping_consequential_amendments_and_transitional_provisions_act_2012/20260915T1552Z__native.pdf.headers.json,application/pdf,e8e52d0e7a744c932df89256cae28d9c88b3aab5a077f61b05cded647090df04,293512,22,,,,corpus AU_corpus_2026-09-19: from AU_ws_2026-09-15,,2012-06-21,,InForce
0.2.0,,au-npsfaa2013-001,AU,https://www.legislation.gov.au/C2013A00056/asmade/2013-06-13/text/original/pdf,2026-09-15T15:58:58Z,pdf_native,false,raw/au/not_for_profit_sector_freedom_to_advocate_act_2013/20260915T1558Z__native.pdf,Not-for-profit Sector Freedom to Advocate Act 2013,"No. 56, 2013",,,requests,200,raw/au/not_for_profit_sector_freedom_to_advocate_act_2013/20260915T1558Z__native.pdf.headers.json,application/pdf,8e4f7ed64e587040448e68cded0431f7ff0b886d6c170cde6d0a88b6a800ca5e,329308,8,,,,corpus AU_corpus_2026-09-19: from AU_ws_2026-09-15,,2013-06-13,,InForce
0.2.0,,au-igaca2023b744-001,AU,https://www.legislation.gov.au/C2023A00056/asmade/2023-08-17/text/original/pdf,2026-09-15T16:37:33Z,pdf_native,false,raw/au/inspector_general_of_aged_care_consequential_and_transitional_provisions_act_2023/20260915T1637Z__native.pdf,Inspector-General of Aged Care (Consequential and Transitional Provisions) Act 2023,"No. 56, 2023",,,requests,200,raw/au/inspector_general_of_aged_care_consequential_and_transitional_provisions_act_2023/20260915T1637Z__native.pdf.headers.json,application/pdf,6cb36f52c68c44b4b2d8f7330a5c602841c0eab37867a0247c5b3e1d07856fd0,678014,10,,,,corpus AU_corpus_2026-09-19: from AU_ws_2026-09-15,,2023-08-17,,InForce
0.2.0,,au-pila2024-001,AU,https://www.legislation.gov.au/C2024A00056/asmade/2024-07-09/text/original/pdf,2026-09-15T16:43:39Z,pdf_native,false,raw/au/primary_industries_excise_levies_act_2024/20260915T1643Z__native.pdf,Primary Industries (Excise) Levies Act 2024,"No. 56, 2024",,,requests,200,raw/au/primary_industries_excise_levies_act_2024/20260915T1643Z__native.pdf.headers.json,application/pdf,01006f36a6fbcc1d60bafaebf2e4946c17a309928e38b9ca3ff39368ad9150f5,263283,23,,,,corpus AU_corpus_2026-09-19: from AU_ws_2026-09-15,,2024-07-09,,InForce
0.2.0,,au-aa20278ed6-001,AU,https://www.legislation.gov.au/C2026A00056/asmade/2026-06-30/text/original/pdf,2026-09-15T16:58:54Z,pdf_native,false,raw/au/appropriation_parliamentary_departments_act_no_1_2026_2027/20260915T1658Z__native.pdf,Appropriation (Parliamentary Departments) Act (No. 1) 2026-2027,"No. 56, 2026",,,requests,200,raw/au/appropriation_parliamentary_departments_act_no_1_2026_2027/20260915T1658Z__native.pdf.headers.json,application/pdf,1914f5d893a2b59f2342d4329116d5a3273670808a917ac418b45a85ecfadf8e,373684,20,,,,corpus AU_corpus_2026-09-19: from AU_ws_2026-09-15,,2026-06-30,,InForce
0.2.0,,au-oma1995-001,AU,https://www.legislation.gov.au/C2004A04910/asmade/2013-06-29/text/original/pdf,2026-09-15T15:00:21Z,pdf_native,false,raw/au/overseas_missions_privileges_and_immunities_act_1995/20260915T1500Z__native.pdf,Overseas Missions (Privileges and Immunities) Act 1995,"No. 57, 1995",,,requests,200,raw/au/overseas_missions_privileges_and_immunities_act_1995/20260915T1500Z__native.pdf.headers.json,application/pdf,1eeb77a3326fdafca1eb1486bfb5e8c5b0caf6ec59cdbe4c477369560e728ce2,243349,8,,,,corpus AU_corpus_2026-09-19: from AU_ws_2026-09-15,,1995-06-28,,InForce
0.2.0,,au-emdga1997884c-001,AU,https://www.legislation.gov.au/C2004A05155/2024-10-14/2024-10-14/text/original/epub,2026-09-15T15:06:55Z,html,,raw/au/export_market_development_grants_act_1997/20260915T1506Z__page.html,Export Market Development Grants Act 1997,"No. 57, 1997",,,requests,200,raw/au/export_market_development_grants_act_1997/20260915T1506Z__page.html.headers.json,text/html,8489d8968a96839d92535167f8a70d97bc9adf181c583d974a3f48c49cc4afeb,255827,,,,,corpus AU_corpus_2026-09-19: from AU_ws_2026-09-15,,1997-04-30,,InForce
0.2.0,,au-lislia1998-001,AU,https://www.legislation.gov.au/C2004A00317/2020-06-20/2020-06-20/text/original/epub,2026-09-15T13:20:09Z,html,,raw/au/life_insurance_supervisory_levy_imposition_act_1998/20260915T1320Z__page.html,Life Insurance Supervisory Levy Imposition Act 1998,"No. 57, 1998",,,requests,200,raw/au/life_insurance_supervisory_levy_imposition_act_1998/20260915T1320Z__page.html.headers.json,text/html,664ce1f9596c825793507a4a58b7d8468c4dd8fe1735c6aa5e92592c462488fb,58001,,,,,corpus AU_corpus_2026-09-19: from AU_ws_2026-09-15,,1998-06-29,,InForce
0.2.0,,au-ntsa1999b30d-001,AU,https://www.legislation.gov.au/C2004A00448/2017-01-01/2017-01-01/text/original/epub,2026-09-15T13:23:44Z,html,,raw/au/a_new_tax_system_goods_and_services_tax_transition_act_1999/20260915T1323Z__page.html,A New Tax System (Goods and Services Tax Transition) Act 1999,"No. 57, 1999",,,requests,200,raw/au/a_new_tax_system_goods_and_services_tax_transition_act_1999/20260915T1323Z__page.html.headers.json,text/html,582ae7b1730cc6ebb4f9933e6d9bf19c5a3b115b2a307a33c50c620361607369,211788,,,,,corpus AU_corpus_2026-09-19: from AU_ws_2026-09-15,,1999-07-08,,InForce
0.2.0,,au-pila2024d2dc-001,AU,https://www.legislation.gov.au/C2024A00057/asmade/2024-07-09/text/original/pdf,2026-09-15T16:43:53Z,pdf_native,false,raw/au/primary_industries_services_levies_act_2024/20260915T1643Z__native.pdf,Primary Industries (Services) Levies Act 2024,"No. 57, 2024",,,requests,200,raw/au/primary_industries_services_levies_act_2024/20260915T1643Z__native.pdf.headers.json,application/pdf,d352ed0d93f66c3fc00bd5721c8aafd5a8678421bb2a4abdbd9be672d7547851,252566,19,,,,corpus AU_corpus_2026-09-19: from AU_ws_2026-09-15,,2024-07-09,,InForce
0.2.0,,au-csia1969-001,AU,https://www.legislation.gov.au/C1969A00058/2022-06-02/2022-06-02/text/original/epub,2026-09-15T13:04:31Z,html,,raw/au/coral_sea_islands_act_1969/20260915T1304Z__page.html,Coral Sea Islands Act 1969,"No. 58, 1969",,,requests,200,raw/au/coral_sea_islands_act_1969/20260915T1304Z__page.html.headers.json,text/html,e324a92c9b226dc2f030ac78eed54eeaa804453c6df9f63dbb851c6b4aea9630,81206,,,,,corpus AU_corpus_2026-09-19: from AU_ws_2026-09-15,,1969-09-02,,InForce
0.2.0,,au-nta1978-001,AU,https://www.legislation.gov.au/C2004A01857/2024-12-11/2024-12-11/text/original/epub,2026-09-15T13:57:36Z,html,,raw/au/northern_territory_self_government_act_1978/20260915T1357Z__page.html,Northern Territory (Self-Government) Act 1978,"No. 58, 1978",,,requests,200,raw/au/northern_territory_self_government_act_1978/20260915T1357Z__page.html.headers.json,text/html,60ff0a27061fa40d51c4ccc37f94cf58df3b9de7e56c2202163d9da94d92cfdc,246770,,,,,corpus AU_corpus_2026-09-19: from AU_ws_2026-09-15,,1978-06-22,,InForce
0.2.0,,au-afpa1979-001,AU,https://www.legislation.gov.au/C2004A02068/2025-11-08/2025-11-08/text/original/epub,2026-09-15T14:00:00Z,html,,raw/au/australian_federal_police_act_1979/20260915T1400Z__page.html,Australian Federal Police Act 1979,"No. 58, 1979",,,requests,200,raw/au/australian_federal_police_act_1979/20260915T1400Z__page.html.headers.json,text/html,7f1d91fef10e8a9b25e8a354bb4d4f51435f3744d0fe1efbd4f36c9cb290683a,1151251,,,,,corpus AU_corpus_2026-09-19: from AU_ws_2026-09-15,,1979-06-15,,InForce
0.2.0,,au-ta1993-001,AU,https://www.legislation.gov.au/C2004A04613/asmade/2015-06-25/text/original/pdf,2026-09-15T14:52:11Z,pdf_native,false,raw/au/taxation_deficit_reduction_act_no_3_1993/20260915T1452Z__native.pdf,Taxation (Deficit Reduction) Act (No. 3) 1993,"No. 58, 1993",,,requests,200,raw/au/taxation_deficit_reduction_act_no_3_1993/20260915T1452Z__native.pdf.headers.json,application/pdf,6e08676635336007973ece438a9e4ab5682d919cc0be87899eb70ee3e54bf565,298314,6,,,,corpus AU_corpus_2026-09-19: from AU_ws_2026-09-15,,1993-10-27,,InForce
0.2.0,,au-csa1996-001,AU,https://www.legislation.gov.au/C2004A05102/2012-09-22/2012-09-22/text/original/epub,2026-09-15T15:04:20Z,html,,raw/au/cfm_sale_act_1996/20260915T1504Z__page.html,CFM Sale Act 1996,"No. 58, 1996",,,requests,200,raw/au/cfm_sale_act_1996/20260915T1504Z__page.html.headers.json,text/html,500c73018c22f8bf87e75a87cc85db7554f69e18dec12c6fb3b892ef9ea06444,222112,,,,,corpus AU_corpus_2026-09-19: from AU_ws_2026-09-15,,1996-11-20,,InForce
0.2.0,,au-psa1998-001,AU,https://www.legislation.gov.au/C2004A00318/2025-12-19/2025-12-19/text/original/epub,2026-09-15T13:20:20Z,html,,raw/au/payment_systems_regulation_act_1998/20260915T1320Z__page.html,Payment Systems (Regulation) Act 1998,"No. 58, 1998",,,requests,200,raw/au/payment_systems_regulation_act_1998/20260915T1320Z__page.html.headers.json,text/html,a08259a235d8d02487182316932c29c1e9635b0983cf634a42071e667913037a,272328,,,,,corpus AU_corpus_2026-09-19: from AU_ws_2026-09-15,,1998-06-29,,InForce
0.2.0,,au-sla2011-001,AU,https://www.legislation.gov.au/C2011A00058/2011-07-01/2011-07-01/text/original/epub,2026-09-15T15:44:20Z,html,,raw/au/superannuation_legislation_consequential_amendments_and_transitional_provisions_act_2011/20260915T1544Z__page.html,Superannuation Legislation (Consequential Amendments and Transitional Provisions) Act 2011,"No. 58, 2011",,,requests,200,raw/au/superannuation_legislation_consequential_amendments_and_transitional_provisions_act_2011/20260915T1544Z__page.html.headers.json,text/html,6909a3159dc267f380174a0dd1f29b3254670898d9d081ad86c09a15b24278c3,303974,,,,,corpus AU_corpus_2026-09-19: from AU_ws_2026-09-15,,2011-06-28,,InForce
0.2.0,,au-asseaa2013-001,AU,https://www.legislation.gov.au/C2013A00058/2024-05-31/2024-05-31/text/original/epub,2026-09-15T15:59:08Z,html,,raw/au/asbestos_and_silica_safety_and_eradication_agency_act_2013/20260915T1559Z__page.html,Asbestos and Silica Safety and Eradication Agency Act 2013,"No. 58, 2013",,,requests,200,raw/au/asbestos_and_silica_safety_and_eradication_agency_act_2013/20260915T1559Z__page.html.headers.json,text/html,9cdbd50b7e6165dec1acd0bbc0fd2f5fb74dfd6310412cbb356d47abc85ef7ac,208199,,,,,corpus AU_corpus_2026-09-19: from AU_ws_2026-09-15,,2013-06-21,,InForce
0.2.0,,au-pilcca2024-001,AU,https://www.legislation.gov.au/C2024A00058/2025-02-21/2025-02-21/text/original/epub,2026-09-15T16:44:03Z,html,,raw/au/primary_industries_levies_and_charges_collection_act_2024/20260915T1644Z__page.html,Primary Industries Levies and Charges Collection Act 2024,"No. 58, 2024",,,requests,200,raw/au/primary_industries_levies_and_charges_collection_act_2024/20260915T1644Z__page.html.headers.json,text/html,558daa49a630443a9f8d4f589925e49a447572d685e80aa684d7d57c7cb32ca0,312805,,,,,corpus AU_corpus_2026-09-19: from AU_ws_2026-09-15,,2024-07-09,,InForce
0.2.0,,au-nta1954-001,AU,https://www.legislation.gov.au/C1954A00059/asmade/2014-07-01/text/original/pdf,2026-09-15T12:52:41Z,pdf_native,false,raw/au/northern_territory_lessees_loans_guarantee_act_1954/20260915T1252Z__native.pdf,Northern Territory (Lessees' Loans Guarantee) Act 1954,"No. 59, 1954",,,requests,200,raw/au/northern_territory_lessees_loans_guarantee_act_1954/20260915T1252Z__native.pdf.headers.json,application/pdf,72efc70947886f7c1d1e6ce88de23cf4f8afd6cf409a7365c97403e661dbd17a,184119,2,,,,corpus AU_corpus_2026-09-19: from AU_ws_2026-09-15; flags as_made_short_act,,1954-11-06,,InForce
0.2.0,,au-moa1966-001,AU,https://www.legislation.gov.au/C1966A00059/2017-12-09/2017-12-09/text/original/epub,2026-09-15T13:01:59Z,html,,raw/au/maintenance_orders_commonwealth_officers_act_1966/20260915T1301Z__page.html,Maintenance Orders (Commonwealth Officers) Act 1966,"No. 59, 1966",,,requests,200,raw/au/maintenance_orders_commonwealth_officers_act_1966/20260915T1301Z__page.html.headers.json,text/html,a3638d61ee68161a6790e2113ed9d06a1bd1a27096abc4276f9f7496110a64bf,39859,,,,,corpus AU_corpus_2026-09-19: from AU_ws_2026-09-15,,1966-10-29,,InForce
0.2.0,,au-ada1977-001,AU,https://www.legislation.gov.au/C2004A01697/2026-08-27/2026-08-27/text/original/epub,2026-09-15T13:55:32Z,html,,raw/au/administrative_decisions_judicial_review_act_1977/20260915T1355Z__page.html,Administrative Decisions (Judicial Review) Act 1977,"No. 59, 1977",,,requests,200,raw/au/administrative_decisions_judicial_review_act_1977/20260915T1355Z__page.html.headers.json,text/html,6343be1bf2daa763a85ddc3121212bd7724f30506c0272ac5dc0f2edd8ab0968,529960,,,,,corpus AU_corpus_2026-09-19: from AU_ws_2026-09-15,,1977-06-16,,InForce
0.2.0,,au-fea1994ee61-001,AU,https://www.legislation.gov.au/C2004A04735/2025-11-08/2025-11-08/text/original/epub,2026-09-15T14:55:52Z,html,,raw/au/foreign_evidence_act_1994/20260915T1455Z__page.html,Foreign Evidence Act 1994,"No. 59, 1994",,,requests,200,raw/au/foreign_evidence_act_1994/20260915T1455Z__page.html.headers.json,text/html,beda5b45d7917fdf35ed677f9182651e1e912e3c0e7f696484353efc5fe30309,247761,,,,,corpus AU_corpus_2026-09-19: from AU_ws_2026-09-15,,1994-04-09,,InForce
0.2.0,,au-ta199723ce-001,AU,https://www.legislation.gov.au/C2004A05157/2016-07-01/2016-07-01/text/original/epub,2026-09-15T15:07:10Z,html,,raw/au/telecommunications_transitional_provisions_and_consequential_amendments_act_1997/20260915T1507Z__page.html,Telecommunications (Transitional Provisions and Consequential Amendments) Act 1997,"No. 59, 1997",,,requests,200,raw/au/telecommunications_transitional_provisions_and_consequential_amendments_act_1997/20260915T1507Z__page.html.headers.json,text/html,46ccdbcc0cc2ffb80069679f7850ac188903bea74c72033dfd90d58d1a77e527,479526,,,,,corpus AU_corpus_2026-09-19: from AU_ws_2026-09-15,,1997-05-03,,InForce
0.2.0,,au-rsapslia1998-001,AU,https://www.legislation.gov.au/C2004A00319/2020-06-20/2020-06-20/text/original/epub,2026-09-15T13:20:34Z,html,,raw/au/retirement_savings_account_providers_supervisory_levy_imposition_act_1998/20260915T1320Z__page.html,Retirement Savings Account Providers Supervisory Levy Imposition Act 1998,"No. 59, 1998",,,requests,200,raw/au/retirement_savings_account_providers_supervisory_levy_imposition_act_1998/20260915T1320Z__page.html.headers.json,text/html,031dda1f57d2974ebca94fcc153d21c556caec0cb2d2026fd109e4440738674e,54273,,,,,corpus AU_corpus_2026-09-19: from AU_ws_2026-09-15,,1998-06-29,,InForce
0.2.0,,au-gagssa2011-001,AU,https://www.legislation.gov.au/C2011A00059/2020-07-01/2020-07-01/text/original/epub,2026-09-15T15:44:31Z,html,,raw/au/governance_of_australian_government_superannuation_schemes_act_2011/20260915T1544Z__page.html,Governance of Australian Government Superannuation Schemes Act 2011,"No. 59, 2011",,,requests,200,raw/au/governance_of_australian_government_superannuation_schemes_act_2011/20260915T1544Z__page.html.headers.json,text/html,23aee1d1457fb87d40f75b5b27d41907e6a21d84bf1e7a592cb5da8c3c08abd7,199739,,,,,corpus AU_corpus_2026-09-19: from AU_ws_2026-09-15,,2011-06-28,,InForce
0.2.0,,au-ita2012-001,AU,https://www.legislation.gov.au/C2012A00059/2022-07-01/2022-07-01/text/original/epub,2026-09-15T15:52:14Z,html,,raw/au/income_tax_labour_mobility_program_withholding_tax_act_2012/20260915T1552Z__page.html,Income Tax (Labour Mobility Program Withholding Tax) Act 2012,"No. 59, 2012",,,requests,200,raw/au/income_tax_labour_mobility_program_withholding_tax_act_2012/20260915T1552Z__page.html.headers.json,text/html,83c845eb03a2fae95656f2c5ac7b7dd32870f948a51b088282069f6dc6934335,33586,,,,,corpus AU_corpus_2026-09-19: from AU_ws_2026-09-15,,2012-06-21,,InForce
0.2.0,,au-pilcda2024-001,AU,https://www.legislation.gov.au/C2024A00059/2025-02-21/2025-02-21/text/original/epub,2026-09-15T16:44:18Z,html,,raw/au/primary_industries_levies_and_charges_disbursement_act_2024/20260915T1644Z__page.html,Primary Industries Levies and Charges Disbursement Act 2024,"No. 59, 2024",,,requests,200,raw/au/primary_industries_levies_and_charges_disbursement_act_2024/20260915T1644Z__page.html.headers.json,text/html,0862c1eec0a1932effd0c45509a3f810494354656b2d08314e5f17d0915daf89,465966,,,,,corpus AU_corpus_2026-09-19: from AU_ws_2026-09-15,,2024-07-09,,InForce
0.2.0,,au-ccaa2025-001,AU,https://www.legislation.gov.au/C2025A00059/asmade/2025-11-06/text/original/pdf,2026-09-15T16:51:34Z,pdf_native,false,raw/au/competition_and_consumer_amendment_australian_energy_regulator_separation_act_2025/20260915T1651Z__native.pdf,Competition and Consumer Amendment (Australian Energy Regulator Separation) Act 2025,"No. 59, 2025",,,requests,200,raw/au/competition_and_consumer_amendment_australian_energy_regulator_separation_act_2025/20260915T1651Z__native.pdf.headers.json,application/pdf,e3a1120a8bef8b58aa59edc5d632bad12bc63a404c8c62d7d53958ac960f1649,269737,18,,,,corpus AU_corpus_2026-09-19: from AU_ws_2026-09-15,,2025-11-06,,InForce
0.2.0,,au-ca1901-001,AU,https://www.legislation.gov.au/C1901A00006/2026-08-27/2026-08-27/text/original/epub,2026-09-15T12:37:34Z,html,,raw/au/customs_act_1901/20260915T1237Z__page.html,Customs Act 1901,"No. 6, 1901",,,requests,200,raw/au/customs_act_1901/20260915T1237Z__page.html.headers.json,text/html,af492a475992478f640e78bae1d9b58355ba208974d0e90113d361fdd116777d,7850590,,,,,corpus AU_corpus_2026-09-19: from AU_ws_2026-09-15,,1901-10-03,,InForce
0.2.0,,au-ja1903-001,AU,https://www.legislation.gov.au/C1903A00006/2024-12-11/2024-12-11/text/original/epub,2026-09-15T12:38:08Z,html,,raw/au/judiciary_act_1903/20260915T1238Z__page.html,Judiciary Act 1903,"No. 6, 1903",,,requests,200,raw/au/judiciary_act_1903/20260915T1238Z__page.html.headers.json,text/html,d40454ec35d1ab479e5cf65db76abe79ab5a89d6bc9faa94ffddc91cca6c751a,735626,,,,,corpus AU_corpus_2026-09-19: from AU_ws_2026-09-15,,1903-08-25,,InForce
0.2.0,,au-sta1952-001,AU,https://www.legislation.gov.au/C1952A00006/asmade/1952-03-13/text/original/pdf,2026-09-15T12:50:15Z,pdf_native,false,raw/au/security_treaty_australia_new_zealand_and_the_united_states_of_america_act_1952/20260915T1250Z__native.pdf,"Security Treaty (Australia, New Zealand and the United States of America) Act 1952","No. 6, 1952",,,requests,200,raw/au/security_treaty_australia_new_zealand_and_the_united_states_of_america_act_1952/20260915T1250Z__native.pdf.headers.json,application/pdf,8ba47c6d073fb69a874d0b5dcbe06a1ba59ad0d959e03b0a4b5e8f13051b0c01,187956,2,,,,corpus AU_corpus_2026-09-19: from AU_ws_2026-09-15; flags as_made_short_act,,1952-03-13,,InForce
0.2.0,,au-ma1955-001,AU,https://www.legislation.gov.au/C1955A00006/asmade/2014-09-11/text/original/pdf,2026-09-15T12:53:06Z,pdf_native,false,raw/au/meteorology_act_1955/20260915T1253Z__native.pdf,Meteorology Act 1955,"No. 6, 1955",,,requests,200,raw/au/meteorology_act_1955/20260915T1253Z__native.pdf.headers.json,application/pdf,1edf617609761950baa814f58e99b3726410e42b0c26b0246b65dfc61b2c5676,196208,2,,,,corpus AU_corpus_2026-09-19: from AU_ws_2026-09-15; flags as_made_short_act,,1955-05-23,,InForce
0.2.0,,au-ba1959-001,AU,https://www.legislation.gov.au/C1959A00006/2026-03-31/2026-03-31/text/original/epub,2026-09-15T12:55:53Z,html,,raw/au/banking_act_1959/20260915T1255Z__page.html,Banking Act 1959,"No. 6, 1959",,,requests,200,raw/au/banking_act_1959/20260915T1255Z__page.html.headers.json,text/html,af447de58b0b2fcde47a79c99fbf8344468c58460cea4f2d4f02e39e18510c5f,1609004,,,,,corpus AU_corpus_2026-09-19: from AU_ws_2026-09-15,,1959-04-23,,InForce
0.2.0,,au-la1976-001,AU,https://www.legislation.gov.au/C2004A01437/asmade/1976-03-23/text/original/pdf,2026-09-15T13:52:03Z,pdf_native,false,raw/au/loan_act_1976/20260915T1352Z__native.pdf,Loan Act 1976,"No. 6, 1976",,,requests,200,raw/au/loan_act_1976/20260915T1352Z__native.pdf.headers.json,application/pdf,70da9565a7f6ba1d8a864b0f95ee819e807224b477115dabec43d26f80612dd0,56811,2,,,,corpus AU_corpus_2026-09-19: from AU_ws_2026-09-15; flags as_made_short_act,,1976-03-23,,InForce
0.2.0,,au-abca1983-001,AU,https://www.legislation.gov.au/C2004A02723/2022-02-18/2022-02-18/text/original/epub,2026-09-15T14:09:51Z,html,,raw/au/australian_broadcasting_corporation_act_1983/20260915T1409Z__page.html,Australian Broadcasting Corporation Act 1983,"No. 6, 1983",,,requests,200,raw/au/australian_broadcasting_corporation_act_1983/20260915T1409Z__page.html.headers.json,text/html,59edb86ac30567cc12a532a81a2920d37cdc7456a93aa29ccd622d2fe787d970,421740,,,,,corpus AU_corpus_2026-09-19: from AU_ws_2026-09-15,,1983-06-01,,InForce
0.2.0,,au-blfa1986-001,AU,https://www.legislation.gov.au/C2004A03247/asmade/1986-04-14/text/original/pdf,2026-09-15T14:18:32Z,pdf_native,false,raw/au/builders_labourers_federation_cancellation_of_registration_act_1986/20260915T1418Z__native.pdf,Builders Labourers' Federation (Cancellation of Registration) Act 1986,"No. 6, 1986",,,requests,200,raw/au/builders_labourers_federation_cancellation_of_registration_act_1986/20260915T1418Z__native.pdf.headers.json,application/pdf,d700c00dfe170e8737495ba407d6b07c2f4818ff93205c5c22191e1204b679ed,658553,6,,,,corpus AU_corpus_2026-09-19: from AU_ws_2026-09-15,,1986-04-14,,InForce
0.2.0,,au-aaa1988-001,AU,https://www.legislation.gov.au/C2004A03599/asmade/2012-09-22/text/original/pdf,2026-09-15T14:27:18Z,pdf_native,false,raw/au/australian_airlines_conversion_to_public_company_act_1988/20260915T1427Z__native.pdf,Australian Airlines (Conversion to Public Company) Act 1988,"No. 6, 1988",,,requests,200,raw/au/australian_airlines_conversion_to_public_company_act_1988/20260915T1427Z__native.pdf.headers.json,application/pdf,ce74ff48e359a79cef243016b1a1f8f5d139ff523d05951bd70f3cae1b9cf220,1742244,32,,,,corpus AU_corpus_2026-09-19: from AU_ws_2026-09-15,,1988-03-09,,InForce
0.2.0,,au-hwa1989-001,AU,https://www.legislation.gov.au/C2004A03937/2026-07-01/2026-07-01/text/original/epub,2026-09-15T14:34:38Z,html,,raw/au/hazardous_waste_regulation_of_exports_and_imports_act_1989/20260915T1434Z__page.html,Hazardous Waste (Regulation of Exports and Imports) Act 1989,"No. 6, 1990",,,requests,200,raw/au/hazardous_waste_regulation_of_exports_and_imports_act_1989/20260915T1434Z__page.html.headers.json,text/html,5df726135c2474fbce7eab77b4a005fd40375b446b37b611f2e5e0006c5f054a,774677,,,,,corpus AU_corpus_2026-09-19: from AU_ws_2026-09-15,,1990-01-17,,InForce
0.2.0,,au-iata1991-001,AU,https://www.legislation.gov.au/C2004A04297/2025-02-21/2025-02-21/text/original/epub,2026-09-15T14:44:21Z,html,,raw/au/insurance_acquisitions_and_takeovers_act_1991/20260915T1444Z__page.html,Insurance Acquisitions and Takeovers Act 1991,"No. 6, 1992",,,requests,200,raw/au/insurance_acquisitions_and_takeovers_act_1991/20260915T1444Z__page.html.headers.json,text/html,42ab4ac11c108c89261fcf1efad0b094fe8a27ef9ffbcb4871c129ff88012849,315543,,,,,corpus AU_corpus_2026-09-19: from AU_ws_2026-09-15,,1992-01-06,,InForce
0.2.0,,au-gica1999-001,AU,https://www.legislation.gov.au/C2004A00400/2006-09-14/2006-09-14/text/original/epub,2026-09-15T13:22:33Z,html,,raw/au/general_interest_charge_imposition_act_1999/20260915T1322Z__page.html,General Interest Charge (Imposition) Act 1999,"No. 6, 1999",,,requests,200,raw/au/general_interest_charge_imposition_act_1999/20260915T1322Z__page.html.headers.json,text/html,d83cb4aea71d296f9e3a0c6672a595c005674ed6b5a8fd920f1132b2e6cde487,27549,,,,,corpus AU_corpus_2026-09-19: from AU_ws_2026-09-15,,1999-03-31,,InForce
0.2.0,,au-apa2005dde3-001,AU,https://www.legislation.gov.au/C2005A00006/asmade/2005-02-18/text/original/pdf,2026-09-15T15:16:06Z,pdf_native,false,raw/au/australian_passports_application_fees_act_2005/20260915T1516Z__native.pdf,Australian Passports (Application Fees) Act 2005,"No. 6, 2005",,,requests,200,raw/au/australian_passports_application_fees_act_2005/20260915T1516Z__native.pdf.headers.json,application/pdf,52b9b754d17e0fd3a847cfe6edd8855345666adb6a02696bae29b19ab52fa594,25305,9,,,,corpus AU_corpus_2026-09-19: from AU_ws_2026-09-15,,2005-02-18,,InForce
0.2.0,,au-siaa2020-001,AU,https://www.legislation.gov.au/C2006A00006/2021-11-04/2021-11-04/text/original/epub,2026-09-15T15:17:56Z,html,,raw/au/sport_integrity_australia_act_2020/20260915T1517Z__page.html,Sport Integrity Australia Act 2020,"No. 6, 2006",,,requests,200,raw/au/sport_integrity_australia_act_2020/20260915T1517Z__page.html.headers.json,text/html,7056dba1c30af6732d5971ffa942b647c80bdabfd9a849dca6ebf4463cc3f6fc,498792,,,,,corpus AU_corpus_2026-09-19: from AU_ws_2026-09-15,,2006-03-07,,InForce
0.2.0,,au-eficaa2007-001,AU,https://www.legislation.gov.au/C2007A00006/asmade/2007-02-19/text/original/pdf,2026-09-15T15:24:10Z,pdf_native,false,raw/au/export_finance_and_insurance_corporation_amendment_act_2007/20260915T1524Z__native.pdf,Export Finance and Insurance Corporation Amendment Act 2007,"No. 6, 2007",,,requests,200,raw/au/export_finance_and_insurance_corporation_amendment_act_2007/20260915T1524Z__native.pdf.headers.json,application/pdf,bb6f402c3bfbb0d5d685a184b4f75aa4ae9e8005ae89f7767633a9253716776f,59827,9,,,,corpus AU_corpus_2026-09-19: from AU_ws_2026-09-15,,2007-02-19,,InForce
0.2.0,,au-rica2018-001,AU,https://www.legislation.gov.au/C2018A00006/2019-09-01/2019-09-01/text/original/epub,2026-09-15T16:18:56Z,html,,raw/au/regional_investment_corporation_act_2018/20260915T1618Z__page.html,Regional Investment Corporation Act 2018,"No. 6, 2018",,,requests,200,raw/au/regional_investment_corporation_act_2018/20260915T1618Z__page.html.headers.json,text/html,abd11782e2403e8f712f37c0fb3344abe7ba06ce8c489e4a3c6ed6086af7d632,160413,,,,,corpus AU_corpus_2026-09-19: from AU_ws_2026-09-15,,2018-02-20,,InForce
0.2.0,,au-aciaa1933-001,AU,https://www.legislation.gov.au/C1933A00060/asmade/2008-07-04/text/original/pdf,2026-09-15T12:45:01Z,pdf_native,false,raw/au/ashmore_and_cartier_islands_acceptance_act_1933/20260915T1245Z__native.pdf,Ashmore and Cartier Islands Acceptance Act 1933,"No. 60, 1933",,,requests,200,raw/au/ashmore_and_cartier_islands_acceptance_act_1933/20260915T1245Z__native.pdf.headers.json,application/pdf,37d2c5b1e1c9c79a0b62fa1c386aafce42cbb9ec1caaf13b80f7f37c1aff67ed,173761,2,,,,corpus AU_corpus_2026-09-19: from AU_ws_2026-09-15; flags as_made_short_act,,1933-12-15,,InForce
0.2.0,,au-paaca1951-001,AU,https://www.legislation.gov.au/C1951A00060/2017-03-22/2017-03-22/text/original/epub,2026-09-15T12:49:49Z,html,,raw/au/public_accounts_and_audit_committee_act_1951/20260915T1249Z__page.html,Public Accounts and Audit Committee Act 1951,"No. 60, 1951",,,requests,200,raw/au/public_accounts_and_audit_committee_act_1951/20260915T1249Z__page.html.headers.json,text/html,90f148ce8f9d60f552583a46bda72c20ceca762639e86ad867bac94ef2c2ebec,154274,,,,,corpus AU_corpus_2026-09-19: from AU_ws_2026-09-15,,1951-12-11,,InForce
0.2.0,,au-da1969-001,AU,https://www.legislation.gov.au/C1969A00060/2016-07-01/2016-07-01/text/original/epub,2026-09-15T13:04:44Z,html,,raw/au/defence_parliamentary_candidates_act_1969/20260915T1304Z__page.html,Defence (Parliamentary Candidates) Act 1969,"No. 60, 1969",,,requests,200,raw/au/defence_parliamentary_candidates_act_1969/20260915T1304Z__page.html.headers.json,text/html,45ce0f19f329d78ea19b8f411ca93ad78038d3751ac501901e6dfe7aeb546472,102846,,,,,corpus AU_corpus_2026-09-19: from AU_ws_2026-09-15,,1969-09-05,,InForce
0.2.0,,au-absa1975-001,AU,https://www.legislation.gov.au/C2004A00282/2019-05-03/2019-05-03/text/original/epub,2026-09-15T13:17:51Z,html,,raw/au/australian_bureau_of_statistics_act_1975/20260915T1317Z__page.html,Australian Bureau of Statistics Act 1975,"No. 60, 1975",,,requests,200,raw/au/australian_bureau_of_statistics_act_1975/20260915T1317Z__page.html.headers.json,text/html,1cb46546ba104065c074971f0a8c5ed39e556025997dd0549ee9748847ef3cf8,107976,,,,,corpus AU_corpus_2026-09-19: from AU_ws_2026-09-15,,1975-06-19,,InForce
0.2.0,,au-cmiaa1992-001,AU,https://www.legislation.gov.au/C2004A04351/2026-09-01/2026-09-01/text/original/epub,2026-09-15T14:44:47Z,html,,raw/au/coal_mining_industry_long_service_leave_administration_act_1992/20260915T1444Z__page.html,Coal Mining Industry (Long Service Leave) Administration Act 1992,"No. 60, 1992",,,requests,200,raw/au/coal_mining_industry_long_service_leave_administration_act_1992/20260915T1444Z__page.html.headers.json,text/html,7f664dd77d9d119415d7a18b88b3bed3cb0246a16c93ebf6dd6f1e8b20680cd4,367620,,,,,corpus AU_corpus_2026-09-19: from AU_ws_2026-09-15,,1992-06-26,,InForce
0.2.0,,au-hiba1997-001,AU,https://www.legislation.gov.au/C2004A05158/asmade/1997-05-22/text/original/pdf,2026-09-15T15:07:24Z,pdf_native,false,raw/au/hindmarsh_island_bridge_act_1997/20260915T1507Z__native.pdf,Hindmarsh Island Bridge Act 1997,"No. 60, 1997",,,requests,200,raw/au/hindmarsh_island_bridge_act_1997/20260915T1507Z__native.pdf.headers.json,application/pdf,6fba8cc1645d7f2e72fd025d97d8c9a2b60eda0aea8240850c390ae3875a4e84,70719,10,,,,corpus AU_corpus_2026-09-19: from AU_ws_2026-09-15,,1997-05-22,,InForce
0.2.0,,au-sslia1998-001,AU,https://www.legislation.gov.au/C2004A00320/2020-06-20/2020-06-20/text/original/epub,2026-09-15T13:20:44Z,html,,raw/au/superannuation_supervisory_levy_imposition_act_1998/20260915T1320Z__page.html,Superannuation Supervisory Levy Imposition Act 1998,"No. 60, 1998",,,requests,200,raw/au/superannuation_supervisory_levy_imposition_act_1998/20260915T1320Z__page.html.headers.json,text/html,38ebc484562611937655441910144b66d43b40feb484f00cd208c25f80870803,60482,,,,,corpus AU_corpus_2026-09-19: from AU_ws_2026-09-15,,1998-06-29,,InForce
0.2.0,,au-falaa2004-001,AU,https://www.legislation.gov.au/C2004A01295/2006-09-27/2006-09-27/text/original/epub,2026-09-15T13:48:11Z,html,,raw/au/family_assistance_legislation_amendment_more_help_for_families_one_off_payments_act_2004/20260915T1348Z__page.html,Family Assistance Legislation Amendment (More Help for Families—One-off Payments) Act 2004,"No. 60, 2004",,,requests,200,raw/au/family_assistance_legislation_amendment_more_help_for_families_one_off_payments_act_2004/20260915T1348Z__page.html.headers.json,text/html,cd7945b0f84761c8d54bffa1240e4709d3600820202f27049afa1e3330160bba,86192,,,,,corpus AU_corpus_2026-09-19: from AU_ws_2026-09-15,,2004-05-26,,InForce
0.2.0,,au-cfpsoma2011-001,AU,https://www.legislation.gov.au/C2011A00060/asmade/2011-06-28/text/original/pdf,2026-09-15T15:44:45Z,pdf_native,false,raw/au/combating_the_financing_of_people_smuggling_and_other_measures_act_2011/20260915T1544Z__native.pdf,Combating the Financing of People Smuggling and Other Measures Act 2011,"No. 60, 2011",,,requests,200,raw/au/combating_the_financing_of_people_smuggling_and_other_measures_act_2011/20260915T1544Z__native.pdf.headers.json,application/pdf,ca1829a6789dd4d9bbcc18a0b53a7ee9b32d16191e32e24b11c0ad8fbeb1be64,465231,57,,,,corpus AU_corpus_2026-09-19: from AU_ws_2026-09-15,,2011-06-28,,InForce
0.2.0,,au-pia2024-001,AU,https://www.legislation.gov.au/C2024A00060/asmade/2024-07-09/text/original/pdf,2026-09-15T16:44:31Z,pdf_native,false,raw/au/primary_industries_consequential_amendments_and_transitional_provisions_act_2024/20260915T1644Z__native.pdf,Primary Industries (Consequential Amendments and Transitional Provisions) Act 2024,"No. 60, 2024",,,requests,200,raw/au/primary_industries_consequential_amendments_and_transitional_provisions_act_2024/20260915T1644Z__native.pdf.headers.json,application/pdf,62fa8d1eb52ea8654712484f41074f680357ec93d7456760a86e6f3eb0a9e913,414283,56,,,,corpus AU_corpus_2026-09-19: from AU_ws_2026-09-15,,2024-07-09,,InForce
0.2.0,,au-scppa1963-001,AU,https://www.legislation.gov.au/C1963A00061/2016-10-21/2016-10-21/text/original/epub,2026-09-15T12:59:35Z,html,,raw/au/submarine_cables_and_pipelines_protection_act_1963/20260915T1259Z__page.html,Submarine Cables and Pipelines Protection Act 1963,"No. 61, 1963",,,requests,200,raw/au/submarine_cables_and_pipelines_protection_act_1963/20260915T1259Z__page.html.headers.json,text/html,7587c7a1afdc5ba9bd4e40022e2ad40ee55204172e788697eaf9459407ee57ba,60966,,,,,corpus AU_corpus_2026-09-19: from AU_ws_2026-09-15,,1963-10-28,,InForce
0.2.0,,au-nga1975-001,AU,https://www.legislation.gov.au/C2004A00283/2021-05-01/2021-05-01/text/original/epub,2026-09-15T13:18:06Z,html,,raw/au/national_gallery_act_1975/20260915T1318Z__page.html,National Gallery Act 1975,"No. 61, 1975",,,requests,200,raw/au/national_gallery_act_1975/20260915T1318Z__page.html.headers.json,text/html,02f11edc4e238a495274f096790928f7afb7134a72639bf3d6709e6d6fc5454a,193910,,,,,corpus AU_corpus_2026-09-19: from AU_ws_2026-09-15,,1975-06-19,,InForce
0.2.0,,au-sslia1991-001,AU,https://www.legislation.gov.au/C2004A04136/asmade/2013-07-01/text/original/pdf,2026-09-15T14:39:10Z,pdf_native,false,raw/au/superannuation_self_managed_superannuation_funds_supervisory_levy_imposition_act_1991/20260915T1439Z__native.pdf,Superannuation (Self Managed Superannuation Funds) Supervisory Levy Imposition Act 1991,"No. 61, 1991",,,requests,200,raw/au/superannuation_self_managed_superannuation_funds_supervisory_levy_imposition_act_1991/20260915T1439Z__native.pdf.headers.json,application/pdf,bc71b5e74965088a9ce8090d18e081a1629bfe4a5bbdc4c5b1ccf1698bc2c5de,123905,3,,,,corpus AU_corpus_2026-09-19: from AU_ws_2026-09-15; flags as_made_short_act,,1991-05-20,,InForce
0.2.0,,au-cmiplca1992-001,AU,https://www.legislation.gov.au/C2004A04352/2026-09-01/2026-09-01/text/original/epub,2026-09-15T14:45:01Z,html,,raw/au/coal_mining_industry_long_service_leave_payroll_levy_collection_act_1992/20260915T1445Z__page.html,Coal Mining Industry (Long Service Leave) Payroll Levy Collection Act 1992,"No. 61, 1992",,,requests,200,raw/au/coal_mining_industry_long_service_leave_payroll_levy_collection_act_1992/20260915T1445Z__page.html.headers.json,text/html,e69d01b6cfadcc0e531c809767acd78ebadd0d81a98679d5156b2c06ccfa8ca1,278032,,,,,corpus AU_corpus_2026-09-19: from AU_ws_2026-09-15,,1992-06-26,,InForce
0.2.0,,au-rsaa1997-001,AU,https://www.legislation.gov.au/C2004A05159/2026-07-01/2026-07-01/text/original/epub,2026-09-15T15:07:38Z,html,,raw/au/retirement_savings_accounts_act_1997/20260915T1507Z__page.html,Retirement Savings Accounts Act 1997,"No. 61, 1997",,,requests,200,raw/au/retirement_savings_accounts_act_1997/20260915T1507Z__page.html.headers.json,text/html,1333f57efe35dda338fcb62edecb40d6d12d96a0bde53f30551d93574c212873,916028,,,,,corpus AU_corpus_2026-09-19: from AU_ws_2026-09-15,,1997-05-28,,InForce
0.2.0,,au-pgbaa2000-001,AU,https://www.legislation.gov.au/C2004A00653/2024-10-14/2024-10-14/text/original/epub,2026-09-15T13:31:24Z,html,,raw/au/product_grants_and_benefits_administration_act_2000/20260915T1331Z__page.html,Product Grants and Benefits Administration Act 2000,"No. 61, 2000",,,requests,200,raw/au/product_grants_and_benefits_administration_act_2000/20260915T1331Z__page.html.headers.json,text/html,349891dc3bf548ea61c8685243e9e538cfbe3ed335e87e0f45b7dc77bfc7a930,233806,,,,,corpus AU_corpus_2026-09-19: from AU_ws_2026-09-15,,2000-06-19,,InForce
0.2.0,,au-hrca2003-001,AU,https://www.legislation.gov.au/C2004A01145/asmade/2003-06-30/text/original/pdf,2026-09-15T13:44:18Z,pdf_native,false,raw/au/hih_royal_commission_transfer_of_records_act_2003/20260915T1344Z__native.pdf,HIH Royal Commission (Transfer of Records) Act 2003,"No. 61, 2003",,,requests,200,raw/au/hih_royal_commission_transfer_of_records_act_2003/20260915T1344Z__native.pdf.headers.json,application/pdf,d98b0a1f458f47ad3785b53a79fac0a51a46bd9164028cecafb9feab27dbd28b,26707,9,,,,corpus AU_corpus_2026-09-19: from AU_ws_2026-09-15,,2003-06-30,,InForce
0.2.0,,au-gria2008-001,AU,https://www.legislation.gov.au/C2008A00061/asmade/2008-06-30/text/original/pdf,2026-09-15T15:30:51Z,pdf_native,false,raw/au/governance_review_implementation_aasb_and_auasb_act_2008/20260915T1530Z__native.pdf,Governance Review Implementation (AASB and AUASB) Act 2008,"No. 61, 2008",,,requests,200,raw/au/governance_review_implementation_aasb_and_auasb_act_2008/20260915T1530Z__native.pdf.headers.json,application/pdf,76f725ffcfede4e72eb1cc0eab2c5231627b9df7a53f54c3e843ae2e61310264,127119,36,,,,corpus AU_corpus_2026-09-19: from AU_ws_2026-09-15,,2008-06-30,,InForce
0.2.0,,au-gstbaa2009-001,AU,https://www.legislation.gov.au/C2009A00061/asmade/2009-06-29/text/original/pdf,2026-09-15T15:35:26Z,pdf_native,false,raw/au/guarantee_of_state_and_territory_borrowing_appropriation_act_2009/20260915T1535Z__native.pdf,Guarantee of State and Territory Borrowing Appropriation Act 2009,"No. 61, 2009",,,requests,200,raw/au/guarantee_of_state_and_territory_borrowing_appropriation_act_2009/20260915T1535Z__native.pdf.headers.json,application/pdf,8220cc76dea81a6e706b910f8b0d9095a5117efc4b6d0ea62df7abb9de8f4fb6,31520,8,,,,corpus AU_corpus_2026-09-19: from AU_ws_2026-09-15,,2009-06-29,,InForce
0.2.0,,au-ba2015-001,AU,https://www.legislation.gov.au/C2015A00061/2026-01-01/2026-01-01/text/original/epub,2026-09-15T16:07:56Z,html,,raw/au/biosecurity_act_2015/20260915T1607Z__page.html,Biosecurity Act 2015,"No. 61, 2015",,,requests,200,raw/au/biosecurity_act_2015/20260915T1607Z__page.html.headers.json,text/html,c29a6bcf0b3caf85e0fe0e4f3a6866b0171ccd53939f5e960ee20527dc1f9269,3227723,,,,,corpus AU_corpus_2026-09-19: from AU_ws_2026-09-15,,2015-06-16,,InForce
0.2.0,,au-acdca2025-001,AU,https://www.legislation.gov.au/C2025A00061/asmade/2025-11-10/text/original/pdf,2026-09-15T16:51:44Z,pdf_native,false,raw/au/australian_centre_for_disease_control_act_2025/20260915T1651Z__native.pdf,Australian Centre for Disease Control Act 2025,"No. 61, 2025",,,requests,200,raw/au/australian_centre_for_disease_control_act_2025/20260915T1651Z__native.pdf.headers.json,application/pdf,0c80205125e24cbcaa4d1a5878c506740d29676095e1e5d2e71fcb07e1e7e2f2,409104,72,,,,corpus AU_corpus_2026-09-19: from AU_ws_2026-09-15,,2025-11-10,,InForce
0.2.0,,au-ma1958-001,AU,https://www.legislation.gov.au/C1958A00062/2026-06-04/2026-06-04/text/original/epub,2026-09-15T12:54:49Z,html,,raw/au/migration_act_1958/20260915T1254Z__page.html,Migration Act 1958,"No. 62, 1958",,,requests,200,raw/au/migration_act_1958/20260915T1254Z__page.html.headers.json,text/html,8d878313ee50ee2ebd225b8062b350e1b29579f33444612dd035a64cac6c30ab,6292515,,,,,corpus AU_corpus_2026-09-19: from AU_ws_2026-09-15,,1958-10-08,,InForce
0.2.0,,au-cpia1972-001,AU,https://www.legislation.gov.au/C1972A00062/2016-10-21/2016-10-21/text/original/epub,2026-09-15T13:08:29Z,html,,raw/au/consular_privileges_and_immunities_act_1972/20260915T1308Z__page.html,Consular Privileges and Immunities Act 1972,"No. 62, 1972",,,requests,200,raw/au/consular_privileges_and_immunities_act_1972/20260915T1308Z__page.html.headers.json,text/html,0b8ec0e3c767289d6dd9f930edf6ae7aa57a512d0c2548ecec23fcfac65442e8,265926,,,,,corpus AU_corpus_2026-09-19: from AU_ws_2026-09-15,,1972-08-31,,InForce
0.2.0,,au-iloa1973-001,AU,https://www.legislation.gov.au/C2004A00019/asmade/1973-06-18/text/original/pdf,2026-09-15T13:11:03Z,pdf_native,false,raw/au/international_labour_organisation_act_1973/20260915T1311Z__native.pdf,International Labour Organisation Act 1973,"No. 62, 1973",,,requests,200,raw/au/international_labour_organisation_act_1973/20260915T1311Z__native.pdf.headers.json,application/pdf,0dd68d1d90bdd9ebeea0f6c042c259c6242fbca8752beb677e004720ee1d1459,763208,20,,,,corpus AU_corpus_2026-09-19: from AU_ws_2026-09-15,,1973-06-18,,InForce
0.2.0,,au-la1975-001,AU,https://www.legislation.gov.au/C2004A00284/asmade/1975-06-19/text/original/pdf,2026-09-15T13:18:20Z,pdf_native,false,raw/au/loan_war_service_land_settlement_act_1975/20260915T1318Z__native.pdf,Loan (War Service Land Settlement) Act 1975,"No. 62, 1975",,,requests,200,raw/au/loan_war_service_land_settlement_act_1975/20260915T1318Z__native.pdf.headers.json,application/pdf,f6d7e4e1f8dfd71c7b283413d4cdd78638399163c9e837c11d03e4536396cd1c,49325,1,,,,corpus AU_corpus_2026-09-19: from AU_ws_2026-09-15; flags as_made_short_act,,1975-06-19,,InForce
0.2.0,,au-cmipla1992-001,AU,https://www.legislation.gov.au/C2004A04353/asmade/2012-01-01/text/original/pdf,2026-09-15T14:45:15Z,pdf_native,false,raw/au/coal_mining_industry_long_service_leave_payroll_levy_act_1992/20260915T1445Z__native.pdf,Coal Mining Industry (Long Service Leave) Payroll Levy Act 1992,"No. 62, 1992",,,requests,200,raw/au/coal_mining_industry_long_service_leave_payroll_levy_act_1992/20260915T1445Z__native.pdf.headers.json,application/pdf,eb089522f4c6663e1633f7a8283999f004bc6410b9f6a7a129c77547a1ef25ce,85835,2,,,,corpus AU_corpus_2026-09-19: from AU_ws_2026-09-15; flags as_made_short_act,,1992-06-26,,InForce
0.2.0,,au-ntsa19999621-001,AU,https://www.legislation.gov.au/C2004A00452/2026-04-01/2026-04-01/text/original/epub,2026-09-15T13:23:58Z,html,,raw/au/a_new_tax_system_wine_equalisation_tax_act_1999/20260915T1323Z__page.html,A New Tax System (Wine Equalisation Tax) Act 1999,"No. 62, 1999",,,requests,200,raw/au/a_new_tax_system_wine_equalisation_tax_act_1999/20260915T1323Z__page.html.headers.json,text/html,a3a0d38d89cc2e5271f7a51501e4d700348c0885d34682f25092c15fa6b61ee5,523907,,,,,corpus AU_corpus_2026-09-19: from AU_ws_2026-09-15,,1999-07-08,,InForce
0.2.0,,au-pgpaa2014-001,AU,https://www.legislation.gov.au/C2014A00062/2016-03-05/2016-03-05/text/original/epub,2026-09-15T16:04:43Z,html,,raw/au/public_governance_performance_and_accountability_consequential_and_transitional_provisions_act_2014/20260915T1604Z__page.html,"Public Governance, Performance and Accountability (Consequential and Transitional Provisions) Act 2014","No. 62, 2014",,,requests,200,raw/au/public_governance_performance_and_accountability_consequential_and_transitional_provisions_act_2014/20260915T1604Z__page.html.headers.json,text/html,43778b1689d0db9142fc250e9062e47215c669dfbe1973e9f656de6ac1dda7dc,1716466,,,,,corpus AU_corpus_2026-09-19: from AU_ws_2026-09-15,,2014-06-30,,InForce
0.2.0,,au-ba2015f590-001,AU,https://www.legislation.gov.au/C2015A00062/2017-09-20/2017-09-20/text/original/epub,2026-09-15T16:08:07Z,html,,raw/au/biosecurity_consequential_amendments_and_transitional_provisions_act_2015/20260915T1608Z__page.html,Biosecurity (Consequential Amendments and Transitional Provisions) Act 2015,"No. 62, 2015",,,requests,200,raw/au/biosecurity_consequential_amendments_and_transitional_provisions_act_2015/20260915T1608Z__page.html.headers.json,text/html,b6eab040414ace58356f498a02eb064b6ccfb3d1d7445d97b6bf71ff3ae67bd6,318302,,,,,corpus AU_corpus_2026-09-19: from AU_ws_2026-09-15,,2015-06-16,,InForce
0.2.0,,au-acdca2025fd11-001,AU,https://www.legislation.gov.au/C2025A00062/asmade/2025-11-10/text/original/pdf,2026-09-15T16:51:59Z,pdf_native,false,raw/au/australian_centre_for_disease_control_consequential_amendments_and_transitional_provisions_act_2025/20260915T1651Z__native.pdf,Australian Centre for Disease Control (Consequential Amendments and Transitional Provisions) Act 2025,"No. 62, 2025",,,requests,200,raw/au/australian_centre_for_disease_control_consequential_amendments_and_transitional_provisions_act_2025/20260915T1651Z__native.pdf.headers.json,application/pdf,13297322333d66ef53cfbdef5b036b80f3265b43813915d53997aeb4cd83f2aa,356389,41,,,,corpus AU_corpus_2026-09-19: from AU_ws_2026-09-15,,2025-11-10,,InForce
0.2.0,,au-ca1968-001,AU,https://www.legislation.gov.au/C1968A00063/2026-04-02/2026-04-02/text/original/epub,2026-09-15T13:04:02Z,html,,raw/au/copyright_act_1968/20260915T1304Z__page.html,Copyright Act 1968,"No. 63, 1968",,,requests,200,raw/au/copyright_act_1968/20260915T1304Z__page.html.headers.json,text/html,363c9d0408935aa216600bfadbbad00b889bd2f1691f2c49134cd0aa94af94fc,3282602,,,,,corpus AU_corpus_2026-09-19: from AU_ws_2026-09-15,,1968-06-27,,InForce
0.2.0,,au-caa1988-001,AU,https://www.legislation.gov.au/C2004A03656/2024-10-14/2024-10-14/text/original/epub,2026-09-15T14:28:32Z,html,,raw/au/civil_aviation_act_1988/20260915T1428Z__page.html,Civil Aviation Act 1988,"No. 63, 1988",,,requests,200,raw/au/civil_aviation_act_1988/20260915T1428Z__page.html.headers.json,text/html,a764197582f77342b56ed08995699485d647f587f41151dd9331a12085a5ad74,1023491,,,,,corpus AU_corpus_2026-09-19: from AU_ws_2026-09-15,,1988-06-15,,InForce
0.2.0,,au-tpsa1989-001,AU,https://www.legislation.gov.au/C2004A03811/asmade/2014-10-17/text/original/pdf,2026-09-15T14:32:11Z,pdf_native,false,raw/au/telecommunications_and_postal_services_transitional_provisions_and_consequential_amendments_act_1989/20260915T1432Z__native.pdf,Telecommunications and Postal Services (Transitional Provisions and Consequential Amendments) Act 1989,"No. 63, 1989",,,requests,200,raw/au/telecommunications_and_postal_services_transitional_provisions_and_consequential_amendments_act_1989/20260915T1432Z__native.pdf.headers.json,application/pdf,33c40d1428bfb4639023e02ab02fef7521704803a1764a1c171aa4e9dae9dc67,2307155,42,,,,corpus AU_corpus_2026-09-19: from AU_ws_2026-09-15,,1989-06-19,,InForce
0.2.0,,au-mhra2012-001,AU,https://www.legislation.gov.au/C2012A00063/2026-07-01/2026-07-01/text/original/epub,2026-09-15T12:35:09Z,html,,raw/au/my_health_records_act_2012/20260915T1235Z__page.html,My Health Records Act 2012,"No. 63, 2012",P6,"P6-I1,P6-I2",requests,200,raw/au/my_health_records_act_2012/20260915T1235Z__page.html.headers.json,text/html,c08e7a715a25b69eb415a90bf30aadd607a7d5f5657531c5a79a16fd856cae4f,788643,,,,,corpus AU_corpus_2026-09-19: from AU_ws_2026-09-15,,2012-06-26,,InForce
0.2.0,,au-welsa2013-001,AU,https://www.legislation.gov.au/C2013A00063/asmade/2013-06-26/text/original/pdf,2026-09-15T15:59:23Z,pdf_native,false,raw/au/water_efficiency_labelling_and_standards_registration_fees_act_2013/20260915T1559Z__native.pdf,Water Efficiency Labelling and Standards (Registration Fees) Act 2013,"No. 63, 2013",,,requests,200,raw/au/water_efficiency_labelling_and_standards_registration_fees_act_2013/20260915T1559Z__native.pdf.headers.json,application/pdf,dddf6bf167c441fea2b1835f899f0a12876ba75e02dcb3ef0854d49bd8a4f3ec,372232,9,,,,corpus AU_corpus_2026-09-19: from AU_ws_2026-09-15,,2013-06-26,,InForce
0.2.0,,au-mbla2017-001,AU,https://www.legislation.gov.au/C2017A00063/asmade/2017-06-23/text/original/pdf,2026-09-15T16:17:18Z,pdf_native,false,raw/au/major_bank_levy_act_2017/20260915T1617Z__native.pdf,Major Bank Levy Act 2017,"No. 63, 2017",,,requests,200,raw/au/major_bank_levy_act_2017/20260915T1617Z__native.pdf.headers.json,application/pdf,5bd79437265a7c2f26eff497a9058d06fd00b37c5677a5c6bee3b20fbec5d5e5,535643,10,,,,corpus AU_corpus_2026-09-19: from AU_ws_2026-09-15,,2017-06-23,,InForce
0.2.0,,au-fitsa2018-001,AU,https://www.legislation.gov.au/C2018A00063/2024-10-14/2024-10-14/text/original/epub,2026-09-15T16:19:33Z,html,,raw/au/foreign_influence_transparency_scheme_act_2018/20260915T1619Z__page.html,Foreign Influence Transparency Scheme Act 2018,"No. 63, 2018",,,requests,200,raw/au/foreign_influence_transparency_scheme_act_2018/20260915T1619Z__page.html.headers.json,text/html,f5c69ac5885c4ad1614aae4c119293fdc129b478795b40627dc1c1e5e923b50f,379908,,,,,corpus AU_corpus_2026-09-19: from AU_ws_2026-09-15,,2018-06-29,,InForce
0.2.0,,au-fraaa2021-001,AU,https://www.legislation.gov.au/C2021A00063/2025-12-05/2025-12-05/text/original/epub,2026-09-15T16:32:05Z,html,,raw/au/financial_regulator_assessment_authority_act_2021/20260915T1632Z__page.html,Financial Regulator Assessment Authority Act 2021,"No. 63, 2021",,,requests,200,raw/au/financial_regulator_assessment_authority_act_2021/20260915T1632Z__page.html.headers.json,text/html,47ffab95dd04f471693af1103049b5d11b7542922ad1cf0abe6d584c5cd01b74,152733,,,,,corpus AU_corpus_2026-09-19: from AU_ws_2026-09-15,,2021-06-29,,InForce
0.2.0,,au-eiaa2025-001,AU,https://www.legislation.gov.au/C2025A00063/asmade/2025-12-01/text/original/pdf,2026-09-15T16:52:13Z,pdf_native,false,raw/au/environment_information_australia_act_2025/20260915T1652Z__native.pdf,Environment Information Australia Act 2025,"No. 63, 2025",,,requests,200,raw/au/environment_information_australia_act_2025/20260915T1652Z__native.pdf.headers.json,application/pdf,4d1be2d50aae066d1030e9287cf84b3a765f60bb7a7878c142b1ede04cd45d7c,319597,37,,,,corpus AU_corpus_2026-09-19: from AU_ws_2026-09-15,,2025-12-01,,InForce
0.2.0,,au-nma1960-001,AU,https://www.legislation.gov.au/C1960A00064/2024-10-14/2024-10-14/text/original/epub,2026-09-15T12:57:25Z,html,,raw/au/national_measurement_act_1960/20260915T1257Z__page.html,National Measurement Act 1960,"No. 64, 1960",,,requests,200,raw/au/national_measurement_act_1960/20260915T1257Z__page.html.headers.json,text/html,c883e9761af25f59d1638a34099436ad02960fc43c5dfcc0517c2599f3cd99c7,1156788,,,,,corpus AU_corpus_2026-09-19: from AU_ws_2026-09-15,,1960-11-30,,InForce
0.2.0,,au-mpa1984-001,AU,https://www.legislation.gov.au/C2004A02928/2026-03-14/2026-03-14/text/original/epub,2026-09-15T14:13:54Z,html,,raw/au/members_of_parliament_staff_act_1984/20260915T1413Z__page.html,Members of Parliament (Staff) Act 1984,"No. 64, 1984",,,requests,200,raw/au/members_of_parliament_staff_act_1984/20260915T1413Z__page.html.headers.json,text/html,59626acba6f3a92b72079de5bf3e8d0ae171ff61d299e6e606a42910d1af87af,185360,,,,,corpus AU_corpus_2026-09-19: from AU_ws_2026-09-15,,1984-06-25,,InForce
0.2.0,,au-apca1989-001,AU,https://www.legislation.gov.au/C2004A03812/2025-01-09/2025-01-09/text/original/epub,2026-09-15T14:32:23Z,html,,raw/au/australian_postal_corporation_act_1989/20260915T1432Z__page.html,Australian Postal Corporation Act 1989,"No. 64, 1989",,,requests,200,raw/au/australian_postal_corporation_act_1989/20260915T1432Z__page.html.headers.json,text/html,eec091f05cacb435149213f90edd9ea3feac01aed657b4d74edfa352e390c417,604858,,,,,corpus AU_corpus_2026-09-19: from AU_ws_2026-09-15,,1989-06-19,,InForce
0.2.0,,au-ntsa1999658f-001,AU,https://www.legislation.gov.au/C2004A00454/asmade/1999-07-08/text/original/pdf,2026-09-15T13:24:12Z,pdf_native,false,raw/au/a_new_tax_system_wine_equalisation_tax_imposition_customs_act_1999/20260915T1324Z__native.pdf,A New Tax System (Wine Equalisation Tax Imposition—Customs) Act 1999,"No. 64, 1999",,,requests,200,raw/au/a_new_tax_system_wine_equalisation_tax_imposition_customs_act_1999/20260915T1324Z__native.pdf.headers.json,application/pdf,1571c11b177c517b864d1565da6401bf1e51dfa4d6d7b4f2316f974929dca8ef,20414,6,,,,corpus AU_corpus_2026-09-19: from AU_ws_2026-09-15,,1999-07-08,,InForce
0.2.0,,au-epbca2025-001,AU,https://www.legislation.gov.au/C2025A00064/asmade/2025-12-01/text/original/pdf,2026-09-15T16:52:26Z,pdf_native,false,raw/au/environment_protection_and_biodiversity_conservation_customs_charges_imposition_act_2025/20260915T1652Z__native.pdf,Environment Protection and Biodiversity Conservation (Customs Charges Imposition) Act 2025,"No. 64, 2025",,,requests,200,raw/au/environment_protection_and_biodiversity_conservation_customs_charges_imposition_act_2025/20260915T1652Z__native.pdf.headers.json,application/pdf,c81b7ba6b062fd1b1fe5b6ac4beafc82459f4c0c3f35d68cc1ef3cd7a60920e1,238756,8,,,,corpus AU_corpus_2026-09-19: from AU_ws_2026-09-15,,2025-12-01,,InForce
0.2.0,,au-ea1961-001,AU,https://www.legislation.gov.au/C1961A00065/2024-12-11/2024-12-11/text/original/epub,2026-09-15T12:58:32Z,html,,raw/au/explosives_act_1961/20260915T1258Z__page.html,Explosives Act 1961,"No. 65, 1961",,,requests,200,raw/au/explosives_act_1961/20260915T1258Z__page.html.headers.json,text/html,687cabd0320b26befaeb6aa8ffbcc10cf5f51ae54698b8d396c247ca769e2d91,76226,,,,,corpus AU_corpus_2026-09-19: from AU_ws_2026-09-15,,1961-10-24,,InForce
0.2.0,,au-nwrcca2002-001,AU,https://www.legislation.gov.au/C2004A01703/2024-08-26/2024-08-26/text/original/epub,2026-09-15T13:55:46Z,html,,raw/au/national_workplace_relations_consultative_council_act_2002/20260915T1355Z__page.html,National Workplace Relations Consultative Council Act 2002,"No. 65, 1977",,,requests,200,raw/au/national_workplace_relations_consultative_council_act_2002/20260915T1355Z__page.html.headers.json,text/html,98f060efaddac7bebe6a5ba485218d637f85af0a7205d5f7c8dfe2a975df01a4,95975,,,,,corpus AU_corpus_2026-09-19: from AU_ws_2026-09-15,,1977-06-16,,InForce
0.2.0,,au-ntsa19993a8c-001,AU,https://www.legislation.gov.au/C2004A00455/asmade/1999-07-08/text/original/pdf,2026-09-15T13:24:23Z,pdf_native,false,raw/au/a_new_tax_system_wine_equalisation_tax_imposition_excise_act_1999/20260915T1324Z__native.pdf,A New Tax System (Wine Equalisation Tax Imposition—Excise) Act 1999,"No. 65, 1999",,,requests,200,raw/au/a_new_tax_system_wine_equalisation_tax_imposition_excise_act_1999/20260915T1324Z__native.pdf.headers.json,application/pdf,37c72158ed2f92091228c7d780501ddbc4a60d2cc22c7e80284565ade47c04b1,20440,6,,,,corpus AU_corpus_2026-09-19: from AU_ws_2026-09-15,,1999-07-08,,InForce
0.2.0,,au-eraa2006-001,AU,https://www.legislation.gov.au/C2006A00065/2007-03-15/2007-03-15/text/original/epub,2026-09-15T15:19:55Z,html,,raw/au/electoral_and_referendum_amendment_electoral_integrity_and_other_measures_act_2006/20260915T1519Z__page.html,Electoral and Referendum Amendment (Electoral Integrity and Other Measures) Act 2006,"No. 65, 2006",,,requests,200,raw/au/electoral_and_referendum_amendment_electoral_integrity_and_other_measures_act_2006/20260915T1519Z__page.html.headers.json,text/html,6f8b580dd20d1bcd47f515aa8a7358d38d08c7bac3ac0baa4f969c23eea60fe4,282081,,,,,corpus AU_corpus_2026-09-19: from AU_ws_2026-09-15,,2006-06-22,,InForce
0.2.0,,au-csfalaa2010-001,AU,https://www.legislation.gov.au/C2010A00065/asmade/2010-06-28/text/original/pdf,2026-09-15T15:39:37Z,pdf_native,false,raw/au/child_support_and_family_assistance_legislation_amendment_budget_and_other_measures_act_2010/20260915T1539Z__native.pdf,Child Support and Family Assistance Legislation Amendment (Budget and Other Measures) Act 2010,"No. 65, 2010",,,requests,200,raw/au/child_support_and_family_assistance_legislation_amendment_budget_and_other_measures_act_2010/20260915T1539Z__native.pdf.headers.json,application/pdf,25da680fc8f344944fc651ea59e237ea31a92a5b37e4e8931147634abdf2d2ab,277738,109,,,,corpus AU_corpus_2026-09-19: from AU_ws_2026-09-15,,2010-06-28,,InForce
0.2.0,,au-ncsra2016-001,AU,https://www.legislation.gov.au/C2016A00065/2026-07-01/2026-07-01/text/original/epub,2026-09-15T16:13:54Z,html,,raw/au/national_cancer_screening_register_act_2016/20260915T1613Z__page.html,National Cancer Screening Register Act 2016,"No. 65, 2016",,,requests,200,raw/au/national_cancer_screening_register_act_2016/20260915T1613Z__page.html.headers.json,text/html,4f0457c6e49ba21bf31d69005c5538350fc7d81fc2b1d0978d98ae29c0af998b,151005,,,,,corpus AU_corpus_2026-09-19: from AU_ws_2026-09-15,,2016-10-20,,InForce
0.2.0,,au-haa2018-001,AU,https://www.legislation.gov.au/C2018A00065/2024-12-11/2024-12-11/text/original/epub,2026-09-15T16:19:44Z,html,,raw/au/housing_australia_act_2018/20260915T1619Z__page.html,Housing Australia Act 2018,"No. 65, 2018",,,requests,200,raw/au/housing_australia_act_2018/20260915T1619Z__page.html.headers.json,text/html,9c83e6c1858e02eb83c3445120a507a26c29d7b8e65942c8fc48ac21c27ba1f2,217415,,,,,corpus AU_corpus_2026-09-19: from AU_ws_2026-09-15,,2018-06-29,,InForce
0.2.0,,au-cra2020-001,AU,https://www.legislation.gov.au/C2020A00065/2026-07-01/2026-07-01/text/original/epub,2026-09-15T16:28:28Z,html,,raw/au/commonwealth_registers_act_2020/20260915T1628Z__page.html,Commonwealth Registers Act 2020,"No. 65, 2020",,,requests,200,raw/au/commonwealth_registers_act_2020/20260915T1628Z__page.html.headers.json,text/html,4755d2a95467a8f4b3cb65660362ae1ff51402ca5b1a4198ad8a7171cbf1524d,109852,,,,,corpus AU_corpus_2026-09-19: from AU_ws_2026-09-15,,2020-06-22,,InForce
0.2.0,,au-fsa2021-001,AU,https://www.legislation.gov.au/C2021A00065/2025-12-05/2025-12-05/text/original/epub,2026-09-15T16:32:18Z,html,,raw/au/fuel_security_act_2021/20260915T1632Z__page.html,Fuel Security Act 2021,"No. 65, 2021",,,requests,200,raw/au/fuel_security_act_2021/20260915T1632Z__page.html.headers.json,text/html,5d52e17fd4a884196b99b11fc2c81d51b8caaa71be9697428eed719235e0bb81,353347,,,,,corpus AU_corpus_2026-09-19: from AU_ws_2026-09-15,,2021-06-29,,InForce
0.2.0,,au-epbca2025448a-001,AU,https://www.legislation.gov.au/C2025A00065/asmade/2025-12-01/text/original/pdf,2026-09-15T16:52:38Z,pdf_native,false,raw/au/environment_protection_and_biodiversity_conservation_excise_charges_imposition_act_2025/20260915T1652Z__native.pdf,Environment Protection and Biodiversity Conservation (Excise Charges Imposition) Act 2025,"No. 65, 2025",,,requests,200,raw/au/environment_protection_and_biodiversity_conservation_excise_charges_imposition_act_2025/20260915T1652Z__native.pdf.headers.json,application/pdf,f0de3f7130a639a66f8fc692914d2927a0b1836e6477d2027406a206a1c21677,237488,7,,,,corpus AU_corpus_2026-09-19: from AU_ws_2026-09-15,,2025-12-01,,InForce
0.2.0,,au-ifca1955-001,AU,https://www.legislation.gov.au/C1955A00066/2026-04-09/2026-04-09/text/original/epub,2026-09-15T12:53:45Z,html,,raw/au/international_finance_corporation_act_1955/20260915T1253Z__page.html,International Finance Corporation Act 1955,"No. 66, 1955",,,requests,200,raw/au/international_finance_corporation_act_1955/20260915T1253Z__page.html.headers.json,text/html,0898b05423bbc3c8a4bbaf32efe5abe34d46604331d6b7bca3cc97fbdcb824d3,59126,,,,,corpus AU_corpus_2026-09-19: from AU_ws_2026-09-15,,1955-11-04,,InForce
0.2.0,,au-sia1965-001,AU,https://www.legislation.gov.au/C1965A00066/asmade/1973-12-19/text/original/pdf,2026-09-15T13:01:04Z,pdf_native,false,raw/au/stevedoring_industry_act_1965/20260915T1301Z__native.pdf,Stevedoring Industry Act 1965,"No. 66, 1965",,,requests,200,raw/au/stevedoring_industry_act_1965/20260915T1301Z__native.pdf.headers.json,application/pdf,f74af6232f138d082d57899da08c509561b48c1b8f3d6d36caad836e43f73575,753670,12,,,,corpus AU_corpus_2026-09-19: from AU_ws_2026-09-15,,1965-10-08,,InForce
0.2.0,,au-actea1971-001,AU,https://www.legislation.gov.au/C1971A00066/asmade/1981-12-30/text/original/pdf,2026-09-15T13:06:37Z,pdf_native,false,raw/au/australian_capital_territory_evidence_temporary_provisions_act_1971/20260915T1306Z__native.pdf,Australian Capital Territory Evidence (Temporary Provisions) Act 1971,"No. 66, 1971",,,requests,200,raw/au/australian_capital_territory_evidence_temporary_provisions_act_1971/20260915T1306Z__native.pdf.headers.json,application/pdf,009c2d4f5e706b86d2892d377a95323372ccd4aadb0b6bf95ec16f52d44b2771,162535,1,,,,corpus AU_corpus_2026-09-19: from AU_ws_2026-09-15; flags as_made_short_act,,1971-08-26,,InForce
0.2.0,,au-smeca1989-001,AU,https://www.legislation.gov.au/C2004A03814/asmade/1989-06-19/text/original/pdf,2026-09-15T14:32:37Z,pdf_native,false,raw/au/snowy_mountains_engineering_corporation_conversion_into_public_company_act_1989/20260915T1432Z__native.pdf,Snowy Mountains Engineering Corporation (Conversion into Public Company) Act 1989,"No. 66, 1989",,,requests,200,raw/au/snowy_mountains_engineering_corporation_conversion_into_public_company_act_1989/20260915T1432Z__native.pdf.headers.json,application/pdf,7d1f158f11f933a308fbe921a43d1b5044b6a314c1640e8402cb9ea386bbe0c7,1026971,19,,,,corpus AU_corpus_2026-09-19: from AU_ws_2026-09-15,,1989-06-19,,InForce
0.2.0,,au-ntsa1999412d-001,AU,https://www.legislation.gov.au/C2004A00456/asmade/1999-07-08/text/original/pdf,2026-09-15T13:24:38Z,pdf_native,false,raw/au/a_new_tax_system_wine_equalisation_tax_imposition_general_act_1999/20260915T1324Z__native.pdf,A New Tax System (Wine Equalisation Tax Imposition—General) Act 1999,"No. 66, 1999",,,requests,200,raw/au/a_new_tax_system_wine_equalisation_tax_imposition_general_act_1999/20260915T1324Z__native.pdf.headers.json,application/pdf,733fc821c88ec7b3582dd09c7c35276961ed1e40ba964c6a50386af89dfd25ee,21230,7,,,,corpus AU_corpus_2026-09-19: from AU_ws_2026-09-15,,1999-07-08,,InForce
0.2.0,,au-ncsra20164d38-001,AU,https://www.legislation.gov.au/C2016A00066/asmade/2016-10-20/text/original/pdf,2026-09-15T16:14:08Z,pdf_native,false,raw/au/national_cancer_screening_register_consequential_and_transitional_provisions_act_2016/20260915T1614Z__native.pdf,National Cancer Screening Register (Consequential and Transitional Provisions) Act 2016,"No. 66, 2016",,,requests,200,raw/au/national_cancer_screening_register_consequential_and_transitional_provisions_act_2016/20260915T1614Z__native.pdf.headers.json,application/pdf,a4dd255f055ad9b7c850ce6ac15c6b191870d6b3a5857a47ee2aa5df3220e521,620944,9,,,,corpus AU_corpus_2026-09-19: from AU_ws_2026-09-15,,2016-10-20,,InForce
0.2.0,,au-nhfica2018-001,AU,https://www.legislation.gov.au/C2018A00066/asmade/2018-06-29/text/original/pdf,2026-09-15T16:19:56Z,pdf_native,false,raw/au/national_housing_finance_and_investment_corporation_consequential_amendments_and_transitional_provisions_act_2018/20260915T1619Z__native.pdf,National Housing Finance and Investment Corporation (Consequential Amendments and Transitional Provisions) Act 2018,"No. 66, 2018",,,requests,200,raw/au/national_housing_finance_and_investment_corporation_consequential_amendments_and_transitional_provisions_act_2018/20260915T1619Z__native.pdf.headers.json,application/pdf,b05cff6f21780d1672c64e29e9ad3f123dedea7f76fa880f9a1535cdf78336bc,614161,8,,,,corpus AU_corpus_2026-09-19: from AU_ws_2026-09-15,,2018-06-29,,InForce
0.2.0,,au-fsa20218641-001,AU,https://www.legislation.gov.au/C2021A00066/asmade/2021-06-29/text/original/pdf,2026-09-15T16:32:29Z,pdf_native,false,raw/au/fuel_security_consequential_and_transitional_provisions_act_2021/20260915T1632Z__native.pdf,Fuel Security (Consequential and Transitional Provisions) Act 2021,"No. 66, 2021",,,requests,200,raw/au/fuel_security_consequential_and_transitional_provisions_act_2021/20260915T1632Z__native.pdf.headers.json,application/pdf,eedc6b9528ba8a830b9f7143ef76b9dc5058c6a43d05ed650bf7a1d33d7f0615,821168,17,,,,corpus AU_corpus_2026-09-19: from AU_ws_2026-09-15,,2021-06-29,,InForce
0.2.0,,au-epbca20251eb7-001,AU,https://www.legislation.gov.au/C2025A00066/asmade/2025-12-01/text/original/pdf,2026-09-15T16:52:52Z,pdf_native,false,raw/au/environment_protection_and_biodiversity_conservation_general_charges_imposition_act_2025/20260915T1652Z__native.pdf,Environment Protection and Biodiversity Conservation (General Charges Imposition) Act 2025,"No. 66, 2025",,,requests,200,raw/au/environment_protection_and_biodiversity_conservation_general_charges_imposition_act_2025/20260915T1652Z__native.pdf.headers.json,application/pdf,b4a347184cf1b594feb0cd12c3620d71ae8af416ef96b6b4040215e9139219d1,239001,8,,,,corpus AU_corpus_2026-09-19: from AU_ws_2026-09-15,,2025-12-01,,InForce
0.2.0,,au-asa1997-001,AU,https://www.legislation.gov.au/C2004A05165/asmade/1997-06-05/text/original/pdf,2026-09-15T15:07:53Z,pdf_native,false,raw/au/aidc_sale_act_1997/20260915T1507Z__native.pdf,AIDC Sale Act 1997,"No. 67, 1997",,,requests,200,raw/au/aidc_sale_act_1997/20260915T1507Z__native.pdf.headers.json,application/pdf,c0e148e3a0dc6a3e39be7d71205ecc88aae4062abb22487d7d3e8ab30d13b5dc,115759,58,,,,corpus AU_corpus_2026-09-19: from AU_ws_2026-09-15,,1997-06-05,,InForce
0.2.0,,au-beeda2010-001,AU,https://www.legislation.gov.au/C2010A00067/2024-10-14/2024-10-14/text/original/epub,2026-09-15T15:39:50Z,html,,raw/au/building_energy_efficiency_disclosure_act_2010/20260915T1539Z__page.html,Building Energy Efficiency Disclosure Act 2010,"No. 67, 2010",,,requests,200,raw/au/building_energy_efficiency_disclosure_act_2010/20260915T1539Z__page.html.headers.json,text/html,55ff2232a085e77f7668d094166edbd9d2f7c923b759afbfa9649c164e6dcc5d,330704,,,,,corpus AU_corpus_2026-09-19: from AU_ws_2026-09-15,,2010-06-28,,InForce
0.2.0,,au-aea2013-001,AU,https://www.legislation.gov.au/C2013A00067/2024-12-18/2024-12-18/text/original/epub,2026-09-15T15:59:37Z,html,,raw/au/australian_education_act_2013/20260915T1559Z__page.html,Australian Education Act 2013,"No. 67, 2013",,,requests,200,raw/au/australian_education_act_2013/20260915T1559Z__page.html.headers.json,text/html,4ec247fdf2e1633e039381079ba30232983ccc4f8589475436041011d0564f30,627614,,,,,corpus AU_corpus_2026-09-19: from AU_ws_2026-09-15,,2013-06-27,,InForce
0.2.0,,au-fara2023-001,AU,https://www.legislation.gov.au/C2023A00067/2025-02-21/2025-02-21/text/original/epub,2026-09-15T16:37:45Z,html,,raw/au/financial_accountability_regime_act_2023/20260915T1637Z__page.html,Financial Accountability Regime Act 2023,"No. 67, 2023",,,requests,200,raw/au/financial_accountability_regime_act_2023/20260915T1637Z__page.html.headers.json,text/html,41661cccac56a6dc58207d5218d4b2ed8527cca6402bebea23d2a24d89693579,490098,,,,,corpus AU_corpus_2026-09-19: from AU_ws_2026-09-15,,2023-09-14,,InForce
0.2.0,,au-epbca20252161-001,AU,https://www.legislation.gov.au/C2025A00067/asmade/2025-12-01/text/original/pdf,2026-09-15T16:53:07Z,pdf_native,false,raw/au/environment_protection_and_biodiversity_conservation_restoration_charge_imposition_act_2025/20260915T1653Z__native.pdf,Environment Protection and Biodiversity Conservation (Restoration Charge Imposition) Act 2025,"No. 67, 2025",,,requests,200,raw/au/environment_protection_and_biodiversity_conservation_restoration_charge_imposition_act_2025/20260915T1653Z__native.pdf.headers.json,application/pdf,53831d6a273dfc6c4a5d53b7cd43f3c243e0cb2a898969d00bd6ebaa55d7885c,253538,14,,,,corpus AU_corpus_2026-09-19: from AU_ws_2026-09-15,,2025-12-01,,InForce
0.2.0,,au-dfsrba1960-001,AU,https://www.legislation.gov.au/C1960A00068/asmade/2001-04-19/text/original/pdf,2026-09-15T12:57:38Z,pdf_native,false,raw/au/defence_forces_special_retirement_benefits_act_1960/20260915T1257Z__native.pdf,Defence Forces Special Retirement Benefits Act 1960,"No. 68, 1960",,,requests,200,raw/au/defence_forces_special_retirement_benefits_act_1960/20260915T1257Z__native.pdf.headers.json,application/pdf,0897fe95944c3e88ab356ea83f4f0d341535650ca56baccf0b3f74fbfa0d8e81,668488,13,,,,corpus AU_corpus_2026-09-19: from AU_ws_2026-09-15,,1960-12-07,,InForce
0.2.0,,au-scta1997-001,AU,https://www.legislation.gov.au/C2004A05166/2009-09-18/2009-09-18/text/original/epub,2026-09-15T15:08:06Z,html,,raw/au/superannuation_contributions_tax_application_to_the_commonwealth_act_1997/20260915T1508Z__page.html,Superannuation Contributions Tax (Application to the Commonwealth) Act 1997,"No. 68, 1997",,,requests,200,raw/au/superannuation_contributions_tax_application_to_the_commonwealth_act_1997/20260915T1508Z__page.html.headers.json,text/html,1d01368c86cafa6f6d047b0847ac14880190fa26b719c5d9c602bc015e551400,22165,,,,,corpus AU_corpus_2026-09-19: from AU_ws_2026-09-15,,1997-06-05,,InForce
0.2.0,,au-ada2004-001,AU,https://www.legislation.gov.au/C2004A01302/2026-07-01/2026-07-01/text/original/epub,2026-09-15T13:48:25Z,html,,raw/au/age_discrimination_act_2004/20260915T1348Z__page.html,Age Discrimination Act 2004,"No. 68, 2004",,,requests,200,raw/au/age_discrimination_act_2004/20260915T1348Z__page.html.headers.json,text/html,694a97458f4d686b764c47b611bf80febca3febf8e3b1fc5be88b933a121b4ec,433131,,,,,corpus AU_corpus_2026-09-19: from AU_ws_2026-09-15,,2004-06-22,,InForce
0.2.0,,au-aea20130e11-001,AU,https://www.legislation.gov.au/C2013A00068/2018-01-01/2018-01-01/text/original/epub,2026-09-15T15:59:51Z,html,,raw/au/australian_education_consequential_and_transitional_provisions_act_2013/20260915T1559Z__page.html,Australian Education (Consequential and Transitional Provisions) Act 2013,"No. 68, 2013",,,requests,200,raw/au/australian_education_consequential_and_transitional_provisions_act_2013/20260915T1559Z__page.html.headers.json,text/html,b6818bacaeae5bcbe6b5f0dcefc3be1b27c3271571430a88e5b8937d584eb957,57238,,,,,corpus AU_corpus_2026-09-19: from AU_ws_2026-09-15,,2013-06-27,,InForce
0.2.0,,au-nsta2019-001,AU,https://www.legislation.gov.au/C2019A00068/2021-09-01/2021-09-01/text/original/epub,2026-09-15T16:24:58Z,html,,raw/au/national_sports_tribunal_act_2019/20260915T1624Z__page.html,National Sports Tribunal Act 2019,"No. 68, 2019",,,requests,200,raw/au/national_sports_tribunal_act_2019/20260915T1624Z__page.html.headers.json,text/html,8d0d07d5e924362e67e2f6b1d16515e4e2ec9d5d9d6875d9d2c22a8a8644a7ea,285447,,,,,corpus AU_corpus_2026-09-19: from AU_ws_2026-09-15,,2019-09-19,,InForce
0.2.0,,au-fara202383ce-001,AU,https://www.legislation.gov.au/C2023A00068/asmade/2023-09-14/text/original/pdf,2026-09-15T16:37:59Z,pdf_native,false,raw/au/financial_accountability_regime_consequential_amendments_act_2023/20260915T1637Z__native.pdf,Financial Accountability Regime (Consequential Amendments) Act 2023,"No. 68, 2023",,,requests,200,raw/au/financial_accountability_regime_consequential_amendments_act_2023/20260915T1637Z__native.pdf.headers.json,application/pdf,5f458323f0141eb028882ee47bc5f3a97624b639da084f34f0ddfc3adb68977b,1159552,46,,,,corpus AU_corpus_2026-09-19: from AU_ws_2026-09-15,,2023-09-14,,InForce
0.2.0,,au-cdfa2026-001,AU,https://www.legislation.gov.au/C2026A00068/asmade/2026-08-26/text/original/pdf,2026-09-15T16:59:09Z,pdf_native,false,raw/au/cash_distribution_framework_act_2026/20260915T1659Z__native.pdf,Cash Distribution Framework Act 2026,"No. 68, 2026",,,requests,200,raw/au/cash_distribution_framework_act_2026/20260915T1659Z__native.pdf.headers.json,application/pdf,307307de961b9c7553f3e03830380c4511422ec4d811ed8ce3d1897b47ac5063,1024596,233,,,,corpus AU_corpus_2026-09-19: from AU_ws_2026-09-15,,2026-08-26,,InForce
0.2.0,,au-ciaa1958-001,AU,https://www.legislation.gov.au/C1958A00069/asmade/1983-12-21/text/original/pdf,2026-09-15T12:55:02Z,pdf_native,false,raw/au/christmas_island_agreement_act_1958/20260915T1255Z__native.pdf,Christmas Island Agreement Act 1958,"No. 69, 1958",,,requests,200,raw/au/christmas_island_agreement_act_1958/20260915T1255Z__native.pdf.headers.json,application/pdf,428fd34186b200de967cecb1f7e8dc25604c26412130c05967f4db405e9509eb,415442,7,,,,corpus AU_corpus_2026-09-19: from AU_ws_2026-09-15,,1958-10-10,,InForce
0.2.0,,au-nla1960-001,AU,https://www.legislation.gov.au/C1960A00069/2021-05-01/2021-05-01/text/original/epub,2026-09-15T12:57:51Z,html,,raw/au/national_library_act_1960/20260915T1257Z__page.html,National Library Act 1960,"No. 69, 1960",,,requests,200,raw/au/national_library_act_1960/20260915T1257Z__page.html.headers.json,text/html,dcfa1de8b3e142a31d196140af21fb1b71621a355ffab9423e60537cb0007371,160016,,,,,corpus AU_corpus_2026-09-19: from AU_ws_2026-09-15,,1960-12-07,,InForce
0.2.0,,au-pngta1976-001,AU,https://www.legislation.gov.au/C2004A01500/asmade/1976-06-09/text/original/pdf,2026-09-15T13:52:54Z,pdf_native,false,raw/au/papua_new_guinea_staffing_assistance_termination_act_1976/20260915T1352Z__native.pdf,Papua New Guinea (Staffing Assistance) Termination Act 1976,"No. 69, 1976",,,requests,200,raw/au/papua_new_guinea_staffing_assistance_termination_act_1976/20260915T1352Z__native.pdf.headers.json,application/pdf,8e1e26f4a8d37c88c2d5015ede95e483a8044bf0af39aeb75ab2aa7f0e91047e,210315,10,,,,corpus AU_corpus_2026-09-19: from AU_ws_2026-09-15,,1976-06-09,,InForce
0.2.0,,au-ba1994-001,AU,https://www.legislation.gov.au/C2004A04745/asmade/1994-06-09/text/original/pdf,2026-09-15T14:56:07Z,pdf_native,false,raw/au/banking_state_bank_of_south_australia_and_other_matters_act_1994/20260915T1456Z__native.pdf,Banking (State Bank of South Australia and Other Matters) Act 1994,"No. 69, 1994",,,requests,200,raw/au/banking_state_bank_of_south_australia_and_other_matters_act_1994/20260915T1456Z__native.pdf.headers.json,application/pdf,6512121420c4545dfd03e677647d16dac22eff5840029497650350a88886cb37,2140730,40,,,,corpus AU_corpus_2026-09-19: from AU_ws_2026-09-15,,1994-06-09,,InForce
0.2.0,,au-scta1997535a-001,AU,https://www.legislation.gov.au/C2004A05167/2005-08-12/2005-08-12/text/original/epub,2026-09-15T15:08:20Z,html,,raw/au/superannuation_contributions_tax_application_to_the_commonwealth_reduction_of_benefits_act_1997/20260915T1508Z__page.html,Superannuation Contributions Tax (Application to the Commonwealth—Reduction of Benefits) Act 1997,"No. 69, 1997",,,requests,200,raw/au/superannuation_contributions_tax_application_to_the_commonwealth_reduction_of_benefits_act_1997/20260915T1508Z__page.html.headers.json,text/html,25d26074d1bd6e05c5a34495f27680dd8b8f70af44d449099a083cb2bec8d7e6,26774,,,,,corpus AU_corpus_2026-09-19: from AU_ws_2026-09-15,,1997-06-05,,InForce
0.2.0,,au-aja2013-001,AU,https://www.legislation.gov.au/C2013A00069/2024-10-14/2024-10-14/text/original/epub,2026-09-15T16:00:05Z,html,,raw/au/australian_jobs_act_2013/20260915T1600Z__page.html,Australian Jobs Act 2013,"No. 69, 2013",,,requests,200,raw/au/australian_jobs_act_2013/20260915T1600Z__page.html.headers.json,text/html,c68930b2f5e0f7551e67cfe28755f0c6e5d86b63286d38bd35da18c9dedde044,404669,,,,,corpus AU_corpus_2026-09-19: from AU_ws_2026-09-15,,2013-06-27,,InForce
0.2.0,,au-nepaa2025-001,AU,https://www.legislation.gov.au/C2025A00069/asmade/2025-12-01/text/original/pdf,2026-09-15T16:53:21Z,pdf_native,false,raw/au/national_environmental_protection_agency_act_2025/20260915T1653Z__native.pdf,National Environmental Protection Agency Act 2025,"No. 69, 2025",,,requests,200,raw/au/national_environmental_protection_agency_act_2025/20260915T1653Z__native.pdf.headers.json,application/pdf,d265d25104488590d21a578e100db2fbc6973983dc94438336192be71c8aa7e6,333740,42,,,,corpus AU_corpus_2026-09-19: from AU_ws_2026-09-15,,2025-12-01,,InForce
0.2.0,,au-cdfa20268d2b-001,AU,https://www.legislation.gov.au/C2026A00069/asmade/2026-08-26/text/original/pdf,2026-09-15T16:59:20Z,pdf_native,false,raw/au/cash_distribution_framework_consequential_amendments_and_transitional_provisions_act_2026/20260915T1659Z__native.pdf,Cash Distribution Framework (Consequential Amendments and Transitional Provisions) Act 2026,"No. 69, 2026",,,requests,200,raw/au/cash_distribution_framework_consequential_amendments_and_transitional_provisions_act_2026/20260915T1659Z__native.pdf.headers.json,application/pdf,5db4fc3f4598aeb48f147a61ed823967883c5b7427a285c94d46bef06814051e,359055,22,,,,corpus AU_corpus_2026-09-19: from AU_ws_2026-09-15,,2026-08-26,,InForce
0.2.0,,au-himia1953-001,AU,https://www.legislation.gov.au/C1953A00007/asmade/2008-07-04/text/original/pdf,2026-09-15T12:50:48Z,pdf_native,false,raw/au/heard_island_and_mcdonald_islands_act_1953/20260915T1250Z__native.pdf,Heard Island and McDonald Islands Act 1953,"No. 7, 1953",,,requests,200,raw/au/heard_island_and_mcdonald_islands_act_1953/20260915T1250Z__native.pdf.headers.json,application/pdf,efb56cf16f0e1a7b408dfe9c5cd8cc9c4d249ee3d4a001f254d588b4cf513b21,75046,4,,,,corpus AU_corpus_2026-09-19: from AU_ws_2026-09-15; flags as_made_short_act,,1953-03-27,,InForce
0.2.0,,au-la1976345e-001,AU,https://www.legislation.gov.au/C2004A01438/asmade/1976-03-23/text/original/pdf,2026-09-15T13:52:14Z,pdf_native,false,raw/au/loan_act_no_2_1976/20260915T1352Z__native.pdf,Loan Act (No. 2) 1976,"No. 7, 1976",,,requests,200,raw/au/loan_act_no_2_1976/20260915T1352Z__native.pdf.headers.json,application/pdf,fac7ff0ed8a73772e1f8a250cd4b04f304c7423222ddada100b76c22b1506945,51676,1,,,,corpus AU_corpus_2026-09-19: from AU_ws_2026-09-15; flags as_made_short_act,,1976-03-23,,InForce
0.2.0,,au-abca1983844a-001,AU,https://www.legislation.gov.au/C2004A02724/asmade/2014-10-17/text/original/pdf,2026-09-15T14:10:02Z,pdf_native,false,raw/au/australian_broadcasting_corporation_transitional_provisions_and_consequential_amendments_act_1983/20260915T1410Z__native.pdf,Australian Broadcasting Corporation (Transitional Provisions and Consequential Amendments) Act 1983,"No. 7, 1983",,,requests,200,raw/au/australian_broadcasting_corporation_transitional_provisions_and_consequential_amendments_act_1983/20260915T1410Z__native.pdf.headers.json,application/pdf,5032cdae714e67212980e98eba531fc9c16e88f56866dcbdbbda5064569833ea,978989,19,,,,corpus AU_corpus_2026-09-19: from AU_ws_2026-09-15,,1983-06-01,,InForce
0.2.0,,au-blfa198640c9-001,AU,https://www.legislation.gov.au/C2004A03248/asmade/2009-07-01/text/original/pdf,2026-09-15T14:18:44Z,pdf_native,false,raw/au/builders_labourers_federation_cancellation_of_registration_consequential_provisions_act_1986/20260915T1418Z__native.pdf,Builders Labourers' Federation (Cancellation of Registration—Consequential Provisions) Act 1986,"No. 7, 1986",,,requests,200,raw/au/builders_labourers_federation_cancellation_of_registration_consequential_provisions_act_1986/20260915T1418Z__native.pdf.headers.json,application/pdf,62efea64fc1ca0ec18747db3fbe3b39d2c1dd06da8ddb9ef6834b28f468e068a,375886,5,,,,corpus AU_corpus_2026-09-19: from AU_ws_2026-09-15,,1986-04-14,,InForce
0.2.0,,au-opsggma1989-001,AU,https://www.legislation.gov.au/C2004A03755/2026-07-01/2026-07-01/text/original/epub,2026-09-15T14:30:44Z,html,,raw/au/ozone_protection_and_synthetic_greenhouse_gas_management_act_1989/20260915T1430Z__page.html,Ozone Protection and Synthetic Greenhouse Gas Management Act 1989,"No. 7, 1989",,,requests,200,raw/au/ozone_protection_and_synthetic_greenhouse_gas_management_act_1989/20260915T1430Z__page.html.headers.json,text/html,255744308c387b1de11fb70ce9913239ff8c9e0da4184ccc5c558d884c78ae44,952414,,,,,corpus AU_corpus_2026-09-19: from AU_ws_2026-09-15,,1989-03-16,,InForce
0.2.0,,au-ca1995-001,AU,https://www.legislation.gov.au/C2004A04863/2025-02-21/2025-02-21/text/original/epub,2026-09-15T14:59:03Z,html,,raw/au/classification_publications_films_and_computer_games_act_1995/20260915T1459Z__page.html,"Classification (Publications, Films and Computer Games) Act 1995","No. 7, 1995",,,requests,200,raw/au/classification_publications_films_and_computer_games_act_1995/20260915T1459Z__page.html.headers.json,text/html,2a5e44a641d05380b3759b323eb75215e10d90adfd41afde9c299ec0ae806cc7,818870,,,,,corpus AU_corpus_2026-09-19: from AU_ws_2026-09-15,,1995-03-15,,InForce
0.2.0,,au-asadaa2006-001,AU,https://www.legislation.gov.au/C2006A00007/asmade/2006-03-07/text/original/pdf,2026-09-15T15:18:10Z,pdf_native,false,raw/au/australian_sports_anti_doping_authority_consequential_and_transitional_provisions_act_2006/20260915T1518Z__native.pdf,Australian Sports Anti-Doping Authority (Consequential and Transitional Provisions) Act 2006,"No. 7, 2006",,,requests,200,raw/au/australian_sports_anti_doping_authority_consequential_and_transitional_provisions_act_2006/20260915T1518Z__native.pdf.headers.json,application/pdf,3d4ff82dc2586de04bac5f138687778ab08ab76dc797e00bd1ea0dbd4b0040c5,74536,29,,,,corpus AU_corpus_2026-09-19: from AU_ws_2026-09-15,,2006-03-07,,InForce
0.2.0,,au-pnga1973-001,AU,https://www.legislation.gov.au/C2004A00033/2024-10-14/2024-10-14/text/original/epub,2026-09-15T13:11:53Z,html,,raw/au/papua_new_guinea_staffing_assistance_act_1973/20260915T1311Z__page.html,Papua New Guinea (Staffing Assistance) Act 1973,"No. 70, 1973",,,requests,200,raw/au/papua_new_guinea_staffing_assistance_act_1973/20260915T1311Z__page.html.headers.json,text/html,4286aeee96749bd2adc4e42f5dd5bbaca63299c2557bee98c2bc7fc754dd36c3,149516,,,,,corpus AU_corpus_2026-09-19: from AU_ws_2026-09-15,,1973-06-18,,InForce
0.2.0,,au-sa1988-001,AU,https://www.legislation.gov.au/C2004A03663/2026-07-01/2026-07-01/text/original/epub,2026-09-15T14:28:47Z,html,,raw/au/superannuation_productivity_benefit_act_1988/20260915T1428Z__page.html,Superannuation (Productivity Benefit) Act 1988,"No. 70, 1988",,,requests,200,raw/au/superannuation_productivity_benefit_act_1988/20260915T1428Z__page.html.headers.json,text/html,11e6d970ca18c69b8a823c154ca29595d3829bd2e02120f2dc85e5ab517c42ac,195313,,,,,corpus AU_corpus_2026-09-19: from AU_ws_2026-09-15,,1988-06-15,,InForce
0.2.0,,au-mspssa1994-001,AU,https://www.legislation.gov.au/C2004A04746/2018-03-30/2018-03-30/text/original/epub,2026-09-15T14:56:19Z,html,,raw/au/moomba_sydney_pipeline_system_sale_act_1994/20260915T1456Z__page.html,Moomba-Sydney Pipeline System Sale Act 1994,"No. 70, 1994",,,requests,200,raw/au/moomba_sydney_pipeline_system_sale_act_1994/20260915T1456Z__page.html.headers.json,text/html,de5afb9147fc045d074024cbd90656745c5e1991cb0960044a07745055d39249,361379,,,,,corpus AU_corpus_2026-09-19: from AU_ws_2026-09-15,,1994-06-10,,InForce
0.2.0,,au-scta19976f4a-001,AU,https://www.legislation.gov.au/C2004A05168/2023-10-20/2023-10-20/text/original/epub,2026-09-15T15:08:34Z,html,,raw/au/superannuation_contributions_tax_assessment_and_collection_act_1997/20260915T1508Z__page.html,Superannuation Contributions Tax (Assessment and Collection) Act 1997,"No. 70, 1997",,,requests,200,raw/au/superannuation_contributions_tax_assessment_and_collection_act_1997/20260915T1508Z__page.html.headers.json,text/html,ac2b7d47043c33d287ccb173311e178d6479de63134fe085106dc90ea09e8af8,341581,,,,,corpus AU_corpus_2026-09-19: from AU_ws_2026-09-15,,1997-06-05,,InForce
0.2.0,,au-cdpa2021-001,AU,https://www.legislation.gov.au/C2021A00070/asmade/2021-06-30/text/original/pdf,2026-09-15T16:32:41Z,pdf_native,false,raw/au/covid_19_disaster_payment_funding_arrangements_act_2021/20260915T1632Z__native.pdf,COVID-19 Disaster Payment (Funding Arrangements) Act 2021,"No. 70, 2021",,,requests,200,raw/au/covid_19_disaster_payment_funding_arrangements_act_2021/20260915T1632Z__native.pdf.headers.json,application/pdf,e0e14198b73b809aae42588c514beaedc12d53a2487986b0d4782ff832ca2d46,517380,8,,,,corpus AU_corpus_2026-09-19: from AU_ws_2026-09-15,,2021-06-30,,InForce
0.2.0,,au-pwssa2023-001,AU,https://www.legislation.gov.au/C2023A00070/2024-10-14/2024-10-14/text/original/epub,2026-09-15T16:38:11Z,html,,raw/au/parliamentary_workplace_support_service_consequential_amendments_and_transitional_provisions_act_2023/20260915T1638Z__page.html,Parliamentary Workplace Support Service (Consequential Amendments and Transitional Provisions) Act 2023,"No. 70, 2023",,,requests,200,raw/au/parliamentary_workplace_support_service_consequential_amendments_and_transitional_provisions_act_2023/20260915T1638Z__page.html.headers.json,text/html,6e0e320d3a4938c3bfabf5f66af7b2dabc43da2f372b0e7e2294a173201dc3c5,61504,,,,,corpus AU_corpus_2026-09-19: from AU_ws_2026-09-15,,2023-09-19,,InForce
0.2.0,,au-raa1990-001,AU,https://www.legislation.gov.au/C2004A04002/2021-09-01/2021-09-01/text/original/epub,2026-09-15T14:35:57Z,html,,raw/au/remuneration_and_allowances_act_1990/20260915T1435Z__page.html,Remuneration and Allowances Act 1990,"No. 71, 1990",,,requests,200,raw/au/remuneration_and_allowances_act_1990/20260915T1435Z__page.html.headers.json,text/html,9c308ff9f8381d4b13bac3ad7359ce13e50e781bccf1859d13a38dd2e968c3c8,159180,,,,,corpus AU_corpus_2026-09-19: from AU_ws_2026-09-15,,1990-06-20,,InForce
0.2.0,,au-phia2003-001,AU,https://www.legislation.gov.au/C2004A01156/2016-07-01/2016-07-01/text/original/epub,2026-09-15T13:44:30Z,html,,raw/au/private_health_insurance_collapsed_insurer_levy_act_2003/20260915T1344Z__page.html,Private Health Insurance (Collapsed Insurer Levy) Act 2003,"No. 71, 2003",,,requests,200,raw/au/private_health_insurance_collapsed_insurer_levy_act_2003/20260915T1344Z__page.html.headers.json,text/html,c5e73d307fc9a802baa81a0d02bba9e2ef496f375aa9d2ca99d8b3182a239380,53018,,,,,corpus AU_corpus_2026-09-19: from AU_ws_2026-09-15,,2003-07-15,,InForce
0.2.0,,au-rea2010-001,AU,https://www.legislation.gov.au/C2010A00071/2018-06-19/2018-06-19/text/original/epub,2026-09-15T15:40:01Z,html,,raw/au/renewable_energy_electricity_small_scale_technology_shortfall_charge_act_2010/20260915T1540Z__page.html,Renewable Energy (Electricity) (Small-scale Technology Shortfall Charge) Act 2010,"No. 71, 2010",,,requests,200,raw/au/renewable_energy_electricity_small_scale_technology_shortfall_charge_act_2010/20260915T1540Z__page.html.headers.json,text/html,69b4930309426cb3b6a48101e054fce114c70a7c74bf4ac891380646521a6d3e,36569,,,,,corpus AU_corpus_2026-09-19: from AU_ws_2026-09-15,,2010-06-28,,InForce
0.2.0,,au-mga2017-001,AU,https://www.legislation.gov.au/C2017A00071/asmade/2017-06-26/text/original/pdf,2026-09-15T16:17:31Z,pdf_native,false,raw/au/medicare_guarantee_act_2017/20260915T1617Z__native.pdf,Medicare Guarantee Act 2017,"No. 71, 2017",,,requests,200,raw/au/medicare_guarantee_act_2017/20260915T1617Z__native.pdf.headers.json,application/pdf,54001b27a2dd792c260bbb068ba0be52c2448bc14e26074a03aa236c1cc25a08,569748,14,,,,corpus AU_corpus_2026-09-19: from AU_ws_2026-09-15,,2017-06-26,,InForce
0.2.0,,au-mla1973-001,AU,https://www.legislation.gov.au/C2004A00024/2021-09-01/2021-09-01/text/original/epub,2026-09-15T13:11:30Z,html,,raw/au/maternity_leave_commonwealth_employees_act_1973/20260915T1311Z__page.html,Maternity Leave (Commonwealth Employees) Act 1973,"No. 72, 1973",,,requests,200,raw/au/maternity_leave_commonwealth_employees_act_1973/20260915T1311Z__page.html.headers.json,text/html,c32a123b15a44dceccc849fbdec573e2c32aed9c4120f4f5dbcb059b26bab893,119508,,,,,corpus AU_corpus_2026-09-19: from AU_ws_2026-09-15,,1973-06-18,,InForce
0.2.0,,au-sctia1997-001,AU,https://www.legislation.gov.au/C2004A05170/asmade/2005-08-12/text/original/pdf,2026-09-15T15:08:47Z,pdf_native,false,raw/au/superannuation_contributions_tax_imposition_act_1997/20260915T1508Z__native.pdf,Superannuation Contributions Tax Imposition Act 1997,"No. 72, 1997",,,requests,200,raw/au/superannuation_contributions_tax_imposition_act_1997/20260915T1508Z__native.pdf.headers.json,application/pdf,a6542ff4b54f6c64dd3db87f4f94b0938d8fc61ced688a2eaba805303ff7c87f,408137,8,,,,corpus AU_corpus_2026-09-19: from AU_ws_2026-09-15,,1997-06-05,,InForce
0.2.0,,au-psa2004-001,AU,https://www.legislation.gov.au/C2004A01315/2026-07-01/2026-07-01/text/original/epub,2026-09-15T13:49:14Z,html,,raw/au/parliamentary_superannuation_act_2004/20260915T1349Z__page.html,Parliamentary Superannuation Act 2004,"No. 72, 2004",,,requests,200,raw/au/parliamentary_superannuation_act_2004/20260915T1349Z__page.html.headers.json,text/html,b0d23e59a14b78ef1b4c0c66e132e00f76c5f720f140159601f6c09859388ebd,105338,,,,,corpus AU_corpus_2026-09-19: from AU_ws_2026-09-15,,2004-06-23,,InForce
0.2.0,,au-fta2006-001,AU,https://www.legislation.gov.au/C2006A00072/2026-04-02/2026-04-02/text/original/epub,2026-09-15T15:20:10Z,html,,raw/au/fuel_tax_act_2006/20260915T1520Z__page.html,Fuel Tax Act 2006,"No. 72, 2006",,,requests,200,raw/au/fuel_tax_act_2006/20260915T1520Z__page.html.headers.json,text/html,dc2a74dbc60c63ae51dfb36392a7669010b9b4c313146cada9f4be5e6752f8f5,411991,,,,,corpus AU_corpus_2026-09-19: from AU_ws_2026-09-15,,2006-06-26,,InForce
0.2.0,,au-hia2010-001,AU,https://www.legislation.gov.au/C2010A00072/2025-12-05/2025-12-05/text/original/epub,2026-09-15T15:40:12Z,html,,raw/au/healthcare_identifiers_act_2010/20260915T1540Z__page.html,Healthcare Identifiers Act 2010,"No. 72, 2010",,,requests,200,raw/au/healthcare_identifiers_act_2010/20260915T1540Z__page.html.headers.json,text/html,c44eb242ab9d5c188dda3658cef409c59f94da5a21ae7871c11b356a8f3f065d,490156,,,,,corpus AU_corpus_2026-09-19: from AU_ws_2026-09-15,,2010-06-28,,InForce
0.2.0,,au-aca2013-001,AU,https://www.legislation.gov.au/C2013A00072/asmade/2013-06-27/text/original/pdf,2026-09-15T16:00:19Z,pdf_native,false,raw/au/australia_council_consequential_and_transitional_provisions_act_2013/20260915T1600Z__native.pdf,Australia Council (Consequential and Transitional Provisions) Act 2013,"No. 72, 2013",,,requests,200,raw/au/australia_council_consequential_and_transitional_provisions_act_2013/20260915T1600Z__native.pdf.headers.json,application/pdf,f5de72d6fcfd5ddaec0c96849c0d22e5d2bd4797dcb5969ff681f066869c3eb4,586050,16,,,,corpus AU_corpus_2026-09-19: from AU_ws_2026-09-15,,2013-06-27,,InForce
0.2.0,,au-pwssa20239b0f-001,AU,https://www.legislation.gov.au/C2023A00072/2026-03-14/2026-03-14/text/original/epub,2026-09-15T16:38:25Z,html,,raw/au/parliamentary_workplace_support_service_act_2023/20260915T1638Z__page.html,Parliamentary Workplace Support Service Act 2023,"No. 72, 2023",,,requests,200,raw/au/parliamentary_workplace_support_service_act_2023/20260915T1638Z__page.html.headers.json,text/html,160ed55dd20b41b6b6980f177563dbda5cbce3d5d29d5ef54509222ddb52f09c,746158,,,,,corpus AU_corpus_2026-09-19: from AU_ws_2026-09-15,,2023-09-20,,InForce
0.2.0,,au-sa1971-001,AU,https://www.legislation.gov.au/C1971A00073/2014-07-01/2014-07-01/text/original/epub,2026-09-15T13:06:51Z,html,,raw/au/superannuation_pension_increases_act_1971/20260915T1306Z__page.html,Superannuation (Pension Increases) Act 1971,"No. 73, 1971",,,requests,200,raw/au/superannuation_pension_increases_act_1971/20260915T1306Z__page.html.headers.json,text/html,e5f02cd7dffe38099cca5c43b028640f8e145086a36c3863f9ce31ed734a5f73,92370,,,,,corpus AU_corpus_2026-09-19: from AU_ws_2026-09-15,,1971-10-01,,InForce
0.2.0,,au-saa1974-001,AU,https://www.legislation.gov.au/C2004A00131/asmade/2005-02-22/text/original/pdf,2026-09-15T13:15:21Z,pdf_native,false,raw/au/sewerage_agreements_act_1974/20260915T1315Z__native.pdf,Sewerage Agreements Act 1974,"No. 73, 1974",,,requests,200,raw/au/sewerage_agreements_act_1974/20260915T1315Z__native.pdf.headers.json,application/pdf,97bed5b8abdfa9cb7009e41489ae864bb97ad4b8500adc324c8db3fe6b8e9717,152480,6,,,,corpus AU_corpus_2026-09-19: from AU_ws_2026-09-15,,1974-10-04,,InForce
0.2.0,,au-veta1991-001,AU,https://www.legislation.gov.au/C2004A04148/asmade/1991-06-25/text/original/pdf,2026-09-15T14:39:27Z,pdf_native,false,raw/au/veterans_entitlements_rewrite_transition_act_1991/20260915T1439Z__native.pdf,Veterans' Entitlements (Rewrite) Transition Act 1991,"No. 73, 1991",,,requests,200,raw/au/veterans_entitlements_rewrite_transition_act_1991/20260915T1439Z__native.pdf.headers.json,application/pdf,f3e9f625e5d1cd36e52f60d9d364db3fe8ea3dbaa6ce41905b8c665c8724d006,3327114,91,,,,corpus AU_corpus_2026-09-19: from AU_ws_2026-09-15,,1991-06-25,,InForce
0.2.0,,au-ntsa199906fb-001,AU,https://www.legislation.gov.au/C2004A00460/asmade/2005-07-01/text/original/pdf,2026-09-15T13:24:52Z,pdf_native,false,raw/au/a_new_tax_system_goods_and_services_tax_imposition_customs_act_1999/20260915T1324Z__native.pdf,A New Tax System (Goods and Services Tax Imposition—Customs) Act 1999,"No. 73, 1999",,,requests,200,raw/au/a_new_tax_system_goods_and_services_tax_imposition_customs_act_1999/20260915T1324Z__native.pdf.headers.json,application/pdf,350c8b24e970f0c9561c73061a24a4865ecfd987c58dcbeee73a7daffb6db4f6,21170,7,,,,corpus AU_corpus_2026-09-19: from AU_ws_2026-09-15,,1999-07-08,,InForce
0.2.0,,au-phia2003e317-001,AU,https://www.legislation.gov.au/C2004A01158/2016-07-01/2016-07-01/text/original/epub,2026-09-15T13:44:45Z,html,,raw/au/private_health_insurance_risk_equalisation_levy_act_2003/20260915T1344Z__page.html,Private Health Insurance (Risk Equalisation Levy) Act 2003,"No. 73, 2003",,,requests,200,raw/au/private_health_insurance_risk_equalisation_levy_act_2003/20260915T1344Z__page.html.headers.json,text/html,7bb901a7e4470cd8080fd0edd93d33e1070891849b6fb14941d244f4941fa26c,49669,,,,,corpus AU_corpus_2026-09-19: from AU_ws_2026-09-15,,2003-07-15,,InForce
0.2.0,,au-fta2006900b-001,AU,https://www.legislation.gov.au/C2006A00073/2014-07-01/2014-07-01/text/original/epub,2026-09-15T15:20:24Z,html,,raw/au/fuel_tax_consequential_and_transitional_provisions_act_2006/20260915T1520Z__page.html,Fuel Tax (Consequential and Transitional Provisions) Act 2006,"No. 73, 2006",,,requests,200,raw/au/fuel_tax_consequential_and_transitional_provisions_act_2006/20260915T1520Z__page.html.headers.json,text/html,1633fbe9876311b6754c8e512e5848eafa12ed7f452369df4cc7e6000757ea3d,518063,,,,,corpus AU_corpus_2026-09-19: from AU_ws_2026-09-15,,2006-06-26,,InForce
0.2.0,,au-teqsaa2011-001,AU,https://www.legislation.gov.au/C2011A00073/2026-04-29/2026-04-29/text/original/epub,2026-09-15T15:44:58Z,html,,raw/au/tertiary_education_quality_and_standards_agency_act_2011/20260915T1544Z__page.html,Tertiary Education Quality and Standards Agency Act 2011,"No. 73, 2011",,,requests,200,raw/au/tertiary_education_quality_and_standards_agency_act_2011/20260915T1544Z__page.html.headers.json,text/html,3b8c42c39fa9d39c9c3a43deded0864bfdd59d13456b1af4c05cf7ce5a42cbad,993835,,,,,corpus AU_corpus_2026-09-19: from AU_ws_2026-09-15,,2011-06-29,,InForce
0.2.0,,au-igisolaa2023-001,AU,https://www.legislation.gov.au/C2023A00073/asmade/2023-09-20/text/original/pdf,2026-09-15T16:38:36Z,pdf_native,false,raw/au/inspector_general_of_intelligence_and_security_and_other_legislation_amendment_modernisation_act_2023/20260915T1638Z__native.pdf,Inspector-General of Intelligence and Security and Other Legislation Amendment (Modernisation) Act 2023,"No. 73, 2023",,,requests,200,raw/au/inspector_general_of_intelligence_and_security_and_other_legislation_amendment_modernisation_act_2023/20260915T1638Z__native.pdf.headers.json,application/pdf,daf6e7810bbf53c6e50c7dcbab5ead33a40a2fbd92577ca97877001adba8cea3,1225227,57,,,,corpus AU_corpus_2026-09-19: from AU_ws_2026-09-15,,2023-09-20,,InForce
0.2.0,,au-iga2026-001,AU,https://www.legislation.gov.au/C2026A00073/asmade/2026-08-26/text/original/pdf,2026-09-15T16:59:35Z,pdf_native,false,raw/au/interactive_gambling_cost_recovery_levy_act_2026/20260915T1659Z__native.pdf,Interactive Gambling (Cost Recovery Levy) Act 2026,"No. 73, 2026",,,requests,200,raw/au/interactive_gambling_cost_recovery_levy_act_2026/20260915T1659Z__native.pdf.headers.json,application/pdf,d99be02f86e84adcad2a660f0bb0b4d613061027deee07baa3d06bd9539787cb,272344,11,,,,corpus AU_corpus_2026-09-19: from AU_ws_2026-09-15,,2026-08-26,,InForce
0.2.0,,au-tra1933-001,AU,https://www.legislation.gov.au/C1933A00074/2023-10-18/2023-10-18/text/original/epub,2026-09-15T12:45:15Z,html,,raw/au/trade_representatives_act_1933/20260915T1245Z__page.html,Trade Representatives Act 1933,"No. 74, 1933",,,requests,200,raw/au/trade_representatives_act_1933/20260915T1245Z__page.html.headers.json,text/html,d84c1e11ac9066dc06865cf86a4be8da8622f7ef3c6a40c807666d24daa947d1,66841,,,,,corpus AU_corpus_2026-09-19: from AU_ws_2026-09-15,,1933-12-15,,InForce
0.2.0,,au-rpa1953-001,AU,https://www.legislation.gov.au/C1953A00074/2024-12-11/2024-12-11/text/original/epub,2026-09-15T12:51:25Z,html,,raw/au/royal_powers_act_1953/20260915T1251Z__page.html,Royal Powers Act 1953,"No. 74, 1953",,,requests,200,raw/au/royal_powers_act_1953/20260915T1251Z__page.html.headers.json,text/html,e2049da5f61de9aeedcf7cf8aec9087981cb177c177402fae5030e5fa8acf507,29815,,,,,corpus AU_corpus_2026-09-19: from AU_ws_2026-09-15,,1953-12-10,,InForce
0.2.0,,au-aaa1963-001,AU,https://www.legislation.gov.au/C1963A00074/2021-06-17/2021-06-17/text/original/epub,2026-09-15T12:59:50Z,html,,raw/au/air_accidents_commonwealth_government_liability_act_1963/20260915T1259Z__page.html,Air Accidents (Commonwealth Government Liability) Act 1963,"No. 74, 1963",,,requests,200,raw/au/air_accidents_commonwealth_government_liability_act_1963/20260915T1259Z__page.html.headers.json,text/html,9d021c926f90e0eda78320f9f73a6a1439c1721af57ab4d53129de6a2c78f043,98494,,,,,corpus AU_corpus_2026-09-19: from AU_ws_2026-09-15,,1963-10-31,,InForce
0.2.0,,au-dfrba1971-001,AU,https://www.legislation.gov.au/C1971A00074/1978-06-12/1978-06-12/text/original/epub,2026-09-15T13:07:06Z,html,,raw/au/defence_forces_retirement_benefits_pension_increases_act_1971/20260915T1307Z__page.html,Defence Forces Retirement Benefits (Pension Increases) Act 1971,"No. 74, 1971",,,requests,200,raw/au/defence_forces_retirement_benefits_pension_increases_act_1971/20260915T1307Z__page.html.headers.json,text/html,f5a04b422fee1bb00ba9cd6cc840f634139d4017fb87abc04dc8e07706859623,84094,,,,,corpus AU_corpus_2026-09-19: from AU_ws_2026-09-15,,1971-10-01,,InForce
0.2.0,,au-nta1980-001,AU,https://www.legislation.gov.au/C2004A02275/asmade/1980-05-29/text/original/pdf,2026-09-15T14:01:31Z,pdf_native,false,raw/au/northern_territory_commonwealth_lands_act_1980/20260915T1401Z__native.pdf,Northern Territory (Commonwealth Lands) Act 1980,"No. 74, 1980",,,requests,200,raw/au/northern_territory_commonwealth_lands_act_1980/20260915T1401Z__native.pdf.headers.json,application/pdf,0658f4034c804a004f8547cc57e5dc63cd2fb091ed9d0714e25d06522e2da689,614876,7,,,,corpus AU_corpus_2026-09-19: from AU_ws_2026-09-15,,1980-05-29,,InForce
0.2.0,,au-cfa1981-001,AU,https://www.legislation.gov.au/C2004A02451/asmade/1990-01-17/text/original/pdf,2026-09-15T14:06:00Z,pdf_native,false,raw/au/commonwealth_functions_statutes_review_act_1981/20260915T1406Z__native.pdf,Commonwealth Functions (Statutes Review) Act 1981,"No. 74, 1981",,,requests,200,raw/au/commonwealth_functions_statutes_review_act_1981/20260915T1406Z__native.pdf.headers.json,application/pdf,6a21cd848ae7a7de7bbdc8663754bcae013b5f7254249878853d8f5eede21860,4585464,78,,,,corpus AU_corpus_2026-09-19: from AU_ws_2026-09-15,,1981-06-18,,InForce
0.2.0,,au-ntsa19998af6-001,AU,https://www.legislation.gov.au/C2004A00461/asmade/2005-07-01/text/original/pdf,2026-09-15T13:25:06Z,pdf_native,false,raw/au/a_new_tax_system_goods_and_services_tax_imposition_excise_act_1999/20260915T1325Z__native.pdf,A New Tax System (Goods and Services Tax Imposition—Excise) Act 1999,"No. 74, 1999",,,requests,200,raw/au/a_new_tax_system_goods_and_services_tax_imposition_excise_act_1999/20260915T1325Z__native.pdf.headers.json,application/pdf,51483e83e64b112b05f961cb7fed687b0b704039ee06a0f66d783c760da09fb9,21157,7,,,,corpus AU_corpus_2026-09-19: from AU_ws_2026-09-15,,1999-07-08,,InForce
0.2.0,,au-taa2004-001,AU,https://www.legislation.gov.au/C2004A01307/2016-03-05/2016-03-05/text/original/epub,2026-09-15T13:48:37Z,html,,raw/au/tourism_australia_act_2004/20260915T1348Z__page.html,Tourism Australia Act 2004,"No. 74, 2004",,,requests,200,raw/au/tourism_australia_act_2004/20260915T1348Z__page.html.headers.json,text/html,0a874bcd6c3fd0a15221b31374b6eb369568508569c6c8c21c8922c69009ce4e,179491,,,,,corpus AU_corpus_2026-09-19: from AU_ws_2026-09-15,,2004-06-23,,InForce
0.2.0,,au-gria2007-001,AU,https://www.legislation.gov.au/C2007A00074/asmade/2007-06-05/text/original/pdf,2026-09-15T15:26:56Z,pdf_native,false,raw/au/governance_review_implementation_treasury_portfolio_agencies_act_2007/20260915T1526Z__native.pdf,Governance Review Implementation (Treasury Portfolio Agencies) Act 2007,"No. 74, 2007",,,requests,200,raw/au/governance_review_implementation_treasury_portfolio_agencies_act_2007/20260915T1526Z__native.pdf.headers.json,application/pdf,85e0f9fa7b89dd38fb721ae46049a9d355f1819d513729582f83c34aaf92ae38,142204,40,,,,corpus AU_corpus_2026-09-19: from AU_ws_2026-09-15,,2007-06-05,,InForce
0.2.0,,au-teqsaa2011c1ca-001,AU,https://www.legislation.gov.au/C2011A00074/asmade/2011-06-29/text/original/pdf,2026-09-15T15:45:11Z,pdf_native,false,raw/au/tertiary_education_quality_and_standards_agency_consequential_amendments_and_transitional_provisions_act_2011/20260915T1545Z__native.pdf,Tertiary Education Quality and Standards Agency (Consequential Amendments and Transitional Provisions) Act 2011,"No. 74, 2011",,,requests,200,raw/au/tertiary_education_quality_and_standards_agency_consequential_amendments_and_transitional_provisions_act_2011/20260915T1545Z__native.pdf.headers.json,application/pdf,efd5e41a86ad715c94e80b225bd14fe44a830520058f05c5c8d94a1037b0cbba,446626,57,,,,corpus AU_corpus_2026-09-19: from AU_ws_2026-09-15,,2011-06-29,,InForce
0.2.0,,au-praa1971-001,AU,https://www.legislation.gov.au/C1971A00075/asmade/1971-10-01/text/original/pdf,2026-09-15T13:07:19Z,pdf_native,false,raw/au/parliamentary_retiring_allowances_increases_act_1971/20260915T1307Z__native.pdf,Parliamentary Retiring Allowances (Increases) Act 1971,"No. 75, 1971",,,requests,200,raw/au/parliamentary_retiring_allowances_increases_act_1971/20260915T1307Z__native.pdf.headers.json,application/pdf,8f48bc6e18f2cddbe7c7dc6548e1dcfbb4d92ff928d7a706c524a8a0e075eb2e,427367,5,,,,corpus AU_corpus_2026-09-19: from AU_ws_2026-09-15,,1971-10-01,,InForce
0.2.0,,au-cwa1980-001,AU,https://www.legislation.gov.au/C2004A02276/asmade/2008-07-01/text/original/pdf,2026-09-15T14:01:43Z,pdf_native,false,raw/au/coastal_waters_state_powers_act_1980/20260915T1401Z__native.pdf,Coastal Waters (State Powers) Act 1980,"No. 75, 1980",,,requests,200,raw/au/coastal_waters_state_powers_act_1980/20260915T1401Z__native.pdf.headers.json,application/pdf,2667e8e866695e8863bd05857b505369afd806cf6ad20a033f4f0a89db78b333,246782,3,,,,corpus AU_corpus_2026-09-19: from AU_ws_2026-09-15; flags as_made_short_act,,1980-05-29,,InForce
0.2.0,,au-srca1988d913-001,AU,https://www.legislation.gov.au/C2004A03668/2026-07-01/2026-07-01/text/original/epub,2026-09-15T14:28:59Z,html,,raw/au/safety_rehabilitation_and_compensation_act_1988/20260915T1428Z__page.html,"Safety, Rehabilitation and Compensation Act 1988","No. 75, 1988",,,requests,200,raw/au/safety_rehabilitation_and_compensation_act_1988/20260915T1428Z__page.html.headers.json,text/html,5d9898e8ba76ad81811a64ec1585db1d2b9328e807448ee98a9270ee613e3cb5,1515904,,,,,corpus AU_corpus_2026-09-19: from AU_ws_2026-09-15,,1988-06-24,,InForce
0.2.0,,au-itpa1997-001,AU,https://www.legislation.gov.au/C2004A05172/2023-09-14/2023-09-14/text/original/epub,2026-09-15T15:08:59Z,html,,raw/au/international_transfer_of_prisoners_act_1997/20260915T1508Z__page.html,International Transfer of Prisoners Act 1997,"No. 75, 1997",,,requests,200,raw/au/international_transfer_of_prisoners_act_1997/20260915T1508Z__page.html.headers.json,text/html,74e89288751c829ac6ff368c3a5ac62180583396dfa7966e3138023157c9d81b,257796,,,,,corpus AU_corpus_2026-09-19: from AU_ws_2026-09-15,,1997-06-18,,InForce
0.2.0,,au-ntsa19990b3c-001,AU,https://www.legislation.gov.au/C2004A00462/asmade/2005-07-01/text/original/pdf,2026-09-15T13:25:17Z,pdf_native,false,raw/au/a_new_tax_system_goods_and_services_tax_imposition_general_act_1999/20260915T1325Z__native.pdf,A New Tax System (Goods and Services Tax Imposition—General) Act 1999,"No. 75, 1999",,,requests,200,raw/au/a_new_tax_system_goods_and_services_tax_imposition_general_act_1999/20260915T1325Z__native.pdf.headers.json,application/pdf,081d0b88c5bf596d4e94f23fea306af5a3b96a6119f2079496a9185fb3e98f1e,21248,7,,,,corpus AU_corpus_2026-09-19: from AU_ws_2026-09-15,,1999-07-08,,InForce
0.2.0,,au-taa20040e39-001,AU,https://www.legislation.gov.au/C2004A01308/2006-03-27/2006-03-27/text/original/epub,2026-09-15T13:48:50Z,html,,raw/au/tourism_australia_repeal_and_transitional_provisions_act_2004/20260915T1348Z__page.html,Tourism Australia (Repeal and Transitional Provisions) Act 2004,"No. 75, 2004",,,requests,200,raw/au/tourism_australia_repeal_and_transitional_provisions_act_2004/20260915T1348Z__page.html.headers.json,text/html,a7868238be7421449ce09822465ea836533d71e658c6105fb86bab9a01fd53c8,169199,,,,,corpus AU_corpus_2026-09-19: from AU_ws_2026-09-15,,2004-06-23,,InForce
0.2.0,,au-rolaa2011-001,AU,https://www.legislation.gov.au/C2011A00075/asmade/2011-07-25/text/original/pdf,2026-09-15T15:45:24Z,pdf_native,false,raw/au/remuneration_and_other_legislation_amendment_act_2011/20260915T1545Z__native.pdf,Remuneration and Other Legislation Amendment Act 2011,"No. 75, 2011",,,requests,200,raw/au/remuneration_and_other_legislation_amendment_act_2011/20260915T1545Z__native.pdf.headers.json,application/pdf,df13563abeb2ecb9c8cf0b42b0f774b6d92dec795cf4bee60d0ab2c527b5b096,290854,23,,,,corpus AU_corpus_2026-09-19: from AU_ws_2026-09-15,,2011-07-25,,InForce
0.2.0,,au-nda2016-001,AU,https://www.legislation.gov.au/C2016A00075/2022-12-01/2022-12-01/text/original/epub,2026-09-15T16:14:20Z,html,,raw/au/narcotic_drugs_licence_charges_act_2016/20260915T1614Z__page.html,Narcotic Drugs (Licence Charges) Act 2016,"No. 75, 2016",,,requests,200,raw/au/narcotic_drugs_licence_charges_act_2016/20260915T1614Z__page.html.headers.json,text/html,da18ef5f199d28081d61a2f37136f7e07fcfd4d070ed3da58282ab0a02931c2f,42100,,,,,corpus AU_corpus_2026-09-19: from AU_ws_2026-09-15,,2016-11-23,,InForce
0.2.0,,au-njpa2026-001,AU,https://www.legislation.gov.au/C2026A00075/asmade/2026-08-26/text/original/pdf,2026-09-15T16:59:46Z,pdf_native,false,raw/au/news_journalism_payments_act_2026/20260915T1659Z__native.pdf,News Journalism Payments Act 2026,"No. 75, 2026",,,requests,200,raw/au/news_journalism_payments_act_2026/20260915T1659Z__native.pdf.headers.json,application/pdf,d5c46ef4e26f731fb3587c2e21f2f30a458b262a565b34186f488822ee9ecef4,590254,103,,,,corpus AU_corpus_2026-09-19: from AU_ws_2026-09-15,,2026-08-26,,InForce
0.2.0,,au-ia1973-001,AU,https://www.legislation.gov.au/C1973A00076/2025-02-21/2025-02-21/text/original/epub,2026-09-15T13:09:47Z,html,,raw/au/insurance_act_1973/20260915T1309Z__page.html,Insurance Act 1973,"No. 76, 1973",,,requests,200,raw/au/insurance_act_1973/20260915T1309Z__page.html.headers.json,text/html,382a512d9b843f18f49617fbd44870fe7192135ce35315634dabbf82d1ef2fe8,1879265,,,,,corpus AU_corpus_2026-09-19: from AU_ws_2026-09-15,,1973-06-19,,InForce
0.2.0,,au-cta1975-001,AU,https://www.legislation.gov.au/C2004A00298/2016-07-01/2016-07-01/text/original/epub,2026-09-15T13:18:31Z,html,,raw/au/customs_tariff_anti_dumping_act_1975/20260915T1318Z__page.html,Customs Tariff (Anti-Dumping) Act 1975,"No. 76, 1975",,,requests,200,raw/au/customs_tariff_anti_dumping_act_1975/20260915T1318Z__page.html.headers.json,text/html,a779a72c6b8ab50315e087c791d7762795522244fc1f4579cb66fa0d58cb262e,159176,,,,,corpus AU_corpus_2026-09-19: from AU_ws_2026-09-15,,1975-06-20,,InForce
0.2.0,,au-cwa19803b17-001,AU,https://www.legislation.gov.au/C2004A02277/asmade/2008-07-01/text/original/pdf,2026-09-15T14:01:53Z,pdf_native,false,raw/au/coastal_waters_northern_territory_powers_act_1980/20260915T1401Z__native.pdf,Coastal Waters (Northern Territory Powers) Act 1980,"No. 76, 1980",,,requests,200,raw/au/coastal_waters_northern_territory_powers_act_1980/20260915T1401Z__native.pdf.headers.json,application/pdf,7d945331ecda0a2f9526301aa6e415b5219bc10c9c5b540d761a1565681f7ffd,243349,3,,,,corpus AU_corpus_2026-09-19: from AU_ws_2026-09-15; flags as_made_short_act,,1980-05-29,,InForce
0.2.0,,au-nhtaa1997-001,AU,https://www.legislation.gov.au/C2004A05173/2025-01-01/2025-01-01/text/original/epub,2026-09-15T15:09:11Z,html,,raw/au/natural_heritage_trust_of_australia_act_1997/20260915T1509Z__page.html,Natural Heritage Trust of Australia Act 1997,"No. 76, 1997",,,requests,200,raw/au/natural_heritage_trust_of_australia_act_1997/20260915T1509Z__page.html.headers.json,text/html,b2163775a2a8717ffd2535608f0409fc3e70a18ccd474ab96b8b407aa954c2aa,187215,,,,,corpus AU_corpus_2026-09-19: from AU_ws_2026-09-15,,1997-06-18,,InForce
0.2.0,,au-ntsa1999f918-001,AU,https://www.legislation.gov.au/C2004A00463/2025-04-01/2025-04-01/text/original/epub,2026-09-15T13:25:27Z,html,,raw/au/a_new_tax_system_luxury_car_tax_act_1999/20260915T1325Z__page.html,A New Tax System (Luxury Car Tax) Act 1999,"No. 76, 1999",,,requests,200,raw/au/a_new_tax_system_luxury_car_tax_act_1999/20260915T1325Z__page.html.headers.json,text/html,ae52955348316adba23b40e30c3a450a63d946988cc4ee591fddb26684b85c5c,363722,,,,,corpus AU_corpus_2026-09-19: from AU_ws_2026-09-15,,1999-07-08,,InForce
0.2.0,,au-mia2004-001,AU,https://www.legislation.gov.au/C2004A01309/2020-07-01/2020-07-01/text/original/epub,2026-09-15T13:49:02Z,html,,raw/au/medical_indemnity_run_off_cover_support_payment_act_2004/20260915T1349Z__page.html,Medical Indemnity (Run-off Cover Support Payment) Act 2004,"No. 76, 2004",,,requests,200,raw/au/medical_indemnity_run_off_cover_support_payment_act_2004/20260915T1349Z__page.html.headers.json,text/html,a686d68ae8bd61d2435aa3ff808bb51f957096dbb622ecbdf9a3c395c3c557ec,45985,,,,,corpus AU_corpus_2026-09-19: from AU_ws_2026-09-15,,2004-06-23,,InForce
0.2.0,,au-sica2005-001,AU,https://www.legislation.gov.au/C2005A00076/asmade/2005-06-29/text/original/pdf,2026-09-15T15:16:53Z,pdf_native,false,raw/au/shortfall_interest_charge_imposition_act_2005/20260915T1516Z__native.pdf,Shortfall Interest Charge (Imposition) Act 2005,"No. 76, 2005",,,requests,200,raw/au/shortfall_interest_charge_imposition_act_2005/20260915T1516Z__native.pdf.headers.json,application/pdf,3b1ed49cf4ce60edc620b30254e7e2f6273ac03317532971e2a3aedd5e72f53b,16597,6,,,,corpus AU_corpus_2026-09-19: from AU_ws_2026-09-15,,2005-06-29,,InForce
0.2.0,,au-psa2008-001,AU,https://www.legislation.gov.au/C2008A00076/2024-10-14/2024-10-14/text/original/epub,2026-09-15T15:31:02Z,html,,raw/au/protection_of_the_sea_civil_liability_for_bunker_oil_pollution_damage_act_2008/20260915T1531Z__page.html,Protection of the Sea (Civil Liability for Bunker Oil Pollution Damage) Act 2008,"No. 76, 2008",,,requests,200,raw/au/protection_of_the_sea_civil_liability_for_bunker_oil_pollution_damage_act_2008/20260915T1531Z__page.html.headers.json,text/html,c131e3f2aeaa881fd95688e6a1dd787ffab272e8ddaf62eac3d2718bfd014ddd,129692,,,,,corpus AU_corpus_2026-09-19: from AU_ws_2026-09-15,,2008-07-12,,InForce
0.2.0,,au-hiaa2012-001,AU,https://www.legislation.gov.au/C2012A00076/asmade/2012-06-27/text/original/pdf,2026-09-15T15:52:29Z,pdf_native,false,raw/au/health_insurance_amendment_professional_services_review_act_2012/20260915T1552Z__native.pdf,Health Insurance Amendment (Professional Services Review) Act 2012,"No. 76, 2012",,,requests,200,raw/au/health_insurance_amendment_professional_services_review_act_2012/20260915T1552Z__native.pdf.headers.json,application/pdf,97c872e208cfc5ff8a75d4599a1a80e054dad585da446dfa715ff98d01c981b2,347564,35,,,,corpus AU_corpus_2026-09-19: from AU_ws_2026-09-15,,2012-06-27,,InForce
0.2.0,,au-aca2013d60c-001,AU,https://www.legislation.gov.au/C2013A00076/2016-03-05/2016-03-05/text/original/epub,2026-09-15T16:00:33Z,html,,raw/au/aged_care_living_longer_living_better_act_2013/20260915T1600Z__page.html,Aged Care (Living Longer Living Better) Act 2013,"No. 76, 2013",,,requests,200,raw/au/aged_care_living_longer_living_better_act_2013/20260915T1600Z__page.html.headers.json,text/html,a3e6dea344763a529a925181954fc09dd55768aa2ba772501b7e9375bdacf9db,784170,,,,,corpus AU_corpus_2026-09-19: from AU_ws_2026-09-15,,2013-06-28,,InForce
0.2.0,,au-osa2021-001,AU,https://www.legislation.gov.au/C2021A00076/2026-09-12/2026-09-12/text/original/epub,2026-09-15T16:32:54Z,html,,raw/au/online_safety_act_2021/20260915T1632Z__page.html,Online Safety Act 2021,"No. 76, 2021",,,requests,200,raw/au/online_safety_act_2021/20260915T1632Z__page.html.headers.json,text/html,5edc6a9f246bd78d904cfe44ea337394109ac0bbcc58f3d027356e84769c78fa,1018462,,,,,corpus AU_corpus_2026-09-19: from AU_ws_2026-09-15,,2021-07-23,,InForce
0.2.0,,au-cwa1980832e-001,AU,https://www.legislation.gov.au/C2004A02278/asmade/1980-05-29/text/original/pdf,2026-09-15T14:02:05Z,pdf_native,false,raw/au/coastal_waters_state_title_act_1980/20260915T1402Z__native.pdf,Coastal Waters (State Title) Act 1980,"No. 77, 1980",,,requests,200,raw/au/coastal_waters_state_title_act_1980/20260915T1402Z__native.pdf.headers.json,application/pdf,d5e984455ae843101581f863ab68afe1f5e94af51c49ce9f2652b02d6449b0f1,527604,9,,,,corpus AU_corpus_2026-09-19: from AU_ws_2026-09-15,,1980-05-29,,InForce
0.2.0,,au-ntsa1999c336-001,AU,https://www.legislation.gov.au/C2004A00464/2008-10-03/2008-10-03/text/original/epub,2026-09-15T13:25:39Z,html,,raw/au/a_new_tax_system_luxury_car_tax_imposition_customs_act_1999/20260915T1325Z__page.html,A New Tax System (Luxury Car Tax Imposition—Customs) Act 1999,"No. 77, 1999",,,requests,200,raw/au/a_new_tax_system_luxury_car_tax_imposition_customs_act_1999/20260915T1325Z__page.html.headers.json,text/html,ffd9de8ac6f5e2eab9dbffe324c186683132f54a5ce730d66b5d49fdd18a39d9,21838,,,,,corpus AU_corpus_2026-09-19: from AU_ws_2026-09-15,,1999-07-08,,InForce
0.2.0,,au-osa2021c6be-001,AU,https://www.legislation.gov.au/C2021A00077/asmade/2021-07-23/text/original/pdf,2026-09-15T16:33:05Z,pdf_native,false,raw/au/online_safety_transitional_provisions_and_consequential_amendments_act_2021/20260915T1633Z__native.pdf,Online Safety (Transitional Provisions and Consequential Amendments) Act 2021,"No. 77, 2021",,,requests,200,raw/au/online_safety_transitional_provisions_and_consequential_amendments_act_2021/20260915T1633Z__native.pdf.headers.json,application/pdf,f44ed018d11ecac56d8d054b2ed17efcf2d16557236ccd0e556a422dfc3ae8e0,970123,40,,,,corpus AU_corpus_2026-09-19: from AU_ws_2026-09-15,,2021-07-23,,InForce
0.2.0,,au-vsla2025-001,AU,https://www.legislation.gov.au/C2025A00077/asmade/2025-12-04/text/original/pdf,2026-09-15T16:53:33Z,pdf_native,false,raw/au/vet_student_loans_miscellaneous_measures_act_2025/20260915T1653Z__native.pdf,VET Student Loans (Miscellaneous Measures) Act 2025,"No. 77, 2025",,,requests,200,raw/au/vet_student_loans_miscellaneous_measures_act_2025/20260915T1653Z__native.pdf.headers.json,application/pdf,052f668363deefcd1a5b8dcffc902d4d68da7f79436f22f58fa40ca05ff24d94,235979,9,,,,corpus AU_corpus_2026-09-19: from AU_ws_2026-09-15,,2025-12-04,,InForce
0.2.0,,au-nmba2026-001,AU,https://www.legislation.gov.au/C2026A00077/asmade/2026-08-26/text/original/pdf,2026-09-15T16:59:56Z,pdf_native,false,raw/au/news_media_bargaining_administration_act_2026/20260915T1659Z__native.pdf,News Media Bargaining (Administration) Act 2026,"No. 77, 2026",,,requests,200,raw/au/news_media_bargaining_administration_act_2026/20260915T1659Z__native.pdf.headers.json,application/pdf,75c776b75f43f8006ad8dc2fca6359c856bec74438236afa74820a0ec3b9e496,379382,37,,,,corpus AU_corpus_2026-09-19: from AU_ws_2026-09-15,,2026-08-26,,InForce
0.2.0,,au-cwa19803d08-001,AU,https://www.legislation.gov.au/C2004A02279/asmade/1980-05-29/text/original/pdf,2026-09-15T14:02:20Z,pdf_native,false,raw/au/coastal_waters_northern_territory_title_act_1980/20260915T1402Z__native.pdf,Coastal Waters (Northern Territory Title) Act 1980,"No. 78, 1980",,,requests,200,raw/au/coastal_waters_northern_territory_title_act_1980/20260915T1402Z__native.pdf.headers.json,application/pdf,519365482e8cda30b8fd4991e278abc299af862e690a65ecbe770b1d00748768,721251,9,,,,corpus AU_corpus_2026-09-19: from AU_ws_2026-09-15,,1980-05-29,,InForce
0.2.0,,au-amsaa1990-001,AU,https://www.legislation.gov.au/C2004A04009/asmade/2014-07-01/text/original/pdf,2026-09-15T14:36:09Z,pdf_native,false,raw/au/australian_maritime_safety_authority_act_1990/20260915T1436Z__native.pdf,Australian Maritime Safety Authority Act 1990,"No. 78, 1990",,,requests,200,raw/au/australian_maritime_safety_authority_act_1990/20260915T1436Z__native.pdf.headers.json,application/pdf,58e07db09545e85edda38d709ff59b53442737520d2ec026957042fa882b6abc,747594,49,,,,corpus AU_corpus_2026-09-19: from AU_ws_2026-09-15,,1990-10-22,,InForce
0.2.0,,au-sia1993-001,AU,https://www.legislation.gov.au/C2004A04633/2026-08-10/2026-08-10/text/original/epub,2026-09-15T14:52:23Z,html,,raw/au/superannuation_industry_supervision_act_1993/20260915T1452Z__page.html,Superannuation Industry (Supervision) Act 1993,"No. 78, 1993",,,requests,200,raw/au/superannuation_industry_supervision_act_1993/20260915T1452Z__page.html.headers.json,text/html,152498292285b9ce1de50e365e7e06910b7874988fb948867d99f56775be42fc,4021614,,,,,corpus AU_corpus_2026-09-19: from AU_ws_2026-09-15,,1993-11-30,,InForce
0.2.0,,au-cntbta1998-001,AU,https://www.legislation.gov.au/C2004A00349/2018-12-29/2018-12-29/text/original/epub,2026-09-15T13:21:12Z,html,,raw/au/comprehensive_nuclear_test_ban_treaty_act_1998/20260915T1321Z__page.html,Comprehensive Nuclear-Test-Ban Treaty Act 1998,"No. 78, 1998",,,requests,200,raw/au/comprehensive_nuclear_test_ban_treaty_act_1998/20260915T1321Z__page.html.headers.json,text/html,05170ac1549f48b8e901150046a0179b9726381278e08a9aea9ed1d4ddbc0dd0,963626,,,,,corpus AU_corpus_2026-09-19: from AU_ws_2026-09-15,,1998-07-02,,InForce
0.2.0,,au-ntsa19996d03-001,AU,https://www.legislation.gov.au/C2004A00465/2008-10-03/2008-10-03/text/original/epub,2026-09-15T13:25:49Z,html,,raw/au/a_new_tax_system_luxury_car_tax_imposition_excise_act_1999/20260915T1325Z__page.html,A New Tax System (Luxury Car Tax Imposition—Excise) Act 1999,"No. 78, 1999",,,requests,200,raw/au/a_new_tax_system_luxury_car_tax_imposition_excise_act_1999/20260915T1325Z__page.html.headers.json,text/html,70a895dd3a0a84679b69821e44de58a3598478934cf855e7fd4aa41ab4aa03af,21083,,,,,corpus AU_corpus_2026-09-19: from AU_ws_2026-09-15,,1999-07-08,,InForce
0.2.0,,au-tlaa2021-001,AU,https://www.legislation.gov.au/C2021A00078/asmade/2021-07-23/text/original/pdf,2026-09-15T12:35:00Z,pdf_native,false,raw/au/telecommunications_legislation_amendment_international_production_orders_act_2021/20260915T1235Z__native.pdf,Telecommunications Legislation Amendment (International Production Orders) Act 2021,"No. 78, 2021",P7,P7-I5,requests,200,raw/au/telecommunications_legislation_amendment_international_production_orders_act_2021/20260915T1235Z__native.pdf.headers.json,application/pdf,47cfbb90b3db8850c22fda9c0c4dc346d5575e843a76aedfb723cc9a2c291cdc,2200185,232,,,"international production,production order",corpus AU_corpus_2026-09-19: from AU_ws_2026-09-15,,2021-07-23,,InForce
0.2.0,,au-nmbca2026-001,AU,https://www.legislation.gov.au/C2026A00078/asmade/2026-08-26/text/original/pdf,2026-09-15T17:00:06Z,pdf_native,false,raw/au/news_media_bargaining_charge_act_2026/20260915T1700Z__native.pdf,News Media Bargaining Charge Act 2026,"No. 78, 2026",,,requests,200,raw/au/news_media_bargaining_charge_act_2026/20260915T1700Z__native.pdf.headers.json,application/pdf,83630504437c015d4cdaf761a2e67d5230ebc432ffcb4430382cb4f84cee79eb,222271,6,,,,corpus AU_corpus_2026-09-19: from AU_ws_2026-09-15,,2026-08-26,,InForce
0.2.0,,au-spa1982-001,AU,https://www.legislation.gov.au/C2004A02638/asmade/2011-12-27/text/original/pdf,2026-09-15T14:09:11Z,pdf_native,false,raw/au/special_prosecutors_act_1982/20260915T1409Z__native.pdf,Special Prosecutors Act 1982,"No. 79, 1982",,,requests,200,raw/au/special_prosecutors_act_1982/20260915T1409Z__native.pdf.headers.json,application/pdf,becfd8a02abff42acc1e2f3ba050152696a02c4d333578e4dcf1720cc98df7e9,441932,7,,,,corpus AU_corpus_2026-09-19: from AU_ws_2026-09-15,,1982-09-21,,InForce
0.2.0,,au-aa1983-001,AU,https://www.legislation.gov.au/C2004A02796/2026-06-01/2026-06-01/text/original/epub,2026-09-15T14:10:40Z,html,,raw/au/archives_act_1983/20260915T1410Z__page.html,Archives Act 1983,"No. 79, 1983",,,requests,200,raw/au/archives_act_1983/20260915T1410Z__page.html.headers.json,text/html,0d2845ab03d3461cc5ea8e19a6bba86f642e56e3970e0db3df1d98b5ec5946aa,478315,,,,,corpus AU_corpus_2026-09-19: from AU_ws_2026-09-15,,1983-11-03,,InForce
0.2.0,,au-atsihpa1984-001,AU,https://www.legislation.gov.au/C2004A02943/2016-10-21/2016-10-21/text/original/epub,2026-09-15T14:14:06Z,html,,raw/au/aboriginal_and_torres_strait_islander_heritage_protection_act_1984/20260915T1414Z__page.html,Aboriginal and Torres Strait Islander Heritage Protection Act 1984,"No. 79, 1984",,,requests,200,raw/au/aboriginal_and_torres_strait_islander_heritage_protection_act_1984/20260915T1414Z__page.html.headers.json,text/html,d51d68601c6ffbf4401c3de5f41087e122a67fb0a926739ffddbcc7cfee23e6e,182187,,,,,corpus AU_corpus_2026-09-19: from AU_ws_2026-09-15,,1984-06-25,,InForce
0.2.0,,au-tca1991-001,AU,https://www.legislation.gov.au/C2004A04154/2024-10-14/2024-10-14/text/original/epub,2026-09-15T14:39:39Z,html,,raw/au/telstra_corporation_act_1991/20260915T1439Z__page.html,Telstra Corporation Act 1991,"No. 79, 1991",,,requests,200,raw/au/telstra_corporation_act_1991/20260915T1439Z__page.html.headers.json,text/html,0bfd1de3aec0f59e1e8d02a7bf267aaf8ef959dda2764cc0d87814878d9059a3,624653,,,,,corpus AU_corpus_2026-09-19: from AU_ws_2026-09-15,,1991-06-26,,InForce
0.2.0,,au-sla1993-001,AU,https://www.legislation.gov.au/C2004A04634/asmade/2003-06-26/text/original/pdf,2026-09-15T14:52:36Z,pdf_native,false,raw/au/superannuation_financial_assistance_funding_levy_act_1993/20260915T1452Z__native.pdf,Superannuation (Financial Assistance Funding) Levy Act 1993,"No. 79, 1993",,,requests,200,raw/au/superannuation_financial_assistance_funding_levy_act_1993/20260915T1452Z__native.pdf.headers.json,application/pdf,5b8e2039b8c8fd3a99c5dba3c837db70f54dd62a9b0d62e44504b4aea3c32a3a,164985,3,,,,corpus AU_corpus_2026-09-19: from AU_ws_2026-09-15; flags as_made_short_act,,1993-11-30,,InForce
0.2.0,,au-ntsa19998598-001,AU,https://www.legislation.gov.au/C2004A00466/2008-10-03/2008-10-03/text/original/epub,2026-09-15T13:26:02Z,html,,raw/au/a_new_tax_system_luxury_car_tax_imposition_general_act_1999/20260915T1326Z__page.html,A New Tax System (Luxury Car Tax Imposition—General) Act 1999,"No. 79, 1999",,,requests,200,raw/au/a_new_tax_system_luxury_car_tax_imposition_general_act_1999/20260915T1326Z__page.html.headers.json,text/html,d0932442802aa39d5013a54635290ab39a10aeed5cc8308ad6f76cedbeacca2c,21201,,,,,corpus AU_corpus_2026-09-19: from AU_ws_2026-09-15,,1999-07-08,,InForce
0.2.0,,au-prrta2006-001,AU,https://www.legislation.gov.au/C2006A00079/asmade/2006-06-30/text/original/pdf,2026-09-15T15:20:35Z,pdf_native,false,raw/au/petroleum_resource_rent_tax_instalment_transfer_interest_charge_imposition_act_2006/20260915T1520Z__native.pdf,Petroleum Resource Rent Tax (Instalment Transfer Interest Charge Imposition) Act 2006,"No. 79, 2006",,,requests,200,raw/au/petroleum_resource_rent_tax_instalment_transfer_interest_charge_imposition_act_2006/20260915T1520Z__native.pdf.headers.json,application/pdf,9863b666d69594bf6540227bbc55e9040d2871a4df79c46ef1e36aa9559ddd8b,17652,6,,,,corpus AU_corpus_2026-09-19: from AU_ws_2026-09-15,,2006-06-30,,InForce
0.2.0,,au-haffa2023-001,AU,https://www.legislation.gov.au/C2023A00079/2026-07-01/2026-07-01/text/original/epub,2026-09-15T16:38:45Z,html,,raw/au/housing_australia_future_fund_act_2023/20260915T1638Z__page.html,Housing Australia Future Fund Act 2023,"No. 79, 2023",,,requests,200,raw/au/housing_australia_future_fund_act_2023/20260915T1638Z__page.html.headers.json,text/html,f75c2f4e5963467c6e963f3e633cde72c2188fcd336eef3c19e8b1f77a93df3b,272898,,,,,corpus AU_corpus_2026-09-19: from AU_ws_2026-09-15,,2023-09-28,,InForce
0.2.0,,au-ssolaa2025-001,AU,https://www.legislation.gov.au/C2025A00079/asmade/2025-12-04/text/original/pdf,2026-09-15T16:53:46Z,pdf_native,false,raw/au/social_security_and_other_legislation_amendment_technical_changes_no_2_act_2025/20260915T1653Z__native.pdf,Social Security and Other Legislation Amendment (Technical Changes No. 2) Act 2025,"No. 79, 2025",,,requests,200,raw/au/social_security_and_other_legislation_amendment_technical_changes_no_2_act_2025/20260915T1653Z__native.pdf.headers.json,application/pdf,6e7ade24e733f77d0f83036d12553635e12ce33946dbf6a5cf4245330264976d,429678,59,,,,corpus AU_corpus_2026-09-19: from AU_ws_2026-09-15,,2025-12-04,,InForce
0.2.0,,au-sra1910-001,AU,https://www.legislation.gov.au/C1910A00008/asmade/2012-09-22/text/original/pdf,2026-09-15T12:40:09Z,pdf_native,false,raw/au/surplus_revenue_act_1910/20260915T1240Z__native.pdf,Surplus Revenue Act 1910,"No. 8, 1910",,,requests,200,raw/au/surplus_revenue_act_1910/20260915T1240Z__native.pdf.headers.json,application/pdf,7fbaa37d31886d8b17d2b02f0cc4e6a81c9778bc0a7f59be5db7676eeab51d3c,347050,3,,,,corpus AU_corpus_2026-09-19: from AU_ws_2026-09-15; flags as_made_short_act,,1910-09-02,,InForce
0.2.0,,au-aataa1933-001,AU,https://www.legislation.gov.au/C1933A00008/asmade/1973-12-31/text/original/pdf,2026-09-15T12:44:37Z,pdf_native,false,raw/au/australian_antarctic_territory_acceptance_act_1933/20260915T1244Z__native.pdf,Australian Antarctic Territory Acceptance Act 1933,"No. 8, 1933",,,requests,200,raw/au/australian_antarctic_territory_acceptance_act_1933/20260915T1244Z__native.pdf.headers.json,application/pdf,2deb05c3edc6b98ecd5974ce59015534ed6b9c2e6f78e1673cd64beca6adee1e,149718,1,,,,corpus AU_corpus_2026-09-19: from AU_ws_2026-09-15; flags as_made_short_act,,1933-06-13,,InForce
0.2.0,,au-pca1970-001,AU,https://www.legislation.gov.au/C1970A00008/2026-04-09/2026-04-09/text/original/epub,2026-09-15T13:05:12Z,html,,raw/au/parliamentary_counsel_act_1970/20260915T1305Z__page.html,Parliamentary Counsel Act 1970,"No. 8, 1970",,,requests,200,raw/au/parliamentary_counsel_act_1970/20260915T1305Z__page.html.headers.json,text/html,fc3b111db55d5404f7e9996523017382c77cab463a5a38d5b71172f9ff71059c,112592,,,,,corpus AU_corpus_2026-09-19: from AU_ws_2026-09-15,,1970-05-15,,InForce
0.2.0,,au-ca1976-001,AU,https://www.legislation.gov.au/C2004A01646/2016-03-10/2016-03-10/text/original/epub,2026-09-15T13:54:36Z,html,,raw/au/crimes_internationally_protected_persons_act_1976/20260915T1354Z__page.html,Crimes (Internationally Protected Persons) Act 1976,"No. 8, 1977",,,requests,200,raw/au/crimes_internationally_protected_persons_act_1976/20260915T1354Z__page.html.headers.json,text/html,78d29bc4387fd0699e0dee6fa5b12d6fe30f85233a876e13af7c662cef342225,136810,,,,,corpus AU_corpus_2026-09-19: from AU_ws_2026-09-15,,1977-02-28,,InForce
0.2.0,,au-sra1981-001,AU,https://www.legislation.gov.au/C2004A02386/2024-10-14/2024-10-14/text/original/epub,2026-09-15T14:04:03Z,html,,raw/au/shipping_registration_act_1981/20260915T1404Z__page.html,Shipping Registration Act 1981,"No. 8, 1981",,,requests,200,raw/au/shipping_registration_act_1981/20260915T1404Z__page.html.headers.json,text/html,d1c3fc6f11cf89225173e846f7ba80c3b04f1340a16fea5c08ffc53c44c97dfd,627017,,,,,corpus AU_corpus_2026-09-19: from AU_ws_2026-09-15,,1981-03-25,,InForce
0.2.0,,au-nnpa1987-001,AU,https://www.legislation.gov.au/C2004A03417/2026-03-27/2026-03-27/text/original/epub,2026-09-15T14:23:31Z,html,,raw/au/nuclear_non_proliferation_safeguards_act_1987/20260915T1423Z__page.html,Nuclear Non-Proliferation (Safeguards) Act 1987,"No. 8, 1987",,,requests,200,raw/au/nuclear_non_proliferation_safeguards_act_1987/20260915T1423Z__page.html.headers.json,text/html,2b3b04bbb13b97c80e02265b294e3b76d9b2fc3e9645253f349bc486f3785ebd,732402,,,,,corpus AU_corpus_2026-09-19: from AU_ws_2026-09-15,,1987-03-17,,InForce
0.2.0,,au-arca2001-001,AU,https://www.legislation.gov.au/C2004A00773/2024-07-01/2024-07-01/text/original/epub,2026-09-15T13:35:24Z,html,,raw/au/australian_research_council_act_2001/20260915T1335Z__page.html,Australian Research Council Act 2001,"No. 8, 2001",,,requests,200,raw/au/australian_research_council_act_2001/20260915T1335Z__page.html.headers.json,text/html,b816677fe8dc6383a8469ae8d343eb08b9ca06cb1308e3dcc4e85d79a3d631a2,309339,,,,,corpus AU_corpus_2026-09-19: from AU_ws_2026-09-15,,2001-03-22,,InForce
0.2.0,,au-atsa2004-001,AU,https://www.legislation.gov.au/C2004A01242/2026-03-27/2026-03-27/text/original/epub,2026-09-15T13:47:12Z,html,,raw/au/aviation_transport_security_act_2004/20260915T1347Z__page.html,Aviation Transport Security Act 2004,"No. 8, 2004",,,requests,200,raw/au/aviation_transport_security_act_2004/20260915T1347Z__page.html.headers.json,text/html,29a60a1690266d60306bc07850239e732ec323083efdf018c4db964eebb47390,935608,,,,,corpus AU_corpus_2026-09-19: from AU_ws_2026-09-15,,2004-03-10,,InForce
0.2.0,,au-ica1984-001,AU,https://www.legislation.gov.au/C2004A02944/2024-03-01/2024-03-01/text/original/epub,2026-09-15T14:14:18Z,html,,raw/au/insurance_contracts_act_1984/20260915T1414Z__page.html,Insurance Contracts Act 1984,"No. 80, 1984",,,requests,200,raw/au/insurance_contracts_act_1984/20260915T1414Z__page.html.headers.json,text/html,c58b9382f58621f36227f60031627cbfd864eef7c89c274c8a718ec5b29e4060,588216,,,,,corpus AU_corpus_2026-09-19: from AU_ws_2026-09-15,,1984-06-25,,InForce
0.2.0,,au-ntsa1999647c-001,AU,https://www.legislation.gov.au/C2004A00490/2026-07-01/2026-07-01/text/original/epub,2026-09-15T13:26:52Z,html,,raw/au/a_new_tax_system_family_assistance_act_1999/20260915T1326Z__page.html,A New Tax System (Family Assistance) Act 1999,"No. 80, 1999",,,requests,200,raw/au/a_new_tax_system_family_assistance_act_1999/20260915T1326Z__page.html.headers.json,text/html,683f492eddaf85fd08aa5f005fc7a80c1ad03fb43531e89dd7ec9d63ee5fcd0d,2191219,,,,,corpus AU_corpus_2026-09-19: from AU_ws_2026-09-15,,1999-07-08,,InForce
0.2.0,,au-sa2005-001,AU,https://www.legislation.gov.au/C2005A00080/2026-07-01/2026-07-01/text/original/epub,2026-09-15T15:17:03Z,html,,raw/au/superannuation_act_2005/20260915T1517Z__page.html,Superannuation Act 2005,"No. 80, 2005",,,requests,200,raw/au/superannuation_act_2005/20260915T1517Z__page.html.headers.json,text/html,0a2b5d161d3aa05a71dd60b2b202d1841c0f6a08d3081142ceb3aaa66ff3e1bf,236992,,,,,corpus AU_corpus_2026-09-19: from AU_ws_2026-09-15,,2005-06-29,,InForce
0.2.0,,au-mmnsa2008-001,AU,https://www.legislation.gov.au/C2008A00080/asmade/2008-07-12/text/original/pdf,2026-09-15T12:36:57Z,pdf_native,false,raw/au/military_memorials_of_national_significance_act_2008/20260915T1236Z__native.pdf,Military Memorials of National Significance Act 2008,"No. 80, 2008",,,requests,200,raw/au/military_memorials_of_national_significance_act_2008/20260915T1236Z__native.pdf.headers.json,application/pdf,69972d06be24c16890eb928aa8e5f7fdb2a754a2064e487e260dc41703ef9437,26498,10,,,national significance,corpus AU_corpus_2026-09-19: from AU_ws_2026-09-15,,2008-07-12,,InForce
0.2.0,,au-ava2010-001,AU,https://www.legislation.gov.au/C2010A00080/asmade/2010-06-29/text/original/pdf,2026-09-15T15:40:23Z,pdf_native,false,raw/au/airports_on_airport_activities_administration_validation_act_2010/20260915T1540Z__native.pdf,Airports (On-Airport Activities Administration) Validation Act 2010,"No. 80, 2010",,,requests,200,raw/au/airports_on_airport_activities_administration_validation_act_2010/20260915T1540Z__native.pdf.headers.json,application/pdf,bc669670e206e5200c0659ff885a34f01a934f534f9b7f77888d7ec48662337d,22538,8,,,,corpus AU_corpus_2026-09-19: from AU_ws_2026-09-15,,2010-06-29,,InForce
0.2.0,,au-sia2016-001,AU,https://www.legislation.gov.au/C2016A00080/asmade/2016-11-29/text/original/pdf,2026-09-15T16:14:33Z,pdf_native,false,raw/au/superannuation_excess_transfer_balance_tax_imposition_act_2016/20260915T1614Z__native.pdf,Superannuation (Excess Transfer Balance Tax) Imposition Act 2016,"No. 80, 2016",,,requests,200,raw/au/superannuation_excess_transfer_balance_tax_imposition_act_2016/20260915T1614Z__native.pdf.headers.json,application/pdf,7fb84a306d1432e8839847e345f3d94ab5be491a25a6c16f4ea42ec5284ab715,508580,7,,,,corpus AU_corpus_2026-09-19: from AU_ws_2026-09-15,,2016-11-29,,InForce
0.2.0,,au-nhsaca2023-001,AU,https://www.legislation.gov.au/C2023A00080/asmade/2023-09-28/text/original/pdf,2026-09-15T16:38:59Z,pdf_native,false,raw/au/national_housing_supply_and_affordability_council_act_2023/20260915T1638Z__native.pdf,National Housing Supply and Affordability Council Act 2023,"No. 80, 2023",,,requests,200,raw/au/national_housing_supply_and_affordability_council_act_2023/20260915T1638Z__native.pdf.headers.json,application/pdf,914410c4a1f5c7d9d8baa5123ba7218eef605e83e6c5c65eea19882434c2275d,678583,23,,,,corpus AU_corpus_2026-09-19: from AU_ws_2026-09-15,,2023-09-28,,InForce
0.2.0,,au-ca1946-001,AU,https://www.legislation.gov.au/C1946A00081/asmade/1946-12-19/text/original/pdf,2026-09-15T12:47:32Z,pdf_native,false,raw/au/constitution_alteration_social_services_1946/20260915T1247Z__native.pdf,Constitution Alteration (Social Services) 1946,"No. 81, 1946",,,requests,200,raw/au/constitution_alteration_social_services_1946/20260915T1247Z__native.pdf.headers.json,application/pdf,92f0da0b568ed0806015ae4c4c2fc6d2f12e82a0e1f8de8e63adaae2032592c3,146471,2,,,,corpus AU_corpus_2026-09-19: from AU_ws_2026-09-15; flags as_made_short_act,,1946-12-19,,InForce
0.2.0,,au-da1963-001,AU,https://www.legislation.gov.au/C1963A00081/2017-12-09/2017-12-09/text/original/epub,2026-09-15T13:00:02Z,html,,raw/au/defence_visiting_forces_act_1963/20260915T1300Z__page.html,Defence (Visiting Forces) Act 1963,"No. 81, 1963",,,requests,200,raw/au/defence_visiting_forces_act_1963/20260915T1300Z__page.html.headers.json,text/html,c8b7df308e5406f8bb44980d89fe2e3741274ece4a24577dc05efbf62015866e,138013,,,,,corpus AU_corpus_2026-09-19: from AU_ws_2026-09-15,,1963-10-31,,InForce
0.2.0,,au-dfrdba1973-001,AU,https://www.legislation.gov.au/C2004A00006/2026-04-01/2026-04-01/text/original/epub,2026-09-15T13:10:37Z,html,,raw/au/defence_force_retirement_and_death_benefits_act_1973/20260915T1310Z__page.html,Defence Force Retirement and Death Benefits Act 1973,"No. 81, 1973",,,requests,200,raw/au/defence_force_retirement_and_death_benefits_act_1973/20260915T1310Z__page.html.headers.json,text/html,3965294d761a9f1a8864a5176917930e0d214a38048926c0ae2f5aa3ca0739da,1066581,,,,,corpus AU_corpus_2026-09-19: from AU_ws_2026-09-15,,1973-06-19,,InForce
0.2.0,,au-asa1995-001,AU,https://www.legislation.gov.au/C2004A04931/2024-10-14/2024-10-14/text/original/epub,2026-09-15T15:00:31Z,html,,raw/au/air_services_act_1995/20260915T1500Z__page.html,Air Services Act 1995,"No. 81, 1995",,,requests,200,raw/au/air_services_act_1995/20260915T1500Z__page.html.headers.json,text/html,f296e64ebef8fd0208c49081506e4bbec1bb7a909c183d87178d3df8287c8c92,299282,,,,,corpus AU_corpus_2026-09-19: from AU_ws_2026-09-15,,1995-06-30,,InForce
0.2.0,,au-hsaa1997-001,AU,https://www.legislation.gov.au/C2004A05178/2024-10-14/2024-10-14/text/original/epub,2026-09-15T15:09:22Z,html,,raw/au/hearing_services_administration_act_1997/20260915T1509Z__page.html,Hearing Services Administration Act 1997,"No. 81, 1997",,,requests,200,raw/au/hearing_services_administration_act_1997/20260915T1509Z__page.html.headers.json,text/html,5d9cde8669e89bfbcc95078bd30f1460120ff43df9f738cce9461550291a479b,177633,,,,,corpus AU_corpus_2026-09-19: from AU_ws_2026-09-15,,1997-06-18,,InForce
0.2.0,,au-ntsa199954b8-001,AU,https://www.legislation.gov.au/C2004A00491/2026-07-01/2026-07-01/text/original/epub,2026-09-15T13:27:06Z,html,,raw/au/a_new_tax_system_family_assistance_administration_act_1999/20260915T1327Z__page.html,A New Tax System (Family Assistance) (Administration) Act 1999,"No. 81, 1999",,,requests,200,raw/au/a_new_tax_system_family_assistance_administration_act_1999/20260915T1327Z__page.html.headers.json,text/html,0ecba8c7d36756e937a147b238e008ace82ce3684aa63efb54a4d0fb945f34ab,3017995,,,,,corpus AU_corpus_2026-09-19: from AU_ws_2026-09-15,,1999-07-08,,InForce
0.2.0,,au-ntca2003-001,AU,https://www.legislation.gov.au/C2004A01166/2024-07-06/2024-07-06/text/original/epub,2026-09-15T13:44:55Z,html,,raw/au/national_transport_commission_act_2003/20260915T1344Z__page.html,National Transport Commission Act 2003,"No. 81, 2003",,,requests,200,raw/au/national_transport_commission_act_2003/20260915T1344Z__page.html.headers.json,text/html,5bb4e06b8cdf97efdb33dc6a86b99d1f1de486a5fe42cedea7ce229b32dea26d,161969,,,,,corpus AU_corpus_2026-09-19: from AU_ws_2026-09-15,,2003-09-06,,InForce
0.2.0,,au-nbtsa2006-001,AU,https://www.legislation.gov.au/C2006A00081/asmade/2006-06-30/text/original/pdf,2026-09-15T15:20:46Z,pdf_native,false,raw/au/new_business_tax_system_untainting_tax_act_2006/20260915T1520Z__native.pdf,New Business Tax System (Untainting Tax) Act 2006,"No. 81, 2006",,,requests,200,raw/au/new_business_tax_system_untainting_tax_act_2006/20260915T1520Z__native.pdf.headers.json,application/pdf,ddfb3f24ee2d8e4bb08482bf2eaf9010ab9eea75916ac6db374ef4c9e347d33b,18616,7,,,,corpus AU_corpus_2026-09-19: from AU_ws_2026-09-15,,2006-06-30,,InForce
0.2.0,,au-aasla2014-001,AU,https://www.legislation.gov.au/C2014A00081/2025-08-03/2025-08-03/text/original/epub,2026-09-15T16:04:54Z,html,,raw/au/australian_apprenticeship_support_loans_act_2014/20260915T1604Z__page.html,Australian Apprenticeship Support Loans Act 2014,"No. 81, 2014",,,requests,200,raw/au/australian_apprenticeship_support_loans_act_2014/20260915T1604Z__page.html.headers.json,text/html,5b2b7ba8ba943fe6c42be30df33d8ae125657c1c41d18816e2938c9e137bd4d6,389932,,,,,corpus AU_corpus_2026-09-19: from AU_ws_2026-09-15,,2014-07-17,,InForce
0.2.0,,au-igawlaea2019-001,AU,https://www.legislation.gov.au/C2019A00081/2023-12-05/2023-12-05/text/original/epub,2026-09-15T16:25:11Z,html,,raw/au/inspector_general_of_animal_welfare_and_live_animal_exports_act_2019/20260915T1625Z__page.html,Inspector-General of Animal Welfare and Live Animal Exports Act 2019,"No. 81, 2019",,,requests,200,raw/au/inspector_general_of_animal_welfare_and_live_animal_exports_act_2019/20260915T1625Z__page.html.headers.json,text/html,964d83da45e025c11dba890787359ad09fcaf02f557cb563ce7e574dbb6753e6,165474,,,,,corpus AU_corpus_2026-09-19: from AU_ws_2026-09-15,,2019-10-02,,InForce
0.2.0,,au-teqsaa2021-001,AU,https://www.legislation.gov.au/C2021A00081/2022-01-01/2022-01-01/text/original/epub,2026-09-15T16:33:19Z,html,,raw/au/tertiary_education_quality_and_standards_agency_charges_act_2021/20260915T1633Z__page.html,Tertiary Education Quality and Standards Agency (Charges) Act 2021,"No. 81, 2021",,,requests,200,raw/au/tertiary_education_quality_and_standards_agency_charges_act_2021/20260915T1633Z__page.html.headers.json,text/html,400eea37ac5b49c1dc58484884c8ac5968c6eaa01e082606a612f83ad19031df,39905,,,,,corpus AU_corpus_2026-09-19: from AU_ws_2026-09-15,,2021-08-13,,InForce
0.2.0,,au-hsraa2022-001,AU,https://www.legislation.gov.au/C2022A00081/asmade/2022-12-12/text/original/pdf,2026-09-15T16:35:13Z,pdf_native,false,raw/au/high_speed_rail_authority_act_2022/20260915T1635Z__native.pdf,High Speed Rail Authority Act 2022,"No. 81, 2022",,,requests,200,raw/au/high_speed_rail_authority_act_2022/20260915T1635Z__native.pdf.headers.json,application/pdf,c7fbc18a0035611e615aa2c9276b86e4f818862e852b7ca837de8455079c1dd7,741083,31,,,,corpus AU_corpus_2026-09-19: from AU_ws_2026-09-15,,2022-12-12,,InForce
0.2.0,,au-tlaa2023-001,AU,https://www.legislation.gov.au/C2023A00081/asmade/2023-09-28/text/original/pdf,2026-09-15T16:39:11Z,pdf_native,false,raw/au/treasury_laws_amendment_housing_measures_no_1_act_2023/20260915T1639Z__native.pdf,Treasury Laws Amendment (Housing Measures No. 1) Act 2023,"No. 81, 2023",,,requests,200,raw/au/treasury_laws_amendment_housing_measures_no_1_act_2023/20260915T1639Z__native.pdf.headers.json,application/pdf,d8dc76bfb7970b88c27b8e59c8bb4c99c6f27de6069c40fc1b8d80e8b65ed87f,916125,35,,,,corpus AU_corpus_2026-09-19: from AU_ws_2026-09-15,,2023-09-28,,InForce
0.2.0,,au-itaa1953-001,AU,https://www.legislation.gov.au/C1953A00082/2026-03-27/2026-03-27/text/original/epub,2026-09-15T12:51:38Z,html,,raw/au/international_tax_agreements_act_1953/20260915T1251Z__page.html,International Tax Agreements Act 1953,"No. 82, 1953",,,requests,200,raw/au/international_tax_agreements_act_1953/20260915T1251Z__page.html.headers.json,text/html,8ba8fbadd1c399a6e0f6c9faf6342a8a2b1f8a955a94f52ce9fe5d04eea1f50d,608795,,,,,corpus AU_corpus_2026-09-19: from AU_ws_2026-09-15,,1953-12-11,,InForce
0.2.0,,au-oma1981-001,AU,https://www.legislation.gov.au/C2004A02459/1994-02-25/1994-02-25/text/original/epub,2026-09-15T14:06:13Z,html,,raw/au/offshore_minerals_royalty_act_1981/20260915T1406Z__page.html,Offshore Minerals (Royalty) Act 1981,"No. 82, 1981",,,requests,200,raw/au/offshore_minerals_royalty_act_1981/20260915T1406Z__page.html.headers.json,text/html,19977369aa5f202e2d3af9ebfe223922cf8ee39a788a2583a2ae3f3a894ef972,27593,,,,,corpus AU_corpus_2026-09-19: from AU_ws_2026-09-15,,1981-06-18,,InForce
0.2.0,,au-calaa1995-001,AU,https://www.legislation.gov.au/C2004A04932/asmade/1995-06-30/text/original/pdf,2026-09-15T15:00:44Z,pdf_native,false,raw/au/civil_aviation_legislation_amendment_act_1995/20260915T1500Z__native.pdf,Civil Aviation Legislation Amendment Act 1995,"No. 82, 1995",,,requests,200,raw/au/civil_aviation_legislation_amendment_act_1995/20260915T1500Z__native.pdf.headers.json,application/pdf,f388624b6308aeefd89bf35ebb4634a452f527286620135ef7dd16255bb5afc6,1672335,45,,,,corpus AU_corpus_2026-09-19: from AU_ws_2026-09-15,,1995-06-30,,InForce
0.2.0,,au-hsara1997-001,AU,https://www.legislation.gov.au/C2004A05179/2016-07-01/2016-07-01/text/original/epub,2026-09-15T15:09:34Z,html,,raw/au/hearing_services_and_aghs_reform_act_1997/20260915T1509Z__page.html,Hearing Services and AGHS Reform Act 1997,"No. 82, 1997",,,requests,200,raw/au/hearing_services_and_aghs_reform_act_1997/20260915T1509Z__page.html.headers.json,text/html,10904053e3c3e07debfb5136bdd84329ca407afd42016a3a38429e5bdc21fe16,90047,,,,,corpus AU_corpus_2026-09-19: from AU_ws_2026-09-15,,1997-06-18,,InForce
0.2.0,,au-epbcaa2001-001,AU,https://www.legislation.gov.au/C2004A00849/asmade/2001-07-11/text/original/pdf,2026-09-15T13:37:56Z,pdf_native,false,raw/au/environment_protection_and_biodiversity_conservation_amendment_wildlife_protection_act_2001/20260915T1337Z__native.pdf,Environment Protection and Biodiversity Conservation Amendment (Wildlife Protection) Act 2001,"No. 82, 2001",,,requests,200,raw/au/environment_protection_and_biodiversity_conservation_amendment_wildlife_protection_act_2001/20260915T1337Z__native.pdf.headers.json,application/pdf,1a224c7051b034742e257193af6f4f59d8da9505cccde90c76157fa3e4cdb137,314621,126,,,,corpus AU_corpus_2026-09-19: from AU_ws_2026-09-15,,2001-07-11,,InForce
0.2.0,,au-fcsiaola2006-001,AU,https://www.legislation.gov.au/C2006A00082/asmade/2002-07-01/text/original/pdf,2026-09-15T15:20:59Z,pdf_native,false,raw/au/families_community_services_and_indigenous_affairs_and_other_legislation_2006_budget_and_other_measures_act_2006/20260915T1520Z__native.pdf,"Families, Community Services and Indigenous Affairs and Other Legislation (2006 Budget and Other Measures) Act 2006","No. 82, 2006",,,requests,200,raw/au/families_community_services_and_indigenous_affairs_and_other_legislation_2006_budget_and_other_measures_act_2006/20260915T1520Z__native.pdf.headers.json,application/pdf,9e8fd3b2ab9ffcb6efd72fb8ff4e9158f1e59f4defe6dd2bc534bf2907ac77e8,229863,86,,,,corpus AU_corpus_2026-09-19: from AU_ws_2026-09-15,,2006-06-30,,InForce
0.2.0,,au-fflaa2012-001,AU,https://www.legislation.gov.au/C2012A00082/asmade/2012-06-28/text/original/pdf,2026-09-15T15:52:43Z,pdf_native,false,raw/au/financial_framework_legislation_amendment_act_no_2_2012/20260915T1552Z__native.pdf,Financial Framework Legislation Amendment Act (No. 2) 2012,"No. 82, 2012",,,requests,200,raw/au/financial_framework_legislation_amendment_act_no_2_2012/20260915T1552Z__native.pdf.headers.json,application/pdf,004da495ce868be0f6916e562e4eae3528639641c0c3f6c6dff923f06fb60c27,646778,101,,,,corpus AU_corpus_2026-09-19: from AU_ws_2026-09-15,,2012-06-28,,InForce
0.2.0,,au-nzeaa2024-001,AU,https://www.legislation.gov.au/C2024A00082/asmade/2024-09-05/text/original/pdf,2026-09-15T16:44:43Z,pdf_native,false,raw/au/net_zero_economy_authority_transitional_provisions_act_2024/20260915T1644Z__native.pdf,Net Zero Economy Authority (Transitional Provisions) Act 2024,"No. 82, 2024",,,requests,200,raw/au/net_zero_economy_authority_transitional_provisions_act_2024/20260915T1644Z__native.pdf.headers.json,application/pdf,4101d94ba9af72b7e5186974b4ae226136c1c108ab2b5a25ff89410e6836d6cf,252728,12,,,,corpus AU_corpus_2026-09-19: from AU_ws_2026-09-15,,2024-09-05,,InForce
0.2.0,,au-oma19816c30-001,AU,https://www.legislation.gov.au/C2004A02460/1994-02-25/1994-02-25/text/original/epub,2026-09-15T14:06:26Z,html,,raw/au/offshore_minerals_exploration_licence_fees_act_1981/20260915T1406Z__page.html,Offshore Minerals (Exploration Licence Fees) Act 1981,"No. 83, 1981",,,requests,200,raw/au/offshore_minerals_exploration_licence_fees_act_1981/20260915T1406Z__page.html.headers.json,text/html,67bde28546e442ec0ce120801152a4517b1a27a31b9c83e99d8314bfa42b5029,27008,,,,,corpus AU_corpus_2026-09-19: from AU_ws_2026-09-15,,1981-06-18,,InForce
0.2.0,,au-pa1990-001,AU,https://www.legislation.gov.au/C2004A04014/2024-10-14/2024-10-14/text/original/epub,2026-09-15T14:36:23Z,html,,raw/au/patents_act_1990/20260915T1436Z__page.html,Patents Act 1990,"No. 83, 1990",,,requests,200,raw/au/patents_act_1990/20260915T1436Z__page.html.headers.json,text/html,0381fcce468b637af6a54f4229f865c2b6e6cb94073d4b5e18da9e1750cc2a39,1132795,,,,,corpus AU_corpus_2026-09-19: from AU_ws_2026-09-15,,1990-10-30,,InForce
0.2.0,,au-psna1998-001,AU,https://www.legislation.gov.au/C2004A00338/2026-08-27/2026-08-27/text/original/epub,2026-09-15T13:20:59Z,html,,raw/au/payment_systems_and_netting_act_1998/20260915T1320Z__page.html,Payment Systems and Netting Act 1998,"No. 83, 1998",,,requests,200,raw/au/payment_systems_and_netting_act_1998/20260915T1320Z__page.html.headers.json,text/html,9b493e2cfac84cc057c5791b716f889e67477c912bc568a8bb012d9d5af58d5e,287187,,,,,corpus AU_corpus_2026-09-19: from AU_ws_2026-09-15,,1998-07-02,,InForce
0.2.0,,au-cela2014-001,AU,https://www.legislation.gov.au/C2014A00083/2024-10-14/2024-10-14/text/original/epub,2026-09-15T16:05:06Z,html,,raw/au/clean_energy_legislation_carbon_tax_repeal_act_2014/20260915T1605Z__page.html,Clean Energy Legislation (Carbon Tax Repeal) Act 2014,"No. 83, 2014",,,requests,200,raw/au/clean_energy_legislation_carbon_tax_repeal_act_2014/20260915T1605Z__page.html.headers.json,text/html,664972550ab32a479a0a852cf183da7066740f78135ce0c72e5b202ca2754c9a,486968,,,,,corpus AU_corpus_2026-09-19: from AU_ws_2026-09-15,,2014-07-17,,InForce
0.2.0,,au-phislia2015-001,AU,https://www.legislation.gov.au/C2015A00083/asmade/2015-06-26/text/original/pdf,2026-09-15T16:08:20Z,pdf_native,false,raw/au/private_health_insurance_supervisory_levy_imposition_act_2015/20260915T1608Z__native.pdf,Private Health Insurance Supervisory Levy Imposition Act 2015,"No. 83, 2015",,,requests,200,raw/au/private_health_insurance_supervisory_levy_imposition_act_2015/20260915T1608Z__native.pdf.headers.json,application/pdf,964b7b4ff5a4d611e34304e52ab3250a93f0b07d500fb8b721cf78a71cd35093,545709,9,,,,corpus AU_corpus_2026-09-19: from AU_ws_2026-09-15,,2015-06-26,,InForce
0.2.0,,au-oma19817cc9-001,AU,https://www.legislation.gov.au/C2004A02461/1994-02-25/1994-02-25/text/original/epub,2026-09-15T14:06:40Z,html,,raw/au/offshore_minerals_mining_licence_fees_act_1981/20260915T1406Z__page.html,Offshore Minerals (Mining Licence Fees) Act 1981,"No. 84, 1981",,,requests,200,raw/au/offshore_minerals_mining_licence_fees_act_1981/20260915T1406Z__page.html.headers.json,text/html,bf197b216dae1bb7146f90ff742449c65b435ebce5595b0fc3ca5787077a5696,25595,,,,,corpus AU_corpus_2026-09-19: from AU_ws_2026-09-15,,1981-06-18,,InForce
0.2.0,,au-qala1988-001,AU,https://www.legislation.gov.au/C2004A03677/asmade/1988-10-31/text/original/pdf,2026-09-15T14:29:12Z,pdf_native,false,raw/au/qantas_airways_limited_loan_guarantee_act_1988/20260915T1429Z__native.pdf,Qantas Airways Limited (Loan Guarantee) Act 1988,"No. 84, 1988",,,requests,200,raw/au/qantas_airways_limited_loan_guarantee_act_1988/20260915T1429Z__native.pdf.headers.json,application/pdf,abd2f229c9382ac16707fed7021548d61302a43c6359345df9f193c7e3bad32b,700632,8,,,,corpus AU_corpus_2026-09-19: from AU_ws_2026-09-15,,1988-10-31,,InForce
0.2.0,,au-ntsa19991f0c-001,AU,https://www.legislation.gov.au/C2004A00467/2026-06-30/2026-06-30/text/original/epub,2026-09-15T13:26:15Z,html,,raw/au/a_new_tax_system_australian_business_number_act_1999/20260915T1326Z__page.html,A New Tax System (Australian Business Number) Act 1999,"No. 84, 1999",,,requests,200,raw/au/a_new_tax_system_australian_business_number_act_1999/20260915T1326Z__page.html.headers.json,text/html,ea4cd06764627ee21b859519e0d0be68eb902646f82e4a9901b60675ba1c0a78,266473,,,,,corpus AU_corpus_2026-09-19: from AU_ws_2026-09-15,,1999-07-08,,InForce
0.2.0,,au-iga2001-001,AU,https://www.legislation.gov.au/C2004A00851/2024-10-14/2024-10-14/text/original/epub,2026-09-15T13:38:08Z,html,,raw/au/interactive_gambling_act_2001/20260915T1338Z__page.html,Interactive Gambling Act 2001,"No. 84, 2001",,,requests,200,raw/au/interactive_gambling_act_2001/20260915T1338Z__page.html.headers.json,text/html,e849e3305ca83a87da68ed74b25b1df49ddd1dc11d48e70a7890db1804a5d7ca,854242,,,,,corpus AU_corpus_2026-09-19: from AU_ws_2026-09-15,,2001-07-11,,InForce
0.2.0,,au-lea2006-001,AU,https://www.legislation.gov.au/C2006A00084/asmade/2006-06-30/text/original/pdf,2026-09-15T15:21:14Z,pdf_native,false,raw/au/law_enforcement_afp_professional_standards_and_related_measures_act_2006/20260915T1521Z__native.pdf,Law Enforcement (AFP Professional Standards and Related Measures) Act 2006,"No. 84, 2006",,,requests,200,raw/au/law_enforcement_afp_professional_standards_and_related_measures_act_2006/20260915T1521Z__native.pdf.headers.json,application/pdf,8a14f6881bbf50ed38710b18629fbecfb80656bf0c5411b1f30ccf8410e70406,202087,83,,,,corpus AU_corpus_2026-09-19: from AU_ws_2026-09-15,,2006-06-30,,InForce
0.2.0,,au-swaa2008c8a0-001,AU,https://www.legislation.gov.au/C2009A00084/2023-09-21/2023-09-21/text/original/epub,2026-09-15T15:35:39Z,html,,raw/au/safe_work_australia_act_2008/20260915T1535Z__page.html,Safe Work Australia Act 2008,"No. 84, 2009",,,requests,200,raw/au/safe_work_australia_act_2008/20260915T1535Z__page.html.headers.json,text/html,3feb317c59f4124132b75f452c6a2b5f9d59143c21bce281a417ba88c6f82fc4,234954,,,,,corpus AU_corpus_2026-09-19: from AU_ws_2026-09-15,,2009-09-18,,InForce
0.2.0,,au-tusla2014-001,AU,https://www.legislation.gov.au/C2014A00084/2018-06-19/2018-06-19/text/original/epub,2026-09-15T16:05:20Z,html,,raw/au/true_up_shortfall_levy_general_carbon_tax_repeal_act_2014/20260915T1605Z__page.html,True-up Shortfall Levy (General) (Carbon Tax Repeal) Act 2014,"No. 84, 2014",,,requests,200,raw/au/true_up_shortfall_levy_general_carbon_tax_repeal_act_2014/20260915T1605Z__page.html.headers.json,text/html,5637692a3e0c0d22ec3c2b098d7040546e401ba74adc406743c1d1a844be8802,39472,,,,,corpus AU_corpus_2026-09-19: from AU_ws_2026-09-15,,2014-07-17,,InForce
0.2.0,,au-dfrba1973-001,AU,https://www.legislation.gov.au/C2004A00007/asmade/1973-06-19/text/original/pdf,2026-09-15T13:10:51Z,pdf_native,false,raw/au/defence_forces_retirement_benefits_pension_increases_act_1973/20260915T1310Z__native.pdf,Defence Forces Retirement Benefits (Pension Increases) Act 1973,"No. 85, 1973",,,requests,200,raw/au/defence_forces_retirement_benefits_pension_increases_act_1973/20260915T1310Z__native.pdf.headers.json,application/pdf,40796d3f9ec9008532d427769dbb04fd1de5a358aa0440afcbcf569edee417ae,649334,12,,,,corpus AU_corpus_2026-09-19: from AU_ws_2026-09-15,,1973-06-19,,InForce
0.2.0,,au-gbrmpa1975-001,AU,https://www.legislation.gov.au/C2004A01395/2025-02-21/2025-02-21/text/original/epub,2026-09-15T13:50:59Z,html,,raw/au/great_barrier_reef_marine_park_act_1975/20260915T1350Z__page.html,Great Barrier Reef Marine Park Act 1975,"No. 85, 1975",,,requests,200,raw/au/great_barrier_reef_marine_park_act_1975/20260915T1350Z__page.html.headers.json,text/html,da816bbf1a6c3d78a87defc0101978e3b24dccaef94a8c253e998d0468379a6f,1180599,,,,,corpus AU_corpus_2026-09-19: from AU_ws_2026-09-15,,1975-06-20,,InForce
0.2.0,,au-oma1981e90b-001,AU,https://www.legislation.gov.au/C2004A02462/asmade/1994-02-25/text/original/pdf,2026-09-15T14:06:54Z,pdf_native,false,raw/au/offshore_minerals_works_licence_fees_act_1981/20260915T1406Z__native.pdf,Offshore Minerals (Works Licence Fees) Act 1981,"No. 85, 1981",,,requests,200,raw/au/offshore_minerals_works_licence_fees_act_1981/20260915T1406Z__native.pdf.headers.json,application/pdf,a2653b46b2a0b904f0d78b51deb7e7a71bbec9de52cc62362ec8584f6c72bfe5,209248,3,,,,corpus AU_corpus_2026-09-19: from AU_ws_2026-09-15; flags as_made_short_act,,1981-06-18,,InForce
0.2.0,,au-macma1987-001,AU,https://www.legislation.gov.au/C2004A03494/2026-08-27/2026-08-27/text/original/epub,2026-09-15T14:24:56Z,html,,raw/au/mutual_assistance_in_criminal_matters_act_1987/20260915T1424Z__page.html,Mutual Assistance in Criminal Matters Act 1987,"No. 85, 1987",,,requests,200,raw/au/mutual_assistance_in_criminal_matters_act_1987/20260915T1424Z__page.html.headers.json,text/html,df224d567acba677fecd5c84b92cd5121bcae3404d7e608728a8e412dab0608e,697297,,,,,corpus AU_corpus_2026-09-19: from AU_ws_2026-09-15,,1987-06-05,,InForce
0.2.0,,au-pca2002-001,AU,https://www.legislation.gov.au/C2004A01022/2026-08-27/2026-08-27/text/original/epub,2026-09-15T13:40:23Z,html,,raw/au/proceeds_of_crime_act_2002/20260915T1340Z__page.html,Proceeds of Crime Act 2002,"No. 85, 2002",,,requests,200,raw/au/proceeds_of_crime_act_2002/20260915T1340Z__page.html.headers.json,text/html,f1b5eb10fa5f3526fee62049c88f11d50625b70d456743f138a87183605bc2a4,2513918,,,,,corpus AU_corpus_2026-09-19: from AU_ws_2026-09-15,,2002-10-11,,InForce
0.2.0,,au-ahca2003-001,AU,https://www.legislation.gov.au/C2004A01169/2019-07-01/2019-07-01/text/original/epub,2026-09-15T13:45:10Z,html,,raw/au/australian_heritage_council_act_2003/20260915T1345Z__page.html,Australian Heritage Council Act 2003,"No. 85, 2003",,,requests,200,raw/au/australian_heritage_council_act_2003/20260915T1345Z__page.html.headers.json,text/html,f107fa9fe47a9a84bca4aad64e7f89e3024be5624449db9b0a876767757ff1fa,81903,,,,,corpus AU_corpus_2026-09-19: from AU_ws_2026-09-15,,2003-09-23,,InForce
0.2.0,,au-tusla2014184b-001,AU,https://www.legislation.gov.au/C2014A00085/2018-06-19/2018-06-19/text/original/epub,2026-09-15T16:05:32Z,html,,raw/au/true_up_shortfall_levy_excise_carbon_tax_repeal_act_2014/20260915T1605Z__page.html,True-up Shortfall Levy (Excise) (Carbon Tax Repeal) Act 2014,"No. 85, 2014",,,requests,200,raw/au/true_up_shortfall_levy_excise_carbon_tax_repeal_act_2014/20260915T1605Z__page.html.headers.json,text/html,d6f84c4e1b555144297584f24504f230b88a4f7da29b0d98115d59dee8e33aa2,39421,,,,,corpus AU_corpus_2026-09-19: from AU_ws_2026-09-15,,2014-07-17,,InForce
0.2.0,,au-phia2015-001,AU,https://www.legislation.gov.au/C2015A00085/2025-02-21/2025-02-21/text/original/epub,2026-09-15T16:08:29Z,html,,raw/au/private_health_insurance_prudential_supervision_act_2015/20260915T1608Z__page.html,Private Health Insurance (Prudential Supervision) Act 2015,"No. 85, 2015",,,requests,200,raw/au/private_health_insurance_prudential_supervision_act_2015/20260915T1608Z__page.html.headers.json,text/html,d0fa828b03121fb1b7c867946570cf5b5ef1d3b82e4e25ddc58f39249bf86f3b,638165,,,,,corpus AU_corpus_2026-09-19: from AU_ws_2026-09-15,,2015-06-26,,InForce
0.2.0,,au-ucha2018-001,AU,https://www.legislation.gov.au/C2018A00085/2026-07-01/2026-07-01/text/original/epub,2026-09-15T16:20:10Z,html,,raw/au/underwater_cultural_heritage_act_2018/20260915T1620Z__page.html,Underwater Cultural Heritage Act 2018,"No. 85, 2018",,,requests,200,raw/au/underwater_cultural_heritage_act_2018/20260915T1620Z__page.html.headers.json,text/html,6594cfd52eb5f1a16ecf1cd4a3d151bb1cf7c2d9969464c4b4d93d2102c5526c,288983,,,,,corpus AU_corpus_2026-09-19: from AU_ws_2026-09-15,,2018-08-24,,InForce
0.2.0,,au-hesa2019-001,AU,https://www.legislation.gov.au/C2019A00085/asmade/2019-10-28/text/original/pdf,2026-09-15T16:25:24Z,pdf_native,false,raw/au/higher_education_support_charges_act_2019/20260915T1625Z__native.pdf,Higher Education Support (Charges) Act 2019,"No. 85, 2019",,,requests,200,raw/au/higher_education_support_charges_act_2019/20260915T1625Z__native.pdf.headers.json,application/pdf,db2050c34d828a7de18a541303d321210b81cde4c84e75d0319b928ce04158a7,516542,8,,,,corpus AU_corpus_2026-09-19: from AU_ws_2026-09-15,,2019-10-28,,InForce
0.2.0,,au-mca2023-001,AU,https://www.legislation.gov.au/C2023A00085/asmade/2023-10-26/text/original/pdf,2026-09-15T16:39:21Z,pdf_native,false,raw/au/migration_visa_pre_application_process_charge_act_2023/20260915T1639Z__native.pdf,Migration (Visa Pre-application Process) Charge Act 2023,"No. 85, 2023",,,requests,200,raw/au/migration_visa_pre_application_process_charge_act_2023/20260915T1639Z__native.pdf.headers.json,application/pdf,de1bd39f668c9e5d6f6aada352a6118a39eb6d3a8218a424a5213d7e40796e08,604624,11,,,,corpus AU_corpus_2026-09-19: from AU_ws_2026-09-15,,2023-10-26,,InForce
0.2.0,,au-nzeaa2024a8f9-001,AU,https://www.legislation.gov.au/C2024A00085/asmade/2024-09-17/text/original/pdf,2026-09-15T16:44:56Z,pdf_native,false,raw/au/net_zero_economy_authority_act_2024/20260915T1644Z__native.pdf,Net Zero Economy Authority Act 2024,"No. 85, 2024",,,requests,200,raw/au/net_zero_economy_authority_act_2024/20260915T1644Z__native.pdf.headers.json,application/pdf,b6770f7d0140846d2c6a4f54034cdd89ff7aaa339c98f0f2164c3549873ea969,460147,95,,,,corpus AU_corpus_2026-09-19: from AU_ws_2026-09-15,,2024-09-17,,InForce
0.2.0,,au-sa1961-001,AU,https://www.legislation.gov.au/C1961A00086/2012-09-25/2012-09-25/text/original/epub,2026-09-15T12:58:43Z,html,,raw/au/superannuation_pension_increases_act_1961/20260915T1258Z__page.html,Superannuation (Pension Increases) Act 1961,"No. 86, 1961",,,requests,200,raw/au/superannuation_pension_increases_act_1961/20260915T1258Z__page.html.headers.json,text/html,a8b9a360f881f344e3a938b51574439a6e4565881dea9072f1c49c1d42b93a64,41408,,,,,corpus AU_corpus_2026-09-19: from AU_ws_2026-09-15,,1961-10-27,,InForce
0.2.0,,au-oma19814f70-001,AU,https://www.legislation.gov.au/C2004A02463/asmade/2001-07-15/text/original/pdf,2026-09-15T14:07:09Z,pdf_native,false,raw/au/offshore_minerals_registration_fees_act_1981/20260915T1407Z__native.pdf,Offshore Minerals (Registration Fees) Act 1981,"No. 86, 1981",,,requests,200,raw/au/offshore_minerals_registration_fees_act_1981/20260915T1407Z__native.pdf.headers.json,application/pdf,eb57ccde3cd6d0b7cc84af10b384924c99ec869f904e3622de71a474d859fb67,231748,3,,,,corpus AU_corpus_2026-09-19: from AU_ws_2026-09-15; flags as_made_short_act,,1981-06-18,,InForce
0.2.0,,au-fwa2009-001,AU,https://www.legislation.gov.au/C2004A03679/2026-07-07/2026-07-07/text/original/epub,2026-09-15T14:29:27Z,html,,raw/au/fair_work_registered_organisations_act_2009/20260915T1429Z__page.html,Fair Work (Registered Organisations) Act 2009,"No. 86, 1988",,,requests,200,raw/au/fair_work_registered_organisations_act_2009/20260915T1429Z__page.html.headers.json,text/html,8fd0eee808d6c0a38de3b27420ee49172aa6e77a429a65b8e00372a9e6a184d9,4569272,,,,,corpus AU_corpus_2026-09-19: from AU_ws_2026-09-15,,1988-11-08,,InForce
0.2.0,,au-lga1995-001,AU,https://www.legislation.gov.au/C2004A04936/2016-03-10/2016-03-10/text/original/epub,2026-09-15T15:00:59Z,html,,raw/au/local_government_financial_assistance_act_1995/20260915T1500Z__page.html,Local Government (Financial Assistance) Act 1995,"No. 86, 1995",,,requests,200,raw/au/local_government_financial_assistance_act_1995/20260915T1500Z__page.html.headers.json,text/html,f4ab484200ea0695844d46441b5a91711358357477e8328099cef27ce7154a2f,167447,,,,,corpus AU_corpus_2026-09-19: from AU_ws_2026-09-15,,1995-07-01,,InForce
0.2.0,,au-pca20020519-001,AU,https://www.legislation.gov.au/C2004A01023/2003-01-01/2003-01-01/text/original/epub,2026-09-15T13:40:35Z,html,,raw/au/proceeds_of_crime_consequential_amendments_and_transitional_provisions_act_2002/20260915T1340Z__page.html,Proceeds of Crime (Consequential Amendments and Transitional Provisions) Act 2002,"No. 86, 2002",,,requests,200,raw/au/proceeds_of_crime_consequential_amendments_and_transitional_provisions_act_2002/20260915T1340Z__page.html.headers.json,text/html,e026c998ad33ee0247b70fa0732b6246fb3ff1c4e3254059e812f0234b8fc120,463574,,,,,corpus AU_corpus_2026-09-19: from AU_ws_2026-09-15,,2002-10-11,,InForce
0.2.0,,au-ahca2003f889-001,AU,https://www.legislation.gov.au/C2004A01170/asmade/2003-09-23/text/original/pdf,2026-09-15T13:45:21Z,pdf_native,false,raw/au/australian_heritage_council_consequential_and_transitional_provisions_act_2003/20260915T1345Z__native.pdf,Australian Heritage Council (Consequential and Transitional Provisions) Act 2003,"No. 86, 2003",,,requests,200,raw/au/australian_heritage_council_consequential_and_transitional_provisions_act_2003/20260915T1345Z__native.pdf.headers.json,application/pdf,36387b87f3a938587a208c2883a4225014b67b170c35b7a1bd3dce700aa29c60,38127,13,,,,corpus AU_corpus_2026-09-19: from AU_ws_2026-09-15,,2003-09-23,,InForce
0.2.0,,au-leica2006-001,AU,https://www.legislation.gov.au/C2006A00086/asmade/2006-06-13/text/original/pdf,2026-09-15T15:21:25Z,pdf_native,false,raw/au/law_enforcement_integrity_commissioner_consequential_amendments_act_2006/20260915T1521Z__native.pdf,Law Enforcement Integrity Commissioner (Consequential Amendments) Act 2006,"No. 86, 2006",,,requests,200,raw/au/law_enforcement_integrity_commissioner_consequential_amendments_act_2006/20260915T1521Z__native.pdf.headers.json,application/pdf,632460493b3eb79f10a35a74bd7fd790a087914838c45df391a57ce555ca26de,78155,32,,,,corpus AU_corpus_2026-09-19: from AU_ws_2026-09-15,,2006-06-30,,InForce
0.2.0,,au-ucha20185e9b-001,AU,https://www.legislation.gov.au/C2018A00086/asmade/2018-08-24/text/original/pdf,2026-09-15T16:20:25Z,pdf_native,false,raw/au/underwater_cultural_heritage_consequential_and_transitional_provisions_act_2018/20260915T1620Z__native.pdf,Underwater Cultural Heritage (Consequential and Transitional Provisions) Act 2018,"No. 86, 2018",,,requests,200,raw/au/underwater_cultural_heritage_consequential_and_transitional_provisions_act_2018/20260915T1620Z__native.pdf.headers.json,application/pdf,a7c90fa9879966d0f8ab9c183106fb3772a29c76e7f901f7422e04278e40653f,805934,14,,,,corpus AU_corpus_2026-09-19: from AU_ws_2026-09-15,,2018-08-24,,InForce
0.2.0,,au-pwssaa2024-001,AU,https://www.legislation.gov.au/C2024A00086/asmade/2024-09-17/text/original/pdf,2026-09-15T16:45:08Z,pdf_native,false,raw/au/parliamentary_workplace_support_service_amendment_independent_parliamentary_standards_commission_act_2024/20260915T1645Z__native.pdf,Parliamentary Workplace Support Service Amendment (Independent Parliamentary Standards Commission) Act 2024,"No. 86, 2024",,,requests,200,raw/au/parliamentary_workplace_support_service_amendment_independent_parliamentary_standards_commission_act_2024/20260915T1645Z__native.pdf.headers.json,application/pdf,cd0791170c6e3320f2dbf6ee6afbd7f367741cf1b11387c75d16262fb06c47e1,506171,102,,,,corpus AU_corpus_2026-09-19: from AU_ws_2026-09-15,,2024-09-17,,InForce
0.2.0,,au-dfrba1961-001,AU,https://www.legislation.gov.au/C1961A00087/asmade/1997-02-19/text/original/pdf,2026-09-15T12:58:57Z,pdf_native,false,raw/au/defence_forces_retirement_benefits_pension_increases_act_1961/20260915T1258Z__native.pdf,Defence Forces Retirement Benefits (Pension Increases) Act 1961,"No. 87, 1961",,,requests,200,raw/au/defence_forces_retirement_benefits_pension_increases_act_1961/20260915T1258Z__native.pdf.headers.json,application/pdf,1bdfc3263d2eff387bb8c07f07d1a411a257b1995f9620d7f90e0728f53d0b53,883667,15,,,,corpus AU_corpus_2026-09-19: from AU_ws_2026-09-15,,1961-10-27,,InForce
0.2.0,,au-psa1976-001,AU,https://www.legislation.gov.au/C2004A01518/asmade/2015-07-01/text/original/pdf,2026-09-15T13:53:09Z,pdf_native,false,raw/au/psychotropic_substances_act_1976/20260915T1353Z__native.pdf,Psychotropic Substances Act 1976,"No. 87, 1976",,,requests,200,raw/au/psychotropic_substances_act_1976/20260915T1353Z__native.pdf.headers.json,application/pdf,cccf20b6b4317292d98f00ce6e41be1c41f5c54e710683b18c358ed3a4e05b1e,494274,21,,,,corpus AU_corpus_2026-09-19: from AU_ws_2026-09-15,,1976-08-25,,InForce
0.2.0,,au-pca1987-001,AU,https://www.legislation.gov.au/C2004A03496/2018-05-11/2018-05-11/text/original/epub,2026-09-15T14:25:08Z,html,,raw/au/proceeds_of_crime_act_1987/20260915T1425Z__page.html,Proceeds of Crime Act 1987,"No. 87, 1987",,,requests,200,raw/au/proceeds_of_crime_act_1987/20260915T1425Z__page.html.headers.json,text/html,e5c6e59c5a341ff8e395d6370f76046725144860f20f52116c854f6f444fcfbb,737920,,,,,corpus AU_corpus_2026-09-19: from AU_ws_2026-09-15,,1987-06-05,,InForce
0.2.0,,au-ira1988-001,AU,https://www.legislation.gov.au/C2004A03680/asmade/1998-08-31/text/original/pdf,2026-09-15T14:29:40Z,pdf_native,false,raw/au/industrial_relations_consequential_provisions_act_1988/20260915T1429Z__native.pdf,Industrial Relations (Consequential Provisions) Act 1988,"No. 87, 1988",,,requests,200,raw/au/industrial_relations_consequential_provisions_act_1988/20260915T1429Z__native.pdf.headers.json,application/pdf,59bb80c1e2c6c286d999a3c969fd59dc3d8dbff63be54d9f9df5be0749a637d7,2875912,52,,,,corpus AU_corpus_2026-09-19: from AU_ws_2026-09-15,,1988-11-08,,InForce
0.2.0,,au-nbtstia2000-001,AU,https://www.legislation.gov.au/C2004A00681/asmade/2000-06-30/text/original/pdf,2026-09-15T13:31:38Z,pdf_native,false,raw/au/new_business_tax_system_alienated_personal_services_income_tax_imposition_act_no_1_2000/20260915T1331Z__native.pdf,New Business Tax System (Alienated Personal Services Income) Tax Imposition Act (No. 1) 2000,"No. 87, 2000",,,requests,200,raw/au/new_business_tax_system_alienated_personal_services_income_tax_imposition_act_no_1_2000/20260915T1331Z__native.pdf.headers.json,application/pdf,e48832bc5c9908106e28388b5c1f1a4147c6241292edd234a9936d3603baf3f2,19870,6,,,,corpus AU_corpus_2026-09-19: from AU_ws_2026-09-15,,2000-06-30,,InForce
0.2.0,,au-nhaa2012-001,AU,https://www.legislation.gov.au/C2012A00087/asmade/2012-06-28/text/original/pdf,2026-09-15T15:52:54Z,pdf_native,false,raw/au/national_health_amendment_pharmaceutical_benefits_scheme_act_2012/20260915T1552Z__native.pdf,National Health Amendment (Pharmaceutical Benefits Scheme) Act 2012,"No. 87, 2012",,,requests,200,raw/au/national_health_amendment_pharmaceutical_benefits_scheme_act_2012/20260915T1552Z__native.pdf.headers.json,application/pdf,3787f3c068611b866bd50305e8a1d7cd4314cb064e9de58b2ab2c1581a800bdb,444891,47,,,,corpus AU_corpus_2026-09-19: from AU_ws_2026-09-15,,2012-06-28,,InForce
0.2.0,,au-sia2013-001,AU,https://www.legislation.gov.au/C2013A00087/asmade/2013-06-28/text/original/pdf,2026-09-15T16:00:49Z,pdf_native,false,raw/au/superannuation_sustaining_the_superannuation_contribution_concession_imposition_act_2013/20260915T1600Z__native.pdf,Superannuation (Sustaining the Superannuation Contribution Concession) Imposition Act 2013,"No. 87, 2013",,,requests,200,raw/au/superannuation_sustaining_the_superannuation_contribution_concession_imposition_act_2013/20260915T1600Z__native.pdf.headers.json,application/pdf,f36995597980d27584d3228b491eaad65da9f06506ab7e1a435940dd3c68f783,365393,7,,,,corpus AU_corpus_2026-09-19: from AU_ws_2026-09-15,,2013-06-28,,InForce
0.2.0,,au-phia2015bd80-001,AU,https://www.legislation.gov.au/C2015A00087/asmade/2015-06-26/text/original/pdf,2026-09-15T16:08:43Z,pdf_native,false,raw/au/private_health_insurance_prudential_supervision_consequential_amendments_and_transitional_provisions_act_2015/20260915T1608Z__native.pdf,Private Health Insurance (Prudential Supervision) (Consequential Amendments and Transitional Provisions) Act 2015,"No. 87, 2015",,,requests,200,raw/au/private_health_insurance_prudential_supervision_consequential_amendments_and_transitional_provisions_act_2015/20260915T1608Z__native.pdf.headers.json,application/pdf,2abca38264697de32e1cd9edec6837cd9e30613486e070dcba0c07db87463e45,1239297,73,,,,corpus AU_corpus_2026-09-19: from AU_ws_2026-09-15,,2015-06-26,,InForce
0.2.0,,au-fsca2022-001,AU,https://www.legislation.gov.au/C2016A00087/2023-10-18/2023-10-18/text/original/epub,2026-09-15T16:14:44Z,html,,raw/au/federal_safety_commissioner_act_2022/20260915T1614Z__page.html,Federal Safety Commissioner Act 2022,"No. 87, 2016",,,requests,200,raw/au/federal_safety_commissioner_act_2022/20260915T1614Z__page.html.headers.json,text/html,e0cd3a5035e7333168eb53c0d53347e5f3abd3a89da37679d2e70af2fa6fa82f,258227,,,,,corpus AU_corpus_2026-09-19: from AU_ws_2026-09-15,,2016-12-01,,InForce
0.2.0,,au-csa1993-001,AU,https://www.legislation.gov.au/C2004A04643/2018-03-30/2018-03-30/text/original/epub,2026-09-15T14:52:49Z,html,,raw/au/csl_sale_act_1993/20260915T1452Z__page.html,CSL Sale Act 1993,"No. 88, 1993",,,requests,200,raw/au/csl_sale_act_1993/20260915T1452Z__page.html.headers.json,text/html,2fb3443fac020b3e576eb9ab859f8379d1f8c7fc799043e15949e3b2d36a7c31,148163,,,,,corpus AU_corpus_2026-09-19: from AU_ws_2026-09-15,,1993-11-30,,InForce
0.2.0,,au-cpra1995-001,AU,https://www.legislation.gov.au/C2004A04938/asmade/1995-07-20/text/original/pdf,2026-09-15T15:01:12Z,pdf_native,false,raw/au/competition_policy_reform_act_1995/20260915T1501Z__native.pdf,Competition Policy Reform Act 1995,"No. 88, 1995",,,requests,200,raw/au/competition_policy_reform_act_1995/20260915T1501Z__native.pdf.headers.json,application/pdf,15dcd138c486cd43b4f72e7d8480c0afca996b265f66978967f38769c78fef73,5099998,112,,,,corpus AU_corpus_2026-09-19: from AU_ws_2026-09-15,,1995-07-20,,InForce
0.2.0,,au-nbtstia20008e9e-001,AU,https://www.legislation.gov.au/C2004A00682/asmade/2000-06-30/text/original/pdf,2026-09-15T13:31:51Z,pdf_native,false,raw/au/new_business_tax_system_alienated_personal_services_income_tax_imposition_act_no_2_2000/20260915T1331Z__native.pdf,New Business Tax System (Alienated Personal Services Income) Tax Imposition Act (No. 2) 2000,"No. 88, 2000",,,requests,200,raw/au/new_business_tax_system_alienated_personal_services_income_tax_imposition_act_no_2_2000/20260915T1331Z__native.pdf.headers.json,application/pdf,50187dcbe57ecd7ee6ede407bbc993450f09ff6306fd37e19ed7531bba2e05d1,19220,6,,,,corpus AU_corpus_2026-09-19: from AU_ws_2026-09-15,,2000-06-30,,InForce
0.2.0,,au-dncra2006-001,AU,https://www.legislation.gov.au/C2006A00088/2021-09-01/2021-09-01/text/original/epub,2026-09-15T15:21:40Z,html,,raw/au/do_not_call_register_act_2006/20260915T1521Z__page.html,Do Not Call Register Act 2006,"No. 88, 2006",,,requests,200,raw/au/do_not_call_register_act_2006/20260915T1521Z__page.html.headers.json,text/html,ee6b49a9de322fa94003789c98a0e69224b8d08a192db123ce284cc6035eee35,375806,,,,,corpus AU_corpus_2026-09-19: from AU_ws_2026-09-15,,2006-06-30,,InForce
0.2.0,,au-nacca2022-001,AU,https://www.legislation.gov.au/C2022A00088/2026-07-01/2026-07-01/text/original/epub,2026-09-15T16:35:23Z,html,,raw/au/national_anti_corruption_commission_act_2022/20260915T1635Z__page.html,National Anti-Corruption Commission Act 2022,"No. 88, 2022",,,requests,200,raw/au/national_anti_corruption_commission_act_2022/20260915T1635Z__page.html.headers.json,text/html,7cc4b04580706422478300bf4da3d160326dd75fef7d7e2bf28e3dc95083d3cf,1125141,,,,,corpus AU_corpus_2026-09-19: from AU_ws_2026-09-15,,2022-12-12,,InForce
0.2.0,,au-pcsa1948-001,AU,https://www.legislation.gov.au/C1948A00089/2026-07-01/2026-07-01/text/original/epub,2026-09-15T12:49:15Z,html,,raw/au/parliamentary_contributory_superannuation_act_1948/20260915T1249Z__page.html,Parliamentary Contributory Superannuation Act 1948,"No. 89, 1948",,,requests,200,raw/au/parliamentary_contributory_superannuation_act_1948/20260915T1249Z__page.html.headers.json,text/html,6f56e4a4fa3927aecfd8c4d96e7d3ddb631e12e6d0f7a6507a28a7c570bf7206,843648,,,,,corpus AU_corpus_2026-09-19: from AU_ws_2026-09-15,,1948-12-21,,InForce
0.2.0,,au-pnga1957-001,AU,https://www.legislation.gov.au/C1957A00089/asmade/1987-06-05/text/original/pdf,2026-09-15T12:54:08Z,pdf_native,false,raw/au/papua_new_guinea_members_of_the_forces_benefits_act_1957/20260915T1254Z__native.pdf,Papua New Guinea (Members of the Forces Benefits) Act 1957,"No. 89, 1957",,,requests,200,raw/au/papua_new_guinea_members_of_the_forces_benefits_act_1957/20260915T1254Z__native.pdf.headers.json,application/pdf,d391da11f710104ea6294b2fbfd1ff17bc27ddcedec52dfbd6083dbf8354203e,334233,4,,,,corpus AU_corpus_2026-09-19: from AU_ws_2026-09-15; flags as_made_short_act,,1957-12-12,,InForce
0.2.0,,au-hcja1979-001,AU,https://www.legislation.gov.au/C2004A02099/asmade/2008-12-10/text/original/pdf,2026-09-15T14:00:14Z,pdf_native,false,raw/au/high_court_justices_long_leave_payments_act_1979/20260915T1400Z__native.pdf,High Court Justices (Long Leave Payments) Act 1979,"No. 89, 1979",,,requests,200,raw/au/high_court_justices_long_leave_payments_act_1979/20260915T1400Z__native.pdf.headers.json,application/pdf,1ded7bf27331f855c33b2055eb6662b4b97f4b6e494b9ecc94daa1c025595369,67762,2,,,,corpus AU_corpus_2026-09-19: from AU_ws_2026-09-15; flags as_made_short_act,,1979-08-31,,InForce
0.2.0,,au-irda1986-001,AU,https://www.legislation.gov.au/C2004A03330/2025-02-21/2025-02-21/text/original/epub,2026-09-15T14:20:23Z,html,,raw/au/industry_research_and_development_act_1986/20260915T1420Z__page.html,Industry Research and Development Act 1986,"No. 89, 1986",,,requests,200,raw/au/industry_research_and_development_act_1986/20260915T1420Z__page.html.headers.json,text/html,9741c94f9e2b775c28c291f55f95645744d84874aae4d388af53a30cadad0353,487679,,,,,corpus AU_corpus_2026-09-19: from AU_ws_2026-09-15,,1986-06-25,,InForce
0.2.0,,au-nacca2022eb2a-001,AU,https://www.legislation.gov.au/C2022A00089/2023-07-01/2023-07-01/text/original/epub,2026-09-15T16:35:37Z,html,,raw/au/national_anti_corruption_commission_consequential_and_transitional_provisions_act_2022/20260915T1635Z__page.html,National Anti-Corruption Commission (Consequential and Transitional Provisions) Act 2022,"No. 89, 2022",,,requests,200,raw/au/national_anti_corruption_commission_consequential_and_transitional_provisions_act_2022/20260915T1635Z__page.html.headers.json,text/html,13376a0867543cec4e584044725cf3d6d4a6b27c759fd99136f6d97ad7e027bc,362339,,,,,corpus AU_corpus_2026-09-19: from AU_ws_2026-09-15,,2022-12-12,,InForce
0.2.0,,au-hesaa2023-001,AU,https://www.legislation.gov.au/C2023A00089/asmade/2023-11-06/text/original/pdf,2026-09-15T16:39:35Z,pdf_native,false,raw/au/higher_education_support_amendment_response_to_the_australian_universities_accord_interim_report_act_2023/20260915T1639Z__native.pdf,Higher Education Support Amendment (Response to the Australian Universities Accord Interim Report) Act 2023,"No. 89, 2023",,,requests,200,raw/au/higher_education_support_amendment_response_to_the_australian_universities_accord_interim_report_act_2023/20260915T1639Z__native.pdf.headers.json,application/pdf,f7ca633c4232e7fad29ea4544664440f6f4863e8135a8cf5e55a8c9c9f5aabf5,746023,10,,,,corpus AU_corpus_2026-09-19: from AU_ws_2026-09-15,,2023-11-06,,InForce
0.2.0,,au-ea1901-001,AU,https://www.legislation.gov.au/C1901A00009/2026-08-27/2026-08-27/text/original/epub,2026-09-15T12:37:45Z,html,,raw/au/excise_act_1901/20260915T1237Z__page.html,Excise Act 1901,"No. 9, 1901",,,requests,200,raw/au/excise_act_1901/20260915T1237Z__page.html.headers.json,text/html,3b01300ca794bf28fa2ae0a71ba69790d011e736036d89f6c98cc754b011b1cc,1375893,,,,,corpus AU_corpus_2026-09-19: from AU_ws_2026-09-15,,1901-10-05,,InForce
0.2.0,,au-aciara1982-001,AU,https://www.legislation.gov.au/C2004A02568/2026-03-27/2026-03-27/text/original/epub,2026-09-15T14:08:57Z,html,,raw/au/australian_centre_for_international_agricultural_research_act_1982/20260915T1408Z__page.html,Australian Centre for International Agricultural Research Act 1982,"No. 9, 1982",,,requests,200,raw/au/australian_centre_for_international_agricultural_research_act_1982/20260915T1408Z__page.html.headers.json,text/html,57f1260d189aae5bbf40d0ccf1d518bd94ba16fa956bb395ca0d0c8b1fd3343a,210582,,,,,corpus AU_corpus_2026-09-19: from AU_ws_2026-09-15,,1982-03-30,,InForce
0.2.0,,au-trtaa1985-001,AU,https://www.legislation.gov.au/C2004A03048/2016-10-21/2016-10-21/text/original/epub,2026-09-15T14:15:59Z,html,,raw/au/trust_recoupment_tax_assessment_act_1985/20260915T1415Z__page.html,Trust Recoupment Tax Assessment Act 1985,"No. 9, 1985",,,requests,200,raw/au/trust_recoupment_tax_assessment_act_1985/20260915T1415Z__page.html.headers.json,text/html,861f5d86a3719e038d3ad294c1a9ba73f5f172448dc37ea45ef81cfbdb91a16b,179950,,,,,corpus AU_corpus_2026-09-19: from AU_ws_2026-09-15,,1985-04-05,,InForce
0.2.0,,au-ppa1988-001,AU,https://www.legislation.gov.au/C2004A03602/asmade/2004-07-01/text/original/pdf,2026-09-15T14:27:32Z,pdf_native,false,raw/au/parliamentary_precincts_act_1988/20260915T1427Z__native.pdf,Parliamentary Precincts Act 1988,"No. 9, 1988",,,requests,200,raw/au/parliamentary_precincts_act_1988/20260915T1427Z__native.pdf.headers.json,application/pdf,9f28d5fa901cc63448db3ab6d1ef9934c720fc4047f0355c504105e69305b9f4,496754,8,,,,corpus AU_corpus_2026-09-19: from AU_ws_2026-09-15,,1988-04-05,,InForce
0.2.0,,au-pa2003-001,AU,https://www.legislation.gov.au/C2004A01094/2019-08-30/2019-08-30/text/original/epub,2026-09-15T13:42:28Z,html,,raw/au/petroleum_timor_sea_treaty_act_2003/20260915T1342Z__page.html,Petroleum (Timor Sea Treaty) Act 2003,"No. 9, 2003",,,requests,200,raw/au/petroleum_timor_sea_treaty_act_2003/20260915T1342Z__page.html.headers.json,text/html,084be6c7363b6b15c5c5bf69d71d8db6a300502dc2ba400363ab52005de7a93f,58822,,,,,corpus AU_corpus_2026-09-19: from AU_ws_2026-09-15,,2003-04-02,,InForce
0.2.0,,au-atsa2004eeb4-001,AU,https://www.legislation.gov.au/C2004A01243/2005-03-10/2005-03-10/text/original/epub,2026-09-15T13:47:26Z,html,,raw/au/aviation_transport_security_consequential_amendments_and_transitional_provisions_act_2004/20260915T1347Z__page.html,Aviation Transport Security (Consequential Amendments and Transitional Provisions) Act 2004,"No. 9, 2004",,,requests,200,raw/au/aviation_transport_security_consequential_amendments_and_transitional_provisions_act_2004/20260915T1347Z__page.html.headers.json,text/html,44c903a5acf8d03b471ba50ad3517d750feeec07e82b1077de393b9632135292,33893,,,,,corpus AU_corpus_2026-09-19: from AU_ws_2026-09-15,,2004-03-10,,InForce
0.2.0,,au-nhra2011-001,AU,https://www.legislation.gov.au/C2011A00009/2025-11-01/2025-11-01/text/original/epub,2026-09-15T15:41:57Z,html,,raw/au/national_health_reform_act_2011/20260915T1541Z__page.html,National Health Reform Act 2011,"No. 9, 2011",,,requests,200,raw/au/national_health_reform_act_2011/20260915T1541Z__page.html.headers.json,text/html,34b196d5c2a6dec51bef75a6181013a50abf65ec1867be12b00e98d01e5f15db,963956,,,,,corpus AU_corpus_2026-09-19: from AU_ws_2026-09-15,,2011-04-08,,InForce
0.2.0,,au-esoslaa2012-001,AU,https://www.legislation.gov.au/C2012A00009/2012-07-01/2012-07-01/text/original/epub,2026-09-15T15:49:19Z,html,,raw/au/education_services_for_overseas_students_legislation_amendment_tuition_protection_service_and_other_measures_act_2012/20260915T1549Z__page.html,Education Services for Overseas Students Legislation Amendment (Tuition Protection Service and Other Measures) Act 2012,"No. 9, 2012",,,requests,200,raw/au/education_services_for_overseas_students_legislation_amendment_tuition_protection_service_and_other_measures_act_2012/20260915T1549Z__page.html.headers.json,text/html,cf5afb53729ce96f6a97cb5a4ca57ee92ace0883c45ec3187bbd9310c366cb00,455174,,,,,corpus AU_corpus_2026-09-19: from AU_ws_2026-09-15,,2012-03-20,,InForce
0.2.0,,au-hwla2017-001,AU,https://www.legislation.gov.au/C2017A00009/asmade/2017-02-22/text/original/pdf,2026-09-15T16:16:01Z,pdf_native,false,raw/au/hazardous_waste_regulation_of_exports_and_imports_levy_act_2017/20260915T1616Z__native.pdf,Hazardous Waste (Regulation of Exports and Imports) Levy Act 2017,"No. 9, 2017",,,requests,200,raw/au/hazardous_waste_regulation_of_exports_and_imports_levy_act_2017/20260915T1616Z__native.pdf.headers.json,application/pdf,5667dcd485823668c6a87cf1087d746147b654ca6cf2c0fcc4a00175b2bd462e,564420,10,,,,corpus AU_corpus_2026-09-19: from AU_ws_2026-09-15,,2017-02-22,,InForce
0.2.0,,au-sia2026-001,AU,https://www.legislation.gov.au/C2026A00009/asmade/2026-03-13/text/original/pdf,2026-09-15T16:54:21Z,pdf_native,false,raw/au/superannuation_building_a_stronger_and_fairer_super_system_imposition_act_2026/20260915T1654Z__native.pdf,Superannuation (Building a Stronger and Fairer Super System) Imposition Act 2026,"No. 9, 2026",,,requests,200,raw/au/superannuation_building_a_stronger_and_fairer_super_system_imposition_act_2026/20260915T1654Z__native.pdf.headers.json,application/pdf,1c9db9df86d9336f554b14753e4bf09a53b70a2f619b5fc08d8e3768b3eba5e5,228495,7,,,,corpus AU_corpus_2026-09-19: from AU_ws_2026-09-15,,2026-03-13,,InForce
0.2.0,,au-sa1967-001,AU,https://www.legislation.gov.au/C1967A00090/asmade/2011-09-16/text/original/pdf,2026-09-15T13:02:41Z,pdf_native,false,raw/au/superannuation_pension_increases_act_1967/20260915T1302Z__native.pdf,Superannuation (Pension Increases) Act 1967,"No. 90, 1967",,,playwright,200,raw/au/superannuation_pension_increases_act_1967/20260915T1302Z__native.pdf.headers.json,application/pdf,934c47508ad92fc37b5e628c70e1e7ee427613e1fc97b2df899f690a8f38f853,725406,8,,,,corpus AU_corpus_2026-09-19: from AU_ws_2026-09-15,,1967-11-08,,InForce
0.2.0,,au-raaa1974-001,AU,https://www.legislation.gov.au/C2004A00148/asmade/1974-10-31/text/original/pdf,2026-09-15T13:15:32Z,pdf_native,false,raw/au/repatriation_acts_amendment_act_1974/20260915T1315Z__native.pdf,Repatriation Acts Amendment Act 1974,"No. 90, 1974",,,requests,200,raw/au/repatriation_acts_amendment_act_1974/20260915T1315Z__native.pdf.headers.json,application/pdf,bc9fb2c07c66bd030955139537ddee18a21642db2aaca189e587d51a7a91f183,386050,20,,,,corpus AU_corpus_2026-09-19: from AU_ws_2026-09-15,,1974-10-31,,InForce
0.2.0,,au-la1976755d-001,AU,https://www.legislation.gov.au/C2004A01521/asmade/1976-09-20/text/original/pdf,2026-09-15T13:53:20Z,pdf_native,false,raw/au/loan_act_no_3_1976/20260915T1353Z__native.pdf,Loan Act (No. 3) 1976,"No. 90, 1976",,,requests,200,raw/au/loan_act_no_3_1976/20260915T1353Z__native.pdf.headers.json,application/pdf,24f9416982d7f469bcde1d54902f2306070f33897ffb8020ffb851eab3d094f7,53867,1,,,,corpus AU_corpus_2026-09-19: from AU_ws_2026-09-15; flags as_made_short_act,,1976-09-20,,InForce
0.2.0,,au-ifada1977-001,AU,https://www.legislation.gov.au/C2004A01728/asmade/1977-09-08/text/original/pdf,2026-09-15T13:56:00Z,pdf_native,false,raw/au/international_fund_for_agricultural_development_act_1977/20260915T1356Z__native.pdf,International Fund for Agricultural Development Act 1977,"No. 90, 1977",,,requests,200,raw/au/international_fund_for_agricultural_development_act_1977/20260915T1356Z__native.pdf.headers.json,application/pdf,b429eeb32fe6caf756c2c1105a2d04434d7287e03dc94ed7ac2114ad4ed35873,1128372,36,,,,corpus AU_corpus_2026-09-19: from AU_ws_2026-09-15,,1977-09-08,,InForce
0.2.0,,au-ja1979-001,AU,https://www.legislation.gov.au/C2004A02100/2021-09-01/2021-09-01/text/original/epub,2026-09-15T14:00:25Z,html,,raw/au/judges_long_leave_payments_act_1979/20260915T1400Z__page.html,Judges (Long Leave Payments) Act 1979,"No. 90, 1979",,,requests,200,raw/au/judges_long_leave_payments_act_1979/20260915T1400Z__page.html.headers.json,text/html,fd3cc813a103cf735b706a8d4e74835fac3c9b7ced1eac5f8bd29de8b32fd963,54884,,,,,corpus AU_corpus_2026-09-19: from AU_ws_2026-09-15,,1979-08-31,,InForce
0.2.0,,au-anmma1990-001,AU,https://www.legislation.gov.au/C2004A04021/2021-05-01/2021-05-01/text/original/epub,2026-09-15T14:36:37Z,html,,raw/au/australian_national_maritime_museum_act_1990/20260915T1436Z__page.html,Australian National Maritime Museum Act 1990,"No. 90, 1990",,,requests,200,raw/au/australian_national_maritime_museum_act_1990/20260915T1436Z__page.html.headers.json,text/html,58a35eb0186fb543bd6ffeb89dc72a76cabf6ffcdf588379380c2688685cbf1d,192874,,,,,corpus AU_corpus_2026-09-19: from AU_ws_2026-09-15,,1990-11-20,,InForce
0.2.0,,au-ipca2001-001,AU,https://www.legislation.gov.au/C2004A00857/2016-07-01/2016-07-01/text/original/epub,2026-09-15T13:38:19Z,html,,raw/au/import_processing_charges_act_2001/20260915T1338Z__page.html,Import Processing Charges Act 2001,"No. 90, 2001",,,requests,200,raw/au/import_processing_charges_act_2001/20260915T1338Z__page.html.headers.json,text/html,1b2d6678b8f99bd4d98a0b2fa59d666ec25366fbdfb95c3a8dd335fe298d7e69,48594,,,,,corpus AU_corpus_2026-09-19: from AU_ws_2026-09-15,,2001-07-18,,InForce
0.2.0,,au-opsgga2014-001,AU,https://www.legislation.gov.au/C2014A00090/2015-04-14/2015-04-14/text/original/epub,2026-09-15T16:05:44Z,html,,raw/au/ozone_protection_and_synthetic_greenhouse_gas_import_levy_transitional_provisions_act_2014/20260915T1605Z__page.html,Ozone Protection and Synthetic Greenhouse Gas (Import Levy) (Transitional Provisions) Act 2014,"No. 90, 2014",,,requests,200,raw/au/ozone_protection_and_synthetic_greenhouse_gas_import_levy_transitional_provisions_act_2014/20260915T1605Z__page.html.headers.json,text/html,cd6021fa00c99c5252c84bddd9b03e81937476c32159f1dfa5cc9cfbf32efa5a,40154,,,,,corpus AU_corpus_2026-09-19: from AU_ws_2026-09-15,,2014-07-17,,InForce
0.2.0,,au-pofra2017-001,AU,https://www.legislation.gov.au/C2017A00090/2026-07-01/2026-07-01/text/original/epub,2026-09-15T16:17:42Z,html,,raw/au/petroleum_and_other_fuels_reporting_act_2017/20260915T1617Z__page.html,Petroleum and Other Fuels Reporting Act 2017,"No. 90, 2017",,,requests,200,raw/au/petroleum_and_other_fuels_reporting_act_2017/20260915T1617Z__page.html.headers.json,text/html,5ab87ddbad4bdb0ffb8701166e6d49883f7de3f53c6b0badb58096e38248eeb9,225623,,,,,corpus AU_corpus_2026-09-19: from AU_ws_2026-09-15,,2017-08-23,,InForce
0.2.0,,au-drfa2019-001,AU,https://www.legislation.gov.au/C2019A00090/2024-07-06/2024-07-06/text/original/epub,2026-09-15T16:25:37Z,html,,raw/au/disaster_ready_fund_act_2019/20260915T1625Z__page.html,Disaster Ready Fund Act 2019,"No. 90, 2019",,,requests,200,raw/au/disaster_ready_fund_act_2019/20260915T1625Z__page.html.headers.json,text/html,604af5d0bce4da160f9f7cd85a88fffdd73f4db815730a196a694730c6b8879e,277759,,,,,corpus AU_corpus_2026-09-19: from AU_ws_2026-09-15,,2019-10-28,,InForce
0.2.0,,au-iloa1947-001,AU,https://www.legislation.gov.au/C1947A00091/asmade/1947-12-11/text/original/pdf,2026-09-15T12:48:24Z,pdf_native,false,raw/au/international_labour_organisation_act_1947/20260915T1248Z__native.pdf,International Labour Organisation Act 1947,"No. 91, 1947",,,requests,200,raw/au/international_labour_organisation_act_1947/20260915T1248Z__native.pdf.headers.json,application/pdf,41a9f6d4617b19ff2f52a6fd318463e39459224cd00edc754ebde383f28b4511,1298195,13,,,,corpus AU_corpus_2026-09-19: from AU_ws_2026-09-15,,1947-12-11,,InForce
0.2.0,,au-loa1964-001,AU,https://www.legislation.gov.au/C1964A00091/2024-10-14/2024-10-14/text/original/epub,2026-09-15T13:00:13Z,html,,raw/au/law_officers_act_1964/20260915T1300Z__page.html,Law Officers Act 1964,"No. 91, 1964",,,requests,200,raw/au/law_officers_act_1964/20260915T1300Z__page.html.headers.json,text/html,18f67606c3a7a1568670620bdac05b899669f86ee11e6ca7f0622701b549c496,111383,,,,,corpus AU_corpus_2026-09-19: from AU_ws_2026-09-15,,1964-11-05,,InForce
0.2.0,,au-dfrba1967-001,AU,https://www.legislation.gov.au/C1967A00091/asmade/2014-07-01/text/original/pdf,2026-09-15T13:02:52Z,pdf_native,false,raw/au/defence_forces_retirement_benefits_pension_increases_act_1967/20260915T1302Z__native.pdf,Defence Forces Retirement Benefits (Pension Increases) Act 1967,"No. 91, 1967",,,requests,200,raw/au/defence_forces_retirement_benefits_pension_increases_act_1967/20260915T1302Z__native.pdf.headers.json,application/pdf,4698fdabe052ab53c50cc1dc039e2c4b0065181dd0e530f3f1e371fa6471a0b8,777090,8,,,,corpus AU_corpus_2026-09-19: from AU_ws_2026-09-15,,1967-11-08,,InForce
0.2.0,,au-la1972-001,AU,https://www.legislation.gov.au/C1972A00091/asmade/1972-10-18/text/original/pdf,2026-09-15T13:08:41Z,pdf_native,false,raw/au/loan_war_service_land_settlement_act_1972/20260915T1308Z__native.pdf,Loan (War Service Land Settlement) Act 1972,"No. 91, 1972",,,requests,200,raw/au/loan_war_service_land_settlement_act_1972/20260915T1308Z__native.pdf.headers.json,application/pdf,77949f750d93dfd05f7547e30084f0a90300d8c0eb851f85d6a3ef604ca2ebdc,66090,1,,,,corpus AU_corpus_2026-09-19: from AU_ws_2026-09-15; flags as_made_short_act,,1972-10-18,,InForce
0.2.0,,au-wgea2012-001,AU,https://www.legislation.gov.au/C2004A03332/2025-04-04/2025-04-04/text/original/epub,2026-09-15T14:20:38Z,html,,raw/au/workplace_gender_equality_act_2012/20260915T1420Z__page.html,Workplace Gender Equality Act 2012,"No. 91, 1986",,,requests,200,raw/au/workplace_gender_equality_act_2012/20260915T1420Z__page.html.headers.json,text/html,5c0db6366b7a3204406c9f815b9b0b8b10276c82e2c1feb5822b5498045286d3,281196,,,,,corpus AU_corpus_2026-09-19: from AU_ws_2026-09-15,,1986-09-03,,InForce
0.2.0,,au-epbca1999-001,AU,https://www.legislation.gov.au/C2004A00485/2026-08-24/2026-08-24/text/original/epub,2026-09-15T13:26:30Z,html,,raw/au/environment_protection_and_biodiversity_conservation_act_1999/20260915T1326Z__page.html,Environment Protection and Biodiversity Conservation Act 1999,"No. 91, 1999",,,requests,200,raw/au/environment_protection_and_biodiversity_conservation_act_1999/20260915T1326Z__page.html.headers.json,text/html,9df56a5e90e19e2165f11e49ddd2259d9779b78ef21f126fcc2e3a8ce4700c32,6323346,,,,,corpus AU_corpus_2026-09-19: from AU_ws_2026-09-15,,1999-07-16,,InForce
0.2.0,,au-iimea2013-001,AU,https://www.legislation.gov.au/C2013A00091/asmade/2013-06-28/text/original/pdf,2026-09-15T16:01:03Z,pdf_native,false,raw/au/international_interests_in_mobile_equipment_cape_town_convention_act_2013/20260915T1601Z__native.pdf,International Interests in Mobile Equipment (Cape Town Convention) Act 2013,"No. 91, 2013",,,requests,200,raw/au/international_interests_in_mobile_equipment_cape_town_convention_act_2013/20260915T1601Z__native.pdf.headers.json,application/pdf,0b34f8dea793eb353598e64f413adc24456f62cd24e83e9d567a36ca5f8cb510,516685,9,,,,corpus AU_corpus_2026-09-19: from AU_ws_2026-09-15,,2013-06-28,,InForce
0.2.0,,au-ptra2020-001,AU,https://www.legislation.gov.au/C2020A00091/2025-02-21/2025-02-21/text/original/epub,2026-09-15T16:28:41Z,html,,raw/au/payment_times_reporting_act_2020/20260915T1628Z__page.html,Payment Times Reporting Act 2020,"No. 91, 2020",,,requests,200,raw/au/payment_times_reporting_act_2020/20260915T1628Z__page.html.headers.json,text/html,61f75589e2256d9ee298d304995e20476b577bae1715b43f6a406861f351f110,443642,,,,,corpus AU_corpus_2026-09-19: from AU_ws_2026-09-15,,2020-10-14,,InForce
0.2.0,,au-annpsa2024-001,AU,https://www.legislation.gov.au/C2024A00091/2025-11-01/2025-11-01/text/original/epub,2026-09-15T16:45:22Z,html,,raw/au/australian_naval_nuclear_power_safety_act_2024/20260915T1645Z__page.html,Australian Naval Nuclear Power Safety Act 2024,"No. 91, 2024",,,requests,200,raw/au/australian_naval_nuclear_power_safety_act_2024/20260915T1645Z__page.html.headers.json,text/html,8aae3b12d449fe736b6a291fd198cde296ecfa66dd5b6ed2e459b90c4627a538,566821,,,,,corpus AU_corpus_2026-09-19: from AU_ws_2026-09-15,,2024-10-24,,InForce
0.2.0,,au-raafvra1953-001,AU,https://www.legislation.gov.au/C1953A00092/asmade/2014-07-01/text/original/pdf,2026-09-15T12:51:51Z,pdf_native,false,raw/au/royal_australian_air_force_veterans_residences_act_1953/20260915T1251Z__native.pdf,Royal Australian Air Force Veterans' Residences Act 1953,"No. 92, 1953",,,requests,200,raw/au/royal_australian_air_force_veterans_residences_act_1953/20260915T1251Z__native.pdf.headers.json,application/pdf,c3697e491fe0ab5805e39516e421680901aa35bdf576aa2783b315482361614a,316820,5,,,,corpus AU_corpus_2026-09-19: from AU_ws_2026-09-15,,1953-12-12,,InForce
0.2.0,,au-praa1967-001,AU,https://www.legislation.gov.au/C1967A00092/asmade/1967-11-08/text/original/pdf,2026-09-15T13:03:06Z,pdf_native,false,raw/au/parliamentary_retiring_allowances_increases_act_1967/20260915T1303Z__native.pdf,Parliamentary Retiring Allowances (Increases) Act 1967,"No. 92, 1967",,,requests,200,raw/au/parliamentary_retiring_allowances_increases_act_1967/20260915T1303Z__native.pdf.headers.json,application/pdf,915034a8addb8ad7425d230325f738d890ba8b5e281bb758b58fc0c404b2c54c,229343,3,,,,corpus AU_corpus_2026-09-19: from AU_ws_2026-09-15; flags as_made_short_act,,1967-11-08,,InForce
0.2.0,,au-pwca1969-001,AU,https://www.legislation.gov.au/C1969A00092/2017-03-22/2017-03-22/text/original/epub,2026-09-15T13:04:57Z,html,,raw/au/public_works_committee_act_1969/20260915T1304Z__page.html,Public Works Committee Act 1969,"No. 92, 1969",,,requests,200,raw/au/public_works_committee_act_1969/20260915T1304Z__page.html.headers.json,text/html,b4850a8c915aad41c1e7d9dfdfca65fb66e44adc77d837247a8654e6801d836f,180344,,,,,corpus AU_corpus_2026-09-19: from AU_ws_2026-09-15,,1969-09-27,,InForce
0.2.0,,au-fata1975-001,AU,https://www.legislation.gov.au/C2004A01402/2025-12-05/2025-12-05/text/original/epub,2026-09-15T13:51:10Z,html,,raw/au/foreign_acquisitions_and_takeovers_act_1975/20260915T1351Z__page.html,Foreign Acquisitions and Takeovers Act 1975,"No. 92, 1975",,,requests,200,raw/au/foreign_acquisitions_and_takeovers_act_1975/20260915T1351Z__page.html.headers.json,text/html,aa563093e05997f743409b140d472a8caa322625663ed9b824f489db8fd83d21,1638877,,,,,corpus AU_corpus_2026-09-19: from AU_ws_2026-09-15,,1975-08-28,,InForce
0.2.0,,au-bia1985-001,AU,https://www.legislation.gov.au/C2004A03131/2016-10-21/2016-10-21/text/original/epub,2026-09-15T14:16:12Z,html,,raw/au/building_industry_act_1985/20260915T1416Z__page.html,Building Industry Act 1985,"No. 92, 1985",,,requests,200,raw/au/building_industry_act_1985/20260915T1416Z__page.html.headers.json,text/html,3853f7e21c85b3f51a19aff11fc9bca573a001c1ac27d93425439165e7b69f7c,86383,,,,,corpus AU_corpus_2026-09-19: from AU_ws_2026-09-15,,1985-08-26,,InForce
0.2.0,,au-pcia1986-001,AU,https://www.legislation.gov.au/C2004A03333/2016-10-21/2016-10-21/text/original/epub,2026-09-15T14:20:50Z,html,,raw/au/parliamentary_commission_of_inquiry_repeal_act_1986/20260915T1420Z__page.html,Parliamentary Commission of Inquiry (Repeal) Act 1986,"No. 92, 1986",,,requests,200,raw/au/parliamentary_commission_of_inquiry_repeal_act_1986/20260915T1420Z__page.html.headers.json,text/html,a7008356aa5ea05d83ff2be4a2b6f3a0253613bcdd66c57b3d402bb11ed89f2c,43345,,,,,corpus AU_corpus_2026-09-19: from AU_ws_2026-09-15,,1986-09-25,,InForce
0.2.0,,au-actgsa1994-001,AU,https://www.legislation.gov.au/C2004A04765/2023-10-18/2023-10-18/text/original/epub,2026-09-15T14:56:31Z,html,,raw/au/australian_capital_territory_government_service_consequential_provisions_act_1994/20260915T1456Z__page.html,Australian Capital Territory Government Service (Consequential Provisions) Act 1994,"No. 92, 1994",,,requests,200,raw/au/australian_capital_territory_government_service_consequential_provisions_act_1994/20260915T1456Z__page.html.headers.json,text/html,64772e64c8c5d47d9270b244476bb8064adde0b31e7532f4c8493e68904ed9d2,78222,,,,,corpus AU_corpus_2026-09-19: from AU_ws_2026-09-15,,1994-06-29,,InForce
0.2.0,,au-era1999-001,AU,https://www.legislation.gov.au/C2004A00486/asmade/1999-07-16/text/original/pdf,2026-09-15T13:26:41Z,pdf_native,false,raw/au/environmental_reform_consequential_provisions_act_1999/20260915T1326Z__native.pdf,Environmental Reform (Consequential Provisions) Act 1999,"No. 92, 1999",,,requests,200,raw/au/environmental_reform_consequential_provisions_act_1999/20260915T1326Z__native.pdf.headers.json,application/pdf,a04e5ee771c31f44b8be591b9bbed3ce9915682356907e3f8fe826a0926b2d17,195973,85,,,,corpus AU_corpus_2026-09-19: from AU_ws_2026-09-15,,1999-07-16,,InForce
0.2.0,,au-mja2009-001,AU,https://www.legislation.gov.au/C2009A00092/asmade/2009-09-22/text/original/pdf,2026-09-15T15:35:51Z,pdf_native,false,raw/au/military_justice_interim_measures_act_no_2_2009/20260915T1535Z__native.pdf,Military Justice (Interim Measures) Act (No. 2) 2009,"No. 92, 2009",,,requests,200,raw/au/military_justice_interim_measures_act_no_2_2009/20260915T1535Z__native.pdf.headers.json,application/pdf,3c982744c571240e99b7c0668fe96b0c2254c752de9f68826ea440db5b8ccc04,91336,31,,,,corpus AU_corpus_2026-09-19: from AU_ws_2026-09-15,,2009-09-22,,InForce
0.2.0,,au-annpsa2024cad5-001,AU,https://www.legislation.gov.au/C2024A00092/asmade/2024-10-24/text/original/pdf,2026-09-15T16:45:36Z,pdf_native,false,raw/au/australian_naval_nuclear_power_safety_transitional_provisions_act_2024/20260915T1645Z__native.pdf,Australian Naval Nuclear Power Safety (Transitional Provisions) Act 2024,"No. 92, 2024",,,requests,200,raw/au/australian_naval_nuclear_power_safety_transitional_provisions_act_2024/20260915T1645Z__native.pdf.headers.json,application/pdf,178f7703f134f89e0170da714e3790bac8c16535d731122774e8b30842eac1e7,237123,9,,,,corpus AU_corpus_2026-09-19: from AU_ws_2026-09-15,,2024-10-24,,InForce
0.2.0,,au-whoa1947-001,AU,https://www.legislation.gov.au/C1947A00093/2016-10-21/2016-10-21/text/original/epub,2026-09-15T12:48:35Z,html,,raw/au/world_health_organization_act_1947/20260915T1248Z__page.html,World Health Organization Act 1947,"No. 93, 1947",,,requests,200,raw/au/world_health_organization_act_1947/20260915T1248Z__page.html.headers.json,text/html,c257c496652a8e8bc3a055f512b054dae30a633ab1fe89b681a8377861fa70c8,249466,,,,,corpus AU_corpus_2026-09-19: from AU_ws_2026-09-15,,1947-12-11,,InForce
0.2.0,,au-cda1981-001,AU,https://www.legislation.gov.au/C2004A02470/asmade/2006-09-14/text/original/pdf,2026-09-15T14:07:19Z,pdf_native,false,raw/au/crown_debts_priority_act_1981/20260915T1407Z__native.pdf,Crown Debts (Priority) Act 1981,"No. 93, 1981",,,requests,200,raw/au/crown_debts_priority_act_1981/20260915T1407Z__native.pdf.headers.json,application/pdf,c729a9c601f81b8ccce595321767abe2b6300f1800adb753c4dd05bbaff3678a,149200,1,,,,corpus AU_corpus_2026-09-19: from AU_ws_2026-09-15; flags as_made_short_act,,1981-06-18,,InForce
0.2.0,,au-la1987-001,AU,https://www.legislation.gov.au/C2004A03502/asmade/1987-10-28/text/original/pdf,2026-09-15T14:25:23Z,pdf_native,false,raw/au/loan_act_1987/20260915T1425Z__native.pdf,Loan Act 1987,"No. 93, 1987",,,requests,200,raw/au/loan_act_1987/20260915T1425Z__native.pdf.headers.json,application/pdf,5b3daa6f1316c151dc2c82adec6dbee0beb8bda3e71dde37a68e64aac904886d,241102,3,,,,corpus AU_corpus_2026-09-19: from AU_ws_2026-09-15; flags as_made_short_act,,1987-10-28,,InForce
0.2.0,,au-sgca1992-001,AU,https://www.legislation.gov.au/C2004A04384/2026-07-01/2026-07-01/text/original/epub,2026-09-15T14:45:29Z,html,,raw/au/superannuation_guarantee_charge_act_1992/20260915T1445Z__page.html,Superannuation Guarantee Charge Act 1992,"No. 93, 1992",,,requests,200,raw/au/superannuation_guarantee_charge_act_1992/20260915T1445Z__page.html.headers.json,text/html,70093dcf6c6dc3d657f98c3bab6ff88831ca4e6b38ed069cc8cc02d79ab996a4,34687,,,,,corpus AU_corpus_2026-09-19: from AU_ws_2026-09-15,,1992-06-30,,InForce
0.2.0,,au-nlta2014-001,AU,https://www.legislation.gov.au/C2005A00093/2018-06-19/2018-06-19/text/original/epub,2026-09-15T15:17:17Z,html,,raw/au/national_land_transport_act_2014/20260915T1517Z__page.html,National Land Transport Act 2014,"No. 93, 2005",,,requests,200,raw/au/national_land_transport_act_2014/20260915T1517Z__page.html.headers.json,text/html,0734d019a7ecc609b1b4d78d97575006a51bb2424ae165e7e9333200bbf9c20b,312239,,,,,corpus AU_corpus_2026-09-19: from AU_ws_2026-09-15,,2005-07-06,,InForce
0.2.0,,au-atsa2009-001,AU,https://www.legislation.gov.au/C2009A00093/2014-10-17/2014-10-17/text/original/epub,2026-09-15T15:36:02Z,html,,raw/au/automotive_transformation_scheme_act_2009/20260915T1536Z__page.html,Automotive Transformation Scheme Act 2009,"No. 93, 2009",,,requests,200,raw/au/automotive_transformation_scheme_act_2009/20260915T1536Z__page.html.headers.json,text/html,9d041e51deed1860b50fd09fdfe4841963fd8cd55a3f4dc1ff4f482e605375e0,103670,,,,,corpus AU_corpus_2026-09-19: from AU_ws_2026-09-15,,2009-09-29,,InForce
0.2.0,,au-rpa2014-001,AU,https://www.legislation.gov.au/C2014A00093/2024-03-20/2024-03-20/text/original/epub,2026-09-15T16:05:55Z,html,,raw/au/regulatory_powers_standard_provisions_act_2014/20260915T1605Z__page.html,Regulatory Powers (Standard Provisions) Act 2014,"No. 93, 2014",,,requests,200,raw/au/regulatory_powers_standard_provisions_act_2014/20260915T1605Z__page.html.headers.json,text/html,552ed07e5cd9124c1c65bf1781e01eb891a868c355e580293131db582bec1d91,435348,,,,,corpus AU_corpus_2026-09-19: from AU_ws_2026-09-15,,2014-07-21,,InForce
0.2.0,,au-eca2015-001,AU,https://www.legislation.gov.au/C2015A00093/2021-03-28/2021-03-28/text/original/epub,2026-09-15T16:08:53Z,html,,raw/au/export_charges_imposition_customs_act_2015/20260915T1608Z__page.html,Export Charges (Imposition—Customs) Act 2015,"No. 93, 2015",,,requests,200,raw/au/export_charges_imposition_customs_act_2015/20260915T1608Z__page.html.headers.json,text/html,0d53314bafa49eefd41ce5f0dc52031d4b72b4f014ec660d4e81b8edc4c6e7c8,53300,,,,,corpus AU_corpus_2026-09-19: from AU_ws_2026-09-15,,2015-06-29,,InForce
0.2.0,,au-cmva1959-001,AU,https://www.legislation.gov.au/C1959A00094/2017-03-22/2017-03-22/text/original/epub,2026-09-15T12:56:38Z,html,,raw/au/commonwealth_motor_vehicles_liability_act_1959/20260915T1256Z__page.html,Commonwealth Motor Vehicles (Liability) Act 1959,"No. 94, 1959",,,requests,200,raw/au/commonwealth_motor_vehicles_liability_act_1959/20260915T1256Z__page.html.headers.json,text/html,5c75c985b17961c1b69728388bd425e2b3a01a07775d705500741e9dca7d42a1,42418,,,,,corpus AU_corpus_2026-09-19: from AU_ws_2026-09-15,,1959-12-04,,InForce
0.2.0,,au-eca2015d848-001,AU,https://www.legislation.gov.au/C2015A00094/2021-03-28/2021-03-28/text/original/epub,2026-09-15T16:09:07Z,html,,raw/au/export_charges_imposition_excise_act_2015/20260915T1609Z__page.html,Export Charges (Imposition—Excise) Act 2015,"No. 94, 2015",,,requests,200,raw/au/export_charges_imposition_excise_act_2015/20260915T1609Z__page.html.headers.json,text/html,85c2ac3b3e72d9c17e076e2fa9dba179a5314b99b4d5f24c4bc994e252a246a6,52953,,,,,corpus AU_corpus_2026-09-19: from AU_ws_2026-09-15,,2015-06-29,,InForce
0.2.0,,au-nha1953-001,AU,https://www.legislation.gov.au/C1953A00095/2026-07-07/2026-07-07/text/original/epub,2026-09-15T12:52:03Z,html,,raw/au/national_health_act_1953/20260915T1252Z__page.html,National Health Act 1953,"No. 95, 1953",,,requests,200,raw/au/national_health_act_1953/20260915T1252Z__page.html.headers.json,text/html,65dcd592425642a168816c1b91298d4ce7cd970f202a9316c78e3f0c75dfbff8,3148018,,,,,corpus AU_corpus_2026-09-19: from AU_ws_2026-09-15,,1953-12-18,,InForce
0.2.0,,au-ca1965-001,AU,https://www.legislation.gov.au/C1965A00095/2016-10-21/2016-10-21/text/original/epub,2026-09-15T13:01:17Z,html,,raw/au/currency_act_1965/20260915T1301Z__page.html,Currency Act 1965,"No. 95, 1965",,,requests,200,raw/au/currency_act_1965/20260915T1301Z__page.html.headers.json,text/html,b276c6b7f1751b2dc8ebd5a025808fe31470613fb2a54fc867a212aa834f320e,123135,,,,,corpus AU_corpus_2026-09-19: from AU_ws_2026-09-15,,1965-12-10,,InForce
0.2.0,,au-aftrsa1973-001,AU,https://www.legislation.gov.au/C1973A00095/asmade/2014-07-01/text/original/pdf,2026-09-15T13:10:02Z,pdf_native,false,raw/au/australian_film_television_and_radio_school_act_1973/20260915T1310Z__native.pdf,"Australian Film, Television and Radio School Act 1973","No. 95, 1973",,,requests,200,raw/au/australian_film_television_and_radio_school_act_1973/20260915T1310Z__native.pdf.headers.json,application/pdf,d31aad74fb3b7a895ce49cd694ab0dad8f7803918bee47b36211d9b1d95f2f3b,848859,16,,,,corpus AU_corpus_2026-09-19: from AU_ws_2026-09-15,,1973-08-31,,InForce
0.2.0,,au-anla1982-001,AU,https://www.legislation.gov.au/C2004A02654/asmade/1982-10-06/text/original/pdf,2026-09-15T14:09:22Z,pdf_native,false,raw/au/air_navigation_legislation_validation_and_interpretation_act_1982/20260915T1409Z__native.pdf,Air Navigation Legislation (Validation and Interpretation) Act 1982,"No. 95, 1982",,,requests,200,raw/au/air_navigation_legislation_validation_and_interpretation_act_1982/20260915T1409Z__native.pdf.headers.json,application/pdf,6be29ae11db7ab7706c684ac15ed1f5495094b5fc4ed79eaaed4869ad908d89d,746836,7,,,,corpus AU_corpus_2026-09-19: from AU_ws_2026-09-15,,1982-10-06,,InForce
0.2.0,,au-tpa1983-001,AU,https://www.legislation.gov.au/C2004A02812/2024-12-11/2024-12-11/text/original/epub,2026-09-15T14:10:53Z,html,,raw/au/transfer_of_prisoners_act_1983/20260915T1410Z__page.html,Transfer of Prisoners Act 1983,"No. 95, 1983",,,requests,200,raw/au/transfer_of_prisoners_act_1983/20260915T1410Z__page.html.headers.json,text/html,e764193b4b0950d142b913db1ab4288fb54f3b4e3cd15ad0f90b7d86ca23336a,242897,,,,,corpus AU_corpus_2026-09-19: from AU_ws_2026-09-15,,1983-11-22,,InForce
0.2.0,,au-ura2009-001,AU,https://www.legislation.gov.au/C2009A00095/2023-10-18/2023-10-18/text/original/epub,2026-09-15T15:36:13Z,html,,raw/au/uranium_royalty_northern_territory_act_2009/20260915T1536Z__page.html,Uranium Royalty (Northern Territory) Act 2009,"No. 95, 2009",,,requests,200,raw/au/uranium_royalty_northern_territory_act_2009/20260915T1536Z__page.html.headers.json,text/html,84c5658ae2aca7e62d9304c44cdd8b4a16ed1ff19eceb6921e4256838d01f73b,86887,,,,,corpus AU_corpus_2026-09-19: from AU_ws_2026-09-15,,2009-09-29,,InForce
0.2.0,,au-paygwncta2012-001,AU,https://www.legislation.gov.au/C2012A00095/asmade/2012-06-29/text/original/pdf,2026-09-15T15:53:04Z,pdf_native,false,raw/au/pay_as_you_go_withholding_non_compliance_tax_act_2012/20260915T1553Z__native.pdf,Pay As You Go Withholding Non-compliance Tax Act 2012,"No. 95, 2012",,,requests,200,raw/au/pay_as_you_go_withholding_non_compliance_tax_act_2012/20260915T1553Z__native.pdf.headers.json,application/pdf,0f276f82e16cc58a67c17d843d5de5fc46cc4627471a2dcd803baeca84a1e87d,106968,8,,,,corpus AU_corpus_2026-09-19: from AU_ws_2026-09-15,,2012-06-29,,InForce
0.2.0,,au-eca2015ad43-001,AU,https://www.legislation.gov.au/C2015A00095/2021-03-28/2021-03-28/text/original/epub,2026-09-15T16:09:19Z,html,,raw/au/export_charges_imposition_general_act_2015/20260915T1609Z__page.html,Export Charges (Imposition—General) Act 2015,"No. 95, 2015",,,requests,200,raw/au/export_charges_imposition_general_act_2015/20260915T1609Z__page.html.headers.json,text/html,b2253f4d5cd17f25d75ad75ea09b70d49005436e807de3c5f47b7d9fcb0e2238,53426,,,,,corpus AU_corpus_2026-09-19: from AU_ws_2026-09-15,,2015-06-29,,InForce
0.2.0,,au-nordra2023-001,AU,https://www.legislation.gov.au/C2023A00095/2026-01-01/2026-01-01/text/original/epub,2026-09-15T16:39:46Z,html,,raw/au/national_occupational_respiratory_disease_registry_act_2023/20260915T1639Z__page.html,National Occupational Respiratory Disease Registry Act 2023,"No. 95, 2023",,,requests,200,raw/au/national_occupational_respiratory_disease_registry_act_2023/20260915T1639Z__page.html.headers.json,text/html,53a7bbf8a71f1fcc7ef0cf903b7aaacf0e05e58c99d1870498f25ccb905e2d85,179602,,,,,corpus AU_corpus_2026-09-19: from AU_ws_2026-09-15,,2023-11-22,,InForce
0.2.0,,au-caa1995-001,AU,https://www.legislation.gov.au/C2004A04946/2007-03-15/2007-03-15/text/original/epub,2026-09-15T15:01:24Z,html,,raw/au/commonwealth_authorities_australian_capital_territory_pay_roll_tax_act_1995/20260915T1501Z__page.html,Commonwealth Authorities (Australian Capital Territory Pay-roll Tax) Act 1995,"No. 96, 1995",,,requests,200,raw/au/commonwealth_authorities_australian_capital_territory_pay_roll_tax_act_1995/20260915T1501Z__page.html.headers.json,text/html,964e33e9b786faf7abe6aaee3c67d67f296de97a35ba8f52f3c95e42421b581e,23656,,,,,corpus AU_corpus_2026-09-19: from AU_ws_2026-09-15,,1995-09-05,,InForce
0.2.0,,au-anrcsa1997-001,AU,https://www.legislation.gov.au/C2004A05189/1997-06-30/1997-06-30/text/original/epub,2026-09-15T15:09:47Z,html,,raw/au/australian_national_railways_commission_sale_act_1997/20260915T1509Z__page.html,Australian National Railways Commission Sale Act 1997,"No. 96, 1997",,,requests,200,raw/au/australian_national_railways_commission_sale_act_1997/20260915T1509Z__page.html.headers.json,text/html,ca8d6b28cdf6bd5e53efe20eac5420e19a65abc37c54ba12c9b0f7de9c6de4bf,297793,,,,,corpus AU_corpus_2026-09-19: from AU_ws_2026-09-15,,1997-06-30,,InForce
0.2.0,,au-ca2013-001,AU,https://www.legislation.gov.au/C2013A00096/2014-01-01/2014-01-01/text/original/epub,2026-09-15T16:01:16Z,html,,raw/au/charities_consequential_amendments_and_transitional_provisions_act_2013/20260915T1601Z__page.html,Charities (Consequential Amendments and Transitional Provisions) Act 2013,"No. 96, 2013",,,requests,200,raw/au/charities_consequential_amendments_and_transitional_provisions_act_2013/20260915T1601Z__page.html.headers.json,text/html,89c18a5ed8457a2120469970030b78c06122d3a3641ed870195fd063bde6e74e,118742,,,,,corpus AU_corpus_2026-09-19: from AU_ws_2026-09-15,,2013-06-28,,InForce
0.2.0,,au-mrrtroma2014-001,AU,https://www.legislation.gov.au/C2014A00096/2017-07-02/2017-07-02/text/original/epub,2026-09-15T16:06:06Z,html,,raw/au/minerals_resource_rent_tax_repeal_and_other_measures_act_2014/20260915T1606Z__page.html,Minerals Resource Rent Tax Repeal and Other Measures Act 2014,"No. 96, 2014",,,requests,200,raw/au/minerals_resource_rent_tax_repeal_and_other_measures_act_2014/20260915T1606Z__page.html.headers.json,text/html,9a3073f98f06cef9888607a8114547b4380c2e6343dde1d0675f1548c359bffc,212552,,,,,corpus AU_corpus_2026-09-19: from AU_ws_2026-09-15,,2014-09-05,,InForce
0.2.0,,au-ifca2015-001,AU,https://www.legislation.gov.au/C2015A00096/2024-10-14/2024-10-14/text/original/epub,2026-09-15T16:09:32Z,html,,raw/au/imported_food_charges_collection_act_2015/20260915T1609Z__page.html,Imported Food Charges (Collection) Act 2015,"No. 96, 2015",,,requests,200,raw/au/imported_food_charges_collection_act_2015/20260915T1609Z__page.html.headers.json,text/html,d525295fc7054736356891a2379bcbd424190717f018b498beaed3fd98d3902c,78313,,,,,corpus AU_corpus_2026-09-19: from AU_ws_2026-09-15,,2015-06-29,,InForce
0.2.0,,au-avra2019-001,AU,https://www.legislation.gov.au/C2019A00096/2026-07-01/2026-07-01/text/original/epub,2026-09-15T16:25:51Z,html,,raw/au/australian_veterans_recognition_putting_veterans_and_their_families_first_act_2019/20260915T1625Z__page.html,Australian Veterans’ Recognition (Putting Veterans and Their Families First) Act 2019,"No. 96, 2019",,,requests,200,raw/au/australian_veterans_recognition_putting_veterans_and_their_families_first_act_2019/20260915T1625Z__page.html.headers.json,text/html,3b749776cd61de29fc4503005d52ca66a43022acab55f8cfc6a862388873276d,48924,,,,,corpus AU_corpus_2026-09-19: from AU_ws_2026-09-15,,2019-10-30,,InForce
0.2.0,,au-la1979-001,AU,https://www.legislation.gov.au/C2004A02107/asmade/1979-10-17/text/original/pdf,2026-09-15T14:00:36Z,pdf_native,false,raw/au/loan_act_1979/20260915T1400Z__native.pdf,Loan Act 1979,"No. 97, 1979",,,requests,200,raw/au/loan_act_1979/20260915T1400Z__native.pdf.headers.json,application/pdf,46f118e92d4eab0fbb6de97e6dd2cf395ef87ed7ecc630ba43b3082107ac170b,52345,1,,,,corpus AU_corpus_2026-09-19: from AU_ws_2026-09-15; flags as_made_short_act,,1979-10-17,,InForce
0.2.0,,au-sta1987-001,AU,https://www.legislation.gov.au/C2004A03506/2025-02-21/2025-02-21/text/original/epub,2026-09-15T14:25:35Z,html,,raw/au/superannuation_self_managed_superannuation_funds_taxation_act_1987/20260915T1425Z__page.html,Superannuation (Self Managed Superannuation Funds) Taxation Act 1987,"No. 97, 1987",,,requests,200,raw/au/superannuation_self_managed_superannuation_funds_taxation_act_1987/20260915T1425Z__page.html.headers.json,text/html,2f5d459792e4216249a595fc18e9e9ca7eef9ad28c9ea5fcaeef07948c8970b3,175625,,,,,corpus AU_corpus_2026-09-19: from AU_ws_2026-09-15,,1987-11-05,,InForce
0.2.0,,au-ca1990-001,AU,https://www.legislation.gov.au/C2004A04028/2018-05-11/2018-05-11/text/original/epub,2026-09-15T14:36:50Z,html,,raw/au/crimes_traffic_in_narcotic_drugs_and_psychotropic_substances_act_1990/20260915T1436Z__page.html,Crimes (Traffic in Narcotic Drugs and Psychotropic Substances) Act 1990,"No. 97, 1990",,,requests,200,raw/au/crimes_traffic_in_narcotic_drugs_and_psychotropic_substances_act_1990/20260915T1436Z__page.html.headers.json,text/html,3000e0dc3106a04380aa9ab5dfd5d317e3586b83cd7af437b1ec988d8c7b94ff,447855,,,,,corpus AU_corpus_2026-09-19: from AU_ws_2026-09-15,,1990-11-29,,InForce
0.2.0,,au-fca1993-001,AU,https://www.legislation.gov.au/C2004A04652/2016-05-06/2016-05-06/text/original/epub,2026-09-15T14:53:00Z,html,,raw/au/financial_corporations_transfer_of_assets_and_liabilities_act_1993/20260915T1453Z__page.html,Financial Corporations (Transfer of Assets and Liabilities) Act 1993,"No. 97, 1993",,,requests,200,raw/au/financial_corporations_transfer_of_assets_and_liabilities_act_1993/20260915T1453Z__page.html.headers.json,text/html,59ea7fd01de200eaf08a765a796e3f5c834223946e4119d236b2e5c7506058c6,233654,,,,,corpus AU_corpus_2026-09-19: from AU_ws_2026-09-15,,1993-12-22,,InForce
0.2.0,,au-anla1995-001,AU,https://www.legislation.gov.au/C2004A04947/2012-12-03/2012-12-03/text/original/epub,2026-09-15T15:01:35Z,html,,raw/au/aircraft_noise_levy_act_1995/20260915T1501Z__page.html,Aircraft Noise Levy Act 1995,"No. 97, 1995",,,requests,200,raw/au/aircraft_noise_levy_act_1995/20260915T1501Z__page.html.headers.json,text/html,eae66fb66bfcbaa25d6ea5e837eb8f8db8b597ec0f8e1ec34549edf2a2658d83,24136,,,,,corpus AU_corpus_2026-09-19: from AU_ws_2026-09-15,,1995-09-05,,InForce
0.2.0,,au-ifca201559b3-001,AU,https://www.legislation.gov.au/C2015A00097/2016-07-01/2016-07-01/text/original/epub,2026-09-15T16:09:45Z,html,,raw/au/imported_food_charges_imposition_customs_act_2015/20260915T1609Z__page.html,Imported Food Charges (Imposition—Customs) Act 2015,"No. 97, 2015",,,requests,200,raw/au/imported_food_charges_imposition_customs_act_2015/20260915T1609Z__page.html.headers.json,text/html,086b6c04b6d399e4d7264327bc02e25943ca49b6d0aa19085fe19ddcc164b246,43336,,,,,corpus AU_corpus_2026-09-19: from AU_ws_2026-09-15,,2015-06-29,,InForce
0.2.0,,au-pngia1975-001,AU,https://www.legislation.gov.au/C2004A01408/asmade/1975-09-09/text/original/pdf,2026-09-15T13:51:22Z,pdf_native,false,raw/au/papua_new_guinea_independence_act_1975/20260915T1351Z__native.pdf,Papua New Guinea Independence Act 1975,"No. 98, 1975",,,requests,200,raw/au/papua_new_guinea_independence_act_1975/20260915T1351Z__native.pdf.headers.json,application/pdf,a5b2e2526dc638222bcef73117ebe6171799f24e83890f071dde9f35aab5b976,696202,11,,,,corpus AU_corpus_2026-09-19: from AU_ws_2026-09-15,,1975-09-09,,InForce
0.2.0,,au-dcma1978-001,AU,https://www.legislation.gov.au/C2004A01897/2016-10-21/2016-10-21/text/original/epub,2026-09-15T13:57:51Z,html,,raw/au/diplomatic_and_consular_missions_act_1978/20260915T1357Z__page.html,Diplomatic and Consular Missions Act 1978,"No. 98, 1978",,,requests,200,raw/au/diplomatic_and_consular_missions_act_1978/20260915T1357Z__page.html.headers.json,text/html,ffb8b034a26b5f141504930558d238604761f2ebdf518c862b2675a8a27a3839,65624,,,,,corpus AU_corpus_2026-09-19: from AU_ws_2026-09-15,,1978-08-24,,InForce
0.2.0,,au-anlca1995-001,AU,https://www.legislation.gov.au/C2004A04948/2024-10-14/2024-10-14/text/original/epub,2026-09-15T15:01:48Z,html,,raw/au/aircraft_noise_levy_collection_act_1995/20260915T1501Z__page.html,Aircraft Noise Levy Collection Act 1995,"No. 98, 1995",,,requests,200,raw/au/aircraft_noise_levy_collection_act_1995/20260915T1501Z__page.html.headers.json,text/html,b3a2cf32d7302f658244ccbd3195b18be78ef15f86cff1eb420a690f2b1c3376,116760,,,,,corpus AU_corpus_2026-09-19: from AU_ws_2026-09-15,,1995-09-05,,InForce
0.2.0,,au-sdaa2013-001,AU,https://www.legislation.gov.au/C2013A00098/asmade/2013-06-28/text/original/pdf,2026-09-15T16:01:28Z,pdf_native,false,raw/au/sex_discrimination_amendment_sexual_orientation_gender_identity_and_intersex_status_act_2013/20260915T1601Z__native.pdf,"Sex Discrimination Amendment (Sexual Orientation, Gender Identity and Intersex Status) Act 2013","No. 98, 2013",,,requests,200,raw/au/sex_discrimination_amendment_sexual_orientation_gender_identity_and_intersex_status_act_2013/20260915T1601Z__native.pdf.headers.json,application/pdf,d02560415c0ea3037c6e00980ed5dd987384ab2af77818211f4476912fa9e16f,614615,20,,,,corpus AU_corpus_2026-09-19: from AU_ws_2026-09-15,,2013-06-28,,InForce
0.2.0,,au-ifca2015f3f0-001,AU,https://www.legislation.gov.au/C2015A00098/2016-07-01/2016-07-01/text/original/epub,2026-09-15T16:09:59Z,html,,raw/au/imported_food_charges_imposition_excise_act_2015/20260915T1609Z__page.html,Imported Food Charges (Imposition—Excise) Act 2015,"No. 98, 2015",,,requests,200,raw/au/imported_food_charges_imposition_excise_act_2015/20260915T1609Z__page.html.headers.json,text/html,83bca5f156e23eca7be174bfe18f0843b3637bd16a149d0e62180fc8994c5a3d,43252,,,,,corpus AU_corpus_2026-09-19: from AU_ws_2026-09-15,,2015-06-29,,InForce
0.2.0,,au-vsla2016-001,AU,https://www.legislation.gov.au/C2016A00098/2025-08-03/2025-08-03/text/original/epub,2026-09-15T16:14:59Z,html,,raw/au/vet_student_loans_act_2016/20260915T1614Z__page.html,VET Student Loans Act 2016,"No. 98, 2016",,,requests,200,raw/au/vet_student_loans_act_2016/20260915T1614Z__page.html.headers.json,text/html,1481dcfc1f41b2e89d40668adea889418bdd7247d72ce1ffaea8088556699f11,703338,,,,,corpus AU_corpus_2026-09-19: from AU_ws_2026-09-15,,2016-12-07,,InForce
0.2.0,,au-slaa2021-001,AU,https://www.legislation.gov.au/C2021A00098/asmade/2021-09-03/text/original/pdf,2026-09-15T12:34:34Z,pdf_native,false,raw/au/surveillance_legislation_amendment_identify_and_disrupt_act_2021/20260915T1234Z__native.pdf,Surveillance Legislation Amendment (Identify and Disrupt) Act 2021,"No. 98, 2021",P7,P7-I5,requests,200,raw/au/surveillance_legislation_amendment_identify_and_disrupt_act_2021/20260915T1234Z__native.pdf.headers.json,application/pdf,46a384835e3ff0ad91a82ba6b1b5d8bf0521ddc15bce083b5f06687cac747d11,1642655,160,,,,corpus AU_corpus_2026-09-19: from AU_ws_2026-09-15,,2021-09-03,,InForce
0.2.0,,au-csa2024-001,AU,https://www.legislation.gov.au/C2024A00098/asmade/2024-11-29/text/original/pdf,2026-09-15T12:37:11Z,pdf_native,false,raw/au/cyber_security_act_2024/20260915T1237Z__native.pdf,Cyber Security Act 2024,"No. 98, 2024",,,requests,200,raw/au/cyber_security_act_2024/20260915T1237Z__native.pdf.headers.json,application/pdf,460b62505ec8e42d6b8ee54d82cf395ad20567bb0a2aceb63d589115fdfb0220,472734,100,,,cyber security,corpus AU_corpus_2026-09-19: from AU_ws_2026-09-15,,2024-11-29,,InForce
0.2.0,,au-pnglga1975-001,AU,https://www.legislation.gov.au/C2004A01409/asmade/1975-09-09/text/original/pdf,2026-09-15T13:51:37Z,pdf_native,false,raw/au/papua_new_guinea_loans_guarantee_act_1975/20260915T1351Z__native.pdf,Papua New Guinea Loans Guarantee Act 1975,"No. 99, 1975",,,requests,200,raw/au/papua_new_guinea_loans_guarantee_act_1975/20260915T1351Z__native.pdf.headers.json,application/pdf,9ace5e877cb98b9e6efd9899d20a2f1763df2fdb10637260660943f1c7565163,530604,6,,,,corpus AU_corpus_2026-09-19: from AU_ws_2026-09-15,,1975-09-09,,InForce
0.2.0,,au-ita1989-001,AU,https://www.legislation.gov.au/C2004A03847/asmade/1989-06-30/text/original/pdf,2026-09-15T14:32:50Z,pdf_native,false,raw/au/income_tax_fund_contributions_act_1989/20260915T1432Z__native.pdf,Income Tax (Fund Contributions) Act 1989,"No. 99, 1989",,,requests,200,raw/au/income_tax_fund_contributions_act_1989/20260915T1432Z__native.pdf.headers.json,application/pdf,22b292d981edcd2dc8e8faca38731fe3041f4c81a507f671ff6faae443f2f80a,631826,6,,,,corpus AU_corpus_2026-09-19: from AU_ws_2026-09-15,,1989-06-30,,InForce
0.2.0,,au-ta19914d57-001,AU,https://www.legislation.gov.au/C2004A04174/2016-07-01/2016-07-01/text/original/epub,2026-09-15T14:39:50Z,html,,raw/au/telecommunications_transitional_provisions_and_consequential_amendments_act_1991/20260915T1439Z__page.html,Telecommunications (Transitional Provisions and Consequential Amendments) Act 1991,"No. 99, 1991",,,requests,200,raw/au/telecommunications_transitional_provisions_and_consequential_amendments_act_1991/20260915T1439Z__page.html.headers.json,text/html,060a46f401c0d089fdc8c8ea1f321a76755261a76929a5e1e133fd7cda091370,106718,,,,,corpus AU_corpus_2026-09-19: from AU_ws_2026-09-15,,1991-06-27,,InForce
0.2.0,,au-aema2004-001,AU,https://www.legislation.gov.au/C2004A01335/2021-09-01/2021-09-01/text/original/epub,2026-09-15T13:49:28Z,html,,raw/au/australian_energy_market_act_2004/20260915T1349Z__page.html,Australian Energy Market Act 2004,"No. 99, 2004",,,requests,200,raw/au/australian_energy_market_act_2004/20260915T1349Z__page.html.headers.json,text/html,fb5b28174d44c20aec5936c21045ae0562f7a0c058b4c24402b96a5f9b2ed4bd,244963,,,,,corpus AU_corpus_2026-09-19: from AU_ws_2026-09-15,,2004-06-30,,InForce
0.2.0,,au-anreua2011-001,AU,https://www.legislation.gov.au/C2011A00099/2024-10-14/2024-10-14/text/original/epub,2026-09-15T15:45:38Z,html,,raw/au/australian_national_registry_of_emissions_units_act_2011/20260915T1545Z__page.html,Australian National Registry of Emissions Units Act 2011,"No. 99, 2011",,,requests,200,raw/au/australian_national_registry_of_emissions_units_act_2011/20260915T1545Z__page.html.headers.json,text/html,51c3e275ad2312c701bc498a20719f80adbf7afa55ef8134e07fdfea4a32acba,483311,,,,,corpus AU_corpus_2026-09-19: from AU_ws_2026-09-15,,2011-09-15,,InForce
0.2.0,,au-ifca20156546-001,AU,https://www.legislation.gov.au/C2015A00099/2016-07-01/2016-07-01/text/original/epub,2026-09-15T16:10:10Z,html,,raw/au/imported_food_charges_imposition_general_act_2015/20260915T1610Z__page.html,Imported Food Charges (Imposition—General) Act 2015,"No. 99, 2015",,,requests,200,raw/au/imported_food_charges_imposition_general_act_2015/20260915T1610Z__page.html.headers.json,text/html,940816d9ba15adb1a070609bee2c91fda70b8d360bbcc696c02114fa13074420,43418,,,,,corpus AU_corpus_2026-09-19: from AU_ws_2026-09-15,,2015-06-29,,InForce
0.2.0,,au-vsla2016c7d6-001,AU,https://www.legislation.gov.au/C2016A00099/asmade/2016-12-07/text/original/pdf,2026-09-15T16:15:11Z,pdf_native,false,raw/au/vet_student_loans_charges_act_2016/20260915T1615Z__native.pdf,VET Student Loans (Charges) Act 2016,"No. 99, 2016",,,requests,200,raw/au/vet_student_loans_charges_act_2016/20260915T1615Z__native.pdf.headers.json,application/pdf,ec3e96f8dc7b7fb1ca073425ad1eeb3b7462abcf52edfc9383811f1316fb1e55,510935,7,,,,corpus AU_corpus_2026-09-19: from AU_ws_2026-09-15,,2016-12-07,,InForce
