contract_version,instrument_version,doc_id,economy,source_url,access_date,source_type,pdf_is_scanned,local_path,law_name_guess,law_number_guess,pillar_hint,indicator_hints,retrieval_method,http_status,http_headers_path,content_type,content_sha256,byte_size,page_count,anchor_hint,anchor_kind,seed_query,crawl_notes,publication_date,assent_date,commencement_date,in_force_status
0.2.0,,la-la1000-001,LA,https://laoofficialgazette.gov.la/kcfinder/upload/files/ຄຳສັ່ງ ວ່າດ້ວຍການຫ້າມປູກກ້ວຍ.pdf,2026-09-21T02:58:33Z,pdf_scanned,true,raw/la/la_1000/20260921T0258Z__scanned.pdf,ຄຳສັ່ງວ່າດ້ວຍ ການຫ້າມປູກກ້ວຍ ຢູ່ແຂວງຫຼວງນໍ້າທາ,,,,requests,200,raw/la/la_1000/20260921T0258Z__scanned.pdf.headers.json,application/pdf,9b4a88c675090a8d57e526b9e24c2617196da966ad2d64e076e6891540bf2347,230346,3,,,,corpus LA_corpus_2026-09-21: from LA_ws_2026-09-21; flags no_text_layer,2016-08-01,,,in_force
0.2.0,,la-la1001-001,LA,https://laoofficialgazette.gov.la/kcfinder/upload/files/ຄຳສັ່ງ ວ່າດ້ວຍການສະກັດກັ້ນກຸ່ມຄົນບໍ່ດີ ທີ່ລັກເອົາອຸປະກອນສາຍສົ່ງ.pdf,2026-09-21T02:58:39Z,pdf_scanned,true,raw/la/la_1001/20260921T0258Z__scanned.pdf,"ຄຳສັ່ງວ່າດ້ວຍ ການສະກັດກັ້ນກຸ່ມຄົນບໍ່ດີ ທີ່ລັກເອົາອຸປະກອນສາຍສົ່ງໄຟຟ້າແຮງສູງ ແລະ ຫ້າມປູກຕົ້ນໄມ້, ສິ່ງປຸກສ້າງຕ່າງໆ ຢູ່ກ້ອງເລວສາຍສົ່ງໄຟ້ຟ້າແຮງສູງ ໃນຂອບເຂດແຂວງຫຼວງນໍ້າທາ",,,,requests,200,raw/la/la_1001/20260921T0258Z__scanned.pdf.headers.json,application/pdf,d2ba5f50f25aa7d5ff66554f358463cc5999248b6097ca93384f12ffd56db53d,725392,2,,,,corpus LA_corpus_2026-09-21: from LA_ws_2026-09-21; flags no_text_layer,2016-08-01,,,in_force
0.2.0,,la-la1002-001,LA,https://laoofficialgazette.gov.la/kcfinder/upload/files/ຂໍ້ຕົກລົງ ວ່າດ້ວຍການຢຸດຕິການຂຸດຄົ້ນໄມ້.pdf,2026-09-21T04:37:15Z,pdf_scanned,true,raw/la/la_1002/20260921T0437Z__scanned.pdf,ຂໍ້ຕົກລົງວ່າດ້ວຍ ການຢຸດຕິການຂຸດຄົ້ນໄມ້ ຢູ່ແຂວງຫຼວງນໍ້າທາ,,,,requests,200,raw/la/la_1002/20260921T0437Z__scanned.pdf.headers.json,application/pdf,8efa769bebc09c586cb0d75e7c1c96bef48a27e383f724dba843f8abdbc6ff4b,284021,1,,,,corpus LA_corpus_2026-09-21: from LA_ws_2026-09-21; flags no_text_layer,2016-08-01,,,in_force
0.2.0,,la-la1004-001,LA,https://laoofficialgazette.gov.la/kcfinder/upload/files/ຄຳສັ່ງ ການຄຸ້ມຄອງ ແລະ ກວດກາ ການຂຸດຄົ້ນໄມ້.pdf,2026-09-21T02:58:24Z,pdf_scanned,true,raw/la/la_1004/20260921T0258Z__scanned.pdf,"ຄຳສັ່ງ ວ່າດ້ວຍ ການເພີ່ມທະວີຄວາມເຂັ້ມງວດໃນການຄຸ້ມຄອງ ແລະ ກວດກາ ການຂຸດຄົ້ນໄມ້, ເຄື່ອນຍ້າຍໄມ້ ແລະ ທຸລະກິດໄມ້",,,,requests,200,raw/la/la_1004/20260921T0258Z__scanned.pdf.headers.json,application/pdf,5655eb57ed6a31f4ea1494a952435e8e8c212cb71f0354e13d43047dd3478734,756796,4,,,,corpus LA_corpus_2026-09-21: from LA_ws_2026-09-21; flags no_text_layer,2016-08-08,,,in_force
0.2.0,,la-la1005-001,LA,https://laoofficialgazette.gov.la/kcfinder/upload/files/ຄຳສັ່ງ ກ່ຽວກັບການສ້າງຂະບວນການ.pdf,2026-09-21T02:58:15Z,pdf_scanned,true,raw/la/la_1005/20260921T0258Z__scanned.pdf,"ຄຳສັ່ງ ກ່ຽວກັບການສ້າງຂະບວນການອະນຸລັກ, ປົກປັກຮັກສາ ແລະ ພັດທະນາສັດນ້ຳ, ສັດປ່າພາຍໃນແຂວງບໍ່ແກ້ວ",,,,requests,200,raw/la/la_1005/20260921T0258Z__scanned.pdf.headers.json,application/pdf,c3d96771b381c3c31fb61221093d850d7aee2e68255ff8f88bec44f0cc097dc8,393944,3,,,,corpus LA_corpus_2026-09-21: from LA_ws_2026-09-21; flags no_text_layer,2016-08-08,,,in_force
0.2.0,,la-la1007-001,LA,https://laoofficialgazette.gov.la/kcfinder/upload/files/ຂໍ້ຕົກລົງ ວ່າດ້ວຍການກຳນົດຂອບເຂດພັດທະນາທີ່ດິນອ່າງນ້ຳກັດ.pdf,2026-09-21T04:37:08Z,pdf_scanned,true,raw/la/la_1007/20260921T0437Z__scanned.pdf,ຂໍ້ຕົກລົງ ວ່າດ້ວຍການກຳນົດຂອບເຂດພັດທະນາທີ່ດິນອ່າງນ້ຳກັດ,,,,requests,200,raw/la/la_1007/20260921T0437Z__scanned.pdf.headers.json,application/pdf,25f9f3189553ae9474a96a5501dc3f84c85ad2049a1db02c2b0527a59000c5eb,338641,1,,,,corpus LA_corpus_2026-09-21: from LA_ws_2026-09-21; flags no_text_layer,2016-08-16,,,in_force
0.2.0,,la-la1008-001,LA,https://laoofficialgazette.gov.la/kcfinder/upload/files/ຄຳສັ່ງກ່ຽວກັບການເກັບເງິນພັນທະກອງທຶນພັດທະນາການທ່ອງທ່ຽວຢູ່ດ່ານສາກົນນ້ຳກັ່ນ.pdf,2026-09-21T02:58:02Z,pdf_scanned,true,raw/la/la_1008/20260921T0258Z__scanned.pdf,ຄຳສັ່ງ ກ່ຽວກັບການຈັດຕັ້ງປະຕິບັດການເກັບເງິນພັນທະກອງທຶນພັດທະນາ ການທ່ອງທ່ຽວຂັ້ນແຂວງຢູ່ດ່ານສາກົນນ້ຳກັ່ນ,,,,requests,200,raw/la/la_1008/20260921T0258Z__scanned.pdf.headers.json,application/pdf,f0a4bdfb9f5d5b6150ba456f833e5fb27c20fc9b8d9fe5dea9c27a0042cf400d,764143,2,,,,corpus LA_corpus_2026-09-21: from LA_ws_2026-09-21; flags no_text_layer,2016-08-16,,,in_force
0.2.0,,la-la1009-001,LA,https://laoofficialgazette.gov.la/kcfinder/upload/files/ຄຳສັ່ງດ້ວຍການເພີ່ມທະວີ ຄວາມເຂັ້ມງວດ ໃນການຄຸ້ມຄອງ ແລະ ກວດກາການຂຸດຄົ້ນໄມ້.pdf,2026-09-21T02:57:57Z,pdf_scanned,true,raw/la/la_1009/20260921T0257Z__scanned.pdf,"ຄຳສັ່ງແນະນຳ ວ່າດ້ວຍການເພີ່ມທະວີ ຄວາມເຂັ້ມງວດ ໃນການຄຸ້ມຄອງ ແລະ ກວດກາການຂຸດຄົ້ນໄມ້, ການເຄື່ອນຍ້າຍໄມ້ ແລະ ທຸລະກິດໄມ້ແຂວງຊຽງຂວາງ",,,,requests,200,raw/la/la_1009/20260921T0257Z__scanned.pdf.headers.json,application/pdf,fa5981ee0bb95e594f99330214e0c5f9bc6ad82038dc84fa5bdad7f37d1ffcdd,1061863,3,,,,corpus LA_corpus_2026-09-21: from LA_ws_2026-09-21; flags no_text_layer,2016-08-16,,,in_force
0.2.0,,la-la1010-001,LA,https://laoofficialgazette.gov.la/kcfinder/upload/files/ດຳລັດວ່າດ້ວຍ ທຸລະກິດຊວດຈຳ.pdf,2026-09-21T02:30:16Z,pdf_scanned,true,raw/la/la_1010/20260921T0230Z__scanned.pdf,ດຳລັດວ່າດ້ວຍ ທຸລະກິດຊວດຈຳ,,,,playwright,200,raw/la/la_1010/20260921T0230Z__scanned.pdf.headers.json,application/pdf,2c2c0c5d8405ab2ae9fc21701c9df628efc1e9df5e68e025d50ecb740943cca2,4048781,15,,,,corpus LA_corpus_2026-09-21: from LA_ws_2026-09-21; flags no_text_layer,2016-08-23,,,in_force
0.2.0,,la-la1011-001,LA,https://laoofficialgazette.gov.la/kcfinder/upload/files/ຂໍ້ຕົກລົງວ່າດ້ວຍການແບ່ງຄວາມຮັບຜິດຊອບ ຂອງອົງການທະບຽນສານ.pdf,2026-09-21T01:07:55Z,pdf_scanned,true,raw/la/la_1011/20260921T0107Z__scanned.pdf,ຂໍ້ຕົກລົງ ວ່າດ້ວຍການແບ່ງຄວາມຮັບຜິດຊອບ ຂອງອົງການທະບຽນສານ,,,,playwright,200,raw/la/la_1011/20260921T0107Z__scanned.pdf.headers.json,application/pdf,25e18b53a5b4490ad3104704587b6cc4497262e0d24f7a6d9cb3b062041f7a7e,997308,3,,,,corpus LA_corpus_2026-09-21: from LA_ws_2026-09-21; flags no_text_layer,2016-08-24,,,repealed
0.2.0,,la-la1013-001,LA,https://laoofficialgazette.gov.la/kcfinder/upload/files/ຂໍ້ຕົກລົງ ວ່າດ້ວຍລະບຽບການຕິດຕາມກວດກາໂຄງການລົງທຶນຂອງລັດ ຂອງຂະແໜງອຸດສາຫະກຳ ແລະ ການຄ້າ.pdf,2026-09-21T04:37:04Z,pdf_scanned,true,raw/la/la_1013/20260921T0437Z__scanned.pdf,ຂໍ້ຕົກລົງ ວ່າດ້ວຍການຕິດຕາມ ກວດກາ ໂຄງການລົງທຶນຂອງລັດ ເລີ່ມແຕ່ຫົວທີ ຂອງຂະແໜງອຸດສາຫະກຳ ແລະ ການຄ້າ,,,,requests,200,raw/la/la_1013/20260921T0437Z__scanned.pdf.headers.json,application/pdf,b368e956e76a5d0f00185b18a397b75bedc71a078974d4860a8f05a29d0e229f,3255472,9,,,,corpus LA_corpus_2026-09-21: from LA_ws_2026-09-21; flags no_text_layer,2016-08-24,,,in_force
0.2.0,,la-la1014-001,LA,https://laoofficialgazette.gov.la/kcfinder/upload/files/ຂໍ້ຕົກລົງ ວ່າດ້ວຍການໃຫ້ບໍລິການອິນເຕີເນັດກາເຟ.pdf,2026-09-21T01:01:00Z,pdf_scanned,true,raw/la/la_1014/20260921T0101Z__scanned.pdf,ຂໍ້ຕົກລົງ ວ່າດ້ວຍການໃຫ້ບໍລິການອິນເຕີເນັດກາເຟ,,,,requests,200,raw/la/la_1014/20260921T0101Z__scanned.pdf.headers.json,application/pdf,657e514ce685995bedd4a2aedd3b13d57993036504cfe0f12ffc2b142b45e36f,2574084,8,,,,corpus LA_corpus_2026-09-21: from LA_ws_2026-09-21; flags no_text_layer,2016-08-26,,,in_force
0.2.0,,la-la1015-001,LA,https://laoofficialgazette.gov.la/kcfinder/upload/files/ຂໍ້ຕົກລົງວ່າດ້ວຍການອະນຸຍາດດຳເນີນທຸລະກິດບໍລິການອິນເຕີເນັດ.pdf,2026-09-21T01:07:49Z,pdf_scanned,true,raw/la/la_1015/20260921T0107Z__scanned.pdf,ຂໍ້ຕົກລົງ ວ່າດ້ວຍການອະນຸຍາດດຳເນີນທຸລະກິດບໍລິການອິນເຕີເນັດ,,,,requests,200,raw/la/la_1015/20260921T0107Z__scanned.pdf.headers.json,application/pdf,8606beac8c2f5864d6e1477e0671851dc7b8325bc7d57df616733617fa7bf4dc,4288099,15,,,,corpus LA_corpus_2026-09-21: from LA_ws_2026-09-21; flags no_text_layer,2016-08-26,,,repealed
0.2.0,,la-la1016-001,LA,https://laoofficialgazette.gov.la/kcfinder/upload/files/ຂໍ້ຕົກລົງ ວ່າດ້ວຍຄວາມປອດໄພຂອງການກະຈາຍຄື້ນຄວາມຖີ່.pdf,2026-09-21T01:01:07Z,pdf_scanned,true,raw/la/la_1016/20260921T0101Z__scanned.pdf,ຂໍ້ຕົກລົງ ວ່າດ້ວຍຄວາມປອດໄພຂອງການກະຈາຍຄື້ນຄວາມຖີ່,,,,playwright,200,raw/la/la_1016/20260921T0101Z__scanned.pdf.headers.json,application/pdf,fe0d682da2a490e5a673ed98d0420a586a6d945fc112127154cfbdd808259013,1258213,5,,,,corpus LA_corpus_2026-09-21: from LA_ws_2026-09-21; flags no_text_layer,2016-08-26,,,in_force
0.2.0,,la-la1017-001,LA,https://laoofficialgazette.gov.la/kcfinder/upload/files/ຂໍ້ຕົກລົງ ວ່າດ້ວຍການຕິດຕັ້ງ ສະຖານີຮັບ-ສົ່ງສັນຍານໂທລະສັບເຄື່ອນທີ່.pdf,2026-09-21T04:35:45Z,pdf_scanned,true,raw/la/la_1017/20260921T0435Z__scanned.pdf,ຂໍ້ຕົກລົງ ວ່າດ້ວຍການຕິດຕັ້ງສະຖານີຮັບ-ສົ່ງສັນຍານໂທລະສັບເຄື່ອນທີ່,,,,requests,200,raw/la/la_1017/20260921T0435Z__scanned.pdf.headers.json,application/pdf,b5b708bea61dacb3914a022a3b3ed9b44e0273150815b9825a8575034639ad04,1804170,7,,,,corpus LA_corpus_2026-09-21: from LA_ws_2026-09-21; flags no_text_layer,2016-08-26,,,in_force
0.2.0,,la-la1018-001,LA,https://laoofficialgazette.gov.la/kcfinder/upload/files/ຄຳສັ່ງ ໃຫ້ຢຸດເຊົາການຂົນສົ່ງໄມ້ທຸກປະເພດຜ່ານເສັ້ນທາງປູດິນແດງ.pdf,2026-09-21T02:57:32Z,pdf_scanned,true,raw/la/la_1018/20260921T0257Z__scanned.pdf,ຄຳສັ່ງ ໃຫ້ຢຸດເຊົາການຂົນສົ່ງໄມ້ທຸກປະເພດຜ່ານເສັ້ນທາງປູດິນແດງໃນຊ່ວງລະດູຝົນ,,,,requests,200,raw/la/la_1018/20260921T0257Z__scanned.pdf.headers.json,application/pdf,a1194bbebc5aa250fc7df1e0b2256471086145cd18e8da72426c3d2684c5ce9e,588252,2,,,,corpus LA_corpus_2026-09-21: from LA_ws_2026-09-21; flags no_text_layer,2016-08-26,,,in_force
0.2.0,,la-la1019-001,LA,"https://laoofficialgazette.gov.la/kcfinder/upload/files/ຄຳສັ່ງ ເລື່ອງການນຳໃຊ້ລົດ, ນຳໃຊະຖະໜົນທີ່ບໍ່ຖືກຕ້ອງຕາມລະບຽບກົດໝາຍ.pdf",2026-09-21T02:57:42Z,pdf_scanned,true,raw/la/la_1019/20260921T0257Z__scanned.pdf,"ຄຳສັ່ງ ວ່າດ້ວຍການນຳໃຊ້ລົດ, ນຳໃຊ້ຖະໜົນທີ່ບໍ່ຖືກຕ້ອງຕາມລະບຽບກົດໝາຍ",,,,requests,200,raw/la/la_1019/20260921T0257Z__scanned.pdf.headers.json,application/pdf,32ff1346ea904ca4b7b6024cd146bc6ca060c1a7ef7ac06c5496486953cd843d,914144,3,,,,corpus LA_corpus_2026-09-21: from LA_ws_2026-09-21; flags no_text_layer,2016-08-26,,,in_force
0.2.0,,la-la1020-001,LA,"https://laoofficialgazette.gov.la/kcfinder/upload/files/ຄຳສັ່ງ ວ່າດ້ວຍການສະກັດກັ້ນ, ການຂຸດຄົ້ນ, ການເຄື່ອນຍ້າຍຊື້ຂາຍ ຫີນອ່ອນປາໂກໄດ.pdf",2026-09-21T02:57:48Z,pdf_scanned,true,raw/la/la_1020/20260921T0257Z__scanned.pdf,"ຄຳສັ່ງ ວ່າດ້ວຍການສະກັດກັ້ນ, ການຂຸດຄົ້ນ, ການເຄື່ອນຍ້າຍຊື້-ຂາຍ ຫີນອ່ອນປາໂກໄດຢູ່ເຂດ ພູກາງໂຮງ ເມືອງພູວົງ ແຂວງອັດຕະປື",,,,playwright,200,raw/la/la_1020/20260921T0257Z__scanned.pdf.headers.json,application/pdf,f743a71e31ea0ac74c753eb228155eb462be47adf115b10894a9acfbc87a6737,624768,2,,,,corpus LA_corpus_2026-09-21: from LA_ws_2026-09-21; flags no_text_layer,2016-08-26,,,in_force
0.2.0,,la-la1021-001,LA,https://laoofficialgazette.gov.la/kcfinder/upload/files/ຂໍ້ຕົກລົງວ່າດ້ວຍການອະນຸມັດຂອບເຂດພື້ນທີ່ດິນແຫຼ່ງທ່ອງທ່ຽວຕາດຫົວຄົນ .pdf,2026-09-21T04:35:56Z,pdf_scanned,true,raw/la/la_1021/20260921T0435Z__scanned.pdf,ຂໍ້ຕົກລົງ ວ່າດ້ວຍການອະນຸມັດຂອບເຂດພື້ນທີ່ດິນແຫຼ່ງທ່ອງທ່ຽວຕາດຫົວຄົນ ບ້ານໃຫຍ່ໝື່ນຫົວເມືອງ ເມືອງສາມັກຄີໄຊ ເປັນເຂດສະຫງວນເພື່ອການທ່ອງທ່ຽວ,,,,requests,200,raw/la/la_1021/20260921T0435Z__scanned.pdf.headers.json,application/pdf,a56e8a4f4d35fbcf86a87a4c81425c2f27dbb8b5b2a97d866c6bdab826051b89,295219,1,,,,corpus LA_corpus_2026-09-21: from LA_ws_2026-09-21; flags no_text_layer,2016-08-26,,,in_force
0.2.0,,la-la1022-001,LA,https://laoofficialgazette.gov.la/kcfinder/upload/files/ດຳລັດຈັດຕັ້ງປະຕິບັດກົດໝາຍວ່າດ້ວຍການສົ່ງເສີມການລົງທຶນ (1).pdf,2026-09-21T02:37:27Z,pdf_native,false,raw/la/la_1022/20260921T0237Z__native.pdf,ດຳລັດ ວ່າດ້ວຍການຈັດຕັ້ງປະຕິບັດກົດໝາຍວ່າດ້ວຍການສົ່ງເສີມການລົງທຶນ,,,,requests,200,raw/la/la_1022/20260921T0237Z__native.pdf.headers.json,application/pdf,244e4d29061507320fe05d128b1e497dab7dc174767383b969c4850760dab4f4,422690,36,,,,corpus LA_corpus_2026-09-21: from LA_ws_2026-09-21,2016-08-29,,,repealed
0.2.0,,la-la1023-001,LA,https://laoofficialgazette.gov.la/kcfinder/upload/files/ຂໍ້ຕົກລົງ ວ່າດ້ວຍການສື່ສານຜ່ານດາວທຽມ.pdf,2026-09-21T01:00:52Z,pdf_scanned,true,raw/la/la_1023/20260921T0100Z__scanned.pdf,ຂໍ້ຕົກລົງ ວ່າດ້ວຍການສື່ສານຜ່ານດາວທຽມ,,,,requests,200,raw/la/la_1023/20260921T0100Z__scanned.pdf.headers.json,application/pdf,3f997f96aa06ba4a838b2acb0fbe47fd23b96e4d893dfc73edd2c596f8b6981e,2605829,10,,,,corpus LA_corpus_2026-09-21: from LA_ws_2026-09-21; flags no_text_layer,2016-08-30,,,in_force
0.2.0,,la-la1024-001,LA,https://laoofficialgazette.gov.la/kcfinder/upload/files/ຂໍ້ຕົກລົງ ວ່າດ້ວຍການອະນຸຍາດດຳເນີນທຸລະກິດບໍລິການໄປສະນີ.pdf,2026-09-21T01:07:37Z,pdf_scanned,true,raw/la/la_1024/20260921T0107Z__scanned.pdf,ຂໍ້ຕົກລົງ ວ່າດ້ວຍການອະນຸຍາດດຳເນີນທຸລະກິດບໍລິການໄປສະນີ,,,,requests,200,raw/la/la_1024/20260921T0107Z__scanned.pdf.headers.json,application/pdf,8db49068147d96c2e3835c46de5cc3f3640c08a026a53af2d87f69e22b2f2da1,2827565,9,,,,corpus LA_corpus_2026-09-21: from LA_ws_2026-09-21; flags no_text_layer,2016-08-30,,,repealed
0.2.0,,la-la1027-001,LA,https://laoofficialgazette.gov.la/kcfinder/upload/files/ຄຳສັ່ງແນະນຳ ການຄຸ້ມຄອງປົກປັກຮັກສາສາຍສົ່ງ ທລຄ ຈາກສະພາບໄຟໃໝ້ລາມປ່າ ທົ່ວແຂວງຈຳປາສັກ.pdf,2026-09-21T00:44:22Z,pdf_scanned,true,raw/la/la_1027/20260921T0044Z__scanned.pdf,ຄຳສັ່ງແນະນຳ ຂອງເຈົ້າແຂວງ ເລື່ອງການຄຸ້ມຄອງປົກປັກຮັກສາສານສົ່ງໂທລະຄົມມະນາຄົມ ຈາກສະພາບໄຟໃໝ້ລາມປ່າ ໃນຂອບເຂດທົ່ວແຂວງຈຳປາສັກ,,,,requests,200,raw/la/la_1027/20260921T0044Z__scanned.pdf.headers.json,application/pdf,de7460b2e9bb8700a16b56b81994b8a380051eb6c4c4f143e6c3c77f2039f3c5,461196,2,,,,corpus LA_corpus_2026-09-21: from LA_ws_2026-09-21; flags no_text_layer,2016-08-31,,,in_force
0.2.0,,la-la1028-001,LA,"https://laoofficialgazette.gov.la/kcfinder/upload/files/ຄຳສັ່ງແນະນຳ ການສຸມທຸກກຳລັງແຮງເພື່ອປະກອບສ່ວນ, ການລະບາດຂອງພະຍາດໄຂ້ຍຸງລາຍຢູ່ແຂວງຈຳປາສັກ.pdf",2026-09-21T02:57:27Z,pdf_scanned,true,raw/la/la_1028/20260921T0257Z__scanned.pdf,"ຄຳສັ່ງແນະນຳ ເລື່ອງການສຸມທຸກກຳລັງແຮງເພື່ອປະກອບສ່ວນ, ເຂົ້າຮ່ວມໃນການປ້ອງກັນ ແລະ ຕອບໂຕ້ ການລະບາດຂອງພະຍາດໄຂ້ຍຸງລາຍຢູ່ແຂວງຈຳປາສັກ",,,,requests,200,raw/la/la_1028/20260921T0257Z__scanned.pdf.headers.json,application/pdf,034d5a8b412250d9dd1d687792d1788196e65327902a8187d9de96b5bd8b8784,1179945,3,,,,corpus LA_corpus_2026-09-21: from LA_ws_2026-09-21; flags no_text_layer,2016-08-31,,,in_force
0.2.0,,la-la1030-001,LA,https://laoofficialgazette.gov.la/kcfinder/upload/files/ຂໍ້ຕົກລົງ ການຄຸ້ມຄອງ ແລະ ນຳໃຊ້ເນື້ອທີ່ປ່າສະຫງວນແຫ່ງຊາດ ດົງຫົວສາວ  .pdf,2026-09-21T04:34:59Z,pdf_scanned,true,raw/la/la_1030/20260921T0434Z__scanned.pdf,"ຂໍ້ຕົກລົງ ວ່າດ້ວຍການຄຸ້ມຄອງ ແລະ ນຳໃຊ້ເນື້ອທີ່ປ່າສະຫງວນແຫ່ງຊາດດົງຫົວສາວ ເຂດເມືອງປາກຊ່ອງ ເພື່ອອະນຸລັກຮັກສາ, ປັບປຸງໃຫ້ກາຍເປັນແຫຼ່ງທ່ອງທ່ຽວທຳມະຊາດ",,,,requests,200,raw/la/la_1030/20260921T0434Z__scanned.pdf.headers.json,application/pdf,af57f8c47ca9442009dd8256f5cd45424e5d89701d6fa1ab4887028a252efcd1,246957,1,,,,corpus LA_corpus_2026-09-21: from LA_ws_2026-09-21; flags no_text_layer,2016-08-31,,,in_force
0.2.0,,la-la1031-001,LA,https://laoofficialgazette.gov.la/kcfinder/upload/files/ຂໍ້ຕົກລົງ ວ່າດ້ວຍການຮັບຮອງນາມມະຍົດບ້ານໃຫຍ່ກາຍເປັນຕົວເມືອງນ້ອຍໃນຊົນນະບົດ5.pdf,2026-09-21T04:35:08Z,pdf_scanned,true,raw/la/la_1031/20260921T0435Z__scanned.pdf,ຂໍ້ຕົກລົງ ວ່າດ້ວຍການຮັບຮອງນາມມະຍົດບ້ານໃຫຍ່ກາຍເປັນຕົວເມືອງນ້ອຍໃນຊົນນະບົດ,,,,requests,200,raw/la/la_1031/20260921T0435Z__scanned.pdf.headers.json,application/pdf,f2f15ff975c1b3b2041e8b0eef750df214d5d217dd6e3d082bf11201596ef3db,219381,1,,,,corpus LA_corpus_2026-09-21: from LA_ws_2026-09-21; flags no_text_layer,2016-08-31,,,in_force
0.2.0,,la-la1032-001,LA,https://laoofficialgazette.gov.la/kcfinder/upload/files/ຂໍ້ຕົກລົງ ວ່າດ້ວຍການຮັບຮອງນາມມະຍົດບ້ານໃຫຍ່ກາຍເປັນຕົວເມືອງນ້ອຍໃນຊົນນະບົດ4.pdf,2026-09-21T04:35:14Z,pdf_scanned,true,raw/la/la_1032/20260921T0435Z__scanned.pdf,ຂໍ້ຕົກລົງ ວ່າດ້ວຍການຮັບຮອງນາມມະຍົດບ້ານໃຫຍ່ກາຍເປັນຕົວເມືອງນ້ອຍໃນຊົນນະບົດ,,,,playwright,200,raw/la/la_1032/20260921T0435Z__scanned.pdf.headers.json,application/pdf,1bf1a62c3b11fdc44e692d44de820b6a02e8988f94cbc69a56a90561f4f5554f,222367,1,,,,corpus LA_corpus_2026-09-21: from LA_ws_2026-09-21; flags no_text_layer,2016-08-31,,,in_force
0.2.0,,la-la1033-001,LA,https://laoofficialgazette.gov.la/kcfinder/upload/files/ຂໍ້ຕົກລົງ ວ່າດ້ວຍການຮັບຮອງນາມມະຍົດບ້ານໃຫຍ່ກາຍເປັນຕົວເມືອງນ້ອຍໃນຊົນນະບົດ3.pdf,2026-09-21T04:35:27Z,pdf_scanned,true,raw/la/la_1033/20260921T0435Z__scanned.pdf,ຂໍ້ຕົກລົງ ວ່າດ້ວຍການຮັບຮອງນາມມະຍົດບ້ານໃຫຍ່ກາຍເປັນຕົວເມືອງນ້ອຍໃນຊົນນະບົດ,,,,requests,200,raw/la/la_1033/20260921T0435Z__scanned.pdf.headers.json,application/pdf,3765844abea31ebc5180566ca45b2d71dc6d03890e747e97c1383b03fb8ee7ee,269570,1,,,,corpus LA_corpus_2026-09-21: from LA_ws_2026-09-21; flags no_text_layer,2016-08-31,,,in_force
0.2.0,,la-la1034-001,LA,https://laoofficialgazette.gov.la/kcfinder/upload/files/ຂໍ້ຕົກລົງ ວ່າດ້ວຍການຮັບຮອງນາມມະຍົດບ້ານໃຫຍ່ກາຍເປັນຕົວເມືອງນ້ອຍໃນຊົນນະບົດ2.pdf,2026-09-21T04:35:31Z,pdf_scanned,true,raw/la/la_1034/20260921T0435Z__scanned.pdf,ຂໍ້ຕົກລົງ ວ່າດ້ວຍການຮັບຮອງນາມມະຍົດບ້ານໃຫຍ່ກາຍເປັນຕົວເມືອງນ້ອຍໃນຊົນນະບົດ,,,,requests,200,raw/la/la_1034/20260921T0435Z__scanned.pdf.headers.json,application/pdf,2225bccd9c10aa8c3cadb9e2eb33bb0f62dfcdd191556c359e36b5037d5192bf,211821,1,,,,corpus LA_corpus_2026-09-21: from LA_ws_2026-09-21; flags no_text_layer,2016-08-31,,,in_force
0.2.0,,la-la1035-001,LA,https://laoofficialgazette.gov.la/kcfinder/upload/files/ຂໍ້ຕົກລົງ ວ່າດ້ວຍການຮັບຮອງນາມມະຍົດບ້ານໃຫຍ່ກາຍເປັນຕົວເມືອງນ້ອຍໃນຊົນນະບົດ.pdf,2026-09-21T04:35:38Z,pdf_scanned,true,raw/la/la_1035/20260921T0435Z__scanned.pdf,ຂໍ້ຕົກລົງ ວ່າດ້ວຍການຮັບຮອງນາມມະຍົດບ້ານໃຫຍ່ກາຍເປັນຕົວເມືອງນ້ອຍໃນຊົນນະບົດ,,,,requests,200,raw/la/la_1035/20260921T0435Z__scanned.pdf.headers.json,application/pdf,54735dc16baf9c3f4e7b675301e5a8802f6bc678a60c9b2049d818e7321bd9bb,208051,1,,,,corpus LA_corpus_2026-09-21: from LA_ws_2026-09-21; flags no_text_layer,2016-08-31,,,in_force
0.2.0,,la-la1037-001,LA,https://laoofficialgazette.gov.la/kcfinder/upload/files/ຂໍ້ຕົກລົງ ວ່າດ້ວຍການສ້າງບ້ານພັດທະນາດ້ານແຮງງານ.pdf,2026-09-21T01:00:43Z,pdf_scanned,true,raw/la/la_1037/20260921T0100Z__scanned.pdf,ຂໍ້ຕົກລົງ ຂອງລັດຖະມົນຕີ ວ່າດ້ວຍການສ້າງບ້ານພັດທະນາດ້ານແຮງງານ ແລະ ສະຫວັດດີການສັງຄົມ,,,,requests,200,raw/la/la_1037/20260921T0100Z__scanned.pdf.headers.json,application/pdf,0c499bc6028d97f30706ede25c9f87028f9223b4b50aac45ae1c80b75aa8fc1f,664249,8,,,,corpus LA_corpus_2026-09-21: from LA_ws_2026-09-21; flags no_text_layer,2016-09-09,,,in_force
0.2.0,,la-la1039-001,LA,https://laoofficialgazette.gov.la/kcfinder/upload/files/ຄຳສັ່ງ ແກ້ໄຂວຽກງານເຂດແດນເຊື່ອມຕໍ່ລະຫວ່າງແຂວງ.pdf,2026-09-21T02:57:18Z,pdf_scanned,true,raw/la/la_1039/20260921T0257Z__scanned.pdf,"ຄຳສັ່ງ ວ່າດ້ວຍການຄຸ້ມຄອງ ແລະ ແກ້ໄຂວຽກງານເຂດແດນເຊື່ອມຕໍ່ລະຫວ່າງນະຄອນຫຼວງ, ແຂວງກັບແຂວງ ທົ່ວປະເທດ",,,,requests,200,raw/la/la_1039/20260921T0257Z__scanned.pdf.headers.json,application/pdf,cbd454c6ae8505480e4397070905c00f98e3a33b7f0267e3adb8ffeb8eb6e983,2419119,3,,,,corpus LA_corpus_2026-09-21: from LA_ws_2026-09-21; flags no_text_layer,2016-09-13,,,in_force
0.2.0,,la-la1040-001,LA,https://laoofficialgazette.gov.la/kcfinder/upload/files/ຄຳສັ່ງ ສ້າງຕັ້ງເທດສະບານ ແລະ ນະຄອນ.pdf,2026-09-21T02:57:10Z,pdf_scanned,true,raw/la/la_1040/20260921T0257Z__scanned.pdf,ຄຳສັ່ງ ວ່າດ້ວຍການສ້າງຕັ້ງ ເທດສະບານ ແລະ ນະຄອນ,,,,requests,200,raw/la/la_1040/20260921T0257Z__scanned.pdf.headers.json,application/pdf,74eb2ff387235d262e0f2118e22c4db6a4ecb52d1ecec04499d004a2000bf204,956032,2,,,,corpus LA_corpus_2026-09-21: from LA_ws_2026-09-21; flags no_text_layer,2016-09-13,,,in_force
0.2.0,,la-la1041-001,LA,https://laoofficialgazette.gov.la/kcfinder/upload/files/ຄໍາແນະນໍາ ວຽກເຂດແດນເຊື່ອມຕໍ່ລະຫວ່າງແຂວງ.pdf,2026-09-21T05:22:01Z,pdf_scanned,true,raw/la/la_1041/20260921T0522Z__scanned.pdf,"ຄຳແນະນຳ ກ່ຽວກັບການຈັດຕັ້ງປະຕິບັດຄຳສັ່ງຂອງນາຍົກລັດຖະມົນຕີ ສະບັບເລກທີ 56/ນຍ ວ່າດ້ວຍການຄຸ້ມຄອງ ແລະ ແກ້ໄຂວຽກງານ ເຂດແດນເຊື່ອຕໍ່ລະຫວ່າງນະຄອນຫຼວງ, ແຂວງ ກັບ ແຂວງ ທົ່ວປະເທດ",,,,requests,200,raw/la/la_1041/20260921T0522Z__scanned.pdf.headers.json,application/pdf,1e37c4a71e9733c52c1f6b600783d29a465224d5fac8ef52fd9b69d3061b2bd4,4324506,6,,,,corpus LA_corpus_2026-09-21: from LA_ws_2026-09-21; flags no_text_layer,2016-09-13,,,in_force
0.2.0,,la-la1042-001,LA,https://laoofficialgazette.gov.la/kcfinder/upload/files/ດຳລັດ ວ່າດ້ວຍການຄຸ້ມຄອງ.pdf,2026-09-21T02:30:04Z,pdf_native,false,raw/la/la_1042/20260921T0230Z__native.pdf,ດຳລັດ ວ່າດ້ວຍການຄຸ້ມຄອງ ແລະ ປົກປ້ອງການເຄື່ອນໄຫວສາສະໜາ ຢູ່ ສປປ ລາວ,,,,requests,200,raw/la/la_1042/20260921T0230Z__native.pdf.headers.json,application/pdf,6b608bd5ab22b9b26442a504a556b7fb141936a32749927b8fc59263704eafa7,2747010,15,,,,corpus LA_corpus_2026-09-21: from LA_ws_2026-09-21,2016-09-13,,,in_force
0.2.0,,la-la1043-001,LA,https://laoofficialgazette.gov.la/kcfinder/upload/files/ຄຳສັ່ງ ການປ້ອງກັນ ແລະ ກຳຈັດຈັດຕັກແຕນຝູງໄມ້ປ່ອງ.pdf,2026-09-21T02:57:08Z,pdf_native,false,raw/la/la_1043/20260921T0257Z__native.pdf,"ຄຳສັ່ງ ວ່າດ້ວຍການເພີ່ມທະວີຄວາມຮັບຜິດຊອບ ຕໍ່ການປ້ອງກັນ ແລະ ກຳຈັດຕັກແຕນຝູງໄມ້ປ່ອງ ຢູ່ ແຂວງພາກເໜືອ, ສປປ ລາວ",,,,requests,200,raw/la/la_1043/20260921T0257Z__native.pdf.headers.json,application/pdf,2f491ef0d4580f39491fd046dd65fe9598dce9ef9ae730a62b92a43a2454f11e,2914978,4,,,,corpus LA_corpus_2026-09-21: from LA_ws_2026-09-21,2016-09-14,,,in_force
0.2.0,,la-la1048-001,LA,https://laoofficialgazette.gov.la/kcfinder/upload/files/ຄຳສັ່ງ ການຫ້າມຊື້-ຂາຍ.pdf,2026-09-21T02:56:50Z,pdf_native,false,raw/la/la_1048/20260921T0256Z__native.pdf,"ຄຳສັ່ງ ວ່າດ້ວຍການຫ້າມຊື້-ຂາຍ, ຫ້າມນຳເຂົ້າ ແລະ ຫ້າມນຳໃຊ້ຢາຂ້າຫຍ້າ, ຢາປາບສັດຕູພືດ ຝຸ່ນວິທະຍາສາດບາງຊະນິດ ທີ່ບໍ່ຖືກຕ້ອງຕາມລະບຽບການ ແລະ ບໍ່ໄດ້ຮັບອະນຸຍາດ ຈາກພາກສ່ວນທີ່ກ່ຽວຂ້ອງ",,,,requests,200,raw/la/la_1048/20260921T0256Z__native.pdf.headers.json,application/pdf,f29433ded2f847de812a32c1cd2073aceea251f88b7936cd01059bb8013a86d5,1982718,3,,,,corpus LA_corpus_2026-09-21: from LA_ws_2026-09-21,2016-09-27,,,in_force
0.2.0,,la-la1051-001,LA,https://laoofficialgazette.gov.la/kcfinder/upload/files/3349.pdf,2026-09-21T05:21:52Z,pdf_native,false,raw/la/la_1051/20260921T0521Z__native.pdf,"ຄຳແນະນຳ ກ່ຽວກັບການຈັດຕັ້ງຜັນຂະຫຍາຍ ຄຳສັ່ງ ສະບັບເລກທີ 28/ນຍ, ລົງວັນທີ 16 ສິງຫາ 2016 ວ່າດ້ວຍການເພີ່ມທະວີຄວາມຮັບຜິດຊອບຕໍ່ການປ້ອງກັນ ແລະ ກຳຈັດຕັກແຕນຝູງໄມ້ປ່ອງ ຢູ່ແຂວງພາກເໜືອ, ສປປ ລາວ",,,,requests,200,raw/la/la_1051/20260921T0521Z__native.pdf.headers.json,application/pdf,656450b05a62398a3358f54fe6610105a146f6d80ca9a08a1782812dfc302804,2478379,3,,,,corpus LA_corpus_2026-09-21: from LA_ws_2026-09-21,2016-10-07,,,in_force
0.2.0,,la-la1053-001,LA,https://laoofficialgazette.gov.la/kcfinder/upload/files/770.pdf,2026-09-21T01:07:35Z,pdf_native,false,raw/la/la_1053/20260921T0107Z__native.pdf,ຂໍ້ຕົກລົງ ວ່າດ້ວຍການນຳໃຊ້ເອກະສານກ່ຽວກັບທະບຽນຄອບຄົວ,,,,requests,200,raw/la/la_1053/20260921T0107Z__native.pdf.headers.json,application/pdf,1a0a09a302acf80b3964831b2b037ca32350805355e20e42a2d940a17297f612,3894015,19,,,,corpus LA_corpus_2026-09-21: from LA_ws_2026-09-21; flags no_text_layer,2016-10-18,,,repealed
0.2.0,,la-la1054-001,LA,https://laoofficialgazette.gov.la/kcfinder/upload/files/633.pdf,2026-09-21T05:00:42Z,pdf_native,false,raw/la/la_1054/20260921T0500Z__native.pdf,ຂໍ້ຕົກລົງ ວ່າດ້ວຍການຄຸ້ມຄອງການຍົກຍ້າຍພົນລະເມືອງ,,,,requests,200,raw/la/la_1054/20260921T0500Z__native.pdf.headers.json,application/pdf,0b7419b2bce85cc1aaf3cbbd2ee348d71c712f6d8a06c8ba6d84204da1e6ccd2,4695177,17,,,,corpus LA_corpus_2026-09-21: from LA_ws_2026-09-21,2016-10-18,,,repealed
0.2.0,,la-la1056-001,LA,https://laoofficialgazette.gov.la/kcfinder/upload/files/974.pdf,2026-09-21T02:56:40Z,pdf_native,false,raw/la/la_1056/20260921T0256Z__native.pdf,ຄຳສັ່ງ ວ່າດ້ວຍການເພີ່ມທະວີຄວາມຮັບຜິດຊອບເຝົ້າລະວັງຕໍ່ການປ້ອງກັນ ແລະ ກຳຈັດຕັກແຕນຝູງໄມ້ປ່ອງຢູ່ແຂວງໄຊສົມບູນ,,,,requests,200,raw/la/la_1056/20260921T0256Z__native.pdf.headers.json,application/pdf,9432506b09595b354c5e07f5caad67636ce8fec5091e68745579a13a8c98bc39,2328513,4,,,,corpus LA_corpus_2026-09-21: from LA_ws_2026-09-21,2016-10-18,,,in_force
0.2.0,,la-la1057-001,LA,https://laoofficialgazette.gov.la/kcfinder/upload/files/scan2.pdf,2026-09-21T04:34:57Z,pdf_native,false,raw/la/la_1057/20260921T0434Z__native.pdf,ຂໍ້ຕົກລົງ ວ່າດ້ວຍການຄຸ້ມຄອງ ແລະ ພັດທະນາ ເຂດແຄມຂອງ ບໍລິເວນຫາດດອນຈັນ ນະຄອນຫຼວງວຽງຈັນ,,,,requests,200,raw/la/la_1057/20260921T0434Z__native.pdf.headers.json,application/pdf,1d29d466f9c6d068b257607574d249d00c9765a50475c787b2e8d0c17a1df01b,4745952,8,,,,corpus LA_corpus_2026-09-21: from LA_ws_2026-09-21,2016-10-18,,,in_force
0.2.0,,la-la1058-001,LA,https://laoofficialgazette.gov.la/kcfinder/upload/files/11111.pdf,2026-09-21T00:44:15Z,pdf_native,false,raw/la/la_1058/20260921T0044Z__native.pdf,ຄຳສັ່ງ ຂອງເຈົ້າແຂວງໆວຽງຈັນ ກ່ຽວກັບການຈັດຕັ້ງປະຕິບັດກົດໝາຍວ່າດ້ວຍທະບຽນສານ,,,,requests,200,raw/la/la_1058/20260921T0044Z__native.pdf.headers.json,application/pdf,8029503d043ff270fda11babba6fdcccd60f6a193119c00e23a3827e46483ac7,1081420,2,,,,corpus LA_corpus_2026-09-21: from LA_ws_2026-09-21,2016-10-18,,,in_force
0.2.0,,la-la1060-001,LA,https://laoofficialgazette.gov.la/kcfinder/upload/files/002.pdf,2026-09-21T02:54:56Z,pdf_native,false,raw/la/la_1060/20260921T0254Z__native.pdf,ຄຳສັ່ງ ວ່າດ້ວຍການເພີ່ມທະວີວຽກງານ ສະກັດກັ້ນ ແລະ ແກ້ໄຂປະກົດການຫຍໍ້ທໍ້ໃນສັງຄົມ,,,,requests,200,raw/la/la_1060/20260921T0254Z__native.pdf.headers.json,application/pdf,d78cb4cbcbf16ec0a5c45d6e55cf32574ee64b114e944f95a28dd8b8f47458d0,1994281,3,,,,corpus LA_corpus_2026-09-21: from LA_ws_2026-09-21,2016-10-20,,,in_force
0.2.0,,la-la1061-001,LA,https://laoofficialgazette.gov.la/kcfinder/upload/files/015.pdf,2026-09-21T02:55:16Z,pdf_native,false,raw/la/la_1061/20260921T0255Z__native.pdf,ຄຳສັ່ງແນະນຳ ຂອງເຈົ້າແຂວງ-ແຂວງບໍລິຄຳໄຊ ກ່ຽວກັບການຄຸ້ມຄອງສາຍສົ່ງໄຟຟ້າແຮງສູງ,,,,requests,200,raw/la/la_1061/20260921T0255Z__native.pdf.headers.json,application/pdf,8f96254e2b126c626b5ec61d868fb13d3dfa2a8e2cd0dc0a3ed22d4f95cc5c4c,1346707,2,,,,corpus LA_corpus_2026-09-21: from LA_ws_2026-09-21,2016-10-20,,,in_force
0.2.0,,la-la1062-001,LA,https://laoofficialgazette.gov.la/kcfinder/upload/files/25.pdf,2026-09-21T02:55:27Z,pdf_native,false,raw/la/la_1062/20260921T0255Z__native.pdf,ຄຳສັ່ງແນະນຳ ກ່ຽວກັບການຈັດຕັ້ງປະຕິບັດການເກັບເງິນພັນທະກອງທຶນ ພັດທະນາການທ່ອງທ່ຽວຂັ້ນແຂວງຢູ່ ດ່ານສາກົນພາຍໃນແຂວງບໍລິຄຳໄຊ,,,,requests,200,raw/la/la_1062/20260921T0255Z__native.pdf.headers.json,application/pdf,6a163b07d19f62987b655cee9f12f7cb0e645a4d16ef9801449880bdcb4d09ea,1462636,2,,,,corpus LA_corpus_2026-09-21: from LA_ws_2026-09-21,2016-10-20,,,in_force
0.2.0,,la-la1063-001,LA,https://laoofficialgazette.gov.la/kcfinder/upload/files/030.pdf,2026-09-21T02:55:34Z,pdf_native,false,raw/la/la_1063/20260921T0255Z__native.pdf,ຄຳສັ່ງ ຂອງເຈົ້າແຂວງ-ແຂວງບໍລິຄຳໄຊ ວ່າດ້ວຍການປະຢັດ ແລະ ຕ້ານການຟູມເຟືອຍ,,,,requests,200,raw/la/la_1063/20260921T0255Z__native.pdf.headers.json,application/pdf,03a5c39b40db261252836448abb8710ae6524e6fd49f523615959dbb12ec1827,5879184,8,,,,corpus LA_corpus_2026-09-21: from LA_ws_2026-09-21,2016-10-20,,,in_force
0.2.0,,la-la1064-001,LA,https://laoofficialgazette.gov.la/kcfinder/upload/files/023.pdf,2026-09-21T02:55:36Z,pdf_native,false,raw/la/la_1064/20260921T0255Z__native.pdf,ຄຳສັ່ງແນະນຳ ວ່າດ້ວຍການຕິດຕາມກວດກາ ແລະ ປະເມີນຜົນໂຄງການລົງທຶນຂອງລັດ ທີ່ກຳລັງຈັດຕັ້ງປະຕິບັດ,,,,requests,200,raw/la/la_1064/20260921T0255Z__native.pdf.headers.json,application/pdf,6e2946b960cfaeb270ed350cddd558ac04094fcb6c767895963a101eb91e6934,2000324,3,,,,corpus LA_corpus_2026-09-21: from LA_ws_2026-09-21,2016-10-20,,,in_force
0.2.0,,la-la1065-001,LA,https://laoofficialgazette.gov.la/kcfinder/upload/files/016.pdf,2026-09-21T02:55:45Z,pdf_native,false,raw/la/la_1065/20260921T0255Z__native.pdf,"ຄຳສັ່ງ ວ່າດ້ວຍການເພີ່ມທະວີຄວາມເຂັ້ມງວດໃນການຄຸ້ມຄອງ ແລະ ກວດກາ ການຂຸດຄົ້ນໄມ້, ເຄື່ອນຍ້າຍໄມ້ ແລະ ທຸລະກິດໄມ້",,,,requests,200,raw/la/la_1065/20260921T0255Z__native.pdf.headers.json,application/pdf,588d095c1c0b3d2a85a973fe0fde8e959eb61700adafed91a24163a64a2af8b1,2287767,3,,,,corpus LA_corpus_2026-09-21: from LA_ws_2026-09-21,2016-10-20,,,in_force
0.2.0,,la-la1066-001,LA,https://laoofficialgazette.gov.la/kcfinder/upload/files/013.pdf,2026-09-21T02:55:50Z,pdf_native,false,raw/la/la_1066/20260921T0255Z__native.pdf,"ຄຳສັ່ງ ກ່ຽວກັບການເພີ່ມທະວີຄວາມເຂັ້ມງວດ ໃນການຄຸ້ມຄອງ, ກວດກາຝຸ່ນ, ແນວພັນພືດ ແລະ ຢາຂ້າຫຍ້າ ລວມທັງຢາປາບສັດຕູພືດອື່ນໆ ທີ່ນຳໃຊ້ຢູ່ພາຍໃນ ແຂວງບໍລິຄຳໄຊ",,,,requests,200,raw/la/la_1066/20260921T0255Z__native.pdf.headers.json,application/pdf,f2ecbbae9483859215039e4b5f40b3769e05f0803e8a3ecc7699608f5dd13015,1767358,2,,,,corpus LA_corpus_2026-09-21: from LA_ws_2026-09-21,2016-10-20,,,in_force
0.2.0,,la-la1067-001,LA,https://laoofficialgazette.gov.la/kcfinder/upload/files/012.pdf,2026-09-21T02:55:59Z,pdf_native,false,raw/la/la_1067/20260921T0255Z__native.pdf,"ຄຳສັ່ງແນະນຳ ກ່ຽວກັບການຄຸ້ມຄອງຕາຂ່າຍໄຟຟ້າແຮງກາງ 22 ກວ, ແຮງຕ່ຳ 0.4 ກວ ແລະ ປ້ອມໝໍ້ແປງ",,,,requests,200,raw/la/la_1067/20260921T0255Z__native.pdf.headers.json,application/pdf,9e176e0966640e56a351bdfb926207085cf15371abe03c3bdc5265f86f2e14ed,1808636,3,,,,corpus LA_corpus_2026-09-21: from LA_ws_2026-09-21,2016-10-20,,,in_force
0.2.0,,la-la1068-001,LA,https://laoofficialgazette.gov.la/kcfinder/upload/files/005.pdf,2026-09-21T02:54:52Z,pdf_native,false,raw/la/la_1068/20260921T0254Z__native.pdf,"ຄຳສັ່ງແນະນຳ ການຈັດຕັ້ງຜັນຂະຫຍາຍດຳລັດ, ມະຕິຕົກລົງ ແລະ ຄຳສັ່ງແນະນຳ ຂອງສູນກາງ ກ່ຽວກັບການຈັດຕັ້ງກວດກາການ ເຂົ້າ-ອອກເມືອງ, ການຄຸ້ມຄອງຄົນລາວ ແລະ ຄົນຕ່າງປະເທດ ຢູ່ແຂວງບໍລິຄຳໄຊ",,,,requests,200,raw/la/la_1068/20260921T0254Z__native.pdf.headers.json,application/pdf,1f14cf123cc0b602e65dd542787953ecba7e169ba0faa62fd45bcae697e5db54,4118116,6,,,,corpus LA_corpus_2026-09-21: from LA_ws_2026-09-21,2016-10-20,,,in_force
0.2.0,,la-la1069-001,LA,https://laoofficialgazette.gov.la/kcfinder/upload/files/003.pdf,2026-09-21T02:03:38Z,pdf_scanned,true,raw/la/la_1069/20260921T0203Z__scanned.pdf,ຄຳສັ່ງແນະນຳ ກ່ຽວກັບລົດຂົນສົ່ງສິນຄ້າທີ່ບັນທຸກນ້ຳໜັກເກີນກຳນົດ ຕາມສາຍທາງ ເລກ 8A ອອກໄປ ສສ ຫວຽດນາມ ແລະ ເສັ້ນທາງສາຍອື່ນໆໃນຂອບເຂດ ແຂວງບໍລິຄຳໄຊ,,,,requests,200,raw/la/la_1069/20260921T0203Z__scanned.pdf.headers.json,application/pdf,08512e0da0143e1f7334b1ecafbbdaa0f5f479ae2ed0b0337325370600371e37,1905794,3,,,,corpus LA_corpus_2026-09-21: from LA_ws_2026-09-21; flags no_text_layer,2016-10-20,,,in_force
0.2.0,,la-la1070-001,LA,https://laoofficialgazette.gov.la/kcfinder/upload/files/001.pdf,2026-09-21T02:35:18Z,pdf_scanned,true,raw/la/la_1070/20260921T0235Z__scanned.pdf,"ຄຳສັ່ງ ຂອງທ່ານເຈົ້າແຂວງ-ແຂວງບໍລິຄຳໄຊ ປະທານຄະນະກຳມະການຍົກຍ້າຍຈັດສັນ ແລະ ຟື້ນຟູຊີວິດການເປັນຢູ່ຂອງປະຊາຊົນໂຄງການເຂື່ອນໄຟຟ້ານໍ້ຳງຽບ1, ກ່ຽວກັບການກຳນົດ ວັນເລີ່ມຕົ້ນໂຄງການ",,,,requests,200,raw/la/la_1070/20260921T0235Z__scanned.pdf.headers.json,application/pdf,1f639a8abab9d67d22950fe40a541031d50f56ae8b888ffc588d337b639340c6,55048,2,,,,corpus LA_corpus_2026-09-21: from LA_ws_2026-09-21; flags no_text_layer,2016-10-20,,,in_force
0.2.0,,la-la1075-001,LA,https://laoofficialgazette.gov.la/kcfinder/upload/files/010.pdf,2026-09-21T02:54:36Z,pdf_native,false,raw/la/la_1075/20260921T0254Z__native.pdf,ຄຳສັ່ງແນະນຳ ວ່າດ້ວຍຢຸດຕິການຕັ້ງສະນຳ,,,,playwright,200,raw/la/la_1075/20260921T0254Z__native.pdf.headers.json,application/pdf,80d93a73b5ce7c33bae75bec0c4ce13607d01cf38a19211f554a18a8f414f62e,2660584,3,,,,corpus LA_corpus_2026-09-21: from LA_ws_2026-09-21,2016-11-08,,,in_force
0.2.0,,la-la1076-001,LA,https://laoofficialgazette.gov.la/kcfinder/upload/files/017.pdf,2026-09-21T02:54:28Z,pdf_scanned,true,raw/la/la_1076/20260921T0254Z__scanned.pdf,ຄຳສັ່ງ ວ່າດ້ວຍການເພີ່ມທະວີຄວາມເຂັ້ມງວດ ໃນການຄຸ້ມຄອງ ແລະ ກວດກາການຂຸດຄົ້ນ ແຮ່ຄຳຕົກຂ້ອນ ແລະ ແຮ່ທາດອື່ນໆ ພາຍໃນແຂວງ,,,,requests,200,raw/la/la_1076/20260921T0254Z__scanned.pdf.headers.json,application/pdf,1b0a154d4e057d360d1134f5bf3b9d0f3ca7aa6b5f18fa45c1d665766daeab7b,573926,2,,,,corpus LA_corpus_2026-09-21: from LA_ws_2026-09-21; flags no_text_layer,2016-11-08,,,in_force
0.2.0,,la-la1088-001,LA,https://laoofficialgazette.gov.la/kcfinder/upload/files/3115.pdf,2026-09-21T01:00:37Z,pdf_scanned,true,raw/la/la_1088/20260921T0100Z__scanned.pdf,"ຂໍ້ຕົກລົງ ວ່າດ້ວຍການກຳນົດຊ່ອງຄວາມຖີ່ສຳລັບວຽກງານສື່ສານປະຈຳທີ່ ຈຸດຫາຈຸດ ໃນແຖບຄວາມຖີ່ 7GHz, 13GHz ແລະ 15GHz",,,,requests,200,raw/la/la_1088/20260921T0100Z__scanned.pdf.headers.json,application/pdf,2595d0f56e01aeb07d5af27a0192d3d455869e1907004e2cc2d8663bc070893a,3870578,13,,,,corpus LA_corpus_2026-09-21: from LA_ws_2026-09-21; flags no_text_layer,2016-11-15,,,in_force
0.2.0,,la-la1089-001,LA,https://laoofficialgazette.gov.la/kcfinder/upload/files/3603.pdf,2026-09-21T04:33:49Z,pdf_scanned,true,raw/la/la_1089/20260921T0433Z__scanned.pdf,ຂໍ້ຕົກລົງ ວ່າດ້ວຍຈັນຍາບັນສຳລັບນັກວິຊາຊີບການບັນຊີ,,,,requests,200,raw/la/la_1089/20260921T0433Z__scanned.pdf.headers.json,application/pdf,d447179b9536f754f8e981bb90b434ec283237538a9045d664c0315756273552,1080151,17,,,,corpus LA_corpus_2026-09-21: from LA_ws_2026-09-21; flags no_text_layer,2016-11-25,,,in_force
0.2.0,,la-la1090-001,LA,https://laoofficialgazette.gov.la/kcfinder/upload/files/1274.pdf,2026-09-21T02:54:19Z,pdf_scanned,true,raw/la/la_1090/20260921T0254Z__scanned.pdf,"ຄຳສັ່ງ ວ່າດ້ວຍການປົກປັກຮັກສາທີ່ດິນກະສິກຳ ແລະ ການຄຸ້ມຄອງການ ຫັນປ່ຽນທີ່ດິນກະສິກຳ ຕາມກົດໝາຍ, ຕາມທິດຍືນຍົງ ແລະ ໄປຕາມທ່າແຮງຂອງທ້ອງຖິ່ນ",,,,requests,200,raw/la/la_1090/20260921T0254Z__scanned.pdf.headers.json,application/pdf,1f43b4c08efca2a2e8927805d46f648fa4707718661e8ecad75c0ec4af244372,335764,4,,,,corpus LA_corpus_2026-09-21: from LA_ws_2026-09-21; flags no_text_layer,2016-11-25,,,in_force
0.2.0,,la-la1091-001,LA,https://laoofficialgazette.gov.la/kcfinder/upload/files/412.pdf,2026-09-21T00:40:51Z,pdf_scanned,true,raw/la/la_1091/20260921T0040Z__scanned.pdf,ດຳລັດ ວ່າດ້ວຍສູນຂໍ້ມູນຂ່າວສານຜ່ານອິນເຕີເນັດ,,,,requests,200,raw/la/la_1091/20260921T0040Z__scanned.pdf.headers.json,application/pdf,d9bdf6fec7f447221c46521728d7cf20a4233f51edfeccde4f3516454430f39f,888324,21,,,,corpus LA_corpus_2026-09-21: from LA_ws_2026-09-21; flags no_text_layer,2016-11-29,,,in_force
0.2.0,,la-la1092-001,LA,https://laoofficialgazette.gov.la/kcfinder/upload/files/3245.pdf,2026-09-21T01:07:21Z,pdf_scanned,true,raw/la/la_1092/20260921T0107Z__scanned.pdf,"ຂໍ້ຕົກລົງ ວ່າດ້ວຍ ຄຸນນະພາບເຄື່ອຂ່າຍໂທລະສັບມືຖື, ອິນເຕີເນັດ ແລະ ການບໍລິການ",,,,requests,200,raw/la/la_1092/20260921T0107Z__scanned.pdf.headers.json,application/pdf,2356bb669b1d79ed2aace6a3dfb7ffef5e5d82b5f996f9f01973f206cbe2153d,830895,13,,,,corpus LA_corpus_2026-09-21: from LA_ws_2026-09-21; flags no_text_layer,2016-11-29,,,repealed
0.2.0,,la-la1094-001,LA,https://laoofficialgazette.gov.la/kcfinder/upload/files/1008.pdf,2026-09-21T01:06:51Z,pdf_scanned,true,raw/la/la_1094/20260921T0106Z__scanned.pdf,ຂໍ້ຕົກລົງ ວ່າດ້ວຍການສະໜອງສິນເຊື່ອເປັນເງິນຕາຕ່າງປະເທດຂອງທະນາຄານທຸລະກິດ,,,,requests,200,raw/la/la_1094/20260921T0106Z__scanned.pdf.headers.json,application/pdf,fcdc8d4b55e60f63703213665e1a66033d9e8efb66e3ddd6a3a5fd352c0236fd,539562,4,,,,corpus LA_corpus_2026-09-21: from LA_ws_2026-09-21; flags no_text_layer,2016-12-01,,,repealed
0.2.0,,la-la1098-001,LA,https://laoofficialgazette.gov.la/kcfinder/upload/files/3905.pdf,2026-09-21T05:21:45Z,pdf_scanned,true,raw/la/la_1098/20260921T0521Z__scanned.pdf,ຄຳແນະນຳ ວ່າດ້ວຍການເກັບກຳ ແລະ ສຳຫຼວດ ຖານລາຍຮັບງົບປະມານຄືນໃໝ່ໃນຂອບເຂດທົ່ວປະເທດ,,,,requests,200,raw/la/la_1098/20260921T0521Z__scanned.pdf.headers.json,application/pdf,5df379f6994ec9c94d72e7471783ae88b7cc797cd4ca7f9d896c31e4512ddf8c,647538,5,,,,corpus LA_corpus_2026-09-21: from LA_ws_2026-09-21; flags no_text_layer,2016-12-12,,,in_force
0.2.0,,la-la1099-001,LA,https://laoofficialgazette.gov.la/kcfinder/upload/files/08.pdf,2026-09-21T02:54:12Z,pdf_scanned,true,raw/la/la_1099/20260921T0254Z__scanned.pdf,"ຄຳສັ່ງ ກ່ຽວກັບການເພີ່ມທະວີຄວາມເຂັ້ມງວດ ໃນການຄຸ້ມຄອງ ແລະ ກວດກາ ຝຸ່ນ, ແນວພັນພືດ, ຢາຂ້າຫຍ້າ ແລະ ຢາປາບສັດຕູພືດອື່ນໆ ໃນແຂວງຄຳມ່ວນ",,,,requests,200,raw/la/la_1099/20260921T0254Z__scanned.pdf.headers.json,application/pdf,abba879c805cb6bd303807f3f8606aedc0e125d196e155f26e947a67fc2fbb49,449398,3,,,,corpus LA_corpus_2026-09-21: from LA_ws_2026-09-21; flags no_text_layer,2016-12-16,,,in_force
0.2.0,,la-la1100-001,LA,https://laoofficialgazette.gov.la/kcfinder/upload/files/04.pdf,2026-09-21T02:42:09Z,pdf_scanned,true,raw/la/la_1100/20260921T0242Z__scanned.pdf,"ຄຳສັ່ງ ການສະກັດກັ້ນກຸ່ມຄົນບໍ່ດີທີ່ລັກອຸປະກອນສາຍໄຟຟ້າແຮງສູງ ແລະ ຫ້າມບໍ່ໃຫ້ປູກຕົ້ນໄມ້, ສິ່ງປຸກສ້າງຢູ່ກ້ອງແລວສາຍໄຟຟ້າແຮງສູງ ໃນເຂດແຂວງຄຳມ່ວນ",,,,requests,200,raw/la/la_1100/20260921T0242Z__scanned.pdf.headers.json,application/pdf,70e89862ec86a543e9fc7ff1cc6e5e98b1558cb88e17ef09d5d82c2cac235a62,1838341,5,,,,corpus LA_corpus_2026-09-21: from LA_ws_2026-09-21; flags no_text_layer,2016-12-16,,,in_force
0.2.0,,la-la1101-001,LA,https://laoofficialgazette.gov.la/kcfinder/upload/files/07.pdf,2026-09-21T05:21:29Z,pdf_scanned,true,raw/la/la_1101/20260921T0521Z__scanned.pdf,ຄຳແນະນຳ ວ່າດ້ວຍການຄຸ້ມຄອງການຄ່ຽນຖ່າຍສິນຄ້າຢູ່ດ່ານສາກົນພາຍໃນແຂວງຄຳມ່ວນ,,,,requests,200,raw/la/la_1101/20260921T0521Z__scanned.pdf.headers.json,application/pdf,8ebd4e0d5cc386509402f9d9520949f3fae9e798ecbcefb198d4f00c0702b47a,716483,6,,,,corpus LA_corpus_2026-09-21: from LA_ws_2026-09-21; flags no_text_layer,2016-12-16,,,in_force
0.2.0,,la-la1102-001,LA,https://laoofficialgazette.gov.la/kcfinder/upload/files/3426.pdf,2026-09-21T04:33:31Z,pdf_scanned,true,raw/la/la_1102/20260921T0433Z__scanned.pdf,ຂໍ້ຕົກລົງ ວ່າດ້ວຍການນຳໃຊ້ເລກໝາຍໂທລະສັບພິເສດ,,,,requests,200,raw/la/la_1102/20260921T0433Z__scanned.pdf.headers.json,application/pdf,8779afc318f4c564e43b79e0c2eb60727dcff7f3880d2dbc501492178ef2222d,547639,6,,,,corpus LA_corpus_2026-09-21: from LA_ws_2026-09-21; flags no_text_layer,2016-12-29,,,in_force
0.2.0,,la-la1103-001,LA,https://laoofficialgazette.gov.la/kcfinder/upload/files/3773.pdf,2026-09-21T02:54:05Z,pdf_scanned,true,raw/la/la_1103/20260921T0254Z__scanned.pdf,ຄຳສັ່ງ ກ່ຽວກັບການຢຸດຕິຊົ່ວຄາວ ການສີດພົ່ນຢາຂ້າເຊື້ອພາຫະນະທົ່ວໄປທີ່ເຂົ້າມາ ສປປ ລາວ,,,,requests,200,raw/la/la_1103/20260921T0254Z__scanned.pdf.headers.json,application/pdf,dc797aece1a6d51607d897e4fe5cd3f991e936e136f09ca852fc3242e27483f4,454455,2,,,,corpus LA_corpus_2026-09-21: from LA_ws_2026-09-21; flags no_text_layer,2016-12-29,,,in_force
0.2.0,,la-la1104-001,LA,https://laoofficialgazette.gov.la/kcfinder/upload/files/16.pdf,2026-09-21T05:21:21Z,pdf_scanned,true,raw/la/la_1104/20260921T0521Z__scanned.pdf,ຄຳແນະນຳ ການຈັດຕັ້ງປະຕິບັດ ດຳລັດວ່າດ້ວຍການຄຸ້ມຄອງ ແລະ ປົກປ້ອງ ການເຄື່ອນໄຫວສາສະໜາ ຢູ່ ສປປ ລາວ,,,,playwright,200,raw/la/la_1104/20260921T0521Z__scanned.pdf.headers.json,application/pdf,b62e31539064aee72678e22ef95a23f02a3c2ee422bb68a23f0d5b1c1262b1d4,885413,11,,,,corpus LA_corpus_2026-09-21: from LA_ws_2026-09-21; flags no_text_layer,2016-12-27,,,in_force
0.2.0,,la-la1105-001,LA,"https://laoofficialgazette.gov.la/kcfinder/upload/files/ຄຳສັ່ງວ່າດ້ວຍ ການກວດກາ, ເກັບກຳຂໍ້ມູນເຂົ້າສຳມະໂນ ແລະ ອອກສິດໃຊ້ທີ່ດິນ.pdf",2026-09-21T00:44:07Z,pdf_scanned,true,raw/la/la_1105/20260921T0044Z__scanned.pdf,"ຄຳສັ່ງ ວ່າດ້ວຍການກວດກາ, ເກັບກຳຂໍ້ມູນເຂົ້າສຳມະໂນ ແລະ ອອກສິດໃຊ້ທີ່ດິນ",,,,requests,200,raw/la/la_1105/20260921T0044Z__scanned.pdf.headers.json,application/pdf,cf314cee66a2a1322494bac00f833d29450eb1347e28a6fff7996d09bd2b54df,1269383,3,,,,corpus LA_corpus_2026-09-21: from LA_ws_2026-09-21; flags no_text_layer,2017-01-17,,,in_force
0.2.0,,la-la1106-001,LA,https://laoofficialgazette.gov.la/kcfinder/upload/files/ຄຳແນະນຳວ່າດ້ວຍ ການເພີ່ມທະວີຄວາມເອົາໃຈໃສ່ຕໍ່ວຽກງານທະບຽນສານ.pdf,2026-09-21T01:13:27Z,pdf_scanned,true,raw/la/la_1106/20260921T0113Z__scanned.pdf,ຄຳແນະນຳ ວ່າດ້ວຍການເພີ່ມທະວີຄວາມເອົາໃຈໃສ່ຕໍ່ວຽກງານທະບຽນສານ,,,,requests,200,raw/la/la_1106/20260921T0113Z__scanned.pdf.headers.json,application/pdf,348bde3d16d17af84260e602816aa17251dda425a26a2658be1395da9e194e69,501490,3,,,,corpus LA_corpus_2026-09-21: from LA_ws_2026-09-21; flags no_text_layer,2017-01-17,,,repealed
0.2.0,,la-la1107-001,LA,"https://laoofficialgazette.gov.la/kcfinder/upload/files/ຄຳແນະນຳ ວ່າດ້ວຍໃຫ້ເອົາໃຈໃສ່ໂຄສະນາເຜີຍແຜ່, ສຶກສາອົບຮົມສ້າງສະຕິເຄົາລົບກົດໝາຍpdf.pdf",2026-09-21T05:21:14Z,pdf_scanned,true,raw/la/la_1107/20260921T0521Z__scanned.pdf,"ຄຳແນະນຳ ວ່າດ້ວຍໃຫ້ເອົາໃຈໃສ່ໂຄສະນາເຜີຍແຜ່, ສຶກສາອົບຮົມສ້າງສະຕິເຄົາລົບກົດໝາຍ ແລະ ນິຕິກຳຕ່າງໆ",,,,requests,200,raw/la/la_1107/20260921T0521Z__scanned.pdf.headers.json,application/pdf,bb0af8630d17dbf0121ff256596b64adc6439c4d72f91e2daccdc3b42d99b50b,287129,3,,,,corpus LA_corpus_2026-09-21: from LA_ws_2026-09-21; flags no_text_layer,2017-01-17,,,in_force
0.2.0,,la-la1110-001,LA,https://laoofficialgazette.gov.la/kcfinder/upload/files/1014.pdf,2026-09-21T04:33:27Z,pdf_scanned,true,raw/la/la_1110/20260921T0433Z__scanned.pdf,ຂໍ້ຕົກລົງ ວ່າດ້ວຍການຄຸ້ມຄອງໝໍ້ນັບໄຟຟ້າ ຢູ່ ສປປ ລາວ,,,,requests,200,raw/la/la_1110/20260921T0433Z__scanned.pdf.headers.json,application/pdf,3c798220ff0db04c3d2f3dcea9da34ed4004be95dfe5f6a46da05fc082d1cf90,827036,11,,,,corpus LA_corpus_2026-09-21: from LA_ws_2026-09-21; flags no_text_layer,2017-01-24,,,in_force
0.2.0,,la-la1111-001,LA,https://laoofficialgazette.gov.la/kcfinder/upload/files/1397.pdf,2026-09-21T04:33:07Z,pdf_scanned,true,raw/la/la_1111/20260921T0433Z__scanned.pdf,ຂໍ້ຕົກລົງ ວ່າດ້ວຍການຄຸ້ມຄອງ ລົດບັນທຸກນ້ຳມັນເຊື້ອໄຟ ຢູ່ ສປປ ລາວ,,,,requests,200,raw/la/la_1111/20260921T0433Z__scanned.pdf.headers.json,application/pdf,4eb177b4fc93abdf08102218400fd84d9aa295de50ac5f0cbe403008b37b3205,655425,11,,,,corpus LA_corpus_2026-09-21: from LA_ws_2026-09-21; flags no_text_layer,2017-01-24,,,in_force
0.2.0,,la-la1112-001,LA,https://laoofficialgazette.gov.la/kcfinder/upload/files/ດຳລັດ ວ່າດ້ວຍການຈັດແບ່ງຂະໜາດວິສາຫະກິດຂະໜາດນ້ອຍ ແລະ ກາງ.pdf,2026-09-21T02:37:25Z,pdf_scanned,true,raw/la/la_1112/20260921T0237Z__scanned.pdf,ດຳລັດ ວ່າດ້ວຍການຈັດແບ່ງຂະໜາດວິສາຫະກິດຂະໜາດນ້ອຍ ແລະ ກາງ,,,,requests,200,raw/la/la_1112/20260921T0237Z__scanned.pdf.headers.json,application/pdf,e0bb6ea6713ee8c10ac72351e4cb920eb28ac20a74e6331a9527c615f53cf593,576378,2,,,,corpus LA_corpus_2026-09-21: from LA_ws_2026-09-21; flags no_text_layer,2017-01-25,,,repealed
0.2.0,,la-la1113-001,LA,https://laoofficialgazette.gov.la/kcfinder/upload/files/ຂໍ້ຕົກລົງ ທຸລະກິດຂາຍກົງ.pdf,2026-09-21T04:32:56Z,pdf_scanned,true,raw/la/la_1113/20260921T0432Z__scanned.pdf,ຂໍ້ຕົກລົງ ວ່າດ້ວຍທຸລະກິດຂາຍກົງ,,,,requests,200,raw/la/la_1113/20260921T0432Z__scanned.pdf.headers.json,application/pdf,b35f6ea1cd2b1ab2550d16a56818ef3f3d561f957e5969f8781e32832078a0ab,699967,11,,,,corpus LA_corpus_2026-09-21: from LA_ws_2026-09-21; flags no_text_layer,2017-01-25,,,in_force
0.2.0,,la-la1114-001,LA,https://laoofficialgazette.gov.la/kcfinder/upload/files/ຄຳແນະນຳ ກ່ຽວກັບການຈັດຕັ້ງປະຕິບັດກົດໝາຍ ອາກອນມູນຄ່າເພີ່ມ.pdf,2026-09-21T05:21:12Z,pdf_scanned,true,raw/la/la_1114/20260921T0521Z__scanned.pdf,ຄຳແນະນຳ ກ່ຽວກັບການຈັດຕັ້ງປະຕິບັດກົດໝາຍວ່າດ້ວຍ ອາກອນມູນຄ່າເພີ່ມ,,,,requests,200,raw/la/la_1114/20260921T0521Z__scanned.pdf.headers.json,application/pdf,6addf3c38cc4fee4439440a8a0f9dc8497ed8b06653d7e8557423ff60ea26fe2,3602622,65,,,,corpus LA_corpus_2026-09-21: from LA_ws_2026-09-21; flags no_text_layer,2017-01-25,,,in_force
0.2.0,,la-la1115-001,LA,https://laoofficialgazette.gov.la/kcfinder/upload/files/168.pdf,2026-09-21T01:00:25Z,pdf_scanned,true,raw/la/la_1115/20260921T0100Z__scanned.pdf,ຂໍ້ຕົກລົງ ວ່າດ້ວຍການກຳນົດສົ່ງຂອງເກືອດຫ້າມໃນການບໍລິການໄປສະນີ,,,,requests,200,raw/la/la_1115/20260921T0100Z__scanned.pdf.headers.json,application/pdf,3edad1990ce45d6bc2224edbd70b03782bc3fb8e853456e24ba946d07cdae416,551377,5,,,,corpus LA_corpus_2026-09-21: from LA_ws_2026-09-21; flags no_text_layer,2017-01-26,,,in_force
0.2.0,,la-la1116-001,LA,https://laoofficialgazette.gov.la/kcfinder/upload/files/ຂໍ້ຕົກລົງ ຢັ້ງຢືນແຫຼ່ງກຳເນີດສິນຄ້າດ້ວຍຕົນເອງ.pdf,2026-09-21T05:00:35Z,pdf_scanned,true,raw/la/la_1116/20260921T0500Z__scanned.pdf,ຂໍ້ຕົກລົງ ວ່າດ້ວຍການຈັດຕັ້ງປະຕິບັດການຢັ້ງຢືນ ແຫຼ່ງກຳເນີດສິນຄ້າດ້ວຍຕົນເອງ ພາຍໃຕ້ໂຄງການທົດລອງ ຂອງສະຫະພາບເອີຣົບ,,,,requests,200,raw/la/la_1116/20260921T0500Z__scanned.pdf.headers.json,application/pdf,51f6cc6fc09a47b998d9fb017758ccad4c54f110897a9f25431fe4166605bad1,670179,6,,,,corpus LA_corpus_2026-09-21: from LA_ws_2026-09-21; flags no_text_layer,2017-01-30,,,repealed
0.2.0,,la-la1117-001,LA,https://laoofficialgazette.gov.la/kcfinder/upload/files/1058.pdf,2026-09-21T04:33:36Z,pdf_scanned,true,raw/la/la_1117/20260921T0433Z__scanned.pdf,ຂໍ້ຕົກລົງ ວ່າດ້ວຍການຄຸ້ມຄອງທຸລະກິດການໃຫ້ບໍລິການໂອນເງິນ,,,,playwright,200,raw/la/la_1117/20260921T0433Z__scanned.pdf.headers.json,application/pdf,0c9b036ce75e9c74995d91bbbc813142b145a1a50545ff7fc3053a8b4dd35355,702344,7,,,,corpus LA_corpus_2026-09-21: from LA_ws_2026-09-21; flags no_text_layer,2016-12-05,,,in_force
0.2.0,,la-la1118-001,LA,https://laoofficialgazette.gov.la/kcfinder/upload/files/ຂໍ້ຕົກລົງ ດຳເນີນທຸລະກິດຊອບແວ.pdf,2026-09-21T01:06:33Z,pdf_scanned,true,raw/la/la_1118/20260921T0106Z__scanned.pdf,ຂໍ້ຕົກລົງ ວ່າດ້ວຍການດຳເນີນທຸລະກິດຊອບແວ ແລະ ສູນບໍລິການຂໍ້ມູນຂ່າວສານຜ່ານອິນເຕີເນັດ,,,,requests,200,raw/la/la_1118/20260921T0106Z__scanned.pdf.headers.json,application/pdf,84b7b9792696872166f8c7f06ef983db88322031d5fb83ab4c6c3d9a195f2a56,863354,11,,,,corpus LA_corpus_2026-09-21: from LA_ws_2026-09-21; flags no_text_layer,2017-02-03,,,repealed
0.2.0,,la-la1119-001,LA,https://laoofficialgazette.gov.la/kcfinder/upload/files/ຂໍ້ຕົກລົງ ການນຳເຂົ້າ-ຈຳໜ່າຍເຄື່ອງໄອທີ.pdf,2026-09-21T05:00:31Z,pdf_scanned,true,raw/la/la_1119/20260921T0500Z__scanned.pdf,ຂໍ້ຕົກລົງ ວ່າດ້ວຍ ການນຳເຂົ້າ ແລະ ຈຳໜ່າຍ ອຸປະກອນໄອຊີທີ,,,,playwright,200,raw/la/la_1119/20260921T0500Z__scanned.pdf.headers.json,application/pdf,98dc9554a6561e02bc47d26173b2c09d800d7f4ab5c61d6d310a3c1e0be4a080,876738,13,,,,corpus LA_corpus_2026-09-21: from LA_ws_2026-09-21; flags no_text_layer,2017-02-03,,,repealed
0.2.0,,la-la1120-001,LA,"https://laoofficialgazette.gov.la/kcfinder/upload/files/ຄຳສັ່ງ ການກວດກາ ແລະ ຄຸ້ມຄອງສຳຫຼວດ,ຂຸດຄົ້ນແລະປຸງແຕ່ງແຮ່ທາດ.pdf",2026-09-21T02:53:57Z,pdf_scanned,true,raw/la/la_1120/20260921T0253Z__scanned.pdf,"ຄຳສັ່ງ ຂອງນາຍົກລັດຖະມົນຕີ ກ່ຽວກັບການກວດກາ ແລະ ຄຸ້ມຄອງການສຳຫຼວດ, ຂຸດຄົ້ນ ແລະ ປຸງແຕ່ງແຮ່ຄຳຕົກຂ້ອນ",,,,requests,200,raw/la/la_1120/20260921T0253Z__scanned.pdf.headers.json,application/pdf,85c58559cc13e8ecd18e9ef69aef9cd7155599493c719546501fe978dad751a1,64907,2,,,,corpus LA_corpus_2026-09-21: from LA_ws_2026-09-21; flags no_text_layer,2017-02-03,,,in_force
0.2.0,,la-la1121-001,LA,https://laoofficialgazette.gov.la/kcfinder/upload/files/ຄຳແນະນຳ ວຽກງານສຸຂານາໄມ.pdf,2026-09-21T05:20:56Z,pdf_scanned,true,raw/la/la_1121/20260921T0520Z__scanned.pdf,ຄຳແນະນຳ ກ່ຽວກັບການຈັດຕັ້ງປະຕິບັດວຽກງານສຸຂານາໄມ ແລະ ສຸຂານາໄມພືດ ພາຍໃຕ້ສັນຍາການຄ້າຊາຍແດນ ລະຫວ່າງ ລັດຖະບານ ແຫ່ງ ສປປ ລາວ ແລະ ລັດຖະບານ ແຫ່ງ ສສ ຫວຽດນາມ,,,,playwright,200,raw/la/la_1121/20260921T0520Z__scanned.pdf.headers.json,application/pdf,487146cadc652eb0bead79460aa891f58684c32e55d0bf296a5ac7c4574d1f41,804908,11,,,,corpus LA_corpus_2026-09-21: from LA_ws_2026-09-21; flags no_text_layer,2017-02-06,,,in_force
0.2.0,,la-la1122-001,LA,https://laoofficialgazette.gov.la/kcfinder/upload/files/ກົດໝາຍວ່າດ້ວຍການກວດສອບແຫ່ງລັດ.pdf,2026-09-21T01:43:01Z,pdf_scanned,true,raw/la/la_1122/20260921T0143Z__scanned.pdf,ກົດໝາຍ ວ່າດ້ວຍ ການກວດສອບແຫ່ງລັດ (ສະບັບປັບປຸງ),,,,requests,200,raw/la/la_1122/20260921T0143Z__scanned.pdf.headers.json,application/pdf,f87eb2bb1e7c6a2b1fb9449b4ba21c5a260209f4e06d25a0a6ab9c4917f3b0c0,1670300,29,,,,corpus LA_corpus_2026-09-21: from LA_ws_2026-09-21; flags no_text_layer,2017-02-07,,,repealed
0.2.0,,la-la1124-001,LA,https://laoofficialgazette.gov.la/kcfinder/upload/files/08ສປຊຊ.pdf,2026-09-21T05:20:12Z,pdf_scanned,true,raw/la/la_1124/20260921T0520Z__scanned.pdf,ຄຳແນະນຳ ການສົ່ງສຳນວນຄະດີອາຍາໄປອົງການໄອຍະການປະຊາຊົນ,,,,requests,200,raw/la/la_1124/20260921T0520Z__scanned.pdf.headers.json,application/pdf,1582f48d14e3072c76b4525d278210de75cd12cdddeb4dbead562d8644bbc123,226897,2,,,,corpus LA_corpus_2026-09-21: from LA_ws_2026-09-21; flags no_text_layer,2017-02-10,,,in_force
0.2.0,,la-la1125-001,LA,https://laoofficialgazette.gov.la/kcfinder/upload/files/9.ການຈັດຕັ້ງປະຕິບັດກົດໝາຍວ່າດ້ວຍການປັບປຸງ ມາດຕາ 146 ຂອງກົດໝາຍອາຍາ ແລະ ສານທະຫານ.pdf,2026-09-21T05:20:06Z,pdf_scanned,true,raw/la/la_1125/20260921T0520Z__scanned.pdf,"ຄຳແນະນຳ ການຈັດຕັ້ງປະຕິບັດກົດໝາຍວ່າດ້ວຍການປັບປຸງ ມາດຕາ 146 ຂອງກົດໝາຍອາຍາ ແລະ ມາດຕາ 75, 76 ຂອງກົດໝາຍວ່າດ້ວຍ ຢາເສບຕິດ",,,,playwright,200,raw/la/la_1125/20260921T0520Z__scanned.pdf.headers.json,application/pdf,2f9ca6b1773fd7ee96dcaec069ff2a97f9c0cfd38b7def57d23394d269234a63,239673,2,,,,corpus LA_corpus_2026-09-21: from LA_ws_2026-09-21; flags no_text_layer,2017-02-10,,,in_force
0.2.0,,la-la1126-001,LA,https://laoofficialgazette.gov.la/kcfinder/upload/files/1.ຊັບທີ່ບໍ່ໄດ້ພົວພັນກັບຄະດີ.pdf,2026-09-21T05:19:59Z,pdf_scanned,true,raw/la/la_1126/20260921T0519Z__scanned.pdf,ຄຳແນະນຳ ຊັບທີ່ບໍ່ໄດ້ພົວພັນກັບຄະດີ,,,,requests,200,raw/la/la_1126/20260921T0519Z__scanned.pdf.headers.json,application/pdf,bfb0c2d17a2a6422394dd93fc137b9932634c8fc580db49985be09de74cd1011,261944,2,,,,corpus LA_corpus_2026-09-21: from LA_ws_2026-09-21; flags no_text_layer,2017-02-10,,,in_force
0.2.0,,la-la1127-001,LA,"https://laoofficialgazette.gov.la/kcfinder/upload/files/2. ການກຳນົດເວລາ ຂໍອຸທອນ, ຂໍລົບລ້າງ ຫຼື ການສະເໜີຄັດຄ້ານ.pdf",2026-09-21T05:20:28Z,pdf_scanned,true,raw/la/la_1127/20260921T0520Z__scanned.pdf,"ຄຳແນະນຳ ການນັບກຳນົດເວລາ ຂໍອຸທອນ, ຂໍລົບລ້າງ ຫຼື ການສະເໜີຄັດຄ້ານ",,,,requests,200,raw/la/la_1127/20260921T0520Z__scanned.pdf.headers.json,application/pdf,2a75c4a06a0d660f788be2032235efbf3e90f7acb96e0beba18da6a1be9cff5e,332939,2,,,,corpus LA_corpus_2026-09-21: from LA_ws_2026-09-21; flags no_text_layer,2017-02-10,,,in_force
0.2.0,,la-la1128-001,LA,"https://laoofficialgazette.gov.la/kcfinder/upload/files/3, ການພິຈາລະນາຫຼັກຊັບຄ້ຳປະກັນໃນການກູ້ຢືມເງິນ.pdf",2026-09-21T01:12:05Z,pdf_scanned,true,raw/la/la_1128/20260921T0112Z__scanned.pdf,ຄຳແນະນຳ ການພິຈາລະນາຫຼັກຊັບຄ້ຳປະກັນໃນການກູ້ຢືມເງິນ,,,,requests,200,raw/la/la_1128/20260921T0112Z__scanned.pdf.headers.json,application/pdf,ef529901e2b7028c2458e881cde5253d22aa94b4db1e5fa4d5004982d0df73eb,359904,2,,,,corpus LA_corpus_2026-09-21: from LA_ws_2026-09-21; flags no_text_layer,2017-02-10,,,in_force
0.2.0,,la-la1129-001,LA,https://laoofficialgazette.gov.la/kcfinder/upload/files/4. ຫຼັກຊັບຄຳປະກັນໃນການປ່ອຍຕົວພາງ.pdf,2026-09-21T01:12:12Z,pdf_scanned,true,raw/la/la_1129/20260921T0112Z__scanned.pdf,ຄຳແນະນຳ ຫຼັກຊັບປະກັນໃນການປ່ອຍຕົວພາງ,,,,playwright,200,raw/la/la_1129/20260921T0112Z__scanned.pdf.headers.json,application/pdf,e1effc534e7d1d0f6f715c76f7262e897d7b6d2bad590f361499e642fcbf65eb,163219,1,,,,corpus LA_corpus_2026-09-21: from LA_ws_2026-09-21; flags no_text_layer,2017-02-10,,,in_force
0.2.0,,la-la1130-001,LA,"https://laoofficialgazette.gov.la/kcfinder/upload/files/5,ການກວດຄົ້ນກ່ອນເຂົ້າຫ້ອງປະຊຸມສານ.pdf",2026-09-21T05:20:20Z,pdf_scanned,true,raw/la/la_1130/20260921T0520Z__scanned.pdf,ຄຳແນະນຳ ການກວດຄົ້ນກ່ອນເຂົ້າຫ້ອງປະຊຸມສານ,,,,requests,200,raw/la/la_1130/20260921T0520Z__scanned.pdf.headers.json,application/pdf,873101e56d51416f3863767cc49c05c4cbcb01ee69a1d55d369c89cea57468a8,268956,2,,,,corpus LA_corpus_2026-09-21: from LA_ws_2026-09-21; flags no_text_layer,2017-02-10,,,in_force
0.2.0,,la-la1131-001,LA,https://laoofficialgazette.gov.la/kcfinder/upload/files/6. ການແຈ້ງສິດໃນການຂໍອຸທອນ ແລະ ຂໍລົບລ້າງ ໃຫ້ແກ່ຄູ່ຄວາມ.pdf,2026-09-21T05:20:49Z,pdf_scanned,true,raw/la/la_1131/20260921T0520Z__scanned.pdf,ຄຳແນະນຳ ການແຈ້ງສິດໃນການຂໍອຸທອນ ແລະ ຂໍລົບລ້າງ ໃຫ້ແກ່ຄູ່ຄວາມ,,,,requests,200,raw/la/la_1131/20260921T0520Z__scanned.pdf.headers.json,application/pdf,90168270255b60bea38d711767c38507cf036d4052b656423ab3578224a327dd,265819,2,,,,corpus LA_corpus_2026-09-21: from LA_ws_2026-09-21; flags no_text_layer,2017-02-10,,,in_force
0.2.0,,la-la1132-001,LA,https://laoofficialgazette.gov.la/kcfinder/upload/files/7. ລະບຽບໃນທີ່ປະຊຸມສານ ເວລາອ່ານຄຳຕັດສິນ ຫຼື ຄຳພິພາກສາ.pdf,2026-09-21T05:20:41Z,pdf_scanned,true,raw/la/la_1132/20260921T0520Z__scanned.pdf,ຄຳແນະນຳ ລະບຽບໃນທີ່ປະຊຸມສານ ເວລາອ່ານຄຳຕັດສີນ ຫຼື ຄຳພິພາກສາ,,,,playwright,200,raw/la/la_1132/20260921T0520Z__scanned.pdf.headers.json,application/pdf,8ae325e6d4646280abcafe1b733dfe3150847e0eb1c366655ba667bb58b34845,223491,2,,,,corpus LA_corpus_2026-09-21: from LA_ws_2026-09-21; flags no_text_layer,2017-02-10,,,in_force
0.2.0,,la-la1133-001,LA,https://laoofficialgazette.gov.la/kcfinder/upload/files/8.ການເກັບອາກອນຂອງລັດ ກ່ຽວກັບການພິຈາລະນາຄຳຮ້ອງຂໍທາງແພ່ງ.pdf,2026-09-21T05:20:35Z,pdf_scanned,true,raw/la/la_1133/20260921T0520Z__scanned.pdf,ຄຳແນະນຳ ການເກັບອາກອນຂອງລັດ ກ່ຽວກັບການພິຈາລະນາຄຳຮ້ອງຂໍທາງແພ່ງ,,,,requests,200,raw/la/la_1133/20260921T0520Z__scanned.pdf.headers.json,application/pdf,f70895a7d17110a4417eaf2c167cfe98b98598b2f40570a2ed0c837139efe4ee,201173,1,,,,corpus LA_corpus_2026-09-21: from LA_ws_2026-09-21; flags no_text_layer,2017-02-10,,,in_force
0.2.0,,la-la1134-001,LA,https://laoofficialgazette.gov.la/kcfinder/upload/files/ກົດໝາຍກັກກັນພືດ.pdf,2026-09-21T01:34:00Z,pdf_scanned,true,raw/la/la_1134/20260921T0134Z__scanned.pdf,ກົດໝາຍວ່າດ້ວຍ ການປ້ອງກັນ ແລະ ການກັກກັນພືດ ( ສະບັບປັບປຸງ ),,,,requests,200,raw/la/la_1134/20260921T0134Z__scanned.pdf.headers.json,application/pdf,707849bfc7513c0dd91f08b3bc908e498b364fd316e808db4847c3fd7ba2cfc3,2217556,40,,,,corpus LA_corpus_2026-09-21: from LA_ws_2026-09-21; flags no_text_layer,2017-02-13,,,in_force
0.2.0,,la-la1136-001,LA,https://laoofficialgazette.gov.la/kcfinder/upload/files/ກົດໝາຍເຕັກໂນໂລຊີການສື່ສານ.pdf,2026-09-21T00:29:06Z,pdf_scanned,true,raw/la/la_1136/20260921T0029Z__scanned.pdf,ກົດໝາຍວ່າດ້ວຍ ເຕັກໂນໂລຊີການສື່ສານ ຂໍ້ມູນ ຂ່າວສານ,,both,"P6-I3,P7-I2",playwright,200,raw/la/la_1136/20260921T0029Z__scanned.pdf.headers.json,application/pdf,de6d84b3e1ef1a33bce59504a5eaca2bd58fe10675b55b14ee529e5f9d50a8c8,1521415,27,,,,corpus LA_corpus_2026-09-21: from LA_ws_2026-09-21; flags no_text_layer,2017-02-21,,,in_force
0.2.0,,la-la1137-001,LA,https://laoofficialgazette.gov.la/kcfinder/upload/files/ຂໍ້ຕົກລົງ ກຳນົດເຂດປ່າສະຫງວນ.pdf,2026-09-21T04:32:50Z,pdf_scanned,true,raw/la/la_1137/20260921T0432Z__scanned.pdf,ຂໍ້ຕົກລົງ ວ່າດ້ວຍການກຳນົດຂອບເຂດເນື້ອທີ່ປ່າສະຫງວນ,,,,requests,200,raw/la/la_1137/20260921T0432Z__scanned.pdf.headers.json,application/pdf,090ea4abd08418cbf9a216539496be364cc3292c6b690b9685892e450a66da30,323283,2,,,,corpus LA_corpus_2026-09-21: from LA_ws_2026-09-21; flags no_text_layer,2017-02-23,,,in_force
0.2.0,,la-la1138-001,LA,https://laoofficialgazette.gov.la/kcfinder/upload/files/ມະຕິການຕີຄວາມໝາຍກົດໝາຍ.pdf,2026-09-21T05:27:52Z,pdf_scanned,true,raw/la/la_1138/20260921T0527Z__scanned.pdf,ມະຕິຂອງຄະນະປະຈຳສະພາແຫ່ງຊາດ ວ່າດ້ວຍການຕີຄວາມໝາຍກົດໝາຍ,,,,requests,200,raw/la/la_1138/20260921T0527Z__scanned.pdf.headers.json,application/pdf,f8ae6394cf4cca5a28bb98688e18a6b402b63d0775445803ea7a3d6eb3fa3a1a,594278,6,,,,corpus LA_corpus_2026-09-21: from LA_ws_2026-09-21; flags no_text_layer,2017-02-23,,,repealed
0.2.0,,la-la1139-001,LA,https://laoofficialgazette.gov.la/kcfinder/upload/files/ດຳລັດຄຸ້ມຄອງລົດປະຈຳຕຳແໜ່ງ.pdf,2026-09-21T02:29:54Z,pdf_scanned,true,raw/la/la_1139/20260921T0229Z__scanned.pdf,ດຳລັດ ວ່າດ້ວຍການປະກອບ ແລະ ຄຸ້ມຄອງລົດປະຈຳຕຳແໜ່ງພະນັກງານການນຳລະດັບສູງ,,,,requests,200,raw/la/la_1139/20260921T0229Z__scanned.pdf.headers.json,application/pdf,0a328ba4c75c89ab3f567dd1e580ce7dd656e9828b6fd8190c7288491e235fd2,465691,4,,,,corpus LA_corpus_2026-09-21: from LA_ws_2026-09-21; flags no_text_layer,2017-03-02,,,in_force
0.2.0,,la-la1140-001,LA,https://laoofficialgazette.gov.la/kcfinder/upload/files/ກົດໝາຍລັດຖະບານ.pdf,2026-09-21T01:42:58Z,pdf_scanned,true,raw/la/la_1140/20260921T0142Z__scanned.pdf,ກົດໝາຍ ວ່າດ້ວຍລັດຖະບານ (ສະບັບປັບປຸງ),,,,playwright,200,raw/la/la_1140/20260921T0142Z__scanned.pdf.headers.json,application/pdf,3edb99ae547c58afc3f55ad7e7ef5e2027fd24f0571fa8a5ac56eafbed7ff490,1311647,19,,,,corpus LA_corpus_2026-09-21: from LA_ws_2026-09-21; flags no_text_layer,2017-03-06,,,repealed
0.2.0,,la-la1142-001,LA,https://laoofficialgazette.gov.la/kcfinder/upload/files/ກົດໝາຍວ່າດ້ວຍການຄູ້ມຄອງເຄມີ.pdf,2026-09-21T01:33:58Z,pdf_scanned,true,raw/la/la_1142/20260921T0133Z__scanned.pdf,ກົດໝາຍວ່າດ້ວຍ ການຄຸ້ມຄອງເຄມີ,,,,requests,200,raw/la/la_1142/20260921T0133Z__scanned.pdf.headers.json,application/pdf,b76654999fd4874f55df6386d3b7f7d4ce6539bb1a80793d94d072c096839a3b,1615820,28,,,,corpus LA_corpus_2026-09-21: from LA_ws_2026-09-21; flags no_text_layer,2017-03-06,,,in_force
0.2.0,,la-la1144-001,LA,https://laoofficialgazette.gov.la/kcfinder/upload/files/ຂໍ້ຕົກລົງປະເມີນສິ່ງແວດລ້ອມ.pdf,2026-09-21T04:32:43Z,pdf_scanned,true,raw/la/la_1144/20260921T0432Z__scanned.pdf,ຂໍ້ຕົກລົງ ວ່າດ້ວຍການປະເມີນສິ່ງແວດລ້ອມແບບຍຸດທະສາດ,,,,playwright,200,raw/la/la_1144/20260921T0432Z__scanned.pdf.headers.json,application/pdf,3f125e2119e2a64e4ca77af76e154db1ddb776c80d8aa393905b7f40f3c8a7a5,922386,6,,,,corpus LA_corpus_2026-09-21: from LA_ws_2026-09-21; flags no_text_layer,2017-03-06,,,in_force
0.2.0,,la-la1145-001,LA,https://laoofficialgazette.gov.la/kcfinder/upload/files/ກົດໝາຍທະນາຍຄວາມ.pdf,2026-09-21T01:42:44Z,pdf_scanned,true,raw/la/la_1145/20260921T0142Z__scanned.pdf,ກົດໝາຍ ວ່າດ້ວຍທະນາຍຄວາມ (ສະບັບປັບປຸງ),,,,requests,200,raw/la/la_1145/20260921T0142Z__scanned.pdf.headers.json,application/pdf,abada6aa717e85df947aa4f9d9ff2c26aa0d32020ab99ce035aa47cd683829b6,1590652,29,,,,corpus LA_corpus_2026-09-21: from LA_ws_2026-09-21; flags no_text_layer,2017-03-07,,,repealed
0.2.0,,la-la1148-001,LA,https://laoofficialgazette.gov.la/kcfinder/upload/files/ຂໍ້ຕົກລົງດຳເນີນທຸລະກິດຝຶກອັບຮົມ.pdf,2026-09-21T05:00:20Z,pdf_scanned,true,raw/la/la_1148/20260921T0500Z__scanned.pdf,ຂໍ້ຕົກລົງ ວ່າດ້ວຍການດຳເນີນທຸລະກິດທີ່ປຶກສາ ແລະ ຝຶກອົບຮົມດ້ານໄອຊີທີ,,,,requests,200,raw/la/la_1148/20260921T0500Z__scanned.pdf.headers.json,application/pdf,409276da3a649370324d17d0a61e39c3be18c81ba1a34f78c098c5afd3927e75,1064584,11,,,,corpus LA_corpus_2026-09-21: from LA_ws_2026-09-21; flags no_text_layer,2017-03-14,,,repealed
0.2.0,,la-la1151-001,LA,https://laoofficialgazette.gov.la/kcfinder/upload/files/ດຳລັດກອງທຶນປົກປັກຮັກສາສິ່ງແວດລ້ອມ.pdf,2026-09-21T02:29:49Z,pdf_scanned,true,raw/la/la_1151/20260921T0229Z__scanned.pdf,ດຳລັດ ວ່າດ້ວຍກອງທຶນປົກປັກຮັກສາສິ່ງແວດລ້ອມ,,,,requests,200,raw/la/la_1151/20260921T0229Z__scanned.pdf.headers.json,application/pdf,e949bb8d150447178c2bed407494b573bdd79ff6e6e348ba1632813684b6a432,583528,8,,,,corpus LA_corpus_2026-09-21: from LA_ws_2026-09-21; flags no_text_layer,2017-03-22,,,in_force
0.2.0,,la-la1152-001,LA,https://laoofficialgazette.gov.la/kcfinder/upload/files/ກົດໝາຍ ການລ້ຽງສັດ ແລະ ສັດຕະວະແພດ.....pdf,2026-09-21T01:33:49Z,pdf_scanned,true,raw/la/la_1152/20260921T0133Z__scanned.pdf,ກົດໝາຍ ວ່າດ້ວຍການລ້ຽງສັດ ແລະ ການສັດຕະວະແພດ (ສະບັບປັບປຸງ),,,,requests,200,raw/la/la_1152/20260921T0133Z__scanned.pdf.headers.json,application/pdf,f27f1bc71ddbc70b4a88fda730cae1ead6f8218fccaf446d607f9d1894327379,8121698,49,,,,corpus LA_corpus_2026-09-21: from LA_ws_2026-09-21; flags no_text_layer,2017-03-27,,,in_force
0.2.0,,la-la1153-001,LA,https://laoofficialgazette.gov.la/kcfinder/upload/files/ກົດໝາຍສື່ມວນຊົນ.pdf,2026-09-21T00:32:36Z,pdf_scanned,true,raw/la/la_1153/20260921T0032Z__scanned.pdf,ກົດໝາຍ ວ່າດ້ວຍສື່ມວນຊົນ (ສະບັບປັບປຸງ),,,,requests,200,raw/la/la_1153/20260921T0032Z__scanned.pdf.headers.json,application/pdf,508fca5f95c9e4e356a68f64f8f3ad688526f2d13d7a015f776d50c99512789b,1744613,32,,,,corpus LA_corpus_2026-09-21: from LA_ws_2026-09-21; flags no_text_layer,2017-03-29,,,in_force
0.2.0,,la-la1154-001,LA,https://laoofficialgazette.gov.la/kcfinder/upload/files/Investment Promotion Law (Amended).pdf,2026-09-21T01:42:36Z,pdf_scanned,true,raw/la/la_1154/20260921T0142Z__scanned.pdf,ກົດໝາຍ ວ່າດ້ວຍການສົ່ງເສີມການລົງທຶນ (ສະບັບປັບປຸງ),,,,requests,200,raw/la/la_1154/20260921T0142Z__scanned.pdf.headers.json,application/pdf,6299c34e196d8fe30dfffa49beef3b1ff99a01776818268de118336c2ab2486c,2050458,43,,,,corpus LA_corpus_2026-09-21: from LA_ws_2026-09-21; flags no_text_layer,2017-04-04,,,repealed
0.2.0,,la-la1155-001,LA,https://laoofficialgazette.gov.la/kcfinder/upload/files/ຄຳແນະນຳ02.pdf,2026-09-21T05:19:53Z,pdf_scanned,true,raw/la/la_1155/20260921T0519Z__scanned.pdf,"ຄຳແນະນຳ ກ່ຽວກັບການຈັດຕັ້ງປະຕິບັດຄຳສັ່ງນາຍົກລັດຖະມົນຕີ ວ່າດ້ວຍທິດທາງ, ເປົ້າໝາຍ ແລະ ມາດຕະການ ສ້າງແຂວງເປັນຫົວໜ່ວຍຍຸດທະສາດ, ສ້າງເມືອງເປັນຫົວໜ່ວຍເຂັ້ມແຂງຮອບດ້ານ, ສ້າງບ້ານເປັນຫົວໜ່ວຍພັດທະນາ",,,,requests,200,raw/la/la_1155/20260921T0519Z__scanned.pdf.headers.json,application/pdf,81740c511b6652fc87d4d2b97bbe0a4a5cba2d05a96f73e2a7b905c518378584,764391,7,,,,corpus LA_corpus_2026-09-21: from LA_ws_2026-09-21; flags no_text_layer,2017-04-04,,,in_force
0.2.0,,la-la1158-001,LA,https://laoofficialgazette.gov.la/kcfinder/upload/files/ຄຳສັ່ງ0535.pdf,2026-09-21T02:53:52Z,pdf_scanned,true,raw/la/la_1158/20260921T0253Z__scanned.pdf,"ຄຳສັ່ງ ວ່າດ້ວຍການຢຸດຕິການອອກໃບອະນຸຍາດນຳເຂົ້າຊິ້ນສ່ວນຍານພາຫະນະ, ນ້ຳມັນດິບ ແລະ ນ້ຳມັນເຄື່ອງສຳເລັດຮູບ ເພື່ອມາປະກອບ, ກັ່ນຕອງ ຫຼື ຜະລິດ ຢູ່ໂຮງງານ",,,,requests,200,raw/la/la_1158/20260921T0253Z__scanned.pdf.headers.json,application/pdf,d0d94e0f1432af3234fc5d0166ff681c7fdb500e4a0866edf3f23da33b120f31,469788,2,,,,corpus LA_corpus_2026-09-21: from LA_ws_2026-09-21; flags no_text_layer,2017-04-24,,,in_force
0.2.0,,la-la1159-001,LA,https://laoofficialgazette.gov.la/kcfinder/upload/files/ຄຳສັ່ງ ແຂວງອຸດົມໄຊ.pdf,2026-09-21T00:43:58Z,pdf_scanned,true,raw/la/la_1159/20260921T0043Z__scanned.pdf,ຄຳສັ່ງວ່າດ້ວຍ ການໃຫ້ເພີ່ມທະວີຄວາມເອົາໃຈໃສ່ ໃນການຈັດຕັ້ງປະຕິບັດ ຕໍ່ວຽກງານທະບຽນສານ,,,,requests,200,raw/la/la_1159/20260921T0043Z__scanned.pdf.headers.json,application/pdf,e503c04bff34303e9fda75948715559a843a1ad37333304f0b90ecd3b5ce6e93,355472,2,,,,corpus LA_corpus_2026-09-21: from LA_ws_2026-09-21; flags no_text_layer,2017-04-25,,,in_force
0.2.0,,la-la1161-001,LA,"https://laoofficialgazette.gov.la/kcfinder/upload/files/1, ກົດໝາຍວ່າດ້ວຍ ທາງຫຼວງ.pdf",2026-09-21T01:33:39Z,pdf_scanned,true,raw/la/la_1161/20260921T0133Z__scanned.pdf,ກົດໝາຍວ່າດ້ວຍ ທາງຫຼວງ (ສະບັບປັບປຸງ),,,,requests,200,raw/la/la_1161/20260921T0133Z__scanned.pdf.headers.json,application/pdf,cd577f716189879ead33374300da6f961019f99b484c826dfec74ad3c62e4819,2054244,40,,,,corpus LA_corpus_2026-09-21: from LA_ws_2026-09-21; flags no_text_layer,2017-03-28,,,in_force
0.2.0,,la-la1162-001,LA,https://laoofficialgazette.gov.la/kcfinder/upload/files/ດໍາລັດພັນທະບັດ.pdf,2026-09-21T02:29:40Z,pdf_scanned,true,raw/la/la_1162/20260921T0229Z__scanned.pdf,ດຳລັດ ວ່າດ້ວຍພັນທະບັດລັດຖະບານ,,,,requests,200,raw/la/la_1162/20260921T0229Z__scanned.pdf.headers.json,application/pdf,7bbe230646a131bf8d68103acacf11c68a3702bb56a5408c998a721405e1e1ac,796091,15,,,,corpus LA_corpus_2026-09-21: from LA_ws_2026-09-21; flags no_text_layer,2017-05-03,,,in_force
0.2.0,,la-la1164-001,LA,"https://laoofficialgazette.gov.la/kcfinder/upload/files/ດຳລັດວ່າດ້ວຍ ການສຶກສາສົງ,.pdf",2026-09-21T02:29:33Z,pdf_scanned,true,raw/la/la_1164/20260921T0229Z__scanned.pdf,ດຳລັດວ່າດ້ວຍ ການສຶກສາສົງ,,,,requests,200,raw/la/la_1164/20260921T0229Z__scanned.pdf.headers.json,application/pdf,e8897680e9a1ff20b9f1516ad724295c28bb02363861238f7fed2d3306d85460,454945,11,,,,corpus LA_corpus_2026-09-21: from LA_ws_2026-09-21; flags no_text_layer,2017-05-08,,,in_force
0.2.0,,la-la1165-001,LA,https://laoofficialgazette.gov.la/kcfinder/upload/files/ຄຳ​ສັ່ງ ວ່າ​ດ້ວຍ​ການ​ຂຶ້ນ​ບັນ​ຊີ​ເຕົ້າ​ໂຮມ​ຊັບ​ສິນ​ທີ່​ສານ​ຕັດ​ສິນ​ຮິບ​ເປັນ​ຂອງ​ລັດ.pdf,2026-09-21T02:53:46Z,pdf_scanned,true,raw/la/la_1165/20260921T0253Z__scanned.pdf,ຄຳສັ່ງ ວ່າດ້ວຍການຂຶ້ນບັນຊີເຕົ້າໂຮມຊັບສິນທີ່ສານຕັດສິນຮິບເປັນຂອງລັດ,,,,requests,200,raw/la/la_1165/20260921T0253Z__scanned.pdf.headers.json,application/pdf,a6cf036bc5e9a08c91d034639f2b0e896296e40358bc11d2de517de0e918bee1,652022,3,,,,corpus LA_corpus_2026-09-21: from LA_ws_2026-09-21; flags no_text_layer,2017-05-10,,,in_force
0.2.0,,la-la1170-001,LA,https://laoofficialgazette.gov.la/kcfinder/upload/files/ຄຳສັ່ງ ວ່າດ້ວຍການເອົາໃຈໃສ່ຕໍ່ການຄຸ້ມຄອງສັດລ້ຽງຂອງປະຊາຊົນທົ່ວແຂວງອັດຕະປື..pdf,2026-09-21T02:53:41Z,pdf_scanned,true,raw/la/la_1170/20260921T0253Z__scanned.pdf,ຄຳສັ່ງວ່າດ້ວຍ ເອົາໃຈໃສ່ຕໍ່ການຄຸ້ມຄອງສັດລ້ຽງ ຂອງປະຊາຊົນ ທົ່ວແຂວງອັດຕະປື,,,,requests,200,raw/la/la_1170/20260921T0253Z__scanned.pdf.headers.json,application/pdf,b8cee1094da0ba9934baca3b32728b5838fd6bb6cacf7a652e877109ef5e2e56,624331,3,,,,corpus LA_corpus_2026-09-21: from LA_ws_2026-09-21; flags no_text_layer,2017-05-16,,,in_force
0.2.0,,la-la1171-001,LA,https://laoofficialgazette.gov.la/kcfinder/upload/files/0201575.pdf,2026-09-21T01:42:19Z,pdf_scanned,true,raw/la/la_1171/20260921T0142Z__scanned.pdf,ກົດໝາຍວ່າດ້ວຍ ການປັບປຸງບາງມາດຕາຂອງກົດໝາຍວ່າດ້ວຍ ສະພາປະຊາຊົນຂັ້ນແຂວງ (ສະບັບປີ 2015),,,,requests,200,raw/la/la_1171/20260921T0142Z__scanned.pdf.headers.json,application/pdf,5f84f7938327bc2550ae188e0c5a80511cb1bf59031edf4e5f43743741bd29e4,1201826,14,,,,corpus LA_corpus_2026-09-21: from LA_ws_2026-09-21; flags no_text_layer,2017-05-16,,,repealed
0.2.0,,la-la1172-001,LA,https://laoofficialgazette.gov.la/kcfinder/upload/files/1 ​ກົດ​ໝາຍ ວ່າ​ດ້ວຍ​ການ​ຕິດ​ຕາມກວດ​ກາ​ຂອງ​ສະ​ພາ​ແຫ່ງ​ຊາດ.pdf,2026-09-21T01:42:28Z,pdf_scanned,true,raw/la/la_1172/20260921T0142Z__scanned.pdf,ກົດໝາຍວ່າດ້ວຍ ການຕິດຕາມກວດກາຂອງສະພາແຫ່ງຊາດ ແລະ ສະພາປະຊາຊົນຂັ້ນແຂວງ (ສະບັບປັບປຸງ),,,,requests,200,raw/la/la_1172/20260921T0142Z__scanned.pdf.headers.json,application/pdf,5cae09a77710bc572fa4844e21b2b1443f9b52fbe63fcd26df2844c96a833b74,889709,43,,,,corpus LA_corpus_2026-09-21: from LA_ws_2026-09-21; flags no_text_layer,2017-05-16,,,repealed
0.2.0,,la-la1173-001,LA,https://laoofficialgazette.gov.la/kcfinder/upload/files/1178.pdf,2026-09-21T05:19:46Z,pdf_scanned,true,raw/la/la_1173/20260921T0519Z__scanned.pdf,ຄຳແນະນຳ ກ່ຽວກັບການຄຸ້ມຄອງ ແລະ ນຳໃຊ້ໃບເກັບເງິນສະເພາະ ທີ່ອອກດ້ວຍເຄື່ອງບັນທຶກການຂາຍສິນຄ້າ ແລະ ການບໍລິການ,,,,requests,200,raw/la/la_1173/20260921T0519Z__scanned.pdf.headers.json,application/pdf,5397991a93da5583bbe576fc3373e462a6012d888988abcc34c705fed3da2ce6,719678,9,,,,corpus LA_corpus_2026-09-21: from LA_ws_2026-09-21; flags no_text_layer,2017-05-22,,,in_force
0.2.0,,la-la1174-001,LA,https://laoofficialgazette.gov.la/kcfinder/upload/files/1179.pdf,2026-09-21T04:32:36Z,pdf_scanned,true,raw/la/la_1174/20260921T0432Z__scanned.pdf,ຂໍ້ຕົກລົງ ວ່າດ້ວຍການຄຸ້ມຄອງ ແລະ ນຳໃຊ້ ເຄື່ອງບັນທຶກການຂາຍສິນຄ້າ ແລະ ບໍລິການ,,,,requests,200,raw/la/la_1174/20260921T0432Z__scanned.pdf.headers.json,application/pdf,2872c53b5b80940dedb846130af0988d29cf38b7ddf91ee3527b0502dc060480,946573,14,,,,corpus LA_corpus_2026-09-21: from LA_ws_2026-09-21; flags no_text_layer,2017-05-22,,,in_force
0.2.0,,la-la1175-001,LA,https://laoofficialgazette.gov.la/kcfinder/upload/files/1918.pdf,2026-09-21T01:00:19Z,pdf_scanned,true,raw/la/la_1175/20260921T0100Z__scanned.pdf,ຂໍ້ຕົກລົງ ວ່າດ້ວຍມາດຕະຖານຜະລິດຕະພັນ ແລະ ຄຸນນະພາບການບໍລິການໄປສະນີ,,,,requests,200,raw/la/la_1175/20260921T0100Z__scanned.pdf.headers.json,application/pdf,09e107a466d6b71ea6e6814f1f8550e0ad2852dccb4c53fa2fc74b6ac3ca3c6a,670670,7,,,,corpus LA_corpus_2026-09-21: from LA_ws_2026-09-21; flags no_text_layer,2017-05-23,,,in_force
0.2.0,,la-la1177-001,LA,https://laoofficialgazette.gov.la/kcfinder/upload/files/ຄຳສັ່ງ ປະຢັດງົບປະມານຂອງລັດ.pdf,2026-09-21T02:53:27Z,pdf_scanned,true,raw/la/la_1177/20260921T0253Z__scanned.pdf,ຄຳສັ່ງ ວ່າດ້ວຍການປະຢັດລາຍຈ່າຍງົບປະມານຂອງລັດ,,,,requests,200,raw/la/la_1177/20260921T0253Z__scanned.pdf.headers.json,application/pdf,dab01f18a3e071f3090e109c6c183626881ed375d22afc72a105ddd620669b3a,487978,5,,,,corpus LA_corpus_2026-09-21: from LA_ws_2026-09-21; flags no_text_layer,2017-06-02,,,in_force
0.2.0,,la-la1178-001,LA,https://laoofficialgazette.gov.la/kcfinder/upload/files/ປັບປຸງມາດຕາ41 ແລະ 42.pdf,2026-09-21T01:42:10Z,pdf_scanned,true,raw/la/la_1178/20260921T0142Z__scanned.pdf,ປັບປຸງເນື້ອໃນ ມາດຕາ 41 ແລະ 42 ກົດໝາຍວ່າດ້ວຍ ການເລືອກຕັ້ງສະມາຊິກ ສະພາແຫ່ງຊາດ ແລະ ສະພາປະຊາຊົນຂັ້ນແຂວງ (ສະບັບປັບປຸງ 2015),,,,requests,200,raw/la/la_1178/20260921T0142Z__scanned.pdf.headers.json,application/pdf,1464722751bf4e6ad5430719028084d1e76c423ef87f2d6dadeb8b54f37192de,590199,3,,,,"corpus LA_corpus_2026-09-21: from LA_ws_2026-09-21; flags no_text_layer,short_principal",2017-06-13,,,repealed
0.2.0,,la-la1179-001,LA,"https://laoofficialgazette.gov.la/kcfinder/upload/files/ຂໍ້ຕົກລົງ ຄຸ້ມຄອງ,ກວດກາ ຢັ້ງຢືນຄຸນະພາບນ້ຳມັນ.pdf",2026-09-21T05:00:13Z,pdf_scanned,true,raw/la/la_1179/20260921T0500Z__scanned.pdf,"ຂໍ້ຕົກລົງ ວ່າດ້ວຍການຄຸ້ມຄອງ, ກວດກາ ແລະ ຢັ້ງຢືນຄຸນນະພາບນ້ຳມັນເຊື້ອໄຟ ຢູ່ ສປປ ລາວ",,,,requests,200,raw/la/la_1179/20260921T0500Z__scanned.pdf.headers.json,application/pdf,d9fbad0afcd1beccdf40173d7534e99c4824ff3a60a299e035b0d470f2f0fbb6,668899,11,,,,corpus LA_corpus_2026-09-21: from LA_ws_2026-09-21; flags no_text_layer,2017-06-21,,,repealed
0.2.0,,la-la1180-001,LA,https://laoofficialgazette.gov.la/kcfinder/upload/files/ຂໍ້ຕົກລົງ ຄຸ້ມຄອງຊິງຊັ່ງ.pdf,2026-09-21T04:32:30Z,pdf_scanned,true,raw/la/la_1180/20260921T0432Z__scanned.pdf,ຂໍ້ຕົກລົງ ວ່າດ້ວຍການຄຸ້ມຄອງຊິງຊັ່ງທຸກປະເພດ ຢູ່ ສປປ ລາວ,,,,requests,200,raw/la/la_1180/20260921T0432Z__scanned.pdf.headers.json,application/pdf,4de8375fba66c46037813fb602f3f014618f7b885c4d7192a02021310ca67004,819957,11,,,,corpus LA_corpus_2026-09-21: from LA_ws_2026-09-21; flags no_text_layer,2017-06-21,,,in_force
0.2.0,,la-la1181-001,LA,https://laoofficialgazette.gov.la/kcfinder/upload/files/ຂໍ້ຕົກລົງ ການຄຸ້ມຄອງໝໍ້ແທກນ້ຳປະປາ.pdf,2026-09-21T04:32:25Z,pdf_scanned,true,raw/la/la_1181/20260921T0432Z__scanned.pdf,ຂໍ້ຕົກລົງ ວ່າດ້ວຍການຄຸ້ມຄອງ ໝໍ້ແທກນ້ຳປະປາ ຢູ່ ສປປ ລາວ,,,,requests,200,raw/la/la_1181/20260921T0432Z__scanned.pdf.headers.json,application/pdf,0ac3654b2bbd6b1504686505de606bf153d79a5aea3b935526a076f791505ec1,751900,13,,,,corpus LA_corpus_2026-09-21: from LA_ws_2026-09-21; flags no_text_layer,2017-06-21,,,in_force
0.2.0,,la-la1182-001,LA,https://laoofficialgazette.gov.la/kcfinder/upload/files/ຂໍ້ຕົກລົງ ການຄຸ້ມຄອງຫົວຈ່າຍນ້ຳມັນເຊື້ອໄຟ.pdf,2026-09-21T05:00:05Z,pdf_scanned,true,raw/la/la_1182/20260921T0500Z__scanned.pdf,ຂໍ້ຕົກລົງ ວ່າດ້ວຍການຄຸ້ມຄອງຫົວຈ່າຍນ້ຳມັນເຊື້ອໄຟ ຢູ່ ສ ປປ ລາວ,,,,requests,200,raw/la/la_1182/20260921T0500Z__scanned.pdf.headers.json,application/pdf,f6a39919e1af5f5e83c137a7395b96918d20ff316abcb705b4ed86cdd5deee54,658664,11,,,,corpus LA_corpus_2026-09-21: from LA_ws_2026-09-21; flags no_text_layer,2017-06-21,,,repealed
0.2.0,,la-la1184-001,LA,https://laoofficialgazette.gov.la/kcfinder/upload/files/ດຳລັດການກັນ ແລະ ຄວບຄຸມພະຍາດສັດ.pdf,2026-09-21T02:29:27Z,pdf_scanned,true,raw/la/la_1184/20260921T0229Z__scanned.pdf,ດຳລັດ ວ່າດ້ວຍການກັນ ແລະ ຄວບຄຸມພະຍາດສັດ,,,,requests,200,raw/la/la_1184/20260921T0229Z__scanned.pdf.headers.json,application/pdf,7f66336e4374bc022a214799b3ee99974257b420951227a85637d3bd1b635c16,918484,14,,,,corpus LA_corpus_2026-09-21: from LA_ws_2026-09-21; flags no_text_layer,2017-06-29,,,in_force
0.2.0,,la-la1186-001,LA,https://laoofficialgazette.gov.la/kcfinder/upload/files/ຂໍ້ຕົກລົງ ການໃຫ້ບໍລິການຕິດຕັ້ງ ແລະ ສ້ອມແປງດ້ານໄອທີ.pdf,2026-09-21T04:59:57Z,pdf_scanned,true,raw/la/la_1186/20260921T0459Z__scanned.pdf,ຂໍ້ຕົກລົງ ວ່າດ້ວຍການໃຫ້ບໍລິການຕິດຕັ້ງ ແລະ ສ້ອມແປງດ້ານໄອຊີທີ,,,,requests,200,raw/la/la_1186/20260921T0459Z__scanned.pdf.headers.json,application/pdf,9dc0a2e630bb2545e2426b26b76a8db89bfa79f96154b23b50801146bc6c079c,856979,10,,,,corpus LA_corpus_2026-09-21: from LA_ws_2026-09-21; flags no_text_layer,2017-07-12,,,repealed
0.2.0,,la-la1187-001,LA,https://laoofficialgazette.gov.la/kcfinder/upload/files/ດຳລັດຕຳແໜ່ງວິຊາການ202.pdf,2026-09-21T02:29:19Z,pdf_scanned,true,raw/la/la_1187/20260921T0229Z__scanned.pdf,ດຳລັດ ວ່າດ້ວຍຕຳແໜ່ງວິຊາການຂອງລັດຖະກອນ,,,,requests,200,raw/la/la_1187/20260921T0229Z__scanned.pdf.headers.json,application/pdf,df210c97ab8e4064802f975fd4de33f3ed86ba25865ff21c501653b2ae691db4,330721,6,,,,corpus LA_corpus_2026-09-21: from LA_ws_2026-09-21; flags no_text_layer,2017-07-21,,,in_force
0.2.0,,la-la1188-001,LA,https://laoofficialgazette.gov.la/kcfinder/upload/files/ກົດໝາຍສະຖິຕິ(ປັບປຸງ).pdf,2026-09-21T00:28:56Z,pdf_scanned,true,raw/la/la_1188/20260921T0028Z__scanned.pdf,ກົດໝາຍວ່າດ້ວຍ ສະຖິຕິ (ສະບັບປັບປຸງ),,P7,P7-I1,requests,200,raw/la/la_1188/20260921T0028Z__scanned.pdf.headers.json,application/pdf,5518226a87c3f130d1183afc6ef7a0b0842b56eb30eb53d1934acb619c0976bc,1744388,35,,,,corpus LA_corpus_2026-09-21: from LA_ws_2026-09-21; flags no_text_layer,2017-07-21,,,in_force
0.2.0,,la-la1189-001,LA,https://laoofficialgazette.gov.la/kcfinder/upload/files/ດຳລັດຕຳແໜ່ງບໍລິຫານ203.pdf,2026-09-21T02:29:13Z,pdf_scanned,true,raw/la/la_1189/20260921T0229Z__scanned.pdf,ດຳລັດ ວ່າດ້ວຍຕຳແໜ່ງບໍລິຫານຂອງພະນັກງານ-ລັດຖະກອນ,,,,playwright,200,raw/la/la_1189/20260921T0229Z__scanned.pdf.headers.json,application/pdf,24317131b7089975890cabbbe8a85735f8d97966243938b6b4ff90c0690bc690,429303,9,,,,corpus LA_corpus_2026-09-21: from LA_ws_2026-09-21; flags no_text_layer,2017-07-21,,,in_force
0.2.0,,la-la1190-001,LA,https://laoofficialgazette.gov.la/kcfinder/upload/files/ຂໍ້ຕົກລົງ ຄຸ້ມຄອງສິນຄ້າຫຸ້ມຫໍ່ ຢູ່ ສປປລາວ.pdf,2026-09-21T04:59:48Z,pdf_scanned,true,raw/la/la_1190/20260921T0459Z__scanned.pdf,ຂໍ້ຕົກລົງ ວ່າດ້ວຍ ການຄຸ້ມຄອງສິນຄ້າຫຸ້ມຫໍ່ ຢູ່ ສປປ ລາວ (ສະບັບປັບປຸງ),,,,requests,200,raw/la/la_1190/20260921T0459Z__scanned.pdf.headers.json,application/pdf,b50b942cdcc15e0ae47acd921ada2916a9fe204ae1b887461a7623ab5aa8f054,1120912,19,,,,corpus LA_corpus_2026-09-21: from LA_ws_2026-09-21; flags no_text_layer,2017-07-26,,,repealed
0.2.0,,la-la1191-001,LA,https://laoofficialgazette.gov.la/kcfinder/upload/files/ກົດໝາຍຄະນະຊາວໜຸ່ມປະຊາຊົນປະຕິວັດລາວ.pdf,2026-09-21T01:33:32Z,pdf_scanned,true,raw/la/la_1191/20260921T0133Z__scanned.pdf,ກົດໝາຍວ່າດ້ວຍ ຄະນະຊາວໜຸ່ມປະຊາຊົນປະຕິວັດລາວ (ສະບັບປັບປຸງ),,,,requests,200,raw/la/la_1191/20260921T0133Z__scanned.pdf.headers.json,application/pdf,2d4013eb56f16223cf1d2b7b92fe7dc6514bd42592af55a037bf0220e0cfb89a,1454501,21,,,,corpus LA_corpus_2026-09-21: from LA_ws_2026-09-21; flags no_text_layer,2017-08-07,,,in_force
0.2.0,,la-la1192-001,LA,https://laoofficialgazette.gov.la/kcfinder/upload/files/ລັດຖະທຳມະນູນ1991.pdf,2026-09-21T01:13:55Z,pdf_scanned,true,raw/la/la_1192/20260921T0113Z__scanned.pdf,ລັດຖະທຳມະນູນ ແຫ່ງ ສາທາລະນະລັດ ປະຊາທິປະໄຕ ປະຊາຊົນລາວ,,,,requests,200,raw/la/la_1192/20260921T0113Z__scanned.pdf.headers.json,application/pdf,0acef94711547220b9abca843f89af80c237f0376f0f35f72758afa3fe8d635a,3105203,33,,,,corpus LA_corpus_2026-09-21: from LA_ws_2026-09-21; flags no_text_layer,2017-03-23,,,repealed
0.2.0,,la-la1193-001,LA,https://laoofficialgazette.gov.la/kcfinder/upload/files/ຂໍ້ຕົກລົງ ໜຶ່ງເມືອງໜຶ່ງຜະລິດຕະພັນ.pdf,2026-09-21T04:32:19Z,pdf_scanned,true,raw/la/la_1193/20260921T0432Z__scanned.pdf,ຂໍ້ຕົກລົງ ວ່າດ້ວຍສິນຄ້າ ໜຶ່ງເມືອງ ໜຶ່ງຜະລິດຕະພັນ ແຫ່ງຊາດ,,,,requests,200,raw/la/la_1193/20260921T0432Z__scanned.pdf.headers.json,application/pdf,86e1ea9b25a5d123d650b68dbd829421386ea75afc7f1d7377e4448b66babbdc,826012,10,,,,corpus LA_corpus_2026-09-21: from LA_ws_2026-09-21; flags no_text_layer,2017-08-18,,,in_force
0.2.0,,la-la1195-001,LA,https://laoofficialgazette.gov.la/kcfinder/upload/files/Law on performing arts.pdf,2026-09-21T01:33:26Z,pdf_scanned,true,raw/la/la_1195/20260921T0133Z__scanned.pdf,ກົດໝາຍ ວ່າດ້ວຍສິລະປະການສະແດງ,,,,requests,200,raw/la/la_1195/20260921T0133Z__scanned.pdf.headers.json,application/pdf,340b4b4307a76944357cb4f6d158392e118c49c180e49b12430ba9faa08c496a,1453309,23,,,,corpus LA_corpus_2026-09-21: from LA_ws_2026-09-21; flags no_text_layer,2017-09-13,,,in_force
0.2.0,,la-la1196-001,LA,https://laoofficialgazette.gov.la/kcfinder/upload/files/ດຳລັດ ປ່າສະຫງວນ.pdf,2026-09-21T02:36:52Z,pdf_scanned,true,raw/la/la_1196/20260921T0236Z__scanned.pdf,ດຳລັດ ວ່າດ້ວຍປ່າສະຫງວນ,,,,requests,200,raw/la/la_1196/20260921T0236Z__scanned.pdf.headers.json,application/pdf,5bf658a38941650b2da906724b8db85262e2771dd935ab9015b423d643ce313a,648784,17,,,,corpus LA_corpus_2026-09-21: from LA_ws_2026-09-21; flags no_text_layer,2017-09-13,,,repealed
0.2.0,,la-la1197-001,LA,https://laoofficialgazette.gov.la/kcfinder/upload/files/ດຳລັດຄຸ້ມຄອງຢາປາບສັດຕູພືດ.pdf,2026-09-21T02:29:00Z,pdf_scanned,true,raw/la/la_1197/20260921T0229Z__scanned.pdf,ດຳລັດ ວ່າດ້ວຍການຄຸ້ມຄອງຢາປາບສັດຕູພືດ,,,,requests,200,raw/la/la_1197/20260921T0229Z__scanned.pdf.headers.json,application/pdf,b430955c6b7974f04a8b34425b5a8e834073cec2339681d86ea0b756550ef229,1331486,25,,,,corpus LA_corpus_2026-09-21: from LA_ws_2026-09-21; flags no_text_layer,2017-09-13,,,in_force
0.2.0,,la-la1198-001,LA,https://laoofficialgazette.gov.la/kcfinder/upload/files/ດຳລັດ ຝຶກອົບຮົມ ພງລັດຖະກອນ.pdf,2026-09-21T02:28:50Z,pdf_scanned,true,raw/la/la_1198/20260921T0228Z__scanned.pdf,ດຳລັດ ວ່າດ້ວຍການຝຶກອົບຮົມ ແລະ ພັດທະນາ ພະນັກງານ-ລັດຖະກອນ,,,,requests,200,raw/la/la_1198/20260921T0228Z__scanned.pdf.headers.json,application/pdf,fc44392fb15e398a2f1af7b62d1c15eb1f84a380b42d89ed5c166c26c6f15f55,880674,17,,,,corpus LA_corpus_2026-09-21: from LA_ws_2026-09-21; flags no_text_layer,2017-09-14,,,in_force
0.2.0,,la-la1199-001,LA,https://laoofficialgazette.gov.la/kcfinder/upload/files/ຂໍ້ຕົກລົງຄຸ້ມຄອງຕົວເມືອງຫ້ວຍຊາຍ.pdf,2026-09-21T04:59:41Z,pdf_scanned,true,raw/la/la_1199/20260921T0459Z__scanned.pdf,ຂໍ້ຕົກລົງ ວ່າດ້ວຍການຄຸ້ມຄອງຕົວເມືອງຫ້ວຍຊາຍ,,,,requests,200,raw/la/la_1199/20260921T0459Z__scanned.pdf.headers.json,application/pdf,440d77eb6aba15a6b658496fdd94f0c5b01b3514421d76f859ec484a0b59491b,904538,16,,,,corpus LA_corpus_2026-09-21: from LA_ws_2026-09-21; flags no_text_layer,2017-09-14,,,repealed
0.2.0,,la-la1200-001,LA,https://laoofficialgazette.gov.la/kcfinder/upload/files/ຂໍ້ຕົກລົງຄຸ້ມຄອງປ່າສະຫງວນຂອງແຂວງ.pdf,2026-09-21T04:32:05Z,pdf_scanned,true,raw/la/la_1200/20260921T0432Z__scanned.pdf,ຂໍ້ຕົກລົງ ວ່າດ້ວຍການຄຸ້ມຄອງປ່າສະຫງວນ ຂອງແຂວງ,,,,requests,200,raw/la/la_1200/20260921T0432Z__scanned.pdf.headers.json,application/pdf,fcf075a186ca6dafd3ab1205b3ca97c66b43581c75e8e8e2c530cbd2cee4ecdf,721568,14,,,,corpus LA_corpus_2026-09-21: from LA_ws_2026-09-21; flags no_text_layer,2017-09-14,,,in_force
0.2.0,,la-la1201-001,LA,https://laoofficialgazette.gov.la/kcfinder/upload/files/ຄຳສັ່ງແກ້ໄຂບັນຫາປູກກ້ວຍຫອມ.pdf,2026-09-21T02:53:20Z,pdf_scanned,true,raw/la/la_1201/20260921T0253Z__scanned.pdf,ຄຳສັ່ງເພີ່ມເຕີມ ວ່າດ້ວຍການແກ້ໄຂບັນຫາການປູກກ້ວຍຫອມ ໃສ່ເນື້ອທີ່ນາ ແລະ ເຂດຊົນລະປະທານ ຢູ່ແຂວງບໍ່ແກ້ວ,,,,requests,200,raw/la/la_1201/20260921T0253Z__scanned.pdf.headers.json,application/pdf,a9eaf5052f2acb282ce97921f6138d06339f62467d3d25c027db5b5e91858921,465967,2,,,,corpus LA_corpus_2026-09-21: from LA_ws_2026-09-21; flags no_text_layer,2017-09-14,,,in_force
0.2.0,,la-la1202-001,LA,https://laoofficialgazette.gov.la/kcfinder/upload/files/ຂໍ້ຕົກລົງ ການລົບລ້າງການເກັບພັນທະ.pdf,2026-09-21T04:31:38Z,pdf_scanned,true,raw/la/la_1202/20260921T0431Z__scanned.pdf,ຂໍ້ຕົກລົງ ວ່າດ້ວຍການລົບລ້າງການເກັບພັນທະ ກອງທຶນສົ່ງເສີມການທ່ອງທ່ຽວແຫ່ງຊາດ ຢູ່ດ່ານສາກົນວັງເຕົ່າ ແລະດ່ານສາກົນໜອງນົກຂຽນ,,,,requests,200,raw/la/la_1202/20260921T0431Z__scanned.pdf.headers.json,application/pdf,f4761afd20c2cd8c6fcff8ab0c377d9fcdb54113ee1a2388d52c379dca94ce65,193461,2,,,,corpus LA_corpus_2026-09-21: from LA_ws_2026-09-21; flags no_text_layer,2017-09-20,,,in_force
0.2.0,,la-la1203-001,LA,https://laoofficialgazette.gov.la/kcfinder/upload/files/ຂໍ້ຕົກລົງ ສ້າງຕັ້ງຫ້ອງການຄົນພິການ.pdf,2026-09-21T04:31:48Z,pdf_scanned,true,raw/la/la_1203/20260921T0431Z__scanned.pdf,ຂໍ້ຕົກລົງ ວ່າດ້ວຍການສ້າງຕັ້ງຫ້ອງການສາຂາ ສະມາຄົມຄົນພິການແຫ່ງຊາດລາວ ປະຈຳແຂວງຈຳປາສັກ,,,,requests,200,raw/la/la_1203/20260921T0431Z__scanned.pdf.headers.json,application/pdf,4293b3d8de672f54124068fb023d85139159938c6e586fad830c3d08557c6372,238671,1,,,,corpus LA_corpus_2026-09-21: from LA_ws_2026-09-21; flags no_text_layer,2017-09-20,,,in_force
0.2.0,,la-la1204-001,LA,https://laoofficialgazette.gov.la/kcfinder/upload/files/ຂໍ້ຕົກລົງ ຊ່ວຍເຫຼືອຜູ້ດ້ອຍໂອກາດ.pdf,2026-09-21T04:31:59Z,pdf_scanned,true,raw/la/la_1204/20260921T0431Z__scanned.pdf,ຂໍ້ຕົກລົງ ວ່າດ້ວຍການຈັດຕັ້ງ ແລະ ການເຄື່ອນໄຫວ ຂອງສູນຊ່ວຍເຫຼືອຜູ້ດ້ອຍໂອກາດທາງສັງຄົມ ແຂວງຈຳປາສັກ,,,,requests,200,raw/la/la_1204/20260921T0431Z__scanned.pdf.headers.json,application/pdf,2c9fbec8798a910faf3c5b84e3d3d92e59faba3b0d00a2864bdbd328ab6611bf,488107,7,,,,corpus LA_corpus_2026-09-21: from LA_ws_2026-09-21; flags no_text_layer,2017-09-20,,,in_force
0.2.0,,la-la1205-001,LA,"https://laoofficialgazette.gov.la/kcfinder/upload/files/ຄຳສັ່ງ ການຍຸບເລີກປ້ອມ,ດ່ານ ຈຸດກວດຕ່າງໆ.pdf",2026-09-21T02:53:12Z,pdf_scanned,true,raw/la/la_1205/20260921T0253Z__scanned.pdf,"ຄຳສັ່ງ ວ່າດ້ວຍການຍຸບເລີກປ້ອມ, ດ່ານ, ກວດກາຂອງສາຍກວດຕ່າງໆ ລວມທັງປ້ອມກວດກາ ຂອງເຈົ້າໜ້າທີ່ຕຳຫຼວດ ຢູ່ແຕ່ລະເມືອງ ແລະ ຕາມເສັ້ນທາງຕ່າງໆ ໃນທົ່ວແຂວງຈຳປາສັກ",,,,requests,200,raw/la/la_1205/20260921T0253Z__scanned.pdf.headers.json,application/pdf,a975483522da8aa3eb7031984a4015f64609369f6d10570057edaa70cbb8426e,196016,2,,,,corpus LA_corpus_2026-09-21: from LA_ws_2026-09-21; flags no_text_layer,2017-09-20,,,in_force
0.2.0,,la-la1206-001,LA,https://laoofficialgazette.gov.la/kcfinder/upload/files/ຄຳແນະນຳ ຄຸ້ມຄອງນາງສາວຈຳປາສັກ.pdf,2026-09-21T05:19:44Z,pdf_scanned,true,raw/la/la_1206/20260921T0519Z__scanned.pdf,ຄຳແນະນຳ ວ່າດ້ວຍການຄຸ້ມຄອງນາງສາວຈຳປາສັກ,,,,requests,200,raw/la/la_1206/20260921T0519Z__scanned.pdf.headers.json,application/pdf,e6d99b2d8511453846c4fe2a8fe873f8341b1ad375e16af4b0167ba78fb9a69e,632379,5,,,,corpus LA_corpus_2026-09-21: from LA_ws_2026-09-21; flags no_text_layer,2017-09-20,,,in_force
0.2.0,,la-la1207-001,LA,https://laoofficialgazette.gov.la/kcfinder/upload/files/ຄຳແນະນຳ019.pdf,2026-09-21T05:19:29Z,pdf_scanned,true,raw/la/la_1207/20260921T0519Z__scanned.pdf,ຄຳແນະນຳ ວ່າດ້ວຍການນຳໃຊ້ມາດຕະຖານສາກົນດ້ານການບັນຊີແຫ່ງລັດ ຕາມພື້ນຖານເງິນສົດ ບັນຊີຄູ່,,,,requests,200,raw/la/la_1207/20260921T0519Z__scanned.pdf.headers.json,application/pdf,dc65031f88f58d3977e4e02a72e598ca39955ebdd4dd2bd02d466fc34435fad9,287643,2,,,,corpus LA_corpus_2026-09-21: from LA_ws_2026-09-21; flags no_text_layer,2017-09-20,,,in_force
0.2.0,,la-la1208-001,LA,https://laoofficialgazette.gov.la/kcfinder/upload/files/ຄຳສັ່ງ ສ້າງຕັ້ງຕົວແທນຜູ້ອອກແຮງງານ.pdf,2026-09-21T00:43:44Z,pdf_scanned,true,raw/la/la_1208/20260921T0043Z__scanned.pdf,ຄຳສັ່ງ ວ່າດ້ວຍການສ້າງຕັ້ງຕົວແທນຜູ້ອອກແຮງງານ ຫຼື ກຳມະບານຮາກຖານ ແລະ ປັບປຸງສ້າງຄວາມເຂັ້ມແຂງໃຫ້ແກ່ການຈັດຕັ້ງຂອງກຳມະບານ,,,,requests,200,raw/la/la_1208/20260921T0043Z__scanned.pdf.headers.json,application/pdf,859e4c877e9988a2ee6770f3fd1b2a35687f48960f292820b67edade2b2eeb58,234114,2,,,,corpus LA_corpus_2026-09-21: from LA_ws_2026-09-21; flags no_text_layer,2017-09-20,,,in_force
0.2.0,,la-la1209-001,LA,https://laoofficialgazette.gov.la/kcfinder/upload/files/ດຳລັດປະເມີນຜົນພງ.pdf,2026-09-21T02:28:48Z,pdf_scanned,true,raw/la/la_1209/20260921T0228Z__scanned.pdf,ດຳລັດ ວ່າດ້ວຍການປະເມີນຜົນການປະຕິບັດວຽກງານ ຂອງພະນັກງານ-ລັດຖະກອນ,,,,requests,200,raw/la/la_1209/20260921T0228Z__scanned.pdf.headers.json,application/pdf,b76d8032aa1e85d08a98c6f2aef5c84e74cd4e15328e2c980f7f074a972aa684,696376,10,,,,corpus LA_corpus_2026-09-21: from LA_ws_2026-09-21; flags no_text_layer,2017-09-22,,,in_force
0.2.0,,la-la1210-001,LA,https://laoofficialgazette.gov.la/kcfinder/upload/files/ຂໍ້ຕົກລົງ ປະຕິບັດວຽກງານການຄ້າ.pdf,2026-09-21T04:59:34Z,pdf_scanned,true,raw/la/la_1210/20260921T0459Z__scanned.pdf,ຂໍ້ຕົກລົງ ວ່າດ້ວຍການປະຕິບັດວຽກງານກວດກາການຄ້າ,,,,requests,200,raw/la/la_1210/20260921T0459Z__scanned.pdf.headers.json,application/pdf,8a59aabd75c1d5910189863f2eacb5cd0230b2dbb0c26a34bbb76c8b512d07b0,740354,13,,,,corpus LA_corpus_2026-09-21: from LA_ws_2026-09-21; flags no_text_layer,2017-09-22,,,repealed
0.2.0,,la-la1211-001,LA,https://laoofficialgazette.gov.la/kcfinder/upload/files/road fund.pdf,2026-09-21T02:28:34Z,pdf_scanned,true,raw/la/la_1211/20260921T0228Z__scanned.pdf,ດຳລັດ ວ່າດ້ວຍກອງທຶນທາງ,,,,requests,200,raw/la/la_1211/20260921T0228Z__scanned.pdf.headers.json,application/pdf,3ef6a0e7aa33f52924a7eb4a5613c7ad87adf05c22ea483f537acce38d29aaba,427432,5,,,,corpus LA_corpus_2026-09-21: from LA_ws_2026-09-21; flags no_text_layer,2017-09-22,,,in_force
0.2.0,,la-la1212-001,LA,https://laoofficialgazette.gov.la/kcfinder/upload/files/ລັດຖະບັນຍັດ ຄ່າທຳນຽມທາງ.pdf,2026-09-21T02:04:32Z,pdf_scanned,true,raw/la/la_1212/20260921T0204Z__scanned.pdf,ລັດຖະບັນຍັດ ວ່າດ້ວຍຄ່າທຳນຽມທາງ,,,,requests,200,raw/la/la_1212/20260921T0204Z__scanned.pdf.headers.json,application/pdf,98dd92cf1a308cf49a7de9e1aef57ee095191570ec018e5fb03b42b068f50305,617600,4,,,,"corpus LA_corpus_2026-09-21: from LA_ws_2026-09-21; flags no_text_layer,short_principal",2017-09-28,,,in_force
0.2.0,,la-la1213-001,LA,https://laoofficialgazette.gov.la/kcfinder/upload/files/ຄຳສັ່ງ ສະກັດກັ້ນໄຂ້ຫວັດສັດປີກ.pdf,2026-09-21T02:53:09Z,pdf_scanned,true,raw/la/la_1213/20260921T0253Z__scanned.pdf,ຄຳສັ່ງ ກ່ຽວກັບການເພີ່ມທະວີຄວາມເອົາໃຈໃສ່ ຕິດຕາມ ເຝົ້າລະວັງ ແລະ ສະກັດກັ້ນພະຍາດໄຂ້ຫວັດສັດປີກ,,,,requests,200,raw/la/la_1213/20260921T0253Z__scanned.pdf.headers.json,application/pdf,f09402624211c84a23953d70de7b3dbe00e1bf54edc59efdbdb3fda8f86332d6,803802,3,,,,corpus LA_corpus_2026-09-21: from LA_ws_2026-09-21; flags no_text_layer,2017-09-28,,,in_force
0.2.0,,la-la1214-001,LA,https://laoofficialgazette.gov.la/kcfinder/upload/files/ຄຳແນະນຳ ເຄື່ອນຍ້າຍໄມ້ຕິ້ວ ຖ່ານຂາວ.pdf,2026-09-21T05:26:52Z,pdf_scanned,true,raw/la/la_1214/20260921T0526Z__scanned.pdf,"ຄຳແນະນຳ ກ່ຽວກັບການຂຸດຄົ້ນ ແລະເຄື່ອນຍ້າຍໄມ້ຕິ້ວ, ການເຄື່ອນຍ້າຍຖ່ານຂາວ ທີ່ຜະລິດມາຈາກໄມ້ຕິ້ວ ພາຍໃນ ແລະສົ່ງອອກຕ່າງປະເທດ",,,,playwright,200,raw/la/la_1214/20260921T0526Z__scanned.pdf.headers.json,application/pdf,0e8b1eecfd45270d68d0795218e0c8f7d97083fd02c51749151a50cbad9465f8,922585,11,,,,corpus LA_corpus_2026-09-21: from LA_ws_2026-09-21; flags no_text_layer,2017-09-28,,,repealed
0.2.0,,la-la1216-001,LA,https://laoofficialgazette.gov.la/kcfinder/upload/files/0918570.pdf,2026-09-21T00:28:41Z,pdf_scanned,true,raw/la/la_1216/20260921T0028Z__scanned.pdf,ກົດໝາຍ ວ່າດ້ວຍການປົກປ້ອງຂໍ້ມູນເອເລັກໂຕຣນິກ,,both,"P6-I1,P6-I4,P7-I1,P7-I4",requests,200,raw/la/la_1216/20260921T0028Z__scanned.pdf.headers.json,application/pdf,0485daa30769ec92ad16d18662fef5c7a4846762a51d2ef54d2ec610a7db6078,1225224,17,,,,corpus LA_corpus_2026-09-21: from LA_ws_2026-09-21; flags no_text_layer,2017-10-05,,,in_force
0.2.0,,la-la1217-001,LA,https://laoofficialgazette.gov.la/kcfinder/upload/files/0918571.pdf,2026-09-21T00:28:49Z,pdf_scanned,true,raw/la/la_1217/20260921T0028Z__scanned.pdf,ກົດໝາຍ ວ່າດ້ວຍຄື້ນຄວາມຖີ່ວິທະຍຸສື່ສານ,,P6,P6-I3,requests,200,raw/la/la_1217/20260921T0028Z__scanned.pdf.headers.json,application/pdf,5d3a38dfcc33bdd73d576f57392bc68d54b9faadd062e8626f82ef04c2dabc64,1560359,23,,,,corpus LA_corpus_2026-09-21: from LA_ws_2026-09-21; flags no_text_layer,2017-10-05,,,in_force
0.2.0,,la-la1218-001,LA,https://laoofficialgazette.gov.la/kcfinder/upload/files/1061568.pdf,2026-09-21T04:31:33Z,pdf_scanned,true,raw/la/la_1218/20260921T0431Z__scanned.pdf,ຂໍ້ຕົກລົງ ວ່າດ້ວຍການອະນຸມັດ ເຂດພື້ນທີ່ດິນປ່າສະຫງວນ ດົງຫົວຊ້າງເປັນເຂດສະຫງວນເພື່ອການທ່ອງທ່ຽວ,,,,requests,200,raw/la/la_1218/20260921T0431Z__scanned.pdf.headers.json,application/pdf,9206a51d95b482706d3d429494de9d312a0c33ac211b46786594d05b013c3669,337964,1,,,,corpus LA_corpus_2026-09-21: from LA_ws_2026-09-21; flags no_text_layer,2017-10-05,,,in_force
0.2.0,,la-la1219-001,LA,https://laoofficialgazette.gov.la/kcfinder/upload/files/1061569.pdf,2026-09-21T02:52:57Z,pdf_scanned,true,raw/la/la_1219/20260921T0252Z__scanned.pdf,ຄຳສັ່ງແນະນຳ ການແກ້ໄຂ ບັນຫາຂອງຊາວຕ່າງດ້າວ - ຊາວຕ່າງປະເທດ ທີ່ທຳມາຫາກິນ ແລະ ດຳເນີນທຸລະກິດ ບໍ່ຖືກຕ້ອງ ຢູ່ແຂວງອັດຕະປື,,,,requests,200,raw/la/la_1219/20260921T0252Z__scanned.pdf.headers.json,application/pdf,b9e2fd58662ef848fe36919b7370165417f5495fd57e290f32c31cf3279091b4,644848,4,,,,corpus LA_corpus_2026-09-21: from LA_ws_2026-09-21; flags no_text_layer,2017-10-05,,,in_force
0.2.0,,la-la1220-001,LA,https://laoofficialgazette.gov.la/kcfinder/upload/files/ຈໝຫ1106.pdf,2026-09-21T04:59:28Z,pdf_scanned,true,raw/la/la_1220/20260921T0459Z__scanned.pdf,ຂໍ້ຕົກລົງ ຂອງລັດຖະມົນຕີກະຊວງຍຸຕິທຳ ວ່າດ້ວຍການຄຸ້ມຄອງຈົດໝາຍເຫດທາງລັດຖະການ,,,,requests,200,raw/la/la_1220/20260921T0459Z__scanned.pdf.headers.json,application/pdf,1ac552b1c497c80afdb72253bb3a936e30d2ea0376ac7204cf65c65b39a9a776,881883,10,,,,corpus LA_corpus_2026-09-21: from LA_ws_2026-09-21; flags no_text_layer,2017-10-10,,,repealed
0.2.0,,la-la1221-001,LA,https://laoofficialgazette.gov.la/kcfinder/upload/files/1059572.pdf,2026-09-21T04:31:26Z,pdf_scanned,true,raw/la/la_1221/20260921T0431Z__scanned.pdf,ຂໍ້ຕົກລົງ ການອະນຸມັດຮັບຮອງເອົາສະຖານບູຮານ ໜອງດິນຈີ່ ເປັນມໍລະດົກທາງດ້ານວັດທະນະທຳ ຂັ້ນແຂວງ,,,,requests,200,raw/la/la_1221/20260921T0431Z__scanned.pdf.headers.json,application/pdf,0c0d97ba7466fe1e703b32a31f1d545917c96a3e9e6330d27deb8a7d57b108f5,288912,1,,,,corpus LA_corpus_2026-09-21: from LA_ws_2026-09-21; flags no_text_layer,2017-10-16,,,in_force
0.2.0,,la-la1222-001,LA,https://laoofficialgazette.gov.la/kcfinder/upload/files/1059573.pdf,2026-09-21T04:59:20Z,pdf_scanned,true,raw/la/la_1222/20260921T0459Z__scanned.pdf,"ຂໍ້ຕົກລົງ ວ່າດ້ວຍການປະເມີນມູນຄ່າທີ່ດິນໃນຂອບເຂດເມືອງປາກເຊ, ເມືອງບາຈຽງຈະເລີນສຸກ, ເມືອງປາກຊ່ອງ ແລະ ເມືອງໂພນທອງ ແຂວງຈຳປາສັກ",,,,requests,200,raw/la/la_1222/20260921T0459Z__scanned.pdf.headers.json,application/pdf,b69c4c9e2e874475d15e97025ac1ff37ec8c026513a65c4e63555a9c909d7d07,583383,14,,,,corpus LA_corpus_2026-09-21: from LA_ws_2026-09-21; flags no_text_layer,2017-10-16,,,repealed
0.2.0,,la-la1223-001,LA,https://laoofficialgazette.gov.la/kcfinder/upload/files/1059574.pdf,2026-09-21T04:31:18Z,pdf_scanned,true,raw/la/la_1223/20260921T0431Z__scanned.pdf,ຂໍ້ຕົກລົງ ວ່າດ້ວຍການຄຸ້ມຄອງ ແລະ ຈັດສັນຄວາມເປັນລະບຽບຮຽບຮ້ອຍ ໃນຕົວເມືອງປາກເຊ ແຂວງຈຳປາສັກ,,,,requests,200,raw/la/la_1223/20260921T0431Z__scanned.pdf.headers.json,application/pdf,25550080777951262b5c94c83430f4f98fe0493ec1f9a02afa0906efb7bfb064,931491,25,,,,corpus LA_corpus_2026-09-21: from LA_ws_2026-09-21; flags no_text_layer,2017-10-16,,,in_force
0.2.0,,la-la1224-001,LA,https://laoofficialgazette.gov.la/kcfinder/upload/files/ກົດໝາຍ ນ້ຳ ແລະ ຊັບພະຍາກອນນ້ຳ.pdf,2026-09-21T01:33:19Z,pdf_scanned,true,raw/la/la_1224/20260921T0133Z__scanned.pdf,ກົດໝາຍວ່າດ້ວຍ ນ້ຳ ແລະ ຊັບພະຍາກອນນ້ຳ (ສະບັບປັບປຸງ),,,,requests,200,raw/la/la_1224/20260921T0133Z__scanned.pdf.headers.json,application/pdf,8cf84ed287579ae610a74f79b36943a354693be4c36e2cfc5d55ca3ab73e6b5c,2299002,43,,,,corpus LA_corpus_2026-09-21: from LA_ws_2026-09-21; flags no_text_layer,2017-10-30,,,in_force
0.2.0,,la-la1225-001,LA,https://laoofficialgazette.gov.la/kcfinder/upload/files/0201576.pdf,2026-09-21T01:42:05Z,pdf_scanned,true,raw/la/la_1225/20260921T0142Z__scanned.pdf,ກົດໝາຍວ່າດ້ວຍ ການປັບປຸງບາງມາດຕາ ຂອງກົດໝາຍວ່າດ້ວຍສະພາແຫ່ງຊາດ ສະບັບປີ 2015,,,,requests,200,raw/la/la_1225/20260921T0142Z__scanned.pdf.headers.json,application/pdf,cb7d32f389d9da5fdce8db9ff787f428e6e8f9d37d55b0eaf55e8ff58afe9338,1096364,13,,,,corpus LA_corpus_2026-09-21: from LA_ws_2026-09-21; flags no_text_layer,2017-10-30,,,repealed
0.2.0,,la-la1226-001,LA,https://laoofficialgazette.gov.la/kcfinder/upload/files/0619577.pdf,2026-09-21T02:28:29Z,pdf_scanned,true,raw/la/la_1226/20260921T0228Z__scanned.pdf,ດຳລັດ ວ່າດ້ວຍສະມາຄົມ,,,,requests,200,raw/la/la_1226/20260921T0228Z__scanned.pdf.headers.json,application/pdf,d73b153ecff70fc329c7711cf282c8432565cd08cbb297a10250d126e625c21a,1050717,23,,,,corpus LA_corpus_2026-09-21: from LA_ws_2026-09-21; flags no_text_layer,2017-10-31,,,in_force
0.2.0,,la-la1227-001,LA,https://laoofficialgazette.gov.la/kcfinder/upload/files/0919578.pdf,2026-09-21T05:19:24Z,pdf_scanned,true,raw/la/la_1227/20260921T0519Z__scanned.pdf,ຄຳແນະນຳ ກ່ຽວກັບການຈັດຕັ້ງປະຕິບັດ ດຳລັດວ່າດ້ວຍສະມາຄົມ,,,,requests,200,raw/la/la_1227/20260921T0519Z__scanned.pdf.headers.json,application/pdf,e5af43e35ed9921195b367c77429e2b2ac022c703cd82b0acfd222add5c98fc4,1854885,6,,,,corpus LA_corpus_2026-09-21: from LA_ws_2026-09-21; flags no_text_layer,2017-10-31,,,in_force
0.2.0,,la-la1228-001,LA,https://laoofficialgazette.gov.la/kcfinder/upload/files/0206579.pdf,2026-09-21T01:33:13Z,pdf_scanned,true,raw/la/la_1228/20260921T0133Z__scanned.pdf,ກົດໝາຍ ວ່າດ້ວຍສົນທິສັນຍາ ແລະ ສັນຍາສາກົນ,,,,requests,200,raw/la/la_1228/20260921T0133Z__scanned.pdf.headers.json,application/pdf,44f822de48a5b085322843e6f62c6e170f0cccd365ef80318b82b729219bf792,2306459,47,,,,corpus LA_corpus_2026-09-21: from LA_ws_2026-09-21; flags no_text_layer,2017-11-02,,,in_force
0.2.0,,la-la1230-001,LA,https://laoofficialgazette.gov.la/kcfinder/upload/files/0633581.pdf,2026-09-21T02:28:21Z,pdf_scanned,true,raw/la/la_1230/20260921T0228Z__scanned.pdf,ດຳລັດ ວ່າດ້ວຍການປົກປ້ອງເງິນຝາກ,,,,requests,200,raw/la/la_1230/20260921T0228Z__scanned.pdf.headers.json,application/pdf,cb3e20b3f5744fa3d9e7164fbe500559500c99671cea5f9419d59d1623f8c2ea,666871,13,,,,corpus LA_corpus_2026-09-21: from LA_ws_2026-09-21; flags no_text_layer,2017-11-21,,,in_force
0.2.0,,la-la1232-001,LA,https://laoofficialgazette.gov.la/kcfinder/upload/files/Law on People Security Forces (Amended).pdf,2026-09-21T01:33:04Z,pdf_scanned,true,raw/la/la_1232/20260921T0133Z__scanned.pdf,ກົດໝາຍ ວ່າດ້ວຍກຳລັງປ້ອງກັນຄວາມສະຫງົບປະຊາຊົນ (ສະບັບປັບປຸງ),,,,requests,200,raw/la/la_1232/20260921T0133Z__scanned.pdf.headers.json,application/pdf,23cb1179bacbebdcdc3bea5306d3bfcaa15800d24e809e8550763399a6a01dad,1797533,35,,,,corpus LA_corpus_2026-09-21: from LA_ws_2026-09-21; flags no_text_layer,2017-11-24,,,in_force
0.2.0,,la-la1233-001,LA,https://laoofficialgazette.gov.la/kcfinder/upload/files/1054584.pdf,2026-09-21T04:30:57Z,pdf_scanned,true,raw/la/la_1233/20260921T0430Z__scanned.pdf,"ຂໍ້ຕົກລົງ ວ່າດ້ວຍ ການຄຸ້ມຄອງ, ນຳໃຊ້ ແລະ ການອານຸລັກຊ້າງບ້ານ",,,,requests,200,raw/la/la_1233/20260921T0430Z__scanned.pdf.headers.json,application/pdf,48769113bcaf7c9a6ca14943bbdcbc5024e4126cd917ea214c3c190181915c06,481625,11,,,,corpus LA_corpus_2026-09-21: from LA_ws_2026-09-21; flags no_text_layer,2017-11-27,,,in_force
0.2.0,,la-la1234-001,LA,https://laoofficialgazette.gov.la/kcfinder/upload/files/1054585.pdf,2026-09-21T04:31:07Z,pdf_scanned,true,raw/la/la_1234/20260921T0431Z__scanned.pdf,ຂໍ້ຕົກລົງ ວ່າດ້ວຍການປະຢັດລາຍຈ່າຍງົບປະມານຂອງລັດ,,,,requests,200,raw/la/la_1234/20260921T0431Z__scanned.pdf.headers.json,application/pdf,daa95e454b2d87d53ecdf07b6cee96dbf4353e5586f922d5b3dc1eeffba14af4,632628,9,,,,corpus LA_corpus_2026-09-21: from LA_ws_2026-09-21; flags no_text_layer,2017-11-27,,,in_force
0.2.0,,la-la1235-001,LA,https://laoofficialgazette.gov.la/kcfinder/upload/files/1054586.pdf,2026-09-21T04:31:10Z,pdf_scanned,true,raw/la/la_1235/20260921T0431Z__scanned.pdf,ຂໍ້ຕົກລົງ ວ່າດ້ວຍ ການຄຸ້ມຄອງ ແລະ ນຳໃຊ້ທີ່ດິນກະສິກຳ,,,,requests,200,raw/la/la_1235/20260921T0431Z__scanned.pdf.headers.json,application/pdf,1ad114fb13b74f2af6a08eb935c12401c02ddf09a8c7789be464776602da87a1,414060,9,,,,corpus LA_corpus_2026-09-21: from LA_ws_2026-09-21; flags no_text_layer,2017-11-27,,,in_force
0.2.0,,la-la1237-001,LA,https://laoofficialgazette.gov.la/kcfinder/upload/files/0916589.pdf,2026-09-21T04:30:50Z,pdf_scanned,true,raw/la/la_1237/20260921T0430Z__scanned.pdf,ຂໍ້ຕົກລົງ ວ່າດ້ວຍການຄ້າຊາຍແດນ,,,,requests,200,raw/la/la_1237/20260921T0430Z__scanned.pdf.headers.json,application/pdf,9e0d5134ac4dde84f420caf8d5dfca06a10a2112f451a5e0ec0b7b44347cb861,621241,6,,,,corpus LA_corpus_2026-09-21: from LA_ws_2026-09-21; flags no_text_layer,2017-12-11,,,in_force
0.2.0,,la-la1238-001,LA,https://laoofficialgazette.gov.la/kcfinder/upload/files/ກົດ​ໝາຍ ວ່າ​ດວຍ​ການ​ແກ້​ໄຂ​ຄຳ​ຮ້ອງ​ທຸກ.pdf,2026-09-21T01:41:56Z,pdf_scanned,true,raw/la/la_1238/20260921T0141Z__scanned.pdf,ກົດໝາຍ ວ່າດ້ວຍການແກ້ໄຂຄຳຮ້ອງທຸກ (ສະບັບປັບປຸງ),,,,requests,200,raw/la/la_1238/20260921T0141Z__scanned.pdf.headers.json,application/pdf,94244d313091d2a9af6ad715ebb0515b156d13c5839dd925b71d083570836263,1447352,19,,,,corpus LA_corpus_2026-09-21: from LA_ws_2026-09-21; flags no_text_layer,2017-12-13,,,repealed
0.2.0,,la-la1239-001,LA,https://laoofficialgazette.gov.la/kcfinder/upload/files/​ຂໍ້​ຕົກ​ລົງ ວ່າ​ດ້ວຍ​ການ​ນຳ​ໃຊ້​ເຄື່ອງ​ບິນບໍ່​ມີ​ຄົນ​ຂັບ.pdf,2026-09-21T04:59:14Z,pdf_scanned,true,raw/la/la_1239/20260921T0459Z__scanned.pdf,ຂໍ້ຕົກລົງ ວ່າດ້ວຍການນຳໃຊ້ເຄື່ອງບິນບໍ່ມີຄົນຂັບ,,,,requests,200,raw/la/la_1239/20260921T0459Z__scanned.pdf.headers.json,application/pdf,337e06c17f057ddd9a664ce5e9dbdf0ce575bca435cdc699e562e94959ecaff5,565244,4,,,,corpus LA_corpus_2026-09-21: from LA_ws_2026-09-21; flags no_text_layer,2017-12-15,,,repealed
0.2.0,,la-la1240-001,LA,https://laoofficialgazette.gov.la/kcfinder/upload/files/​ກົດ​ໝາຍ ວ່າ​ດ້ວຍອົງ​ການ​ໄອ​ຍະ​ການ​ປະ​ຊາ​ຊົນ ປັບ​ປຸງ .pdf,2026-09-21T01:41:50Z,pdf_scanned,true,raw/la/la_1240/20260921T0141Z__scanned.pdf,ກົດໝາຍວ່າດ້ວຍ ອົງການໄອຍະການປະຊາຊົນ (ສະບັບປັບປຸງ),,,,requests,200,raw/la/la_1240/20260921T0141Z__scanned.pdf.headers.json,application/pdf,d2b5683e0d4cf74bb1decb8b40cd5d6d75251db080a47ca36e6d350aa55dbe58,1651431,26,,,,corpus LA_corpus_2026-09-21: from LA_ws_2026-09-21; flags no_text_layer,2017-12-18,,,repealed
0.2.0,,la-la1241-001,LA,https://laoofficialgazette.gov.la/kcfinder/upload/files/ດຳ​ລັດ ວ່າ​ດ້ວຍ​ມາດ​ຕະ​ຖານ​ພົ້ນ​ທຸກ ແລະ ມາດ​ຕະ​ຖານ​ພັດ​ທະ​ນາ.pdf,2026-09-21T02:28:12Z,pdf_scanned,true,raw/la/la_1241/20260921T0228Z__scanned.pdf,ດຳລັດ ວ່າດ້ວຍມາດຕະຖານພົ້ນທຸກ ແລະ ມາດຕະຖານພັດທະນາ,,,,requests,200,raw/la/la_1241/20260921T0228Z__scanned.pdf.headers.json,application/pdf,ebee06f69e6c53528f07bb89fc5c8ff79eed0d47ecc6e788e8fbc009eb744576,659808,8,,,,corpus LA_corpus_2026-09-21: from LA_ws_2026-09-21; flags no_text_layer,2017-12-21,,,in_force
0.2.0,,la-la1242-001,LA,https://laoofficialgazette.gov.la/kcfinder/upload/files/​ຂໍ້​ຕົກ​ລົງ ວ່າ​ດ້ວຍ​ການ​ສ້າງ​ຄອບ​ຄົວ ແລະ ບ້ານ​ແບບ​ຢ່າງ​ປະ​ຕິ​ບັດ​ກົດ​ໝາຍ.pdf,2026-09-21T04:30:27Z,pdf_scanned,true,raw/la/la_1242/20260921T0430Z__scanned.pdf,ຂໍ້ຕົກລົງ ຂອງລັດຖະມົນຕີ ກະຊວງຍຸຕິທຳ ວ່າດ້ວຍການສ້າງຄອບຄົວ ແລະ ບ້ານແບບຢ່າງປະຕິບັດກົດໝາຍ,,,,requests,200,raw/la/la_1242/20260921T0430Z__scanned.pdf.headers.json,application/pdf,c81d5ba52b006b7cf095d920d1c4f7d07c1cc15562b8a48cf163bec11b5ec0fd,898095,11,,,,corpus LA_corpus_2026-09-21: from LA_ws_2026-09-21; flags no_text_layer,2017-12-25,,,in_force
0.2.0,,la-la1243-001,LA,https://laoofficialgazette.gov.la/kcfinder/upload/files/ກົດໝາຍ ​ວ່າດ​ວ້ຍສານ​ປະ​ຊາ​ຊົນ (ປັບ​ປຸງ) .pdf,2026-09-21T01:32:57Z,pdf_scanned,true,raw/la/la_1243/20260921T0132Z__scanned.pdf,ກົດໝາຍ ວ່າດ້ວຍສານປະຊາຊົນ (ສະບັບປັບປຸງ),,,,requests,200,raw/la/la_1243/20260921T0132Z__scanned.pdf.headers.json,application/pdf,f9aa6038f33a9e79f60ec12ba2de0cef4af3ad0af7fcf0b1052c8abb4ea22731,1603638,28,,,,corpus LA_corpus_2026-09-21: from LA_ws_2026-09-21; flags no_text_layer,2017-12-25,,,in_force
0.2.0,,la-la1244-001,LA,https://laoofficialgazette.gov.la/kcfinder/upload/files/​ຄຳ​ແນະ​ນຳ ກ່ຽວ​ກັບ​ການ​ຮັກ​ສາ​ຄວາມ​ປອດ​ໄພ​ທາງ​ລະ​ບົບ​ຄອມ​ພິວ​ເຕີ.pdf,2026-09-21T01:11:57Z,pdf_scanned,true,raw/la/la_1244/20260921T0111Z__scanned.pdf,ຄຳແນະນຳ ກ່ຽວກັບການຮັກສາຄວາມປອດໄພທາງລະບົບຄອມພິວເຕີ,,,,requests,200,raw/la/la_1244/20260921T0111Z__scanned.pdf.headers.json,application/pdf,2509e3cfce30971ec0033bf09bfdfd0746fcba6603d5b48d5f1325e140bec833,784559,9,,,,corpus LA_corpus_2026-09-21: from LA_ws_2026-09-21; flags no_text_layer,2017-12-27,,,in_force
0.2.0,,la-la1246-001,LA,https://laoofficialgazette.gov.la/kcfinder/upload/files/1018595.pdf,2026-09-21T01:00:12Z,pdf_scanned,true,raw/la/la_1246/20260921T0100Z__scanned.pdf,ຂໍ້ຕົກລົງ ວ່າດ້ວຍມາດຕະການປັບໃໝຕໍ່ຜູ້ລະເມີດກ່ຽວກັບ ອາຊະຍາກຳທາງລະບົບຄອມພິວເຕີ,,,,requests,200,raw/la/la_1246/20260921T0100Z__scanned.pdf.headers.json,application/pdf,3718f2924f1046aa614bd6ef8585d6f3df055dcf0e921b4f0ce404b1b36b5134,517696,4,,,,corpus LA_corpus_2026-09-21: from LA_ws_2026-09-21; flags no_text_layer,2017-12-27,,,in_force
0.2.0,,la-la1247-001,LA,https://laoofficialgazette.gov.la/kcfinder/upload/files/1018596.pdf,2026-09-21T01:06:31Z,pdf_scanned,true,raw/la/la_1247/20260921T0106Z__scanned.pdf,ຂໍ້ຕົກລົງ ວ່າດ້ວຍການຄຸ້ມຄອງ ແລະ ການນຳໃຊ້ລະບົບຈົດໝາຍເອເລັກໂຕຣນິກ ຂອງລັດຖະບານ,,,,requests,200,raw/la/la_1247/20260921T0106Z__scanned.pdf.headers.json,application/pdf,a7c83a15413579c5d449b6ad0630d40d8787d729ba7db479dcb759a3e856e6ff,732928,10,,,,corpus LA_corpus_2026-09-21: from LA_ws_2026-09-21; flags no_text_layer,2017-12-27,,,repealed
0.2.0,,la-la1248-001,LA,https://laoofficialgazette.gov.la/kcfinder/upload/files/​ດຳ​ລັດ ວ່າ​ດ້ວຍ​ທຸ​ລະ​ກິດ​ນ້ຳ​ມັນ​ເຊື້ອ​ໄຟ.pdf,2026-09-21T02:28:08Z,pdf_scanned,true,raw/la/la_1248/20260921T0228Z__scanned.pdf,ດຳລັດ ວ່າດ້ວຍທຸລະກິດນໍ້າມັນເຊື້ອໄຟ,,,,requests,200,raw/la/la_1248/20260921T0228Z__scanned.pdf.headers.json,application/pdf,63a4820d98795f82bb903c86b1f0795aaee754aec84c70a3b689a789b4d6cf9a,1213595,28,,,,corpus LA_corpus_2026-09-21: from LA_ws_2026-09-21; flags no_text_layer,2017-12-28,,,in_force
0.2.0,,la-la1250-001,LA,https://laoofficialgazette.gov.la/kcfinder/upload/files/ຂໍ້​ຕົກ​ລົງ ວ່າ​ດ້ວຍ​ການ​ເຂົ້າ​ຫາ​ຂໍ້​ມູນ​ຂ່າວ​ສານ​ສິນ​ເຊື່ອ.pdf,2026-09-21T01:00:04Z,pdf_scanned,true,raw/la/la_1250/20260921T0100Z__scanned.pdf,ຂໍ້ຕົກລົງ ວ່າດ້ວຍການເຂົ້າຫາຂໍ້ມູນຂ່າວສານສິນເຊື່ອ,,,,requests,200,raw/la/la_1250/20260921T0100Z__scanned.pdf.headers.json,application/pdf,d18eac3b22526beba6579f4138d4c50e0191831b4b1a646072fff88d56ea1089,507348,5,,,,corpus LA_corpus_2026-09-21: from LA_ws_2026-09-21; flags no_text_layer,2018-01-19,,,in_force
0.2.0,,la-la1253-001,LA,https://laoofficialgazette.gov.la/kcfinder/upload/files/ຂໍ້​ຕົກ​ລົງ​ວ່າດ້ວຍ​ການ​ສ້າງ​ຕັ້ງ​ຄະ​ນະ​ແກ້​ໄຂ​ຂໍ້​ຂັດ​ແຍ່ງ​ຂັ້ນ​ບ້ານ.pdf,2026-09-21T04:30:20Z,pdf_scanned,true,raw/la/la_1253/20260921T0430Z__scanned.pdf,ຂໍ້ຕົກລົງ ວ່າດ້ວຍການສ້າງຕັ້ງຄະນະແກ້ໄຂຂໍ້ຂັດແຍ່ງຂັ້ນບ້ານ,,,,playwright,200,raw/la/la_1253/20260921T0430Z__scanned.pdf.headers.json,application/pdf,93905cde6982e67935e7bc78342e311d40f70cc1d2db0bd1e41f544e8a681fa9,410196,2,,,,corpus LA_corpus_2026-09-21: from LA_ws_2026-09-21; flags no_text_layer,2018-02-09,,,in_force
0.2.0,,la-la1255-001,LA,https://laoofficialgazette.gov.la/kcfinder/upload/files/​ຂໍ້​ຕົກ​ລົງ ວ່າ​ດ້ວຍ​ການ​ເຄື່ອນ​ໄຫວ​ຂອງ​ຄະ​ນະ​ແກ້​ໄຂ​ຂໍ້​ຂັດ​ແຍ່ງ​ຂັ້ນ​ບ້ານ.pdf,2026-09-21T04:30:13Z,pdf_scanned,true,raw/la/la_1255/20260921T0430Z__scanned.pdf,ຂໍ້ຕົກລົງ ວ່າດ້ວຍການຈັດຕັ້ງ ແລະ ການເຄື່ອນໄຫວຂອງຄະນະແກ້ໄຂຂໍ້ຂັດແຍ່ງຂັ້ນບ້ານ,,,,requests,200,raw/la/la_1255/20260921T0430Z__scanned.pdf.headers.json,application/pdf,9a438a7b8f9b0db16674f2a3208bae53a0a1f4e79254ce015d246590e18cff58,873563,11,,,,corpus LA_corpus_2026-09-21: from LA_ws_2026-09-21; flags no_text_layer,2018-02-09,,,in_force
0.2.0,,la-la1257-001,LA,https://laoofficialgazette.gov.la/kcfinder/upload/files/​ຄຳ​ສັ່ງ​ແນະ​ນຳ ວ່າ​ດ້ວຍ​ການ​ຄຸ້ມ​ຄອງ​ປ່າ​ໄມ້.pdf,2026-09-21T02:51:34Z,pdf_scanned,true,raw/la/la_1257/20260921T0251Z__scanned.pdf,"ຄຳສັ່ງແນະນຳ ວ່າດ້ວຍການຄຸ້ມຄອງປ່າໄມ້ ແລະ ສະກັດກັ້ນການຂຸດຄົ້ນ, ເຄື່ອນຍ້າຍ, ສົ່ງອອກໄມ້ ແລະ ການດຳເນີນສຳຫຼວດກວດກາຕໍ່ບັນດາຂະແໜງການ ແລະ ເມືອງທີ່ກ່ຽວຂ້ອງກັບຄວາມຮັບຜິດຊອບໃນການອະນຸຍາດຂຸດຄົ້ນ, ທ້ອນໂຮມ ແລະ ສົ່ງອອກໄມ້ຢູ່ແຂວງຊຽງຂວາງ",,,,requests,200,raw/la/la_1257/20260921T0251Z__scanned.pdf.headers.json,application/pdf,545f096b0c721d73d055638490dbf5b4ad0bc6fe7fb635378c4e1349590ed495,816443,3,,,,corpus LA_corpus_2026-09-21: from LA_ws_2026-09-21; flags no_text_layer,2018-02-14,,,in_force
0.2.0,,la-la1258-001,LA,https://laoofficialgazette.gov.la/kcfinder/upload/files/​ຄ​ຳ​ສັ່ງ​ແນະ​ນຳ ຂອງ​ເຈົ້າ​ແຂວງ​ຫ້​າມ​ເຂົ້າ​ໄປ​ທຳ​ການ​ຜະ​ລິດ.pdf,2026-09-21T02:51:43Z,pdf_scanned,true,raw/la/la_1258/20260921T0251Z__scanned.pdf,"ຄຳສັ່ງແນະນຳ ຂອງເຈົ້າແຂວງ ແຂວງຊຽງຂວາງ ຫ້າມເຂົ້າໄປທຳການຜະລິດຢູ່ພື້ນທີ່ສະຫງວນຂອງລັດບໍລິເວນພູ 106, ຂົວປ່ອງ, ຫ້ວຍສະຫຼຽວ ເມືອງຜາໄຊ ແຂວງຊຽງຂວາງ",,,,requests,200,raw/la/la_1258/20260921T0251Z__scanned.pdf.headers.json,application/pdf,35810960ff652dd5d6c0eca6a09328e6e6d6aef4f5274284b128534b0096d1fb,344081,1,,,,corpus LA_corpus_2026-09-21: from LA_ws_2026-09-21; flags no_text_layer,2018-02-14,,,in_force
0.2.0,,la-la1259-001,LA,https://laoofficialgazette.gov.la/kcfinder/upload/files/ຄຳ​ສັ່ງ​ແນະ​ນຳ ວ່າ​ດ້ວຍ​ການ​ຄຸ້ມ​ຄອງ​ຜົນ​ຂອງ​ການກວດ​ກາ​ຂຸດ​ຄົ້ນ​ໄມ້.pdf,2026-09-21T02:51:51Z,pdf_scanned,true,raw/la/la_1259/20260921T0251Z__scanned.pdf,"ຄຳສັ່ງແນະນຳ ຂອງທ່ານເຈົ້າແຂວງ ວ່າດ້ວຍການຄຸ້ມຄອງຜົນຂອງການກວດກາການຂຸດຄົ້ນໄມ້, ທ້ອນໂຮມໄມ້ ແລະ ເຄື່ອນຍ້າຍໄມ້ຢູ່ແຂວງຊຽງຂວາງ",,,,requests,200,raw/la/la_1259/20260921T0251Z__scanned.pdf.headers.json,application/pdf,a05e171218935ce1125b63306ea6f71b6931db5a68273c75bf320ae6dbb7fb42,521183,2,,,,corpus LA_corpus_2026-09-21: from LA_ws_2026-09-21; flags no_text_layer,2018-02-14,,,in_force
0.2.0,,la-la1260-001,LA,https://laoofficialgazette.gov.la/kcfinder/upload/files/​ຄຳ​ສັ່ງ​ແນະ​ນຳ ວ່າ​ດ້ວຍ​ການ​ເກັບ​ລາຍ​ຮັບ​ອາ​ກອນ.pdf,2026-09-21T02:51:59Z,pdf_scanned,true,raw/la/la_1260/20260921T0251Z__scanned.pdf,ຄຳສັ່ງແນະນຳ ວ່າດ້ວຍການເກັບລາຍຮັບອາກອນລາຍໄດ້ຈາກການ ຊື້-ຂາຍ ໂອນສິດນຳໃຊ້ທີ່ດິນສິ່ງປຸກສ້າງ ຫຼື ທີ່ດິນພ້ອມສິ່ງປຸກສ້າງ,,,,requests,200,raw/la/la_1260/20260921T0251Z__scanned.pdf.headers.json,application/pdf,f0cb0312037e76513cd62d9693276c8c08f719480de7ee55e6bf7755893d18e1,463071,2,,,,corpus LA_corpus_2026-09-21: from LA_ws_2026-09-21; flags no_text_layer,2018-02-14,,,in_force
0.2.0,,la-la1261-001,LA,https://laoofficialgazette.gov.la/kcfinder/upload/files/​ຄຳ​ສັ່ງ ວ່າ​ດ້ວຍ​ການ​ເພີ່ມ​ທະ​ວີ​ວຽກ​ງານ​ທະ​ບຽນ​ສານ.pdf,2026-09-21T00:43:37Z,pdf_scanned,true,raw/la/la_1261/20260921T0043Z__scanned.pdf,ຄຳສັ່ງ ວ່າດ້ວຍການເພີ່ມທະວີຄວາມເອົາໃຈໃສ່ຕໍ່ວຽກງານທະບຽນສານ,,,,requests,200,raw/la/la_1261/20260921T0043Z__scanned.pdf.headers.json,application/pdf,f9ee78be853a1174556590a1b3df10892d294c7263b58012a720c861c95c9de5,727176,2,,,,corpus LA_corpus_2026-09-21: from LA_ws_2026-09-21; flags no_text_layer,2018-02-14,,,in_force
0.2.0,,la-la1262-001,LA,https://laoofficialgazette.gov.la/kcfinder/upload/files/ຄຳ​ສັ່ງ ວ່າ​ດ້ວຍ​ການ​ຄຸ້ມ​ຄອງ ສົ່ງ​ເສີມ​ການ​ຜະ​ລິດ.pdf,2026-09-21T02:52:07Z,pdf_scanned,true,raw/la/la_1262/20260921T0252Z__scanned.pdf,"ຄຳສັ່ງ ວ່າດ້ວຍການຄຸ້ມຄອງ, ສົ່ງເສີມການຜະລິດ, ການປຸງແຕ່ງ ແລະ ການຈຳໜ່າຍຜະລິດຕະພັນ ອາຫານ-ເຄື່ອງດື່ມ",,,,requests,200,raw/la/la_1262/20260921T0252Z__scanned.pdf.headers.json,application/pdf,4353ec162a82a01bf775d195639688cd1d6ec3a79acb3813e5dc79e1d32f9f86,375098,2,,,,corpus LA_corpus_2026-09-21: from LA_ws_2026-09-21; flags no_text_layer,2018-02-14,,,in_force
0.2.0,,la-la1263-001,LA,https://laoofficialgazette.gov.la/kcfinder/upload/files/ຄຳ​ສັ່ງ ວ່າ​ດ້ວຍ​ການ​ແກ້​ໄຂ​ບັນ​ຫາ​ຂຸດ​ຄົ້ນ​ແຮ່​ຄຳ.pdf,2026-09-21T02:52:20Z,pdf_scanned,true,raw/la/la_1263/20260921T0252Z__scanned.pdf,ຄຳສັ່ງ ວ່າດ້ວຍການແກ້ໄຂບັນຫາຂຸດຄົ້ນແຮ່ຄຳ ທີ່ບໍ່ຖືກຕ້ອງຕາມລະບຽບກົດໝາຍຢູ່ຕາມຈຸດຕ່າງໆ ຂອງທຸກເມືອງ ໃນທົ່ວແຂວງຊຽງຂວາງ,,,,requests,200,raw/la/la_1263/20260921T0252Z__scanned.pdf.headers.json,application/pdf,9fcec7782c46d4e32632c0d5aa9284c13f70b4eb44ea33c9b578ec567075d05c,816201,3,,,,corpus LA_corpus_2026-09-21: from LA_ws_2026-09-21; flags no_text_layer,2018-02-14,,,in_force
0.2.0,,la-la1264-001,LA,https://laoofficialgazette.gov.la/kcfinder/upload/files/​ຄຳ​ສັ່ງ​ແນະ​ນຳ ກ່ຽວ​ກັບ​ການກວດ​ກາ.pdf,2026-09-21T02:52:12Z,pdf_scanned,true,raw/la/la_1264/20260921T0252Z__scanned.pdf,"ຄຳສັ່ງແນະນຳ ກ່ຽວກັບການກວດກາ, ປະເມີນ ແລະ ປັບປຸງສັນຍາເຊົ່າ-ສຳປະທານ ແລະ ການຄຸ້ມຄອງນຳໃຊ້ດິນຂອງລັດ",,,,requests,200,raw/la/la_1264/20260921T0252Z__scanned.pdf.headers.json,application/pdf,d62bba247f337ebf57601a2a996e0cbc604681233cb0554de69c2d4ebe9adb10,576231,2,,,,corpus LA_corpus_2026-09-21: from LA_ws_2026-09-21; flags no_text_layer,2018-02-14,,,in_force
0.2.0,,la-la1265-001,LA,https://laoofficialgazette.gov.la/kcfinder/upload/files/​ຄຳ​ສັ່ງ​ ການ​ຍຸບ​ເລີກ​ລົດ​ຊະ​ແລວ.pdf,2026-09-21T02:52:42Z,pdf_scanned,true,raw/la/la_1265/20260921T0252Z__scanned.pdf,ຄຳສັ່ງ ການຍຸບເລີກລົດຊະແລວ ແລະ ຄຸ້ມຄອງຈັກສະຕິ່ນຕັດໄມ້ ຢູ່ພາຍໃນແຂວງ,,,,requests,200,raw/la/la_1265/20260921T0252Z__scanned.pdf.headers.json,application/pdf,656ea9a109c3fc54056d32611d51e9b42e4b7059962255ae044b53130b8b07e5,428481,2,,,,corpus LA_corpus_2026-09-21: from LA_ws_2026-09-21; flags no_text_layer,2018-02-14,,,in_force
0.2.0,,la-la1266-001,LA,https://laoofficialgazette.gov.la/kcfinder/upload/files/​ຄຳ​ສັ່ງ​ແນະ​ນຳ ວ່າ​ດ້ວຍ​ການ​ເພີ່ມ​ທະ​ວີ​ຄວາມ​ຮັບ​ຜິດ​ຊອບ.pdf,2026-09-21T02:52:49Z,pdf_scanned,true,raw/la/la_1266/20260921T0252Z__scanned.pdf,ຄຳສັ່ງແນະນຳ ວ່າດ້ວຍການເພີ່ມທະວີຄວາມຮັບຜິດຊອບຂອງທຸກພາກສ່ວນປະກອບສ່ວນເຂົ້າໃນວຽກງານຮາກຖານການເມືອງຢູ່ ບ້ານ ແລະ ກຸ່ມບ້ານ,,,,requests,200,raw/la/la_1266/20260921T0252Z__scanned.pdf.headers.json,application/pdf,20f2e42516465679a67cb8b72462c4efeca464a8d5f436dac72574bb2c27575f,460265,2,,,,corpus LA_corpus_2026-09-21: from LA_ws_2026-09-21; flags no_text_layer,2018-02-14,,,in_force
0.2.0,,la-la1267-001,LA,https://laoofficialgazette.gov.la/kcfinder/upload/files/​ຂໍ້​ຕົກ​ລົງ ວ່າ​ດ້ວຍ​ການ​ແກ້​ໄຂ ແລະ ດັດ​ສົມ.pdf,2026-09-21T04:29:57Z,pdf_scanned,true,raw/la/la_1267/20260921T0429Z__scanned.pdf,ຂໍ້ຕົກລົງ ວ່າດ້ວຍການແກ້ໄຂ ແລະ ດັດສົມ ໂຮງງານປຸງແຕ່ງໄມ້ ແລະ ໂຮງງານເຟີນີເຈີທົ່ວແຂວງ,,,,requests,200,raw/la/la_1267/20260921T0429Z__scanned.pdf.headers.json,application/pdf,6a686c54a1708d80ec57d73704f79dd77316690b1c941e1be402ef9233c3eef2,573955,2,,,,corpus LA_corpus_2026-09-21: from LA_ws_2026-09-21; flags no_text_layer,2018-02-14,,,in_force
0.2.0,,la-la1268-001,LA,https://laoofficialgazette.gov.la/kcfinder/upload/files/ຂໍ້​ຕົກ​ລົງ ວ່າ​ດ້ວຍ​ນະ​ໂຍ​ບາຍ ແລະ ລາ​ຄາ​ຫົວ​ໜ່ວຍ.pdf,2026-09-21T04:30:04Z,pdf_scanned,true,raw/la/la_1268/20260921T0430Z__scanned.pdf,"ຂໍ້ຕົກລົງ ວ່າດ້ວຍນະໂຍບາຍ ແລະ ລາຄາຫົວໜ່ວຍການທົດແທນຄ່າເສຍຫາຍໃຫ້ແກ່ປະຊາຊົນທີ່ໄດ້ຮັບຜົນກະທົບຈາກໂຄງການກໍ່ສ້າງແລວສາຍສົ່ງໄຟຟ້າແຮງສູງ 500 ກວ ຊຽງຂວາງ-ນາຊາຍທອງ, ເມືອງຜາໄຊ ແຂວງຊຽງຂວາງ",,,,requests,200,raw/la/la_1268/20260921T0430Z__scanned.pdf.headers.json,application/pdf,772dcdd7dfdea479e451370f32bfbecb4aaf81fe151e6f372149e9b3663b56ee,373909,5,,,,corpus LA_corpus_2026-09-21: from LA_ws_2026-09-21; flags no_text_layer,2018-02-14,,,in_force
0.2.0,,la-la1269-001,LA,https://laoofficialgazette.gov.la/kcfinder/upload/files/ຄໍາສັ່ງຂອງເຈົ້າແຂວງບໍ່ແກ້ວ.pdf,2026-09-21T02:51:26Z,pdf_scanned,true,raw/la/la_1269/20260921T0251Z__scanned.pdf,"ຄຳສັ່ງ ຂອງເຈົ້າແຂວງ ແຂວງບໍ່ແກ້ວ ວ່າດ້ວຍ ການອອກໃບຕາດິນ, ການຄຸ້ມຄອງ ແລະ ການນຳໃຊ້ທີ່ດິນໃນທົ່ວແຂວງ",,,,requests,200,raw/la/la_1269/20260921T0251Z__scanned.pdf.headers.json,application/pdf,cb694980edea22d3ba04474b78bcde2411c67c52916a293a3cb5c12988ff252e,888847,2,,,,corpus LA_corpus_2026-09-21: from LA_ws_2026-09-21; flags no_text_layer,2018-02-21,,,in_force
0.2.0,,la-la1270-001,LA,https://laoofficialgazette.gov.la/kcfinder/upload/files/​ຂໍ້​ຕົກ​ລົງ ວ່າ​ດ້ວຍ​ການ​ຄຸ້ມ​ຄອງ​ຄວາມ​ປອດ​ໄພ ຂອງ​ອຸ​ປະ​ກອນ​ເຄື່ອງ​ໃຊ້​ໄຟ​ຟ້າ.pdf,2026-09-21T01:06:20Z,pdf_scanned,true,raw/la/la_1270/20260921T0106Z__scanned.pdf,ຂໍ້ຕົກລົງ ຂອງລັດຖະມົນຕີ ກະຊວງວິທະຍາສາດ ແລະ ເຕັກໂນໂລຊີ ວ່າດ້ວຍ ການຄຸ້ມຄອງຄວາມປອດໄພຂອງ ອຸປະກອນເຄື່ອງໃຊ້ໄຟຟ້າ ແລະ ເອເລັກໂຕຣນິກ ຢູ່ ສປປ ລາວ,,,,requests,200,raw/la/la_1270/20260921T0106Z__scanned.pdf.headers.json,application/pdf,6bbf7282bfdc06cb5757c15888cdbfb72757fbe29f5937cc7a6062d3237926cd,970960,12,,,,corpus LA_corpus_2026-09-21: from LA_ws_2026-09-21; flags no_text_layer,2018-02-27,,,repealed
0.2.0,,la-la1272-001,LA,https://laoofficialgazette.gov.la/kcfinder/upload/files/ກົດ​ໝາຍ​ວ່າ​ດ້ວຍ ການກວດ​ກາ​ລັດ (ສະ​ບັບ​ປັບ​ປຸງ).pdf,2026-09-21T01:41:46Z,pdf_scanned,true,raw/la/la_1272/20260921T0141Z__scanned.pdf,ກົດໝາຍ ວ່າດ້ວຍການກວດກາລັດ (ສະບັບປັບປຸງ),,,,requests,200,raw/la/la_1272/20260921T0141Z__scanned.pdf.headers.json,application/pdf,636e06ea298c02dc34ee730d94b6788acd6e716a8bd6b6e65d2d3e5abc024a81,1686740,30,,,,corpus LA_corpus_2026-09-21: from LA_ws_2026-09-21; flags no_text_layer,2018-03-12,,,repealed
0.2.0,,la-la1273-001,LA,https://laoofficialgazette.gov.la/kcfinder/upload/files/ກົດ​ໝາຍ​ວ່າ​ດ້ວຍ ກຳ​ມະ​ບານ​ລາວ (ສ​ະ​ບັບ​ປັບ​ປຸງ).pdf,2026-09-21T01:32:35Z,pdf_scanned,true,raw/la/la_1273/20260921T0132Z__scanned.pdf,ກົດໝາຍ ວ່າດ້ວຍກຳມະບານລາວ (ສະບັບປັບປຸງ),,,,playwright,200,raw/la/la_1273/20260921T0132Z__scanned.pdf.headers.json,application/pdf,ce2397a1f4bec66a14f026dd0b4ed7622fae2c0a2f5ead12161201cfc0ae2437,1447597,22,,,,corpus LA_corpus_2026-09-21: from LA_ws_2026-09-21; flags no_text_layer,2018-03-12,,,in_force
0.2.0,,la-la1274-001,LA,https://laoofficialgazette.gov.la/kcfinder/upload/files/ກົດ​ໝາຍ ວ່າ​ດ້ວຍ​ອຸ​ຕຸ​ນິ​ຍົມ ແລະ ອຸ​ທົກ​ກະ​ສາດ.pdf,2026-09-21T01:32:48Z,pdf_scanned,true,raw/la/la_1274/20260921T0132Z__scanned.pdf,ກົດໝາຍ ວ່າດ້ວຍອຸຕຸນິຍົມ ແລະ ອຸທົກກະສາດ,,,,playwright,200,raw/la/la_1274/20260921T0132Z__scanned.pdf.headers.json,application/pdf,0ce87d7acd953a70a2650684974cb0ccb39e742e2cb614b06a83366b30760f9f,1392119,22,,,,corpus LA_corpus_2026-09-21: from LA_ws_2026-09-21; flags no_text_layer,2018-03-12,,,in_force
0.2.0,,la-la1275-001,LA,https://laoofficialgazette.gov.la/kcfinder/upload/files/ກົດໝາຍວ່າດ້ວຍ ວຽກງານກາແດງລາວ.pdf,2026-09-21T01:32:27Z,pdf_scanned,true,raw/la/la_1275/20260921T0132Z__scanned.pdf,ກົດໝາຍ ວ່າດ້ວຍວຽກງານກາແດງລາວ,,,,requests,200,raw/la/la_1275/20260921T0132Z__scanned.pdf.headers.json,application/pdf,15b60692b1af67b1c8384aba91fc2a45bbd83c4e109ec235b754e80bd21c0fad,1198764,17,,,,corpus LA_corpus_2026-09-21: from LA_ws_2026-09-21; flags no_text_layer,2018-03-14,,,in_force
0.2.0,,la-la1276-001,LA,https://laoofficialgazette.gov.la/kcfinder/upload/files/​ຄໍາສັງ​ວ່າ​ດ້ວຍ ການ​ຕ້ານ ແລະ ສະ​ກັດ​ກັ້ນ​ການ​ລັກ​ລອບ​ນຳ​ເຂົ້າ.pdf,2026-09-21T02:51:11Z,pdf_scanned,true,raw/la/la_1276/20260921T0251Z__scanned.pdf,"ຄຳສັ່ງ ຂອງເຈົ້າແຂວງ ແຂວງບໍ່ແກ້ວ ວ່າດ້ວຍ ການຕ້ານ ແລະ ສະກັດກັ້ນການລັກລອບນຳເຂົ້າສິນຄ້າ, ເຄື່ອງຂອງ ຕາມຊາຍແດນທີ່ບໍ່ຖືກຕ້ອງຕາມກົດໝາຍຢູ່ພາຍໃນແຂວງບໍ່ແກ້ວ",,,,requests,200,raw/la/la_1276/20260921T0251Z__scanned.pdf.headers.json,application/pdf,2a08fd5dac2b8e27b301303979aecedefa020a78f69dca7582496e89f606fefa,1310169,3,,,,corpus LA_corpus_2026-09-21: from LA_ws_2026-09-21; flags no_text_layer,2018-03-14,,,in_force
0.2.0,,la-la1277-001,LA,https://laoofficialgazette.gov.la/kcfinder/upload/files/Law on Lao Nationality (Amended).pdf,2026-09-21T00:32:28Z,pdf_scanned,true,raw/la/la_1277/20260921T0032Z__scanned.pdf,ກົດໝາຍວ່າດ້ວຍ ສັນຊາດລາວ (ສະບັບປັບປຸງ),,,,requests,200,raw/la/la_1277/20260921T0032Z__scanned.pdf.headers.json,application/pdf,e13552453412e62218c9cb28cfb1e6eaa316381b744b4ec1a49dc61485144252,1134757,17,,,,corpus LA_corpus_2026-09-21: from LA_ws_2026-09-21; flags no_text_layer,2018-03-14,,,in_force
0.2.0,,la-la1278-001,LA,https://laoofficialgazette.gov.la/kcfinder/upload/files/ດຳລັດ ວ່າດ້ວຍການແກ້ໄຂຂໍ້ຂັດແຍ່ງທາງດ້ານແຮງງານ.pdf,2026-09-21T00:40:42Z,pdf_scanned,true,raw/la/la_1278/20260921T0040Z__scanned.pdf,ດຳລັດ ວ່າດ້ວຍການແກ້ໄຂຂໍ້ຂັດແຍ່ງທາງດ້ານແຮງງານ,,,,requests,200,raw/la/la_1278/20260921T0040Z__scanned.pdf.headers.json,application/pdf,03dc20b25f8897fa3bdb1b6c572ceb007b3c76f779d0fa6ef771cd2768935e2f,744209,9,,,,corpus LA_corpus_2026-09-21: from LA_ws_2026-09-21; flags no_text_layer,2018-03-14,,,in_force
0.2.0,,la-la1279-001,LA,https://laoofficialgazette.gov.la/kcfinder/upload/files/ດຳ​ລັດ ວ່າ​ດ້ວຍ​ການ​ຊ່ວຍ​ເຫຼືອ​ທາງ​ດ້ານ​ກົດ​ໝາຍ.pdf,2026-09-21T02:28:01Z,pdf_scanned,true,raw/la/la_1279/20260921T0228Z__scanned.pdf,ດຳລັດ ວ່າດ້ວຍການຊ່ວຍເຫຼືອທາງດ້ານກົດໝາຍ,,,,requests,200,raw/la/la_1279/20260921T0228Z__scanned.pdf.headers.json,application/pdf,5fa5ceeb11ba92252cc2266c8a488cfb026c2fbfe7dedc8f3eb321927cb116e3,579126,14,,,,corpus LA_corpus_2026-09-21: from LA_ws_2026-09-21; flags no_text_layer,2018-03-16,,,in_force
0.2.0,,la-la1280-001,LA,https://laoofficialgazette.gov.la/kcfinder/upload/files/ກົດ​ໝາຍ​ວ່າ​ດ້ວຍ ການ​ປົກ​ປ້ອງ​ຜູ້​ຜະລິດ ທີ່​ໄດ້​ຮັບ​ຜົນ​ກະ​ທົບ​​ນຳ​ເຂົ້າ​ສິນ​ຄ້າ.pdf,2026-09-21T01:32:13Z,pdf_scanned,true,raw/la/la_1280/20260921T0132Z__scanned.pdf,ກົດໝາຍ ວ່າດ້ວຍການປົກປ້ອງຜູ້ຜະລິດທີ່ໄດ້ຮັບຜົນກະທົບຈາກການນຳເຂົ້າສິນຄ້າ,,,,requests,200,raw/la/la_1280/20260921T0132Z__scanned.pdf.headers.json,application/pdf,814a3c7d191d5c58387b4cd744538215301ecf45822992326020365513497aa6,1315566,17,,,,corpus LA_corpus_2026-09-21: from LA_ws_2026-09-21; flags no_text_layer,2018-03-22,,,in_force
0.2.0,,la-la1281-001,LA,https://laoofficialgazette.gov.la/kcfinder/upload/files/ກົດ​ໝາຍ ວ່າ​ດ້ວຍ​ການ​ຈັດ​ຊື້-ຈັດ​ຈ້າງ​ດ້ວຍ​ທຶນ​ຂອງ​ລັດ.pdf,2026-09-21T01:32:05Z,pdf_scanned,true,raw/la/la_1281/20260921T0132Z__scanned.pdf,ກົດໝາຍວ່າດ້ວຍ ການຈັດຊື້-ຈັດຈ້າງດ້ວຍທຶນຂອງລັດ,,,,requests,200,raw/la/la_1281/20260921T0132Z__scanned.pdf.headers.json,application/pdf,667312249dbe233f3fc810f755b16deeebc7812ffc52587ea04271d3a98d66e6,1391930,27,,,,corpus LA_corpus_2026-09-21: from LA_ws_2026-09-21; flags no_text_layer,2018-03-23,,,in_force
0.2.0,,la-la1288-001,LA,https://laoofficialgazette.gov.la/kcfinder/upload/files/ກົດ​ໝາຍ​ ວ່າ​ດ້​ວຍການ​ກັນ ແລະ ຄຸມ​ພະ​ຍາດ​ຕິດ​ຕໍ່.pdf,2026-09-21T01:41:32Z,pdf_scanned,true,raw/la/la_1288/20260921T0141Z__scanned.pdf,ກົດໝາຍ ວ່າດ້ວຍການກັນ ແລະ ຄວບຄຸມພະຍາດຕິດຕໍ່,,,,playwright,200,raw/la/la_1288/20260921T0141Z__scanned.pdf.headers.json,application/pdf,a86cc47c827368e805391453e2b302e87388b9ef5b046da04b0e5c67dcdb92d5,1685326,29,,,,corpus LA_corpus_2026-09-21: from LA_ws_2026-09-21; flags no_text_layer,2018-04-02,,,repealed
0.2.0,,la-la1289-001,LA,https://laoofficialgazette.gov.la/kcfinder/upload/files/ຄຳ​ສັງ ກ່ຽວ​ກັບ​ການ​ເພີ່ມ​ທະ​ວີ​ຄຸ້ມ​ຄອງວຽກ​ງານ​ອາ​ຊີບ.pdf,2026-09-21T02:51:01Z,pdf_scanned,true,raw/la/la_1289/20260921T0251Z__scanned.pdf,ຄຳສັ່ງ ຂອງເຈົ້າແຂວງສະຫວັນນະເຂດ ກ່ຽວກັບການເພີ່ມທະວີຄຸ້ມຄອງວຽກງານອາຊີບ-ພາຫະນະພິເສດ,,,,requests,200,raw/la/la_1289/20260921T0251Z__scanned.pdf.headers.json,application/pdf,a5566abc313d87f1af19a492d7f91d8c14c1376c2073f8268b702d0160b2ab36,787067,7,,,,corpus LA_corpus_2026-09-21: from LA_ws_2026-09-21; flags no_text_layer,2018-04-02,,,in_force
0.2.0,,la-la1290-001,LA,https://laoofficialgazette.gov.la/kcfinder/upload/files/ຂໍ້​ຕົກ​ລົງ ວ່າ​ດ້ວຍ​ການ​ກຳ​ນົດ​ເຂດ​ປະ​ເມີນ​ລາ​ຄາ​ທີ່​ດິນ ແລະ ສິ່ງ​ປຸກ​ສ້າງ.pdf,2026-09-21T04:29:55Z,pdf_scanned,true,raw/la/la_1290/20260921T0429Z__scanned.pdf,ຂໍ້ຕົກລົງ ເຈົ້າແຂວງສະຫວັນນະເຂດ ວ່າດ້ວຍການກຳນົດເຂດປະເມີນລາຄາທີ່ດິນ ແລະ ສິ່ງປຸກສ້າງ ໃນ 4 ເມືອງຂອງແຂວງສະຫວັນນະເຂດ,,,,requests,200,raw/la/la_1290/20260921T0429Z__scanned.pdf.headers.json,application/pdf,49e0877dff9a90d13067d81db1b06e485f49e6049b1de8689a3aa15ee3ef3dea,5317884,15,,,,corpus LA_corpus_2026-09-21: from LA_ws_2026-09-21; flags no_text_layer,2018-04-02,,,in_force
0.2.0,,la-la1291-001,LA,https://laoofficialgazette.gov.la/kcfinder/upload/files/ຄຳ​ສັ່ງ ວ່າ​ດ້ວຍ​ການກວດ​ລ້າງ​ຂະ​ບວນ​ການ​ລັກ​ລອບ​ຂຸດ​ຄົ້ນ​ຄຳ.pdf,2026-09-21T02:50:55Z,pdf_scanned,true,raw/la/la_1291/20260921T0250Z__scanned.pdf,ຄຳສັ່ງ ວ່າດ້ວຍການກວດລ້າງຂະບວນການລັກລອບຂຸດຄົ້ນຄຳຜິດກົດໝາຍ ໃນຂອບເຂດແຂວງອັດຕະປື,,,,requests,200,raw/la/la_1291/20260921T0250Z__scanned.pdf.headers.json,application/pdf,9a927d379a4e15bfd42b09a7225e460cd0daaddb7b4126e695c8cf4993b35249,581677,2,,,,corpus LA_corpus_2026-09-21: from LA_ws_2026-09-21; flags no_text_layer,2018-04-05,,,in_force
0.2.0,,la-la1292-001,LA,"https://laoofficialgazette.gov.la/kcfinder/upload/files/ຄຳ​ສັ່ງ ວ່າ​ດ້ວຍ ການ​ຢຸດ​ຕິ​ເກັບ​ກູ້, ທ້ອນ​ໂຮມ ຊື້-ຂາຍ​ໄມ້.pdf",2026-09-21T02:50:47Z,pdf_scanned,true,raw/la/la_1292/20260921T0250Z__scanned.pdf,"ຄຳສັ່ງ ວ່າດ້ວຍການຢຸດຕິການເກັບກູ້, ທ້ອນໂຮມ ແລະ ການຊື້-ຂາຍໄມ້ ເຄື່ອນຍ້າຍ, ການມີໄມ້ໃນຄອບຄອງ ແລະ ຂະບວນການສົມຮູ້ຮ່ວມຄິດທີ່ຜິດກົດໝາຍ",,,,requests,200,raw/la/la_1292/20260921T0250Z__scanned.pdf.headers.json,application/pdf,789a2d295c1cc84a264bd7301d7a9d0f2d5523b443c22d97d9aeeb94ab448f34,736952,2,,,,corpus LA_corpus_2026-09-21: from LA_ws_2026-09-21; flags no_text_layer,2018-04-05,,,in_force
0.2.0,,la-la1293-001,LA,"https://laoofficialgazette.gov.la/kcfinder/upload/files/ຄຳ​ສັ່ງ​ແນະ​ນຳ ເພີ່ມ​ທະ​ວີ​ການ​ຄຸ້ມ​ຄອງ, ກວດ​ກາ ແລະ ສະ​ກັດ​ກັ້ນ.pdf",2026-09-21T02:50:38Z,pdf_scanned,true,raw/la/la_1293/20260921T0250Z__scanned.pdf,"ຄຳສັ່ງແນະນຳ ເພີ່ມທະວີການຄຸ້ມຄອງ, ກວດກາ ແລະ ສະກັດກັ້ນການລັກລອບຊື້-ຂາຍ ແລະ ເຄື່ອນຍ້າຍໄມ້ຜິດກົດໝາຍ ເຄື່ອງຈັກຕັດໄມ້ (ຈັກສະຕິນ) ພາຫານະດັດແປງ, ເຄື່ອງມືລ່າສັດນໍ້າ-ສັດປ່າ ປະເພດຕ່າງໆ ໃນທົ່ວແຂວງ",,,,requests,200,raw/la/la_1293/20260921T0250Z__scanned.pdf.headers.json,application/pdf,2f975c18958251f2f9f62f4fc122473f91a6d93495997969c440601e9b1b3189,242129,3,,,,corpus LA_corpus_2026-09-21: from LA_ws_2026-09-21; flags no_text_layer,2018-04-05,,,in_force
0.2.0,,la-la1294-001,LA,https://laoofficialgazette.gov.la/kcfinder/upload/files/ຂໍ້​ຕົກ​ລົງ ວ່າ​ດ້ວຍ​ການ​ຈັດ​ຕັ້ງ ແລະ ການ​ເຄື່ອນ​ໄຫວ​ຂອງ​ສູນ​ສົງ​ເຄາະ.pdf,2026-09-21T04:29:17Z,pdf_scanned,true,raw/la/la_1294/20260921T0429Z__scanned.pdf,ຂໍ້ຕົກລົງ ວ່າດ້ວຍການຈັດຕັ້ງ ແລະ ການເຄື່ອນໄຫວຂອງສູນສົງເຄາະ ແຂວງຈຳປາສັກ,,,,playwright,200,raw/la/la_1294/20260921T0429Z__scanned.pdf.headers.json,application/pdf,1cdef06c1e8bb2f48da02fd517c3a6257135a584a58a3f685b3098f7b6fef3cf,555138,6,,,,corpus LA_corpus_2026-09-21: from LA_ws_2026-09-21; flags no_text_layer,2018-04-05,,,in_force
0.2.0,,la-la1295-001,LA,"https://laoofficialgazette.gov.la/kcfinder/upload/files/ຂໍ້​ຕົກ​ລົງ ວ່າ​ດ້ວຍ​ການ​ເກັບ​ຄ່າ​ທຳ​ນຽມ, ຄ່າ​ບໍ​ລິ​ການ, ຄ່າ​ແບບ​ຟອມ.pdf",2026-09-21T04:29:23Z,pdf_scanned,true,raw/la/la_1295/20260921T0429Z__scanned.pdf,"ຂໍ້ຕົກລົງ ວ່າດ້ວຍການເກັບຄ່າທຳນຽມ, ຄ່າບໍລິການ, ຄ່າແບບຟອມ,ແບບພິມ ແລະ ກຳນົດວັນເວລາ ຮັບເອກະສານ ຂອງໜ່ວຍງານການບໍລິການຜ່ານປະຕູດຽວ ເມືອງປາກເຊ",,,,requests,200,raw/la/la_1295/20260921T0429Z__scanned.pdf.headers.json,application/pdf,dbeb335a168e8b17a379e94402228c52a1d38dc14f7471767b91a39a45a9df8d,719222,23,,,,corpus LA_corpus_2026-09-21: from LA_ws_2026-09-21; flags no_text_layer,2018-04-05,,,in_force
0.2.0,,la-la1296-001,LA,https://laoofficialgazette.gov.la/kcfinder/upload/files/ກົດ​ໝາຍ ວ່າ​ດ້​ວຍ​ຜູ້​ພິ​ພາກ​ສາ.pdf,2026-09-21T01:41:25Z,pdf_scanned,true,raw/la/la_1296/20260921T0141Z__scanned.pdf,ກົດໝາຍວ່າດ້ວຍ ຜູ້ພິພາກສາ,,,,requests,200,raw/la/la_1296/20260921T0141Z__scanned.pdf.headers.json,application/pdf,7e80616b0ef2f76928d73af19eb377f02d331681ee40b6be8814dafab20e8a6d,1205089,20,,,,corpus LA_corpus_2026-09-21: from LA_ws_2026-09-21; flags no_text_layer,2018-04-06,,,repealed
0.2.0,,la-la1297-001,LA,https://laoofficialgazette.gov.la/kcfinder/upload/files/ລັດ​ຖະ​ບັນ​ຍັດ ​ຂອງ​ປະ​ທານ​ປະ​ເທດວ່າ​ດ້ວຍ​ການ​ໃຫ້​ອະ​ໄພ​ຍະ​ໂທດ.pdf,2026-09-21T02:04:24Z,pdf_scanned,true,raw/la/la_1297/20260921T0204Z__scanned.pdf,ລັດຖະບັນຍັດ ຂອງປະທານປະເທດ ວ່າດ້ວຍການໃຫ້ອະໄພຍະໂທດ,,,,requests,200,raw/la/la_1297/20260921T0204Z__scanned.pdf.headers.json,application/pdf,0d8c7cbf54f8e7538e401f7970987980a4ae4efb8bc131bd131474a229302593,1150672,18,,,,corpus LA_corpus_2026-09-21: from LA_ws_2026-09-21; flags no_text_layer,2018-04-06,,,in_force
0.2.0,,la-la1298-001,LA,https://laoofficialgazette.gov.la/kcfinder/upload/files/ກົດ​ໝາຍ ວ່າ​ດ້ວຍ​ລະ​ບົບ​ການ​ຊຳ​ລະ.pdf,2026-09-21T00:33:25Z,pdf_scanned,true,raw/la/la_1298/20260921T0033Z__scanned.pdf,ກົດໝາຍ ວ່າດ້ວຍລະບົບການຊຳລະ,,,,requests,200,raw/la/la_1298/20260921T0033Z__scanned.pdf.headers.json,application/pdf,cc4fd523fc7403400126402294a5de6e2fc238c59cf451bc63aec4f26cbc0d0a,1415001,20,,,,corpus LA_corpus_2026-09-21: from LA_ws_2026-09-21; flags no_text_layer,2018-04-09,,,repealed
0.2.0,,la-la1302-001,LA,https://laoofficialgazette.gov.la/kcfinder/upload/files/ຄຳ​ສັ່ງ ກ່ຽວ​ກັບ​ການ​ເພີ່ມ​ທະ​ວີ​ຄວາມ​ເຂັ້ມ​ງວດ​ຕໍ່​ການ​ສະ​ກັດ​ກັ້ນ.pdf,2026-09-21T02:50:30Z,pdf_scanned,true,raw/la/la_1302/20260921T0250Z__scanned.pdf,"ຄຳສັ່ງ ກ່ຽວກັບການເພີ່ມທະວີຄວາມເຂັ້ມງວດ ຕໍ່ການສະກັດກັ້ນ, ເຝົ້າລະວັງ ແລະ ກຳຈັດ ການລະບາດຂອງພະຍາດຫ່ຽວເຫຼືອງກ້ວຍ",,,,requests,200,raw/la/la_1302/20260921T0250Z__scanned.pdf.headers.json,application/pdf,283eece371fb70af1ae12c3aaea6f9e0aa917c9e1fc1f147687efbd4f499d629,1106156,3,,,,corpus LA_corpus_2026-09-21: from LA_ws_2026-09-21; flags no_text_layer,2018-04-19,,,in_force
0.2.0,,la-la1304-001,LA,https://laoofficialgazette.gov.la/kcfinder/upload/files/ຄຳ​ສັ່ງ ວ່າ​ດ້ວຍ​ການ​ເພີ່ມ​ທະ​ວີ​ຄວາມ​ເຂັ້ມ​ງວດ​ໃນ​ການກວດ​ກາ​ການ​ນຳ​ເຂົ້າ.pdf,2026-09-21T02:50:14Z,pdf_scanned,true,raw/la/la_1304/20260921T0250Z__scanned.pdf,"ຄຳສັ່ງ ວ່າດ້ວຍການເພີ່ມທະວີຄວາມເຂັ້ມງວດໃນການກວດກາການນຳເຂົ້າ, ການຊື້-ຂາຍ, ການມີໄວ້ຄອບຄອງອຸປະກອນເຄື່ອງມື ແລະ ການນຳໃຊ້ເຄື່ອງຈັກຕັດໄມ້ປະເພດຈັກສະຕິນ",,,,requests,200,raw/la/la_1304/20260921T0250Z__scanned.pdf.headers.json,application/pdf,3a849dd63baaadfce1596c5147edb0bcd6c5c126369727e073e0f7b6d462a501,695719,2,,,,corpus LA_corpus_2026-09-21: from LA_ws_2026-09-21; flags no_text_layer,2018-04-23,,,in_force
0.2.0,,la-la1305-001,LA,https://laoofficialgazette.gov.la/kcfinder/upload/files/ຄຳ​ສັ່ງ​ແນະ​ນຳ​ ວ່າ​ດ້ວຍ​ການ​ເພີ່ມ​ທະ​ວີ​ຄວາມ​ເຂັ້ມ​ງວດ.pdf,2026-09-21T02:50:19Z,pdf_scanned,true,raw/la/la_1305/20260921T0250Z__scanned.pdf,ຄຳສັ່ງແນະນຳ ວ່າດ້ວຍການເພີ່ມທະວີຄວາມເຂັ້ມງວດໃນການຄຸ້ມຄອງຊັບພະຍາກອນແຮ່ທາດ ຢູ່ແຂວງເຊກອງ,,,,requests,200,raw/la/la_1305/20260921T0250Z__scanned.pdf.headers.json,application/pdf,27abb398a90e15368b5fd09dd0ceaba0ff24db1a009b753aa61b7bd01f7868f7,235680,3,,,,corpus LA_corpus_2026-09-21: from LA_ws_2026-09-21; flags no_text_layer,2018-04-23,,,in_force
0.2.0,,la-la1306-001,LA,https://laoofficialgazette.gov.la/kcfinder/upload/files/ຄຳ​ສັ່ງ​ແນະ​ນຳ​ກ່ຽວ​ກັບ​ການ​ຜົນ​ຂະ​ຫ​ບາຍ​ຈັດ​ຕັ້ງ​ປະ​ຕິ​ບັດ​ຄຳ​ສັ່ງ.pdf,2026-09-21T02:50:26Z,pdf_scanned,true,raw/la/la_1306/20260921T0250Z__scanned.pdf,"ຄຳສັ່ງແນະນຳ ກ່ຽວກັບການຜັນຂະຫຍາຍ, ຈັດຕັ້ງປະຕິບັດຄຳສັ່ງ ເລກທີ 15/ນຍ ລົງວັນທີ 13/5/2016 ວ່າດ້ວຍການເພີ່ມທະວີຄວາມເຂັ້ມງວດ ໃນການຄຸ້ມຄອງ ແລະ ກວດກາການຂຸດຄົ້ນໄມ້, ເຄື່ອນຍ້າຍໄມ້ ແລະ ທຸລະກິດໄມ້",,,,requests,200,raw/la/la_1306/20260921T0250Z__scanned.pdf.headers.json,application/pdf,a13f0de34bae5c3b70d1d380f6cb243911a939a598b4049924716595a85ee95e,755643,4,,,,corpus LA_corpus_2026-09-21: from LA_ws_2026-09-21; flags no_text_layer,2018-04-23,,,in_force
0.2.0,,la-la1307-001,LA,https://laoofficialgazette.gov.la/kcfinder/upload/files/ຂໍ້​ຕົກ​ລົງ ວ່າ​ດ້ວຍ​ການ​ຄຸ້ມ​ຄອງກວດ​ກາ ແລະ ຢັ້ງ​ຢືນ​ຄຸນ​ນະ​ພາບ​ຂອງ​ຜ​ະ​ລິດ​ຕະ​ພັ​ນ.pdf,2026-09-21T04:29:11Z,pdf_scanned,true,raw/la/la_1307/20260921T0429Z__scanned.pdf,"ຂໍ້ຕົກລົງ ວ່າດ້ວຍການຄຸ້ມຄອງ, ກວດກາ ແລະ ຢັ້ງຢືນຄຸນນະພາບ ຂອງຜະລິດຕະພັນວັດສະດຸກໍ່ສ້າງ ຢູ່ ສປປ ລາວ",,,,requests,200,raw/la/la_1307/20260921T0429Z__scanned.pdf.headers.json,application/pdf,e1f05f4bbf429579f1b004059e5ec5b6292861fbc8e33be0195e60f19be6a413,938478,14,,,,corpus LA_corpus_2026-09-21: from LA_ws_2026-09-21; flags no_text_layer,2018-04-23,,,in_force
0.2.0,,la-la1308-001,LA,https://laoofficialgazette.gov.la/kcfinder/upload/files/ຂໍ້​ຕົກ​ລົງ ວ່າ​ດ້ວຍ​ບັນ​ຊີ​ເຄ​ມີ​ອຸດ​ສາ​ຫະ​ກຳ.pdf,2026-09-21T04:59:10Z,pdf_scanned,true,raw/la/la_1308/20260921T0459Z__scanned.pdf,ຂໍ້ຕົກລົງ ວ່າດ້ວຍບັນຊີເຄມີອຸດສາຫະກຳ,,,,requests,200,raw/la/la_1308/20260921T0459Z__scanned.pdf.headers.json,application/pdf,29bffe4e1974a565b60e0190c678a43bed8ce4f4cf949954a7d6452cfcc607e2,1325811,32,,,,corpus LA_corpus_2026-09-21: from LA_ws_2026-09-21; flags no_text_layer,2018-05-03,,,repealed
0.2.0,,la-la1309-001,LA,https://laoofficialgazette.gov.la/kcfinder/upload/files/ກົດ​ໝາຍ ວ່າ​ດ້ວຍ​ການ​ຖ່າຍ​ທອດ​ເຕັກ​ໂນ​ໂລ​ຊີ.pdf,2026-09-21T00:32:20Z,pdf_scanned,true,raw/la/la_1309/20260921T0032Z__scanned.pdf,ກົດໝາຍວ່າດ້ວຍ ການຖ່າຍທອດເຕັກໂນໂລຊີ,,,,requests,200,raw/la/la_1309/20260921T0032Z__scanned.pdf.headers.json,application/pdf,2b7715986657e9a9e882e3fce00b37b7d4e1b350708bc1501ab157bff73195e2,1320536,21,,,,corpus LA_corpus_2026-09-21: from LA_ws_2026-09-21; flags no_text_layer,2018-05-03,,,in_force
0.2.0,,la-la1310-001,LA,https://laoofficialgazette.gov.la/kcfinder/upload/files/ຂໍ້​ຕົກ​ລົງ ວ່າ​ດ້ວຍ​ມາດ​ຕະ​ການ​ປັບ​ໃໝ​ຜູ້​ລະ​ເມີດ​ການ​ດຳ​ເນີນ​ທຸ​ລະ​ກິດ.pdf,2026-09-21T00:59:56Z,pdf_scanned,true,raw/la/la_1310/20260921T0059Z__scanned.pdf,ຂໍ້ຕົກລົງ ວ່າດ້ວຍມາດຕະການປັບໃໝຕໍ່ຜູ້ລະເມີດການດຳເນີນທຸລະກິດບໍລິການໄປສະນີ,,,,requests,200,raw/la/la_1310/20260921T0059Z__scanned.pdf.headers.json,application/pdf,77d9864e36d8ebc91309c7a9564669b0dd135ca31133052a4c63e30e72b42f85,527861,4,,,,corpus LA_corpus_2026-09-21: from LA_ws_2026-09-21; flags no_text_layer,2018-04-11,,,in_force
0.2.0,,la-la1313-001,LA,https://laoofficialgazette.gov.la/kcfinder/upload/files/ຄຳ​ສັ່ງ​ວ່າ​ດ້ວຍ ການ​ຈັດ​ຕັ້ງ​ປະ​ຕິ​ບັດ​ຄຳ​ສັ່ງ​ເລກ​ທີ 43.pdf,2026-09-21T02:50:06Z,pdf_scanned,true,raw/la/la_1313/20260921T0250Z__scanned.pdf,"ຄຳສັ່ງ ວ່າດ້ວຍການຈັດຕັ້ງປະຕິບັດຄຳສັ່ງເລກທີ 43/ນຍ ສະບັບລົງວັນທີ 23/08/2016 ວ່າດ້ວຍການວາງທິດທາງ, ເປົ້າໝາຍ ແລະ ມາດຕະການສ້າງແຂວງເປັນຫົວໜ່ວຍຍຸດທະສາດ, ສ້າງເມືອງເປັນຫົວໜ່ວຍເຂັ້ມແຂງຮອບດ້ານ,ສ້າງບ້ານເປັນຫົວໜ່ວຍພັດທະນາ",,,,requests,200,raw/la/la_1313/20260921T0250Z__scanned.pdf.headers.json,application/pdf,6f9b932d1916593fb6e2b8c97becd27c29a2b39aea0f73832c905ea1d651d6f1,920367,5,,,,corpus LA_corpus_2026-09-21: from LA_ws_2026-09-21; flags no_text_layer,2018-05-08,,,in_force
0.2.0,,la-la1314-001,LA,https://laoofficialgazette.gov.la/kcfinder/upload/files/ດຳ​ລັດ ວ່າ​ດ້ວຍ​ການ​ຈັດ​ຕັ້ງ ແລະ ການ​ເຄື່ອນ​ໄຫວ​ຂອງ​ນະ​ຄອນ.pdf,2026-09-21T02:27:44Z,pdf_scanned,true,raw/la/la_1314/20260921T0227Z__scanned.pdf,ດຳລັດ ວ່າດ້ວຍການຈັດຕັ້ງ ແລະ ການເຄື່ອນໄຫວຂອງນະຄອນ,,,,requests,200,raw/la/la_1314/20260921T0227Z__scanned.pdf.headers.json,application/pdf,d6876e80b9f4aa76e13b491d07704821292a21ebc990bb290c0eaa8d0002948b,403970,6,,,,corpus LA_corpus_2026-09-21: from LA_ws_2026-09-21; flags no_text_layer,2018-05-08,,,in_force
0.2.0,,la-la1315-001,LA,https://laoofficialgazette.gov.la/kcfinder/upload/files/ກົດ​ໝາຍ ວ່າ​ດ້ວຍ​ການ​ຜັງ​ເມືອງ (ສະ​ບັບ​ປັບ​ປຸງ).pdf,2026-09-21T01:31:57Z,pdf_scanned,true,raw/la/la_1315/20260921T0131Z__scanned.pdf,ກົດໝາຍ ວ່າດ້ວຍການຜັງເມືອງ (ສະບັບປັບປຸງ),,,,requests,200,raw/la/la_1315/20260921T0131Z__scanned.pdf.headers.json,application/pdf,616e95b76b683977576559dba04217cc8f9b5d03a6c26912b68e3a885007c20c,1704185,31,,,,corpus LA_corpus_2026-09-21: from LA_ws_2026-09-21; flags no_text_layer,2018-05-08,,,in_force
0.2.0,,la-la1316-001,LA,https://laoofficialgazette.gov.la/kcfinder/upload/files/ຄຳ​ແນະ​ນຳ​ການ​ຂຶ້ນ​ທະ​ບຽນ​ສ້າງ​ຕັ້ງ​ວິ​ສາ​ຫະ​ກິດ.pdf,2026-09-21T01:13:20Z,pdf_scanned,true,raw/la/la_1316/20260921T0113Z__scanned.pdf,"ຄຳແນະນຳ ການຂຶ້ນທະບຽນສ້າງຕັ້ງວິສາຫະກິດ (ສ່ວນບຸກຄົນ ຫຼື ນິຕິບຸກຄົນ) ຕິດພັນກັບການຂໍອະນຸຍາດລົງທຶນ ຫຼື ຂໍອະນຸຍາດດຳເນີນທຸລະກິດ ຕາມຄຳສັ່ງຂອງນາຍົກ, ເລກທີ 02/ນຍ, ລົງວັນທີ 1 ກຸມພາ 2018",,,,requests,200,raw/la/la_1316/20260921T0113Z__scanned.pdf.headers.json,application/pdf,fd4d9ccd5ba5872bf5491fee1246e8a7391d5c0927fda3d26f03f6d41603c4dc,641967,9,,,,corpus LA_corpus_2026-09-21: from LA_ws_2026-09-21; flags no_text_layer,2018-05-09,,,repealed
0.2.0,,la-la1317-001,LA,https://laoofficialgazette.gov.la/kcfinder/upload/files/ຂໍ້ຕົກລົງຂອງເຈົ້າຄອງ ນວ ວ່າດ້ວຍການຈັດສັນຄວາມບໍ່ເປັນລະບຽບຮຽບຮ້ອຍໃນຕົວເມືອງ ແລະ ຊານເມືອງ.pdf,2026-09-21T04:28:49Z,pdf_scanned,true,raw/la/la_1317/20260921T0428Z__scanned.pdf,ຂໍ້ຕົກລົງວ່າດ້ວຍ ການຈັດສັນຄວາມບໍ່ເປັນລະບຽບຮຽບຮ້ອຍໃນຕົວເມືອງ ແລະ ຊານເມືອງ,,,,requests,200,raw/la/la_1317/20260921T0428Z__scanned.pdf.headers.json,application/pdf,b4fceb4c23d5fdb411fe61befb882b6c802cd42deaf200a10ade00730ae70333,741874,9,,,,corpus LA_corpus_2026-09-21: from LA_ws_2026-09-21; flags no_text_layer,2018-05-11,,,in_force
0.2.0,,la-la1319-001,LA,https://laoofficialgazette.gov.la/kcfinder/upload/files/ຂໍ້ຕົກລົງວ່າດ້ວຍການກຳນົດ ແລະ ການຄຸ້ມຄອງທີ່ດິນກະສິກຳ ແລະ ປ່າໄມ້ຢູ່ນະຄອນຫຼວງວຽງຈັນ.pdf,2026-09-21T04:28:55Z,pdf_scanned,true,raw/la/la_1319/20260921T0428Z__scanned.pdf,ຂໍ້ຕົກລົງວ່າດ້ວຍ ການກຳນົດ ແລະ ການຄຸ້ມຄອງທີ່ດິນກະສິກຳ ແລະ ປ່າໄມ້ຢູ່ ນະຄອນຫຼວງວຽງຈັນ,,,,requests,200,raw/la/la_1319/20260921T0428Z__scanned.pdf.headers.json,application/pdf,79a0614d61c0c2e8ba5f32b674265ee5178f53368525b5941bba6a6fa1e98b3f,1209982,7,,,,corpus LA_corpus_2026-09-21: from LA_ws_2026-09-21; flags no_text_layer,2018-05-11,,,in_force
0.2.0,,la-la1320-001,LA,https://laoofficialgazette.gov.la/kcfinder/upload/files/ຄຳ​ແນະ​​ນຳວ່າ​ດ້ວຍ​ການ​ເປີດ​ຂະ​ວນ​ການ​ແຂ່ງ​ຂັນ​ຍ້ອງ​ຍໍ.pdf,2026-09-21T01:11:51Z,pdf_scanned,true,raw/la/la_1320/20260921T0111Z__scanned.pdf,"ຄຳແນະນຳວ່າດ້ວຍ ການເປີດຂະບວນການແຂ່ງຂັນຍ້ອງຍໍ ""ຮັກຊາດ ແລະ ພັດທະນາ"" ທົ່ວແຂວງ",,,,playwright,200,raw/la/la_1320/20260921T0111Z__scanned.pdf.headers.json,application/pdf,3b7642acd53817c2b5f2291ece8cb6a10119a819b393594d9fa588d1db792c12,462982,4,,,,corpus LA_corpus_2026-09-21: from LA_ws_2026-09-21; flags no_text_layer,2018-05-11,,,in_force
0.2.0,,la-la1321-001,LA,https://laoofficialgazette.gov.la/kcfinder/upload/files/ຄຳ​ແນະ​ນຳ ວ່າ​ດ້ວຍ​ການ​ຄັດ​ເລືອກ​ຜົນ​ງານ .pdf,2026-09-21T01:11:44Z,pdf_scanned,true,raw/la/la_1321/20260921T0111Z__scanned.pdf,ຄຳແນະນຳວ່າດ້ວຍ ການຄັດເລືອກຜົນງານໃນການຈັດຕັ້ງປະຕິບັດວຽກງານແຂ່ງຂັນຍ້ອງຍໍ ຮັກຊາດ ແລະ ພັດທະນາ,,,,requests,200,raw/la/la_1321/20260921T0111Z__scanned.pdf.headers.json,application/pdf,e719f243814e1e9b6fcf75565029574428ab10d5ec7753caa0581bbd3c481fc6,422523,3,,,,corpus LA_corpus_2026-09-21: from LA_ws_2026-09-21; flags no_text_layer,2018-05-11,,,in_force
0.2.0,,la-la1322-001,LA,https://laoofficialgazette.gov.la/kcfinder/upload/files/ຄຳ​ແນະ​ນຳ​ວ່າ​ດ້ວຍ​ການ​ຈັດ​ຕັ້ງ​ປະ​ຕິ​ບັດ.pdf,2026-09-21T05:19:16Z,pdf_scanned,true,raw/la/la_1322/20260921T0519Z__scanned.pdf,ຄຳແນະນຳ ວ່າດ້ວຍການຈັດຕັ້ງປະຕິບັດວຽກງານແຂ່ງຂັ້ນ-ຍ້ອງຍໍ ຮັກຊາດ ແລະ ພັດທະນາ,,,,requests,200,raw/la/la_1322/20260921T0519Z__scanned.pdf.headers.json,application/pdf,3872567aebb30e3bcb81564230e596366071d4a11f5bb29c8544e8d7bea3cff2,441172,6,,,,corpus LA_corpus_2026-09-21: from LA_ws_2026-09-21; flags no_text_layer,2018-05-11,,,in_force
0.2.0,,la-la1323-001,LA,https://laoofficialgazette.gov.la/kcfinder/upload/files/ຂໍ້​ຕົກ​ລົງ ວ່າ​ດ້ວຍ​ການ​ກຳ​ນົດ​ລາ​ຄາ​ຫົວ​ທົດ​ແທນ.pdf,2026-09-21T04:29:02Z,pdf_scanned,true,raw/la/la_1323/20260921T0429Z__scanned.pdf,ຂໍ້ຕົກລົງ ວ່າດ້ວຍການກຳນົດລາຄາຫົວໜ່ວຍທົດແທນຜົນເສຍຫາຍໃຫ້ແກ່ປະຊາຊົນ ທີ່ໄດ້ຮັບຜົນກະທົບຈາກໂຄງການກໍ່ສ້າງເສັ້ນທາງລົດໄຟ ລາວ-ຈີນ ຜ່ານແຂວງຫຼວງພະບາງ ໄລຍະທາງຍາວ 80 ກິໂລແມັດ,,,,requests,200,raw/la/la_1323/20260921T0429Z__scanned.pdf.headers.json,application/pdf,333abefdf14be1a260b4dd68c25f6df047cbe9f21ecc96d50d4c150942cf7c9b,788227,14,,,,corpus LA_corpus_2026-09-21: from LA_ws_2026-09-21; flags no_text_layer,2018-05-11,,,in_force
0.2.0,,la-la1327-001,LA,https://laoofficialgazette.gov.la/kcfinder/upload/files/ຄຳ​ແນະ​ນຳ ກ່ຽວ​ກັບ​ການ​ຈັດ​ຕັ້ງ​ປະ​ຕິ​ບັດ ດຳ​ລັດ​ວ່າ​ດ້ວຍ ທຸ​ລະ​ກິດ​ນໍ້າ​ມັນ​ເຊື້ອ​ໄຟ.pdf,2026-09-21T05:19:11Z,pdf_scanned,true,raw/la/la_1327/20260921T0519Z__scanned.pdf,"ຄຳແນະນຳກ່ຽວກັບການຈັດຕັ້ງປະຕິບັດເນື້ອໃນບາງມາດຕາ ຂອງ ດຳລັດວ່າດ້ວຍ ທຸລະກິດນ້ຳມັນເຊື້ອໄຟ ສະບັບເລກທີ 331/ນຍ, ລົງວັນທີ 27 ຕຸລາ 2017",,,,requests,200,raw/la/la_1327/20260921T0519Z__scanned.pdf.headers.json,application/pdf,89f48b41ee8fff7d56cf62cad8fe842f763f4b808d46b5efda11ddf69553cc58,1002903,8,,,,corpus LA_corpus_2026-09-21: from LA_ws_2026-09-21; flags no_text_layer,2018-05-17,,,in_force
0.2.0,,la-la1328-001,LA,https://laoofficialgazette.gov.la/kcfinder/upload/files/ຂໍ້​ຕົກ​ລົງ​ວ່າ​ດ້ວຍ​ການ​ປະ​ກາດ​ສ້າງ​ຕັ້ງ​ນະ​ຄອນ ປາກ​ເຊ.pdf,2026-09-21T04:28:33Z,pdf_scanned,true,raw/la/la_1328/20260921T0428Z__scanned.pdf,ຂໍ້ຕົກລົງວ່າດ້ວຍ ການປະກາດສ້າງຕັ້ງນະຄອນປາກເຊ ທີ່ແຂວງຈຳປາສັກ,,,,requests,200,raw/la/la_1328/20260921T0428Z__scanned.pdf.headers.json,application/pdf,c1b5b6331f9099cbb8523b04346cddf47d50523a784a8c86f3748225ac968ca2,284345,1,,,,corpus LA_corpus_2026-09-21: from LA_ws_2026-09-21; flags no_text_layer,2018-05-22,,,in_force
0.2.0,,la-la1329-001,LA,https://laoofficialgazette.gov.la/kcfinder/upload/files/ຂໍ້​ຕົກ​ລົງ ວ່າ​ດ້ວຍ​ການ​ຈັດ​ຕັ້ງ ແລະ ການ​ເຄື່ອນ​ໄຫວ ລົງ​ທຶນ​ປະ​ຕູ​ດຽວ.pdf,2026-09-21T04:28:39Z,pdf_scanned,true,raw/la/la_1329/20260921T0428Z__scanned.pdf,ຂໍ້ຕົກລົງວ່າດ້ວຍ ການຈັດຕັ້ງ ແລະ ການເຄື່ອນໄຫວ ຂອງຫ້ອງການບໍລິການ ການລົງທຶນປະຕູດຽວ ແລະ ໜ່ວຍງານປະສານງານການບໍລິການ ການລົງທຶນປະຕູດຽວ ຂັ້ນແຂວງ,,,,requests,200,raw/la/la_1329/20260921T0428Z__scanned.pdf.headers.json,application/pdf,6ff61888ca1686283d1ba8480d63f7deaf909b93883e30d80173793c66c65a8b,354924,5,,,,corpus LA_corpus_2026-09-21: from LA_ws_2026-09-21; flags no_text_layer,2018-05-22,,,in_force
0.2.0,,la-la1332-001,LA,https://laoofficialgazette.gov.la/kcfinder/upload/files/ກົດ​ໝາຍ​ວ່າ​ດ້ວຍ ຊັບ​ສິນ​ທາງ​ປັນ​ຍາ (ສະ​ບັບປັບ​ປຸງ).pdf,2026-09-21T00:33:20Z,pdf_scanned,true,raw/la/la_1332/20260921T0033Z__scanned.pdf,ກົດໝາຍວ່າດ້ວຍ ຊັບສິນທາງປັນຍາ (ສະບັບປັບປຸງ),,,,requests,200,raw/la/la_1332/20260921T0033Z__scanned.pdf.headers.json,application/pdf,61061e654acdd72edc4d8073d67bc34820c90c1dcfe0f3e6f67bd9d9418af2ce,1658126,64,,,,corpus LA_corpus_2026-09-21: from LA_ws_2026-09-21; flags no_text_layer,2018-05-25,,,repealed
0.2.0,,la-la1333-001,LA,https://laoofficialgazette.gov.la/kcfinder/upload/files/ຄໍ​າ​ສັ່ງ​ວ່າ​ດ້ວຍ ການ​ປັບ​ປຸງ​ຄຸນ​ນະ​ພາບ​ການ​ເຄື່ອນ​ໄຫວ.pdf,2026-09-21T02:49:53Z,pdf_scanned,true,raw/la/la_1333/20260921T0249Z__scanned.pdf,ຄຳສັ່ງວ່າດ້ວຍ ການປັບປຸງຄຸນນະພາບການເຄື່ອນໄຫວຂອງກົງຈັກການຈັດຕັ້ງ ແລະ ການບັນຈຸລັດຖະກອນໃໝ່,,,,requests,200,raw/la/la_1333/20260921T0249Z__scanned.pdf.headers.json,application/pdf,b12e3794c3940b9551bc25cac5006df6e5ca62f1fde5380bf0762479863d5070,432448,5,,,,corpus LA_corpus_2026-09-21: from LA_ws_2026-09-21; flags no_text_layer,2018-05-25,,,in_force
0.2.0,,la-la1334-001,LA,https://laoofficialgazette.gov.la/kcfinder/upload/files/ດຳ​ລັດ​ວ່າ​ດ້ວຍ ການ​ປະ​ສານ​ງານ​ລະ​ຫວ່າງ​ບັນ​ດາ​ກະ​ຊວງ.pdf,2026-09-21T02:27:39Z,pdf_scanned,true,raw/la/la_1334/20260921T0227Z__scanned.pdf,"ດຳລັດວ່າດ້ວຍ ການປະສານງານລະຫວ່າງບັນດາກະຊວງ ອົງການລັດທຽບເທົ່າກະຊວງ, ແຂວງ, ນະຄອນຫຼວງ ກັບສຳນັກງານນາຍົກລັດຖະມົນຕີ",,,,requests,200,raw/la/la_1334/20260921T0227Z__scanned.pdf.headers.json,application/pdf,71f6468e8b2683bd31cdb5275a42babafba591ae49e2b32ad5025fbc1fd3620d,451736,8,,,,corpus LA_corpus_2026-09-21: from LA_ws_2026-09-21; flags no_text_layer,2018-05-25,,,in_force
0.2.0,,la-la1335-001,LA,"https://laoofficialgazette.gov.la/kcfinder/upload/files/ຄຳ​ສັງ​ວ່າ​ດ້ວຍ ການ​ຕ້ານ,ເຝົ້າ​ລະ​ວັງ,ຄວບ​ຄຸມ ແລະ ປ້ອງ​ກັນ​ພະ​ຍາດ​ປາກ​ເປື່ອຍ​ລົງ​ເລັບ.pdf",2026-09-21T02:49:44Z,pdf_scanned,true,raw/la/la_1335/20260921T0249Z__scanned.pdf,"ຄຳສັ່ງວ່າດ້ວຍ ການຕ້ານ, ເຝົ້າລະວັງ, ຄວບຄຸມ ແລະ ປ້ອງກັນພະຍາດປາກເປື່ອຍລົງເລັບ",,,,requests,200,raw/la/la_1335/20260921T0249Z__scanned.pdf.headers.json,application/pdf,0295c26ca4af8b79e77d2d5a17816fe7f27eb09b89ededc8bed838cb3698c0b4,632759,3,,,,corpus LA_corpus_2026-09-21: from LA_ws_2026-09-21; flags no_text_layer,2018-05-29,,,in_force
0.2.0,,la-la1336-001,LA,https://laoofficialgazette.gov.la/kcfinder/upload/files/ດຳ​ລັດວ່າ​ດ້ວຍ ວັນ​ພັກ.pdf,2026-09-21T02:27:30Z,pdf_scanned,true,raw/la/la_1336/20260921T0227Z__scanned.pdf,ດຳລັດວ່າດ້ວຍ ວັນພັກ,,,,requests,200,raw/la/la_1336/20260921T0227Z__scanned.pdf.headers.json,application/pdf,1f3e489220c7fc37a4a193b0ddf7f5d23d52a305c605a9fbbffaaefb084a0186,564570,2,,,,corpus LA_corpus_2026-09-21: from LA_ws_2026-09-21; flags no_text_layer,2018-05-31,,,in_force
0.2.0,,la-la1337-001,LA,https://laoofficialgazette.gov.la/kcfinder/upload/files/ຄຳສັ່ງເພີ່ມຄວາມເຂັ້ມງວດໃນການຄຸ້ມຄອງສັດປ່າ.pdf,2026-09-21T02:49:10Z,pdf_scanned,true,raw/la/la_1337/20260921T0249Z__scanned.pdf,ຄຳສັ່ງ ວ່າດ້ວຍການເພີ່ມທະວີຄວາມເຂັ້ມງວດ ໃນການຄຸ້ມຄອງ ແລະ ກວດກາສັດປ່າ ແລະ ພືດປ່າ ປະເພດຫວງຫ້າມ,,,,requests,200,raw/la/la_1337/20260921T0249Z__scanned.pdf.headers.json,application/pdf,40578a483d9b1a68e5522b91b64eb326a6b63822a01c16b3a4c7e565780659d3,569109,4,,,,corpus LA_corpus_2026-09-21: from LA_ws_2026-09-21; flags no_text_layer,2018-06-11,,,in_force
0.2.0,,la-la1339-001,LA,https://laoofficialgazette.gov.la/kcfinder/upload/files/ຂໍ້ຕົກລົງວ່າດ້ວຍການຄຸ້ມຄອງເວັບໄຊກະຊວງຍຸຕິທຳ (1).pdf,2026-09-21T04:37:51Z,pdf_scanned,true,raw/la/la_1339/20260921T0437Z__scanned.pdf,ຂໍ້ຕົກລົງວ່າດ້ວຍ ການຄຸ້ມຄອງເວັບໄຊກະຊວງຍຸຕິທຳ,,,,requests,200,raw/la/la_1339/20260921T0437Z__scanned.pdf.headers.json,application/pdf,2721d7855865bda44be99a5fb59da835ef7809b8eea5b365a44a69699f8e9ba2,575732,6,,,,corpus LA_corpus_2026-09-21: from LA_ws_2026-09-21; flags no_text_layer,2016-06-17,,,in_force
0.2.0,,la-la1341-001,LA,https://laoofficialgazette.gov.la/kcfinder/upload/files/ກົດໝາຍວ່າດ້ວຍ ແຮ່ທາດ (ສະບັບປັບປຸງ).pdf,2026-09-21T01:31:49Z,pdf_scanned,true,raw/la/la_1341/20260921T0131Z__scanned.pdf,ກົດໝາຍວ່າດ້ວຍ ແຮ່ທາດ (ສະບັບປັບປຸງ),,,,requests,200,raw/la/la_1341/20260921T0131Z__scanned.pdf.headers.json,application/pdf,3ac5367c5de8fdbec77cb16198976542f6587e76f4ff81249be1b966b47cb0a1,1303622,52,,,,corpus LA_corpus_2026-09-21: from LA_ws_2026-09-21; flags no_text_layer,2018-06-21,,,in_force
0.2.0,,la-la1342-001,LA,https://laoofficialgazette.gov.la/kcfinder/upload/files/ຄຳສັ່ງເອົາໃຈໃສ່ວຽກງານທະບຽນສານ.pdf,2026-09-21T00:43:29Z,pdf_scanned,true,raw/la/la_1342/20260921T0043Z__scanned.pdf,ຄຳສັ່ງ ວ່າດ້ວຍການເພີ່ມທະວີຄວາມເອົາໃຈໃສ່ຕໍ່ວຽກງານທະບຽນສານ,,,,requests,200,raw/la/la_1342/20260921T0043Z__scanned.pdf.headers.json,application/pdf,9ba167b201202cc709ab5b6dc89e8ca4254996032de95178fb0fe7a61df49c20,457356,4,,,,corpus LA_corpus_2026-09-21: from LA_ws_2026-09-21; flags no_text_layer,2018-07-03,,,in_force
0.2.0,,la-la1343-001,LA,https://laoofficialgazette.gov.la/kcfinder/upload/files/ຂໍ້ຕົກລົງຈັດຕັ້ງປະຕິບັດມາດຕາ9ຂອງກໝ.pdf,2026-09-21T05:19:03Z,pdf_scanned,true,raw/la/la_1343/20260921T0519Z__scanned.pdf,"ຄຳແນະນຳ ກ່ຽວກັບການຈັດຕັ້ງປະຕິບັດ ມາດຕາ 9 ຂອງ ກົດໝາຍວ່າດ້ວຍ ການປົກປ້ອງຜູ້ຜະລິດທີ່ໄດ້ຮັບຜົນກະທົບຈາກການນຳເຂົ້າສິນຄ້າ ສະບັບເລກທີ 27/ສພຊ, ລົງວັນທີ 30 ຕຸລາ 2017",,,,requests,200,raw/la/la_1343/20260921T0519Z__scanned.pdf.headers.json,application/pdf,6341e5e6d71e753e686c6a7ebdd90c0e8817fe800d69c5892848c13707ad23a7,556122,4,,,,corpus LA_corpus_2026-09-21: from LA_ws_2026-09-21; flags no_text_layer,2018-07-10,,,in_force
0.2.0,,la-la1344-001,LA,https://laoofficialgazette.gov.la/kcfinder/upload/files/ຂໍ້ຕົກລົງ ມາດຕະຖານຄຄຕົວແບບ.pdf,2026-09-21T04:28:27Z,pdf_scanned,true,raw/la/la_1344/20260921T0428Z__scanned.pdf,"ຂໍ້ຕົກລົງ ວ່າດ້ວຍມາດຕະຖານຄອບຄົວກະສິກຳ ແລະ ປ່າໄມ້ ຕົວແບບ, ບ້ານແບບຢ່າງດ້ານກະສິກຳ ແລະ ປ່າໄມ້ ແລະ ເມືອງກະສິກຳ ແລະ ປ່າໄມ້ ພັດທະນາ",,,,requests,200,raw/la/la_1344/20260921T0428Z__scanned.pdf.headers.json,application/pdf,13e30962d5cb9df9dc5fd0bb1c1633f2111d6ab23c4b828ac88dfbd61e64c8d2,766005,4,,,,corpus LA_corpus_2026-09-21: from LA_ws_2026-09-21; flags no_text_layer,2018-07-12,,,in_force
0.2.0,,la-la1345-001,LA,https://laoofficialgazette.gov.la/kcfinder/upload/files/ຂໍ້ຕົກລົງ ຄຸ່ມຄອງແລະນຳໃຊ້ຄັງສະສົມແຫ່ງລັດ.pdf,2026-09-21T04:28:20Z,pdf_scanned,true,raw/la/la_1345/20260921T0428Z__scanned.pdf,ຂໍ້ຕົກລົງ ວ່າດ້ວຍການຄຸ້ມຄອງ ແລະ ນຳໃຊ້ຄັງສະສົມແຫ່ງລັດ,,,,requests,200,raw/la/la_1345/20260921T0428Z__scanned.pdf.headers.json,application/pdf,62d9c622f55aa3078a32c1f1fc7c11394297cf487df5114ab2dedf1d91fab4ac,603216,4,,,,corpus LA_corpus_2026-09-21: from LA_ws_2026-09-21; flags no_text_layer,2018-07-13,,,in_force
0.2.0,,la-la1346-001,LA,https://laoofficialgazette.gov.la/kcfinder/upload/files/ຂໍ້ຕົກລົງ ຍົກເລີກຂໍ້ຕົກລົງ.pdf,2026-09-21T00:59:30Z,pdf_scanned,true,raw/la/la_1346/20260921T0059Z__scanned.pdf,ຂໍ້ຕົກລົງ ວ່າດ້ວຍການຍົກເລີກຂໍ້ຕົກລົງ ວ່າດ້ວຍການສະໜອງສິນເຊື່ອເປັນເງິນຕາຕ່າງປະເທດ ຂອງທະນາຄານທຸລະກິດ,,,,requests,200,raw/la/la_1346/20260921T0059Z__scanned.pdf.headers.json,application/pdf,07739047ebb11a90c8995c66ce47fa65f7eafea9b958960216bd5627a8ffa75d,576734,2,,,,corpus LA_corpus_2026-09-21: from LA_ws_2026-09-21; flags no_text_layer,2018-07-17,,,in_force
0.2.0,,la-la1347-001,LA,https://laoofficialgazette.gov.la/kcfinder/upload/files/ຂໍ້ຕົກລົງ_ຈັດຊັ້ນໜີ້_ແລະ_ຫັກເງິນແຮໜີ້.pdf,2026-09-21T00:59:23Z,pdf_scanned,true,raw/la/la_1347/20260921T0059Z__scanned.pdf,ຂໍ້ຕົກລົງ ວ່າດ້ວຍການຈັດຊັ້ນໜີ້ ແລະ ການຫັກເງິນແຮໜີ້ທີ່ຖືກຈັດຊັ້ນຂອງທະນາຄານ,,,,requests,200,raw/la/la_1347/20260921T0059Z__scanned.pdf.headers.json,application/pdf,6acd0c5765d8e513797a07cc3a5fb0727389f2c1c079fb84d6d420eab1208abc,850769,14,,,,corpus LA_corpus_2026-09-21: from LA_ws_2026-09-21; flags no_text_layer,2018-07-17,,,in_force
0.2.0,,la-la1348-001,LA,https://laoofficialgazette.gov.la/kcfinder/upload/files/ຂໍ້ຕົກລົງ_ການຮັກສາອັດຕາສ່ວນເງິນສົດຄັງ.pdf,2026-09-21T00:59:38Z,pdf_scanned,true,raw/la/la_1348/20260921T0059Z__scanned.pdf,ຂໍ້ຕົກລົງ ວ່າດ້ວຍການຮັກສາອັດຕາສ່ວນເງິນສົດຄ້າງຄັງຂອງທະນາຄານທຸລະກິດ,,,,requests,200,raw/la/la_1348/20260921T0059Z__scanned.pdf.headers.json,application/pdf,5bfb5ae9f0204c1403b6341465a1d202c06d264e0a257af162fb4fbc741c22d7,558051,2,,,,corpus LA_corpus_2026-09-21: from LA_ws_2026-09-21; flags no_text_layer,2018-07-17,,,in_force
0.2.0,,la-la1349-001,LA,https://laoofficialgazette.gov.la/kcfinder/upload/files/ຂໍ້ຕົກລົງ_ຄວາມພຽງພໍຂອງທຶນ.pdf,2026-09-21T00:59:47Z,pdf_scanned,true,raw/la/la_1349/20260921T0059Z__scanned.pdf,ຂໍ້ຕົກລົງ ກ່ຽວກັບຄວາມພຽງພໍຂອງທຶນ ສຳລັບທະນາຄານທຸລະກິດ,,,,requests,200,raw/la/la_1349/20260921T0059Z__scanned.pdf.headers.json,application/pdf,5361c7fd59c641b7c4fed900d113ff5050c26886db48dc94bab9ed25ff3efbe0,468540,3,,,,corpus LA_corpus_2026-09-21: from LA_ws_2026-09-21; flags no_text_layer,2018-07-17,,,in_force
0.2.0,,la-la1350-001,LA,https://laoofficialgazette.gov.la/kcfinder/upload/files/ດຳລັດ ວ່າດ້ວຍເຂດເສດຖະກິດພິເສດ.pdf,2026-09-21T02:27:20Z,pdf_scanned,true,raw/la/la_1350/20260921T0227Z__scanned.pdf,ດຳລັດ ວ່າດ້ວຍເຂດເສດຖະກິດພິເສດ,,,,requests,200,raw/la/la_1350/20260921T0227Z__scanned.pdf.headers.json,application/pdf,8d1aedbe7363ebf3b675d970ee914297288ae2ae5daeb0ed8046d4b57064e4cc,897982,18,,,,corpus LA_corpus_2026-09-21: from LA_ws_2026-09-21; flags no_text_layer,2018-07-19,,,in_force
0.2.0,,la-la1351-001,LA,https://laoofficialgazette.gov.la/kcfinder/upload/files/ຂໍ້ຕົກລົງ ກອງທຶນສັງຄົມສົງເຄາະ.pdf,2026-09-21T04:28:13Z,pdf_scanned,true,raw/la/la_1351/20260921T0428Z__scanned.pdf,ຂໍ້ຕົກລົງ ວ່າດ້ວຍກອງທຶນສັງຄົມສົງເຄາະ,,,,playwright,200,raw/la/la_1351/20260921T0428Z__scanned.pdf.headers.json,application/pdf,863126e315c7b497e0c7ab2b280fbd0a50439962438ef6f3ac4435a14b9d1d52,733094,7,,,,corpus LA_corpus_2026-09-21: from LA_ws_2026-09-21; flags no_text_layer,2018-07-23,,,in_force
0.2.0,,la-la1352-001,LA,https://laoofficialgazette.gov.la/kcfinder/upload/files/ກົດ​ໝາຍ​ວ່າ​ດ້ວຍ ໄຟ​ຟ້າ (ປັບ​ປຸງ).pdf,2026-09-21T01:31:41Z,pdf_scanned,true,raw/la/la_1352/20260921T0131Z__scanned.pdf,ກົດໝາຍວ່າດ້ວຍ ໄຟຟ້າ (ສະບັບປັບປຸງ),,,,requests,200,raw/la/la_1352/20260921T0131Z__scanned.pdf.headers.json,application/pdf,10a0bf8dbaf15b4ea01d503ab9958dc7ddb9b0e5886e46bf395d47fc3a76d0d3,2055220,43,,,,corpus LA_corpus_2026-09-21: from LA_ws_2026-09-21; flags no_text_layer,2018-07-27,,,in_force
0.2.0,,la-la1355-001,LA,https://laoofficialgazette.gov.la/kcfinder/upload/files/ຂໍ້ຕົກລົງ ສ້າງຕັ້ງແລະຄຸ້ມຄອງ1815.pdf,2026-09-21T04:28:06Z,pdf_scanned,true,raw/la/la_1355/20260921T0428Z__scanned.pdf,ຂໍ້ຕົກລົງວ່າດ້ວຍ ການສ້າງຕັ້ງ ແລະ ການຄຸ້ມຄອງຫ້ອງການຜູ້ຕາງໜ້າ ຂອງນິຕິບຸກຄົນຕ່າງປະເທດ ຢູ່ ສປປ ລາວ,,,,requests,200,raw/la/la_1355/20260921T0428Z__scanned.pdf.headers.json,application/pdf,f2e7313aaf452888ff32569239ac56abe616f309dfbf4375bd55258bfa01a9d8,811233,8,,,,corpus LA_corpus_2026-09-21: from LA_ws_2026-09-21; flags no_text_layer,2018-08-06,,,in_force
0.2.0,,la-la1357-001,LA,https://laoofficialgazette.gov.la/kcfinder/upload/files/ການອອກເອກະສານທາງການຂອງອົງການປົກຄອງບ້ານ.pdf,2026-09-21T04:58:51Z,pdf_scanned,true,raw/la/la_1357/20260921T0458Z__scanned.pdf,ຂໍ້ຕົກລົງ ວ່າດ້ວຍການອອກເອກະສານທາງການຂອງອົງການປົກຄອງບ້ານ,,,,requests,200,raw/la/la_1357/20260921T0458Z__scanned.pdf.headers.json,application/pdf,20b60d9ddf18dee965e67845f589c37da817940e594df605aafa6594dc90ac5b,526605,3,,,,corpus LA_corpus_2026-09-21: from LA_ws_2026-09-21; flags no_text_layer,2018-08-08,,,repealed
0.2.0,,la-la1358-001,LA,https://laoofficialgazette.gov.la/kcfinder/upload/files/ຈັດຕັ້ງເຄື່ອນໄຫວອົງການປົກຄອງບ້ານ.pdf,2026-09-21T04:58:49Z,pdf_scanned,true,raw/la/la_1358/20260921T0458Z__scanned.pdf,ຂໍ້ຕົກລົງ ວ່າດ້ວຍການຈັດຕັ້ງ ແລະ ການເຄື່ອນໄຫວຂອງອົງການປົກຄອງບ້ານ,,,,requests,200,raw/la/la_1358/20260921T0458Z__scanned.pdf.headers.json,application/pdf,574118f426cf9123a50edcf01000e14a97e8b1ffa8084d2fb6674c0ebe6c9844,3323299,13,,,,corpus LA_corpus_2026-09-21: from LA_ws_2026-09-21; flags no_text_layer,2018-08-08,,,repealed
0.2.0,,la-la1360-001,LA,https://laoofficialgazette.gov.la/kcfinder/upload/files/ສ້າງກົດລະບຽບບ້ານ.pdf,2026-09-21T05:26:45Z,pdf_scanned,true,raw/la/la_1360/20260921T0526Z__scanned.pdf,ຄຳແນະນຳ ກ່ຽວກັບການສ້າງກົດລະບຽບບ້ານ,,,,requests,200,raw/la/la_1360/20260921T0526Z__scanned.pdf.headers.json,application/pdf,f3bb4e726bfc8b99d8a3cdc0f4b6c89add6a464a824c88e37596e1429fb1f10f,574577,3,,,,corpus LA_corpus_2026-09-21: from LA_ws_2026-09-21; flags no_text_layer,2018-08-08,,,repealed
0.2.0,,la-la1361-001,LA,https://laoofficialgazette.gov.la/kcfinder/upload/files/ສ້າງຕັ້ງ_ຍຸບເລີກໂຮມເຂົ້າແຍກອອກປ່ຽນຊື່ບ້ານ.pdf,2026-09-21T05:26:37Z,pdf_scanned,true,raw/la/la_1361/20260921T0526Z__scanned.pdf,"ຄຳແນະນຳ ກ່ຽວກັບການສ້າງຕັ້ງ, ຍຸບເລີກ, ໂຮມເຂົ້າ, ແຍກອອກ ແລະ ປ່ຽນຊື່ບ້ານ",,,,requests,200,raw/la/la_1361/20260921T0526Z__scanned.pdf.headers.json,application/pdf,09f0856d10eccc85f063d334abbbe6cb63bbbc53fb75afa5044ea914a8f7ee06,657108,3,,,,corpus LA_corpus_2026-09-21: from LA_ws_2026-09-21; flags no_text_layer,2018-08-08,,,repealed
0.2.0,,la-la1362-001,LA,https://laoofficialgazette.gov.la/kcfinder/upload/files/ສ້າງຕັ້ງເທດສະບານນະຄອນ.pdf,2026-09-21T05:18:55Z,pdf_scanned,true,raw/la/la_1362/20260921T0518Z__scanned.pdf,"ຄຳແນະນຳ ກ່ຽວກັບການສ້າງຕັ້ງເທດສະບານ, ນະຄອນ",,,,requests,200,raw/la/la_1362/20260921T0518Z__scanned.pdf.headers.json,application/pdf,5c09349433a3fe913ff245a6dc96bba53891d1d34570f255a7bb9dfa264f8587,921213,5,,,,corpus LA_corpus_2026-09-21: from LA_ws_2026-09-21; flags no_text_layer,2018-08-08,,,in_force
0.2.0,,la-la1363-001,LA,https://laoofficialgazette.gov.la/kcfinder/upload/files/ມາດຕະຖານບ້ານໜັກແໜ້ນເຂັ້ມແຂງ.pdf,2026-09-21T04:58:33Z,pdf_scanned,true,raw/la/la_1363/20260921T0458Z__scanned.pdf,ຂໍ້ຕົກລົງ ວ່າດ້ວຍມາດຕະຖານບ້ານໜັກແໜ້ນເຂັ້ມແຂງ,,,,requests,200,raw/la/la_1363/20260921T0458Z__scanned.pdf.headers.json,application/pdf,1b057e13a3c60d1544f312380f83a52d7e3e5c574d3e9197a618bfdecf3db8a5,490483,3,,,,corpus LA_corpus_2026-09-21: from LA_ws_2026-09-21; flags no_text_layer,2018-08-08,,,repealed
0.2.0,,la-la1364-001,LA,https://laoofficialgazette.gov.la/kcfinder/upload/files/ເກັບເງິນປະກອບສ່ວນພັດທະນາບ້ານຂອງປະຊາຊົນ.pdf,2026-09-21T04:58:29Z,pdf_scanned,true,raw/la/la_1364/20260921T0458Z__scanned.pdf,ຂໍ້ຕົກລົງ ວ່າດ້ວຍການເກັບເງິນປະກອບສ່ວນພັດທະນາບ້ານຂອງປະຊາຊົນ,,,,requests,200,raw/la/la_1364/20260921T0458Z__scanned.pdf.headers.json,application/pdf,e622db28a54cb7253a52ce57616c964b37ba674e1d4ccca8e163d50bfe11bd2f,913195,5,,,,corpus LA_corpus_2026-09-21: from LA_ws_2026-09-21; flags no_text_layer,2018-08-08,,,repealed
0.2.0,,la-la1366-001,LA,https://laoofficialgazette.gov.la/kcfinder/upload/files/Introduction on Implementation of Data Protection Law.pdf,2026-09-21T01:11:36Z,pdf_scanned,true,raw/la/la_1366/20260921T0111Z__scanned.pdf,ຄຳແນະນຳ ການຈັດຕັ້ງປະຕິບັດ ກົດໝາຍວ່າດ້ວຍ ການປົກປ້ອງຂໍ້ມູນເອເລັກໂຕຣນິກ,,,,requests,200,raw/la/la_1366/20260921T0111Z__scanned.pdf.headers.json,application/pdf,cec7c27765af241f5a49d75b9fbae824bab1fba873f78f1772debb02702e48e4,662142,6,,,,corpus LA_corpus_2026-09-21: from LA_ws_2026-09-21; flags no_text_layer,2018-08-17,,,in_force
0.2.0,,la-la1370-001,LA,https://laoofficialgazette.gov.la/kcfinder/upload/files/ປະຕິບັດພັນທະແລະປະກອບສ່ວນຂອງປຊຊ.pdf,2026-09-21T04:27:57Z,pdf_scanned,true,raw/la/la_1370/20260921T0427Z__scanned.pdf,ຂໍ້ຕົກລົງວ່າດ້ວຍ ການປະຕິບັດພັນທະ ແລະ ການປະກອບສ່ວນຂອງປະຊາຊົນ ໃນການພັດທະນາບ້ານ,,,,requests,200,raw/la/la_1370/20260921T0427Z__scanned.pdf.headers.json,application/pdf,8430a4510686fb3c6e8c9ee3c96ca40d9fdcc96d95a12030ce8ba8413c17478f,510581,5,,,,corpus LA_corpus_2026-09-21: from LA_ws_2026-09-21; flags no_text_layer,2018-08-20,,,in_force
0.2.0,,la-la1371-001,LA,https://laoofficialgazette.gov.la/kcfinder/upload/files/ທິດທາງເປົ້າໝາຍແລະ ມາດຕະການສ້າງແຂວງເມື່ອງບ້ານ.pdf,2026-09-21T02:49:03Z,pdf_scanned,true,raw/la/la_1371/20260921T0249Z__scanned.pdf,"ຄຳສັ່ງວ່າດ້ວຍ ທິດທາງ, ເປົ້າໝາຍ ແລະ ມາດຕະການ ສ້າງແຂວງ ເປັນຫົວໜ່ວຍຍຸດທະສາດ, ສ້າງເມືອງ ເປັນຫົວໜ່ວຍເຂັ້ມແຂງຮອບດ້ານ,​ ສ້າງບ້ານ ເປັນຫົວໜ່ວຍພັດທະນາ",,,,requests,200,raw/la/la_1371/20260921T0249Z__scanned.pdf.headers.json,application/pdf,1284d6e44aab090b8cd76f4cfa0b8a3ddee959adb09190a017464a08769d1356,798028,5,,,,corpus LA_corpus_2026-09-21: from LA_ws_2026-09-21; flags no_text_layer,2018-08-20,,,in_force
0.2.0,,la-la1374-001,LA,https://laoofficialgazette.gov.la/kcfinder/upload/files/scan0003.pdf,2026-09-21T00:59:17Z,pdf_scanned,true,raw/la/la_1374/20260921T0059Z__scanned.pdf,ຂໍ້ຕົກລົງ ວ່າດ້ວຍການເພີ່ມທະວີຄວາມເອົາໃຈໃສ່ຕໍ່ວຽກງານສະຖິຕິ ຂອງຂະແໜງຍຸຕິທຳ,,,,requests,200,raw/la/la_1374/20260921T0059Z__scanned.pdf.headers.json,application/pdf,3fb1bc82d9ba0e8b6dd6e888434121aa5b031dc39169d4fc9848bd2306db3627,706813,6,,,,corpus LA_corpus_2026-09-21: from LA_ws_2026-09-21; flags no_text_layer,2018-08-30,,,in_force
0.2.0,,la-la1375-001,LA,https://laoofficialgazette.gov.la/kcfinder/upload/files/Instruction_on_permission_of_run_telecomminication_.pdf,2026-09-21T01:11:29Z,pdf_scanned,true,raw/la/la_1375/20260921T0111Z__scanned.pdf,ຄຳແນະນຳ ກ່ຽວກັບການອະນຸຍາດດຳເນີນທຸລະກິດດ້ານໂທລະຄົມມະນາຄົມ,,,,requests,200,raw/la/la_1375/20260921T0111Z__scanned.pdf.headers.json,application/pdf,b198e28261d2d9683621953af12e5087dc0405e559514aa61051eb4fc5a7be28,590700,4,,,,corpus LA_corpus_2026-09-21: from LA_ws_2026-09-21; flags no_text_layer,2018-08-31,,,in_force
0.2.0,,la-la1376-001,LA,https://laoofficialgazette.gov.la/kcfinder/upload/files/Penal Law 90.pdf,2026-09-21T01:41:15Z,pdf_native,false,raw/la/la_1376/20260921T0141Z__native.pdf,ກົດໝາຍ ອາຍາ,,,,requests,200,raw/la/la_1376/20260921T0141Z__native.pdf.headers.json,application/pdf,a191413812363334d7c26ee9f2ccdfefd6a9db6e74dd47d97b650ab4a199cdc4,199248,44,,,,corpus LA_corpus_2026-09-21: from LA_ws_2026-09-21,2018-09-03,,,repealed
0.2.0,,la-la1377-001,LA,https://laoofficialgazette.gov.la/kcfinder/upload/files/47ສພຊ2018.pdf,2026-09-21T00:33:11Z,pdf_scanned,true,raw/la/la_1377/20260921T0033Z__scanned.pdf,ກົດໝາຍ ວ່າດ້ວຍທະນາຄານ ແຫ່ງ ສາທາລະນະລັດ ປະຊາທິປະໄຕ ປະຊາຊົນລາວ (ສະບັບປັບປຸງ),,,,requests,200,raw/la/la_1377/20260921T0033Z__scanned.pdf.headers.json,application/pdf,c4b8af1e6f3dbbf4e3e5e10e36571aa095dfc6d2df9fcba65ac2c798f61f17f9,1515733,24,,,,corpus LA_corpus_2026-09-21: from LA_ws_2026-09-21; flags no_text_layer,2018-09-05,,,repealed
0.2.0,,la-la1378-001,LA,https://laoofficialgazette.gov.la/kcfinder/upload/files/ICT.pdf,2026-09-21T04:27:52Z,pdf_scanned,true,raw/la/la_1378/20260921T0427Z__scanned.pdf,ຂໍ້ຕົກລົງ ວ່າດ້ວຍການກວດກາ ແລະ ຢັ້ງຢືນ ມາດຕະຖານເຕັກນິກອຸປະກອນໄອຊີທີ (ICT),,,,requests,200,raw/la/la_1378/20260921T0427Z__scanned.pdf.headers.json,application/pdf,6155cdd63bcafbf3eaafbaebb211fb16e4b75a64c8c3908bb2e21543997008b2,820271,14,,,,corpus LA_corpus_2026-09-21: from LA_ws_2026-09-21; flags no_text_layer,2018-09-07,,,in_force
0.2.0,,la-la1379-001,LA,https://laoofficialgazette.gov.la/kcfinder/upload/files/IoT.pdf,2026-09-21T00:59:04Z,pdf_scanned,true,raw/la/la_1379/20260921T0059Z__scanned.pdf,ຂໍ້ຕົກລົງ ວ່າດ້ວຍຄື້ນຄວາມຖີ່ວິທະຍຸສື່ສານສຳລັບການສື່ສານ Internet of Things (IoT),,,,requests,200,raw/la/la_1379/20260921T0059Z__scanned.pdf.headers.json,application/pdf,8785f111d7161d3959b658ede61a3276d2ca1575ae45b130d5cf16d2d455fbfc,545537,4,,,,corpus LA_corpus_2026-09-21: from LA_ws_2026-09-21; flags no_text_layer,2018-09-07,,,in_force
0.2.0,,la-la1380-001,LA,https://laoofficialgazette.gov.la/kcfinder/upload/files/sort range devices.pdf,2026-09-21T00:59:10Z,pdf_scanned,true,raw/la/la_1380/20260921T0059Z__scanned.pdf,ຂໍ້ຕົກລົງ ວ່າດ້ວຍອຸປະກອນຄື້ນຄວາມຖີ່ວິທະຍຸສື່ສານໄລຍະໃກ້,,,,requests,200,raw/la/la_1380/20260921T0059Z__scanned.pdf.headers.json,application/pdf,e490faf74e736edf4612315e9cc486772ce8c2f16eb1cec83c0519df3559b127,730763,6,,,,corpus LA_corpus_2026-09-21: from LA_ws_2026-09-21; flags no_text_layer,2018-09-07,,,in_force
0.2.0,,la-la1381-001,LA,https://laoofficialgazette.gov.la/kcfinder/upload/files/Veterans Union.pdf,2026-09-21T01:31:26Z,pdf_scanned,true,raw/la/la_1381/20260921T0131Z__scanned.pdf,ກົດໝາຍ ວ່າດ້ວຍສະຫະພັນນັກຮົບເກົ່າລາວ,,,,requests,200,raw/la/la_1381/20260921T0131Z__scanned.pdf.headers.json,application/pdf,85627c465308253e362907b4d91bbf4997d9f8dd1085540e75ec42a3749bb1a1,1465298,22,,,,corpus LA_corpus_2026-09-21: from LA_ws_2026-09-21; flags no_text_layer,2018-09-19,,,in_force
0.2.0,,la-la1382-001,LA,https://laoofficialgazette.gov.la/kcfinder/upload/files/Family registration.pdf,2026-09-21T00:32:17Z,pdf_scanned,true,raw/la/la_1382/20260921T0032Z__scanned.pdf,ກົດໝາຍ ວ່າດ້ວຍທະບຽນຄອບຄົວ (ສະບັບປັບປຸງ),,,,requests,200,raw/la/la_1382/20260921T0032Z__scanned.pdf.headers.json,application/pdf,c4d99bed82d63a93f8ac2326b3145a9b47b6420f5699fea5912349e9ac7a8090,1706267,25,,,,corpus LA_corpus_2026-09-21: from LA_ws_2026-09-21; flags no_text_layer,2018-09-19,,,in_force
0.2.0,,la-la1383-001,LA,https://laoofficialgazette.gov.la/kcfinder/upload/files/555555555555.pdf,2026-09-21T01:31:34Z,pdf_scanned,true,raw/la/la_1383/20260921T0131Z__scanned.pdf,ກົດໝາຍ ວ່າດ້ວຍການໃຫ້ວັກຊີນກັນພະຍາດ,,,,requests,200,raw/la/la_1383/20260921T0131Z__scanned.pdf.headers.json,application/pdf,672e19380587c23bda28c20c24f85c8a16676c29220be5e1cb5c802407dc9b85,5342731,30,,,,corpus LA_corpus_2026-09-21: from LA_ws_2026-09-21; flags no_text_layer,2018-09-19,,,in_force
0.2.0,,la-la1385-001,LA,https://laoofficialgazette.gov.la/kcfinder/upload/files/The military commander of the Lao People's Army.pdf,2026-09-21T06:58:14Z,pdf_scanned,true,raw/la/la_1385/20260921T0658Z__scanned.pdf,ກົດໝາຍ ວ່າດ້ວຍນາຍທະຫານກອງທັບປະຊາຊົນລາວ (ສະບັບປັບປຸງ),,,,requests,200,raw/la/la_1385/20260921T0658Z__scanned.pdf.headers.json,application/pdf,12f67826140c0dee065d8600fa2e6669560809d79196c6bad656853bd3f9105c,1544014,24,,,,corpus LA_corpus_2026-09-21: from LA_ws_2026-09-21_to_2026-09-21_2; flags no_text_layer,2018-09-27,,,ປັດຈຸບັນ
0.2.0,,la-la1386-001,LA,https://laoofficialgazette.gov.la/kcfinder/upload/files/Decision on Collection of Seized Vehicles (Cars) Across the Country.pdf,2026-09-21T02:48:55Z,pdf_scanned,true,raw/la/la_1386/20260921T0248Z__scanned.pdf,ຄຳສັ່ງ ວ່າດ້ວຍການຮິບໂຮມພາຫະນະ (ລົດ) ທີ່ຢຶດໄວ້ຕາມຈຸດຕ່າງໆໃນທົ່ວແຂວງ,,,,requests,200,raw/la/la_1386/20260921T0248Z__scanned.pdf.headers.json,application/pdf,75261722561e66e010d59a0eb4e88df15a7e362e86a2c564a59cd329878b0920,314517,1,,,,corpus LA_corpus_2026-09-21: from LA_ws_2026-09-21; flags no_text_layer,2018-10-03,,,in_force
0.2.0,,la-la1387-001,LA,https://laoofficialgazette.gov.la/kcfinder/upload/files/Instruction on Implementation of Cyber Crime Law.pdf,2026-09-21T01:11:20Z,pdf_scanned,true,raw/la/la_1387/20260921T0111Z__scanned.pdf,ຄຳແນະນຳ ການຈັດຕັ້ງປະຕິບັດ ກົດໝາຍວ່າດ້ວຍ ການຕ້ານ ແລະ ສະກັດກັ້ນອາຊະຍາກຳທາງລະບົບຄອມພິວເຕີ,,,,requests,200,raw/la/la_1387/20260921T0111Z__scanned.pdf.headers.json,application/pdf,45488b80c91acb94707c893912b194c249b836dadbaad3189abbf0c0a9502e6b,773887,8,,,,corpus LA_corpus_2026-09-21: from LA_ws_2026-09-21; flags no_text_layer,2018-10-03,,,in_force
0.2.0,,la-la1390-001,LA,https://laoofficialgazette.gov.la/kcfinder/upload/files/ກຳນົດຂອບເຂດ_ປະເມີນຫົວໜ່ວຍ.pdf,2026-09-21T04:27:45Z,pdf_scanned,true,raw/la/la_1390/20260921T0427Z__scanned.pdf,ຂໍ້ຕົກລົງ ວ່າດ້ວຍການກຳນົດຂອບເຂດ ແລະ ການປະເມີນຫົວໜ່ວຍລາຄາການທົດແທນຄ່າເສຍຫາຍ ໃຫ້ຜູ້ຖືກຜົນກະທົບຈາກໂຄງການທາງດ່ວນ ແຕ່ນະຄອນຫຼວງວຽງຈັນ ຫາ ວັງວຽງ ແຂວງວຽງຈັນ ໄລຍະຜ່ານເມືອງນາຊາຍທອງ,,,,requests,200,raw/la/la_1390/20260921T0427Z__scanned.pdf.headers.json,application/pdf,376bfea464b93a57546d03e76b24d11849fc044ae199cfd48ef6dafdae9adf80,836427,4,,,,corpus LA_corpus_2026-09-21: from LA_ws_2026-09-21; flags no_text_layer,2018-10-05,,,in_force
0.2.0,,la-la1391-001,LA,https://laoofficialgazette.gov.la/kcfinder/upload/files/ຄຸ້ມຄອງສະໜາມຫຼວງ_ທາດຫຼສງບໍລິເວນອ້ອມຮອບ.pdf,2026-09-21T04:27:37Z,pdf_scanned,true,raw/la/la_1391/20260921T0427Z__scanned.pdf,"ຂໍ້ຕົກລົງ ວ່າດ້ວຍການຄຸ້ມຄອງ ສະໜາມຫຼວງ, ພະທາດຫຼວງ ແລະ ບໍລິເວນອ້ອມຮອບ",,,,requests,200,raw/la/la_1391/20260921T0427Z__scanned.pdf.headers.json,application/pdf,0f1e0c46418a38de53f3e92124a0c0b9647137f440beb237c1c30f24f108ce3a,1002307,14,,,,corpus LA_corpus_2026-09-21: from LA_ws_2026-09-21; flags no_text_layer,2018-10-05,,,in_force
0.2.0,,la-la1392-001,LA,https://laoofficialgazette.gov.la/kcfinder/upload/files/ຄຸ້ມຄອງນຳໃຊ້ຢາປາບສັດຕູພືດ.pdf,2026-09-21T04:27:30Z,pdf_scanned,true,raw/la/la_1392/20260921T0427Z__scanned.pdf,ຂໍ້ຕົກລົງ ວ່າດ້ວຍການຄຸ້ມຄອງ ແລະ ການນຳໃຊ້ ຢາປາບສັດຕູພືດ,,,,requests,200,raw/la/la_1392/20260921T0427Z__scanned.pdf.headers.json,application/pdf,8db381d5c3bbb73f6c5d5d040e34683a3f5cf616d5bf7252fd352e81b037b471,708862,10,,,,corpus LA_corpus_2026-09-21: from LA_ws_2026-09-21; flags no_text_layer,2018-10-05,,,in_force
0.2.0,,la-la1393-001,LA,https://laoofficialgazette.gov.la/kcfinder/upload/files/ສົ່ງເສີມ_ແລະ_ຄຸ້ມຄອງພືດ.pdf,2026-09-21T04:27:25Z,pdf_scanned,true,raw/la/la_1393/20260921T0427Z__scanned.pdf,ຂໍ້ຕົກລົງ ວ່າດ້ວຍການສົ່ງເສີມ ແລະ ການຄຸ້ມຄອງຄຸນນະພາບພືດ ຢູ່ໃນນະຄອນຫຼວງວຽງຈັນ,,,,requests,200,raw/la/la_1393/20260921T0427Z__scanned.pdf.headers.json,application/pdf,36df9f1d14bd725d42bbd5f31176fbfff7143ee56754f1d0cecfc020f97fb904,883920,15,,,,corpus LA_corpus_2026-09-21: from LA_ws_2026-09-21; flags no_text_layer,2018-10-05,,,in_force
0.2.0,,la-la1394-001,LA,https://laoofficialgazette.gov.la/kcfinder/upload/files/ຄຸ້ມຄອງໜີ້ສິນສາທາລະນະ.pdf,2026-09-21T01:30:48Z,pdf_scanned,true,raw/la/la_1394/20260921T0130Z__scanned.pdf,ກົດໝາຍວ່າດ້ວຍ ການຄຸ້ມຄອງໜີ້ສິນສາທາລະນະ,,,,requests,200,raw/la/la_1394/20260921T0130Z__scanned.pdf.headers.json,application/pdf,129f254a6513c2d0c4acaea71171c11d27df371098078bd7f89ac0f91aaddecf,1806388,28,,,,corpus LA_corpus_2026-09-21: from LA_ws_2026-09-21; flags no_text_layer,2018-10-12,,,in_force
0.2.0,,la-la1395-001,LA,https://laoofficialgazette.gov.la/kcfinder/upload/files/ບໍລິຫານຄຸ້ມຄອງແລະ_ດຳເນີນປະກັນໄພ.pdf,2026-09-21T01:06:13Z,pdf_scanned,true,raw/la/la_1395/20260921T0106Z__scanned.pdf,ຂໍ້ຕົກລົງ ວ່າດ້ວຍລະບຽບການບໍລິຫານຄຸ້ມຄອງ ແລະ ການດຳເນີນທຸລະກິດປະກັນໄພ,,,,playwright,200,raw/la/la_1395/20260921T0106Z__scanned.pdf.headers.json,application/pdf,fcc1530e692ce0f8dc19f25282b3e2bb807557e91c65bc2369b7ae73024bc5af,777037,13,,,,corpus LA_corpus_2026-09-21: from LA_ws_2026-09-21; flags no_text_layer,2018-10-12,,,repealed
0.2.0,,la-la1396-001,LA,https://laoofficialgazette.gov.la/kcfinder/upload/files/ລະບຽບລາຍງານຂໍ້ມູນປະກັນໄພ.pdf,2026-09-21T01:06:06Z,pdf_scanned,true,raw/la/la_1396/20260921T0106Z__scanned.pdf,ຂໍ້ຕົກລົງ ວ່າດ້ວຍລະບຽບການລາຍງານຂໍ້ມູນຂອງບໍລິສັດປະກັນໄພ ແລະ ນາຍໜ້າປະກັນໄພ,,,,requests,200,raw/la/la_1396/20260921T0106Z__scanned.pdf.headers.json,application/pdf,13c1032c95fc69ac5d6cf1789ffb4062093c80eef17cef6defa98218ea1ca272,669323,4,,,,corpus LA_corpus_2026-09-21: from LA_ws_2026-09-21; flags no_text_layer,2018-10-12,,,repealed
0.2.0,,la-la1397-001,LA,https://laoofficialgazette.gov.la/kcfinder/upload/files/cps03.pdf,2026-09-21T05:18:47Z,pdf_scanned,true,raw/la/la_1397/20260921T0518Z__scanned.pdf,ຄຳແນະນຳ ສືບຕໍ່ຜັນຂະຫຍາຍຄຳສັ່ງຂອງນາຍົກລັດຖະມົນຕີ ວ່າດ້ວຍການປັບປຸງຄຸນນະພາບການເຄື່ອນໄຫວຂອງກົງຈັກການຈັດຕັ້ງ,,,,requests,200,raw/la/la_1397/20260921T0518Z__scanned.pdf.headers.json,application/pdf,3296c017427913268a51acc3e1ab1d86d0b49ca3291304244504c8e5b1198528,890031,2,,,,corpus LA_corpus_2026-09-21: from LA_ws_2026-09-21; flags no_text_layer,2018-10-23,,,in_force
0.2.0,,la-la1398-001,LA,https://laoofficialgazette.gov.la/kcfinder/upload/files/cps583.pdf,2026-09-21T04:26:51Z,pdf_scanned,true,raw/la/la_1398/20260921T0426Z__scanned.pdf,ຂໍ້ຕົກລົງວ່າດ້ວຍ ການຄຸ້ມຄອງ ແລະ ຈັດຕັ້ງປະຕິບັດວຽກງານບັນຊີວິສາຫະກິດ,,,,playwright,200,raw/la/la_1398/20260921T0426Z__scanned.pdf.headers.json,application/pdf,58ffe4de969316d77d892cfc82814892ffbfdb1781de92566a3cc427e49f596f,666037,7,,,,corpus LA_corpus_2026-09-21: from LA_ws_2026-09-21; flags no_text_layer,2018-10-16,,,in_force
0.2.0,,la-la1399-001,LA,https://laoofficialgazette.gov.la/kcfinder/upload/files/cps607.pdf,2026-09-21T04:26:59Z,pdf_scanned,true,raw/la/la_1399/20260921T0426Z__scanned.pdf,"ຂໍ້ຕົກລົງວ່າດ້ວຍ ການເກັບຄ່າທຳນຽມ, ຄ່າບໍລິການ, ຄ່າແບບຟອມ, ແບບພິມ ແລະ ກຳນົດວັນ ເວລາ ຮັບເອກະສານ ຂອງໜ່ວຍງານການບໍລິການຜ່ານປະຕູດຽວ ເມືອງສຸຂຸມາ",,,,requests,200,raw/la/la_1399/20260921T0426Z__scanned.pdf.headers.json,application/pdf,551bf6a88cdea3ec8fcccfc66d0721a0394cc7dd4e6264f9c16e46385f4efa8b,1171608,28,,,,corpus LA_corpus_2026-09-21: from LA_ws_2026-09-21; flags no_text_layer,2018-10-16,,,in_force
0.2.0,,la-la1400-001,LA,https://laoofficialgazette.gov.la/kcfinder/upload/files/cps828.pdf,2026-09-21T04:27:07Z,pdf_scanned,true,raw/la/la_1400/20260921T0427Z__scanned.pdf,"ຂໍ້ຕົກລົງວ່າດ້ວຍ ການເກັບຄ່າທຳນຽມ, ຄ່າບໍລິການ, ຄ່າແບບຟອມ, ແບບພິມ ແລະ ກຳນົດວັນ ເວລາ ຮັບເອກະສານ ຂອງໜ່ວຍງານການບໍລິການຜ່ານປະຕູດຽວ ເມືອງມຸນລະປາໂມກ",,,,requests,200,raw/la/la_1400/20260921T0427Z__scanned.pdf.headers.json,application/pdf,2cfad31f5c0e2756be2596443d72c1126c3d32da420ee8d9c73873f7c0ad4e12,962391,26,,,,corpus LA_corpus_2026-09-21: from LA_ws_2026-09-21; flags no_text_layer,2018-10-16,,,in_force
0.2.0,,la-la1401-001,LA,https://laoofficialgazette.gov.la/kcfinder/upload/files/cps758.pdf,2026-09-21T04:27:13Z,pdf_scanned,true,raw/la/la_1401/20260921T0427Z__scanned.pdf,"ຂໍ້ຕົກລົງວ່າດ້ວຍ ການຮັບຮອງຫົວໜ່ວຍ ລາຄາທົດແທນຄ່າທີ່ດິນ ແລະ ຊັບສິນ ທີ່ຖືກຜົນກະທົບ ຈາກການກໍ່ສ້າງແລວສາຍສົ່ງ ໄຟຟ້າແຮງສູງ 230 kv ຂອງໂຄງການເຂື່ອນໄຟຟ້າ ດອນສະໂຮງ, ເມືອງໂຂງ, ແຂວງຈຳປາສັກ",,,,playwright,200,raw/la/la_1401/20260921T0427Z__scanned.pdf.headers.json,application/pdf,15eaead968353ff5787a335e8d8a05b628c04f8a2a14dc97646c0696775a774f,608452,5,,,,corpus LA_corpus_2026-09-21: from LA_ws_2026-09-21; flags no_text_layer,2018-10-16,,,in_force
0.2.0,,la-la1402-001,LA,https://laoofficialgazette.gov.la/kcfinder/upload/files/26ສພຊ2018.pdf,2026-09-21T01:14:37Z,pdf_scanned,true,raw/la/la_1402/20260921T0114Z__scanned.pdf,ປະມວນກົດໝາຍອາຍາ,,,,requests,200,raw/la/la_1402/20260921T0114Z__scanned.pdf.headers.json,application/pdf,120e80327725a98a2f64d211e2499ebb9ca71de66d5ff5c30ef5b0b1700bd702,5716196,142,,,,corpus LA_corpus_2026-09-21: from LA_ws_2026-09-21; flags no_text_layer,2018-10-17,,,in_force
0.2.0,,la-la1403-001,LA,https://laoofficialgazette.gov.la/kcfinder/upload/files/xybl308.pdf,2026-09-21T04:26:44Z,pdf_scanned,true,raw/la/la_1403/20260921T0426Z__scanned.pdf,"ຂໍ້ຕົກລົງວ່າດ້ວຍ ການຄຸ້ມຄອງ, ​ນຳໃຊ້ ແລະ ອານຸລັກ ຊັບພະຍາກອນທຳມະຊາດ ທີ່ເປັນຢາ",,,,requests,200,raw/la/la_1403/20260921T0426Z__scanned.pdf.headers.json,application/pdf,b81447d0cd7ebad951df256197ee24b63872f3328fe72760f5b3f23506339916,862111,11,,,,corpus LA_corpus_2026-09-21: from LA_ws_2026-09-21; flags no_text_layer,2018-10-22,,,in_force
0.2.0,,la-la1404-001,LA,https://laoofficialgazette.gov.la/kcfinder/upload/files/xybl756 (1).pdf,2026-09-21T04:26:37Z,pdf_scanned,true,raw/la/la_1404/20260921T0426Z__scanned.pdf,ຂໍ້ຕົກລົງວ່າດ້ວຍ ການຄຸ້ມຄອງວຽກງານ ວັດທະນະທຳ ແລະ ທຸລະກິດການທ່ອງທ່ຽວ ແຂວງໄຊຍະບູລີ,,,,requests,200,raw/la/la_1404/20260921T0426Z__scanned.pdf.headers.json,application/pdf,6b39ddc89070366fd4eaa7dcbe1f3af2562614e91b2ca5704773185aee0888fa,879627,10,,,,corpus LA_corpus_2026-09-21: from LA_ws_2026-09-21; flags no_text_layer,2018-10-22,,,in_force
0.2.0,,la-la1405-001,LA,https://laoofficialgazette.gov.la/kcfinder/upload/files/Sk08.pdf,2026-09-21T01:11:13Z,pdf_scanned,true,raw/la/la_1405/20260921T0111Z__scanned.pdf,ຄຳແນະນຳ ຂອງເຈົ້າແຂວງ ກ່ຽວກັບການຈັດຕັ້ງປະຕິບັດຄຳສັ່ງຂອງທ່ານ ນາຍົກລັດຖະມົນຕີ ວ່າດ້ວຍການເພີ່ມທະວີຄວາມເອົາໃຈໃສ່ຕໍ່ວຽກງານທະບຽນສານ,,,,requests,200,raw/la/la_1405/20260921T0111Z__scanned.pdf.headers.json,application/pdf,86a1146d08c41b5ca6d67c978ff3e9cafee6d59d57d572331278d1ff5d9fb12d,847851,3,,,,corpus LA_corpus_2026-09-21: from LA_ws_2026-09-21; flags no_text_layer,2018-10-22,,,in_force
0.2.0,,la-la1407-001,LA,https://laoofficialgazette.gov.la/kcfinder/upload/files/Sk11.pdf,2026-09-21T02:48:47Z,pdf_scanned,true,raw/la/la_1407/20260921T0248Z__scanned.pdf,"ຄຳສັ່ງວ່າດ້ວຍ ການເພີ່ມທະວີຄວາມຮັບຜິດຊອບຂອງການມີສ່ວນຮ່ວມ ໃນການຄຸ້ມຄອງປົກປັກຮັກສາເສັ້ນທາງຫຼວງທຸກປະເພດ ແລະ ເທດສະບານເມືອງ, ຜັງເມືອງຂອງແຂວງເຊກອງ",,,,requests,200,raw/la/la_1407/20260921T0248Z__scanned.pdf.headers.json,application/pdf,02a4dc71ce5327d4759035a1ec086f4128e2f6adf3f7da120c9e135a9ba4ec20,1599101,7,,,,corpus LA_corpus_2026-09-21: from LA_ws_2026-09-21; flags no_text_layer,2018-10-22,,,in_force
0.2.0,,la-la1408-001,LA,https://laoofficialgazette.gov.la/kcfinder/upload/files/cps580.pdf,2026-09-21T04:26:32Z,pdf_scanned,true,raw/la/la_1408/20260921T0426Z__scanned.pdf,ຂໍ້ຕົກລົງວ່າດ້ວຍ ການຈັດຕັ້ງ ແລະ ການເຄື່ອນໄຫວຂອງຫ້ອງວ່າການແຂວງຈຳປາສັກ,,,,requests,200,raw/la/la_1408/20260921T0426Z__scanned.pdf.headers.json,application/pdf,be2c87c29629ddbdb60c48843e23f3f7ec10a744f41daea29c96c86177e69b35,1322889,13,,,,corpus LA_corpus_2026-09-21: from LA_ws_2026-09-21; flags no_text_layer,2018-10-23,,,in_force
0.2.0,,la-la1409-001,LA,https://laoofficialgazette.gov.la/kcfinder/upload/files/xybl1100.pdf,2026-09-21T04:58:19Z,pdf_scanned,true,raw/la/la_1409/20260921T0458Z__scanned.pdf,ຂໍ້ຕົກລົງວ່າດ້ວຍ ການຄຸ້ມຄອງ ພັດທະນາ ແລະ ບໍລິຫານຕົວເມືອງ ໄຊຍະບູລີ,,,,playwright,200,raw/la/la_1409/20260921T0458Z__scanned.pdf.headers.json,application/pdf,1f719c2197c8ea9075a8aab9d06692fcb77374d4aeb57346c799e32182cd3245,1556825,16,,,,corpus LA_corpus_2026-09-21: from LA_ws_2026-09-21; flags no_text_layer,2018-10-26,,,repealed
0.2.0,,la-la1410-001,LA,https://laoofficialgazette.gov.la/kcfinder/upload/files/PN322.pdf,2026-09-21T02:27:18Z,pdf_scanned,true,raw/la/la_1410/20260921T0227Z__scanned.pdf,ດຳລັດວ່າດ້ວຍ ຕາປະທັບ,,,,requests,200,raw/la/la_1410/20260921T0227Z__scanned.pdf.headers.json,application/pdf,8018aa9ecd37c772c494fc75e3625cb50c1e7e296e3df3200691004cc496e7cb,919618,11,,,,corpus LA_corpus_2026-09-21: from LA_ws_2026-09-21; flags no_text_layer,2018-10-29,,,in_force
0.2.0,,la-la1411-001,LA,https://laoofficialgazette.gov.la/kcfinder/upload/files/ຈັດສັນພູມລຳເນົາແລະອາຊີບ.pdf,2026-09-21T01:30:34Z,pdf_scanned,true,raw/la/la_1411/20260921T0130Z__scanned.pdf,ກົດໝາຍວ່າດ້ວຍ ການຈັດສັນພູມລຳເນົາ ແລະ ອາຊີບ,,,,requests,200,raw/la/la_1411/20260921T0130Z__scanned.pdf.headers.json,application/pdf,0a8f1125d5523fb8643c64c567496939255b88644c7ccc2909ce4aaabaec9450,2012464,33,,,,corpus LA_corpus_2026-09-21: from LA_ws_2026-09-21; flags no_text_layer,2018-10-29,,,in_force
0.2.0,,la-la1412-001,LA,https://laoofficialgazette.gov.la/kcfinder/upload/files/ແນວລາວສ້າງຊາດ.pdf,2026-09-21T01:30:27Z,pdf_scanned,true,raw/la/la_1412/20260921T0130Z__scanned.pdf,ກົດໝາຍວ່າດ້ວຍ ແນວລາວສ້າງຊາດ (ສະບັບປັບປຸງ),,,,requests,200,raw/la/la_1412/20260921T0130Z__scanned.pdf.headers.json,application/pdf,7841bbb72541c47a7840f93f029ca36f0feb3a2d107a457e1787ec3a12ac7c9c,1658726,23,,,,corpus LA_corpus_2026-09-21: from LA_ws_2026-09-21; flags no_text_layer,2018-10-29,,,in_force
0.2.0,,la-la1413-001,LA,https://laoofficialgazette.gov.la/kcfinder/upload/files/ປ້າຍ.pdf,2026-09-21T01:41:08Z,pdf_scanned,true,raw/la/la_1413/20260921T0141Z__scanned.pdf,ກົດໝາຍວ່າດ້ວຍ ປ້າຍ,,,,requests,200,raw/la/la_1413/20260921T0141Z__scanned.pdf.headers.json,application/pdf,e0cf9456d97b825e9976424f6cf7431901b53c2e4c2f548f24c452b80311bea1,1375217,19,,,,corpus LA_corpus_2026-09-21: from LA_ws_2026-09-21; flags no_text_layer,2018-10-29,,,repealed
0.2.0,,la-la1415-001,LA,https://laoofficialgazette.gov.la/kcfinder/upload/files/video_2.pdf,2026-09-21T02:51:19Z,pdf_scanned,true,raw/la/la_1415/20260921T0251Z__scanned.pdf,"ຄຳສັ່ງ ຂອງນາຍົກລັດຖະມົນຕີກ່ຽວກັບເອົາໃຈໃສ່ໂຄສະນາເຜີຍແຜ່, ສຶກສາອົບຮົມສ້າງສະຕິເຄົາລົບກົດໝາຍ",,,,requests,200,raw/la/la_1415/20260921T0251Z__scanned.pdf.headers.json,application/pdf,a740d0ee6280071d64ac2b2a550eb6cc5494b8ed3f1265f8856d49062cbec279,566707,3,,,,corpus LA_corpus_2026-09-21: from LA_ws_2026-09-21; flags no_text_layer,2018-03-02,,,in_force
0.2.0,,la-la1416-001,LA,https://laoofficialgazette.gov.la/kcfinder/upload/files/kn3059.pdf,2026-09-21T01:05:59Z,pdf_scanned,true,raw/la/la_1416/20260921T0105Z__scanned.pdf,ຂໍ້ຕົກລົງວ່າດ້ວຍ ລະບຽບການຮັກສາເງິນແຮປະກັນໄພ ແລະ ການຄຸ້ມຄອງຄວາມສາມາດໃນການຊຳລະໜີ້,,,,requests,200,raw/la/la_1416/20260921T0105Z__scanned.pdf.headers.json,application/pdf,74be078f619101047d6e26b51a3fc7e304dd9340f91aa505ccf91d33a58bfd77,708841,5,,,,corpus LA_corpus_2026-09-21: from LA_ws_2026-09-21; flags no_text_layer,2018-11-05,,,repealed
0.2.0,,la-la1418-001,LA,https://laoofficialgazette.gov.la/kcfinder/upload/files/BK778.pdf,2026-09-21T02:48:45Z,pdf_scanned,true,raw/la/la_1418/20260921T0248Z__scanned.pdf,ຄຳສັ່ງວ່າດ້ວຍ ການເພີ່ມທະວີວຽກງານຄຸ້ມຄອງການເຄື່ອນໄຫວ ສາສະໜາ ຢູ່ແຂວງບໍ່ແກ້ວ,,,,requests,200,raw/la/la_1418/20260921T0248Z__scanned.pdf.headers.json,application/pdf,bbe77b731b557b23080bd423885cbb7419cde1298d9c65a68a6c551cf20f3a7c,880898,6,,,,corpus LA_corpus_2026-09-21: from LA_ws_2026-09-21; flags no_text_layer,2018-11-07,,,in_force
0.2.0,,la-la1419-001,LA,https://laoofficialgazette.gov.la/kcfinder/upload/files/ການວາງເງິນຄ້ຳປະກັນ ສຳລັບກິດຈະກຳສຳປະທານ.pdf,2026-09-21T04:26:24Z,pdf_scanned,true,raw/la/la_1419/20260921T0426Z__scanned.pdf,ຂໍ້ຕົກລົງວ່າດ້ວຍ ການວາງເງິນຄໍ້າປະກັນ ສຳລັບກິດຈະການສຳປະທານ,,,,playwright,200,raw/la/la_1419/20260921T0426Z__scanned.pdf.headers.json,application/pdf,ea7deed1e3d26ce5e376207b2e1c8a5f7241896a74e94ae2e6fa692083accf63,805808,5,,,,corpus LA_corpus_2026-09-21: from LA_ws_2026-09-21; flags no_text_layer,2018-11-07,,,in_force
0.2.0,,la-la1420-001,LA,https://laoofficialgazette.gov.la/kcfinder/upload/files/ດຳເນີນຄະດີອາຍາ37.pdf,2026-09-21T00:31:58Z,pdf_scanned,true,raw/la/la_1420/20260921T0031Z__scanned.pdf,ກົດໝາຍວ່າດ້ວຍ ການດຳເນີນຄະດີອາຍາ (ສະບັບປັບປຸງ),,,,requests,200,raw/la/la_1420/20260921T0031Z__scanned.pdf.headers.json,application/pdf,4a8f6805d615d862a038042a807c13c279a27c09852ab76503b4bcd3f71138ca,4271861,110,,,,corpus LA_corpus_2026-09-21: from LA_ws_2026-09-21; flags no_text_layer,2018-11-08,,,in_force
0.2.0,,la-la1421-001,LA,https://laoofficialgazette.gov.la/kcfinder/upload/files/L145.pdf,2026-09-21T01:30:19Z,pdf_scanned,true,raw/la/la_1421/20260921T0130Z__scanned.pdf,ກົດໝາຍວ່າດ້ວຍ ການບິນພົນລະເຮືອນ (ສະບັບປັບປຸງ),,,,playwright,200,raw/la/la_1421/20260921T0130Z__scanned.pdf.headers.json,application/pdf,7bbc105c96bb8435557a0012f3e601ef3968d37c6720100f1059af96d7de6528,2229243,55,,,,corpus LA_corpus_2026-09-21: from LA_ws_2026-09-21; flags no_text_layer,2018-11-08,,,in_force
0.2.0,,la-la1423-001,LA,https://laoofficialgazette.gov.la/kcfinder/upload/files/148ແກ້ໄຂຂໍ້ຂັດແຍ່ງ.pdf,2026-09-21T01:30:11Z,pdf_scanned,true,raw/la/la_1423/20260921T0130Z__scanned.pdf,ກົດໝາຍວ່າດ້ວຍ ການແກ້ໄຂຂໍ້ຂັດແຍ່ງທາງດ້ານເສດຖະກິດ (ສະບັບປັບປຸງ),,,,requests,200,raw/la/la_1423/20260921T0130Z__scanned.pdf.headers.json,application/pdf,60e701f9b7fd2bcd4873a205968d3073dfd5819903eff4cad5d2ff8eff3008dd,1755750,28,,,,corpus LA_corpus_2026-09-21: from LA_ws_2026-09-21; flags no_text_layer,2018-11-20,,,in_force
0.2.0,,la-la1424-001,LA,https://laoofficialgazette.gov.la/kcfinder/upload/files/146ນຫລ.pdf,2026-09-21T04:26:16Z,pdf_scanned,true,raw/la/la_1424/20260921T0426Z__scanned.pdf,ຂໍ້ຕົກລົງວ່າດ້ວຍ ການຮັບຮອງເອົາຫົວໜ່ວຍລາຄາທົດແທນຜົນກະທົບ ຈາກໂຄງການກໍ່ສ້າງສາຍສົ່ງໄຟຟ້າແຮງສູງ 115 ກວ ສະຖານີໄຟຟ້ານາໄຫ ຫາ ສະຖານີໄຟຟ້າດົງໂພສີ ນະຄອນຫຼວງວຽງຈັນ,,,,requests,200,raw/la/la_1424/20260921T0426Z__scanned.pdf.headers.json,application/pdf,bb438d11a510f16e650aa025ee6c13a027154554a960d074d13cb3c41d5d4cd0,739081,4,,,,corpus LA_corpus_2026-09-21: from LA_ws_2026-09-21; flags no_text_layer,2018-11-21,,,in_force
0.2.0,,la-la1425-001,LA,https://laoofficialgazette.gov.la/kcfinder/upload/files/ຂໍ້ຕົກລົງການໂຮມບ້ານ.pdf,2026-09-21T04:26:07Z,pdf_scanned,true,raw/la/la_1425/20260921T0426Z__scanned.pdf,ຂໍ້ຕົກລົງວ່າດ້ວຍ ການໂຮມບ້ານດາກປາດຸກ ກັບ ບ້ານດາກເບນ ເປັນບ້ານປາດຸກໃໝ່,,,,requests,200,raw/la/la_1425/20260921T0426Z__scanned.pdf.headers.json,application/pdf,59dc834e904b361764cd81bf1980b401ca8f88e38a8174e97c201402974aca07,257240,1,,,,corpus LA_corpus_2026-09-21: from LA_ws_2026-09-21; flags no_text_layer,2018-11-22,,,in_force
0.2.0,,la-la1426-001,LA,https://laoofficialgazette.gov.la/kcfinder/upload/files/xybl1169.pdf,2026-09-21T04:25:59Z,pdf_scanned,true,raw/la/la_1426/20260921T0425Z__scanned.pdf,ຂໍ້ຕົກລົງວ່າດ້ວຍ ການສ້າງຕັ້ງ ແລະ ຄຸ້ມຄອງ ກອງທຶນພັດທະນາຂັ້ນບ້ານ,,,,requests,200,raw/la/la_1426/20260921T0425Z__scanned.pdf.headers.json,application/pdf,ed29b26642d160ffe396288beb7a797146edd20e5b990db572d1371912cb2492,620572,10,,,,corpus LA_corpus_2026-09-21: from LA_ws_2026-09-21; flags no_text_layer,2018-11-23,,,in_force
0.2.0,,la-la1427-001,LA,https://laoofficialgazette.gov.la/kcfinder/upload/files/svnk0603.pdf,2026-09-21T04:25:52Z,pdf_scanned,true,raw/la/la_1427/20260921T0425Z__scanned.pdf,"ຂໍ້ຕົກລົງວ່າດ້ວຍ ການອະນຸລັກ, ​ຄຸ້ມຄອງ ແລະ ບໍລິການເຂດຕົວເມືອງເກົ່າ ເທສະບານເມືອງໄກສອນພົມວິຫານ",,,,requests,200,raw/la/la_1427/20260921T0425Z__scanned.pdf.headers.json,application/pdf,4071e4bc366784adb27a2409325ba46e9c4ae256454d55ff8c0d1476340b4dfb,956594,11,,,,corpus LA_corpus_2026-09-21: from LA_ws_2026-09-21; flags no_text_layer,2018-11-26,,,in_force
0.2.0,,la-la1429-001,LA,https://laoofficialgazette.gov.la/kcfinder/upload/files/ຄຳສັ່ງຈົດທະບຽນເຂົ້າລະບົບອາກອນ.pdf,2026-09-21T00:43:20Z,pdf_scanned,true,raw/la/la_1429/20260921T0043Z__scanned.pdf,ຄຳສັ່ງແນະນຳ ການຈົດທະບຽນເຂົ້າໃນລະບົບອາກອນມູນຄ່າເພີ່ມ,,,,requests,200,raw/la/la_1429/20260921T0043Z__scanned.pdf.headers.json,application/pdf,e5d557b11eb34d9346f198f5a9f4a825eae64d4dc35f38d7cb08edfd61b7b897,584185,3,,,,corpus LA_corpus_2026-09-21: from LA_ws_2026-09-21; flags no_text_layer,2018-11-30,,,in_force
0.2.0,,la-la1430-001,LA,https://laoofficialgazette.gov.la/kcfinder/upload/files/ຄຳສັ່ງກວດກາເຄື່ອງກົນຈັກ.pdf,2026-09-21T02:48:30Z,pdf_scanned,true,raw/la/la_1430/20260921T0248Z__scanned.pdf,"ຄຳສັ່ງວ່າດ້ວຍ ການກວດກາເຄື່ອງກົນຈັກ, ພາຫະນະ ທີ່ນຳເຂົ້າໃນລະບອບຍົກເວັ້ນ, ງົດເກັບ ຫຼື ເສຍພາສີຫຼຸດຜ່ອນ ແລະ ບັນດາພາຫະນະທຸກປະເພດ ທີ່ນຳເຂົ້າບໍ່ຖືກຕ້ອງ",,,,requests,200,raw/la/la_1430/20260921T0248Z__scanned.pdf.headers.json,application/pdf,9410cf68588eaa9855cc1f0c141e4ac1aaa0708d1647524bf4c844404c224ae8,533808,2,,,,corpus LA_corpus_2026-09-21: from LA_ws_2026-09-21; flags no_text_layer,2018-11-30,,,in_force
0.2.0,,la-la1431-001,LA,https://laoofficialgazette.gov.la/kcfinder/upload/files/ຄຳແນະນຳເຊື່ອມຊຶມດຳລັດ348.pdf,2026-09-21T05:18:45Z,pdf_scanned,true,raw/la/la_1431/20260921T0518Z__scanned.pdf,ຄຳແນະນຳ ກ່ຽວກັບການເຜີຍແຜ່ ເຊື່ອມຊຶມ ດຳລັດເລກທີ 348/ບລ ວ່າດ້ວຍມາດຕະຖານພົ້ນທຸກ ແລະ ມາດຕະຖານພັດທະນາ,,,,requests,200,raw/la/la_1431/20260921T0518Z__scanned.pdf.headers.json,application/pdf,7d014d7d43f0b42bb4286cfac8473898a2a9f82523dc9cf8710f4f9fd28e48ff,536574,2,,,,corpus LA_corpus_2026-09-21: from LA_ws_2026-09-21; flags no_text_layer,2018-11-30,,,in_force
0.2.0,,la-la1433-001,LA,https://laoofficialgazette.gov.la/kcfinder/upload/files/ກົດໝາຍອາກອນມູນຄ່າເພີ່ມ.pdf,2026-09-21T01:41:01Z,pdf_scanned,true,raw/la/la_1433/20260921T0141Z__scanned.pdf,ກົດໝາຍວ່າດ້ວຍ ອາກອນມູນຄ່າເພີ່ມ (ສະບັບປັບປຸງ),,,,requests,200,raw/la/la_1433/20260921T0141Z__scanned.pdf.headers.json,application/pdf,6d3275f8bd25f18b9ebb903025e78bc7f8d19eac42af88a7b9e9fd09d971c8cf,1478876,28,,,,corpus LA_corpus_2026-09-21: from LA_ws_2026-09-21; flags no_text_layer,2018-12-04,,,repealed
0.2.0,,la-la1436-001,LA,https://laoofficialgazette.gov.la/kcfinder/upload/files/ໄມ້ທີ່ຖືກຕ້ອງຕາມກົດໝາຍ.pdf,2026-09-21T05:18:25Z,pdf_scanned,true,raw/la/la_1436/20260921T0518Z__scanned.pdf,ຄຳແນະນຳ ກ່ຽວກັບ ການສ້າງ ລະບົບຄ້ຳປະກັນ ໄມ້ທີ່ຖືກຕ້ອງຕາມກົດໝາຍ,,,,requests,200,raw/la/la_1436/20260921T0518Z__scanned.pdf.headers.json,application/pdf,7190f109cf4e1d00afa219272f506e78865a648afb6c96b8e5de3689c3c70e12,523814,3,,,,corpus LA_corpus_2026-09-21: from LA_ws_2026-09-21; flags no_text_layer,2018-12-17,,,in_force
0.2.0,,la-la1437-001,LA,https://laoofficialgazette.gov.la/kcfinder/upload/files/4000ກງ.pdf,2026-09-21T04:58:14Z,pdf_scanned,true,raw/la/la_1437/20260921T0458Z__scanned.pdf,ຂໍ້ຕົກລົງວ່າດ້ວຍ ກຳນົດໝາຍການໃຊ້ຈ່າຍງົບປະມານຂອງລັດ,,,,requests,200,raw/la/la_1437/20260921T0458Z__scanned.pdf.headers.json,application/pdf,e97124f380087d8557a3c9afb198278055a8adc93fd9b79f7f2982015537603a,1093363,17,,,,corpus LA_corpus_2026-09-21: from LA_ws_2026-09-21; flags no_text_layer,2018-12-17,,,repealed
0.2.0,,la-la1438-001,LA,https://laoofficialgazette.gov.la/kcfinder/upload/files/1214ຈຂຈສ.pdf,2026-09-21T04:58:04Z,pdf_scanned,true,raw/la/la_1438/20260921T0458Z__scanned.pdf,"ຂໍ້ຕົກລົງວ່າດ້ວຍ ການປະເມີນມູນຄ່າທີ່ດິນ ໃນຂອບເຂດເມືອງຊະນະສົມບູນ, ເມືອງປະທຸມພອນ, ເມືອງຈຳປາສັກ, ເມືອງສຸຂຸມາ, ເມືອງມຸນລະປາໂມກ ແລະ ເມືອງໂຂງ, ແຂວງຈຳປາສັກ",,,,requests,200,raw/la/la_1438/20260921T0458Z__scanned.pdf.headers.json,application/pdf,c95afcc69a31bb680c52f7e5894bc70c34ff20002d703f1166d56b8ee8f34738,627528,16,,,,corpus LA_corpus_2026-09-21: from LA_ws_2026-09-21; flags no_text_layer,2018-12-19,,,repealed
0.2.0,,la-la1439-001,LA,https://laoofficialgazette.gov.la/kcfinder/upload/files/1223ຈຂຈສ.pdf,2026-09-21T04:25:43Z,pdf_scanned,true,raw/la/la_1439/20260921T0425Z__scanned.pdf,"ຂໍ້ຕົກລົງວ່າດ້ວຍ ການເກັບຄ່າທຳນຽມ, ຄ່າບໍລິການ, ຄ່າແບບຟອມ,​ ແບບພິມ ແລະ ກຳນົດວັນ ເວລາ ຮັບເອກະສານ ຂອງໜ່ວຍງານການບໍລິການຜ່ານປະຕູດຽວ ເມືອງໂພນທອງ",,,,requests,200,raw/la/la_1439/20260921T0425Z__scanned.pdf.headers.json,application/pdf,376c8f77019c13694999ede3267436ec02ef9534e14bb76a151ec0c756dadcb9,691213,24,,,,corpus LA_corpus_2026-09-21: from LA_ws_2026-09-21; flags no_text_layer,2018-12-19,,,in_force
0.2.0,,la-la1440-001,LA,https://laoofficialgazette.gov.la/kcfinder/upload/files/1791ອຄ.ກຄພນ.pdf,2026-09-21T02:48:22Z,pdf_scanned,true,raw/la/la_1440/20260921T0248Z__scanned.pdf,ຄຳສັ່ງ ກ່ຽວກັບການຄວບຄຸມຜະລິດຕະພັນຢາສູບ ດ້ວຍການກຳນົດລາຄາຂາຍຍ່ອຍ ແລະ ຂາຍຍົກຕ່ຳສຸດ,,,,requests,200,raw/la/la_1440/20260921T0248Z__scanned.pdf.headers.json,application/pdf,25b69e7bca24098abf097c4b4374bba1662324346fda4dd48cb144f8dbee18e4,346440,2,,,,corpus LA_corpus_2026-09-21: from LA_ws_2026-09-21; flags no_text_layer,2018-12-24,,,in_force
0.2.0,,la-la1441-001,LA,https://laoofficialgazette.gov.la/kcfinder/upload/files/3909ກງ.pdf,2026-09-21T01:11:07Z,pdf_scanned,true,raw/la/la_1441/20260921T0111Z__scanned.pdf,ຄຳແນະນຳເພີ່ມເຕີມ ກ່ຽວກັບການແຈ້ງ ແລະ ຊຳລະພາສີທີ່ດິນຜ່ານລະບົບທະນາຄານ,,,,requests,200,raw/la/la_1441/20260921T0111Z__scanned.pdf.headers.json,application/pdf,2130023fc1fb2e70633ad18bdf0f5e513b98aea37340dabefe7dad807ce8701c,968458,10,,,,corpus LA_corpus_2026-09-21: from LA_ws_2026-09-21; flags no_text_layer,2018-12-24,,,in_force
0.2.0,,la-la1442-001,LA,https://laoofficialgazette.gov.la/kcfinder/upload/files/Law54ສພຊ.pdf,2026-09-21T01:30:03Z,pdf_scanned,true,raw/la/la_1442/20260921T0130Z__scanned.pdf,ກົດໝາຍວ່າດ້ວຍ ການປະກັນສັງຄົມ (ສະບັບປັບປຸງ),,,,requests,200,raw/la/la_1442/20260921T0130Z__scanned.pdf.headers.json,application/pdf,03031daa1860804878ab92edcb09ea2fa75141ebd09315f91070f6b4e635d2b1,2069802,46,,,,corpus LA_corpus_2026-09-21: from LA_ws_2026-09-21; flags no_text_layer,2018-12-25,,,in_force
0.2.0,,la-la1445-001,LA,https://laoofficialgazette.gov.la/kcfinder/upload/files/4218ກງ.pdf,2026-09-21T05:18:18Z,pdf_scanned,true,raw/la/la_1445/20260921T0518Z__scanned.pdf,ຄຳແນະນຳວ່າດ້ວຍ ການເກັບອາກອນຊົມໃຊ້ຈາກ ຜະລິດຕະພັນເບຍ,,,,requests,200,raw/la/la_1445/20260921T0518Z__scanned.pdf.headers.json,application/pdf,9af14c85dd98d5f17b0b310b5eaae13de44c0bffed808f5042b752597de1564c,662972,5,,,,corpus LA_corpus_2026-09-21: from LA_ws_2026-09-21; flags no_text_layer,2019-01-10,,,in_force
0.2.0,,la-la1446-001,LA,https://laoofficialgazette.gov.la/kcfinder/upload/files/0023ອຄ.ກທຄວ.pdf,2026-09-21T00:58:56Z,pdf_scanned,true,raw/la/la_1446/20260921T0058Z__scanned.pdf,ຂໍ້ຕົກລົງວ່າດ້ວຍ ການຂຶ້ນທະບຽນວິສາຫະກິດ,,,,requests,200,raw/la/la_1446/20260921T0058Z__scanned.pdf.headers.json,application/pdf,748c4e044b84015f04e3d41b38f763e8f559164f907e306a44381363f5040cf7,821446,13,,,,corpus LA_corpus_2026-09-21: from LA_ws_2026-09-21; flags no_text_layer,2019-01-14,,,in_force
0.2.0,,la-la1448-001,LA,https://laoofficialgazette.gov.la/kcfinder/upload/files/419ອກລ.pdf,2026-09-21T05:18:09Z,pdf_scanned,true,raw/la/la_1448/20260921T0518Z__scanned.pdf,ຄຳແນະນຳວ່າດ້ວຍ ການຈັດຕັ້ງປະຕິບັດກົດໝາຍ ວ່າດ້ວຍການກວດກາລັດ (ສະບັບປັບປຸງ),,,,requests,200,raw/la/la_1448/20260921T0518Z__scanned.pdf.headers.json,application/pdf,3c98946e9cbfcfee6e5d197f886296a72aa1fce7b8a12024d7362387f9c9285b,511166,8,,,,corpus LA_corpus_2026-09-21: from LA_ws_2026-09-21; flags no_text_layer,2019-01-21,,,in_force
0.2.0,,la-la1450-001,LA,"https://laoofficialgazette.gov.la/kcfinder/upload/files/0045ອຄ,ກທຄວ.pdf",2026-09-21T05:18:01Z,pdf_scanned,true,raw/la/la_1450/20260921T0518Z__scanned.pdf,ຄຳແນະນຳ ກ່ຽວກັບການອອກອະນຸຍາດດຳເນີນທຸລະກິດ ໃນກິດຈະການອຸດສາຫະກຳ ແລະ ການຄ້າ,,,,requests,200,raw/la/la_1450/20260921T0518Z__scanned.pdf.headers.json,application/pdf,3ff26c88a99c024b54c4ada70d05ad5b4c7f67e4cbb573f5f200fc88a598f886,376627,4,,,,corpus LA_corpus_2026-09-21: from LA_ws_2026-09-21; flags no_text_layer,2019-01-21,,,in_force
0.2.0,,la-la1451-001,LA,"https://laoofficialgazette.gov.la/kcfinder/upload/files/0044ອຄ,ກທຄວ.pdf",2026-09-21T04:25:36Z,pdf_scanned,true,raw/la/la_1451/20260921T0425Z__scanned.pdf,ຂໍ້ຕົກລົງວ່າດ້ວຍ ຮັບຮອງກິດຈະການ ອຸດສາຫະກຳ ແລະ ການຄ້າ ທີ່ຕ້ອງອອກໃບອະນຸຍາດດຳເນີນທຸລະກິດ,,,,requests,200,raw/la/la_1451/20260921T0425Z__scanned.pdf.headers.json,application/pdf,be0863618252ac4a404acfce596f7eac8eb00476fdce77d170c82bce83b571fa,434748,10,,,,corpus LA_corpus_2026-09-21: from LA_ws_2026-09-21; flags no_text_layer,2019-01-21,,,in_force
0.2.0,,la-la1452-001,LA,https://laoofficialgazette.gov.la/kcfinder/upload/files/20ພນ.pdf,2026-09-21T01:13:12Z,pdf_scanned,true,raw/la/la_1452/20260921T0113Z__scanned.pdf,ຄຳແນະນຳ ກ່ຽວກັບການຈັດຕັ້ງປະຕິບັດ ກົດໝາຍ ວ່າດ້ວຍທະບຽນຄອບຄົວ ທີ່ຢູ່ໃນຄວາມຮັບຜິດຊອບຂອງຂະແໜງການພາຍໃນ,,,,requests,200,raw/la/la_1452/20260921T0113Z__scanned.pdf.headers.json,application/pdf,76b8ec02492e59f6c4882e642bc548f4a8c34ddacef1afacc62aed8601694a96,416131,6,,,,corpus LA_corpus_2026-09-21: from LA_ws_2026-09-21; flags no_text_layer,2019-01-31,,,repealed
0.2.0,,la-la1453-001,LA,https://laoofficialgazette.gov.la/kcfinder/upload/files/0204ກງ.pdf,2026-09-21T04:25:31Z,pdf_scanned,true,raw/la/la_1453/20260921T0425Z__scanned.pdf,ຂໍ້ຕົກລົງວ່າດ້ວຍ ການອະນຸມັດນຳໃຊ້ລະບົບແຈ້ງພາສີປະຕູດຽວ,,,,requests,200,raw/la/la_1453/20260921T0425Z__scanned.pdf.headers.json,application/pdf,041270b05720ad22d362ddfe37f4cfc8358b23d3add1779b5038297ae0457dc4,410181,1,,,,corpus LA_corpus_2026-09-21: from LA_ws_2026-09-21; flags no_text_layer,2019-02-05,,,in_force
0.2.0,,la-la1454-001,LA,https://laoofficialgazette.gov.la/kcfinder/upload/files/1323ຈນວ.pdf,2026-09-21T04:25:23Z,pdf_scanned,true,raw/la/la_1454/20260921T0425Z__scanned.pdf,ຂໍ້ຕົກລົງວ່າດ້ວຍ ມາດຕະການຫຼຸດຜ່ອນອຸປະຕິເຫດ ແລະ ການຮັກສາຄວາມປອດໄພຕາມຖະໜົນ ທົ່ວນະຄອນຫຼວງວຽງຈັນ,,,,requests,200,raw/la/la_1454/20260921T0425Z__scanned.pdf.headers.json,application/pdf,7e98f01a6b252fe0cd1944ad9d71b8c26b4356728e2852656c696e81f3fc6cf9,924333,9,,,,corpus LA_corpus_2026-09-21: from LA_ws_2026-09-21; flags no_text_layer,2019-02-11,,,in_force
0.2.0,,la-la1455-001,LA,https://laoofficialgazette.gov.la/kcfinder/upload/files/Family Law1990.pdf,2026-09-21T01:40:51Z,pdf_native,false,raw/la/la_1455/20260921T0140Z__native.pdf,ກົດໝາຍ ຄອບຄົວ,,,,requests,200,raw/la/la_1455/20260921T0140Z__native.pdf.headers.json,application/pdf,0bc607ff96299da04907ada0c7266b25e9b068bb380507099ca1a61e6518dbcc,195986,17,,,,corpus LA_corpus_2026-09-21: from LA_ws_2026-09-21,2019-02-13,,,repealed
0.2.0,,la-la1456-001,LA,https://laoofficialgazette.gov.la/kcfinder/upload/files/17ຈຂອປ.pdf,2026-09-21T02:47:59Z,pdf_scanned,true,raw/la/la_1456/20260921T0247Z__scanned.pdf,ຄຳສັ່ງແນະນຳ ວ່າດ້ວຍມາດຕະການຈັດຕັ້ງປະຕິບັດກ່ຽວກັບ ການຜັນຂະຫຍາຍນະໂຍບາຍສົ່ງເສີມການປູກອ້ອຍເປັນສິນຄ້າ,,,,requests,200,raw/la/la_1456/20260921T0247Z__scanned.pdf.headers.json,application/pdf,193907b4bc25e7fbebe43edd600a6271e4b4032f54b29c5ac1ab801ad4a18407,632086,2,,,,corpus LA_corpus_2026-09-21: from LA_ws_2026-09-21; flags no_text_layer,2019-02-14,,,in_force
0.2.0,,la-la1457-001,LA,https://laoofficialgazette.gov.la/kcfinder/upload/files/19ຈຂອປ.pdf,2026-09-21T02:48:10Z,pdf_scanned,true,raw/la/la_1457/20260921T0248Z__scanned.pdf,ຄຳສັ່ງແນະນຳ ວ່າດ້ວຍການເພີ່ມທະວີ ເອົາໃຈໃສ່ການປະຕິບັດ ດຳລັດ 348/ລບ ແລະ ບົດແນະນຳ ສະບັບເລກທີ 0830/ກປ,,,,requests,200,raw/la/la_1457/20260921T0248Z__scanned.pdf.headers.json,application/pdf,902bc161ad6679129da5dd2f9b2589d1442f2cf478a0fa05f24bbfd5cb59f67c,743450,2,,,,corpus LA_corpus_2026-09-21: from LA_ws_2026-09-21; flags no_text_layer,2019-02-14,,,in_force
0.2.0,,la-la1458-001,LA,https://laoofficialgazette.gov.la/kcfinder/upload/files/18ຈຂອປ.pdf,2026-09-21T02:48:13Z,pdf_scanned,true,raw/la/la_1458/20260921T0248Z__scanned.pdf,ຄຳສັ່ງແນະນຳ ກ່ຽວກັບການປຸກລະດົມເຂົ້າຮ່ວມ ຜະລິດລະດູແລ້ງໃຫ້ເປັນຂະບວນການຢ່າງກວ້າງຂວາງ,,,,requests,200,raw/la/la_1458/20260921T0248Z__scanned.pdf.headers.json,application/pdf,f27d45dc6b713b64b9d2b5f151f6ae7f996a8c694bd71fecc266e39f97eb00c0,581082,2,,,,corpus LA_corpus_2026-09-21: from LA_ws_2026-09-21; flags no_text_layer,2019-02-14,,,in_force
0.2.0,,la-la1459-001,LA,https://laoofficialgazette.gov.la/kcfinder/upload/files/212019ລບ.pdf,2026-09-21T02:36:36Z,pdf_scanned,true,raw/la/la_1459/20260921T0236Z__scanned.pdf,ດຳລັດວ່າດ້ວຍ ການປະເມີນຜົນກະທົບຕໍ່ສິ່ງແວດລ້ອມ,,,,requests,200,raw/la/la_1459/20260921T0236Z__scanned.pdf.headers.json,application/pdf,940911c9a9a978ed48fb3aedf21eee960de83599a5972f7999fccb8293efabf4,1979506,33,,,,corpus LA_corpus_2026-09-21: from LA_ws_2026-09-21; flags no_text_layer,2019-02-14,,,repealed
0.2.0,,la-la1460-001,LA,https://laoofficialgazette.gov.la/kcfinder/upload/files/0477ກງ2019.pdf,2026-09-21T05:17:54Z,pdf_scanned,true,raw/la/la_1460/20260921T0517Z__scanned.pdf,ຄຳແນະນຳ ກ່ຽວກັບການຈັດຕັ້ງປະຕິບັດ ກົດໝາຍວ່າດ້ວຍ ການຈັດຊື້-ຈັດຈ້າງດ້ວຍທຶນຂອງລັດ,,,,requests,200,raw/la/la_1460/20260921T0517Z__scanned.pdf.headers.json,application/pdf,e648de0dff7c06e822a1e180e348b6064bbfb7b831b28b4d61d58f3d9c559663,1624515,26,,,,corpus LA_corpus_2026-09-21: from LA_ws_2026-09-21; flags no_text_layer,2019-02-22,,,in_force
0.2.0,,la-la1461-001,LA,https://laoofficialgazette.gov.la/kcfinder/upload/files/62ສປສສ2019.pdf,2026-09-21T05:17:46Z,pdf_scanned,true,raw/la/la_1461/20260921T0517Z__scanned.pdf,ຄຳແນະນຳ ຂອງປະທານສານປະຊາຊົນສູງສຸດ ວ່າດ້ວຍການພິຈາລະນາຂອງສານປະຊາຊົນ ຕໍ່ຜົນຂອງການແກ້ໄຂຂໍ້ຂັດແຍ່ງທາງດ້ານເສດຖະກິດ,,,,requests,200,raw/la/la_1461/20260921T0517Z__scanned.pdf.headers.json,application/pdf,497d6c7c00a1eadb8e89375b7948e467d333f5add1ab9061bf6577b967a2f702,558088,8,,,,corpus LA_corpus_2026-09-21: from LA_ws_2026-09-21; flags no_text_layer,2019-02-25,,,in_force
0.2.0,,la-la1462-001,LA,https://laoofficialgazette.gov.la/kcfinder/upload/files/22ລບ2019.pdf,2026-09-21T00:40:34Z,pdf_scanned,true,raw/la/la_1462/20260921T0040Z__scanned.pdf,ດຳລັດວ່າດ້ວຍ ຄວາມປອດໄພ ແລະ ສຸຂະພາບແຮງງານ,,,,requests,200,raw/la/la_1462/20260921T0040Z__scanned.pdf.headers.json,application/pdf,efc5a68487fc63d0da236537177565fe73cdecaf5ae7474f462cf27e0c29ecef,1306099,22,,,,corpus LA_corpus_2026-09-21: from LA_ws_2026-09-21; flags no_text_layer,2019-02-25,,,in_force
0.2.0,,la-la1463-001,LA,https://laoofficialgazette.gov.la/kcfinder/upload/files/2937ຈຂສຂ.pdf,2026-09-21T04:25:20Z,pdf_scanned,true,raw/la/la_1463/20260921T0425Z__scanned.pdf,ຂໍ້ຕົກລົງວ່າດ້ວຍ ການຄຸ້ມຄອງການປຸກສ້າງພາຍໃນ ແຂວງສະຫວັນນະເຂດ,,,,requests,200,raw/la/la_1463/20260921T0425Z__scanned.pdf.headers.json,application/pdf,91ebdc92bd169fa56ee60607b8eaf9adafc28625608dc2ac4de738b110a9cda4,1249304,18,,,,corpus LA_corpus_2026-09-21: from LA_ws_2026-09-21; flags no_text_layer,2019-02-26,,,in_force
0.2.0,,la-la1465-001,LA,https://laoofficialgazette.gov.la/kcfinder/upload/files/0488ຈນວ2019.pdf,2026-09-21T04:25:07Z,pdf_scanned,true,raw/la/la_1465/20260921T0425Z__scanned.pdf,ຂໍ້ຕົກລົງວ່າດ້ວຍ ການຈັດຕັ້ງ ແລະ ເຄື່ອນໄຫວ ຂອງຫ້ອງວ່າການນະຄອນຫຼວງວຽງຈັນ,,,,requests,200,raw/la/la_1465/20260921T0425Z__scanned.pdf.headers.json,application/pdf,a1eddb92f0cbbe15f531964c75affd86948a1e440928555c2cb91f1e11ee66ab,831079,8,,,,corpus LA_corpus_2026-09-21: from LA_ws_2026-09-21; flags no_text_layer,2019-02-27,,,in_force
0.2.0,,la-la1466-001,LA,https://laoofficialgazette.gov.la/kcfinder/upload/files/52ລບ2019.pdf,2026-09-21T02:36:24Z,pdf_scanned,true,raw/la/la_1466/20260921T0236Z__scanned.pdf,ດຳລັດວ່າດ້ວຍ ການປັບໄໝ ແລະ ນຳໃຊ້ມາດຕະການອື່ນ ຕໍ່ການລະເມີດກົດໝາຍ ແລະ ລະບຽບການ ກ່ຽວກັບການຄວບຄຸມຢາສູບ,,,,requests,200,raw/la/la_1466/20260921T0236Z__scanned.pdf.headers.json,application/pdf,9bbaaa1957c0386e4d3cf084e0c10f444b83fe513cd6bb9c0bd8d81ffe6ca341,671837,7,,,,corpus LA_corpus_2026-09-21: from LA_ws_2026-09-21; flags no_text_layer,2019-03-01,,,repealed
0.2.0,,la-la1467-001,LA,https://laoofficialgazette.gov.la/kcfinder/upload/files/0188ກປ2019.pdf,2026-09-21T04:25:00Z,pdf_scanned,true,raw/la/la_1467/20260921T0425Z__scanned.pdf,"ຂໍ້ຕົກລົງວ່າດ້ວຍ ການສ້າງ ແລະ ຄຸ້ມຄອງ ສວນສັດ, ຟາມສັດປ່າ, ສູນຟື້ນຟູ ແລະ ຂະຫຍາຍພັນ ສັດປ່າ ແລະ ສວນພືດປ່າ",,,,requests,200,raw/la/la_1467/20260921T0425Z__scanned.pdf.headers.json,application/pdf,84696bf85a4aefca5e94c5f64995dc7fabea7ebd078b111402feceac8a2ab8c7,1084763,15,,,,corpus LA_corpus_2026-09-21: from LA_ws_2026-09-21; flags no_text_layer,2019-03-04,,,in_force
0.2.0,,la-la1468-001,LA,https://laoofficialgazette.gov.la/kcfinder/upload/files/0238ກປ2019.pdf,2026-09-21T04:24:50Z,pdf_scanned,true,raw/la/la_1468/20260921T0424Z__scanned.pdf,ຂໍ້ຕົກລົງວ່າດ້ວຍ ການຄຸ້ມຄອງການດຳເນີນທຸລະກິດຢາປາບສັດຕູພືດ,,,,requests,200,raw/la/la_1468/20260921T0424Z__scanned.pdf.headers.json,application/pdf,38fe0846669fffa93d93ab89f60071b4aef9d0ba9eba2af1e358a7974b994f02,1272899,22,,,,corpus LA_corpus_2026-09-21: from LA_ws_2026-09-21; flags no_text_layer,2019-03-04,,,in_force
0.2.0,,la-la1469-001,LA,https://laoofficialgazette.gov.la/kcfinder/upload/files/1318ຈນວ2019.pdf,2026-09-21T04:24:40Z,pdf_scanned,true,raw/la/la_1469/20260921T0424Z__scanned.pdf,ຂໍ້ຕົກລົງວ່າດ້ວຍ ເປົ້າໝາຍສ້າງນະຄອນຫຼວງວຽງຈັນສະຫງົບສຸກ ໃນໄລຍະໃໝ່ (ສ. ສະຫງົບສຸກ),,,,requests,200,raw/la/la_1469/20260921T0424Z__scanned.pdf.headers.json,application/pdf,39334f20d0ff4e6b05c5564073c226b5f1f16c99dc695f2a9d8a4f642ac780bf,679605,14,,,,corpus LA_corpus_2026-09-21: from LA_ws_2026-09-21; flags no_text_layer,2019-03-20,,,in_force
0.2.0,,la-la1470-001,LA,https://laoofficialgazette.gov.la/kcfinder/upload/files/36ນຍ2019.pdf,2026-09-21T02:27:09Z,pdf_scanned,true,raw/la/la_1470/20260921T0227Z__scanned.pdf,ດຳລັດ ວ່າດ້ວຍການສ້າງຕັ້ງອຸທິຍານແຫ່ງຊາດ ນາກາຍ-ນ້ຳເທີນ,,,,requests,200,raw/la/la_1470/20260921T0227Z__scanned.pdf.headers.json,application/pdf,b16666a31cf4cf03b48ab71c75f77cbe560e3032b5d659cacd22d7c58c62f28d,760152,3,,,,corpus LA_corpus_2026-09-21: from LA_ws_2026-09-21; flags no_text_layer,2019-03-22,,,in_force
0.2.0,,la-la1471-001,LA,https://laoofficialgazette.gov.la/kcfinder/upload/files/35ນຍ2019.pdf,2026-09-21T02:26:58Z,pdf_scanned,true,raw/la/la_1471/20260921T0226Z__scanned.pdf,ດຳລັດ ວ່າດ້ວຍການສ້າງຕັ້ງອຸທິຍານແຫ່ງຊາດ ນ້ຳແອດ-ພູເລີຍ,,,,requests,200,raw/la/la_1471/20260921T0226Z__scanned.pdf.headers.json,application/pdf,a606e5ec6d0faa44bd607c5df3843b458a04cb1ab565bed39f22e87f210fcffe,770556,3,,,,corpus LA_corpus_2026-09-21: from LA_ws_2026-09-21; flags no_text_layer,2019-03-22,,,in_force
0.2.0,,la-la1472-001,LA,https://laoofficialgazette.gov.la/kcfinder/upload/files/04ຈຂອປ.pdf,2026-09-21T02:47:53Z,pdf_scanned,true,raw/la/la_1472/20260921T0247Z__scanned.pdf,ຄຳສັງ ວ່າດ້ວຍການຈັດຕັ້ງປະຕິບັດການກັນ ແລະ ຄວບຄຸມພະຍາດໄຂ້ຍຸງລາຍໃນ ທົ່ວແຂວງອັດຕະປື,,,,requests,200,raw/la/la_1472/20260921T0247Z__scanned.pdf.headers.json,application/pdf,cd48cb2ab38a15ff5882b1f2c81f1fc323f752bbfe89a87b768309890cf3d080,519090,2,,,,corpus LA_corpus_2026-09-21: from LA_ws_2026-09-21; flags no_text_layer,2019-03-29,,,in_force
0.2.0,,la-la1473-001,LA,https://laoofficialgazette.gov.la/kcfinder/upload/files/03ຈຂ.ອປ.pdf,2026-09-21T02:47:36Z,pdf_scanned,true,raw/la/la_1473/20260921T0247Z__scanned.pdf,ຄຳສັ່ງແນະນຳ ການມອບຮັບງົບປະມານແຫ່ງລັດເຂົ້າບັນຊີເງິນຝາກຂອງແຂວງ (ບັນຊີ110)ຜ່ານລະບົບທະນາຄານ ໃນຂອບເຂດທົ່ວແຂວງ,,,,requests,200,raw/la/la_1473/20260921T0247Z__scanned.pdf.headers.json,application/pdf,8a3790dd5cca861067ae0d2ed7fecf5d513522db11a5dc13f8d6c54f6cd3b6d3,346130,3,,,,corpus LA_corpus_2026-09-21: from LA_ws_2026-09-21; flags no_text_layer,2019-03-29,,,in_force
0.2.0,,la-la1474-001,LA,https://laoofficialgazette.gov.la/kcfinder/upload/files/02ຈຂອປ.pdf,2026-09-21T02:47:44Z,pdf_scanned,true,raw/la/la_1474/20260921T0247Z__scanned.pdf,"ຄຳສັ່ງແນະນຳ ວ່າດ້ວຍການຍົກຍ້າຍເຮືອນສຳເລັດຮູບຈາກຈຸດບ້ານຕຳມໍຢອດ ໄປຫາຈຸດບ້ານປິນດົງຈຳນວນ 49 ຫຼັງ, ຈາກດົງບາກ 4 ຫຼັງ ແລະ ສັບຊ້ອນຄືນຢູ່ຈຸດບ້ານດອນບົກ",,,,requests,200,raw/la/la_1474/20260921T0247Z__scanned.pdf.headers.json,application/pdf,079750c118078fd5e0acb97ab100d404877b92e4d1d86dfc724b59a65eb882be,276769,1,,,,corpus LA_corpus_2026-09-21: from LA_ws_2026-09-21; flags no_text_layer,2019-03-29,,,in_force
0.2.0,,la-la1475-001,LA,https://laoofficialgazette.gov.la/kcfinder/upload/files/01ຈຂຈສ2019.pdf,2026-09-21T01:10:58Z,pdf_scanned,true,raw/la/la_1475/20260921T0110Z__scanned.pdf,ຄຳແນະນຳວ່າດ້ວຍ ການສ້າງຕັ້ງຕົວແທນຜູ້ອອກແຮງງານ ຫຼື ກຳມະບານຮາກຖານຢູ່ໃນຫົວໜ່ວຍ ວິສາຫະກິດພາກລັດ-ເອກະຊົນ ແລະ ກຸ່ມຜູ້ອອກແຮງງານນອກລະບົບ,,,,requests,200,raw/la/la_1475/20260921T0110Z__scanned.pdf.headers.json,application/pdf,c9069330d77b11a7da62771eb9ee980d07269ded19be32b876ea9359044c2bfc,472246,2,,,,corpus LA_corpus_2026-09-21: from LA_ws_2026-09-21; flags no_text_layer,2019-04-29,,,in_force
0.2.0,,la-la1476-001,LA,https://laoofficialgazette.gov.la/kcfinder/upload/files/157ຈຂຈສ2019.pdf,2026-09-21T04:23:27Z,pdf_scanned,true,raw/la/la_1476/20260921T0423Z__scanned.pdf,"ຂໍ້ຕົກລົງວ່າດ້ວຍ ການເກັບຄ່າທຳນຽມ, ຄ່າບໍລິການ, ຄ່າແບບຟອມ, ແບບພິມ ແລະ ກຳນົດວັນເວລາ ຮັບເອກະສານ ຂອງໜ່ວຍງານການບໍລິການຜ່ານປະຕູດຽວ ເມືອງໂຂງ",,,,requests,200,raw/la/la_1476/20260921T0423Z__scanned.pdf.headers.json,application/pdf,152ed8db92181e227f8b0904070d1d88ebf2b36b637aae98d24ea81ae4d9bdb1,1112069,30,,,,corpus LA_corpus_2026-09-21: from LA_ws_2026-09-21; flags no_text_layer,2019-04-29,,,in_force
0.2.0,,la-la1477-001,LA,https://laoofficialgazette.gov.la/kcfinder/upload/files/285ຈຂຊຍ2019.pdf,2026-09-21T04:24:33Z,pdf_scanned,true,raw/la/la_1477/20260921T0424Z__scanned.pdf,ຂໍ້ຕົກລົງວ່າດ້ວຍ ການຄຸ້ມຄອງ ແລະ ພັດທະນາ ສວນອຸທິຍານພຶກສາສາດ ຜາຊ້າງ-ຜາຂີ້ໝິ້ນ ແຂວງໄຊຍະບູລີ,,,,requests,200,raw/la/la_1477/20260921T0424Z__scanned.pdf.headers.json,application/pdf,a329b44c8b3edf14b4dac2f9ec48a7d374066eee4a1aa68200bf86936c71e110,827566,10,,,,corpus LA_corpus_2026-09-21: from LA_ws_2026-09-21; flags no_text_layer,2019-04-02,,,in_force
0.2.0,,la-la1478-001,LA,https://laoofficialgazette.gov.la/kcfinder/upload/files/286ຈຂຊຍ2019.pdf,2026-09-21T04:57:56Z,pdf_scanned,true,raw/la/la_1478/20260921T0457Z__scanned.pdf,ຂໍ້ຕົກລົງວ່າດ້ວຍ ການສ້າງຕັ້ງກອງທຶນຄວບຄຸມສະກັດກັ້ນ ແລະ ຕ້ານຢາເສບຕິດ,,,,requests,200,raw/la/la_1478/20260921T0457Z__scanned.pdf.headers.json,application/pdf,4ff2d7575ce4ac532c3708af8a3a1111ab89207cdc8acd1f20de1c71fda51b72,645465,10,,,,corpus LA_corpus_2026-09-21: from LA_ws_2026-09-21; flags no_text_layer,2019-04-02,,,repealed
0.2.0,,la-la1479-001,LA,https://laoofficialgazette.gov.la/kcfinder/upload/files/00264ອຄກອຫ2019.pdf,2026-09-21T04:57:48Z,pdf_scanned,true,raw/la/la_1479/20260921T0457Z__scanned.pdf,ຂໍ້ຕົກລົງວ່າດ້ວຍ ການຄຸ້ມຄອງໂຮງງານ,,,,requests,200,raw/la/la_1479/20260921T0457Z__scanned.pdf.headers.json,application/pdf,e5a12032b8d3f640ea55766c579b60bc89c8d7a8d844413466d48e91f1973e53,1257733,19,,,,corpus LA_corpus_2026-09-21: from LA_ws_2026-09-21; flags no_text_layer,2019-04-03,,,repealed
0.2.0,,la-la1480-001,LA,https://laoofficialgazette.gov.la/kcfinder/upload/files/0265ອຄກອຫ2019.pdf,2026-09-21T04:24:18Z,pdf_scanned,true,raw/la/la_1480/20260921T0424Z__scanned.pdf,ຂໍ້ຕົກລົງວ່າດ້ວຍ ການແບ່ງຂັ້ນຄຸ້ມຄອງໂຮງງານອຸດສາຫະກຳປຸງແຕ່ງ ແລະ ຫັດຖະກຳ,,,,requests,200,raw/la/la_1480/20260921T0424Z__scanned.pdf.headers.json,application/pdf,84eabee8cc7bdcfc73f754c10988ebdc722213f5b498bd7076889cbaf7fd5776,614505,4,,,,corpus LA_corpus_2026-09-21: from LA_ws_2026-09-21; flags no_text_layer,2019-04-03,,,in_force
0.2.0,,la-la1481-001,LA,https://laoofficialgazette.gov.la/kcfinder/upload/files/0266ອຄກອຫ2019.pdf,2026-09-21T04:24:10Z,pdf_scanned,true,raw/la/la_1481/20260921T0424Z__scanned.pdf,ຂໍ້ຕົກລົງວ່າດ້ວຍ ມາດຕະຖານໂຮງງານຂ້າສັດ,,,,requests,200,raw/la/la_1481/20260921T0424Z__scanned.pdf.headers.json,application/pdf,85a8b34c1ac43c90f63565831fd444ff4c8a639ac5ce8c65d703a89a39a05fce,703596,8,,,,corpus LA_corpus_2026-09-21: from LA_ws_2026-09-21; flags no_text_layer,2019-04-03,,,in_force
0.2.0,,la-la1482-001,LA,https://laoofficialgazette.gov.la/kcfinder/upload/files/1509ກຊສ2019.pdf,2026-09-21T04:24:03Z,pdf_scanned,true,raw/la/la_1482/20260921T0424Z__scanned.pdf,ຂໍ້ຕົກລົງວ່າດ້ວຍ ການຄຸ້ມຄອງນ້ຳໃຕ້ດິນ,,,,requests,200,raw/la/la_1482/20260921T0424Z__scanned.pdf.headers.json,application/pdf,08a74147b12e99cc74b9af2ae6687132e45f94e67a695eaa03e52ba27046a2e0,885150,14,,,,corpus LA_corpus_2026-09-21: from LA_ws_2026-09-21; flags no_text_layer,2019-04-05,,,in_force
0.2.0,,la-la1483-001,LA,https://laoofficialgazette.gov.la/kcfinder/upload/files/2241ຍທຂ2019.pdf,2026-09-21T04:24:01Z,pdf_scanned,true,raw/la/la_1483/20260921T0424Z__scanned.pdf,ຂໍ້ຕົກລົງວ່າດ້ວຍ ວ່າດ້ວຍການຄຸ້ມຄອງການປຸກສ້າງ,,,,requests,200,raw/la/la_1483/20260921T0424Z__scanned.pdf.headers.json,application/pdf,d3f161df7e9088672fcbab64be2523a418ab5ee937a156a95689d042d46b1365,1018864,14,,,,corpus LA_corpus_2026-09-21: from LA_ws_2026-09-21; flags no_text_layer,2019-04-18,,,in_force
0.2.0,,la-la1484-001,LA,https://laoofficialgazette.gov.la/kcfinder/upload/files/05949ຍທຂ2019.pdf,2026-09-21T05:17:37Z,pdf_scanned,true,raw/la/la_1484/20260921T0517Z__scanned.pdf,ຄຳແນະນຳ ກ່ຽວກັບ ການຈັດຕັ້ງປະຕິບັດລະບຽບການຄຸ້ມຄອງການຂໍອະນຸຍາດດຳເນີນທຸລະກິດໃນຂະແໜງການ ໂຍທາທິການ ແລະ ຂົນສົ່ງ,,,,requests,200,raw/la/la_1484/20260921T0517Z__scanned.pdf.headers.json,application/pdf,ddfc32948f0666fbbd73417084f3664ee5687bcaa3d15ea5c7591ce7d0ddf6cc,831606,11,,,,corpus LA_corpus_2026-09-21: from LA_ws_2026-09-21; flags no_text_layer,2019-04-18,,,in_force
0.2.0,,la-la1485-001,LA,https://laoofficialgazette.gov.la/kcfinder/upload/files/17582ຍທຂ2019.pdf,2026-09-21T04:57:39Z,pdf_scanned,true,raw/la/la_1485/20260921T0457Z__scanned.pdf,ຂໍ້ຕົກລົງວ່າດ້ວຍ ລະບຽບຄຸ້ມຄອງການຂໍອະນຸຍາດດຳເນີນທຸລະກິດໃນຂະແໜງການ ໂຍທາທິການ ແລະ ຂົນສົ່ງ,,,,requests,200,raw/la/la_1485/20260921T0457Z__scanned.pdf.headers.json,application/pdf,cda05714441c6115a00208fa15eb004060b51fd2291d88f0e778448b44c593f9,741959,10,,,,corpus LA_corpus_2026-09-21: from LA_ws_2026-09-21; flags no_text_layer,2019-04-18,,,repealed
0.2.0,,la-la1486-001,LA,https://laoofficialgazette.gov.la/kcfinder/upload/files/946ພນ2019.pdf,2026-09-21T00:58:48Z,pdf_scanned,true,raw/la/la_1486/20260921T0058Z__scanned.pdf,ຂໍ້ຕົກລົງວ່າດ້ວຍ ການນຳໃຊ້ເອກະສານທະບຽນຄອບຄົວ (ສະບັບປັບປຸງ),,,,requests,200,raw/la/la_1486/20260921T0058Z__scanned.pdf.headers.json,application/pdf,e77369be13644c60ed381fe2ba00a1a09846e63b9cc7f8adfe7af93fcfb3fe2f,595648,8,,,,corpus LA_corpus_2026-09-21: from LA_ws_2026-09-21; flags no_text_layer,2019-04-23,,,in_force
0.2.0,,la-la1487-001,LA,https://laoofficialgazette.gov.la/kcfinder/upload/files/29ທຫລ2019.pdf,2026-09-21T00:58:40Z,pdf_scanned,true,raw/la/la_1487/20260921T0058Z__scanned.pdf,ຂໍ້ຕົກລົງ ວ່າດ້ວຍລະບົບການຊຳລະທີ່ສຳຄັນ,,,,requests,200,raw/la/la_1487/20260921T0058Z__scanned.pdf.headers.json,application/pdf,d0dfc4f90ccdaad7adfe606151be80e1dc75ca102b2b1d7b6c2d183812627004,677841,11,,,,corpus LA_corpus_2026-09-21: from LA_ws_2026-09-21; flags no_text_layer,2019-04-25,,,in_force
0.2.0,,la-la1488-001,LA,https://laoofficialgazette.gov.la/kcfinder/upload/files/73ທຫລ2019.pdf,2026-09-21T04:23:43Z,pdf_scanned,true,raw/la/la_1488/20260921T0423Z__scanned.pdf,ຂໍ້ຕົກລົງ ວ່າດ້ວຍມາດຕະຖານການເຂົ້າເຖິງການບໍລິການທາງການເງິນ,,,,requests,200,raw/la/la_1488/20260921T0423Z__scanned.pdf.headers.json,application/pdf,7a7cf59ee9173dc1d9090050be36fa2e2f455d73dc42e8c9fc30a8278829d495,588409,4,,,,corpus LA_corpus_2026-09-21: from LA_ws_2026-09-21; flags no_text_layer,2019-04-25,,,in_force
0.2.0,,la-la1489-001,LA,https://laoofficialgazette.gov.la/kcfinder/upload/files/293ທຫລ2019.pdf,2026-09-21T01:05:54Z,pdf_scanned,true,raw/la/la_1489/20260921T0105Z__scanned.pdf,ຂໍ້ຕົກລົງ ວ່າດ້ວຍລະບົບການຊຳລະທຸລະກຳຍ່ອຍ,,,,requests,200,raw/la/la_1489/20260921T0105Z__scanned.pdf.headers.json,application/pdf,954e8c1447c2c102afce9128928b3b6a5c88733817461c85f06c73f68a5768ac,1088355,20,,,,corpus LA_corpus_2026-09-21: from LA_ws_2026-09-21; flags no_text_layer,2019-04-25,,,repealed
0.2.0,,la-la1490-001,LA,https://laoofficialgazette.gov.la/kcfinder/upload/files/1039ປທສ2019.pdf,2026-09-21T00:58:32Z,pdf_scanned,true,raw/la/la_1490/20260921T0058Z__scanned.pdf,ຂໍ້ຕົກລົງ ວ່າດ້ວຍການອະນຸຍາດດຳເນີນທຸລະກິດບໍລິການໄປສະນີ,,,,requests,200,raw/la/la_1490/20260921T0058Z__scanned.pdf.headers.json,application/pdf,7489ca87502127a3dac770135f8ce320f565f41d03dc81d05dda8a8fabfad63c,1073041,17,,,,corpus LA_corpus_2026-09-21: from LA_ws_2026-09-21; flags no_text_layer,2019-04-26,,,in_force
0.2.0,,la-la1491-001,LA,https://laoofficialgazette.gov.la/kcfinder/upload/files/62ສພຊ2019.pdf,2026-09-21T01:30:01Z,pdf_scanned,true,raw/la/la_1491/20260921T0130Z__scanned.pdf,ກົດໝາຍ ວ່າດ້ວຍການລົດໄຟ,,,,requests,200,raw/la/la_1491/20260921T0130Z__scanned.pdf.headers.json,application/pdf,dcac064495eddfd861da3a5196f9a9a8004c0f0fd12e6e09393bfeb43832a017,2492394,52,,,,corpus LA_corpus_2026-09-21: from LA_ws_2026-09-21; flags no_text_layer,2019-04-26,,,in_force
0.2.0,,la-la1492-001,LA,https://laoofficialgazette.gov.la/kcfinder/upload/files/518ກຍ2019.pdf,2026-09-21T04:23:35Z,pdf_scanned,true,raw/la/la_1492/20260921T0423Z__scanned.pdf,ຂໍ້ຕົກລົງ ວ່າດ້ວຍການຄຸ້ມຄອງການຈັດພິມປຶ້ມກົດໝາຍ ແລະ ນິຕິກຳລຸ່ມກົດໝາຍ,,,,requests,200,raw/la/la_1492/20260921T0423Z__scanned.pdf.headers.json,application/pdf,bc75137098e4cc54fa4cd2087c67807e59f439534e1e259feb0da9dd41f59e4d,537983,5,,,,corpus LA_corpus_2026-09-21: from LA_ws_2026-09-21; flags no_text_layer,2019-04-26,,,in_force
0.2.0,,la-la1493-001,LA,https://laoofficialgazette.gov.la/kcfinder/upload/files/0795ກປ2019.pdf,2026-09-21T04:23:21Z,pdf_scanned,true,raw/la/la_1493/20260921T0423Z__scanned.pdf,"ຂໍ້ຕົກລົງ ວ່າດ້ວຍການນຳເຂົ້າ, ສົ່ງອອກ ແລະ ສົ່ງຜ່ານ ສັດ ແລະ ຜະລິດຕະພັນສັດ",,,,requests,200,raw/la/la_1493/20260921T0423Z__scanned.pdf.headers.json,application/pdf,22aed2def930547c0f6fdbe464f9fece87f0e051ee712accde0f17cdf6c9b9fc,981676,14,,,,corpus LA_corpus_2026-09-21: from LA_ws_2026-09-21; flags no_text_layer,2019-04-30,,,in_force
0.2.0,,la-la1495-001,LA,https://laoofficialgazette.gov.la/kcfinder/upload/files/59ສພຊ2019.pdf,2026-09-21T00:28:33Z,pdf_scanned,true,raw/la/la_1495/20260921T0028Z__scanned.pdf,ກົດໝາຍ ວ່າດ້ວຍລາຍເຊັນເອເລັກໂຕຣນິກ,,both,"P6-I2,P7-I3",requests,200,raw/la/la_1495/20260921T0028Z__scanned.pdf.headers.json,application/pdf,23c8ed54e660fdd23b3c549f3bfbb46ef4ec5525a30386bb029fcc81d231ca83,1721703,26,,,,corpus LA_corpus_2026-09-21: from LA_ws_2026-09-21; flags no_text_layer,2019-05-02,,,in_force
0.2.0,,la-la1496-001,LA,https://laoofficialgazette.gov.la/kcfinder/upload/files/236ຈຂຊຂ2019.pdf,2026-09-21T04:23:12Z,pdf_scanned,true,raw/la/la_1496/20260921T0423Z__scanned.pdf,ຂໍ້ຕົກລົງ ວ່າດ້ວຍການຄຸ້ມຄອງ ແລະ ບໍລິຫານ ທີ່ດິນ ຂອງແຂວງຊຽງຂວາງ,,,,requests,200,raw/la/la_1496/20260921T0423Z__scanned.pdf.headers.json,application/pdf,a9e377fbb3b17908776daa45d58a9a750688276dcd0fe556be974d58266965bd,615271,10,,,,corpus LA_corpus_2026-09-21: from LA_ws_2026-09-21; flags no_text_layer,2019-05-02,,,in_force
0.2.0,,la-la1497-001,LA,https://laoofficialgazette.gov.la/kcfinder/upload/files/57ສພຊ2019.pdf,2026-09-21T01:29:48Z,pdf_scanned,true,raw/la/la_1497/20260921T0129Z__scanned.pdf,ກົດໝາຍ ວ່າດ້ວຍຄົນພິການ,,,,requests,200,raw/la/la_1497/20260921T0129Z__scanned.pdf.headers.json,application/pdf,2ac077baf6f61fbd6961e489d18f7417a60fdd1696b46afe528ff8d4d03b6238,1780653,27,,,,corpus LA_corpus_2026-09-21: from LA_ws_2026-09-21; flags no_text_layer,2019-05-08,,,in_force
0.2.0,,la-la1498-001,LA,https://laoofficialgazette.gov.la/kcfinder/upload/files/168ຈຂຊຂ2016.pdf,2026-09-21T04:23:04Z,pdf_scanned,true,raw/la/la_1498/20260921T0423Z__scanned.pdf,ຂໍ້ຕົກລົງ ວ່າດ້ວຍການສົ່ງເສີມວິສາຫະກິດ ຂະໜາດນ້ອຍ ແລະ ຂະໜາດກາງ ຂອງແຂວງຊຽງຂວາງ,,,,requests,200,raw/la/la_1498/20260921T0423Z__scanned.pdf.headers.json,application/pdf,e8c116b17f248ed9e256c113f48429c0dc08741d458d0bdb526940cfea8b3e68,806983,8,,,,corpus LA_corpus_2026-09-21: from LA_ws_2026-09-21; flags no_text_layer,2019-05-08,,,in_force
0.2.0,,la-la1499-001,LA,https://laoofficialgazette.gov.la/kcfinder/upload/files/60ສພຊ2019.pdf,2026-09-21T01:29:39Z,pdf_scanned,true,raw/la/la_1499/20260921T0129Z__scanned.pdf,ກົດໝາຍ ວ່າດ້ວຍການປະກັນສຸຂະພາບ,,,,requests,200,raw/la/la_1499/20260921T0129Z__scanned.pdf.headers.json,application/pdf,0110ac8cf9bff355c2e4154200b29034924ea74d6ac3fc7588882b6a7783d2d1,1756168,26,,,,corpus LA_corpus_2026-09-21: from LA_ws_2026-09-21; flags no_text_layer,2019-05-10,,,in_force
0.2.0,,la-la1500-001,LA,https://laoofficialgazette.gov.la/kcfinder/upload/files/4182ຮສສ2019.pdf,2026-09-21T01:05:44Z,pdf_scanned,true,raw/la/la_1500/20260921T0105Z__scanned.pdf,ຂໍ້ຕົກລົງ ວ່າດ້ວຍການກຳນົດວຽກທີ່ເປັນອັນຕະລາຍ ທີ່ຫ້າມນຳໃຊ້ແຮງງານໄວໜຸ່ມ,,,,requests,200,raw/la/la_1500/20260921T0105Z__scanned.pdf.headers.json,application/pdf,916f6b858fd4cc222e3a5048109d199faa5c667e06bf54726a5c44d1eb362dc9,481793,4,,,,corpus LA_corpus_2026-09-21: from LA_ws_2026-09-21; flags no_text_layer,2019-05-10,,,repealed
0.2.0,,la-la1501-001,LA,https://laoofficialgazette.gov.la/kcfinder/upload/files/169ຈຂຊຂ2019.pdf,2026-09-21T04:22:55Z,pdf_scanned,true,raw/la/la_1501/20260921T0422Z__scanned.pdf,ຂໍ້ຕົກລົງ ວ່າດ້ວຍການສົ່ງເສີມການລ້ຽງສັດໃຫຍ່ເປັນສິນຄ້າຂອງແຂວງຊຽງຂວາງ,,,,requests,200,raw/la/la_1501/20260921T0422Z__scanned.pdf.headers.json,application/pdf,72690671432b22f134d9af1d521fb2c8741bc194bdcba8eea0d4b2287c19d5cc,1151234,11,,,,corpus LA_corpus_2026-09-21: from LA_ws_2026-09-21; flags no_text_layer,2019-05-13,,,in_force
0.2.0,,la-la1502-001,LA,https://laoofficialgazette.gov.la/kcfinder/upload/files/06ພນ2019.pdf,2026-09-21T05:17:31Z,pdf_scanned,true,raw/la/la_1502/20260921T0517Z__scanned.pdf,ຄຳແນະນຳ ການຈັດຕັ້ງປະຕິບັດດຳລັດວ່າດ້ວຍ ການປະເມີນຜົນການປະຕິບັດວຽກງານ ຂອງພະນັກງານ-ລັດຖະກອນ,,,,playwright,200,raw/la/la_1502/20260921T0517Z__scanned.pdf.headers.json,application/pdf,3374eb8183c236670bad5d9e88bfd6d5858456627efb36c38f58a30237f99cf9,1315444,18,,,,corpus LA_corpus_2026-09-21: from LA_ws_2026-09-21; flags no_text_layer,2019-05-15,,,in_force
0.2.0,,la-la1503-001,LA,https://laoofficialgazette.gov.la/kcfinder/upload/files/0357ຈນວ2019.pdf,2026-09-21T04:22:11Z,pdf_scanned,true,raw/la/la_1503/20260921T0422Z__scanned.pdf,ຂໍ້ຕົກລົງ ວ່າດ້ວຍການກຳນົດຂອບເຂດ ແລະ ປະເມີນຫົວໜ່ວຍລາຄາທົດແທນຄ່າເສຍຫາຍໃຫ້ຜູ້ທີ່ຖືກກະທົບ ຈາກໂຄງການປັບປຸງ ແລະ ສ້ອມແປງທາງຫຼວງແຫ່ງຊາດ ເລກທີ 13 ເໜືອຊ່ວງໄລຍະນະຄອນຫຼວງວຽງຈັນ (ບ້ານໄຊມຸງຄຸນ ຫາ ບ້ານນາດີ),,,,requests,200,raw/la/la_1503/20260921T0422Z__scanned.pdf.headers.json,application/pdf,1062629590517ca5b2f786632b746a002110ae541dec846c0e13285a7508fcc0,717251,5,,,,corpus LA_corpus_2026-09-21: from LA_ws_2026-09-21; flags no_text_layer,2019-05-21,,,in_force
0.2.0,,la-la1506-001,LA,https://laoofficialgazette.gov.la/kcfinder/upload/files/81ຄປຈ2019.pdf,2026-09-21T05:27:37Z,pdf_scanned,true,raw/la/la_1506/20260921T0527Z__scanned.pdf,ມະຕິ ຂອງຄະນະປະຈຳສະພາແຫ່ງຊາດ ວ່າດ້ວຍການຕີຄວາມໝາຍ ມາດຕາ 35 ຂໍ້ 2 ຂີດໜ້າ 4 ຂອງກົດໝາຍວ່າດ້ວຍສ່ວຍສາອາກອນ,,,,requests,200,raw/la/la_1506/20260921T0527Z__scanned.pdf.headers.json,application/pdf,d38f06f0b1925e99d5688093061f7a2e7fc616c22a20149a9271615581ca1657,389684,2,,,,corpus LA_corpus_2026-09-21: from LA_ws_2026-09-21; flags no_text_layer,2019-05-22,,,in_force
0.2.0,,la-la1507-001,LA,https://laoofficialgazette.gov.la/kcfinder/upload/files/07ພນ2019.pdf,2026-09-21T05:17:24Z,pdf_scanned,true,raw/la/la_1507/20260921T0517Z__scanned.pdf,ຄຳແນະນຳ ການຈັດຕັ້ງປະຕິບັດດຳລັດ ວ່າດ້ວຍການຝຶກອົບຮົມ ແລະ ພັດທະນາພະນັກງານ-ລັດຖະກອນ,,,,requests,200,raw/la/la_1507/20260921T0517Z__scanned.pdf.headers.json,application/pdf,67db5c9a31dbc0d6f53065446c7095dafc5315fa8dff706d3253cc73078d792d,892876,12,,,,corpus LA_corpus_2026-09-21: from LA_ws_2026-09-21; flags no_text_layer,2019-05-23,,,in_force
0.2.0,,la-la1508-001,LA,https://laoofficialgazette.gov.la/kcfinder/upload/files/People's Court Law.doc to EOG.pdf,2026-09-21T06:58:20Z,pdf_native,false,raw/la/la_1508/20260921T0658Z__native.pdf,ກົດໝາຍວ່າດ້ວຍ ສານປະຊາຊົນ,,,,requests,200,raw/la/la_1508/20260921T0658Z__native.pdf.headers.json,application/pdf,7332ec8ad14c12ffb0bb12fad66a6264cbe2cf1e4bcc0dd5d2a9cd8a0b847f59,142907,12,,,,corpus LA_corpus_2026-09-21: from LA_ws_2026-09-21_to_2026-09-21_2,2019-05-28,,,ສະບັບເກົ່າ
0.2.0,,la-la1509-001,LA,https://laoofficialgazette.gov.la/kcfinder/upload/files/116ລບ2019.pdf,2026-09-21T00:40:28Z,pdf_scanned,true,raw/la/la_1509/20260921T0040Z__scanned.pdf,ດຳລັດ ວ່າດ້ວຍການແຂ່ງຂັນ ແລະ ຍ້ອງຍໍ,,,,requests,200,raw/la/la_1509/20260921T0040Z__scanned.pdf.headers.json,application/pdf,3bfd436249ca697350ba7d3ff7cbf2b557c2e283560b4460c7e3bca186ee31c4,1020586,21,,,,corpus LA_corpus_2026-09-21: from LA_ws_2026-09-21; flags no_text_layer,2019-05-30,,,in_force
0.2.0,,la-la1510-001,LA,https://laoofficialgazette.gov.la/kcfinder/upload/files/1516ກງ2019.pdf,2026-09-21T05:17:16Z,pdf_scanned,true,raw/la/la_1510/20260921T0517Z__scanned.pdf,ຄຳແນະນຳ ກ່ຽວກັບການຄຸ້ມຄອງ ແລະ ນຳໃຊ້ ເງິນປະກອບສ່ວນ ເພື່ອຊ່ວຍເຫຼືອໄພພິບັດ,,,,requests,200,raw/la/la_1510/20260921T0517Z__scanned.pdf.headers.json,application/pdf,955917bfdedb8c72f4f33f9a5fccbffd0ded5465d4d08c7c07b6a06af32df314,1420410,5,,,,corpus LA_corpus_2026-09-21: from LA_ws_2026-09-21; flags no_text_layer,2019-05-30,,,in_force
0.2.0,,la-la1511-001,LA,https://laoofficialgazette.gov.la/kcfinder/upload/files/60ຈຂຊກ2019.pdf,2026-09-21T04:22:03Z,pdf_scanned,true,raw/la/la_1511/20260921T0422Z__scanned.pdf,"ຂໍ້ຕົກລົງ ວ່າດ້ວຍການກຳນົດ ປະເມີນລາຄາທີ່ດິນ ໃນຂອບເຂດ ເມືອງລະມາມ, ເມືອງທ່າແຕງ ແຂວງເຊກອງ",,,,requests,200,raw/la/la_1511/20260921T0422Z__scanned.pdf.headers.json,application/pdf,2c719e2612ffa3b1c1e38ae34ccd9dc60096285c7cbd1004aff2cd9396f0a6bf,715396,11,,,,corpus LA_corpus_2026-09-21: from LA_ws_2026-09-21; flags no_text_layer,2019-05-30,,,in_force
0.2.0,,la-la1512-001,LA,https://laoofficialgazette.gov.la/kcfinder/upload/files/01ທຫລ2019.pdf,2026-09-21T05:17:14Z,pdf_scanned,true,raw/la/la_1512/20260921T0517Z__scanned.pdf,ຄຳແນະນຳການຈັດຕັ້ງປະຕິບັດດຳລັດວ່າດ້ວຍແຊັກ,,,,requests,200,raw/la/la_1512/20260921T0517Z__scanned.pdf.headers.json,application/pdf,cf5f24fe57512f8e28f430e0c8b48b69712fc5a7cab05c5dc65ae5db4f906191,2345463,11,,,,corpus LA_corpus_2026-09-21: from LA_ws_2026-09-21; flags no_text_layer,2019-06-05,,,in_force
0.2.0,,la-la1513-001,LA,https://laoofficialgazette.gov.la/kcfinder/upload/files/672ຈຂຈສ2019.pdf,2026-09-21T04:21:57Z,pdf_scanned,true,raw/la/la_1513/20260921T0421Z__scanned.pdf,ຂໍ້ຕົກລົງ ວ່າດ້ວຍການທົດແທນຄ່າເສຍຫາຍ ແລະ ການຈັດສັນ-ຍົກຍ້າຍປະຊາຊົນ ທີ່ຖືກໂຄງການພັດທະນາຂອງລັດ ແລະ ເອກະຊົນ,,,,requests,200,raw/la/la_1513/20260921T0421Z__scanned.pdf.headers.json,application/pdf,0edef52a2fb1d55cb7c9bd9622354d7bd780d6d615674ba5eaff855f9dc5be57,1168830,17,,,,corpus LA_corpus_2026-09-21: from LA_ws_2026-09-21; flags no_text_layer,2019-06-06,,,in_force
0.2.0,,la-la1514-001,LA,https://laoofficialgazette.gov.la/kcfinder/upload/files/56ສພຊ2019.pdf,2026-09-21T00:33:05Z,pdf_scanned,true,raw/la/la_1514/20260921T0033Z__scanned.pdf,ກົດໝາຍ ວ່າດ້ວຍທະນາຄານທຸລະກິດ (ສະບັບປັບປຸງ),,,,requests,200,raw/la/la_1514/20260921T0033Z__scanned.pdf.headers.json,application/pdf,c54c6e86f5d5959ab3db008b41fa93a98adc6ec3c31b08fab7ab99661c25862e,2128978,42,,,,corpus LA_corpus_2026-09-21: from LA_ws_2026-09-21; flags no_text_layer,2019-06-07,,,repealed
0.2.0,,la-la1515-001,LA,https://laoofficialgazette.gov.la/kcfinder/upload/files/708ຈຂຈສ2019.pdf,2026-09-21T04:21:50Z,pdf_scanned,true,raw/la/la_1515/20260921T0421Z__scanned.pdf,ຂໍ້ຕົກລົງ ວ່າດ້ວຍການຄຸ້ມຄອງ ແລະ ພັດທະນາທີ່ດິນປ່າໄມ້ ທົ່ວແຂວງ,,,,requests,200,raw/la/la_1515/20260921T0421Z__scanned.pdf.headers.json,application/pdf,4d1cb77c129d6b898a4d931a650d60e563d8378d818c4a4074bb3265265e6ed2,1225246,21,,,,corpus LA_corpus_2026-09-21: from LA_ws_2026-09-21; flags no_text_layer,2019-06-07,,,in_force
0.2.0,,la-la1516-001,LA,https://laoofficialgazette.gov.la/kcfinder/upload/files/0623ອຄກຂອ2019.pdf,2026-09-21T04:21:40Z,pdf_scanned,true,raw/la/la_1516/20260921T0421Z__scanned.pdf,ຂໍ້ຕົກລົງ ວ່າດ້ວຍສິດທາງການຄ້າຂອງຜູ້ຄ້າຕ່າງປະເທດ,,,,requests,200,raw/la/la_1516/20260921T0421Z__scanned.pdf.headers.json,application/pdf,b2498becb294a3708f5a7481066f7c8057b99df7e9af76bd3675e4a960fac977,598986,6,,,,corpus LA_corpus_2026-09-21: from LA_ws_2026-09-21; flags no_text_layer,2019-06-12,,,in_force
0.2.0,,la-la1519-001,LA,https://laoofficialgazette.gov.la/kcfinder/upload/files/58ສພຊ2019.pdf,2026-09-21T01:29:33Z,pdf_scanned,true,raw/la/la_1519/20260921T0129Z__scanned.pdf,ກົດໝາຍ ວ່າດ້ວຍສຳນັກງານຜູ້ຕາງໜ້າ ແຫ່ງ ສາທາລະນະລັດ ປະຊາທິປະໄຕ ປະຊາຊົນລາວ ປະຈຳຢູ່ຕ່າງປະເທດ,,,,requests,200,raw/la/la_1519/20260921T0129Z__scanned.pdf.headers.json,application/pdf,cf4cbeca1f58ecd265437993ef24b75c6e5c085a1c3f5ffbe27ac1479ec9bb3e,1885008,27,,,,corpus LA_corpus_2026-09-21: from LA_ws_2026-09-21; flags no_text_layer,2019-06-19,,,in_force
0.2.0,,la-la1520-001,LA,https://laoofficialgazette.gov.la/kcfinder/upload/files/13877ຍທຂ2019.pdf,2026-09-21T04:21:35Z,pdf_scanned,true,raw/la/la_1520/20260921T0421Z__scanned.pdf,ຂໍ້ຕົກລົງ ວ່າດ້ວຍມາດຕະຖານເຕັກນິກການປຸກສ້າງ ສາງ ແລະ ປ້ຳ ນ້ຳມັນເຊື້ອໄຟ (ສະບັບປັບປຸງ),,,,requests,200,raw/la/la_1520/20260921T0421Z__scanned.pdf.headers.json,application/pdf,ae19d287fd142e131c7758086f487c35b754a29f00fd6cc30da8d55c8b9aa04c,999998,15,,,,corpus LA_corpus_2026-09-21: from LA_ws_2026-09-21; flags no_text_layer,2019-06-25,,,in_force
0.2.0,,la-la1521-001,LA,https://laoofficialgazette.gov.la/kcfinder/upload/files/184ລບ.pdf,2026-09-21T02:26:53Z,pdf_scanned,true,raw/la/la_1521/20260921T0226Z__scanned.pdf,ດຳລັດ ວ່າດ້ວຍຈັນຍາບັນ ຂອງພະນັກງານ-ລັດຖະກອນ,,,,requests,200,raw/la/la_1521/20260921T0226Z__scanned.pdf.headers.json,application/pdf,8c82b247e3c9ddeb35b5e55c25beec88130e3a795977cfff9e6c34906ae1fae5,480932,5,,,,corpus LA_corpus_2026-09-21: from LA_ws_2026-09-21; flags no_text_layer,2019-07-19,,,in_force
0.2.0,,la-la1522-001,LA,https://laoofficialgazette.gov.la/kcfinder/upload/files/2985ກປ2019.pdf,2026-09-21T04:21:29Z,pdf_scanned,true,raw/la/la_1522/20260921T0421Z__scanned.pdf,"ຂໍ້ຕົກລົງ ວ່າດ້ວຍມາດຕະການສຸຂານາໄມພືດ ສຳລັບການນຳເຂົ້າ ແລະ ສົ່ງຜ່ານ ພືດ, ຜະລິດຕະພັນພືດ ແລະ ວັດຖຸຕ້ອງຄວບຄຸມ",,,,playwright,200,raw/la/la_1522/20260921T0421Z__scanned.pdf.headers.json,application/pdf,177101895342a02b9d700857a14448df551890fe6dc2267b0fd1d76796772bc9,1211928,19,,,,corpus LA_corpus_2026-09-21: from LA_ws_2026-09-21; flags no_text_layer,2019-07-19,,,in_force
0.2.0,,la-la1523-001,LA,https://laoofficialgazette.gov.la/kcfinder/upload/files/2986ກປ2019.pdf,2026-09-21T04:21:21Z,pdf_scanned,true,raw/la/la_1523/20260921T0421Z__scanned.pdf,"ຂໍ້ຕົກລົງ ວ່າດ້ວຍມາດຕະການສຸຂານາໄມພືດ ສຳລັບການສົ່ງອອກ ແລະ ສົ່ງອອກຕໍ່ ພືດ, ຜະລິດຕະພັນພືດ ແລະ ວັດຖຸຕ້ອງຄວບຄຸມ",,,,requests,200,raw/la/la_1523/20260921T0421Z__scanned.pdf.headers.json,application/pdf,82e13f50b682c6a377ab0434f9a85df1fb6f569ab1b4b8fe74b4ecc5cd5c4d9c,1202969,19,,,,corpus LA_corpus_2026-09-21: from LA_ws_2026-09-21; flags no_text_layer,2019-07-19,,,in_force
0.2.0,,la-la1524-001,LA,https://laoofficialgazette.gov.la/kcfinder/upload/files/61ສພຊ2019.pdf,2026-09-21T01:29:26Z,pdf_scanned,true,raw/la/la_1524/20260921T0129Z__scanned.pdf,ກົດໝາຍ ວ່າດ້ວຍຄວາມປອດໄພຈາກລັງສີ,,,,requests,200,raw/la/la_1524/20260921T0129Z__scanned.pdf.headers.json,application/pdf,47fad54ac45a284e035a1b371e0d76e077ef8f9b10534a851ff081c1a8e33a77,1831522,29,,,,corpus LA_corpus_2026-09-21: from LA_ws_2026-09-21; flags no_text_layer,2019-07-24,,,in_force
0.2.0,,la-la1526-001,LA,https://laoofficialgazette.gov.la/kcfinder/upload/files/0930ອຄກອຫ2019.pdf,2026-09-21T02:47:29Z,pdf_scanned,true,raw/la/la_1526/20260921T0247Z__scanned.pdf,ຄຳສັ່ງ ວ່າດ້ວຍການໂຈະ ການອະນຸຍາດດຳເນີນທຸລະກິດໃໝ່ ກ່ຽວກັບໂຮງງານອຸດສາຫະກຳປຸງແຕ່ງ ທີ່ນຳໃຊ້ສິ່ງເສດເຫຼືອຢາງປລາສະຕິກ ເປັນວັດຖຸດິບ,,,,requests,200,raw/la/la_1526/20260921T0247Z__scanned.pdf.headers.json,application/pdf,e852e04024b17a832e8f482ddde18411bd503ac4bc6e8774fc772a367693891a,660760,2,,,,corpus LA_corpus_2026-09-21: from LA_ws_2026-09-21; flags no_text_layer,2019-08-09,,,in_force
0.2.0,,la-la1530-001,LA,https://laoofficialgazette.gov.la/kcfinder/upload/files/128ຈຂຊຫ2019.pdf,2026-09-21T00:58:23Z,pdf_scanned,true,raw/la/la_1530/20260921T0058Z__scanned.pdf,"ຂໍ້ຕົກລົງ ວ່າດ້ວຍອະນຸມັດໃຫ້ພະແນກໂຍທາທິການ ແລະ ຂົນສົ່ງ ປະຈຳແຂວງ ປະຕິບັດການຈັດເກັບ ແລະ ພິມໃບທະບຽນ, ໃບຂັບຂີ່ຖາວອນ ຢູ່ແຂວງເຊກອງ",,,,requests,200,raw/la/la_1530/20260921T0058Z__scanned.pdf.headers.json,application/pdf,bae9ccaa3fe76ef7718f37bc2a067f624c17f98fafc013f16fcf44174f99761a,462058,2,,,,corpus LA_corpus_2026-09-21: from LA_ws_2026-09-21; flags no_text_layer,2019-08-26,,,in_force
0.2.0,,la-la1532-001,LA,https://laoofficialgazette.gov.la/kcfinder/upload/files/20882019.pdf,2026-09-21T05:16:08Z,pdf_scanned,true,raw/la/la_1532/20260921T0516Z__scanned.pdf,"ຄຳແນະນຳ ກ່ຽວກັບ ການສ້າງ, ພັດທະນາ ແລະ ຄຸ້ມຄອງເວັບໄຊ ໃຫ້ມີຄວາມປອດໄພ",,,,requests,200,raw/la/la_1532/20260921T0516Z__scanned.pdf.headers.json,application/pdf,9deac39464e7ba739a0c10d81d0af68e7bb68ead24348ba6de0a2b432fe601c7,872921,10,,,,corpus LA_corpus_2026-09-21: from LA_ws_2026-09-21; flags no_text_layer,2019-08-27,,,in_force
0.2.0,,la-la1533-001,LA,https://laoofficialgazette.gov.la/kcfinder/upload/files/2133ປທສ2019.pdf,2026-09-21T04:21:13Z,pdf_scanned,true,raw/la/la_1533/20260921T0421Z__scanned.pdf,ຂໍ້ຕົກລົງ ວ່າດ້ວຍການຄຸ້ມຄອງ ແລະ ນຳໃຊ້ລະບົບກອງປະຊຸມທາງໄກຂອງລັດຖະບານ,,,,requests,200,raw/la/la_1533/20260921T0421Z__scanned.pdf.headers.json,application/pdf,655e82bcdaf5e65de28ea8a0b8364235249b158fc5a44e011d2ffa20981adfb3,822570,11,,,,corpus LA_corpus_2026-09-21: from LA_ws_2026-09-21; flags no_text_layer,2019-08-27,,,in_force
0.2.0,,la-la1534-001,LA,https://laoofficialgazette.gov.la/kcfinder/upload/files/224ລບ2019.pdf,2026-09-21T00:40:21Z,pdf_scanned,true,raw/la/la_1534/20260921T0040Z__scanned.pdf,ດຳລັດ ວ່າດ້ວຍວຽກງານຂໍ້ມູນຂ່າວສານສິນເຊື່ອ,,,,playwright,200,raw/la/la_1534/20260921T0040Z__scanned.pdf.headers.json,application/pdf,234ec49e020db568e05a655b4162352b1e015f9c00826569b8095977e2cf9769,857318,14,,,,corpus LA_corpus_2026-09-21: from LA_ws_2026-09-21; flags no_text_layer,2019-08-28,,,in_force
0.2.0,,la-la1536-001,LA,https://laoofficialgazette.gov.la/kcfinder/upload/files/247ລບ2019.pdf,2026-09-21T02:26:46Z,pdf_scanned,true,raw/la/la_1536/20260921T0226Z__scanned.pdf,ດຳລັດ ວ່າດ້ວຍການສົ່ງເສີມການປູກໄມ້ເປັນສິນຄ້າ,,,,requests,200,raw/la/la_1536/20260921T0226Z__scanned.pdf.headers.json,application/pdf,88446770588bac7bddb44da721f171af1d0886a1e96d7d8b45c419ba52897a61,1480516,5,,,,corpus LA_corpus_2026-09-21: from LA_ws_2026-09-21; flags no_text_layer,2019-09-05,,,in_force
0.2.0,,la-la1537-001,LA,https://laoofficialgazette.gov.la/kcfinder/upload/files/1758ກປ2019.pdf,2026-09-21T05:16:01Z,pdf_scanned,true,raw/la/la_1537/20260921T0516Z__scanned.pdf,"ຄຳແນະນຳ ກ່ຽວກັບການຈັດຕັ້ງປະຕິບັດຄຳສັ່ງ ເລກທີ 09/ນຍ, ລົງວັນທີ 02 ກໍລະກົດ 2018 ວ່າດ້ວຍການເພີ່ມທະວີການຄຸ້ມຄອງການນຳໃຊ້ເນື້ອທີ່ດິນ ເພື່ອສຳປະທານປູກໄມ້ອຸດສາຫະກຳ ແລະ ພືດຕ່າງໆ ໃນຂອບເຂດທົ່ວປະເທດ",,,,requests,200,raw/la/la_1537/20260921T0516Z__scanned.pdf.headers.json,application/pdf,f98de816c615d9414864d87fddd2b5401e07f7bd5201d9ce23ede784887851c5,767357,6,,,,corpus LA_corpus_2026-09-21: from LA_ws_2026-09-21; flags no_text_layer,2019-09-05,,,in_force
0.2.0,,la-la1538-001,LA,https://laoofficialgazette.gov.la/kcfinder/upload/files/1970ກປ2019.pdf,2026-09-21T04:21:05Z,pdf_scanned,true,raw/la/la_1538/20260921T0421Z__scanned.pdf,ຂໍ້ຕົກລົງ ວ່າດ້ວຍລະບຽບການ ຕິດຕາມ ແລະ ກວດກາ ໂຄງການລົງທຶນຂອງລັດແຕ່ຫົວທີ ໃນຂະແໜງການກະສິກຳ ແລະ ປ່າໄມ້,,,,requests,200,raw/la/la_1538/20260921T0421Z__scanned.pdf.headers.json,application/pdf,f4126c73d2f4db7cbce0a2e485d53a42dff72d32076b4bc10009459a967ae3a3,794469,5,,,,corpus LA_corpus_2026-09-21: from LA_ws_2026-09-21; flags no_text_layer,2019-09-05,,,in_force
0.2.0,,la-la1539-001,LA,https://laoofficialgazette.gov.la/kcfinder/upload/files/3202ກປ2019.pdf,2026-09-21T00:58:14Z,pdf_scanned,true,raw/la/la_1539/20260921T0058Z__scanned.pdf,"ຂໍ້ຕົກລົງ ວ່າດ້ວຍການສ້າງ, ຄຸ້ມຄອງ ແລະ ເຜີຍແຜ່ສະຖິຕິກະສິກຳ (ສະບັບປັບປຸງ)",,,,requests,200,raw/la/la_1539/20260921T0058Z__scanned.pdf.headers.json,application/pdf,1279ec3f15f5351c704a68eec59cf2f25ea8efc0001282524359110753797ad0,825183,10,,,,corpus LA_corpus_2026-09-21: from LA_ws_2026-09-21; flags no_text_layer,2019-09-12,,,in_force
0.2.0,,la-la1540-001,LA,https://laoofficialgazette.gov.la/kcfinder/upload/files/299ລບ2019.pdf,2026-09-21T02:36:07Z,pdf_scanned,true,raw/la/la_1540/20260921T0236Z__scanned.pdf,ດຳລັດ ວ່າດ້ວຍກອງທຶນສົ່ງເສີມວິສາຫະກິດຂະໜາດນ້ອຍ ແລະ ກາງ,,,,requests,200,raw/la/la_1540/20260921T0236Z__scanned.pdf.headers.json,application/pdf,8f06ff0a0a1661a3b81a91e308a7598890831dec7d5fdfe8eff8d303ae24c507,858178,15,,,,corpus LA_corpus_2026-09-21: from LA_ws_2026-09-21; flags no_text_layer,2019-09-16,,,repealed
0.2.0,,la-la1542-001,LA,https://laoofficialgazette.gov.la/kcfinder/upload/files/2129ກຜທ2019.pdf,2026-09-21T05:26:29Z,pdf_scanned,true,raw/la/la_1542/20260921T0526Z__scanned.pdf,ຄຳແນະນຳ ກ່ຽວກັບການຈັດຕັ້ງປະຕິບັດກົດໝາຍວ່າດ້ວຍການລົງທຶນຂອງລັດ,,,,requests,200,raw/la/la_1542/20260921T0526Z__scanned.pdf.headers.json,application/pdf,6d71972d3ecf637880ab6e144104cd25a4c81716113b4104c581fb50d48be601,1605920,29,,,,corpus LA_corpus_2026-09-21: from LA_ws_2026-09-21; flags no_text_layer,2019-10-02,,,repealed
0.2.0,,la-la1543-001,LA,https://laoofficialgazette.gov.la/kcfinder/upload/files/3604ກປ2019.pdf,2026-09-21T00:58:09Z,pdf_scanned,true,raw/la/la_1543/20260921T0058Z__scanned.pdf,ຂໍ້ຕົກລົງ ວ່າດ້ວຍການຂຶ້ນທະບຽນວິຊາການຢາປາບສັດຕູພືດ,,,,requests,200,raw/la/la_1543/20260921T0058Z__scanned.pdf.headers.json,application/pdf,f906c23cd5355a172baf5936536ad025328dcd89c2a7b854ed342fe76e5473f3,1715742,20,,,,corpus LA_corpus_2026-09-21: from LA_ws_2026-09-21; flags no_text_layer,2019-10-09,,,in_force
0.2.0,,la-la1544-001,LA,https://laoofficialgazette.gov.la/kcfinder/upload/files/321ລບ2019.pdf,2026-09-21T02:26:23Z,pdf_scanned,true,raw/la/la_1544/20260921T0226Z__scanned.pdf,ດຳລັດ ວ່າດ້ວຍການປ່ຽນແປງດິນຟ້າອາກາດ,,,,requests,200,raw/la/la_1544/20260921T0226Z__scanned.pdf.headers.json,application/pdf,745935791da57f41f989ff495762822bd5191df0336deea92439fd0f2a258302,894948,14,,,,corpus LA_corpus_2026-09-21: from LA_ws_2026-09-21; flags no_text_layer,2019-10-17,,,in_force
0.2.0,,la-la1545-001,LA,https://laoofficialgazette.gov.la/kcfinder/upload/files/1314ກຍ2019.pdf,2026-09-21T00:58:02Z,pdf_scanned,true,raw/la/la_1545/20260921T0058Z__scanned.pdf,ຂໍ້ຕົກລົງ ວ່າດ້ວຍການຄຸ້ມຄອງວຽກງານທະບຽນສານ,,,,requests,200,raw/la/la_1545/20260921T0058Z__scanned.pdf.headers.json,application/pdf,963adc2d8458f30e7686f49b5afbeddeafd85ceb527343d258384059c06d23ea,655160,8,,,,corpus LA_corpus_2026-09-21: from LA_ws_2026-09-21; flags no_text_layer,2019-10-18,,,in_force
0.2.0,,la-la1546-001,LA,https://laoofficialgazette.gov.la/kcfinder/upload/files/71ສພຊ2019.pdf,2026-09-21T01:29:19Z,pdf_scanned,true,raw/la/la_1546/20260921T0129Z__scanned.pdf,ກົດໝາຍ ວ່າດ້ວຍການຄຸ້ມຄອງໄພພິບັດ,,,,requests,200,raw/la/la_1546/20260921T0129Z__scanned.pdf.headers.json,application/pdf,d98be10311cd52b340eca7885bd11930dc040f14b4c246a6617677c18eaf6d9b,1825523,26,,,,corpus LA_corpus_2026-09-21: from LA_ws_2026-09-21; flags no_text_layer,2019-10-21,,,in_force
0.2.0,,la-la1547-001,LA,https://laoofficialgazette.gov.la/kcfinder/upload/files/64ສພຊ2019.pdf,2026-09-21T01:29:08Z,pdf_scanned,true,raw/la/la_1547/20260921T0129Z__scanned.pdf,ກົດໝາຍ ວ່າດ້ວຍປ່າໄມ້ (ສະບັບປັບປຸງ),,,,requests,200,raw/la/la_1547/20260921T0129Z__scanned.pdf.headers.json,application/pdf,09bf2c80d20505c1f06ca2dfc9ec3eaf3f3ef1d71982a8b5a5c205e7e4763cfc,2845874,64,,,,corpus LA_corpus_2026-09-21: from LA_ws_2026-09-21; flags no_text_layer,2019-10-21,,,in_force
0.2.0,,la-la1549-001,LA,https://laoofficialgazette.gov.la/kcfinder/upload/files/357ລບ2019.pdf,2026-09-21T02:26:15Z,pdf_scanned,true,raw/la/la_1549/20260921T0226Z__scanned.pdf,ດຳລັດ ວ່າດ້ວຍການຄຸ້ມຄອງ ແລະ ນຳໃຊ້ການຊ່ວຍເຫຼືອທາງການເພື່ອການພັດທະນາ,,,,requests,200,raw/la/la_1549/20260921T0226Z__scanned.pdf.headers.json,application/pdf,c580d25c7a780669a706ae0b85f4cb5255dc77856425db2f04ebc6503be14054,1134069,24,,,,corpus LA_corpus_2026-09-21: from LA_ws_2026-09-21; flags no_text_layer,2019-10-25,,,in_force
0.2.0,,la-la1550-001,LA,https://laoofficialgazette.gov.la/kcfinder/upload/files/69 ສພຊ 2019.pdf,2026-09-21T01:28:51Z,pdf_scanned,true,raw/la/la_1550/20260921T0128Z__scanned.pdf,ກົດໝາຍ ວ່າດ້ວຍເອກະສານ,,,,requests,200,raw/la/la_1550/20260921T0128Z__scanned.pdf.headers.json,application/pdf,a78d9f15af21a59364645ee9493f1f4e6fb4f41890f8b561ab3387ec5d863c43,1789406,32,,,,corpus LA_corpus_2026-09-21: from LA_ws_2026-09-21; flags no_text_layer,2019-10-28,,,in_force
0.2.0,,la-la1551-001,LA,https://laoofficialgazette.gov.la/kcfinder/upload/files/2145ຈຂວຈ2019.pdf,2026-09-21T04:20:57Z,pdf_scanned,true,raw/la/la_1551/20260921T0420Z__scanned.pdf,"ຂໍ້ຕົກລົງ ວ່າດ້ວຍການຈັດສັນ, ຄຸ້ມຄອງ ແລະ ພັດທະນາເທດສະບານ ແຂວງວຽງຈັນ",,,,requests,200,raw/la/la_1551/20260921T0420Z__scanned.pdf.headers.json,application/pdf,f3e28d9f7f5d5e48695fa849f788f26175d794c85c7e26589d58fca0440ce5b7,908651,7,,,,corpus LA_corpus_2026-09-21: from LA_ws_2026-09-21; flags no_text_layer,2019-10-28,,,in_force
0.2.0,,la-la1552-001,LA,https://laoofficialgazette.gov.la/kcfinder/upload/files/63ສພຊ2019.pdf,2026-09-21T01:28:43Z,pdf_scanned,true,raw/la/la_1552/20260921T0128Z__scanned.pdf,ກົດໝາຍ ວ່າດ້ວຍອາຊີວະສຶກສາ (ສະບັບປັບປຸງ),,,,requests,200,raw/la/la_1552/20260921T0128Z__scanned.pdf.headers.json,application/pdf,8ef00ed088ddec415485c539c914f0644bfd56aedd8ed3d29bf95bb464a0a23d,1735581,28,,,,corpus LA_corpus_2026-09-21: from LA_ws_2026-09-21; flags no_text_layer,2019-10-31,,,in_force
0.2.0,,la-la1554-001,LA,https://laoofficialgazette.gov.la/kcfinder/upload/files/65ສພຊ2019.pdf,2026-09-21T01:28:27Z,pdf_scanned,true,raw/la/la_1554/20260921T0128Z__scanned.pdf,ກົດໝາຍ ວ່າດ້ວຍການຕອບໂຕ້ ການທຸ່ມຕະຫຼາດ ແລະ ການຊ່ວຍໜູນ ຂອງປະເທດຜູ້ສົ່ງອອກ,,,,requests,200,raw/la/la_1554/20260921T0128Z__scanned.pdf.headers.json,application/pdf,b9e4438d491c40e2b58558d0eee387a86537258ce1e1fc9f036909dbc66543c9,1828663,26,,,,corpus LA_corpus_2026-09-21: from LA_ws_2026-09-21; flags no_text_layer,2019-11-01,,,in_force
0.2.0,,la-la1555-001,LA,https://laoofficialgazette.gov.la/kcfinder/upload/files/2221ກວຕ2019.pdf,2026-09-21T04:57:32Z,pdf_scanned,true,raw/la/la_1555/20260921T0457Z__scanned.pdf,ຂໍ້ຕົກລົງ ວ່າດ້ວຍຖິ່ນກຳເນີດ,,,,requests,200,raw/la/la_1555/20260921T0457Z__scanned.pdf.headers.json,application/pdf,c7de4c2cf1d8dfcc232d336cee3696ec090d12cbe296e1813c98cc5b4fbb1e3c,1158406,16,,,,corpus LA_corpus_2026-09-21: from LA_ws_2026-09-21; flags no_text_layer,2019-11-14,,,repealed
0.2.0,,la-la1556-001,LA,https://laoofficialgazette.gov.la/kcfinder/upload/files/1510ອຄຄ.ກອຫ2019.pdf,2026-09-21T04:20:50Z,pdf_scanned,true,raw/la/la_1556/20260921T0420Z__scanned.pdf,ຂໍ້ຕົກລົງ ວ່າດ້ວຍນິຄົມອຸດສາຫະກຳ,,,,requests,200,raw/la/la_1556/20260921T0420Z__scanned.pdf.headers.json,application/pdf,79dea0bd4cecacdd29fbf23118fa560d9bba2618f00aa03cc14d17219a6a70f3,485049,10,,,,corpus LA_corpus_2026-09-21: from LA_ws_2026-09-21; flags no_text_layer,2019-11-19,,,in_force
0.2.0,,la-la1557-001,LA,https://laoofficialgazette.gov.la/kcfinder/upload/files/4488ກງ2019.pdf,2026-09-21T05:15:52Z,pdf_scanned,true,raw/la/la_1557/20260921T0515Z__scanned.pdf,"ຄຳແນະນຳ ວ່າດ້ວຍການ ສ້າງແຂວງເປັນຫົວໜ່ວຍຍຸດທະສາດ, ສ້າງເມືອງເປັນຫົວໜ່ວຍເຂັ້ມແຂງຮອບດ້ານ ແລະ ສ້າງບ້ານເປັນຫົວໜ່ວຍພັດທະນາ ດ້ານການເງິນ",,,,requests,200,raw/la/la_1557/20260921T0515Z__scanned.pdf.headers.json,application/pdf,f86df6eab295d2934b3eeeab1a77bcba9c0391a78313054634407ea40c092f14,846600,9,,,,corpus LA_corpus_2026-09-21: from LA_ws_2026-09-21; flags no_text_layer,2019-11-19,,,in_force
0.2.0,,la-la1558-001,LA,https://laoofficialgazette.gov.la/kcfinder/upload/files/4489ກງ2019.pdf,2026-09-21T04:20:47Z,pdf_scanned,true,raw/la/la_1558/20260921T0420Z__scanned.pdf,ຂໍ້ຕົກລົງ ວ່າດ້ວຍການເງິນບ້ານ,,,,requests,200,raw/la/la_1558/20260921T0420Z__scanned.pdf.headers.json,application/pdf,7738538f5d7787227bea910bf25be1740f8c6167589fe04c8760272680947bf2,502710,5,,,,corpus LA_corpus_2026-09-21: from LA_ws_2026-09-21; flags no_text_layer,2019-11-26,,,in_force
0.2.0,,la-la1559-001,LA,https://laoofficialgazette.gov.la/kcfinder/upload/files/2019ຈຂສຂ2019.pdf,2026-09-21T04:20:31Z,pdf_scanned,true,raw/la/la_1559/20260921T0420Z__scanned.pdf,ຂໍ້ຕົກລົງ ວ່າດ້ວຍການຄຸ້ມຄອງເຂດສະຫງວນທາງຫຼວງ ໃນແຂວງສະຫວັນນະເຂດ,,,,requests,200,raw/la/la_1559/20260921T0420Z__scanned.pdf.headers.json,application/pdf,7103212bada1d8ef32fb5a08cf00403813e822026a5ecd40beb1c0f609105fea,980944,11,,,,corpus LA_corpus_2026-09-21: from LA_ws_2026-09-21; flags no_text_layer,2019-11-28,,,in_force
0.2.0,,la-la1560-001,LA,https://laoofficialgazette.gov.la/kcfinder/upload/files/0966ຈນຂ2019.pdf,2026-09-21T04:20:27Z,pdf_scanned,true,raw/la/la_1560/20260921T0420Z__scanned.pdf,ຂໍ້ຕົກລົງ ວ່າດ້ວຍການພັດທະນາ ແລະ ຄຸ້ມຄອງເຂດສະຫງວນຄອງນ້ຳວຽງຈັນ,,,,requests,200,raw/la/la_1560/20260921T0420Z__scanned.pdf.headers.json,application/pdf,112e9e79b052133708a449d9bd70a187a06b5009e8adff4d14ea878c86f62192,658183,11,,,,corpus LA_corpus_2026-09-21: from LA_ws_2026-09-21; flags no_text_layer,2019-12-03,,,in_force
0.2.0,,la-la1561-001,LA,https://laoofficialgazette.gov.la/kcfinder/upload/files/4211ກປ2019.pdf,2026-09-21T04:20:18Z,pdf_scanned,true,raw/la/la_1561/20260921T0420Z__scanned.pdf,"ຂໍ້ຕົກລົງ ວ່າດ້ວຍການນຳເຂົ້າ, ສົ່ງອອກ ແລະ ສົ່ງຜ່ານ ສັດນໍ້າ ແລະ ຜະລິດຕະພັນສັດນໍ້າ",,,,requests,200,raw/la/la_1561/20260921T0420Z__scanned.pdf.headers.json,application/pdf,422a3f3a4de69c5221931bfb091b0c5ce90f95506be41895084bf42118f99c12,919463,15,,,,corpus LA_corpus_2026-09-21: from LA_ws_2026-09-21; flags no_text_layer,2019-12-13,,,in_force
0.2.0,,la-la1563-001,LA,https://laoofficialgazette.gov.la/kcfinder/upload/files/4023 ປທສ 2019.pdf,2026-09-21T00:57:56Z,pdf_scanned,true,raw/la/la_1563/20260921T0057Z__scanned.pdf,ຂໍ້ຕົກລົງ ວ່າດ້ວຍການຄຸ້ມຄອງ ແລະ ນຳໃຊ້ລະບົບຈົດໝາຍເອເລັກໂຕຣນິກຂອງລັດຖະບານ,,,,requests,200,raw/la/la_1563/20260921T0057Z__scanned.pdf.headers.json,application/pdf,4fb2a4791777996e656980257be2986a4955a7d2380e72957cf455e4df1e3bcf,778018,10,,,,corpus LA_corpus_2026-09-21: from LA_ws_2026-09-21; flags no_text_layer,2019-12-25,,,in_force
0.2.0,,la-la1564-001,LA,https://laoofficialgazette.gov.la/kcfinder/upload/files/12ນຍ2019.pdf,2026-09-21T02:47:23Z,pdf_scanned,true,raw/la/la_1564/20260921T0247Z__scanned.pdf,"ຄຳສັ່ງ ວ່າດ້ວຍການອຳນວຍຄວາມສະດວກ ໃຫ້ແກ່ການນຳເຂົ້າ-ສົ່ງອອກ, ການນຳເຂົ້າຊົ່ວຄາວ, ການຜ່ານແດນ ແລະ ການເຄື່ອນຍ້ານສິນຄ້າ ຢູ່ ສປປ ລາວ",,,,requests,200,raw/la/la_1564/20260921T0247Z__scanned.pdf.headers.json,application/pdf,4d35c912141429b2fb6c73f913f8dc1029aada85bf06de2b40da61105374ad7d,775493,4,,,,corpus LA_corpus_2026-09-21: from LA_ws_2026-09-21; flags no_text_layer,2019-12-30,,,in_force
0.2.0,,la-la1565-001,LA,https://laoofficialgazette.gov.la/kcfinder/upload/files/6748ກຊສ.pdf,2026-09-21T04:20:11Z,pdf_scanned,true,raw/la/la_1565/20260921T0420Z__scanned.pdf,ຂໍ້ຕົກລົງ ວ່າດ້ວຍການຄຸ້ມຄອງສະຖານີອຸຕຸນິຍົມ ແລະ ອຸທົກກະສາດ,,,,requests,200,raw/la/la_1565/20260921T0420Z__scanned.pdf.headers.json,application/pdf,4d1dd7c311511548aa680eefd9c5527353568ae7d36cfba2d98ccd75c9baecc0,2580516,9,,,,corpus LA_corpus_2026-09-21: from LA_ws_2026-09-21; flags no_text_layer,2020-01-02,,,in_force
0.2.0,,la-la1567-001,LA,https://laoofficialgazette.gov.la/kcfinder/upload/files/470_ລບ_2019.pdf,2026-09-21T02:26:08Z,pdf_scanned,true,raw/la/la_1567/20260921T0226Z__scanned.pdf,ດຳລັດ ວ່າດ້ວຍການຄຸ້ມຄອງທຸລະກິດຍານພາຫະນະທາງບົກ,,,,requests,200,raw/la/la_1567/20260921T0226Z__scanned.pdf.headers.json,application/pdf,71452273d50d6502ed3012ec39c4768d66afa4a7b4ee86d1bb5d18948fee7285,877948,19,,,,corpus LA_corpus_2026-09-21: from LA_ws_2026-09-21; flags no_text_layer,2020-01-20,,,in_force
0.2.0,,la-la1568-001,LA,https://laoofficialgazette.gov.la/kcfinder/upload/files/2824ກວຕ2019.pdf,2026-09-21T01:05:42Z,pdf_scanned,true,raw/la/la_1568/20260921T0105Z__scanned.pdf,ຂໍ້ຕົກລົງ ວ່າດ້ວຍລິຂະສິດ ແລະ ສິດກ່ຽວຂ້ອງກັບລິຂະສິດ,,,,requests,200,raw/la/la_1568/20260921T0105Z__scanned.pdf.headers.json,application/pdf,e5508624b03e0a999cd65dc05bac7f179065bbffc1a9eaaf3cb29fdd8f76c3d3,1387569,21,,,,corpus LA_corpus_2026-09-21: from LA_ws_2026-09-21; flags no_text_layer,2020-01-20,,,repealed
0.2.0,,la-la1569-001,LA,https://laoofficialgazette.gov.la/kcfinder/upload/files/471ລບ2019.pdf,2026-09-21T00:40:14Z,pdf_scanned,true,raw/la/la_1569/20260921T0040Z__scanned.pdf,ດຳລັດ ວ່າດ້ວຍການສື່ສານຜ່ານດາວທຽມ,,,,requests,200,raw/la/la_1569/20260921T0040Z__scanned.pdf.headers.json,application/pdf,7ff918fdf04e1dffb0cf8d1c5ff20a1716d3dbb9d6e763f36470944c39e98b1a,1013737,15,,,,corpus LA_corpus_2026-09-21: from LA_ws_2026-09-21; flags no_text_layer,2020-01-23,,,in_force
0.2.0,,la-la1570-001,LA,https://laoofficialgazette.gov.la/kcfinder/upload/files/01ລບ2020.pdf,2026-09-21T00:40:06Z,pdf_scanned,true,raw/la/la_1570/20260921T0040Z__scanned.pdf,ດຳລັດ ວ່າດ້ວຍລະບົບສາຍສົ່ງໂທລະຄົມມະນາຄົມ,,,,requests,200,raw/la/la_1570/20260921T0040Z__scanned.pdf.headers.json,application/pdf,586a8f4e57f53352013efea048f51eb012bb084a290e724969a9590995155955,863761,13,,,,corpus LA_corpus_2026-09-21: from LA_ws_2026-09-21; flags no_text_layer,2020-01-23,,,in_force
0.2.0,,la-la1571-001,LA,https://laoofficialgazette.gov.la/kcfinder/upload/files/02ລບ2020.pdf,2026-09-21T02:25:59Z,pdf_scanned,true,raw/la/la_1571/20260921T0225Z__scanned.pdf,ດຳລັດ ວ່າດ້ວຍອາຫານສັດ,,,,requests,200,raw/la/la_1571/20260921T0225Z__scanned.pdf.headers.json,application/pdf,eaa36e626a8f7343858b46ac78163b95552a0a836069738a045beb32a433e70f,1015434,20,,,,corpus LA_corpus_2026-09-21: from LA_ws_2026-09-21; flags no_text_layer,2020-01-23,,,in_force
0.2.0,,la-la1573-001,LA,https://laoofficialgazette.gov.la/kcfinder/upload/files/2822ກວຕ2019.pdf,2026-09-21T04:57:25Z,pdf_scanned,true,raw/la/la_1573/20260921T0457Z__scanned.pdf,ຂໍ້ຕົກລົງ ວ່າດ້ວຍເຄື່ອງໝາຍການຄ້າ ແລະ ຊື່ການຄ້າ,,,,requests,200,raw/la/la_1573/20260921T0457Z__scanned.pdf.headers.json,application/pdf,a9381807fa59b8e6bc2d1ec0c58718339b9adfbc2d0b8d506cafb092690760cd,1214064,19,,,,corpus LA_corpus_2026-09-21: from LA_ws_2026-09-21; flags no_text_layer,2020-01-27,,,repealed
0.2.0,,la-la1574-001,LA,https://laoofficialgazette.gov.la/kcfinder/upload/files/2823ກວຕ2019.pdf,2026-09-21T04:57:19Z,pdf_scanned,true,raw/la/la_1574/20260921T0457Z__scanned.pdf,ຂໍ້ຕົກລົງ ວ່າດ້ວຍພັນພືດໃໝ່,,,,requests,200,raw/la/la_1574/20260921T0457Z__scanned.pdf.headers.json,application/pdf,0080c4516f8e4c180d9b001921f6567e8c24cfea316a8322ecca23bc2ec32576,1009365,16,,,,corpus LA_corpus_2026-09-21: from LA_ws_2026-09-21; flags no_text_layer,2020-01-27,,,repealed
0.2.0,,la-la1575-001,LA,https://laoofficialgazette.gov.la/kcfinder/upload/files/0974ກງ2019.pdf,2026-09-21T04:20:02Z,pdf_scanned,true,raw/la/la_1575/20260921T0420Z__scanned.pdf,ຂໍ້ຕົກລົງ ວ່າດ້ວຍລະບົບການຮັບປະກັນຄຸນນະພາບວຽກງານກວດສອບ,,,,requests,200,raw/la/la_1575/20260921T0420Z__scanned.pdf.headers.json,application/pdf,4da808212f2357d9522fb23e874d0087ff480fa44a80052ffcd212f8e6144d09,896216,14,,,,corpus LA_corpus_2026-09-21: from LA_ws_2026-09-21; flags no_text_layer,2020-01-29,,,in_force
0.2.0,,la-la1578-001,LA,https://laoofficialgazette.gov.la/kcfinder/upload/files/1190ທຫລ2019.pdf,2026-09-21T04:19:52Z,pdf_scanned,true,raw/la/la_1578/20260921T0419Z__scanned.pdf,ຂໍ້ຕົກລົງ ວ່າດ້ວຍບັນຊີທີ່ບໍ່ມີການເຄື່ອນໄຫວ,,,,requests,200,raw/la/la_1578/20260921T0419Z__scanned.pdf.headers.json,application/pdf,534843b095b79ba7f37bbc2f990c4dfa89214126b62509beb7bef17b60976b26,416946,5,,,,corpus LA_corpus_2026-09-21: from LA_ws_2026-09-21; flags no_text_layer,2020-01-30,,,in_force
0.2.0,,la-la1579-001,LA,https://laoofficialgazette.gov.la/kcfinder/upload/files/ກໝ ຄ່າທຳນຽມສານ ປັບປຸງ.pdf,2026-09-21T01:28:22Z,pdf_scanned,true,raw/la/la_1579/20260921T0128Z__scanned.pdf,ກົດໝາຍ ວ່າດ້ວຍຄ່າທຳນຽມສານ (ສະບັບປັບປຸງ),,,,requests,200,raw/la/la_1579/20260921T0128Z__scanned.pdf.headers.json,application/pdf,3375770fb0f10181568d3bd5ccdf6bc6ad02824ece933525f3cd88d42defffd6,1301790,18,,,,corpus LA_corpus_2026-09-21: from LA_ws_2026-09-21; flags no_text_layer,2020-02-03,,,in_force
0.2.0,,la-la1580-001,LA,https://laoofficialgazette.gov.la/kcfinder/upload/files/ກົດໝາຍ ວ່າດ້ວຍອາກອນຊົມໃຊ້.pdf,2026-09-21T01:28:18Z,pdf_scanned,true,raw/la/la_1580/20260921T0128Z__scanned.pdf,ກົດໝາຍ ວ່າດ້ວຍອາກອນຊົມໃຊ້,,,,requests,200,raw/la/la_1580/20260921T0128Z__scanned.pdf.headers.json,application/pdf,77e4ae4a76aaf62478225ac7b29d98cd4941c1279f1d46d36192a046b150b52e,6835910,21,,,,corpus LA_corpus_2026-09-21: from LA_ws_2026-09-21; flags no_text_layer,2020-02-03,,,in_force
0.2.0,,la-la1581-001,LA,https://laoofficialgazette.gov.la/kcfinder/upload/files/ກົດໝາຍວ່າດ້ວຍອາກອນລາຍໄດ້.pdf,2026-09-21T01:40:19Z,pdf_scanned,true,raw/la/la_1581/20260921T0140Z__scanned.pdf,ກົດໝາຍ ວ່າດ້ວຍອາກອນລາຍໄດ້,,,,requests,200,raw/la/la_1581/20260921T0140Z__scanned.pdf.headers.json,application/pdf,0acb2bc9c803215608d6ffa9a5d5d9a0f0a6e858d26cdb622d30fbc67523e9d9,9950766,35,,,,corpus LA_corpus_2026-09-21: from LA_ws_2026-09-21; flags no_text_layer,2020-02-03,,,repealed
0.2.0,,la-la1582-001,LA,https://laoofficialgazette.gov.la/kcfinder/upload/files/ກໝ ຄຸ້ມຄອງສ່ວຍສາອາກອນ ປັບປຸງ.pdf,2026-09-21T01:28:06Z,pdf_scanned,true,raw/la/la_1582/20260921T0128Z__scanned.pdf,ກົດໝາຍ ວ່າດ້ວຍການຄຸ້ມຄອງສ່ວຍສາອາກອນ (ສະບັບປັບປຸງ),,,,requests,200,raw/la/la_1582/20260921T0128Z__scanned.pdf.headers.json,application/pdf,f3dce70542fcbe89632a451926e09568d72d6c4a17815a34cea9d0650f51057a,2054294,38,,,,corpus LA_corpus_2026-09-21: from LA_ws_2026-09-21; flags no_text_layer,2020-02-03,,,in_force
0.2.0,,la-la1583-001,LA,https://laoofficialgazette.gov.la/kcfinder/upload/files/03ນຍ2020.pdf,2026-09-21T02:47:16Z,pdf_scanned,true,raw/la/la_1583/20260921T0247Z__scanned.pdf,ຄຳສັ່ງ ວ່າດ້ວຍການປັບປຸງວຽກງານການບໍລິການ ການອອກໃບອະນຸຍາດລົງທຶນ ແລະ ການອອກໃບອະນຸຍາດດຳເນີນທຸລະກິດ,,,,requests,200,raw/la/la_1583/20260921T0247Z__scanned.pdf.headers.json,application/pdf,98a9dc2004c583e56fd1a10aa9387705ffa4fc68b011d55b228f2cf30eeb9b8e,381079,5,,,,corpus LA_corpus_2026-09-21: from LA_ws_2026-09-21; flags no_text_layer,2020-02-10,,,in_force
0.2.0,,la-la1584-001,LA,https://laoofficialgazette.gov.la/kcfinder/upload/files/03ລບ2020.pdf,2026-09-21T02:25:50Z,pdf_scanned,true,raw/la/la_1584/20260921T0225Z__scanned.pdf,ດຳລັດ ວ່າດ້ວຍຕຳແໜ່ງວິຊາການຄູ ຢູ່ສະຖານການສຶກສາຊັ້ນສູງ,,,,requests,200,raw/la/la_1584/20260921T0225Z__scanned.pdf.headers.json,application/pdf,d48052026981857a0abc650a02e674a9d15762e77aad42c6f429c2926b2c93aa,866719,13,,,,corpus LA_corpus_2026-09-21: from LA_ws_2026-09-21; flags no_text_layer,2020-02-13,,,in_force
0.2.0,,la-la1585-001,LA,https://laoofficialgazette.gov.la/kcfinder/upload/files/1382ຈຂຫພ2019.pdf,2026-09-21T04:19:49Z,pdf_scanned,true,raw/la/la_1585/20260921T0419Z__scanned.pdf,ຂໍ້ຕົກລົງ ວ່າດ້ວຍການຈັດຕັ້ງປະຕິບັດວຽກງານ ຂຽວ ສະອາດ ງາມຕາ,,,,requests,200,raw/la/la_1585/20260921T0419Z__scanned.pdf.headers.json,application/pdf,e44e0b07b4679944148883f0c9c74c96d15d5604091ba3c0fdbe127df6228a7a,963809,14,,,,corpus LA_corpus_2026-09-21: from LA_ws_2026-09-21; flags no_text_layer,2020-02-13,,,in_force
0.2.0,,la-la1586-001,LA,https://laoofficialgazette.gov.la/kcfinder/upload/files/0016ກງ_2019.pdf,2026-09-21T05:15:45Z,pdf_scanned,true,raw/la/la_1586/20260921T0515Z__scanned.pdf,ຄຳແນະນຳ ກ່ຽວກັບການຄຸ້ມຄອງລາຍຮັບ-ລາຍຈ່າຍ ຄ່າບໍລິການທາງດ້ານວິຊາການ ແລະ ກອງທຶນຂອງລັດ,,,,requests,200,raw/la/la_1586/20260921T0515Z__scanned.pdf.headers.json,application/pdf,726f103eb5aa5fe1811f8c9f0805f57efa5853cd3748fb88a3707e6a77c7f45d,662056,5,,,,corpus LA_corpus_2026-09-21: from LA_ws_2026-09-21; flags no_text_layer,2020-02-13,,,in_force
0.2.0,,la-la1589-001,LA,https://laoofficialgazette.gov.la/kcfinder/upload/files/0415ກງ2020.pdf,2026-09-21T04:19:38Z,pdf_scanned,true,raw/la/la_1589/20260921T0419Z__scanned.pdf,"ຂໍ້ຕົກລົງ ວ່າດ້ວຍການເກັບຄ່າທຳນຽມສຳລັບສິນຄ້າ, ເຄື່ອງຂອງນຳເຂົ້າເພື່ອສົ່ງອອກຕໍ່",,,,requests,200,raw/la/la_1589/20260921T0419Z__scanned.pdf.headers.json,application/pdf,65093cde3959999d2442be5770caa4ef27e6a4b94f52808ac18ce122f16faf2a,709903,3,,,,corpus LA_corpus_2026-09-21: from LA_ws_2026-09-21; flags no_text_layer,2020-02-20,,,in_force
0.2.0,,la-la1590-001,LA,https://laoofficialgazette.gov.la/kcfinder/upload/files/0118ອຄ2020.pdf,2026-09-21T05:26:23Z,pdf_scanned,true,raw/la/la_1590/20260921T0526Z__scanned.pdf,ຄຳແນະນຳ ກ່ຽວກັບການຢັ້ງຢືນແຫຼ່ງກຳເນີດສິນຄ້າທີ່ໄດ້ຮັບສິດທິພິເສດ,,,,requests,200,raw/la/la_1590/20260921T0526Z__scanned.pdf.headers.json,application/pdf,44993ed2909d16ffc4507272190b327410e9bdfd1fb279a7226d82e27ee07b35,823001,8,,,,corpus LA_corpus_2026-09-21: from LA_ws_2026-09-21; flags no_text_layer,2020-02-20,,,repealed
0.2.0,,la-la1593-001,LA,https://laoofficialgazette.gov.la/kcfinder/upload/files/1280ສທ2019.pdf,2026-09-21T02:47:10Z,pdf_scanned,true,raw/la/la_1593/20260921T0247Z__scanned.pdf,"ຄຳສັ່ງແນະນຳ ວ່າດ້ວຍການຢຸດຕິການນຳເຂົ້າ, ຜະລິດ, ແຈກຢາຍ, ບໍລິການ ແລະ ນຳໃຊ້ຜະລິດຕະພັນທີ່ມີສານບາຫຼອດ",,,,requests,200,raw/la/la_1593/20260921T0247Z__scanned.pdf.headers.json,application/pdf,7f7c567a3eeb68bb76575fa3b655cc95aa2288d7a14dc7be681bcb53012a1364,576723,3,,,,corpus LA_corpus_2026-09-21: from LA_ws_2026-09-21; flags no_text_layer,2020-02-28,,,in_force
0.2.0,,la-la1594-001,LA,https://laoofficialgazette.gov.la/kcfinder/upload/files/472ລບ2019.pdf,2026-09-21T02:25:45Z,pdf_scanned,true,raw/la/la_1594/20260921T0225Z__scanned.pdf,ດຳລັດ ວ່າດ້ວຍຜະລິດຕະພັນອາຫານ ແລະ ອຸປະກອນກ່ຽວກັບອາຫານສຳລັບເດັກອ່ອນ ແລະ ເດັກນ້ອຍ,,,,requests,200,raw/la/la_1594/20260921T0225Z__scanned.pdf.headers.json,application/pdf,b0f2ee9cd0113669c09a2cb2cc8d71fdbfe778ba09bb9e8fae52237f7ea7901a,1060875,14,,,,corpus LA_corpus_2026-09-21: from LA_ws_2026-09-21; flags no_text_layer,2020-02-28,,,in_force
0.2.0,,la-la1595-001,LA,https://laoofficialgazette.gov.la/kcfinder/upload/files/1667ສທ2018.pdf,2026-09-21T00:57:38Z,pdf_native,false,raw/la/la_1595/20260921T0057Z__native.pdf,ຂໍ້ຕົກລົງ ວ່າດ້ວຍການອະນາໄມສະຖານທີ່ບໍລິການສາທາລະນະສຸກ,,,,requests,200,raw/la/la_1595/20260921T0057Z__native.pdf.headers.json,application/pdf,52f1dd5c597c225a8de4145b0a772da84fb2ce7f755737a366ea90d0256d122d,715700,26,,,,corpus LA_corpus_2026-09-21: from LA_ws_2026-09-21,2020-02-28,,,in_force
0.2.0,,la-la1596-001,LA,https://laoofficialgazette.gov.la/kcfinder/upload/files/687ປທສ2020.pdf,2026-09-21T00:57:47Z,pdf_scanned,true,raw/la/la_1596/20260921T0057Z__scanned.pdf,ຂໍ້ຕົກລົງ ວ່າດ້ວຍການຄຸ້ມຄອງ ແລະ ນຳໃຊ້ລະຫັດຊື່ອິນເຕີເນັດ,,,,requests,200,raw/la/la_1596/20260921T0057Z__scanned.pdf.headers.json,application/pdf,8ac8aec1e21fc6c465db2ddfad656a31ce72b503317173f9057979b4d98027af,1074959,18,,,,corpus LA_corpus_2026-09-21: from LA_ws_2026-09-21; flags no_text_layer,2020-02-28,,,in_force
0.2.0,,la-la1597-001,LA,https://laoofficialgazette.gov.la/kcfinder/upload/files/531ປທສ2020.pdf,2026-09-21T04:19:32Z,pdf_scanned,true,raw/la/la_1597/20260921T0419Z__scanned.pdf,ຂໍ້ຕົກລົງ ວ່າດ້ວຍມາດຕະຖານເຕັກນິກເວັບໄຊຂອງພາກລັດ,,,,requests,200,raw/la/la_1597/20260921T0419Z__scanned.pdf.headers.json,application/pdf,7577232ebb5fdb58a53b898f716d9b7a7ed7a2784e6732ae9138898e64a355c6,963677,16,,,,corpus LA_corpus_2026-09-21: from LA_ws_2026-09-21; flags no_text_layer,2020-02-28,,,in_force
0.2.0,,la-la1598-001,LA,https://laoofficialgazette.gov.la/kcfinder/upload/files/0279ກປ2020.pdf,2026-09-21T04:19:13Z,pdf_scanned,true,raw/la/la_1598/20260921T0419Z__scanned.pdf,"ຂໍ້ຕົກລົງ ວ່າດ້ວຍການກຳນົດບັນຊີ ເຄື່ອງປ່າຂອງດົງ I, II ແລະ III",,,,requests,200,raw/la/la_1598/20260921T0419Z__scanned.pdf.headers.json,application/pdf,b5fcaec73248b18ff5b19576463c4acff2046a67723e4a3cf29a76ecbb17e2f8,879972,11,,,,corpus LA_corpus_2026-09-21: from LA_ws_2026-09-21; flags no_text_layer,2020-03-03,,,in_force
0.2.0,,la-la1599-001,LA,https://laoofficialgazette.gov.la/kcfinder/upload/files/368ພນ2016.pdf,2026-09-21T04:19:25Z,pdf_scanned,true,raw/la/la_1599/20260921T0419Z__scanned.pdf,ຂໍ້ຕົກລົງ ວ່າດ້ວຍການຈັດຕັ້ງ ແລະ ການເຄື່ອນໄຫວຂອງໜ່ວຍງານຈົດໝາຍເຫດທາງລັດຖະການ ແລະ ການປະເມີນຜົນກະທົບຂອງນິຕິກຳ ຂອງກະຊວງພາຍໃນ,,,,requests,200,raw/la/la_1599/20260921T0419Z__scanned.pdf.headers.json,application/pdf,2a6a0733ccf83da3ea3fff11ec7ec0670d6595b67d5986962b90ac064adc23c4,635820,5,,,,corpus LA_corpus_2026-09-21: from LA_ws_2026-09-21; flags no_text_layer,2020-03-03,,,in_force
0.2.0,,la-la1600-001,LA,https://laoofficialgazette.gov.la/kcfinder/upload/files/763ພນ2019.pdf,2026-09-21T04:19:23Z,pdf_scanned,true,raw/la/la_1600/20260921T0419Z__scanned.pdf,ຂໍ້ຕົກລົງ ວ່າດ້ວຍມາດຕະຖານການສ້າງ ແລະ ປັບປຸງນິຕິກຳ ຂອງກະຊວງພາຍໃນ,,,,requests,200,raw/la/la_1600/20260921T0419Z__scanned.pdf.headers.json,application/pdf,007fd293a60d982d2e4f917c46599423571b86f6885519e0da03703b7280b1bc,1323793,21,,,,corpus LA_corpus_2026-09-21: from LA_ws_2026-09-21; flags no_text_layer,2020-03-03,,,in_force
0.2.0,,la-la1601-001,LA,https://laoofficialgazette.gov.la/kcfinder/upload/files/17ພນ2016.pdf,2026-09-21T05:15:39Z,pdf_scanned,true,raw/la/la_1601/20260921T0515Z__scanned.pdf,ຄຳແນະນຳ ກ່ຽວກັບການນຳເອົານິຕິກຳຕ່າງໆ ຂອງກະຊວງພາຍໃນ ລົງໃນຈົດໝາຍເຫດທາງລັດຖະການ ຂອງລັດຖະບານ,,,,requests,200,raw/la/la_1601/20260921T0515Z__scanned.pdf.headers.json,application/pdf,19892c3c6bd5792b3d7a9de2814a30c6a908f17e2b2e5ad386dc8ff122a2081d,901720,6,,,,corpus LA_corpus_2026-09-21: from LA_ws_2026-09-21; flags no_text_layer,2020-03-03,,,in_force
0.2.0,,la-la1603-001,LA,https://laoofficialgazette.gov.la/kcfinder/upload/files/227ຈຂຈສ2020.pdf,2026-09-21T04:18:56Z,pdf_scanned,true,raw/la/la_1603/20260921T0418Z__scanned.pdf,"ຂໍ້ຕົກລົງ ວ່າດ້ວຍການຮັບຮອງລາຄາຫົວໜ່ວຍທົດແທນຄ່າເສຍຫາຍຊັບສິນ ຂອງປະຊາຊົນ ທີ່ຖືກຜົນກະທົບຈາກໂຄງການກໍ່ສ້າງເຂື່ອນໄຟຟ້າຫວ້ຍປາຫຼາຍ, ເມືອງບາຈຽງຈະເລີນສຸກ ແລະ ເມືອງປາກຊ່ອງ ແຂວງຈຳປາສັກ",,,,requests,200,raw/la/la_1603/20260921T0418Z__scanned.pdf.headers.json,application/pdf,4daf4a8a3754645280c79f0c8b509222ec82c04d94ea8d4eb0d1c711b41230a9,799255,10,,,,corpus LA_corpus_2026-09-21: from LA_ws_2026-09-21; flags no_text_layer,2020-03-05,,,in_force
0.2.0,,la-la1604-001,LA,https://laoofficialgazette.gov.la/kcfinder/upload/files/1380ຈຂຫພ2019.pdf,2026-09-21T04:18:52Z,pdf_scanned,true,raw/la/la_1604/20260921T0418Z__scanned.pdf,"ຂໍ້ຕົກລົງ ວ່າດ້ວຍການຄຸ້ມຄອງການຈັດງານແຕ່ງດອງ, ງານບາສີສູ່ຂັວນ, ງານລ້ຽງ ແລະ ງານບຸນປະເພນີຕ່າງໆ ຢູ່ແຂວງຫົວພັນ",,,,requests,200,raw/la/la_1604/20260921T0418Z__scanned.pdf.headers.json,application/pdf,a5a7f54d9728b72a8c7127b73023953c855cfcf6e97148e35138a0c3b817de2d,8458918,12,,,,corpus LA_corpus_2026-09-21: from LA_ws_2026-09-21; flags no_text_layer,2020-03-05,,,in_force
0.2.0,,la-la1606-001,LA,https://laoofficialgazette.gov.la/kcfinder/upload/files/03 ຈຂອປ 2020.pdf,2026-09-21T00:43:13Z,pdf_scanned,true,raw/la/la_1606/20260921T0043Z__scanned.pdf,ຄຳສັ່ງ ວ່າດ້ວຍການຊຳລະຄ່າທຳນຽມທາງປະຈຳປີ,,,,requests,200,raw/la/la_1606/20260921T0043Z__scanned.pdf.headers.json,application/pdf,a79da80122604d8aa6f0bad7bfb67d37316c9706fc3f4433829342292fb01b2f,1179709,3,,,,corpus LA_corpus_2026-09-21: from LA_ws_2026-09-21; flags no_text_layer,2020-03-23,,,in_force
0.2.0,,la-la1607-001,LA,https://laoofficialgazette.gov.la/kcfinder/upload/files/05 ຈຂອປ 2020.pdf,2026-09-21T02:46:57Z,pdf_scanned,true,raw/la/la_1607/20260921T0246Z__scanned.pdf,"ຄຳສັ່ງ ເລື່ອງການປ້ອງກັນ, ຄວບຄຸມ, ຕອບໂຕ້ ພະຍາດອັກເສບປອດຈາກເຊື້ອຈຸລະໂລກສາຍພັນໃໝ່ (COVID-19)",,,,requests,200,raw/la/la_1607/20260921T0246Z__scanned.pdf.headers.json,application/pdf,0751e23967654e6ee1bed3a93df1cb104fe34db60a604a3088c0afac48983ade,755401,2,,,,corpus LA_corpus_2026-09-21: from LA_ws_2026-09-21; flags no_text_layer,2020-03-23,,,in_force
0.2.0,,la-la1608-001,LA,https://laoofficialgazette.gov.la/kcfinder/upload/files/06ຈຂປອ2020.pdf,2026-09-21T02:47:06Z,pdf_scanned,true,raw/la/la_1608/20260921T0247Z__scanned.pdf,"ຄຳສັ່ງ ກ່ຽວກັບການຄຸ້ມຄອງຈັດເກັບ ອາກອນລາຍໄດ້ຈາກການຊື້-ຂາຍ, ການໂອນສິດນຳໃຊ້ທີ່ດິນ, ສິ່ງປຸກສ້າງ ຫຼື ທີ່ດິນພ້ອມສິ່ງປຸກສ້າງ",,,,requests,200,raw/la/la_1608/20260921T0247Z__scanned.pdf.headers.json,application/pdf,30e2baa7b22cbe07b90ca660a97456fba812901a4323b93cdb480ae099f984d4,729919,3,,,,corpus LA_corpus_2026-09-21: from LA_ws_2026-09-21; flags no_text_layer,2020-03-23,,,in_force
0.2.0,,la-la1609-001,LA,https://laoofficialgazette.gov.la/kcfinder/upload/files/288ທຫລ2020.pdf,2026-09-21T01:05:23Z,pdf_scanned,true,raw/la/la_1609/20260921T0105Z__scanned.pdf,ຂໍ້ຕົກລົງ ວ່າດ້ວຍການໃຫ້ບໍລິການຊຳລະ,,,,requests,200,raw/la/la_1609/20260921T0105Z__scanned.pdf.headers.json,application/pdf,38fc6122b98ef98e2a792cd7c22fb77755a47297f55c8635c425044a7af7589b,1216174,27,,,,corpus LA_corpus_2026-09-21: from LA_ws_2026-09-21; flags no_text_layer,2020-03-27,,,repealed
0.2.0,,la-la1610-001,LA,https://laoofficialgazette.gov.la/kcfinder/upload/files/74ທຫລ2020.pdf,2026-09-21T01:05:14Z,pdf_scanned,true,raw/la/la_1610/20260921T0105Z__scanned.pdf,ຂໍ້ຕົກລົງ ວ່າດ້ວຍມາດຕະຖານລາວຄິວອາ ເພື່ອການຊຳລະ,,,,requests,200,raw/la/la_1610/20260921T0105Z__scanned.pdf.headers.json,application/pdf,0d9880c984732c4ac41afdfe25cfb9209a03e9b4c1b259a164d5cc4eda553e8a,1116203,28,,,,corpus LA_corpus_2026-09-21: from LA_ws_2026-09-21; flags no_text_layer,2020-03-27,,,repealed
0.2.0,,la-la1611-001,LA,https://laoofficialgazette.gov.la/kcfinder/upload/files/78ສພຊ2019.pdf,2026-09-21T00:31:43Z,pdf_scanned,true,raw/la/la_1611/20260921T0031Z__scanned.pdf,ກົດໝາຍ ວ່າດ້ວຍການປະກັນໄພ (ສະບັບປັບປຸງ),,,,requests,200,raw/la/la_1611/20260921T0031Z__scanned.pdf.headers.json,application/pdf,3ac62d415edfcf20522ca469414f17d4433ff811d101cbf0fad620cd684f5bd7,1986739,32,,,,corpus LA_corpus_2026-09-21: from LA_ws_2026-09-21; flags no_text_layer,2020-03-30,,,in_force
0.2.0,,la-la1612-001,LA,https://laoofficialgazette.gov.la/kcfinder/upload/files/ກົດໝາຍ ຄວາມສະເໝີພາຍ ຍິງ-ຊາຍ.pdf,2026-09-21T01:27:57Z,pdf_scanned,true,raw/la/la_1612/20260921T0127Z__scanned.pdf,ກົດໝາຍ ວ່າດ້ວຍຄວາມສະເໝີພາບຍິງ-ຊາຍ,,,,requests,200,raw/la/la_1612/20260921T0127Z__scanned.pdf.headers.json,application/pdf,2767775127b0941a360c6209c7c7c86af5d4c6765ec3f5ce0d2da0f660246003,1508154,17,,,,corpus LA_corpus_2026-09-21: from LA_ws_2026-09-21; flags no_text_layer,2020-03-31,,,in_force
0.2.0,,la-la1613-001,LA,https://laoofficialgazette.gov.la/kcfinder/upload/files/199.13.03.2020.PDF,2026-09-21T02:25:41Z,pdf_scanned,true,raw/la/la_1613/20260921T0225Z__scanned.pdf,ດຳລັດ ວ່າດ້ວຍຢາສັດຕະວະແພດ,,,,requests,200,raw/la/la_1613/20260921T0225Z__scanned.pdf.headers.json,application/pdf,0c70607135451a908413f40cc8a2335395476495370d74f67ca8e089a12b4888,9685871,22,,,,corpus LA_corpus_2026-09-21: from LA_ws_2026-09-21; flags no_text_layer,2020-03-31,,,in_force
0.2.0,,la-la1614-001,LA,https://laoofficialgazette.gov.la/kcfinder/upload/files/ກົດໝາຍ ວ່າດ້ວຍກິລາ-ກາາຍະກຳ ປັບປຸງ.pdf,2026-09-21T01:27:49Z,pdf_scanned,true,raw/la/la_1614/20260921T0127Z__scanned.pdf,ກົດໝາຍ ວ່າດ້ວຍກິລາ-ກາຍຍະກຳ (ສະບັບປັບປຸງ),,,,requests,200,raw/la/la_1614/20260921T0127Z__scanned.pdf.headers.json,application/pdf,f6d718d5e40188f89c1d8e8877e94cf17e631e66e13670a63fdc96fca98f61d8,2117044,39,,,,corpus LA_corpus_2026-09-21: from LA_ws_2026-09-21; flags no_text_layer,2020-04-29,,,in_force
0.2.0,,la-la1615-001,LA,https://laoofficialgazette.gov.la/kcfinder/upload/files/333 ຈຂຄມ 2020.pdf,2026-09-21T04:18:20Z,pdf_scanned,true,raw/la/la_1615/20260921T0418Z__scanned.pdf,ຂໍ້ຕົກລົງຂອງເຈົ້າແຂວງໆ ຄຳມ່ວນ ວ່າດ້ວຍການຄຸ້ມຄອງນຳໃຊ້ ທີ່ດິນກະສິກຳ ຢູ່ແຂວງຄຳມ່ວນ,,,,requests,200,raw/la/la_1615/20260921T0418Z__scanned.pdf.headers.json,application/pdf,20ea4982f03903ba876e72fb995019614b5e28213240fa9ce4a585e9f979765d,846001,11,,,,corpus LA_corpus_2026-09-21: from LA_ws_2026-09-21; flags no_text_layer,2020-05-04,,,in_force
0.2.0,,la-la1616-001,LA,https://laoofficialgazette.gov.la/kcfinder/upload/files/80 ສພຊ 2019.pdf,2026-09-21T01:39:38Z,pdf_scanned,true,raw/la/la_1616/20260921T0139Z__scanned.pdf,ກົດໝາຍວ່າດ້ວຍ ການປັບປຸງມາດຕາ 12 ຂອງກົດໝາຍວ່າດ້ວຍ ການສົ່ງເສີມການລົງທຶນ ສະບັບປັບປຸງ ປີ 2016,,,,playwright,200,raw/la/la_1616/20260921T0139Z__scanned.pdf.headers.json,application/pdf,a5a583281256effeea3074808ebbc93f7d4c2a73b01f8d3a5b766bcbb9512f4c,1098663,4,,,,"corpus LA_corpus_2026-09-21: from LA_ws_2026-09-21; flags no_text_layer,short_principal",2020-05-05,,,repealed
0.2.0,,la-la1617-001,LA,https://laoofficialgazette.gov.la/kcfinder/upload/files/138ລບ2020.pdf,2026-09-21T02:25:26Z,pdf_scanned,true,raw/la/la_1617/20260921T0225Z__scanned.pdf,ດຳລັດ ວ່າດ້ວຍວິສາຫະກິດຮັກສາຄວາມປອດໄພ,,,,requests,200,raw/la/la_1617/20260921T0225Z__scanned.pdf.headers.json,application/pdf,c1b3a6c9d8e248139ac30fde6bb6df857a28d1ad6ce39285e3ff1bf3ab4a69fa,1255303,30,,,,corpus LA_corpus_2026-09-21: from LA_ws_2026-09-21; flags no_text_layer,2020-05-06,,,in_force
0.2.0,,la-la1618-001,LA,https://laoofficialgazette.gov.la/kcfinder/upload/files/255ລບ2020.pdf,2026-09-21T02:25:20Z,pdf_scanned,true,raw/la/la_1618/20260921T0225Z__scanned.pdf,ດຳລັດ ວ່າດ້ວຍການປົກປ້ອງຜູ້ຊົມໃຊ້ການບໍລິການທາງດ້ານການເງິນ,,,,requests,200,raw/la/la_1618/20260921T0225Z__scanned.pdf.headers.json,application/pdf,b24093f90e6d570e4ec2e77257c3f20ff87dd5b39ea11974573ee144003f546a,711135,14,,,,corpus LA_corpus_2026-09-21: from LA_ws_2026-09-21; flags no_text_layer,2020-05-08,,,in_force
0.2.0,,la-la1619-001,LA,https://laoofficialgazette.gov.la/kcfinder/upload/files/null.pdf,2026-09-21T01:14:21Z,pdf_scanned,true,raw/la/la_1619/20260921T0114Z__scanned.pdf,ປະມວນກົດໝາຍແພ່ງ,,,,requests,200,raw/la/la_1619/20260921T0114Z__scanned.pdf.headers.json,application/pdf,e7daa77fbdc5c0e2b996443bb224aea82fc3e9f0b0a1ab90fb15c17e50aacccf,4669265,139,,,,corpus LA_corpus_2026-09-21: from LA_ws_2026-09-21; flags no_text_layer,2020-05-11,,,in_force
0.2.0,,la-la1620-001,LA,https://laoofficialgazette.gov.la/kcfinder/upload/files/208:ລບ.pdf,2026-09-21T02:25:15Z,pdf_scanned,true,raw/la/la_1620/20260921T0225Z__scanned.pdf,ດຳລັດ ວ່າດ້ວຍການຮຽນຮູ້ຕະຫຼອດຊີວິດ,,,,requests,200,raw/la/la_1620/20260921T0225Z__scanned.pdf.headers.json,application/pdf,58a6720f614f9e6ce28b15e82386faadd54c9ea25eda2cc562420da4c31db094,769952,13,,,,corpus LA_corpus_2026-09-21: from LA_ws_2026-09-21; flags no_text_layer,2020-05-14,,,in_force
0.2.0,,la-la1621-001,LA,https://laoofficialgazette.gov.la/kcfinder/upload/files/127ລບ2020.pdf,2026-09-21T00:39:58Z,pdf_scanned,true,raw/la/la_1621/20260921T0039Z__scanned.pdf,ດຳລັດ ວ່າດ້ວຍຄວາມຮັບຜິດຊອບໃນການຕ້ານ ສະກັດກັ້ນການຟອກເງິນ ແລະ ການສະໜອງທຶນໃຫ້ແກ່ການກໍ່ການຮ້າຍ,,,,requests,200,raw/la/la_1621/20260921T0039Z__scanned.pdf.headers.json,application/pdf,54e2250f7ccac4fdb3f3a6f784ba3f824ff1323f17c01064a9956aa832850329,632026,8,,,,corpus LA_corpus_2026-09-21: from LA_ws_2026-09-21; flags no_text_layer,2020-05-15,,,in_force
0.2.0,,la-la1622-001,LA,https://laoofficialgazette.gov.la/kcfinder/upload/files/0464ອຄກ.ນຄຕ2020.pdf,2026-09-21T05:15:32Z,pdf_scanned,true,raw/la/la_1622/20260921T0515Z__scanned.pdf,"ຄຳແນະນຳ ກ່ຽວກັບການຈັດຕັ້ງປະຕິບັດ ມາດຕາ 10, 11 ແລະ 18 ຂອງກົດໝາຍວ່າດ້ວຍການຕອບໂຕ້ ການທຸ່ມຕະຫຼາດ ແລະ ການຊ່ວຍໜູນຂອງປະເທດຜູ້ສົ່ງອອກ ສະບັບເລກ 65/ສພຊ, ລົງວັນທີ 14 ມິຖຸນາ 2019",,,,requests,200,raw/la/la_1622/20260921T0515Z__scanned.pdf.headers.json,application/pdf,b0bff19e4ec12ad5aebd5e89e7555ea758e8ddf857b4d00caad821d5f3b3e800,886579,7,,,,corpus LA_corpus_2026-09-21: from LA_ws_2026-09-21; flags no_text_layer,2020-05-21,,,in_force
0.2.0,,la-la1623-001,LA,https://laoofficialgazette.gov.la/kcfinder/upload/files/76ສພຊ2019.pdf,2026-09-21T01:27:42Z,pdf_scanned,true,raw/la/la_1623/20260921T0127Z__scanned.pdf,ກົດໝາຍ ວ່າດ້ວຍຮູບເງົາ,,,,playwright,200,raw/la/la_1623/20260921T0127Z__scanned.pdf.headers.json,application/pdf,6cd02e6e7b4274346edb9c74dfe2fd36e98bb6281b02ae67fa254e78b2fffa60,1471886,25,,,,corpus LA_corpus_2026-09-21: from LA_ws_2026-09-21; flags no_text_layer,2020-05-21,,,in_force
0.2.0,,la-la1624-001,LA,https://laoofficialgazette.gov.la/kcfinder/upload/files/73ສພຊ2019.pdf,2026-09-21T01:27:35Z,pdf_scanned,true,raw/la/la_1624/20260921T0127Z__scanned.pdf,ກົດໝາຍ ວ່າດ້ວຍການອະນາໄມ ແລະ ສົ່ງເສີມສຸຂະພາບ (ສະບັບປັບປຸງ),,,,requests,200,raw/la/la_1624/20260921T0127Z__scanned.pdf.headers.json,application/pdf,dfa5b849e2f8b18de45d2fbc9cdd385032ce24e6ba6fae88e02c48d0a127de7f,1901893,29,,,,corpus LA_corpus_2026-09-21: from LA_ws_2026-09-21; flags no_text_layer,2020-05-25,,,in_force
0.2.0,,la-la1625-001,LA,https://laoofficialgazette.gov.la/kcfinder/upload/files/75ສພຊ2019 new.pdf,2026-09-21T01:27:20Z,pdf_scanned,true,raw/la/la_1625/20260921T0127Z__scanned.pdf,ກົດໝາຍ ວ່າດ້ວຍການຟື້ນຟູ ແລະ ການລົ້ມລະລາຍຂອງວິສາຫະກິດ (ສະບັບປັບປຸງ),,,,requests,200,raw/la/la_1625/20260921T0127Z__scanned.pdf.headers.json,application/pdf,d85293f077276908d587b2932d9a5543566d2ad14ea8a9690e7a8b9959261e6d,2152524,34,,,,corpus LA_corpus_2026-09-21: from LA_ws_2026-09-21; flags no_text_layer,2020-05-25,,,in_force
0.2.0,,la-la1626-001,LA,https://laoofficialgazette.gov.la/kcfinder/upload/files/scan0034.pdf,2026-09-21T00:57:33Z,pdf_scanned,true,raw/la/la_1626/20260921T0057Z__scanned.pdf,ຂໍ້ຕົກລົງ ວ່າດ້ວຍລະບົບການຊຳລະ ແລະ ຫັກບັນຊີ ຂອງ ສປປ ລາວ,,,,requests,200,raw/la/la_1626/20260921T0057Z__scanned.pdf.headers.json,application/pdf,f40c5ab642d1d4bd7155cd39ea15bee5083cd0832766220d79ad294b4f09598a,731852,12,,,,corpus LA_corpus_2026-09-21: from LA_ws_2026-09-21; flags no_text_layer,2020-05-29,,,in_force
0.2.0,,la-la1627-001,LA,https://laoofficialgazette.gov.la/kcfinder/upload/files/207ລບ2020.pdf,2026-09-21T02:24:58Z,pdf_scanned,true,raw/la/la_1627/20260921T0224Z__scanned.pdf,ດຳລັດ ວ່າດ້ວຍວຽກງານຊົນເຜົ່າ,,,,requests,200,raw/la/la_1627/20260921T0224Z__scanned.pdf.headers.json,application/pdf,014c59aefca77eb1f183dd1f40e25ff93e7b55a3d49ffb4505d82885d2aac5bf,965149,15,,,,corpus LA_corpus_2026-09-21: from LA_ws_2026-09-21; flags no_text_layer,2020-06-04,,,in_force
0.2.0,,la-la1628-001,LA,https://laoofficialgazette.gov.la/kcfinder/upload/files/3972ປທສ2020.pdf,2026-09-21T00:56:46Z,pdf_scanned,true,raw/la/la_1628/20260921T0056Z__scanned.pdf,ຂໍ້ຕົກລົງ ວ່າດ້ວຍການອະນຸຍາດດຳເນີນທຸລະກິດບໍລິການອິນເຕີເນັດ,,,,playwright,200,raw/la/la_1628/20260921T0056Z__scanned.pdf.headers.json,application/pdf,8ad8f0732d88ad9cf00ccaae63b593d7e4a6870f8b64b4fa19fc0e8dde6030ea,741684,13,,,,corpus LA_corpus_2026-09-21: from LA_ws_2026-09-21; flags no_text_layer,2020-06-04,,,in_force
0.2.0,,la-la1629-001,LA,https://laoofficialgazette.gov.la/kcfinder/upload/files/1061ປທສ2020.pdf,2026-09-21T00:57:27Z,pdf_scanned,true,raw/la/la_1629/20260921T0057Z__scanned.pdf,ຂໍ້ຕົກລົງ ວ່າດ້ວຍການປົກປ້ອງຜູ້ໃຊ້ບໍລິການດ້ານໂທລະຄົມມະນາຄົມ ແລະ ອິນເຕີເນັດ,,,,requests,200,raw/la/la_1629/20260921T0057Z__scanned.pdf.headers.json,application/pdf,bee5ce79b9a0fd16474d0977bd8c75c0d1c3b950d5c652bdf4e51506d615ebde,609972,7,,,,corpus LA_corpus_2026-09-21: from LA_ws_2026-09-21; flags no_text_layer,2020-06-04,,,in_force
0.2.0,,la-la1630-001,LA,https://laoofficialgazette.gov.la/kcfinder/upload/files/1062ປທສ2020.pdf,2026-09-21T04:18:12Z,pdf_scanned,true,raw/la/la_1630/20260921T0418Z__scanned.pdf,ຂໍ້ຕົກລົງ ວ່າດ້ວຍລະບົບຫ້ອງການທັນສະໄໝ (e-office),,,,requests,200,raw/la/la_1630/20260921T0418Z__scanned.pdf.headers.json,application/pdf,d2ca700f72d33656e2e368fde4a956ad0ffdd0dce7c1df13b150d907cd3bcb31,638290,10,,,,corpus LA_corpus_2026-09-21: from LA_ws_2026-09-21; flags no_text_layer,2020-06-04,,,in_force
0.2.0,,la-la1631-001,LA,https://laoofficialgazette.gov.la/kcfinder/upload/files/1101ປທສ2020.pdf,2026-09-21T00:57:24Z,pdf_scanned,true,raw/la/la_1631/20260921T0057Z__scanned.pdf,ຂໍ້ຕົກລົງ ວ່າດ້ວຍການດຳເນີນກິດຈະການລາຍເຊັນເອເລັກໂຕຣນິກ,,,,requests,200,raw/la/la_1631/20260921T0057Z__scanned.pdf.headers.json,application/pdf,120e19b6598b57e42ba74fb2edb5eff6653086b34e54a3f728a3147aabd51075,1143510,22,,,,corpus LA_corpus_2026-09-21: from LA_ws_2026-09-21; flags no_text_layer,2020-06-04,,,in_force
0.2.0,,la-la1633-001,LA,https://laoofficialgazette.gov.la/kcfinder/upload/files/ilovepdf_merged_(7).pdf,2026-09-21T04:22:53Z,pdf_scanned,true,raw/la/la_1633/20260921T0422Z__scanned.pdf,ຂໍ້ຕົກລົງ ວ່າດ້ວຍການຄຸ້ມຄອງທາງຫຼວງຂອງແຂວງ,,,,requests,200,raw/la/la_1633/20260921T0422Z__scanned.pdf.headers.json,application/pdf,ff26514b734ccd3c156e5559ce308607441e1f76ae5d2bb7876be3aef2a0cd84,10261881,8,,,,corpus LA_corpus_2026-09-21: from LA_ws_2026-09-21; flags no_text_layer,2019-05-13,,,in_force
0.2.0,,la-la1635-001,LA,https://laoofficialgazette.gov.la/kcfinder/upload/files/Securities.pdf,2026-09-21T00:31:34Z,pdf_scanned,true,raw/la/la_1635/20260921T0031Z__scanned.pdf,ກົດໝາຍ ວ່າດ້ວຍຫຼັກຊັບ (ສະບັບປັບປຸງ),,,,requests,200,raw/la/la_1635/20260921T0031Z__scanned.pdf.headers.json,application/pdf,219a89d67f521cc95301d1e831eae1fd5965cbecd3ca49579c45229d70cde712,2948520,67,,,,corpus LA_corpus_2026-09-21: from LA_ws_2026-09-21; flags no_text_layer,2020-06-22,,,in_force
0.2.0,,la-la1636-001,LA,https://laoofficialgazette.gov.la/kcfinder/upload/files/238ລບ2020.pdf,2026-09-21T02:24:44Z,pdf_scanned,true,raw/la/la_1636/20260921T0224Z__scanned.pdf,ດຳລັດ ວ່າດ້ວຍແນວພັນພືດ,,,,requests,200,raw/la/la_1636/20260921T0224Z__scanned.pdf.headers.json,application/pdf,f80784e6a82d4b83e3e1c62ecdb5e344ab836e8aa6ffc7e30e62aa16310a8c7a,1130910,18,,,,corpus LA_corpus_2026-09-21: from LA_ws_2026-09-21; flags no_text_layer,2020-06-23,,,in_force
0.2.0,,la-la1637-001,LA,https://laoofficialgazette.gov.la/kcfinder/upload/files/559ຊຍ2020.pdf,2026-09-21T04:17:41Z,pdf_scanned,true,raw/la/la_1637/20260921T0417Z__scanned.pdf,ຂໍ້ຕົກລົງ ວ່າດ້ວຍກອງທຶນສົ່ງເສີມກະສິກຳຍືນຍົງ,,,,requests,200,raw/la/la_1637/20260921T0417Z__scanned.pdf.headers.json,application/pdf,bcbea9e668bae135c305d8a5bf1b903a7d59b9294b279c1e64cd394284e528f2,8861150,14,,,,corpus LA_corpus_2026-09-21: from LA_ws_2026-09-21; flags no_text_layer,2020-06-29,,,in_force
0.2.0,,la-la1638-001,LA,https://laoofficialgazette.gov.la/kcfinder/upload/files/560ຊຍ2020.pdf,2026-09-21T04:18:10Z,pdf_scanned,true,raw/la/la_1638/20260921T0418Z__scanned.pdf,ຂໍ້ຕົກລົງ ວ່າດ້ວຍການຄຸ້ມຄອງ ແລະ ການພັດທະນາ ຊົນລະປະທານ,,,,requests,200,raw/la/la_1638/20260921T0418Z__scanned.pdf.headers.json,application/pdf,54942a31c3f536192350d592def360f264f21262ca11606ff75dc6a82e2c6ad3,8814958,14,,,,corpus LA_corpus_2026-09-21: from LA_ws_2026-09-21; flags no_text_layer,2020-06-29,,,in_force
0.2.0,,la-la1640-001,LA,https://laoofficialgazette.gov.la/kcfinder/upload/files/232ລບ2020.pdf,2026-09-21T02:24:38Z,pdf_scanned,true,raw/la/la_1640/20260921T0224Z__scanned.pdf,ດຳລັດ ວ່າດ້ວຍການປະຢັດ ແລະ ອະນຸລັກ ພະລັງງານ,,,,requests,200,raw/la/la_1640/20260921T0224Z__scanned.pdf.headers.json,application/pdf,1365fd3ec2e58062ffa0f3a31506b9a53793fb7a3745a498fb060fcc64fd6497,1117058,21,,,,corpus LA_corpus_2026-09-21: from LA_ws_2026-09-21; flags no_text_layer,2020-07-06,,,in_force
0.2.0,,la-la1641-001,LA,https://laoofficialgazette.gov.la/kcfinder/upload/files/235ລບ2020.pdf,2026-09-21T00:39:52Z,pdf_scanned,true,raw/la/la_1641/20260921T0039Z__scanned.pdf,ດຳລັດ ວ່າດ້ວຍກອງທຶນພັດທະນາ ວິທະຍາສາດ ແລະ ເຕັກໂນໂລຊີ,,,,requests,200,raw/la/la_1641/20260921T0039Z__scanned.pdf.headers.json,application/pdf,5452fb5de279e273c258c62c78f68733c054da146557f465b05019e4c3e57c68,704447,8,,,,corpus LA_corpus_2026-09-21: from LA_ws_2026-09-21; flags no_text_layer,2020-07-09,,,in_force
0.2.0,,la-la1643-001,LA,https://laoofficialgazette.gov.la/kcfinder/upload/files/393ທຫລ2020.pdf,2026-09-21T00:56:39Z,pdf_scanned,true,raw/la/la_1643/20260921T0056Z__scanned.pdf,ຂໍ້ຕົກລົງ ວ່າດ້ວຍທຸລະກິດແລກປ່ຽນເງິນຕາ,,,,requests,200,raw/la/la_1643/20260921T0056Z__scanned.pdf.headers.json,application/pdf,fa319a1f884dbe116bfcec39380c045b4e301f1e3fa1fbc4413025881733cf2b,741142,12,,,,corpus LA_corpus_2026-09-21: from LA_ws_2026-09-21; flags no_text_layer,2020-07-09,,,in_force
0.2.0,,la-la1644-001,LA,https://laoofficialgazette.gov.la/kcfinder/upload/files/252ລບ2022.pdf,2026-09-21T02:24:30Z,pdf_scanned,true,raw/la/la_1644/20260921T0224Z__scanned.pdf,ດຳລັດ ວ່າດ້ວຍການປິດບໍ່ແຮ່,,,,requests,200,raw/la/la_1644/20260921T0224Z__scanned.pdf.headers.json,application/pdf,a9f0daf11e98c8e80f620f120cd1c120f6c7bf8ff17eaa68216082c71257e9d0,892651,19,,,,corpus LA_corpus_2026-09-21: from LA_ws_2026-09-21; flags no_text_layer,2020-07-09,,,in_force
0.2.0,,la-la1645-001,LA,https://laoofficialgazette.gov.la/kcfinder/upload/files/Untitled.pdf,2026-09-21T04:16:45Z,pdf_native,false,raw/la/la_1645/20260921T0416Z__native.pdf,ຂໍ້ຕົກລົງ ວ່າດ້ວຍການກຳນົດຂອບເຂດ ແລະ ປະເມີນຫົວໜ່ວຍລາຄາການທົດແທນຄ່າເສຍຫາຍ ໃຫ້ຜູ້ຖືກຜົນກະທົບຈາກໂຄງການກໍ່ສ້າງທາງລົດໄຟ ລາວ-ຈີນ ໄລຍະນະຄອນຫຼວງວຽງຈັນ,,,,requests,200,raw/la/la_1645/20260921T0416Z__native.pdf.headers.json,application/pdf,0a7c3952bce2a2baa96ff49223c1aea7b7614ea9b20cee217338bbcd16b686eb,2929863,3,,,,corpus LA_corpus_2026-09-21: from LA_ws_2026-09-21,2020-07-21,,,in_force
0.2.0,,la-la1646-001,LA,https://laoofficialgazette.gov.la/kcfinder/upload/files/407ທຫລ2020.pdf,2026-09-21T04:16:09Z,pdf_scanned,true,raw/la/la_1646/20260921T0416Z__scanned.pdf,ຂໍ້ຕົກລົງ ວ່າດ້ວຍການຄຸ້ມຄອງທະນະບັດໃນຂອດຈໍລະຈອນ,,,,requests,200,raw/la/la_1646/20260921T0416Z__scanned.pdf.headers.json,application/pdf,4cf19fa63ed5befa58238c7a6c12a50de0cafe130e35fbba0cb7143f84e12d48,552646,8,,,,corpus LA_corpus_2026-09-21: from LA_ws_2026-09-21; flags no_text_layer,2020-07-23,,,in_force
0.2.0,,la-la1647-001,LA,https://laoofficialgazette.gov.la/kcfinder/upload/files/903ປທສ2020.pdf,2026-09-21T00:56:31Z,pdf_scanned,true,raw/la/la_1647/20260921T0056Z__scanned.pdf,ຂໍ້ຕົກລົງ ວ່າດ້ວຍການຂຶ້ນທະບຽນເລກໝາຍໂທລະສັບ,,,,requests,200,raw/la/la_1647/20260921T0056Z__scanned.pdf.headers.json,application/pdf,08e814c0ac98164dda6e9502b4556bd99ad0804dd545495494cd04638f1355b3,605275,9,,,,corpus LA_corpus_2026-09-21: from LA_ws_2026-09-21; flags no_text_layer,2020-07-23,,,in_force
0.2.0,,la-la1648-001,LA,https://laoofficialgazette.gov.la/kcfinder/upload/files/0682ອຄ2020.pdf,2026-09-21T05:15:21Z,pdf_scanned,true,raw/la/la_1648/20260921T0515Z__scanned.pdf,ຄຳແນະນຳ ກ່ຽວກັບການດຳເນີນກິດຈະການໂຮງງານປຸງແຕ່ງ ສິ່ງເສດເຫຼືອຢາງປລາສະຕິກ,,,,requests,200,raw/la/la_1648/20260921T0515Z__scanned.pdf.headers.json,application/pdf,96e809265f24261238b968b3c61e61773876a1162c92f1ee2b8a9f44358cdd79,988155,9,,,,corpus LA_corpus_2026-09-21: from LA_ws_2026-09-21; flags no_text_layer,2020-07-27,,,in_force
0.2.0,,la-la1649-001,LA,https://laoofficialgazette.gov.la/kcfinder/upload/files/ດຳເນີນຄະດີແພ່ງ 2004.pdf,2026-09-21T01:39:31Z,pdf_native,false,raw/la/la_1649/20260921T0139Z__native.pdf,ກົດໝາຍ ວ່າດ້ວຍການດຳເນີນຄະດີແພ່ງ,,,,requests,200,raw/la/la_1649/20260921T0139Z__native.pdf.headers.json,application/pdf,b77d7afa63c17b52b906cbfb4add7d5054068ce2d6c16e94ab87381ede5d86c4,623625,44,,,,corpus LA_corpus_2026-09-21: from LA_ws_2026-09-21,2020-07-27,,,repealed
0.2.0,,la-la1650-001,LA,https://laoofficialgazette.gov.la/kcfinder/upload/files/ດຳເນີນຄະດີອາຍາ 2004 LAST amended Criminal procedure 27.05.04.pdf,2026-09-21T00:32:58Z,pdf_native,false,raw/la/la_1650/20260921T0032Z__native.pdf,ກົດໝາຍ ວ່າດ້ວຍການດຳເນີນຄະດີອາຍາ,,,,playwright,200,raw/la/la_1650/20260921T0032Z__native.pdf.headers.json,application/pdf,d2872b9671924af39f7894fc8b4e9732cbb41967d4c7d6d599c6151b59d5efb0,658944,49,,,,corpus LA_corpus_2026-09-21: from LA_ws_2026-09-21,2020-07-27,,,repealed
0.2.0,,la-la1653-001,LA,https://laoofficialgazette.gov.la/kcfinder/upload/files/0707ອຄ2020.pdf,2026-09-21T05:15:15Z,pdf_scanned,true,raw/la/la_1653/20260921T0515Z__scanned.pdf,ຄຳແນະນຳ ກ່ຽວກັບການຈັດຕັ້ງ ແລະ ການເຄື່ອນໄຫວ ຂອງສະມາຄົມປົກປ້ອງຜູ້ຊົມໃຊ້,,,,requests,200,raw/la/la_1653/20260921T0515Z__scanned.pdf.headers.json,application/pdf,21d90019d19b91362f0fa66f599b98adbbdb5595082b89448a716c2a3f044d43,668545,4,,,,corpus LA_corpus_2026-09-21: from LA_ws_2026-09-21; flags no_text_layer,2020-08-03,,,in_force
0.2.0,,la-la1654-001,LA,https://laoofficialgazette.gov.la/kcfinder/upload/files/83ສພຊ2020.pdf,2026-09-21T01:39:14Z,pdf_scanned,true,raw/la/la_1654/20260921T0139Z__scanned.pdf,ກົດໝາຍ ວ່າດ້ວຍການປັບປຸງບາງມາດຕາຂອງກົດໝາຍວ່າດ້ວຍການເລືອກຕັ້ງສະມາຊິກສະພາແຫ່ງຊາດ ແລະ ສະພາປະຊາຊົນຂັ້ນແຂວງ,,,,requests,200,raw/la/la_1654/20260921T0139Z__scanned.pdf.headers.json,application/pdf,a2406d1909395c6742a8987ac7aefb8b3e8530b856281a82341596c4d997fe0f,1436887,5,,,,corpus LA_corpus_2026-09-21: from LA_ws_2026-09-21; flags no_text_layer,2020-08-11,,,repealed
0.2.0,,la-la1655-001,LA,https://laoofficialgazette.gov.la/kcfinder/upload/files/82ສພຊ2020 (2).pdf,2026-09-21T01:39:28Z,pdf_scanned,true,raw/la/la_1655/20260921T0139Z__scanned.pdf,ກົດໝາຍ ວ່າດ້ວຍການປັບປຸງບາງມາດຕາຂອງກົດໝາຍວ່າດ້ວຍສະພາແຫ່ງຊາດ ແລະ ກົດໝາຍວ່າດ້ວຍສະພາປະຊາຊົນຂັ້ນແຂວງ,,,,requests,200,raw/la/la_1655/20260921T0139Z__scanned.pdf.headers.json,application/pdf,61a720db2b79a4fd83ec95ebbfaa8a2ad4b9c7eb180c34ac51f9a8bef82da8ab,1601592,21,,,,corpus LA_corpus_2026-09-21: from LA_ws_2026-09-21; flags no_text_layer,2020-08-11,,,repealed
0.2.0,,la-la1656-001,LA,https://laoofficialgazette.gov.la/kcfinder/upload/files/70ສພຊ2019.pdf,2026-09-21T01:27:18Z,pdf_scanned,true,raw/la/la_1656/20260921T0127Z__scanned.pdf,ກົດໝາຍ ວ່າດ້ວຍທີ່ດິນ (ສະບັບປັບປຸງ),,,,requests,200,raw/la/la_1656/20260921T0127Z__scanned.pdf.headers.json,application/pdf,8b6589186b3da44277759a6fe2fffefbdd2861959cef363821915cbe5a75b88d,3211125,62,,,,corpus LA_corpus_2026-09-21: from LA_ws_2026-09-21; flags no_text_layer,2020-08-12,,,in_force
0.2.0,,la-la1657-001,LA,https://laoofficialgazette.gov.la/kcfinder/upload/files/0725ອຄ2020.pdf,2026-09-21T00:56:26Z,pdf_scanned,true,raw/la/la_1657/20260921T0056Z__scanned.pdf,ຂໍ້ຕົກລົງ ວ່າດ້ວຍການຢັ້ງຢືນແຫຼ່ງກຳເນີດສິນຄ້າດ້ວຍຕົນເອງຜ່ານລະບົບການລົງທະບຽນເປັນຜູ້ສົ່ງອອກພາຍໃຕ້ສິດທິພິເສດທາງການຄ້າ,,,,requests,200,raw/la/la_1657/20260921T0056Z__scanned.pdf.headers.json,application/pdf,24755c833fdf05fc6d11f48880627526f73b005b7054f98031040502a3a51373,830626,5,,,,corpus LA_corpus_2026-09-21: from LA_ws_2026-09-21; flags no_text_layer,2020-08-17,,,in_force
0.2.0,,la-la1658-001,LA,https://laoofficialgazette.gov.la/kcfinder/upload/files/1561ປທສ2020.pdf,2026-09-21T05:15:09Z,pdf_scanned,true,raw/la/la_1658/20260921T0515Z__scanned.pdf,ຄຳແນະນຳ ກ່ຽວກັບການນຳໃຊ້ສື່ສັງຄົມອອນລາຍໃຫ້ມີຄວາມປອດໄພ,,,,playwright,200,raw/la/la_1658/20260921T0515Z__scanned.pdf.headers.json,application/pdf,fd16744b31cbfbcbcb5137c3c077b41e9539a302038f004c4893ad824d171eff,1898077,16,,,,corpus LA_corpus_2026-09-21: from LA_ws_2026-09-21; flags no_text_layer,2020-09-03,,,in_force
0.2.0,,la-la1659-001,LA,https://laoofficialgazette.gov.la/kcfinder/upload/files/1753ກປ2020.pdf,2026-09-21T01:10:55Z,pdf_scanned,true,raw/la/la_1659/20260921T0110Z__scanned.pdf,ຄຳແນະນຳ ກ່ຽວກັບການຂຶ້ນທະບຽນສະຖານທີ່ປະກອບການຜະລິດສຳລັບ ການສົ່ງອອກ ພືດ ແລະ ຜະລິດຕະພັນພືດ,,,,requests,200,raw/la/la_1659/20260921T0110Z__scanned.pdf.headers.json,application/pdf,040ccb6fcbe2611f676cf30e4f00d071415c0b5ec3faab3b67a29227c3449bfa,3571821,12,,,,corpus LA_corpus_2026-09-21: from LA_ws_2026-09-21; flags no_text_layer,2020-09-03,,,in_force
0.2.0,,la-la1660-001,LA,https://laoofficialgazette.gov.la/kcfinder/upload/files/0777ອຄ2020.pdf,2026-09-21T04:57:09Z,pdf_scanned,true,raw/la/la_1660/20260921T0457Z__scanned.pdf,ຂໍ້ຕົກລົງ ວ່າດ້ວຍການຄຸ້ມຄອງ ແລະ ຕິດຕາມໄມ້ສົ້ນເຂົ້າ ແລະ ສົ້ນອອກ,,,,requests,200,raw/la/la_1660/20260921T0457Z__scanned.pdf.headers.json,application/pdf,ebcac2efcf6df65fdec81125f47153f0f70ed64bac6e722feccd66482f7349e4,838983,11,,,,corpus LA_corpus_2026-09-21: from LA_ws_2026-09-21; flags no_text_layer,2020-09-08,,,repealed
0.2.0,,la-la1661-001,LA,https://laoofficialgazette.gov.la/kcfinder/upload/files/475ຂບຊ2020.pdf,2026-09-21T04:15:54Z,pdf_scanned,true,raw/la/la_1661/20260921T0415Z__scanned.pdf,"ຂໍ້ຕົກລົງ ຂອງເຈົ້າແຂວງບໍລິຄຳໄຊ ວ່າດ້ວຍການຄຸ້ມຄອງ, ປົກປັກຮັກສາຊັບພະຍາກອນປ່າໄມ້ ແລະ ຊີວະນາໆພັນ ໃນເຂດອ່າງຮັບນໍ້າໜ້າເຄື່ອນໄຟຟ້າ ນໍ້າງຽບ 1 ໃນເຂດພື້ນທີ່ ແຂວງບໍລິຄຳໄຊ",,,,requests,200,raw/la/la_1661/20260921T0415Z__scanned.pdf.headers.json,application/pdf,0ca9d2aacac3db5bdf9cbf8bdb92bf860b7f26ed74d056a011f5f2e88def486c,784323,13,,,,corpus LA_corpus_2026-09-21: from LA_ws_2026-09-21; flags no_text_layer,2020-09-08,,,in_force
0.2.0,,la-la1662-001,LA,https://laoofficialgazette.gov.la/kcfinder/upload/files/786ຂບຊ2018.pdf,2026-09-21T04:13:54Z,pdf_scanned,true,raw/la/la_1662/20260921T0413Z__scanned.pdf,ຂໍ້ຕົກລົງ ເຈົ້າແຂວງບໍລິຄຳໄຊ ວ່າດ້ວຍການມີສ່ວນຮ່ວມຂອງສັງຄົມເຂົ້າໃນວຽກງານການສຶກສາ,,,,requests,200,raw/la/la_1662/20260921T0413Z__scanned.pdf.headers.json,application/pdf,2afe42276339c6ccdea436ed0a5a9c1d263ff18014e3a06af8cf2cc7629098c2,735236,9,,,,corpus LA_corpus_2026-09-21: from LA_ws_2026-09-21; flags no_text_layer,2020-09-08,,,in_force
0.2.0,,la-la1663-001,LA,https://laoofficialgazette.gov.la/kcfinder/upload/files/849ຂບຊ2017.pdf,2026-09-21T04:14:05Z,pdf_scanned,true,raw/la/la_1663/20260921T0414Z__scanned.pdf,ຂໍ້ຕົກລົງ ຂອງທ່ານເຈົ້າແຂວງບໍລິຄຳໄຊ ວ່າດ້ວຍການກຳນົດລາຄາຫົວໜ່ວຍທົດແທນຄ່າເສຍຫາຍ ໂຄງການສາຍສົ່ງ 115 ກວ ຈາກເຄື່ອນໄຟຟ້ານໍ້າງຽບ1-ສະຖານີເມືອງປາກຊັນ,,,,requests,200,raw/la/la_1663/20260921T0414Z__scanned.pdf.headers.json,application/pdf,cb61b89e69f20fd6f67b9e070644775c1ea39d4b0fd761723f041d1d41bc3006,703271,4,,,,corpus LA_corpus_2026-09-21: from LA_ws_2026-09-21; flags no_text_layer,2020-09-08,,,in_force
0.2.0,,la-la1664-001,LA,https://laoofficialgazette.gov.la/kcfinder/upload/files/94ຂບຊ2019.pdf,2026-09-21T04:14:08Z,pdf_scanned,true,raw/la/la_1664/20260921T0414Z__scanned.pdf,ຂໍ້ຕົກລົງ ວ່າດ້ວຍການຄຸ້ມຄອງການພັດທະນາຕົວເມືອງຂອງເມືອງປາກຊັນ,,,,requests,200,raw/la/la_1664/20260921T0414Z__scanned.pdf.headers.json,application/pdf,d6e2d10f1c36005b033f07d1f67cce4559d52c3255fb19d3857dc45eaed59926,950487,14,,,,corpus LA_corpus_2026-09-21: from LA_ws_2026-09-21; flags no_text_layer,2020-09-08,,,in_force
0.2.0,,la-la1665-001,LA,https://laoofficialgazette.gov.la/kcfinder/upload/files/784ຂບຊ2018.pdf,2026-09-21T04:14:42Z,pdf_scanned,true,raw/la/la_1665/20260921T0414Z__scanned.pdf,ຂໍ້ຕົກລົງ ຂອງເຈົ້າແຂວງບໍລິຄຳໄຊ ວ່າດ້ວຍລະບຽບການຄຸ້ມຄອງເຂດຊົດເຊີຍຊີວະນາໆພັນນໍ້າຈວນ-ນໍ້າຊັ່ງ ຂອງໂຄງການເຄື່ອນໄຟຟ້ານໍ້າງຽບ1,,,,requests,200,raw/la/la_1665/20260921T0414Z__scanned.pdf.headers.json,application/pdf,64670e92831913ecdc3b4457294da03d349a5b88eed7ad0b3caf6cc467672354,891803,13,,,,corpus LA_corpus_2026-09-21: from LA_ws_2026-09-21; flags no_text_layer,2020-09-08,,,in_force
0.2.0,,la-la1666-001,LA,https://laoofficialgazette.gov.la/kcfinder/upload/files/237ຂບຊ2018.pdf,2026-09-21T04:15:04Z,pdf_scanned,true,raw/la/la_1666/20260921T0415Z__scanned.pdf,ຂໍ້ຕົກລົງ ຂອງເຈົ້າແຂວງບໍລິຄຳໄຊ ວ່າດ້ວຍການຄຸ້ມຄອງ ແລະ ພັດທະນາທີ່ດິນກະສິກຳໃນເຂດຊົນລະປະທານ,,,,requests,200,raw/la/la_1666/20260921T0415Z__scanned.pdf.headers.json,application/pdf,3170df27a6a67b719fcd497f9e012729a48db0dea55388f2f5f800d38cefae9c,762013,11,,,,corpus LA_corpus_2026-09-21: from LA_ws_2026-09-21; flags no_text_layer,2020-09-08,,,in_force
0.2.0,,la-la1667-001,LA,https://laoofficialgazette.gov.la/kcfinder/upload/files/235ຂບຊ2018.pdf,2026-09-21T04:15:23Z,pdf_scanned,true,raw/la/la_1667/20260921T0415Z__scanned.pdf,"ຂໍ້ຕົກລົງ ຂອງເຈົ້າແຂວງບໍລິຄຳໄຊ ວ່າດ້ວຍການກຳນົດເກັບຄ່າຊັບພະຍາກອນປ່າໄມ້, ຄ່າພັນທະປູກໄມ້ທົດແທນຄືນ ແລະ ຄ່າຄຸ້ມຄອງ ປະເພດເຄື່ອງປ່າຂອງດົງ",,,,requests,200,raw/la/la_1667/20260921T0415Z__scanned.pdf.headers.json,application/pdf,f423a99476fe981366ae561095bf6819bf9dabcd05d428f5cd71fa52961f678f,711102,11,,,,corpus LA_corpus_2026-09-21: from LA_ws_2026-09-21; flags no_text_layer,2020-09-08,,,in_force
0.2.0,,la-la1668-001,LA,https://laoofficialgazette.gov.la/kcfinder/upload/files/486ຂບຊ2019.pdf,2026-09-21T04:15:43Z,pdf_scanned,true,raw/la/la_1668/20260921T0415Z__scanned.pdf,ຂໍ້ຕົກລົງ ວ່າດ້ວຍການຄຸ້ມຄອງການລົງທຶນດ້ານກະສິກຳຮູບແບບ 1+2+3 ຂອງແຂວງບໍລິຄຳໄຊ,,,,requests,200,raw/la/la_1668/20260921T0415Z__scanned.pdf.headers.json,application/pdf,9f0e2a092a84b1dcd6d38f61b4d35a4ecab5c44bdcff75188b735b8b2ded71b5,1155759,15,,,,corpus LA_corpus_2026-09-21: from LA_ws_2026-09-21; flags no_text_layer,2020-09-08,,,in_force
0.2.0,,la-la1669-001,LA,https://laoofficialgazette.gov.la/kcfinder/upload/files/1211ພບ2020.pdf,2026-09-21T04:13:24Z,pdf_scanned,true,raw/la/la_1669/20260921T0413Z__scanned.pdf,"ຂໍ້ຕົກລົງ ວ່າດ້ວຍການແບ່ງຂັ້ນປະລິມານຊັບພະຍາກອນແຮ່ທາດ, ປະລິມານສະສົມແຮ່ທາດ; ການແບ່ງປະເພດແຫຼ່ງແຮ່ເພື່ອການສຳຫຼວດ ແລະ ເຕັກນິກການສຳຫຼວດແຮ່ທາດ",,,,requests,200,raw/la/la_1669/20260921T0413Z__scanned.pdf.headers.json,application/pdf,c9bf72acde5f57ca45fa1492662b342e889194dd0add41f6a2551fc375d75956,1140550,25,,,,corpus LA_corpus_2026-09-21: from LA_ws_2026-09-21; flags no_text_layer,2020-09-11,,,in_force
0.2.0,,la-la1670-001,LA,https://laoofficialgazette.gov.la/kcfinder/upload/files/1209ພບ2020.pdf,2026-09-21T04:13:42Z,pdf_scanned,true,raw/la/la_1670/20260921T0413Z__scanned.pdf,ຂໍ້ຕົກລົງ ວ່າດ້ວຍການຈັດຕັ້ງ ແລະ ການເຄື່ອນໄຫວຂອງຄະນະກຳມະການຕີລາຄາ ແລະ ຮັບຮອງປະລິມານສະສົມແຮ່ທາດ,,,,requests,200,raw/la/la_1670/20260921T0413Z__scanned.pdf.headers.json,application/pdf,0fdbf85be960cc4babd636ff557d4885d064449161518077514133d074f30d35,713686,5,,,,corpus LA_corpus_2026-09-21: from LA_ws_2026-09-21; flags no_text_layer,2020-09-11,,,in_force
0.2.0,,la-la1671-001,LA,https://laoofficialgazette.gov.la/kcfinder/upload/files/1212ພບ2020.pdf,2026-09-21T04:13:45Z,pdf_scanned,true,raw/la/la_1671/20260921T0413Z__scanned.pdf,ຂໍ້ຕົກລົງ ວ່າດ້ວຍບັນຊີປະເພດຜະລິດຕະພັນແຮ່ທາດ ສຳລັບອຸດສາຫະກຳບໍ່ແຮ່,,,,requests,200,raw/la/la_1671/20260921T0413Z__scanned.pdf.headers.json,application/pdf,5a1a252f28623f9cf3a887c957cb3cba8b8cc23a0e4d1721367828edd6109e01,627866,3,,,,corpus LA_corpus_2026-09-21: from LA_ws_2026-09-21; flags no_text_layer,2020-09-11,,,in_force
0.2.0,,la-la1672-001,LA,https://laoofficialgazette.gov.la/kcfinder/upload/files/0739ພບ2020.pdf,2026-09-21T05:14:52Z,pdf_scanned,true,raw/la/la_1672/20260921T0514Z__scanned.pdf,ຄຳແນະນຳ ກ່ຽວກັບຂັ້ນຕອນການຂໍອະນຸຍາດລົງທຶນຊອກຄົ້ນ ແລະ ສຳຫຼວດແຮ່ທາດ,,,,requests,200,raw/la/la_1672/20260921T0514Z__scanned.pdf.headers.json,application/pdf,509dab79f13f8d43b1db834e434909cfe28f89cb03f0ab308f4c584ef7df7bc3,875921,10,,,,corpus LA_corpus_2026-09-21: from LA_ws_2026-09-21; flags no_text_layer,2020-09-11,,,in_force
0.2.0,,la-la1673-001,LA,https://laoofficialgazette.gov.la/kcfinder/upload/files/1210ພບ2020.pdf,2026-09-21T05:15:01Z,pdf_scanned,true,raw/la/la_1673/20260921T0515Z__scanned.pdf,ຄຳແນະນຳ ກ່ຽວກັບມາດຕະຖານການລົງທຶນໃນກິດຈະການຊອກຄົ້ນ ແລະ ສຳຫຼວດແຮ່ທາດ,,,,requests,200,raw/la/la_1673/20260921T0515Z__scanned.pdf.headers.json,application/pdf,925c434914029d6c5725cddd6b41bf4c830e0a87ec81782d4184a2c1ede1d1d0,689345,6,,,,corpus LA_corpus_2026-09-21: from LA_ws_2026-09-21; flags no_text_layer,2020-09-11,,,in_force
0.2.0,,la-la1674-001,LA,https://laoofficialgazette.gov.la/kcfinder/upload/files/0807ອຄ2020.pdf,2026-09-21T03:10:28Z,pdf_scanned,true,raw/la/la_1674/20260921T0310Z__scanned.pdf,ຄຳສັ່ງ ວ່າດ້ວຍການລົບລ້າງການອອກໃບອະນຸຍາດນຳເຂົ້າລົດແທຣັກເຕີ,,,,playwright,200,raw/la/la_1674/20260921T0310Z__scanned.pdf.headers.json,application/pdf,07a521d6524fc0915b60e2b4f2419484eb9945e87cddfe5cddb0a2d0f6b02505,593408,2,,,,corpus LA_corpus_2026-09-21: from LA_ws_2026-09-21; flags no_text_layer,2020-09-14,,,repealed
0.2.0,,la-la1675-001,LA,https://laoofficialgazette.gov.la/kcfinder/upload/files/245ລບ2020.pdf,2026-09-21T00:39:44Z,pdf_scanned,true,raw/la/la_1675/20260921T0039Z__scanned.pdf,ດຳລັດ ວ່າດ້ວຍການຈັດສົ່ງແຮງງານລາວໄປເຮັດວຽກຢູ່ຕ່າງປະເທດ,,,,requests,200,raw/la/la_1675/20260921T0039Z__scanned.pdf.headers.json,application/pdf,e91790b5159a1b65aa429b92b8c8d10848fad305ef898bb6941db64e0c44a641,936508,12,,,,corpus LA_corpus_2026-09-21: from LA_ws_2026-09-21; flags no_text_layer,2020-09-28,,,in_force
0.2.0,,la-la1676-001,LA,https://laoofficialgazette.gov.la/kcfinder/upload/files/84ສພຊ2020.pdf,2026-09-21T01:39:07Z,pdf_scanned,true,raw/la/la_1676/20260921T0139Z__scanned.pdf,ກົດໝາຍ ວ່າດ້ວຍການປັບປຸງບາງມາດຕາຂອງກົດໝາຍວ່າດ້ວຍນໍ້າ ແລະ ຊັບພະຍາກອນນໍ້າ ແລະ ກົດໝາຍວ່າດ້ວຍການປົກປັກຮັກສາສິ່ງແວດລ້ອມ,,,,requests,200,raw/la/la_1676/20260921T0139Z__scanned.pdf.headers.json,application/pdf,e524958919bdc625a8a29a091a2615b386c2a82f25c6c0cbf7592ec56951aa57,1222081,5,,,,corpus LA_corpus_2026-09-21: from LA_ws_2026-09-21; flags no_text_layer,2020-09-30,,,repealed
0.2.0,,la-la1677-001,LA,https://laoofficialgazette.gov.la/kcfinder/upload/files/467ລບ2020.pdf,2026-09-21T02:24:28Z,pdf_scanned,true,raw/la/la_1677/20260921T0224Z__scanned.pdf,ດຳລັດ ວ່າດ້ວຍກອງທຶນສົ່ງເສີມ ແລະ ພັດທະນາພະລັງງານ,,,,requests,200,raw/la/la_1677/20260921T0224Z__scanned.pdf.headers.json,application/pdf,94e74d4fb7a9ecd1df8ba0b4c02ec147562f13dd7b1ea7796cc25aef12152913,701282,7,,,,corpus LA_corpus_2026-09-21: from LA_ws_2026-09-21; flags no_text_layer,2020-10-05,,,in_force
0.2.0,,la-la1678-001,LA,https://laoofficialgazette.gov.la/kcfinder/upload/files/407ຊຂ2020.pdf,2026-09-21T04:13:15Z,pdf_scanned,true,raw/la/la_1678/20260921T0413Z__scanned.pdf,ຂໍ້ຕົກລົງ ວ່າດ້ວຍການກຳນົດປະເມີນລາຄາທີ່ດິນ ແລະ ສິ່ງປຸກສ້າງ ຂອງແຂວງຊຽງຂວາງ,,,,requests,200,raw/la/la_1678/20260921T0413Z__scanned.pdf.headers.json,application/pdf,0a0da87fd07c1408ed2ef0baa0a64173e5cc7244e70f2d7f33c3081a3fe2d5a6,1356531,16,,,,corpus LA_corpus_2026-09-21: from LA_ws_2026-09-21; flags no_text_layer,2020-10-05,,,in_force
0.2.0,,la-la1679-001,LA,https://laoofficialgazette.gov.la/kcfinder/upload/files/578ຈນວ2020.pdf,2026-09-21T04:13:09Z,pdf_scanned,true,raw/la/la_1679/20260921T0413Z__scanned.pdf,"ຂໍ້ຕົກລົງ ວ່າດ້ວຍການກຳນົດຂອບເຂດ ແລະ ປະເມີນຫົວໜ່ວຍລາຄາຜົນລະປູກ, ສິ່ງກໍ່ສ້າງ, ເນື້ອທີ່ດິນ ທີ່ຖືກກັບແລວທາງການກໍ່ສ້າງສາຍສົ່ງໄຟຟ້າແຮງສູງ 230 ກິໂລໂວນ ຂອງລັດວິສາຫະກິດໄຟຟ້າລາວ ແຕ່ສະຖານີນາບົງ ເມືອງປາກງື່ມ ຫາສະຖານີດົງໂພສີ ເມືອງຫາດຊາຍຟອງ ນະຄອນຫຼວງວຽງຈັນ",,,,requests,200,raw/la/la_1679/20260921T0413Z__scanned.pdf.headers.json,application/pdf,1c9c60923c89a7da5c556192ebe3f46d2c112cc1630eb0bf71db3f76b566e2b0,958353,4,,,,corpus LA_corpus_2026-09-21: from LA_ws_2026-09-21; flags no_text_layer,2020-10-13,,,in_force
0.2.0,,la-la1680-001,LA,https://laoofficialgazette.gov.la/kcfinder/upload/files/1893ກປ2020-1-3.pdf,2026-09-21T02:46:48Z,pdf_scanned,true,raw/la/la_1680/20260921T0246Z__scanned.pdf,"ຄຳສັ່ງ ກ່ຽວກັບການເພີ່ມທະວີຄວາມເອົາໃຈໃສ່ ໃນການກວດກາການຕິດສະຫຼາກຝຸ່ນ, ຢາປາບສັດຕູພືດ ແລະ ເມັດພັນພືດ",,,,requests,200,raw/la/la_1680/20260921T0246Z__scanned.pdf.headers.json,application/pdf,5846f59991b70ba81ffddac74d065656ddabfd82cd3a32a44fe689b1f4376445,655841,3,,,,corpus LA_corpus_2026-09-21: from LA_ws_2026-09-21; flags no_text_layer,2020-10-13,,,in_force
0.2.0,,la-la1682-001,LA,https://laoofficialgazette.gov.la/kcfinder/upload/files/516ລບ2020.pdf,2026-09-21T02:24:11Z,pdf_scanned,true,raw/la/la_1682/20260921T0224Z__scanned.pdf,ດຳລັດ ວ່າດ້ວຍການຂ້າສັດ ແລະ ການກວດກາອະນາໄມຊີ້ນ,,,,requests,200,raw/la/la_1682/20260921T0224Z__scanned.pdf.headers.json,application/pdf,a90122b221a2d10a6d77b918e8575ae1ca258ac8363bfffda77383b9550b9d6a,1256901,21,,,,corpus LA_corpus_2026-09-21: from LA_ws_2026-09-21; flags no_text_layer,2020-10-15,,,in_force
0.2.0,,la-la1683-001,LA,https://laoofficialgazette.gov.la/kcfinder/upload/files/1210ກວຕ2020.pdf,2026-09-21T04:13:03Z,pdf_scanned,true,raw/la/la_1683/20260921T0413Z__scanned.pdf,ຂໍ້ຕົກລົງ ວ່າດ້ວຍການກວດກາຄຸນນະພາບວິສະວະກຳກໍ່ສ້າງ ຢູ ສປປ ລາວ,,,,playwright,200,raw/la/la_1683/20260921T0413Z__scanned.pdf.headers.json,application/pdf,82b388a378714540bfeb64d5ea1e42b9cecf8e1ccd57ec128e1813aef581dce9,739639,10,,,,corpus LA_corpus_2026-09-21: from LA_ws_2026-09-21; flags no_text_layer,2020-10-15,,,in_force
0.2.0,,la-la1684-001,LA,https://laoofficialgazette.gov.la/kcfinder/upload/files/1292ອຊ2018.pdf,2026-09-21T04:12:59Z,pdf_scanned,true,raw/la/la_1684/20260921T0412Z__scanned.pdf,ຂໍ້ຕົກລົງ ວ່າດ້ວຍມາດຕະຖານ ສີ່ ສ ຂອງບັນດາບ້ານໃນຕົວເມືອງຢູ່ແຂວງອຸດົມໄຊ,,,,requests,200,raw/la/la_1684/20260921T0412Z__scanned.pdf.headers.json,application/pdf,6ba9fa6ed2360d8659b15991e214d49832dfe1156cb60ba049f742efdca692f3,777253,5,,,,corpus LA_corpus_2026-09-21: from LA_ws_2026-09-21; flags no_text_layer,2020-10-20,,,in_force
0.2.0,,la-la1685-001,LA,https://laoofficialgazette.gov.la/kcfinder/upload/files/1831ປທສ2020.pdf,2026-09-21T00:56:17Z,pdf_scanned,true,raw/la/la_1685/20260921T0056Z__scanned.pdf,ຂໍ້ຕົກລົງ ວ່າດ້ວຍການຢັ້ງຢືນຄື້ນຄວາມຖີ່ວິທະຍຸສື່ສານ ສຳລັບເຄື່ອງບິນບໍ່ມີຄົນຂັບ,,,,requests,200,raw/la/la_1685/20260921T0056Z__scanned.pdf.headers.json,application/pdf,0c13e51e77c2a3e16284a58337c2d292295ef5d23d842db4cbd2559fff9e4bf9,1473870,7,,,,corpus LA_corpus_2026-09-21: from LA_ws_2026-09-21; flags no_text_layer,2020-10-23,,,in_force
0.2.0,,la-la1686-001,LA,https://laoofficialgazette.gov.la/kcfinder/upload/files/ຄໍາແນະນໍາກ່ຽວກັບຂັ້ນຕອນມາດຕະຖານໃນການປະຕິບັດໜ້າວຽກໂຄງການໄຟຟ້າພະລັງງານນໍ້າ.pdf,2026-09-21T05:14:48Z,pdf_native,false,raw/la/la_1686/20260921T0514Z__native.pdf,ຄຳແນະນຳ ກ່ຽວກັບຂັ້ນຕອນມາດຕະຖານໃນການປະຕິບັດໜ້າວຽກໂຄງການໄຟຟ້າພະລັງງານນໍ້າ,,,,requests,200,raw/la/la_1686/20260921T0514Z__native.pdf.headers.json,application/pdf,7c1b238e2dff2e228492c92e96fc93c03cce75edb8485db8607bdb6a950a97ab,2991946,376,,,,corpus LA_corpus_2026-09-21: from LA_ws_2026-09-21,2020-11-03,,,in_force
0.2.0,,la-la1687-001,LA,https://laoofficialgazette.gov.la/kcfinder/upload/files/1105ອຊ2020.pdf,2026-09-21T04:12:50Z,pdf_scanned,true,raw/la/la_1687/20260921T0412Z__scanned.pdf,ຂໍ້ຕົກລົງ ວ່າດ້ວຍການກຳນົດຫົວໜ່ວຍລາຄາທົດແທນຄ່າເສຍຫາຍໃຫ້ຜູ້ທີ່ໄດ້ຮັບຜົນກະທົບຈາກໂຄງການຄຸ້ມຄອງຄວາມສ່ຽງໄພພິບັດນໍ້າຖ້ວມເທດສະບານເມືອງໄຊ ແຂວງອຸດົມໄຊ,,,,requests,200,raw/la/la_1687/20260921T0412Z__scanned.pdf.headers.json,application/pdf,3e02deff6608ed3408c37cf20c2987ea51cf5534e9f8185910f72006c0440465,998185,12,,,,corpus LA_corpus_2026-09-21: from LA_ws_2026-09-21; flags no_text_layer,2020-11-06,,,in_force
0.2.0,,la-la1689-001,LA,https://laoofficialgazette.gov.la/kcfinder/upload/files/1096ອຊ2018.pdf,2026-09-21T04:56:55Z,pdf_scanned,true,raw/la/la_1689/20260921T0456Z__scanned.pdf,ຂໍ້ຕົກລົງ ວ່າດ້ວຍກອງທຶນແຮຊ່ວຍເຫຼືອສຸກເສີນຜູ້ປະສົບໄພພິບັດ,,,,requests,200,raw/la/la_1689/20260921T0456Z__scanned.pdf.headers.json,application/pdf,be48758c1c5d1e1983a8cec04580c7c9903d332161ab28b9065f256d94e6af75,698490,6,,,,corpus LA_corpus_2026-09-21: from LA_ws_2026-09-21; flags no_text_layer,2020-11-23,,,repealed
0.2.0,,la-la1690-001,LA,https://laoofficialgazette.gov.la/kcfinder/upload/files/760ອຊ2019.pdf,2026-09-21T04:12:35Z,pdf_scanned,true,raw/la/la_1690/20260921T0412Z__scanned.pdf,"ຂໍ້ຕົກລົງ ວ່າດ້ວຍການຄຸ້ມຄອງ, ບູລະນະ, ນຳໃຊ້ປ່າຊາ ແລະ ທີ່ດິນປ່າຊາທຳມະຊາດຢູ່ ແຂວງອຸດົມໄຊ",,,,requests,200,raw/la/la_1690/20260921T0412Z__scanned.pdf.headers.json,application/pdf,46196a0b463d95cd266046243b287bfd97d3e7a99d336a56032c3b95219e00f4,747333,8,,,,corpus LA_corpus_2026-09-21: from LA_ws_2026-09-21; flags no_text_layer,2020-11-23,,,in_force
0.2.0,,la-la1691-001,LA,https://laoofficialgazette.gov.la/kcfinder/upload/files/506ອຊ2019.pdf,2026-09-21T04:57:03Z,pdf_scanned,true,raw/la/la_1691/20260921T0457Z__scanned.pdf,ຂໍ້ຕົກລົງ ວ່າດ້ວຍການປະເມີນລາຄາທີ່ດິນໃນທົ່ວແຂວງອຸດົມໄຊ,,,,requests,200,raw/la/la_1691/20260921T0457Z__scanned.pdf.headers.json,application/pdf,791e96f5becd2621d67534596fb84ba66704b103180a78a33f8eac3ae66dd681,818785,12,,,,corpus LA_corpus_2026-09-21: from LA_ws_2026-09-21; flags no_text_layer,2020-11-23,,,repealed
0.2.0,,la-la1692-001,LA,https://laoofficialgazette.gov.la/kcfinder/upload/files/81ສພຊ2020.pdf,2026-09-21T01:27:06Z,pdf_scanned,true,raw/la/la_1692/20260921T0127Z__scanned.pdf,ກົດໝາຍ ວ່າດ້ວຍພາສີ (ສະບັບປັບປຸງ),,,,playwright,200,raw/la/la_1692/20260921T0127Z__scanned.pdf.headers.json,application/pdf,a4cc0ea744fe1967e2a8ecd07f86862a24ce3fd33e2dbb992f86ad660be772c4,2851886,65,,,,corpus LA_corpus_2026-09-21: from LA_ws_2026-09-21; flags no_text_layer,2020-11-23,,,in_force
0.2.0,,la-la1693-001,LA,https://laoofficialgazette.gov.la/kcfinder/upload/files/572ພນ2018.pdf,2026-09-21T04:16:00Z,pdf_scanned,true,raw/la/la_1693/20260921T0416Z__scanned.pdf,ຂໍ້ຕົກລົງ ວ່າດ້ວຍມາດຕະຖານ ແຂວງເປັນຫົວໜ່ວຍຍຸດທະສາດ ເມືອງ ເປັນຫົວໜ່ວຍເຂັ້ມແຂງ ຂອງຂະແໜງພາຍໃນ,,,,requests,200,raw/la/la_1693/20260921T0416Z__scanned.pdf.headers.json,application/pdf,b566a0967d37719bea04189022bb0a42bf3d36673b5b745506e015df97079a77,584852,6,,,,corpus LA_corpus_2026-09-21: from LA_ws_2026-09-21; flags no_text_layer,2020-09-07,,,in_force
0.2.0,,la-la1694-001,LA,https://laoofficialgazette.gov.la/kcfinder/upload/files/05ພນ2019.pdf,2026-09-21T05:14:39Z,pdf_scanned,true,raw/la/la_1694/20260921T0514Z__scanned.pdf,"ຄຳແນະນຳ ກ່ຽວກັບການປະເມີນຜົນ ສ້າງແຂວງເປັນຫົວໜ່ວຍຍຸດທະສາດ, ສ້າງເມືອງເປັນຫົວໜ່ວຍເຂັ້ມແຂງຮອບດ້ານ ແລະ ສ້າງບ້ານເປັນຫົວໜ່ວຍພັດທະນາ",,,,requests,200,raw/la/la_1694/20260921T0514Z__scanned.pdf.headers.json,application/pdf,29182e5c7bdab17411e88961c6278371ab524597848dfd9ebfc558051fb2a122,679237,5,,,,corpus LA_corpus_2026-09-21: from LA_ws_2026-09-21; flags no_text_layer,2020-11-26,,,in_force
0.2.0,,la-la1695-001,LA,https://laoofficialgazette.gov.la/kcfinder/upload/files/1987ກຜທ2020.pdf,2026-09-21T05:14:33Z,pdf_scanned,true,raw/la/la_1695/20260921T0514Z__scanned.pdf,ຄຳແນະນຳ ກ່ຽວກັບການຄຸ້ມຄອງ ແລະ ນຳໃຊ້ທຶນສົມທົບຂອງລັດຖະບານປະກອບເຂົ້າໃນການຈັດຕັ້ງປະຕິບັດໂຄງການຊ່ວຍເຫຼືອທາງການເພື່ອການພັດທະນາ,,,,requests,200,raw/la/la_1695/20260921T0514Z__scanned.pdf.headers.json,application/pdf,e40ba0d14c96392c9e12fe53849792a67ffba93822847cd43a478bbdbf11d6e1,1036637,11,,,,corpus LA_corpus_2026-09-21: from LA_ws_2026-09-21; flags no_text_layer,2020-12-04,,,in_force
0.2.0,,la-la1696-001,LA,https://laoofficialgazette.gov.la/kcfinder/upload/files/ດຳລັດວ່າດ້ວຍ ການໂຄສະນາເຜີຍແຜ່ນິຕິກຳ.pdf,2026-09-21T02:24:04Z,pdf_scanned,true,raw/la/la_1696/20260921T0224Z__scanned.pdf,ດຳລັດ ວ່າດ້ວຍການໂຄສະນາເຜີຍແຜ່ນິຕິກຳ,,,,requests,200,raw/la/la_1696/20260921T0224Z__scanned.pdf.headers.json,application/pdf,849044ec7c2b167520f16fcfdae5645665451cc04618a20ba59a5295dbfd6db4,5176690,18,,,,corpus LA_corpus_2026-09-21: from LA_ws_2026-09-21; flags no_text_layer,2020-12-09,,,in_force
0.2.0,,la-la1697-001,LA,https://laoofficialgazette.gov.la/kcfinder/upload/files/1571ກວຕ2020.pdf,2026-09-21T04:12:13Z,pdf_scanned,true,raw/la/la_1697/20260921T0412Z__scanned.pdf,ຂໍ້ຕົກລົງ ວ່າດ້ວຍການຄຸ້ມຄອງຄຸນນະພາບ ແລະ ຄວາມປອດໄພ ອຸປະກອນພິເສດ,,,,requests,200,raw/la/la_1697/20260921T0412Z__scanned.pdf.headers.json,application/pdf,f26baba06002a4a738d9cf938fc9192ba5718a7fe6dd124cbcf4907c7f0f73ee,824738,13,,,,corpus LA_corpus_2026-09-21: from LA_ws_2026-09-21; flags no_text_layer,2020-12-14,,,in_force
0.2.0,,la-la1698-001,LA,https://laoofficialgazette.gov.la/kcfinder/upload/files/1572ກວຕ2020.pdf,2026-09-21T04:12:19Z,pdf_scanned,true,raw/la/la_1698/20260921T0412Z__scanned.pdf,ຂໍ້ຕົກລົງ ວ່າດ້ວຍການຄຸ້ມຄອງສິນຄ້າຫຸ້ມຫໍ່,,,,requests,200,raw/la/la_1698/20260921T0412Z__scanned.pdf.headers.json,application/pdf,1ab23ef665058710ca713fc3f0cdfddf0961e3fcf8a39cb0a92d823a4e88fa0d,815655,12,,,,corpus LA_corpus_2026-09-21: from LA_ws_2026-09-21; flags no_text_layer,2020-12-14,,,in_force
0.2.0,,la-la1699-001,LA,https://laoofficialgazette.gov.la/kcfinder/upload/files/1573ກວຕ2020.pdf,2026-09-21T00:56:10Z,pdf_scanned,true,raw/la/la_1699/20260921T0056Z__scanned.pdf,ຂໍ້ຕົກລົງ ວ່າດ້ວຍການຄຸ້ມຄອງຄວາມປອດໄພຂອງ ອຸປະກອນເຄື່ອງໃຊ້ໄຟຟ້າ ແລະ ເອເລັກໂຕຣນິກ,,,,requests,200,raw/la/la_1699/20260921T0056Z__scanned.pdf.headers.json,application/pdf,55ca82c998f1e339b33adcc3c6278f5929b089f332a09a778c9bca5f95dbfd02,804209,10,,,,corpus LA_corpus_2026-09-21: from LA_ws_2026-09-21; flags no_text_layer,2020-12-14,,,in_force
0.2.0,,la-la1700-001,LA,https://laoofficialgazette.gov.la/kcfinder/upload/files/1574ກວຕ200.pdf,2026-09-21T04:12:27Z,pdf_scanned,true,raw/la/la_1700/20260921T0412Z__scanned.pdf,ຂໍ້ຕົກລົງ ວ່າດ້ວຍການປົກປ້ອງຜູ້ຊົມໃຊ້ຂົງເຂດມາດຕະຖານ ແລະ ການວັດແທກ,,,,requests,200,raw/la/la_1700/20260921T0412Z__scanned.pdf.headers.json,application/pdf,244dd81c451a2008c9e223cfa080a8fbe6a924b71653a3e9470fdec4dfd67ad9,914032,12,,,,corpus LA_corpus_2026-09-21: from LA_ws_2026-09-21; flags no_text_layer,2020-12-14,,,in_force
0.2.0,,la-la1701-001,LA,https://laoofficialgazette.gov.la/kcfinder/upload/files/615ລບ2020.pdf,2026-09-21T02:24:00Z,pdf_scanned,true,raw/la/la_1701/20260921T0224Z__scanned.pdf,ດຳລັດ ວ່າດ້ວຍກົດຈະລາຈອນທາງບົກ,,,,requests,200,raw/la/la_1701/20260921T0224Z__scanned.pdf.headers.json,application/pdf,5c720bc39fe0bf21e62df163b59b1aca62e852da2e031ff2f8788e3aa2411ba9,8722597,66,,,,corpus LA_corpus_2026-09-21: from LA_ws_2026-09-21; flags no_text_layer,2020-12-15,,,in_force
0.2.0,,la-la1702-001,LA,https://laoofficialgazette.gov.la/kcfinder/upload/files/21ຄປຈ2020-1.pdf,2026-09-21T01:13:41Z,pdf_native,false,raw/la/la_1702/20260921T0113Z__native.pdf,"ມະຕິຄະນະປະຈຳສະພາແຫ່ງຊາດ ວ່າດ້ວຍການລົບລ້າງລັດຖະບັນຍັດ ເລກທີ 001/ປປທ, ລົງວັນທີ 28 ທັນວາ 2010 ວ່າດ້ວຍການກຳນົດອັດຕາອາກອນກຳໄລ ແລະ ຄ່າທຳນຽມ ສຳລັບການດຳເນີນທຸລະກິດ ໃນຕະຫຼາດຫຼັກຊັບລາວ",,,,requests,200,raw/la/la_1702/20260921T0113Z__native.pdf.headers.json,application/pdf,a9329a147909516ef0ac590ccc438d4e30e04439b4870ec0c21e268776a4d7bb,661681,1,,,,corpus LA_corpus_2026-09-21: from LA_ws_2026-09-21,2020-08-19,,,in_force
0.2.0,,la-la1703-001,LA,https://laoofficialgazette.gov.la/kcfinder/upload/files/2234ປທສ2020.pdf,2026-09-21T01:10:44Z,pdf_scanned,true,raw/la/la_1703/20260921T0110Z__scanned.pdf,ຄຳແນະນຳ ການຈັດຕັ້ງປະຕິບັດ ຂໍ້ຕົກລົງວ່າດ້ວຍ ການອະນຸຍາດດຳເນີນທຸລະກິດບໍລິການໄປສະນີ,,,,requests,200,raw/la/la_1703/20260921T0110Z__scanned.pdf.headers.json,application/pdf,4687437f4f49e403ae0caff63e8bae32a42a6f206f604ff917e844503367aaa5,1141805,19,,,,corpus LA_corpus_2026-09-21: from LA_ws_2026-09-21; flags no_text_layer,2020-12-22,,,in_force
0.2.0,,la-la1704-001,LA,https://laoofficialgazette.gov.la/kcfinder/upload/files/219ປທສ2020.pdf,2026-09-21T00:55:36Z,pdf_scanned,true,raw/la/la_1704/20260921T0055Z__scanned.pdf,ຂໍ້ຕົກລົງ ວ່າດ້ວຍການກວດກາຄື້ນຄວາມຖີ່ວິທະຍຸສື່ສານ,,,,requests,200,raw/la/la_1704/20260921T0055Z__scanned.pdf.headers.json,application/pdf,99575317e104008aa92197fb6cefdbafa9f9f2791352d22a06abb84196104890,525305,6,,,,corpus LA_corpus_2026-09-21: from LA_ws_2026-09-21; flags no_text_layer,2020-12-22,,,in_force
0.2.0,,la-la1705-001,LA,https://laoofficialgazette.gov.la/kcfinder/upload/files/2322ປທສ2020.pdf,2026-09-21T00:55:45Z,pdf_scanned,true,raw/la/la_1705/20260921T0055Z__scanned.pdf,ຂໍ້ຕົກລົງ ວ່າດ້ວຍລະບົບສື່ສານຜ່ານສະຖານີດາວທຽມຂະໜາດນ້ອຍ,,,,requests,200,raw/la/la_1705/20260921T0055Z__scanned.pdf.headers.json,application/pdf,e1cc2e3001607d43d30cce5656a4ec6fe800c1c573ae5a07e77124ea00a0cefd,721209,7,,,,corpus LA_corpus_2026-09-21: from LA_ws_2026-09-21; flags no_text_layer,2020-12-22,,,in_force
0.2.0,,la-la1706-001,LA,https://laoofficialgazette.gov.la/kcfinder/upload/files/2321ປທສ2020.pdf,2026-09-21T00:55:59Z,pdf_scanned,true,raw/la/la_1706/20260921T0055Z__scanned.pdf,ຂໍ້ຕົກລົງ ວ່າດ້ວຍການເຊື່ອມຕໍ່ລະບົບເຄືອຂ່າຍອິນເຕີເນັດ,,,,requests,200,raw/la/la_1706/20260921T0055Z__scanned.pdf.headers.json,application/pdf,37f5e4691b670fd88fc572bf5f5558af735a27f73d02e614517cb4d4637f3e11,769809,10,,,,corpus LA_corpus_2026-09-21: from LA_ws_2026-09-21; flags no_text_layer,2020-12-22,,,in_force
0.2.0,,la-la1707-001,LA,https://laoofficialgazette.gov.la/kcfinder/upload/files/2323ປທສ2020.pdf,2026-09-21T00:56:02Z,pdf_scanned,true,raw/la/la_1707/20260921T0056Z__scanned.pdf,"ຂໍ້ຕົກລົງ ວ່າດ້ວຍຄຸນນະພາບເຄືອຂ່າຍໂທລະສັບມືຖື, ອິນເຕີເນັດ ແລະ ການບໍລິການ",,,,requests,200,raw/la/la_1707/20260921T0056Z__scanned.pdf.headers.json,application/pdf,905d7743403548d6aeb04e6b3406aba29ca8f9ef569fbfd9ce95d74cd9c87993,696068,11,,,,corpus LA_corpus_2026-09-21: from LA_ws_2026-09-21; flags no_text_layer,2020-12-22,,,in_force
0.2.0,,la-la1708-001,LA,https://laoofficialgazette.gov.la/kcfinder/upload/files/1714ກວຕ2020.pdf,2026-09-21T04:56:50Z,pdf_scanned,true,raw/la/la_1708/20260921T0456Z__scanned.pdf,ຂໍ້ຕົກລົງ ວ່າດ້ວຍສິດທິບັດ ແລະ ອະນຸສິດທິບັດ,,,,requests,200,raw/la/la_1708/20260921T0456Z__scanned.pdf.headers.json,application/pdf,8ccee6e97523dea1fd454bb8e8de2b3844ab8458ed1f3a3afc9e686c2383a2ca,1467648,24,,,,corpus LA_corpus_2026-09-21: from LA_ws_2026-09-21; flags no_text_layer,2020-12-23,,,repealed
0.2.0,,la-la1709-001,LA,https://laoofficialgazette.gov.la/kcfinder/upload/files/2526ກງ2020.pdf,2026-09-21T05:14:25Z,pdf_scanned,true,raw/la/la_1709/20260921T0514Z__scanned.pdf,ຄຳແນະນຳ ວ່າດ້ວຍສະພາບໍລິຫານລັດວິສາຫະກິດ,,,,requests,200,raw/la/la_1709/20260921T0514Z__scanned.pdf.headers.json,application/pdf,05db98e4901f221d43a8e391ab93a015b7add5bcfc96ff3bd54b14b074d264bc,1103149,16,,,,corpus LA_corpus_2026-09-21: from LA_ws_2026-09-21; flags no_text_layer,2020-12-23,,,in_force
0.2.0,,la-la1710-001,LA,https://laoofficialgazette.gov.la/kcfinder/upload/files/ຂໍ້ຕົກລົງ ວ່າດ້ວຍທາງດ່ວນສໍາປະທານ ນະຄອນຫຼວງວຽງຈັນ-ວັງວຽງ ຮັບຮອງແລ້ວ 30428-MPWT.pdf,2026-09-21T04:12:09Z,pdf_scanned,true,raw/la/la_1710/20260921T0412Z__scanned.pdf,ຂໍ້ຕົກລົງ ວ່າດ້ວຍການຄຸ້ມຄອງທາງດ່ວນສຳປະທານ ນະຄອນຫຼວງວຽງຈັນ-ວັງວຽງ,,,,requests,200,raw/la/la_1710/20260921T0412Z__scanned.pdf.headers.json,application/pdf,168fb470e7d7f4c2bdae576807392784c4ac0f5f8aec5233ee0f8e36a5ce3596,24910818,17,,,,corpus LA_corpus_2026-09-21: from LA_ws_2026-09-21; flags no_text_layer,2020-12-23,,,in_force
0.2.0,,la-la1711-001,LA,https://laoofficialgazette.gov.la/kcfinder/upload/files/730ທຫລ2020.pdf,2026-09-21T04:56:47Z,pdf_scanned,true,raw/la/la_1711/20260921T0456Z__scanned.pdf,ຂໍ້ຕົກລົງ ວ່າດ້ວຍບໍລິສັດຄໍ້າປະກັນສິນເຊື່ອ,,,,requests,200,raw/la/la_1711/20260921T0456Z__scanned.pdf.headers.json,application/pdf,293cc0d68636fe75382cd879ff483e4bb0f18d206335a50e164aa71b5f076bb2,999571,18,,,,corpus LA_corpus_2026-09-21: from LA_ws_2026-09-21; flags no_text_layer,2020-12-23,,,repealed
0.2.0,,la-la1712-001,LA,https://laoofficialgazette.gov.la/kcfinder/upload/files/3143ກງ2020.pdf,2026-09-21T05:14:17Z,pdf_scanned,true,raw/la/la_1712/20260921T0514Z__scanned.pdf,ຄຳແນະນຳ ວ່າດ້ວຍການຈັດຕັ້ງປະຕິບັດລະບົບຜ່ານແດນພາສີອາຊຽນ,,,,playwright,200,raw/la/la_1712/20260921T0514Z__scanned.pdf.headers.json,application/pdf,54efa9299af823da66adda58dc22c574c9ae06f925ac5e01e216c3b685700e7d,825084,12,,,,corpus LA_corpus_2026-09-21: from LA_ws_2026-09-21; flags no_text_layer,2020-12-29,,,in_force
0.2.0,,la-la1713-001,LA,https://laoofficialgazette.gov.la/kcfinder/upload/files/1206ອຄ2020.pdf,2026-09-21T04:10:58Z,pdf_native,false,raw/la/la_1713/20260921T0410Z__native.pdf,ຂໍ້ຕົກລົງ ວ່າດ້ວຍການຢັ້ງຢືນແຫຼ່ງກຳເນີດສິນຄ້າດ້ວຍຕົນເອງພາຍໃຕ້ສັນຍາການຄ້າດ້ານສິນຄ້າອາຊຽນ,,,,requests,200,raw/la/la_1713/20260921T0410Z__native.pdf.headers.json,application/pdf,ffdfd25ef9a755d688fb8861fdb67d9a4114de466ae2d214c65a68c0a6ac5035,1890771,7,,,,corpus LA_corpus_2026-09-21: from LA_ws_2026-09-21,2020-12-29,,,in_force
0.2.0,,la-la1714-001,LA,https://laoofficialgazette.gov.la/kcfinder/upload/files/1204ອຄ2020.pdf,2026-09-21T00:55:34Z,pdf_native,false,raw/la/la_1714/20260921T0055Z__native.pdf,"ຂໍ້ຕົກລົງ ວ່າດ້ວຍການຂຶ້ນທະບຽນບັນຊີເຄມີ, ການນຳເຂົ້າ, ສົ່ງອອກ ແລະ ສົ່ງຜ່ານເຄມີ",,,,requests,200,raw/la/la_1714/20260921T0055Z__native.pdf.headers.json,application/pdf,b1309d4feff2f0df54937bf98f70a45bb2e16b94e6621e1d850817b0d4075aac,4888338,9,,,,corpus LA_corpus_2026-09-21: from LA_ws_2026-09-21,2020-12-29,,,in_force
0.2.0,,la-la1715-001,LA,https://laoofficialgazette.gov.la/kcfinder/upload/files/606ລບ2020.pdf,2026-09-21T02:23:51Z,pdf_scanned,true,raw/la/la_1715/20260921T0223Z__scanned.pdf,ດຳລັດ ວ່າດ້ວຍກຸ່ມ ແລະ ສະຫະກອນ,,,,requests,200,raw/la/la_1715/20260921T0223Z__scanned.pdf.headers.json,application/pdf,f64949e7614cf7fafc1d8a60b0aa7c472ed7668bdf88b68a4a4cb324f1b1946c,1267380,23,,,,corpus LA_corpus_2026-09-21: from LA_ws_2026-09-21; flags no_text_layer,2021-01-05,,,in_force
0.2.0,,la-la1716-001,LA,https://laoofficialgazette.gov.la/kcfinder/upload/files/2219ກປ2020.pdf,2026-09-21T02:46:41Z,pdf_scanned,true,raw/la/la_1716/20260921T0246Z__scanned.pdf,"ຄຳສັ່ງ ກ່ຽວກັບການເພີ່ມທະວີຄວາມເຂັ້ມງວດ ຕໍ່ ການຄຸ້ມຄອງ, ຕິດຕາມ ແລະ ກວດກາ ກິດຈະການການທ່ອງທ່ຽວທຳມະຊາດ ໃນເຂດປ່າສະຫງວນ ແລະ ອຸທິຍານແຫ່ງຊາດ",,,,requests,200,raw/la/la_1716/20260921T0246Z__scanned.pdf.headers.json,application/pdf,0c76770c366f03801a027cd19b7deb9e7584595db0622d9ca45b8ab209164b94,732457,2,,,,corpus LA_corpus_2026-09-21: from LA_ws_2026-09-21; flags no_text_layer,2021-01-05,,,in_force
0.2.0,,la-la1718-001,LA,https://laoofficialgazette.gov.la/kcfinder/upload/files/2429ກປ2020.pdf,2026-09-21T01:10:41Z,pdf_scanned,true,raw/la/la_1718/20260921T0110Z__scanned.pdf,ຄຳແນະນຳ ກ່ຽວກັບການຂຶ້ນທະບຽນປ່າປູກ ແລະ ຢັ້ງຢືນໄມ້ປູກ,,,,requests,200,raw/la/la_1718/20260921T0110Z__scanned.pdf.headers.json,application/pdf,5df0cadd8167c6269deac2cc517bc255ef26a8345cbc7b56894ced56fa2994ad,6173759,29,,,,corpus LA_corpus_2026-09-21: from LA_ws_2026-09-21; flags no_text_layer,2021-01-05,,,in_force
0.2.0,,la-la1719-001,LA,https://laoofficialgazette.gov.la/kcfinder/upload/files/1227ອຄ2020.pdf,2026-09-21T04:10:51Z,pdf_scanned,true,raw/la/la_1719/20260921T0410Z__scanned.pdf,ຂໍ້ຕົກລົງ ວ່າດ້ວຍສູນສົ່ງເສີມຫັດຖະກຳ,,,,requests,200,raw/la/la_1719/20260921T0410Z__scanned.pdf.headers.json,application/pdf,1dc7804f85dfb8a5d3bd22beca95fae1e98870314486210c76058bafccc9ab8c,675239,8,,,,corpus LA_corpus_2026-09-21: from LA_ws_2026-09-21; flags no_text_layer,2021-01-06,,,in_force
0.2.0,,la-la1720-001,LA,https://laoofficialgazette.gov.la/kcfinder/upload/files/631ລບ2020.pdf,2026-09-21T02:23:40Z,pdf_scanned,true,raw/la/la_1720/20260921T0223Z__scanned.pdf,ດຳລັດ ວ່າດ້ວຍກອງທຶນຄຸ້ມຄອງໄພພິບັດ,,,,requests,200,raw/la/la_1720/20260921T0223Z__scanned.pdf.headers.json,application/pdf,cfc38a9fbd0cd0d12c8c2eed2cfb281068dff69c3cf18e98926d1c97de92e7c2,663469,6,,,,corpus LA_corpus_2026-09-21: from LA_ws_2026-09-21; flags no_text_layer,2021-01-12,,,in_force
0.2.0,,la-la1721-001,LA,https://laoofficialgazette.gov.la/kcfinder/upload/files/1540ສທ2020.pdf,2026-09-21T05:14:10Z,pdf_scanned,true,raw/la/la_1721/20260921T0514Z__scanned.pdf,ຄຳແນະນຳ ການຈັດຕັ້ງປະຕິບັດດຳລັດ ວ່າດ້ວຍຜະລິດຕະພັນອາຫານ ແລະ ອຸປະກອນ ກ່ຽວກັບອາຫານສຳລັບເດັກອ່ອນ ແລະ ເດັກນ້ອຍ,,,,requests,200,raw/la/la_1721/20260921T0514Z__scanned.pdf.headers.json,application/pdf,f509a6d40954e99165390ab6706691b2b008f6894d61b8d552cc87817d7873a9,1084112,12,,,,corpus LA_corpus_2026-09-21: from LA_ws_2026-09-21; flags no_text_layer,2021-01-13,,,in_force
0.2.0,,la-la1723-001,LA,https://laoofficialgazette.gov.la/kcfinder/upload/files/624ລບ2020.pdf,2026-09-21T02:23:35Z,pdf_scanned,true,raw/la/la_1723/20260921T0223Z__scanned.pdf,ດຳລັດ ວ່າດ້ວຍການລົງທຶນຮ່ວມ ລະຫວ່າງ ພາກລັດ ແລະ ພາກເອກະຊົນ,,,,requests,200,raw/la/la_1723/20260921T0223Z__scanned.pdf.headers.json,application/pdf,81d2cc06818fe24b66ffb2fa4d0eb391a0bb112f514bde82c2d06046e1154771,1537409,31,,,,corpus LA_corpus_2026-09-21: from LA_ws_2026-09-21; flags no_text_layer,2021-01-13,,,in_force
0.2.0,,la-la1724-001,LA,https://laoofficialgazette.gov.la/kcfinder/upload/files/89ສພຊ2020.pdf,2026-09-21T01:39:00Z,pdf_scanned,true,raw/la/la_1724/20260921T0139Z__scanned.pdf,ກົດໝາຍ ວ່າດ້ວຍການປັບປຸງບາງມາດຕາຂອງກົດໝາຍວ່າດ້ວຍການກວດສອບແຫ່ງລັດ,,,,requests,200,raw/la/la_1724/20260921T0139Z__scanned.pdf.headers.json,application/pdf,79d1498d2cc711384a0e0d36e1ce727b56a59c1c94d83648a8a9af17288753df,1155279,4,,,,corpus LA_corpus_2026-09-21: from LA_ws_2026-09-21; flags no_text_layer,2021-01-14,,,repealed
0.2.0,,la-la1725-001,LA,https://laoofficialgazette.gov.la/kcfinder/upload/files/5925 ກຊສ 2020 .pdf,2026-09-21T04:10:47Z,pdf_scanned,true,raw/la/la_1725/20260921T0410Z__scanned.pdf,"ຂໍ້ຕົກລົງ ວ່າດ້ວຍການຄຸ້ມຄອງ ແລະ ຕິດຕາມການບຳບັດ, ການກຳຈັດ ສານເຄມີພີຊີບີ ໃນໝໍ້ແປງໄຟຟ້າ",,,,requests,200,raw/la/la_1725/20260921T0410Z__scanned.pdf.headers.json,application/pdf,290b2f1da62bb3f6b9cc088858426f7487ac19fc1600facb291d83ca3cf533eb,7589853,6,,,,corpus LA_corpus_2026-09-21: from LA_ws_2026-09-21; flags no_text_layer,2021-01-20,,,in_force
0.2.0,,la-la1726-001,LA,https://laoofficialgazette.gov.la/kcfinder/upload/files/68ນຍ2020.pdf,2026-09-21T04:10:27Z,pdf_native,false,raw/la/la_1726/20260921T0410Z__native.pdf,ຂໍ້ຕົກລົງ ວ່າດ້ວຍການແບ່ງຄວາມຮັບຜິດຊອບ ໃນການພິຈາລະນາຮັບຮອງແຜນຮັບມືສຸກເສີນຂອງໂຄງການເຂື່ອນ,,,,requests,200,raw/la/la_1726/20260921T0410Z__native.pdf.headers.json,application/pdf,4cb6a9a0f745f8986d6897c0999339ef827bd29031f156febf4ef89e89b606ee,2334344,8,,,,corpus LA_corpus_2026-09-21: from LA_ws_2026-09-21,2021-01-26,,,in_force
0.2.0,,la-la1727-001,LA,https://laoofficialgazette.gov.la/kcfinder/upload/files/0131ກປ2021.pdf,2026-09-21T05:14:01Z,pdf_scanned,true,raw/la/la_1727/20260921T0514Z__scanned.pdf,"ຄຳແນະນຳ ກ່ຽວກັບການຄຸ້ມຄອງ ການເຄື່ອນຍ້າຍໄມ້ທ່ອນ ຈາກເຂດປ່າຜະລິດ, ເຂດຫັນປ່ຽນທີ່ດິນປ່າໄມ້ ແລະ ເຂດກໍ່ສ້າງພື້ນຖານໂຄງລ່າງ ແຕ່ສະໜາມ I ຫາສະໜາມ II ແລະ ສະໜາມ III",,,,playwright,200,raw/la/la_1727/20260921T0514Z__scanned.pdf.headers.json,application/pdf,fc5c2825f41197d514d99fb0cb6d09f5f4578914257dd2865217e93a9eea9d7f,1084630,23,,,,corpus LA_corpus_2026-09-21: from LA_ws_2026-09-21; flags no_text_layer,2021-02-09,,,in_force
0.2.0,,la-la1728-001,LA,https://laoofficialgazette.gov.la/kcfinder/upload/files/0106ພບ2021.pdf,2026-09-21T00:55:23Z,pdf_scanned,true,raw/la/la_1728/20260921T0055Z__scanned.pdf,ຂໍ້ຕົກລົງ ວ່າດ້ວຍການເກັບກຳຂໍ້ມູນພາກສະໜາມເບື້ອງຕົ້ນ,,,,requests,200,raw/la/la_1728/20260921T0055Z__scanned.pdf.headers.json,application/pdf,5a4c2b09dc5dc36e722897c7624f4e39fb727d7a21f716ea0e9b0bb105b54273,767671,5,,,,corpus LA_corpus_2026-09-21: from LA_ws_2026-09-21; flags no_text_layer,2021-02-09,,,in_force
0.2.0,,la-la1729-001,LA,https://laoofficialgazette.gov.la/kcfinder/upload/files/85ສພຊ2020.pdf,2026-09-21T01:26:54Z,pdf_scanned,true,raw/la/la_1729/20260921T0126Z__scanned.pdf,ກົດໝາຍ ວ່າດ້ວຍຊັ້ນນັກການທູດ,,,,requests,200,raw/la/la_1729/20260921T0126Z__scanned.pdf.headers.json,application/pdf,5732fc60e650ca0854f653e43b6211a8579d7a25f5f84862318a80e8b1e70e54,1560800,24,,,,corpus LA_corpus_2026-09-21: from LA_ws_2026-09-21; flags no_text_layer,2021-02-11,,,in_force
0.2.0,,la-la1730-001,LA,https://laoofficialgazette.gov.la/kcfinder/upload/files/0072ອຄ2021.pdf,2026-09-21T04:09:57Z,pdf_scanned,true,raw/la/la_1730/20260921T0409Z__scanned.pdf,ຂໍ້ຕົກລົງ ວ່າດ້ວຍການເກັບຮັກສາເຄມີ,,,,requests,200,raw/la/la_1730/20260921T0409Z__scanned.pdf.headers.json,application/pdf,854e4428b68bb17a2381de209207c4881c569adacd10cd0562cdf11cf6fb7246,1902628,19,,,,corpus LA_corpus_2026-09-21: from LA_ws_2026-09-21; flags no_text_layer,2021-02-11,,,in_force
0.2.0,,la-la1731-001,LA,https://laoofficialgazette.gov.la/kcfinder/upload/files/87ສພຊ2020.pdf,2026-09-21T01:26:47Z,pdf_scanned,true,raw/la/la_1731/20260921T0126Z__scanned.pdf,ກົດໝາຍ ວ່າດ້ວຍການສຶກສາຊັ້ນສູງ,,,,playwright,200,raw/la/la_1731/20260921T0126Z__scanned.pdf.headers.json,application/pdf,e853954e024c627a2bd9df02604c44c581d676915cb9277c0789f92b92924f2f,2031373,37,,,,corpus LA_corpus_2026-09-21: from LA_ws_2026-09-21; flags no_text_layer,2021-02-17,,,in_force
0.2.0,,la-la1732-001,LA,https://laoofficialgazette.gov.la/kcfinder/upload/files/20ລບ2021.pdf,2026-09-21T02:23:27Z,pdf_scanned,true,raw/la/la_1732/20260921T0223Z__scanned.pdf,ດຳລັດ ວ່າດ້ວຍການຄຸ້ມຄອງອ່າງຮັບນໍ້າ ແລະ ອ່າງເກັບນໍ້າ,,,,requests,200,raw/la/la_1732/20260921T0223Z__scanned.pdf.headers.json,application/pdf,8bfe0b29e9a2b1ffaa7553e378489cdc2942124650d3134a1cf3f3f7f09d6067,1263878,18,,,,corpus LA_corpus_2026-09-21: from LA_ws_2026-09-21; flags no_text_layer,2021-02-18,,,in_force
0.2.0,,la-la1733-001,LA,https://laoofficialgazette.gov.la/kcfinder/upload/files/88ສພຊ2020.pdf,2026-09-21T01:26:39Z,pdf_scanned,true,raw/la/la_1733/20260921T0126Z__scanned.pdf,ກົດໝາຍ ວ່າດ້ວຍການຮ່ວມມືລະຫວ່າງປະເທດທາງອາຍາ,,,,requests,200,raw/la/la_1733/20260921T0126Z__scanned.pdf.headers.json,application/pdf,573641b7d08569240587618a98890f1a0b1d8b0d49eec7889ac238d1e1ecb7e7,1437443,19,,,,corpus LA_corpus_2026-09-21: from LA_ws_2026-09-21; flags no_text_layer,2021-02-22,,,in_force
0.2.0,,la-la1734-001,LA,https://laoofficialgazette.gov.la/kcfinder/upload/files/350ປທສ2021.pdf,2026-09-21T04:09:40Z,pdf_scanned,true,raw/la/la_1734/20260921T0409Z__scanned.pdf,ຂໍ້ຕົກລົງ ວ່າດ້ວຍການຄຸ້ມຄອງເລກໝາຍໂທລະສັບ,,,,requests,200,raw/la/la_1734/20260921T0409Z__scanned.pdf.headers.json,application/pdf,f01db7d08492948de37d81be02b5d3a80d2d5c5183677f9ee3b64fb580d10afa,844219,11,,,,corpus LA_corpus_2026-09-21: from LA_ws_2026-09-21; flags no_text_layer,2021-02-22,,,in_force
0.2.0,,la-la1735-001,LA,https://laoofficialgazette.gov.la/kcfinder/upload/files/531ປທສ2021.pdf,2026-09-21T00:55:16Z,pdf_scanned,true,raw/la/la_1735/20260921T0055Z__scanned.pdf,ຂໍ້ຕົກລົງ ວ່າດ້ວຍມາດຕະຖານເຕັກນິກການເຊື່ອມໂຍງຂໍ້ມູນຂອງລະບົບບໍລິຫານລັດດ້ວຍເອເລັກໂຕຣນິກ,,,,requests,200,raw/la/la_1735/20260921T0055Z__scanned.pdf.headers.json,application/pdf,6dbe1b07fe667d07e0666b49f7e278ad71704462bb75728b7ebeff9354024d8a,1334032,31,,,,corpus LA_corpus_2026-09-21: from LA_ws_2026-09-21; flags no_text_layer,2021-02-22,,,in_force
0.2.0,,la-la1737-001,LA,https://laoofficialgazette.gov.la/kcfinder/upload/files/21ລບ2021.pdf,2026-09-21T02:23:18Z,pdf_scanned,true,raw/la/la_1737/20260921T0223Z__scanned.pdf,ດຳລັດ ວ່າດ້ວຍການປັບໃໝ ແລະ ນຳໃຊ້ມາດຕະການອື່ນ ຕໍ່ຜູ້ລະເມີດກົດໝາຍ ແລະ ລະບຽບການກ່ຽວກັບການເຂົ້າ-ອອກ ແລະ ການຄຸ້ມຄອງຄົນຕ່າງປະເທດ ຢູ່ ສປປ ລາວ,,,,requests,200,raw/la/la_1737/20260921T0223Z__scanned.pdf.headers.json,application/pdf,ad4677e1a5247bf0ffda375670b233c418d3df564a2d7c3760ea6922efb68075,885609,13,,,,corpus LA_corpus_2026-09-21: from LA_ws_2026-09-21; flags no_text_layer,2021-02-26,,,in_force
0.2.0,,la-la1738-001,LA,https://laoofficialgazette.gov.la/kcfinder/upload/files/0672ກຊສ2021.pdf,2026-09-21T01:05:07Z,pdf_scanned,true,raw/la/la_1738/20260921T0105Z__scanned.pdf,ຂໍ້ຕົກລົງ ວ່າດ້ວຍການກຳນົດເນື້ອໃນແບບພິມ ແລະ ການພິມຕາມແບບພິມ ໃບທະບຽນທີ່ດິນ ແລະ ໃບຕາດິນ,,,,requests,200,raw/la/la_1738/20260921T0105Z__scanned.pdf.headers.json,application/pdf,497f551846521160d0118aa12b009bd42afcf222c06e3c73f18ba1939e12a8e5,912291,10,,,,corpus LA_corpus_2026-09-21: from LA_ws_2026-09-21; flags no_text_layer,2021-03-03,,,repealed
0.2.0,,la-la1739-001,LA,https://laoofficialgazette.gov.la/kcfinder/upload/files/0144ອຄ2021.pdf,2026-09-21T04:09:31Z,pdf_scanned,true,raw/la/la_1739/20260921T0409Z__scanned.pdf,ຂໍ້ຕົກລົງ ວ່າດ້ວຍທຸລະກິດການນຳເຂົ້າ ແລະ ສົ່ງອອກວັດຖຸມີຄ່າ,,,,requests,200,raw/la/la_1739/20260921T0409Z__scanned.pdf.headers.json,application/pdf,a21e95c01972cdbf45c0ea75e7c017a508e580f2eea3e0e412a66df088f7f055,737762,11,,,,corpus LA_corpus_2026-09-21: from LA_ws_2026-09-21; flags no_text_layer,2021-03-03,,,in_force
0.2.0,,la-la1740-001,LA,https://laoofficialgazette.gov.la/kcfinder/upload/files/768ຈນວ2020.pdf,2026-09-21T04:09:25Z,pdf_scanned,true,raw/la/la_1740/20260921T0409Z__scanned.pdf,"ຂໍ້ຕົກລົງ ວ່າດ້ວຍການກຳນົດຂອບເຂດ ແລະ ຮັບຮອງຫົວໜ່ວຍລາຄາທົດແທນຄ່າເສຍຫາຍໃຫ້ແກ່ຜູ້ຖືສິດນຳໃຊ້ທີ່ດິນ ໃນເຂດພັດທະນາ ເນື້ອທີ່ 51,1 ເຮັກຕາ ຂອງໂຄງການທ່າບົກ ທ່ານາແລ້ງ ແລະ ເຂດໂລຊິດສະຕິກ ນະຄອນຫຼວງວຽງຈັນ (ແບບຄົບວົງຈອນ)",,,,requests,200,raw/la/la_1740/20260921T0409Z__scanned.pdf.headers.json,application/pdf,a7c84542862d4c916005ab21cf72bc0ae000df47417973482279dc68eb34505f,777172,4,,,,corpus LA_corpus_2026-09-21: from LA_ws_2026-09-21; flags no_text_layer,2021-03-10,,,in_force
0.2.0,,la-la1741-001,LA,https://laoofficialgazette.gov.la/kcfinder/upload/files/748ຈນວ2020.pdf,2026-09-21T04:08:47Z,pdf_scanned,true,raw/la/la_1741/20260921T0408Z__scanned.pdf,ຂໍ້ຕົກລົງ ວ່າດ້ວຍການສ້າງນະຄອນຫຼວງວຽງຈັນສະຫວ່າງ,,,,requests,200,raw/la/la_1741/20260921T0408Z__scanned.pdf.headers.json,application/pdf,7cf5719fd91309efc78730079e6a79bef4d62accd5109a996ac457f98e41b8fe,787293,14,,,,corpus LA_corpus_2026-09-21: from LA_ws_2026-09-21; flags no_text_layer,2021-03-17,,,in_force
0.2.0,,la-la1742-001,LA,https://laoofficialgazette.gov.la/kcfinder/upload/files/699ຈນວ2020.pdf,2026-09-21T04:08:57Z,pdf_scanned,true,raw/la/la_1742/20260921T0408Z__scanned.pdf,ຂໍ້ຕົກລົງ ວ່າດ້ວຍການສ້າງນະຄອນຫຼວງວຽງຈັນສີຂຽວ,,,,requests,200,raw/la/la_1742/20260921T0408Z__scanned.pdf.headers.json,application/pdf,93d13375733fb0e04122edb357b8fbf78333c4a137aa2e1cf62a9645c5f9ce58,880188,12,,,,corpus LA_corpus_2026-09-21: from LA_ws_2026-09-21; flags no_text_layer,2021-03-17,,,in_force
0.2.0,,la-la1743-001,LA,https://laoofficialgazette.gov.la/kcfinder/upload/files/86ສພຊ2020.pdf,2026-09-21T01:26:31Z,pdf_scanned,true,raw/la/la_1743/20260921T0126Z__scanned.pdf,ກົດໝາຍ ວ່າດ້ວຍຊາວໜຸ່ມລາວ,,,,requests,200,raw/la/la_1743/20260921T0126Z__scanned.pdf.headers.json,application/pdf,62a2f8bfe05ad81bef511c2697205ef4ef6e280680505c0c5313a49d19b23cf8,1522784,21,,,,corpus LA_corpus_2026-09-21: from LA_ws_2026-09-21; flags no_text_layer,2021-03-17,,,in_force
0.2.0,,la-la1744-001,LA,https://laoofficialgazette.gov.la/kcfinder/upload/files/2010ຈຂສຂ2020-1-11.pdf,2026-09-21T04:09:00Z,pdf_scanned,true,raw/la/la_1744/20260921T0409Z__scanned.pdf,ຂໍ້ຕົກລົງ ວ່າດ້ວຍການຄຸ້ມຄອງການຂຸດຄົ້ນ ດິນດຳ-ດິນແດງ ພາຍໃນແຂວງສະຫວັນນະເຂດ,,,,requests,200,raw/la/la_1744/20260921T0409Z__scanned.pdf.headers.json,application/pdf,d9b3ca5e7c20f58dde328a3d87649ba571445d2b2e00a4e578a0317dd54c8947,879380,11,,,,corpus LA_corpus_2026-09-21: from LA_ws_2026-09-21; flags no_text_layer,2021-03-17,,,in_force
0.2.0,,la-la1745-001,LA,https://laoofficialgazette.gov.la/kcfinder/upload/files/2043ຈຂສຂ2020.pdf,2026-09-21T04:56:32Z,pdf_scanned,true,raw/la/la_1745/20260921T0456Z__scanned.pdf,"ຂໍ້ຕົກລົງ ວ່າດ້ວຍການສົ່ງເສີມ, ການຄຸ້ມຄອງ ວິສາຫະກິດຂະໜາດນ້ອຍ ແລະ ກາງ",,,,requests,200,raw/la/la_1745/20260921T0456Z__scanned.pdf.headers.json,application/pdf,cec5296b3d26e41e36d1ad27ce6ce593381e531e718b2da47ce1e3a45d35c2cf,985766,15,,,,corpus LA_corpus_2026-09-21: from LA_ws_2026-09-21; flags no_text_layer,2021-03-17,,,repealed
0.2.0,,la-la1746-001,LA,https://laoofficialgazette.gov.la/kcfinder/upload/files/2142ຈຂສຂ2020.pdf,2026-09-21T04:09:12Z,pdf_scanned,true,raw/la/la_1746/20260921T0409Z__scanned.pdf,"ຂໍ້ຕົກລົງ ວ່າດ້ວຍການຄຸ້ມຄອງການບໍລິການ ຮ້ານອາຫານ, ຮ້ານກິນດື່ມ ແລະ ຮ້ານບັນເທິງ",,,,requests,200,raw/la/la_1746/20260921T0409Z__scanned.pdf.headers.json,application/pdf,a7506193ba30d2ce462401a4135aa2f3ef4ce929616c9e84e280e915c8ca69d1,909426,16,,,,corpus LA_corpus_2026-09-21: from LA_ws_2026-09-21; flags no_text_layer,2021-03-17,,,in_force
0.2.0,,la-la1747-001,LA,https://laoofficialgazette.gov.la/kcfinder/upload/files/1919ຈຂສຂ2020.pdf,2026-09-21T04:56:24Z,pdf_scanned,true,raw/la/la_1747/20260921T0456Z__scanned.pdf,ຂໍ້ຕົກລົງ ວ່າດ້ວຍການກຳນົດເຂດປະເມີນລາຄາທີ່ດິນ ແລະ ສິ່ງປຸກສ້າງ ທົ່ວແຂວງສະຫວັນນະເຂດ,,,,requests,200,raw/la/la_1747/20260921T0456Z__scanned.pdf.headers.json,application/pdf,e668fc29c8d3ab1d563f416c841856afcac1a312e8ffac07412c0a76f2942144,1291464,28,,,,corpus LA_corpus_2026-09-21: from LA_ws_2026-09-21; flags no_text_layer,2021-03-18,,,repealed
0.2.0,,la-la1748-001,LA,https://laoofficialgazette.gov.la/kcfinder/upload/files/123ລບ2021.pdf,2026-09-21T02:23:10Z,pdf_scanned,true,raw/la/la_1748/20260921T0223Z__scanned.pdf,ດຳລັດ ວ່າດ້ວຍການສ້າງ ຄອບຄົວ ແລະ ບ້ານ ວັດທະນະທຳ,,,,requests,200,raw/la/la_1748/20260921T0223Z__scanned.pdf.headers.json,application/pdf,ca0861cff2ed35c5a631745b1a6e81f8e004957fb84f1feaf94ef5eeef15f28a,990082,14,,,,corpus LA_corpus_2026-09-21: from LA_ws_2026-09-21; flags no_text_layer,2021-03-22,,,in_force
0.2.0,,la-la1749-001,LA,https://laoofficialgazette.gov.la/kcfinder/upload/files/law_6831689610980.pdf,2026-09-21T05:13:59Z,pdf_native,false,raw/la/la_1749/20260921T0513Z__native.pdf,ຄຳແນະນຳ ກ່ຽວກັບການຈັດຕັ້ງປະຕິບັດ ກົດໝາຍວ່າດ້ວຍເອກະສານ,,,,requests,200,raw/la/la_1749/20260921T0513Z__native.pdf.headers.json,application/pdf,b390f5c905d08e483f8174cf3498f741e3ae5813ef9acb3256639aa2bbac83c5,3332692,100,,,,corpus LA_corpus_2026-09-21: from LA_ws_2026-09-21,2021-03-22,,,in_force
0.2.0,,la-la1750-001,LA,https://laoofficialgazette.gov.la/kcfinder/upload/files/1605ພບ2019.pdf,2026-09-21T04:08:41Z,pdf_scanned,true,raw/la/la_1750/20260921T0408Z__scanned.pdf,ຂໍ້ຕົກລົງ ວ່າດ້ວຍການຄຸ້ມຄອງທຶນພັດທະນາຊຸມຊົນ ຂອງໂຄງການຜະລິດໄຟຟ້າສະເພາະ ສຳລັບ IPP,,,,requests,200,raw/la/la_1750/20260921T0408Z__scanned.pdf.headers.json,application/pdf,2298515d2f69cea8344711ac50832317df79b157441f8b953fc3b86c5880e4ff,744063,6,,,,corpus LA_corpus_2026-09-21: from LA_ws_2026-09-21; flags no_text_layer,2021-03-22,,,in_force
0.2.0,,la-la1752-001,LA,https://laoofficialgazette.gov.la/kcfinder/upload/files/0220ອຄ2021.pdf,2026-09-21T04:08:26Z,pdf_scanned,true,raw/la/la_1752/20260921T0408Z__scanned.pdf,ຂໍ້ຕົກລົງ ວ່າດ້ວຍບັນຊີເຄມີອຸດສາຫະກຳ,,,,requests,200,raw/la/la_1752/20260921T0408Z__scanned.pdf.headers.json,application/pdf,e428bfb8c777e1c08f7cf8af0592dac153ef09170c05c320882c7021808379db,1366840,17,,,,corpus LA_corpus_2026-09-21: from LA_ws_2026-09-21; flags no_text_layer,2021-03-30,,,in_force
0.2.0,,la-la1753-001,LA,https://laoofficialgazette.gov.la/kcfinder/upload/files/0222ອຄ2021.pdf,2026-09-21T04:56:21Z,pdf_scanned,true,raw/la/la_1753/20260921T0456Z__scanned.pdf,ຂໍ້ຕົກລົງ ວ່າດ້ວຍໂຮງງານອຸດສາຫະກຳປຸງແຕ່ງໄມ້,,,,requests,200,raw/la/la_1753/20260921T0456Z__scanned.pdf.headers.json,application/pdf,6fa3e644e58d0bad08c238cc670f52441e9794838c67d14a6a5963d6454ab843,1101873,15,,,,corpus LA_corpus_2026-09-21: from LA_ws_2026-09-21; flags no_text_layer,2021-03-30,,,repealed
0.2.0,,la-la1754-001,LA,https://laoofficialgazette.gov.la/kcfinder/upload/files/0221ອຄ2021.pdf,2026-09-21T04:08:18Z,pdf_scanned,true,raw/la/la_1754/20260921T0408Z__scanned.pdf,ຂໍ້ຕົກລົງ ວ່າດ້ວຍຊິ້ນສ່ວນຍານພາຫະນະທາງບົກ,,,,requests,200,raw/la/la_1754/20260921T0408Z__scanned.pdf.headers.json,application/pdf,fb8a754221d40732360a185614b1d6733b2cb4757d4a02b55ea31347384976b8,844487,7,,,,corpus LA_corpus_2026-09-21: from LA_ws_2026-09-21; flags no_text_layer,2021-03-30,,,in_force
0.2.0,,la-la1755-001,LA,https://laoofficialgazette.gov.la/kcfinder/upload/files/184ລບ2021.pdf,2026-09-21T02:23:06Z,pdf_scanned,true,raw/la/la_1755/20260921T0223Z__scanned.pdf,"ດຳລັດ ວ່າດ້ວຍການແຕ່ງດອງລະຫວ່າງ ພົນລະເມືອງລາວ ກັບຄົນຕ່າງປະເທດ, ຄົນຕ່າງດ້າວ ແລະ ຄົນບໍ່ມີສັສນຊາດ",,,,requests,200,raw/la/la_1755/20260921T0223Z__scanned.pdf.headers.json,application/pdf,23b901a799f2b41b165ad2f96ad69db709f011494fc824b463981d4537dbc8a3,4013032,11,,,,corpus LA_corpus_2026-09-21: from LA_ws_2026-09-21; flags no_text_layer,2021-03-31,,,in_force
0.2.0,,la-la1756-001,LA,https://laoofficialgazette.gov.la/kcfinder/upload/files/445ກຍ2019.pdf,2026-09-21T05:11:53Z,pdf_scanned,true,raw/la/la_1756/20260921T0511Z__scanned.pdf,ຄຳແນະນຳ ວ່າດ້ວຍການເພີ່ມທະວີຄວາມຮັບຜິດຊອບ ໃນການຄຸ້ມຄອງ ແລະ ການຈັດຕັ້ງປະຕິບັດຄຳຕັດສິນຂອງສານ,,,,requests,200,raw/la/la_1756/20260921T0511Z__scanned.pdf.headers.json,application/pdf,5261ffd2b3415f35581770361ef286b655e774c15fe303d8a287bbbc4368f669,879425,4,,,,corpus LA_corpus_2026-09-21: from LA_ws_2026-09-21; flags no_text_layer,2021-04-01,,,in_force
0.2.0,,la-la1757-001,LA,https://laoofficialgazette.gov.la/kcfinder/upload/files/446ກຍ2019.pdf,2026-09-21T05:11:59Z,pdf_scanned,true,raw/la/la_1757/20260921T0511Z__scanned.pdf,"ຄຳແນະນຳ ກ່ຽວກັບວຽກງານການເງິນ, ການຮິບ ແລະ ມອບຊັບ ໃນການຈັດຕັ້ງປະຕິບັດຄຳຕັດສິນຂອງສານ",,,,requests,200,raw/la/la_1757/20260921T0511Z__scanned.pdf.headers.json,application/pdf,1b04db796992178cd4f28ac8ff583b6199a5af8bf0e438f2215eaa0ebf4a638b,802380,8,,,,corpus LA_corpus_2026-09-21: from LA_ws_2026-09-21; flags no_text_layer,2021-04-01,,,in_force
0.2.0,,la-la1758-001,LA,https://laoofficialgazette.gov.la/kcfinder/upload/files/447ກຍ2019.pdf,2026-09-21T05:12:07Z,pdf_scanned,true,raw/la/la_1758/20260921T0512Z__scanned.pdf,"ຄຳແນະນຳ ກ່ຽວກັບການຕີລາຄາ, ການຂາຍ ແລະ ການມອບຊັບ ໃນການຈັດຕັ້ງປະຕິບັດຄຳຕັດສິນຂອງສານ",,,,requests,200,raw/la/la_1758/20260921T0512Z__scanned.pdf.headers.json,application/pdf,564a0d419ac5f5f92cedc91de2415fb862cebfd2c35bc0282b61b8373a2b466b,749971,6,,,,corpus LA_corpus_2026-09-21: from LA_ws_2026-09-21; flags no_text_layer,2021-04-01,,,in_force
0.2.0,,la-la1759-001,LA,https://laoofficialgazette.gov.la/kcfinder/upload/files/140ລບ2021.pdf,2026-09-21T00:39:35Z,pdf_scanned,true,raw/la/la_1759/20260921T0039Z__scanned.pdf,ດຳລັດ ວ່າດ້ວຍຄັງສຳຮອງເງິນຕາຕ່າງປະເທດ (ສະບັບປັບປຸງ),,,,requests,200,raw/la/la_1759/20260921T0039Z__scanned.pdf.headers.json,application/pdf,b6f365ccc8188e861ff8b3e7e6a5523d7c10f64766b58c492f1ea09b2709bc7b,475321,6,,,,corpus LA_corpus_2026-09-21: from LA_ws_2026-09-21; flags no_text_layer,2021-04-01,,,in_force
0.2.0,,la-la1760-001,LA,https://laoofficialgazette.gov.la/kcfinder/upload/files/20ນຍ2020.pdf,2026-09-21T02:46:32Z,pdf_scanned,true,raw/la/la_1760/20260921T0246Z__scanned.pdf,"ຄຳສັງ ວ່າດ້ວຍການກັກ, ການຍຶດ ແລະ ການອາຍັດ ທຶນ ທີ່ກ່ຽວຂ້ອງກັບການສະໜອງທຶນໃຫ້ແກ່ການແຜ່ຜາຍອາວຸດທຳລາຍລ້າງຜານ",,,,requests,200,raw/la/la_1760/20260921T0246Z__scanned.pdf.headers.json,application/pdf,27f3ae3f2b218466b5c4e28d01cbfa233d0e217abe40c967c6422e1865ac37f8,1104645,8,,,,corpus LA_corpus_2026-09-21: from LA_ws_2026-09-21; flags no_text_layer,2021-04-01,,,in_force
0.2.0,,la-la1761-001,LA,https://laoofficialgazette.gov.la/kcfinder/upload/files/4358ຮສສ2021.pdf,2026-09-21T00:54:59Z,pdf_scanned,true,raw/la/la_1761/20260921T0054Z__scanned.pdf,ຂໍ້ຕົກລົງ ວ່າດ້ວຍໂຄງສ້າງມາດຕະຖານສີມືແຮງງານແຫ່ງຊາດ,,,,requests,200,raw/la/la_1761/20260921T0054Z__scanned.pdf.headers.json,application/pdf,91316c8ab4ca48ac259b40caa6166c0ed35ab473ac6d6532d3012047cb65e4f4,537283,2,,,,corpus LA_corpus_2026-09-21: from LA_ws_2026-09-21; flags no_text_layer,2021-04-06,,,in_force
0.2.0,,la-la1762-001,LA,https://laoofficialgazette.gov.la/kcfinder/upload/files/0604ຮສສ2021.pdf,2026-09-21T01:04:59Z,pdf_scanned,true,raw/la/la_1762/20260921T0104Z__scanned.pdf,ຂໍ້ຕົກລົງ ວ່າດ້ວຍການຂຶ້ນທະບຽນຜູ້ວ່າງງານ ສຳລັບສະມາຊິກປະກັນສັງຄົມ,,,,playwright,200,raw/la/la_1762/20260921T0104Z__scanned.pdf.headers.json,application/pdf,d195c8b1875f20f5dce9ffede2eb1b9be9efbaa726883f24088c84622ae66db3,642291,7,,,,corpus LA_corpus_2026-09-21: from LA_ws_2026-09-21; flags no_text_layer,2021-04-06,,,repealed
0.2.0,,la-la1763-001,LA,https://laoofficialgazette.gov.la/kcfinder/upload/files/0600ຮສສ2021.pdf,2026-09-21T00:55:07Z,pdf_scanned,true,raw/la/la_1763/20260921T0055Z__scanned.pdf,ຂໍ້ຕົກລົງ ວ່າດ້ວຍການອະນຸຍາດໃຫ້ຜູ້ອອກແຮງງານຕ່າງປະເທດ ເຂົ້າມາເຮັດວຽກຢູ ສປປ ລາວ,,,,requests,200,raw/la/la_1763/20260921T0055Z__scanned.pdf.headers.json,application/pdf,95d625136e5c9d0c3aada1d72939df9e65a9155058c76c4fd0be992c01cbe1ea,1121033,15,,,,corpus LA_corpus_2026-09-21: from LA_ws_2026-09-21; flags no_text_layer,2021-04-06,,,in_force
0.2.0,,la-la1764-001,LA,https://laoofficialgazette.gov.la/kcfinder/upload/files/001ປປທ2021.pdf,2026-09-21T02:04:10Z,pdf_scanned,true,raw/la/la_1764/20260921T0204Z__scanned.pdf,ລັດຖະບັນຍັດ ຂອງປະທານປະເທດ ວ່າດ້ວຍການດຳເນີນຄະດີປົກຄອງ,,,,requests,200,raw/la/la_1764/20260921T0204Z__scanned.pdf.headers.json,application/pdf,fdb81ec55f4566e6f39a864e05873f245b2ad8d50bdce47f2c930f974f1a916b,1130128,18,,,,corpus LA_corpus_2026-09-21: from LA_ws_2026-09-21; flags no_text_layer,2021-04-06,,,in_force
0.2.0,,la-la1765-001,LA,https://laoofficialgazette.gov.la/kcfinder/upload/files/0230ອຄ2021.pdf,2026-09-21T04:08:04Z,pdf_scanned,true,raw/la/la_1765/20260921T0408Z__scanned.pdf,"ຂໍ້ຕົກລົງ ວ່າດ້ວຍການນຳເຂົ້າຊົ່ວຄາວ, ສົ່ງອອກຊົ່ວຄາວ ແລະ ນຳເຂົ້າເພື່ອສົ່ງອອກຕໍ່ ສິນຄ້າຄຸ້ມຄອງ",,,,requests,200,raw/la/la_1765/20260921T0408Z__scanned.pdf.headers.json,application/pdf,f37e576004f63ded840b8f7a053aee6dfa491ab36107119e9eb79ec63038d0ab,810353,7,,,,corpus LA_corpus_2026-09-21: from LA_ws_2026-09-21; flags no_text_layer,2021-04-06,,,in_force
0.2.0,,la-la1766-001,LA,https://laoofficialgazette.gov.la/kcfinder/upload/files/0875ກງ2021 (2).pdf,2026-09-21T04:08:10Z,pdf_scanned,true,raw/la/la_1766/20260921T0408Z__scanned.pdf,"ຂໍ້ຕົກລົງ ວ່າດ້ວຍການອະນຸຍາດດຳເນີນ ວິສາຫະກິດບັນຊີ, ວິສາຫະກິດກວດສອບ ແລະ ນັກກວດສອບຕາມກົດໝາຍ",,,,requests,200,raw/la/la_1766/20260921T0408Z__scanned.pdf.headers.json,application/pdf,c8f7e94a88ced7f7be37193bfaca967d7427d416e99761a746897909e49613a7,790397,10,,,,corpus LA_corpus_2026-09-21: from LA_ws_2026-09-21; flags no_text_layer,2021-04-06,,,in_force
0.2.0,,la-la1767-001,LA,https://laoofficialgazette.gov.la/kcfinder/upload/files/0034ກວຕ2021.pdf,2026-09-21T04:56:09Z,pdf_scanned,true,raw/la/la_1767/20260921T0456Z__scanned.pdf,ຂໍ້ຕົກລົງ ວ່າດ້ວຍແບບຜັງວົງຈອນລວມ,,,,requests,200,raw/la/la_1767/20260921T0456Z__scanned.pdf.headers.json,application/pdf,8819988ae28ce72daaa06ff3fac7c13dfcaf7fce7edc553b213bbf409b9f9641,1057283,17,,,,corpus LA_corpus_2026-09-21: from LA_ws_2026-09-21; flags no_text_layer,2021-04-06,,,repealed
0.2.0,,la-la1768-001,LA,https://laoofficialgazette.gov.la/kcfinder/upload/files/0035ກວຕ2021.pdf,2026-09-21T04:55:59Z,pdf_scanned,true,raw/la/la_1768/20260921T0455Z__scanned.pdf,ຂໍ້ຕົກລົງ ວ່າດ້ວຍແບບອຸດສາຫະກຳ,,,,requests,200,raw/la/la_1768/20260921T0455Z__scanned.pdf.headers.json,application/pdf,7aea49a8e9eba811dbc5f8c4fe8d766911b98178a27f3ec9652b40c57541fc75,1162518,18,,,,corpus LA_corpus_2026-09-21: from LA_ws_2026-09-21; flags no_text_layer,2021-04-06,,,repealed
0.2.0,,la-la1769-001,LA,https://laoofficialgazette.gov.la/kcfinder/upload/files/688ປທສ2021.pdf,2026-09-21T05:11:45Z,pdf_scanned,true,raw/la/la_1769/20260921T0511Z__scanned.pdf,ຄຳແນະນຳ ການນຳໃຊ້ລະບົບກອງປະຊຸມທາງໄກ,,,,requests,200,raw/la/la_1769/20260921T0511Z__scanned.pdf.headers.json,application/pdf,a5ddac33baf2f5c2dbf0fde8e9866fe9a2269eb30904787e4623b55ff058bf3f,1021927,14,,,,corpus LA_corpus_2026-09-21: from LA_ws_2026-09-21; flags no_text_layer,2021-04-08,,,in_force
0.2.0,,la-la1770-001,LA,https://laoofficialgazette.gov.la/kcfinder/upload/files/03ພນ2021.pdf,2026-09-21T01:10:23Z,pdf_scanned,true,raw/la/la_1770/20260921T0110Z__scanned.pdf,ຄຳແນະນຳ ກ່ຽວກັບການຈັດຕັ້ງປະຕິບັດກົດໝາຍ ວ່າດ້ວຍທະບຽນຄອບຄົວ ທີ່ຢູ່ໃນຄວາມຮັບຜິດຊອບຂອງຂະແໜງການພາຍໃນ,,,,requests,200,raw/la/la_1770/20260921T0110Z__scanned.pdf.headers.json,application/pdf,24a5cbe92594011904f8cdfb2e2c40eb2b0ccdda020dfef9ec4d9070d538de57,871541,7,,,,corpus LA_corpus_2026-09-21: from LA_ws_2026-09-21; flags no_text_layer,2021-04-20,,,in_force
0.2.0,,la-la1771-001,LA,https://laoofficialgazette.gov.la/kcfinder/upload/files/04ພນ2021.pdf,2026-09-21T05:11:36Z,pdf_scanned,true,raw/la/la_1771/20260921T0511Z__scanned.pdf,ຄຳແນະນຳ ການຈັດຕັ້ງປະຕິບັດວຽກງານ ຈັນຍາບັນຂອງພະນັກງານ-ລັດຖະກອນ,,,,requests,200,raw/la/la_1771/20260921T0511Z__scanned.pdf.headers.json,application/pdf,69d17300b0fbb2f1322692aadcf6b60089e1b53fff3d9673cccd660e26451368,1363950,24,,,,corpus LA_corpus_2026-09-21: from LA_ws_2026-09-21; flags no_text_layer,2021-04-20,,,in_force
0.2.0,,la-la1772-001,LA,https://laoofficialgazette.gov.la/kcfinder/upload/files/163ລບ2021.pdf,2026-09-21T00:39:29Z,pdf_scanned,true,raw/la/la_1772/20260921T0039Z__scanned.pdf,ດຳລັດ ວ່າດ້ວຍການເງິນ ແລະ ການບັນຊີ ຂອງທະນາຄານແຫ່ງ ສປປ ລາວ,,,,requests,200,raw/la/la_1772/20260921T0039Z__scanned.pdf.headers.json,application/pdf,afcb4e4ebf91f401885fdf918ac656da84dc7a789de5b20671e85e1bf8b9364c,790122,16,,,,corpus LA_corpus_2026-09-21: from LA_ws_2026-09-21; flags no_text_layer,2021-04-22,,,in_force
0.2.0,,la-la1773-001,LA,https://laoofficialgazette.gov.la/kcfinder/upload/files/0448ກປ2021.pdf,2026-09-21T04:08:02Z,pdf_scanned,true,raw/la/la_1773/20260921T0408Z__scanned.pdf,"ຂໍ້ຕົກລົງ ວ່າດ້ວຍການກຳນົດບັນຊີໄມ້ I,II ແລະ III",,,,requests,200,raw/la/la_1773/20260921T0408Z__scanned.pdf.headers.json,application/pdf,652e59dc22152a933913d76095d54cc78dd221a1ad166be669f85d73dcf9aec6,7739177,5,,,,corpus LA_corpus_2026-09-21: from LA_ws_2026-09-21; flags no_text_layer,2021-04-22,,,in_force
0.2.0,,la-la1774-001,LA,https://laoofficialgazette.gov.la/kcfinder/upload/files/199ທຫລ2021.pdf,2026-09-21T00:54:50Z,pdf_scanned,true,raw/la/la_1774/20260921T0054Z__scanned.pdf,ຂໍ້ຕົກລົງ ວ່າດ້ວຍການໃຫ້ບໍລິການຜະລິດຕະພັນຂອງທະນາຄານທຸລະກິດ,,,,requests,200,raw/la/la_1774/20260921T0054Z__scanned.pdf.headers.json,application/pdf,77d418e2b9ce0e03cca2427bbfd02ad9a635c491feb472dc7bb9c6ea15934465,698488,9,,,,corpus LA_corpus_2026-09-21: from LA_ws_2026-09-21; flags no_text_layer,2021-04-26,,,in_force
0.2.0,,la-la1775-001,LA,https://laoofficialgazette.gov.la/kcfinder/upload/files/246ຈຂຊຍ2021.pdf,2026-09-21T04:08:32Z,pdf_scanned,true,raw/la/la_1775/20260921T0408Z__scanned.pdf,ຂໍ້ຕົກລົງ ວ່າດ້ວຍການກຳນົດເຂດປະເມີນລາຄາທີ່ດິນ ແລະ ສິ່ງປຸກສ້າງ ແຂວງໄຊຍະບູລີ,,,,requests,200,raw/la/la_1775/20260921T0408Z__scanned.pdf.headers.json,application/pdf,a3dfa15412b8a449dd5949a4eeaf1a0407a5652f62176cb22525527f77734580,1163882,25,,,,corpus LA_corpus_2026-09-21: from LA_ws_2026-09-21; flags no_text_layer,2021-03-29,,,in_force
0.2.0,,la-la1776-001,LA,https://laoofficialgazette.gov.la/kcfinder/upload/files/08.25.02.2021.pdf,2026-09-21T04:55:57Z,pdf_scanned,true,raw/la/la_1776/20260921T0455Z__scanned.pdf,ຂໍ້ຕົກລົງ ວ່າດ້ວຍການຮັບຮອງເອົາບັນຊີ ສັດນ້ຳ ແລະ ສັດປ່າປະເພດຫວງຫ້າມ ຫຼື ບັນຊີ I ແລະ ປະເພດຄຸ້ມຄອງ ຫຼື ບັນຊີ II,,,,requests,200,raw/la/la_1776/20260921T0455Z__scanned.pdf.headers.json,application/pdf,cf21b4fa560a67582b878cc6e28d5065ce0efe9d1816df5eae1e24a3c6a1cf05,11516662,30,,,,corpus LA_corpus_2026-09-21: from LA_ws_2026-09-21; flags no_text_layer,2021-05-20,,,repealed
0.2.0,,la-la1777-001,LA,https://laoofficialgazette.gov.la/kcfinder/upload/files/scan0001 (1).pdf,2026-09-21T04:07:09Z,pdf_scanned,true,raw/la/la_1777/20260921T0407Z__scanned.pdf,ຂໍ້ຕົກລົງ ວ່າດ້ວຍຢາຕ້ານເຊື້ອຈຸລະຊີບ ສຳລັບ ສັດ ແລະ ສັດນ້ຳ,,,,requests,200,raw/la/la_1777/20260921T0407Z__scanned.pdf.headers.json,application/pdf,582c768afb2a26f594625ec412027a4c7ec6a4cb32bd12e85e290ca26909c4e5,7212164,11,,,,corpus LA_corpus_2026-09-21: from LA_ws_2026-09-21; flags no_text_layer,2021-05-20,,,in_force
0.2.0,,la-la1778-001,LA,https://laoofficialgazette.gov.la/kcfinder/upload/files/Decree on Electronic Commerce No.296 - Reduced.pdf,2026-09-21T00:39:27Z,pdf_native,false,raw/la/la_1778/20260921T0039Z__native.pdf,ດຳລັດ ວ່າດ້ວຍການຄ້າທາງເອເລັກໂຕຣນິກ,,,,requests,200,raw/la/la_1778/20260921T0039Z__native.pdf.headers.json,application/pdf,2cf38704266bfb29636e6889cf94dad2feb662b5e50fa4a25b2970b85060bc1b,6558897,16,,,,corpus LA_corpus_2026-09-21: from LA_ws_2026-09-21,2021-05-20,,,in_force
0.2.0,,la-la1779-001,LA,https://laoofficialgazette.gov.la/kcfinder/upload/files/09161-MPWT.pdf,2026-09-21T04:06:40Z,pdf_scanned,true,raw/la/la_1779/20260921T0406Z__scanned.pdf,ຂໍ້ຕົກລົງ ວ່າດ້ວຍການຄຸ້ມຄອງໂຮງຮຽນສອນຂັບລົດ,,,,requests,200,raw/la/la_1779/20260921T0406Z__scanned.pdf.headers.json,application/pdf,8531c8b9daa9b96ee4dec54da3528213cbd265ec4548441c07ac64a6cacbfaf9,3165606,11,,,,corpus LA_corpus_2026-09-21: from LA_ws_2026-09-21; flags no_text_layer,2021-05-24,,,in_force
0.2.0,,la-la1780-001,LA,https://laoofficialgazette.gov.la/kcfinder/upload/files/09163-MPWT.pdf,2026-09-21T04:06:43Z,pdf_scanned,true,raw/la/la_1780/20260921T0406Z__scanned.pdf,ຂໍ້ຕົກລົງ ວ່າດ້ວຍການຄຸ້ມຄອງໃບຂັບຂີ່ຍານພາຫະນະຂົນສົ່ງທາງບົກ,,,,requests,200,raw/la/la_1780/20260921T0406Z__scanned.pdf.headers.json,application/pdf,305fbd1b046efe5ad1736c04fad91f26a4a084170b6a3e8d75699d78289db8d0,3358682,13,,,,corpus LA_corpus_2026-09-21: from LA_ws_2026-09-21; flags no_text_layer,2021-05-24,,,in_force
0.2.0,,la-la1781-001,LA,https://laoofficialgazette.gov.la/kcfinder/upload/files/0760ກຜທ2021.pdf,2026-09-21T05:11:34Z,pdf_scanned,true,raw/la/la_1781/20260921T0511Z__scanned.pdf,ຄຳແນະນຳ ກ່ຽວກັບການໃຫ້ນະໂຍບາຍສົ່ງເສີມການລົງທຶນ ດ້ານອາກອນກຳໄລ ແລະ ດ້ານຄ່າເຊົ່າ ຫຼື ສຳປະທານທີ່ດິນຂອງລັດ,,,,requests,200,raw/la/la_1781/20260921T0511Z__scanned.pdf.headers.json,application/pdf,6cd201423354c6abd10adbb34ec1c7c592b65e20b7d4245e23705d710b319a3e,4565050,22,,,,corpus LA_corpus_2026-09-21: from LA_ws_2026-09-21; flags no_text_layer,2021-05-28,,,in_force
0.2.0,,la-la1783-001,LA,https://laoofficialgazette.gov.la/kcfinder/upload/files/0889ກຜທ2021 (2).pdf,2026-09-21T05:11:21Z,pdf_scanned,true,raw/la/la_1783/20260921T0511Z__scanned.pdf,ຄຳແນະນຳ ກ່ຽວກັບການຈັດຕັ້ງປະຕິບັດກົດໝາຍວ່າດ້ວຍການລົງທຶນຂອງລັດ,,,,requests,200,raw/la/la_1783/20260921T0511Z__scanned.pdf.headers.json,application/pdf,55f22742c5f75b99861f13f000bafebe4f6027453b759a7f3e0f2786b0386b7c,1632676,26,,,,corpus LA_corpus_2026-09-21: from LA_ws_2026-09-21; flags no_text_layer,2021-06-18,,,in_force
0.2.0,,la-la1784-001,LA,https://laoofficialgazette.gov.la/kcfinder/upload/files/0451ອຄ.ກຂອ2021.pdf,2026-09-21T04:06:19Z,pdf_scanned,true,raw/la/la_1784/20260921T0406Z__scanned.pdf,ຂໍ້ຕົກລົງ ວ່າດ້ວຍການຄຸ້ມຄອງສິນຄ້າຜ່ານແດນ,,,,requests,200,raw/la/la_1784/20260921T0406Z__scanned.pdf.headers.json,application/pdf,fef199462a3e841f5fb85d370c5bb4d940ac1fb232a997ef388c799f69f4b61d,626981,6,,,,corpus LA_corpus_2026-09-21: from LA_ws_2026-09-21; flags no_text_layer,2021-06-21,,,in_force
0.2.0,,la-la1785-001,LA,https://laoofficialgazette.gov.la/kcfinder/upload/files/292ລບ2021.pdf,2026-09-21T02:22:55Z,pdf_scanned,true,raw/la/la_1785/20260921T0222Z__scanned.pdf,ດຳລັດ ວ່າດ້ວຍນະໂຍບາຍ ຕໍ່ພະນັກງານ-ລັດຖະກອນ ທີ່ປະຕິບັດໜ້າທີ່ ຢູ່ຫ່າງໄກສອກຫຼີກ ແລະ ທຸລະກັນດານ,,,,requests,200,raw/la/la_1785/20260921T0222Z__scanned.pdf.headers.json,application/pdf,ba9238802184d3b6103790af35b22eadede08b148217a2d391027f2be0dee5b4,929404,9,,,,corpus LA_corpus_2026-09-21: from LA_ws_2026-09-21; flags no_text_layer,2021-06-21,,,in_force
0.2.0,,la-la1786-001,LA,https://laoofficialgazette.gov.la/kcfinder/upload/files/390ລບ2021.pdf,2026-09-21T02:22:48Z,pdf_scanned,true,raw/la/la_1786/20260921T0222Z__scanned.pdf,ດຳລັດ ວ່າດ້ວຍລັດຖະກອນແພດ,,,,requests,200,raw/la/la_1786/20260921T0222Z__scanned.pdf.headers.json,application/pdf,8a2ae55a72c02675b6bceae156fdf13f1b3516f7dbf89432fb33f89fdbdf977c,954966,20,,,,corpus LA_corpus_2026-09-21: from LA_ws_2026-09-21; flags no_text_layer,2021-06-24,,,in_force
0.2.0,,la-la1787-001,LA,https://laoofficialgazette.gov.la/kcfinder/upload/files/1687ກຊສ2021.pdf,2026-09-21T04:06:13Z,pdf_scanned,true,raw/la/la_1787/20260921T0406Z__scanned.pdf,ຂໍ້ຕົກລົງ ວ່າດ້ວຍການຄວບຄຸມມົນລະພິດ,,,,requests,200,raw/la/la_1787/20260921T0406Z__scanned.pdf.headers.json,application/pdf,56b9ba6f72aeb29fe21dc232cd35eda5da2042f98913f75f2100e2bad1a1f691,5961201,10,,,,corpus LA_corpus_2026-09-21: from LA_ws_2026-09-21; flags no_text_layer,2021-07-12,,,in_force
0.2.0,,la-la1788-001,LA,https://laoofficialgazette.gov.la/kcfinder/upload/files/1686ກຊສ2021.pdf,2026-09-21T04:06:09Z,pdf_scanned,true,raw/la/la_1788/20260921T0406Z__scanned.pdf,ຂໍ້ຕົກລົງ ວ່າດ້ວຍການຄຸ້ມຄອງເຄມີພາຍໃຕ້ອະນຸສັນຍາມົງເຣອານ,,,,requests,200,raw/la/la_1788/20260921T0406Z__scanned.pdf.headers.json,application/pdf,865f1477d673e3e75e7076d28655d8b638784037e75ef183939815e8bdfe0799,3210945,6,,,,corpus LA_corpus_2026-09-21: from LA_ws_2026-09-21; flags no_text_layer,2021-07-12,,,in_force
0.2.0,,la-la1789-001,LA,https://laoofficialgazette.gov.la/kcfinder/upload/files/1835ກງ2020.pdf,2026-09-21T04:05:43Z,pdf_scanned,true,raw/la/la_1789/20260921T0405Z__scanned.pdf,ຂໍ້ຕົກລົງ ວ່າດ້ວຍການຄຸ້ມຄອງໂປຣແກຣມບັນຊີ,,,,requests,200,raw/la/la_1789/20260921T0405Z__scanned.pdf.headers.json,application/pdf,9daec41591e075b62e09cd11360f487fd41eb7fd345abdc2982424123fb9dac8,812723,12,,,,corpus LA_corpus_2026-09-21: from LA_ws_2026-09-21; flags no_text_layer,2021-07-13,,,in_force
0.2.0,,la-la1790-001,LA,https://laoofficialgazette.gov.la/kcfinder/upload/files/2077ສທ2021.pdf,2026-09-21T04:05:37Z,pdf_scanned,true,raw/la/la_1790/20260921T0405Z__scanned.pdf,ຂໍ້ຕົກລົງ ວ່າດ້ວຍການຄຸ້ມຄອງ ການໃຫ້ຖືພາແທນ ແລະ ການໃຫ້ຫຼຸລູກ,,,,playwright,200,raw/la/la_1790/20260921T0405Z__scanned.pdf.headers.json,application/pdf,0eaab058ee940a96bb45a1e61c0022999e5e02f20e8298ed1667c5b60d0abcd0,747217,8,,,,corpus LA_corpus_2026-09-21: from LA_ws_2026-09-21; flags no_text_layer,2021-07-16,,,in_force
0.2.0,,la-la1791-001,LA,https://laoofficialgazette.gov.la/kcfinder/upload/files/0588ອຄ2021.pdf,2026-09-21T05:11:07Z,pdf_scanned,true,raw/la/la_1791/20260921T0511Z__scanned.pdf,ຄຳແນະນຳ ກ່ຽວກັບການຢັ້ງຢືນແຫຼ່ງກຳເນີດສິນຄ້າທີ່ໄດ້ຮັບສິດທິພິເສດ,,,,requests,200,raw/la/la_1791/20260921T0511Z__scanned.pdf.headers.json,application/pdf,aa6f14747034877f136720e94e71b03bda51db15799a17a931cb5cfe1113f78f,994552,10,,,,corpus LA_corpus_2026-09-21: from LA_ws_2026-09-21; flags no_text_layer,2021-07-16,,,in_force
0.2.0,,la-la1792-001,LA,https://laoofficialgazette.gov.la/kcfinder/upload/files/0819ກງ2021.pdf,2026-09-21T05:11:01Z,pdf_scanned,true,raw/la/la_1792/20260921T0511Z__scanned.pdf,ຄຳແນະນຳ ຈັດຕັ້ງປະຕິບັດກົດໝາຍ ວ່າດ້ວຍອາກອນລາຍໄດ້,,,,requests,200,raw/la/la_1792/20260921T0511Z__scanned.pdf.headers.json,application/pdf,ae0193d6b7523e7fb8a6d2ee857a784529dd79826eaf2588f681d6c25e3f7490,4017973,95,,,,corpus LA_corpus_2026-09-21: from LA_ws_2026-09-21; flags no_text_layer,2021-07-19,,,in_force
0.2.0,,la-la1793-001,LA,https://laoofficialgazette.gov.la/kcfinder/upload/files/1939ກງ2021.pdf,2026-09-21T05:10:19Z,pdf_scanned,true,raw/la/la_1793/20260921T0510Z__scanned.pdf,ຄຳແນະນຳ ວ່າດ້ວຍການຈັດຕັ້ງປະຕິບັດ ກົດໝາຍວ່າດ້ວຍອາກອນມູນຄ່າເພີ່ມ,,,,requests,200,raw/la/la_1793/20260921T0510Z__scanned.pdf.headers.json,application/pdf,70a362a0ec5e70d45dd851bcd562d2a194772a3ceef19083c3f789635f9a4fe8,4614240,93,,,,corpus LA_corpus_2026-09-21: from LA_ws_2026-09-21; flags no_text_layer,2021-07-19,,,in_force
0.2.0,,la-la1794-001,LA,https://laoofficialgazette.gov.la/kcfinder/upload/files/471ລບ2021.pdf,2026-09-21T02:22:39Z,pdf_scanned,true,raw/la/la_1794/20260921T0222Z__scanned.pdf,ດຳລັດ ວ່າດ້ວຍທຸລະກິດເຊົ່າສິນເຊື່ອ (ສະບັບປັບປຸງ),,,,requests,200,raw/la/la_1794/20260921T0222Z__scanned.pdf.headers.json,application/pdf,51471176fe07158fe587c53dc03410d32116d2e4c83fda412aca5031e7e78f80,821585,13,,,,corpus LA_corpus_2026-09-21: from LA_ws_2026-09-21; flags no_text_layer,2021-07-30,,,in_force
0.2.0,,la-la1795-001,LA,https://laoofficialgazette.gov.la/kcfinder/upload/files/474ລບ2021.pdf,2026-09-21T02:22:32Z,pdf_scanned,true,raw/la/la_1795/20260921T0222Z__scanned.pdf,ດຳລັດ ວ່າດ້ວຍເຈົ້າໜ້າທີ່ລົດໄຟ,,,,requests,200,raw/la/la_1795/20260921T0222Z__scanned.pdf.headers.json,application/pdf,6d2754ab70b1ed28feca8fa62312f2b92166d5f3ac5063c8bf65bf4d818cb316,609513,10,,,,corpus LA_corpus_2026-09-21: from LA_ws_2026-09-21; flags no_text_layer,2021-08-09,,,in_force
0.2.0,,la-la1796-001,LA,https://laoofficialgazette.gov.la/kcfinder/upload/files/002ປປທ2021.pdf,2026-09-21T02:04:06Z,pdf_scanned,true,raw/la/la_1796/20260921T0204Z__scanned.pdf,ລັດຖະບັນຍັດ ຂອງປະທານປະເທດ ວ່າດ້ວຍຄ່າທຳນຽມ ແລະ ຄ່າບໍລິການ,,,,requests,200,raw/la/la_1796/20260921T0204Z__scanned.pdf.headers.json,application/pdf,3ccdc02d0f7d3b146ef1e66357239e19d7d29d09fb6164d1dec1801ee7c75b55,7573643,238,,,,corpus LA_corpus_2026-09-21: from LA_ws_2026-09-21; flags no_text_layer,2021-08-09,,,in_force
0.2.0,,la-la1799-001,LA,https://laoofficialgazette.gov.la/kcfinder/upload/files/3662ກຊສ2021.pdf,2026-09-21T05:10:14Z,pdf_scanned,true,raw/la/la_1799/20260921T0510Z__scanned.pdf,ຄຳແນະນຳ ວ່າດ້ວຍການເກັບຄ່າທຳນຽມ ແລະ ຄ່າບໍລິການ ຂະແໜງການຊັບພະຍາກອນທຳມະຊາດ ແລະ ສິ່ງແວດລ້ອມ,,,,requests,200,raw/la/la_1799/20260921T0510Z__scanned.pdf.headers.json,application/pdf,1846c65bafc8f5034f50d234e1c27712c167990bf9aefde0289a5ba90aba7a56,1184241,20,,,,corpus LA_corpus_2026-09-21: from LA_ws_2026-09-21; flags no_text_layer,2021-08-18,,,in_force
0.2.0,,la-la1800-001,LA,https://laoofficialgazette.gov.la/kcfinder/upload/files/3649ກຊສ2021.pdf,2026-09-21T04:05:30Z,pdf_scanned,true,raw/la/la_1800/20260921T0405Z__scanned.pdf,"ຂໍ້ຕົກລົງ ວ່າດ້ວຍການຄຸ້ມຄອງ ແລະ ຕິດຕາມ ກວດກາການບຳບັດ, ກຳຈັດ ສິ່ງເສດເຫຼືອເຄມີເປັນພິດ ແລະ ອັນຕະລາຍ",,,,requests,200,raw/la/la_1800/20260921T0405Z__scanned.pdf.headers.json,application/pdf,ea0f4c5c319cd3c1e8e5b5c36c010b8aa0e51621ca6a0547f3d9ce7c22f485ab,731843,7,,,,corpus LA_corpus_2026-09-21: from LA_ws_2026-09-21; flags no_text_layer,2021-08-18,,,in_force
0.2.0,,la-la1801-001,LA,https://laoofficialgazette.gov.la/kcfinder/upload/files/513ລບ2021.pdf,2026-09-21T02:35:59Z,pdf_scanned,true,raw/la/la_1801/20260921T0235Z__scanned.pdf,ດຳລັດ ວ່າດ້ວຍທ່າບົກ,,,,requests,200,raw/la/la_1801/20260921T0235Z__scanned.pdf.headers.json,application/pdf,ad037ceef3cab91d2fe14395ceddba6d23c6959520a0c88fd74e9c514f4c7182,1171943,19,,,,corpus LA_corpus_2026-09-21: from LA_ws_2026-09-21; flags no_text_layer,2021-08-19,,,repealed
0.2.0,,la-la1802-001,LA,https://laoofficialgazette.gov.la/kcfinder/upload/files/08ພນ2021.pdf,2026-09-21T05:09:56Z,pdf_scanned,true,raw/la/la_1802/20260921T0509Z__scanned.pdf,ຄຳແນະນຳ ກ່ຽວກັບການຜັນຂະຫຍາຍ ດຳລັດວ່າດ້ວຍຕາປະທັບ,,,,requests,200,raw/la/la_1802/20260921T0509Z__scanned.pdf.headers.json,application/pdf,7b27beb68af6d9c711249903ea1292bae69b728d1ec5d1b5a276061c58bc97e4,739396,8,,,,corpus LA_corpus_2026-09-21: from LA_ws_2026-09-21; flags no_text_layer,2021-08-19,,,in_force
0.2.0,,la-la1803-001,LA,https://laoofficialgazette.gov.la/kcfinder/upload/files/3269ກງ2021.pdf,2026-09-21T05:09:47Z,pdf_scanned,true,raw/la/la_1803/20260921T0509Z__scanned.pdf,ຄຳແນະນຳ ກ່ຽວກັບການຈັດຕັ້ງປະຕິບັດກົດໝາຍວ່າດ້ວຍພາສີ,,,,playwright,200,raw/la/la_1803/20260921T0509Z__scanned.pdf.headers.json,application/pdf,732e33dac4156d04b454507ef0a638a27ef61b671da57c5bfdccba49ce699f03,2669408,53,,,,corpus LA_corpus_2026-09-21: from LA_ws_2026-09-21; flags no_text_layer,2021-08-19,,,in_force
0.2.0,,la-la1804-001,LA,https://laoofficialgazette.gov.la/kcfinder/upload/files/2319ກຊສ2021.pdf,2026-09-21T04:05:22Z,pdf_scanned,true,raw/la/la_1804/20260921T0405Z__scanned.pdf,ຂໍ້ຕົກລົງ ວ່າດ້ວຍການຕິດຕາມ ກວດກາວິຊາການດ້ານສິ່ງແວດລ້ອມ ໃນໂຄງການລົງທຶນ ແລະ ກິດຈະການຕ່າງໆ ຂອງຂະແໜງການຊັບພະຍາກອນທຳມະຊາດ ແລະ ສິ່ງແວດລ້ອມ,,,,requests,200,raw/la/la_1804/20260921T0405Z__scanned.pdf.headers.json,application/pdf,772a7f25856ae70b7621531d716e697f3b37fab32dc04fe32d5f7ed5443bcb1c,1035880,12,,,,corpus LA_corpus_2026-09-21: from LA_ws_2026-09-21; flags no_text_layer,2021-09-02,,,in_force
0.2.0,,la-la1805-001,LA,https://laoofficialgazette.gov.la/kcfinder/upload/files/4566ກຊສ2021.pdf,2026-09-21T04:05:16Z,pdf_scanned,true,raw/la/la_1805/20260921T0405Z__scanned.pdf,ຂໍ້ຕົກລົງ ວ່າດ້ວຍການຄວບຄຸມສານຊືນໃນນໍ້າສີ ຫຼື ຜະລິດຕະພັນເຄືອບ,,,,requests,200,raw/la/la_1805/20260921T0405Z__scanned.pdf.headers.json,application/pdf,936358aa21d0d657d4a2bc805b11fc5f6da5599c8682ccf473bc8e20ff1eac97,516104,4,,,,corpus LA_corpus_2026-09-21: from LA_ws_2026-09-21; flags no_text_layer,2021-09-02,,,in_force
0.2.0,,la-la1806-001,LA,https://laoofficialgazette.gov.la/kcfinder/upload/files/475ລບ2021.pdf,2026-09-21T02:22:22Z,pdf_scanned,true,raw/la/la_1806/20260921T0222Z__scanned.pdf,ດຳລັດ ວ່າດ້ວຍ ການອອກວີຊາ ແລະ ການກຳນົດເວລາພັກເຊົາ ຢູ່ ສປປ ລາວ ໃຫ້ຄົນເຊື້ອຊາດລາວຢູ່ຕ່າງປະເທດ,,,,requests,200,raw/la/la_1806/20260921T0222Z__scanned.pdf.headers.json,application/pdf,d3c4ecf0cdd339621c506557c8bcee3ef12dd32b85fccb9fa497cdbc71467171,575394,7,,,,corpus LA_corpus_2026-09-21: from LA_ws_2026-09-21; flags no_text_layer,2021-09-06,,,in_force
0.2.0,,la-la1807-001,LA,https://laoofficialgazette.gov.la/kcfinder/upload/files/0848ອຄ2021.pdf,2026-09-21T04:05:05Z,pdf_scanned,true,raw/la/la_1807/20260921T0405Z__scanned.pdf,ຂໍ້ຕົກລົງ ວ່າດ້ວຍລາຍການສິນຄ້າເກືອດຫ້າມການນຳເຂົ້າ ຫຼື ສົ່ງອອກ,,,,requests,200,raw/la/la_1807/20260921T0405Z__scanned.pdf.headers.json,application/pdf,3c1aac6616aecc5a2a651451866b0c5c15b33db79a3c33ada9dbdb63eb513db3,2067283,9,,,,corpus LA_corpus_2026-09-21: from LA_ws_2026-09-21; flags no_text_layer,2021-09-17,,,in_force
0.2.0,,la-la1808-001,LA,https://laoofficialgazette.gov.la/kcfinder/upload/files/0863ອຄ2021.pdf,2026-09-21T04:05:03Z,pdf_scanned,true,raw/la/la_1808/20260921T0405Z__scanned.pdf,ຂໍ້ຕົກລົງ ວ່າດ້ວຍສະຫຼາກເຄມີ,,,,requests,200,raw/la/la_1808/20260921T0405Z__scanned.pdf.headers.json,application/pdf,a203f345bd2300ca35426819577cb473b76ed2705847f3a6a8bf750379ccf9ce,9078247,30,,,,corpus LA_corpus_2026-09-21: from LA_ws_2026-09-21; flags no_text_layer,2021-09-17,,,in_force
0.2.0,,la-la1809-001,LA,https://laoofficialgazette.gov.la/kcfinder/upload/files/0851ອຄ2021.pdf,2026-09-21T04:04:56Z,pdf_scanned,true,raw/la/la_1809/20260921T0404Z__scanned.pdf,ຂໍ້ຕົກລົງ ວ່າດ້ວຍການຮັບຮອງເອົາລາຍການຜະລິດຕະພັນໄມ້ ເພື່ອສົ່ງອອກ,,,,requests,200,raw/la/la_1809/20260921T0404Z__scanned.pdf.headers.json,application/pdf,6231cfadbdf3be7f0293c93198c2205efb8f486c2be4551e069a9657a2961e81,8945138,26,,,,corpus LA_corpus_2026-09-21: from LA_ws_2026-09-21; flags no_text_layer,2021-09-17,,,in_force
0.2.0,,la-la1810-001,LA,https://laoofficialgazette.gov.la/kcfinder/upload/files/0568-PMO.pdf,2026-09-21T02:22:20Z,pdf_scanned,true,raw/la/la_1810/20260921T0222Z__scanned.pdf,ດຳລັດ ວ່າດ້ວຍການປັບໃໝ ແລະ ມາດຕະການອື່ນ ຕໍ່ຜູ້ລະເມີດກົດໝາຍ ແລະ ລະບຽບການ ກ່ຽວກັບການຈະລາຈອນທາງບົກ,,,,requests,200,raw/la/la_1810/20260921T0222Z__scanned.pdf.headers.json,application/pdf,1da3fac21a95ba6c8bb4a50a11cdde3d5f920dbb499a594edd939e71fa154644,3715381,18,,,,corpus LA_corpus_2026-09-21: from LA_ws_2026-09-21; flags no_text_layer,2021-09-23,,,in_force
0.2.0,,la-la1811-001,LA,https://laoofficialgazette.gov.la/kcfinder/upload/files/16092021.pdf,2026-09-21T02:46:30Z,pdf_native,false,raw/la/la_1811/20260921T0246Z__native.pdf,ຄຳສັ່ງ ວ່າດ້ວຍການເພີ່ມທະວີການຄຸ້ມຄອງ ແລະ ຕ້ານການຮົ່ວໄຫຼຂອງລາຍຮັບງົບປະມານແຫ່ງລັດ,,,,requests,200,raw/la/la_1811/20260921T0246Z__native.pdf.headers.json,application/pdf,21c42ee1fdf0af6ee719c6814358388347b53a5e37de5777b9a86ec69e750bcb,5262995,12,,,,corpus LA_corpus_2026-09-21: from LA_ws_2026-09-21,2021-09-23,,,in_force
0.2.0,,la-la1812-001,LA,https://laoofficialgazette.gov.la/kcfinder/upload/files/599ລບ2021.pdf,2026-09-21T02:22:15Z,pdf_native,false,raw/la/la_1812/20260921T0222Z__native.pdf,ດຳລັດ ວ່າດ້ວຍລົດຂອງລັດ,,,,requests,200,raw/la/la_1812/20260921T0222Z__native.pdf.headers.json,application/pdf,56c4266612cec2fea436064774ba60b3c3c2dd2c5ed89f58d73566f76fade731,4662977,9,,,,corpus LA_corpus_2026-09-21: from LA_ws_2026-09-21,2021-10-15,,,in_force
0.2.0,,la-la1813-001,LA,https://laoofficialgazette.gov.la/kcfinder/upload/files/0948ອຄ2021.pdf,2026-09-21T04:04:32Z,pdf_scanned,true,raw/la/la_1813/20260921T0404Z__scanned.pdf,ຂໍ້ຕົກລົງ ວ່າດ້ວຍການຈັດລະດັບຄວາມສ່ຽງຜົນກະທົບດ້ານສິ່ງແວດລ້ອມຂອງໂຮງງານອຸດສາຫະກຳປຸງແຕ່ງ,,,,requests,200,raw/la/la_1813/20260921T0404Z__scanned.pdf.headers.json,application/pdf,21cd46181b033d67a318f67b58185cd28764c4b4328123550a04e79eaa85342d,842930,18,,,,corpus LA_corpus_2026-09-21: from LA_ws_2026-09-21; flags no_text_layer,2021-10-15,,,in_force
0.2.0,,la-la1814-001,LA,https://laoofficialgazette.gov.la/kcfinder/upload/files/1239ກຍ2021.pdf,2026-09-21T05:09:44Z,pdf_scanned,true,raw/la/la_1814/20260921T0509Z__scanned.pdf,ຄຳແນະນຳ ກ່ຽວກັບການສ້າງ ແລະ ປັບປຸງກົດໝາຍ ໃນໄລຍະການແຜ່ລະບາດຂອງພະຍາດໂຄວິດ-19,,,,requests,200,raw/la/la_1814/20260921T0509Z__scanned.pdf.headers.json,application/pdf,6d66cc325e53bb95b24fe1b0829edfaf556f9164519e2f3c260dda108e560bd6,662658,6,,,,corpus LA_corpus_2026-09-21: from LA_ws_2026-09-21; flags no_text_layer,2021-10-18,,,in_force
0.2.0,,la-la1815-001,LA,https://laoofficialgazette.gov.la/kcfinder/upload/files/0981ອຄ2021.pdf,2026-09-21T05:09:33Z,pdf_scanned,true,raw/la/la_1815/20260921T0509Z__scanned.pdf,ຄຳແນະນຳ ກ່ຽວກັບການສົ່ງອອກໄມ້ປູກໄປຕ່າງປະເທດ,,,,requests,200,raw/la/la_1815/20260921T0509Z__scanned.pdf.headers.json,application/pdf,32129e36faef119ddc31b04994f27cc59f3ec18e46fbc0022832e8ef41e12d08,848413,8,,,,corpus LA_corpus_2026-09-21: from LA_ws_2026-09-21; flags no_text_layer,2021-10-21,,,in_force
0.2.0,,la-la1816-001,LA,https://laoofficialgazette.gov.la/kcfinder/upload/files/0982ອຄ2021.pdf,2026-09-21T02:46:19Z,pdf_scanned,true,raw/la/la_1816/20260921T0246Z__scanned.pdf,ຄຳສັ່ງ ວ່າດ້ວຍການລົບລ້າງການອອກໃບອະນຸຍາດນຳເຂົ້າລົດແທຣັກເຕີ ທີ່ຮັບໃຊ້ສະເພາະການຜະລິດກະສິກຳ,,,,requests,200,raw/la/la_1816/20260921T0246Z__scanned.pdf.headers.json,application/pdf,3447bedf7609f058ca6cf67efc0429cf83dad795b8317580c396759912c22a42,607258,2,,,,corpus LA_corpus_2026-09-21: from LA_ws_2026-09-21; flags no_text_layer,2021-10-21,,,in_force
0.2.0,,la-la1818-001,LA,https://laoofficialgazette.gov.la/kcfinder/upload/files/566ລບ2021.pdf,2026-09-21T02:21:31Z,pdf_scanned,true,raw/la/la_1818/20260921T0221Z__scanned.pdf,ດຳລັດ ວ່າດ້ວຍຂອບວຸດທິການສຶກສາແຫ່ງຊາດ,,,,requests,200,raw/la/la_1818/20260921T0221Z__scanned.pdf.headers.json,application/pdf,a2360d2abd5db1a188cc90c9806c879d56b908ffb0640d17632d52e7a17d0592,845024,13,,,,corpus LA_corpus_2026-09-21: from LA_ws_2026-09-21; flags no_text_layer,2021-11-03,,,in_force
0.2.0,,la-la1820-001,LA,https://laoofficialgazette.gov.la/kcfinder/upload/files/4083ກງ2021.pdf,2026-09-21T05:09:25Z,pdf_scanned,true,raw/la/la_1820/20260921T0509Z__scanned.pdf,"ຄຳແນະນຳ ກ່ຽວກັບການສົ່ງເງິນອາກອນມູນຄ່າເພີ່ມ ໃຫ້ແກ່ ອົງການຈັດຕັ້ງສາກົນ, ສະຖານເອກອັກຄະລັດຖະທູດ, ສະຖານກົງສຸນ ແລະ ນັກການທູດ ທີ່ປະຈຳຢູ່ ສປ ລາວ",,,,requests,200,raw/la/la_1820/20260921T0509Z__scanned.pdf.headers.json,application/pdf,8985ad0cf4f3415fa84c03bc6449a2cd97ca472024478d60a32dd08bfe7e730d,727880,9,,,,corpus LA_corpus_2026-09-21: from LA_ws_2026-09-21; flags no_text_layer,2021-11-10,,,in_force
0.2.0,,la-la1821-001,LA,https://laoofficialgazette.gov.la/kcfinder/upload/files/626ລບ2021-1-17.pdf,2026-09-21T02:21:17Z,pdf_scanned,true,raw/la/la_1821/20260921T0221Z__scanned.pdf,ດຳລັດ ວ່າດ້ວຍການໄກ່ເກ່ຍຂໍ້ຂັດແຍ່ງຂັ້ນບ້ານ,,,,requests,200,raw/la/la_1821/20260921T0221Z__scanned.pdf.headers.json,application/pdf,99db16f4f2dc2977068bf996527a35b115e99747543e83eb8748e4b5a3460349,1081329,17,,,,corpus LA_corpus_2026-09-21: from LA_ws_2026-09-21; flags no_text_layer,2021-11-26,,,in_force
0.2.0,,la-la1822-001,LA,https://laoofficialgazette.gov.la/kcfinder/upload/files/695ທຫລ2021.pdf,2026-09-21T04:04:21Z,pdf_scanned,true,raw/la/la_1822/20260921T0404Z__scanned.pdf,ຂໍ້ຕົກລົງ ວ່າດ້ວຍສະຫະກອນສິນເຊື່ອ ແລະ ເງິນຝາກປະຢັດ,,,,requests,200,raw/la/la_1822/20260921T0404Z__scanned.pdf.headers.json,application/pdf,2c79a058645392c7a3428a120189ac6d38fbe37ca91b97fa57033c89dc97ed41,1233590,31,,,,corpus LA_corpus_2026-09-21: from LA_ws_2026-09-21; flags no_text_layer,2021-12-13,,,in_force
0.2.0,,la-la1823-001,LA,https://laoofficialgazette.gov.la/kcfinder/upload/files/696ທຫລ2021.pdf,2026-09-21T00:54:45Z,pdf_scanned,true,raw/la/la_1823/20260921T0054Z__scanned.pdf,ຂໍ້ຕົກລົງ ວ່າດ້ວຍການບໍລິຫານລະບົບເຕັກໂນໂລຊີຂໍ້ມູນຂ່າວສານ ຂອງຜູ້ໃຫ້ບໍລິການທາງດ້ານການເງິນ,,,,requests,200,raw/la/la_1823/20260921T0054Z__scanned.pdf.headers.json,application/pdf,2f54473a3a8c02db4dc7deb41165df6adb85ba92c2b368599e1d478355cbcd6f,565427,8,,,,corpus LA_corpus_2026-09-21: from LA_ws_2026-09-21; flags no_text_layer,2021-12-13,,,in_force
0.2.0,,la-la1824-001,LA,https://laoofficialgazette.gov.la/kcfinder/upload/files/637ລບ2021.pdf,2026-09-21T02:21:06Z,pdf_scanned,true,raw/la/la_1824/20260921T0221Z__scanned.pdf,ດຳລັດ ວ່າດ້ວຍການຄຸ້ມຄອງການອອກແບບສຳນັກງານຂອງລັດ,,,,requests,200,raw/la/la_1824/20260921T0221Z__scanned.pdf.headers.json,application/pdf,377fca2e9f2eb63696dfaa9bc9fbf9ea5dc515255fd1ba5e6251f46a0295d1d1,1072273,14,,,,corpus LA_corpus_2026-09-21: from LA_ws_2026-09-21; flags no_text_layer,2021-12-16,,,in_force
0.2.0,,la-la1825-001,LA,https://laoofficialgazette.gov.la/kcfinder/upload/files/02ສພຊ2021.pdf,2026-09-21T01:26:24Z,pdf_scanned,true,raw/la/la_1825/20260921T0126Z__scanned.pdf,ກົດໝາຍ ວ່າດ້ວຍການປັບປຸງບາງມາດຕາຂອງກົດໝາຍວ່າດ້ວຍຢາເສບຕິດ,,,,playwright,200,raw/la/la_1825/20260921T0126Z__scanned.pdf.headers.json,application/pdf,0624003f1049f3839c097de40e2ada301ffd0bae37eaae3c22695999c22168ef,1266133,11,,,,corpus LA_corpus_2026-09-21: from LA_ws_2026-09-21; flags no_text_layer,2021-12-21,,,in_force
0.2.0,,la-la1826-001,LA,https://laoofficialgazette.gov.la/kcfinder/upload/files/638ນຍ2021.pdf,2026-09-21T02:21:05Z,pdf_scanned,true,raw/la/la_1826/20260921T0221Z__scanned.pdf,ດຳລັດ ວ່າດ້ວຍຊຸດເຄື່ອງນຸ່ງປະຈຳຊາດ,,,,requests,200,raw/la/la_1826/20260921T0221Z__scanned.pdf.headers.json,application/pdf,7fadbea4d564d8318690ced5243df9639e8964bd931204c0bb2432272307075c,4281652,12,,,,corpus LA_corpus_2026-09-21: from LA_ws_2026-09-21; flags no_text_layer,2021-12-21,,,in_force
0.2.0,,la-la1827-001,LA,https://laoofficialgazette.gov.la/kcfinder/upload/files/5723ຜລ2021.pdf,2026-09-21T00:43:04Z,pdf_scanned,true,raw/la/la_1827/20260921T0043Z__scanned.pdf,ຄຳສັ່ງ ວ່າດ້ວຍການເພີ່ມທະວີຄວາມເອົາໃຈໃສ່ຕໍ່ວຽກງານທະບຽນສານ,,,,requests,200,raw/la/la_1827/20260921T0043Z__scanned.pdf.headers.json,application/pdf,781c90dbcb4df6159e903396b500ec6c29623bf2d619f3e7bc0dfcd40b21a95d,874723,2,,,,corpus LA_corpus_2026-09-21: from LA_ws_2026-09-21; flags no_text_layer,2021-12-28,,,in_force
0.2.0,,la-la1828-001,LA,https://laoofficialgazette.gov.la/kcfinder/upload/files/01ສພຊ2021.pdf,2026-09-21T01:26:17Z,pdf_scanned,true,raw/la/la_1828/20260921T0126Z__scanned.pdf,ກົດໝາຍ ວ່າດ້ວຍການປັບປຸງບາງມາດຕາຂອງກົດໝາຍກ່ຽວກັບສ່ວຍສາອາກອນ,,,,requests,200,raw/la/la_1828/20260921T0126Z__scanned.pdf.headers.json,application/pdf,b1f48e5cf3eaf0335a55a3d5a31a5abb1c12b5905dbc83a6476ac5abbd7f05ce,1851435,24,,,,corpus LA_corpus_2026-09-21: from LA_ws_2026-09-21; flags no_text_layer,2021-12-28,,,in_force
0.2.0,,la-la1829-001,LA,https://laoofficialgazette.gov.la/kcfinder/upload/files/1145ອຄ2021.pdf,2026-09-21T04:04:15Z,pdf_scanned,true,raw/la/la_1829/20260921T0404Z__scanned.pdf,ຂໍ້ຕົກລົງ ວ່າດ້ວຍທຸລະກິດການຈຳໜ່າຍວັດຖຸມີຄ່າ,,,,requests,200,raw/la/la_1829/20260921T0404Z__scanned.pdf.headers.json,application/pdf,02f4652795eeba14fd840c1a05b03269d5ec0205a54b99db2504e0d3a99d8617,660856,7,,,,corpus LA_corpus_2026-09-21: from LA_ws_2026-09-21; flags no_text_layer,2021-12-29,,,in_force
0.2.0,,la-la1830-001,LA,https://laoofficialgazette.gov.la/kcfinder/upload/files/1319ອຄ2021.pdf,2026-09-21T04:04:06Z,pdf_scanned,true,raw/la/la_1830/20260921T0404Z__scanned.pdf,ຂໍ້ຕົກລົງ ວ່າດ້ວຍມາດຕະຖານໂຮງງານສີເຂົ້າ,,,,requests,200,raw/la/la_1830/20260921T0404Z__scanned.pdf.headers.json,application/pdf,9dbd4712113fd290bf440ad734fa37d55ef98797b164f740550aa212dff41138,704728,10,,,,corpus LA_corpus_2026-09-21: from LA_ws_2026-09-21; flags no_text_layer,2021-12-29,,,in_force
0.2.0,,la-la1831-001,LA,https://laoofficialgazette.gov.la/kcfinder/upload/files/0001ອຄ2022.pdf,2026-09-21T04:03:58Z,pdf_scanned,true,raw/la/la_1831/20260921T0403Z__scanned.pdf,ຂໍ້ຕົກລົງ ວ່າດ້ວຍລາງວັນຄຸນນະພາບແຫ່ງຊາດ,,,,requests,200,raw/la/la_1831/20260921T0403Z__scanned.pdf.headers.json,application/pdf,d63ddf3f32d68a739a411ec67c5b6f64ef2c8372f20bc4ad8b79c2af818690bb,867688,8,,,,corpus LA_corpus_2026-09-21: from LA_ws_2026-09-21; flags no_text_layer,2022-01-11,,,in_force
0.2.0,,la-la1832-001,LA,https://laoofficialgazette.gov.la/kcfinder/upload/files/734ລບ2021.pdf,2026-09-21T02:20:53Z,pdf_scanned,true,raw/la/la_1832/20260921T0220Z__scanned.pdf,ດຳລັດ ວ່າດ້ວຍການກຳນົດຕຳແໜ່ງງານ,,,,requests,200,raw/la/la_1832/20260921T0220Z__scanned.pdf.headers.json,application/pdf,92dc41596ae8ea488bb2b1df030008aeca2b65391ec516cee2e2c9d198d409f5,835878,12,,,,corpus LA_corpus_2026-09-21: from LA_ws_2026-09-21; flags no_text_layer,2022-01-13,,,in_force
0.2.0,,la-la1833-001,LA,https://laoofficialgazette.gov.la/kcfinder/upload/files/0023ອຄ2022.pdf,2026-09-21T04:03:50Z,pdf_scanned,true,raw/la/la_1833/20260921T0403Z__scanned.pdf,ຂໍ້ຕົກລົງ ວ່າດ້ວຍການແບ່ງຂັ້ນຄຸ້ມຄອງທຸລະກິດຍານພາຫະນະທາງບົກ,,,,playwright,200,raw/la/la_1833/20260921T0403Z__scanned.pdf.headers.json,application/pdf,2c2aeb2bd0fb70917ab1192ed53d1d7f80fbbeba5dc4cdee83628bb3ccd547cc,677483,5,,,,corpus LA_corpus_2026-09-21: from LA_ws_2026-09-21; flags no_text_layer,2022-01-19,,,in_force
0.2.0,,la-la1834-001,LA,https://laoofficialgazette.gov.la/kcfinder/upload/files/02ລບ2022.pdf,2026-09-21T00:39:12Z,pdf_scanned,true,raw/la/la_1834/20260921T0039Z__scanned.pdf,ດຳລັດ ວ່າດ້ວຍຂໍ້ມູນຂ່າວສານ ຕະຫຼາດແຮງງານ,,,,requests,200,raw/la/la_1834/20260921T0039Z__scanned.pdf.headers.json,application/pdf,a1bd04ee1568bcf4a32f0d1c3da1e820db24e228ec0904e3cb8ceb8358067e0c,832476,12,,,,corpus LA_corpus_2026-09-21: from LA_ws_2026-09-21; flags no_text_layer,2022-01-24,,,in_force
0.2.0,,la-la1835-001,LA,https://laoofficialgazette.gov.la/kcfinder/upload/files/1727ພບ2021.pdf,2026-09-21T05:09:15Z,pdf_scanned,true,raw/la/la_1835/20260921T0509Z__scanned.pdf,ຄຳແນະນຳ ການພິຈາລະນາໂຄງການລົງທຶນຂອງລັດ ຂອງຂະແໜງພະລັງງານ ແລະ ບໍ່ແຮ່,,,,playwright,200,raw/la/la_1835/20260921T0509Z__scanned.pdf.headers.json,application/pdf,3413a295d5a08e89b873a2ddedf4e6bba9089f88493209c02f608988fce29ae0,757217,6,,,,corpus LA_corpus_2026-09-21: from LA_ws_2026-09-21; flags no_text_layer,2022-02-02,,,in_force
0.2.0,,la-la1836-001,LA,https://laoofficialgazette.gov.la/kcfinder/upload/files/1728ພບ2021.pdf,2026-09-21T05:09:08Z,pdf_scanned,true,raw/la/la_1836/20260921T0509Z__scanned.pdf,ຄຳແນະນຳ ກ່ຽວກັບການຈັດຕັ້ງປະຕິບັດໂຄງການລົງທຶນຂອງລັດ ຂອງຂະແໜງພະລັງງານ ແລະ ບໍ່ແຮ່,,,,requests,200,raw/la/la_1836/20260921T0509Z__scanned.pdf.headers.json,application/pdf,235ef8d7e74acd231ace55511ad59de2ab5208567babe1e25bbfcd9d0eb3a060,1089995,16,,,,corpus LA_corpus_2026-09-21: from LA_ws_2026-09-21; flags no_text_layer,2022-02-02,,,in_force
0.2.0,,la-la1837-001,LA,https://laoofficialgazette.gov.la/kcfinder/upload/files/0141ອຄ2022.pdf,2026-09-21T04:03:43Z,pdf_scanned,true,raw/la/la_1837/20260921T0403Z__scanned.pdf,ຂໍ້ຕົກລົງ ວ່າດ້ວຍອຸດສາຫະກຳສີຂຽວ,,,,requests,200,raw/la/la_1837/20260921T0403Z__scanned.pdf.headers.json,application/pdf,0c2624f3cda2af3d8b00679005902a7df83a59d158bf370c182c3ca1a6c89802,726855,10,,,,corpus LA_corpus_2026-09-21: from LA_ws_2026-09-21; flags no_text_layer,2022-02-09,,,in_force
0.2.0,,la-la1838-001,LA,https://laoofficialgazette.gov.la/kcfinder/upload/files/0121ກງ2022.pdf,2026-09-21T01:10:15Z,pdf_scanned,true,raw/la/la_1838/20260921T0110Z__scanned.pdf,ຄຳແນະນຳ ວ່າດ້ວຍມາດຕະການປົກປ້ອງສິດຕໍ່ຊັບສິນທາງປັນຍາຂອງເຈົ້າໜ້າທີ່ພາສີ,,,,requests,200,raw/la/la_1838/20260921T0110Z__scanned.pdf.headers.json,application/pdf,b129de9a866a4172f16f6ca3b32ffd797271452ac6dc0749b162baa7dbd685de,859203,8,,,,corpus LA_corpus_2026-09-21: from LA_ws_2026-09-21; flags no_text_layer,2022-02-09,,,in_force
0.2.0,,la-la1839-001,LA,https://laoofficialgazette.gov.la/kcfinder/upload/files/567ລບ2021.pdf,2026-09-21T02:20:42Z,pdf_scanned,true,raw/la/la_1839/20260921T0220Z__scanned.pdf,ດຳລັດ ວ່າດ້ວຍກອງທຶນປົກປັກຮັກສາປ່າໄມ້,,,,requests,200,raw/la/la_1839/20260921T0220Z__scanned.pdf.headers.json,application/pdf,2d34812b9b4f7e12a3c5162a4efc517b795111c39b107c4aea52bfc212a1657b,692698,7,,,,corpus LA_corpus_2026-09-21: from LA_ws_2026-09-21; flags no_text_layer,2022-02-16,,,in_force
0.2.0,,la-la1840-001,LA,https://laoofficialgazette.gov.la/kcfinder/upload/files/0500ກຊສ2022.pdf,2026-09-21T01:10:08Z,pdf_scanned,true,raw/la/la_1840/20260921T0110Z__scanned.pdf,ຄຳແນະນຳ ວ່າດ້ວຍການຂຶ້ນທະບຽນອອກໃບຕາດິນ,,,,requests,200,raw/la/la_1840/20260921T0110Z__scanned.pdf.headers.json,application/pdf,2a2a641303ea0aea9f41452ff5dcd8e2e4fa51e80d1281db6e5d69e7c2fa5523,1321778,19,,,,corpus LA_corpus_2026-09-21: from LA_ws_2026-09-21; flags no_text_layer,2022-02-25,,,in_force
0.2.0,,la-la1841-001,LA,https://laoofficialgazette.gov.la/kcfinder/upload/files/4545ຍທຂ2022.pdf,2026-09-21T04:03:36Z,pdf_scanned,true,raw/la/la_1841/20260921T0403Z__scanned.pdf,ຂໍ້ຕົກລົງ ວ່າດ້ວຍການກວດກາເຕັກນິກເຮືອ,,,,requests,200,raw/la/la_1841/20260921T0403Z__scanned.pdf.headers.json,application/pdf,3a9b5121fd05e54b87eae8f0429f304a50522ce51a0fcef562e46c62db8a6219,871853,10,,,,corpus LA_corpus_2026-09-21: from LA_ws_2026-09-21; flags no_text_layer,2022-02-25,,,in_force
0.2.0,,la-la1842-001,LA,https://laoofficialgazette.gov.la/kcfinder/upload/files/0394ກງ2022.pdf,2026-09-21T05:09:00Z,pdf_scanned,true,raw/la/la_1842/20260921T0509Z__scanned.pdf,ຄຳແນະນຳ ກ່ຽວກັບການຈັດຕັ້ງປະຕິບັດກົດໝາຍວ່າດ້ວຍ ອາກອນຊົມໃຊ້,,,,requests,200,raw/la/la_1842/20260921T0509Z__scanned.pdf.headers.json,application/pdf,87f6ab1fba665e2bf94249a226033a3c372be3176603bf1dd553f09d63e0b1fa,1875442,32,,,,corpus LA_corpus_2026-09-21: from LA_ws_2026-09-21; flags no_text_layer,2022-02-28,,,in_force
0.2.0,,la-la1843-001,LA,https://laoofficialgazette.gov.la/kcfinder/upload/files/08ສພຊ2021.pdf,2026-09-21T01:26:10Z,pdf_scanned,true,raw/la/la_1843/20260921T0126Z__scanned.pdf,ກົດໝາຍ ວ່າດ້ວຍການສຳຫຼວດວັດແທກ ແລະ ສ້າງແຜນທີ່,,,,requests,200,raw/la/la_1843/20260921T0126Z__scanned.pdf.headers.json,application/pdf,0801103b7b78630fce947b81e124e633b1694c9b523386a0143e3395c9cb0021,2030116,33,,,,corpus LA_corpus_2026-09-21: from LA_ws_2026-09-21; flags no_text_layer,2022-03-04,,,in_force
0.2.0,,la-la1844-001,LA,https://laoofficialgazette.gov.la/kcfinder/upload/files/04ສພຊ2021.pdf,2026-09-21T01:26:04Z,pdf_scanned,true,raw/la/la_1844/20260921T0126Z__scanned.pdf,ກົດໝາຍ ວ່າດ້ວຍຍານພາຫະນະທາງບົກ,,,,requests,200,raw/la/la_1844/20260921T0126Z__scanned.pdf.headers.json,application/pdf,bece6e57cc0def734ea1add188e33f7d03d78eadf417b9d0686cd11703ed5077,2007816,30,,,,corpus LA_corpus_2026-09-21: from LA_ws_2026-09-21; flags no_text_layer,2022-03-04,,,in_force
0.2.0,,la-la1845-001,LA,https://laoofficialgazette.gov.la/kcfinder/upload/files/09ສພຊ2021.pdf,2026-09-21T01:25:47Z,pdf_scanned,true,raw/la/la_1845/20260921T0125Z__scanned.pdf,ກົດໝາຍ ວ່າດ້ວຍການຄວບຄຸມຢາສູບ (ສະບັບປັບປຸງ),,,,requests,200,raw/la/la_1845/20260921T0125Z__scanned.pdf.headers.json,application/pdf,10c4c0623c90bb1783fdcaa8f906a1eec8731bd16b8c911b0ae9fe30d4912737,1727790,23,,,,corpus LA_corpus_2026-09-21: from LA_ws_2026-09-21; flags no_text_layer,2022-03-09,,,in_force
0.2.0,,la-la1846-001,LA,https://laoofficialgazette.gov.la/kcfinder/upload/files/113ອຊ2022.pdf,2026-09-21T04:03:28Z,pdf_scanned,true,raw/la/la_1846/20260921T0403Z__scanned.pdf,ຂໍ້ຕົກລົງ ວ່າດ້ວຍການຄຸ້ມຄອງແຮ່ທາດອະໂລຫະ ສຳລັບການກໍ່ສ້າງ ແລະ ອຸດສາຫະກຳພາຍໃນ ແຂວງອຸດົມໄຊ,,,,requests,200,raw/la/la_1846/20260921T0403Z__scanned.pdf.headers.json,application/pdf,14033e136fbb8630150ad4f4dd784f20d993d53c66499242371c8233eae17ad9,1079773,20,,,,corpus LA_corpus_2026-09-21: from LA_ws_2026-09-21; flags no_text_layer,2022-03-11,,,in_force
0.2.0,,la-la1847-001,LA,https://laoofficialgazette.gov.la/kcfinder/upload/files/112ອຊ2022.pdf,2026-09-21T04:03:20Z,pdf_scanned,true,raw/la/la_1847/20260921T0403Z__scanned.pdf,ຂໍ້ຕົກລົງ ວ່າດ້ວຍການທົດແທນຄ່າເສຍຫາຍ ຈາກໂຄງການພັດທະນາ ຂອງແຂວງອຸດົມໄຊ,,,,requests,200,raw/la/la_1847/20260921T0403Z__scanned.pdf.headers.json,application/pdf,396f7311a6cf79417193c2f202fc62b69d51670c3f7190e4640b191ff89323c3,2616383,74,,,,corpus LA_corpus_2026-09-21: from LA_ws_2026-09-21; flags no_text_layer,2022-03-11,,,in_force
0.2.0,,la-la1848-001,LA,https://laoofficialgazette.gov.la/kcfinder/upload/files/110ອຊ2022-1-11.pdf,2026-09-21T04:03:12Z,pdf_scanned,true,raw/la/la_1848/20260921T0403Z__scanned.pdf,"ຂໍ້ຕົກລົງ ວ່າດ້ວຍກອງທຶນຄວບຄຸມ, ສະກັດກັ້ນ ແລະ ແກ້ໄຂບັນຫາຢາເສບຕິດ",,,,requests,200,raw/la/la_1848/20260921T0403Z__scanned.pdf.headers.json,application/pdf,39d175fc34f6ec577486f11b210f9ce9ac1978db3865b9eab9401fc0cae623fc,853192,11,,,,corpus LA_corpus_2026-09-21: from LA_ws_2026-09-21; flags no_text_layer,2022-03-11,,,in_force
0.2.0,,la-la1849-001,LA,https://laoofficialgazette.gov.la/kcfinder/upload/files/111ອຊ2022.pdf,2026-09-21T04:03:08Z,pdf_scanned,true,raw/la/la_1849/20260921T0403Z__scanned.pdf,ຂໍ້ຕົກລົງ ວ່າດ້ວຍກອງທຶນຄຸ້ມຄອງໄພພິບັດ ແລະ ສັງຄົມສົງເຄາະ (ສະບັບປັບປຸງ),,,,requests,200,raw/la/la_1849/20260921T0403Z__scanned.pdf.headers.json,application/pdf,ce1c2ce6bf92dac3a246bcfd2d549336a4f509f7c629ce6bfef53d84987f512a,930413,13,,,,corpus LA_corpus_2026-09-21: from LA_ws_2026-09-21; flags no_text_layer,2022-03-11,,,in_force
0.2.0,,la-la1850-001,LA,https://laoofficialgazette.gov.la/kcfinder/upload/files/11ສພຊ2021.pdf,2026-09-21T01:25:40Z,pdf_scanned,true,raw/la/la_1850/20260921T0125Z__scanned.pdf,ກົດໝາຍ ວ່າດ້ວຍມໍຣະດົກແຫ່ງຊາດ (ສະບັບປັບປຸງ),,,,requests,200,raw/la/la_1850/20260921T0125Z__scanned.pdf.headers.json,application/pdf,d857b09502e89b734362ae976fe02675ca36fac5848a6b4225ca4ff7ab9c73b4,2026166,31,,,,corpus LA_corpus_2026-09-21: from LA_ws_2026-09-21; flags no_text_layer,2022-03-21,,,in_force
0.2.0,,la-la1851-001,LA,https://laoofficialgazette.gov.la/kcfinder/upload/files/07ສພຊ2021.pdf,2026-09-21T00:31:26Z,pdf_scanned,true,raw/la/la_1851/20260921T0031Z__scanned.pdf,ກົດໝາຍ ວ່າດ້ວຍເຕັກໂນໂລຊີລະດັບສູງ,,,,playwright,200,raw/la/la_1851/20260921T0031Z__scanned.pdf.headers.json,application/pdf,9048c26b4f0ebf3d4a46d2f9d2e601fe55fae5ce4c79f1323991e99ec6799dd6,1672813,20,,,,corpus LA_corpus_2026-09-21: from LA_ws_2026-09-21; flags no_text_layer,2022-03-23,,,in_force
0.2.0,,la-la1852-001,LA,https://laoofficialgazette.gov.la/kcfinder/upload/files/05ສພຊ2021.pdf,2026-09-21T00:28:25Z,pdf_scanned,true,raw/la/la_1852/20260921T0028Z__scanned.pdf,ກົດໝາຍ ວ່າດ້ວຍການໂທລະຄົມມະນາຄົມ (ສະບັບປັບປຸງ),,both,"P6-I3,P7-I3,P7-I5",requests,200,raw/la/la_1852/20260921T0028Z__scanned.pdf.headers.json,application/pdf,61366efb7ac222adaef2983d2f6278be6c4e270c5cb962e1ed50a85e6af71bdb,1782728,21,,,,corpus LA_corpus_2026-09-21: from LA_ws_2026-09-21; flags no_text_layer,2022-03-23,,,in_force
0.2.0,,la-la1854-001,LA,https://laoofficialgazette.gov.la/kcfinder/upload/files/0332ອຄ2022.pdf,2026-09-21T05:08:54Z,pdf_scanned,true,raw/la/la_1854/20260921T0508Z__scanned.pdf,ຄຳແນະນຳ ກ່ຽວກັບການສົ່ງອອກຜະລິດຕະພັນໄມ້ທຳມະຊາດໄປຕ່າງປະເທດ,,,,requests,200,raw/la/la_1854/20260921T0508Z__scanned.pdf.headers.json,application/pdf,51cad3d5704a5f83892281fd35e8e008c23ce00fdbbf206135c664dfd6b529a8,1172193,10,,,,corpus LA_corpus_2026-09-21: from LA_ws_2026-09-21; flags no_text_layer,2022-03-28,,,in_force
0.2.0,,la-la1855-001,LA,https://laoofficialgazette.gov.la/kcfinder/upload/files/0317ອຄ2022.pdf,2026-09-21T04:02:49Z,pdf_scanned,true,raw/la/la_1855/20260921T0402Z__scanned.pdf,ຂໍ້ຕົກລົງ ວ່າດ້ວຍການນຳເຂົ້ານໍ້າມັນເຊື້ອໄຟ ແລະ ນຳມັນຫຼໍ່ລື່ນ,,,,requests,200,raw/la/la_1855/20260921T0402Z__scanned.pdf.headers.json,application/pdf,a52c7e92cdbccf63292cc85fcaae35c44ffbcfa9eec93433b91849936c34972b,736595,5,,,,corpus LA_corpus_2026-09-21: from LA_ws_2026-09-21; flags no_text_layer,2022-03-28,,,in_force
0.2.0,,la-la1856-001,LA,https://laoofficialgazette.gov.la/kcfinder/upload/files/0333ອຄ2022.pdf,2026-09-21T04:02:59Z,pdf_scanned,true,raw/la/la_1856/20260921T0402Z__scanned.pdf,ຂໍ້ຕົກລົງ ວ່າດ້ວຍລາຍການສິນຄ້າທີ່ຕ້ອງຂໍອະນຸຍາດກ່ອນການນຳເຂົ້າ ຫຼື ສົ່ງອອກ,,,,requests,200,raw/la/la_1856/20260921T0402Z__scanned.pdf.headers.json,application/pdf,d39377c026596cb4f8b03ace7d5ea07b413490b5509b8a0df982f9dcc94d7c62,850906,7,,,,corpus LA_corpus_2026-09-21: from LA_ws_2026-09-21; flags no_text_layer,2022-03-28,,,in_force
0.2.0,,la-la1857-001,LA,https://laoofficialgazette.gov.la/kcfinder/upload/files/30ຄປຈ2022-1-5.pdf,2026-09-21T05:27:30Z,pdf_scanned,true,raw/la/la_1857/20260921T0527Z__scanned.pdf,ມະຕິ ຂອງຄະນະປະຈຳສະພາແຫ່ງຊາດ ວ່າດ້ວຍການຕີຄວາມໝາຍ ແລະ ການອະທິບາຍກົດໝາຍ,,,,requests,200,raw/la/la_1857/20260921T0527Z__scanned.pdf.headers.json,application/pdf,ae38a814950da3c0777c4c12a3a60819586b59789f48362b991b6d6b97d995ea,618642,5,,,,corpus LA_corpus_2026-09-21: from LA_ws_2026-09-21; flags no_text_layer,2022-03-29,,,in_force
0.2.0,,la-la1858-001,LA,https://laoofficialgazette.gov.la/kcfinder/upload/files/10ສພຊ2021.pdf,2026-09-21T01:25:34Z,pdf_scanned,true,raw/la/la_1858/20260921T0125Z__scanned.pdf,ກົດໝາຍ ວ່າດ້ວຍຊາຍແດນແຫ່ງຊາດ,,,,requests,200,raw/la/la_1858/20260921T0125Z__scanned.pdf.headers.json,application/pdf,cc67fa173f6aeb8552b721802cbd338432791b6d559ca7d86e9c2d6c894d8f52,1968255,30,,,,corpus LA_corpus_2026-09-21: from LA_ws_2026-09-21; flags no_text_layer,2022-03-31,,,in_force
0.2.0,,la-la1859-001,LA,https://laoofficialgazette.gov.la/kcfinder/upload/files/12ສພຊ2021.pdf,2026-09-21T01:25:25Z,pdf_scanned,true,raw/la/la_1859/20260921T0125Z__scanned.pdf,ກົດໝາຍ ວ່າດ້ວຍການປະຕິບັດຄຳຕັດສິນຂອງສານ (ສະບັບປັບປຸງ),,,,playwright,200,raw/la/la_1859/20260921T0125Z__scanned.pdf.headers.json,application/pdf,54a662cebf1e6dec8bb796818637c88ff9dea9fc213d9d61e0b679c82e6a26ae,2680708,45,,,,corpus LA_corpus_2026-09-21: from LA_ws_2026-09-21; flags no_text_layer,2022-03-31,,,in_force
0.2.0,,la-la1860-001,LA,https://laoofficialgazette.gov.la/kcfinder/upload/files/03ສພຊ2021.pdf,2026-09-21T01:25:17Z,pdf_scanned,true,raw/la/la_1860/20260921T0125Z__scanned.pdf,ກົດໝາຍ ວ່າດ້ວຍລັດຖະບານ (ສະບັບປັບປຸງ),,,,requests,200,raw/la/la_1860/20260921T0125Z__scanned.pdf.headers.json,application/pdf,ed785590ab3db0a3d2370ccd116aae14c9507ffda0f1bfb3a80c858cb237bdf2,1513902,18,,,,corpus LA_corpus_2026-09-21: from LA_ws_2026-09-21; flags no_text_layer,2022-04-18,,,in_force
0.2.0,,la-la1863-001,LA,https://laoofficialgazette.gov.la/kcfinder/upload/files/87ນຍ2022.pdf,2026-09-21T02:20:34Z,pdf_scanned,true,raw/la/la_1863/20260921T0220Z__scanned.pdf,ດຳລັດ ວ່າດ້ວຍການສ້າງຕັ້ງ ປ່າສະຫງວນແຫ່ງຊາດຍອດນໍ້າໂມ້-ພູສາມສຸມ,,,,requests,200,raw/la/la_1863/20260921T0220Z__scanned.pdf.headers.json,application/pdf,3e681d4d81981be597ac4a525efe8d13e4437fdf7e9cd4881fc5bd4f0e808f18,680228,2,,,,corpus LA_corpus_2026-09-21: from LA_ws_2026-09-21; flags no_text_layer,2022-05-03,,,in_force
0.2.0,,la-la1864-001,LA,https://laoofficialgazette.gov.la/kcfinder/upload/files/64ພບ2022.pdf,2026-09-21T04:02:43Z,pdf_scanned,true,raw/la/la_1864/20260921T0402Z__scanned.pdf,ຂໍ້ຕົກລົງ ວ່າດ້ວຍທຸລະກິດໃຫ້ການບໍລິການທີ່ຕິດພັນກັບທຸລະກິດກ່ຽວກັບແຮ່ທາດ,,,,requests,200,raw/la/la_1864/20260921T0402Z__scanned.pdf.headers.json,application/pdf,21739386e8a2eef50888fbff19a2d423c601be2ff7873fcd702564f31c4700b7,704922,8,,,,corpus LA_corpus_2026-09-21: from LA_ws_2026-09-21; flags no_text_layer,2022-04-27,,,in_force
0.2.0,,la-la1866-001,LA,https://laoofficialgazette.gov.la/kcfinder/upload/files/540ລບ2021.pdf,2026-09-21T00:39:05Z,pdf_scanned,true,raw/la/la_1866/20260921T0039Z__scanned.pdf,ດຳລັດ ວ່າດ້ວຍບັນຊີເຕັກໂນໂລຊີ,,,,requests,200,raw/la/la_1866/20260921T0039Z__scanned.pdf.headers.json,application/pdf,fdf5c0d424880bdd52b07da9cbe5f59c6da8e2a034f8aac4f6975f8dbb0ffd28,683499,6,,,,corpus LA_corpus_2026-09-21: from LA_ws_2026-09-21; flags no_text_layer,2022-05-19,,,in_force
0.2.0,,la-la1867-001,LA,https://laoofficialgazette.gov.la/kcfinder/upload/files/980ກຕສ2022.pdf,2026-09-21T04:02:35Z,pdf_scanned,true,raw/la/la_1867/20260921T0402Z__scanned.pdf,ຂໍ້ຕົກລົງ ວ່າດ້ວຍສະຖານີດາວທຽມພາກພື້ນດິນ,,,,requests,200,raw/la/la_1867/20260921T0402Z__scanned.pdf.headers.json,application/pdf,2e89f6660d126baaadbc133902e610b06842622d3d0491979069639f75f62190,649538,9,,,,corpus LA_corpus_2026-09-21: from LA_ws_2026-09-21; flags no_text_layer,2022-05-19,,,in_force
0.2.0,,la-la1869-001,LA,https://laoofficialgazette.gov.la/kcfinder/upload/files/10420ຍທຂ2022.pdf,2026-09-21T04:02:27Z,pdf_scanned,true,raw/la/la_1869/20260921T0402Z__scanned.pdf,ຂໍ້ຕົກລົງ ວ່າດ້ວຍການຄຸ້ມຄອງວິຊາຊີບ ຂອງສະຖາປະນິກ ແລະ ວິສະວະກອນໂຍທາ,,,,requests,200,raw/la/la_1869/20260921T0402Z__scanned.pdf.headers.json,application/pdf,84cd833ec1e9df739cb426df4f2ea218852da8fbfdc07d251df562ace385a001,1358479,30,,,,corpus LA_corpus_2026-09-21: from LA_ws_2026-09-21; flags no_text_layer,2022-05-31,,,in_force
0.2.0,,la-la1873-001,LA,https://laoofficialgazette.gov.la/kcfinder/upload/files/174ລບ2022.pdf,2026-09-21T02:20:28Z,pdf_scanned,true,raw/la/la_1873/20260921T0220Z__scanned.pdf,"ດຳລັດ ວ່າດ້ວຍການຂ້າສັດ, ທຳລາຍຊາກສັດ ແລະ ການຊົດເຊີຍ",,,,requests,200,raw/la/la_1873/20260921T0220Z__scanned.pdf.headers.json,application/pdf,1b4f661ba938831193450de2466b7b11c60fbae81d2e1d4dbb2a69a5b5d4b2d3,803099,8,,,,corpus LA_corpus_2026-09-21: from LA_ws_2026-09-21; flags no_text_layer,2022-06-21,,,in_force
0.2.0,,la-la1875-001,LA,https://laoofficialgazette.gov.la/kcfinder/upload/files/1393ກປ2022.pdf,2026-09-21T04:02:18Z,pdf_scanned,true,raw/la/la_1875/20260921T0402Z__scanned.pdf,ຂໍ້ຕົກລົງ ວ່າດ້ວຍມາດຕະຖານກະສິກຳອິນຊີ,,,,requests,200,raw/la/la_1875/20260921T0402Z__scanned.pdf.headers.json,application/pdf,954fdbf455f2e4a7a3b79bcb61a8b4a75aa645d2941257fa449696d3f17d0582,1583292,20,,,,corpus LA_corpus_2026-09-21: from LA_ws_2026-09-21; flags no_text_layer,2022-06-21,,,in_force
0.2.0,,la-la1877-001,LA,https://laoofficialgazette.gov.la/kcfinder/upload/files/1779ສສກ2022.pdf,2026-09-21T04:02:15Z,pdf_scanned,true,raw/la/la_1877/20260921T0402Z__scanned.pdf,ຂໍ້ຕົກລົງ ວ່າດ້ວຍມາດຕະການປະຢັດ ການໃຊ້ຈ່າຍງົບປະມານຂອງລັດ ໃນຂະແໜງການສຶກສາທິການ ແລະ ກິລາ,,,,playwright,200,raw/la/la_1877/20260921T0402Z__scanned.pdf.headers.json,application/pdf,3356dbc55a1f5f416514f01734bbf54f67af52b02efebd6a9093cc1f17c39b68,806331,10,,,,corpus LA_corpus_2026-09-21: from LA_ws_2026-09-21; flags no_text_layer,2022-06-22,,,in_force
0.2.0,,la-la1881-001,LA,https://laoofficialgazette.gov.la/kcfinder/upload/files/13ສພຊ2021.pdf,2026-09-21T01:25:02Z,pdf_scanned,true,raw/la/la_1881/20260921T0125Z__scanned.pdf,ກົດໝາຍ ວ່າດ້ວຍການປັບປຸງບາງມາດຕາ ຂອງກົດໝາຍວ່າດ້ວຍງົບປະມານແຫ່ງລັດ,,,,requests,200,raw/la/la_1881/20260921T0125Z__scanned.pdf.headers.json,application/pdf,a6b098fbde1d3c43b1463eaeb8e07a50a6a9eb0855b82daa62e9e992d3adda83,1646399,18,,,,corpus LA_corpus_2026-09-21: from LA_ws_2026-09-21; flags no_text_layer,2022-07-05,,,in_force
0.2.0,,la-la1882-001,LA,https://laoofficialgazette.gov.la/kcfinder/upload/files/3004ກປ2022.pdf,2026-09-21T04:02:04Z,pdf_scanned,true,raw/la/la_1882/20260921T0402Z__scanned.pdf,ຂໍ້ຕົກລົງ ວ່າດ້ວຍມາດຕະຖານກະສິກຳທີ່ດີ ກ່ຽວກັບຄວາມປອດໄພຂອງຜົນຜະລິດ,,,,requests,200,raw/la/la_1882/20260921T0402Z__scanned.pdf.headers.json,application/pdf,e60a67b5b2cae849e9dbbbcf5d5bcfcccf765be8e59b8b0625f6268f79c30ea6,954879,14,,,,corpus LA_corpus_2026-09-21: from LA_ws_2026-09-21; flags no_text_layer,2022-07-06,,,in_force
0.2.0,,la-la1883-001,LA,https://laoofficialgazette.gov.la/kcfinder/upload/files/185ລບ2022.pdf,2026-09-21T02:20:21Z,pdf_scanned,true,raw/la/la_1883/20260921T0220Z__scanned.pdf,ດຳລັດ ວ່າດ້ວຍເຂດສະຫງວນຂອງທາງຫຼວງ,,,,requests,200,raw/la/la_1883/20260921T0220Z__scanned.pdf.headers.json,application/pdf,a6f6c9c01e4263e1be394dd8f9f607ef428f3df5a1d0f205c826892821d556f4,1001327,12,,,,corpus LA_corpus_2026-09-21: from LA_ws_2026-09-21; flags no_text_layer,2022-07-06,,,in_force
0.2.0,,la-la1884-001,LA,https://laoofficialgazette.gov.la/kcfinder/upload/files/2324ສສກ2022.pdf,2026-09-21T04:01:56Z,pdf_scanned,true,raw/la/la_1884/20260921T0401Z__scanned.pdf,ຂໍ້ຕົກລົງ ວ່າດ້ວຍການຄຸ້ມຄອງກິລາ-ກາຍຍະກຳພື້ນເມືອງ,,,,requests,200,raw/la/la_1884/20260921T0401Z__scanned.pdf.headers.json,application/pdf,4728ade0861312c30fbc697ed77eecd572b07d36ae0ab2cab2913a5e8cb3ac66,872968,10,,,,corpus LA_corpus_2026-09-21: from LA_ws_2026-09-21; flags no_text_layer,2022-07-06,,,in_force
0.2.0,,la-la1886-001,LA,https://laoofficialgazette.gov.la/kcfinder/upload/files/184ລບ2022.pdf,2026-09-21T00:38:59Z,pdf_scanned,true,raw/la/la_1886/20260921T0038Z__scanned.pdf,ດຳລັດ ວ່າດ້ວຍສະຖາບັນການເງິນຈຸລະພາກ,,,,requests,200,raw/la/la_1886/20260921T0038Z__scanned.pdf.headers.json,application/pdf,ae6f4181d5aa4ebec4a8369470b8002a3d8e3f978da4e9047c91fd33c6c6e9cd,1544888,36,,,,corpus LA_corpus_2026-09-21: from LA_ws_2026-09-21; flags no_text_layer,2022-07-12,,,in_force
0.2.0,,la-la1896-001,LA,https://laoofficialgazette.gov.la/kcfinder/upload/files/3613ກຊສ2022.pdf,2026-09-21T04:01:32Z,pdf_scanned,true,raw/la/la_1896/20260921T0401Z__scanned.pdf,ຂໍ້ຕົກລົງ ວ່າດ້ວຍຫ້ອງທົດລອງສິ່ງແວດລ້ອມ,,,,requests,200,raw/la/la_1896/20260921T0401Z__scanned.pdf.headers.json,application/pdf,98e9cff32b28f185ce13060a4096664bfda30147ae206f16680be8d87627ee30,845117,10,,,,corpus LA_corpus_2026-09-21: from LA_ws_2026-09-21; flags no_text_layer,2022-07-26,,,in_force
0.2.0,,la-la1897-001,LA,https://laoofficialgazette.gov.la/kcfinder/upload/files/90ຈຂຊກ2022.pdf,2026-09-21T04:01:39Z,pdf_scanned,true,raw/la/la_1897/20260921T0401Z__scanned.pdf,ຂໍ້ຕົກລົງ ວ່າດ້ວຍກອງທຶນຄຸ້ມຄອງໄພພິບັດ ແລະ ສັງຄົມ-ສົງເຄາະ ຂັ້ນແຂວງ,,,,requests,200,raw/la/la_1897/20260921T0401Z__scanned.pdf.headers.json,application/pdf,0587406905ad906ebc1a0c9155d90605963c260353449f37082f3cbc820ca6d7,1259003,16,,,,corpus LA_corpus_2026-09-21: from LA_ws_2026-09-21; flags no_text_layer,2022-07-26,,,in_force
0.2.0,,la-la1898-001,LA,https://laoofficialgazette.gov.la/kcfinder/upload/files/89ຈຂຊກ2022.pdf,2026-09-21T04:01:54Z,pdf_scanned,true,raw/la/la_1898/20260921T0401Z__scanned.pdf,"ຂໍ້ຕົກລົງ ວ່າດ້ວຍການຄຸ້ມຄອງ ແລະ ບໍລິຫານ ຕົວເມືອງລະມາມ, ແຂວງເຊກອງ",,,,requests,200,raw/la/la_1898/20260921T0401Z__scanned.pdf.headers.json,application/pdf,0283a360a961ff8a41fec78af52f0491baad0a87dcc90385f5df5979b8505c53,4330007,43,,,,corpus LA_corpus_2026-09-21: from LA_ws_2026-09-21; flags no_text_layer,2022-07-26,,,in_force
0.2.0,,la-la1899-001,LA,https://laoofficialgazette.gov.la/kcfinder/upload/files/1174ກຊສ2022.pdf,2026-09-21T04:01:24Z,pdf_scanned,true,raw/la/la_1899/20260921T0401Z__scanned.pdf,"ຂໍ້ຕົກລົງ ວ່າດ້ວຍການຄຸ້ມຄອງສິ່ງແວດລ້ອມໃນທຸລະກິດຄອບຄົວ, ວິສາຫະກິດຂະໜາດນ້ອຍ ແລະ ກາງ",,,,requests,200,raw/la/la_1899/20260921T0401Z__scanned.pdf.headers.json,application/pdf,22ebd25e33c038de5d02ce926fc94ae0ef434d4c684a9dbd326907111353a447,1274182,13,,,,corpus LA_corpus_2026-09-21: from LA_ws_2026-09-21; flags no_text_layer,2022-07-27,,,in_force
0.2.0,,la-la1900-001,LA,https://laoofficialgazette.gov.la/kcfinder/upload/files/943ກຍ2022.pdf,2026-09-21T05:08:46Z,pdf_scanned,true,raw/la/la_1900/20260921T0508Z__scanned.pdf,"ຄຳແນະນຳ ກ່ຽວກັບການໄກ່ເກ່ຍຂໍ້ຂັດແຍ່ງ ຢູ່ຫ້ອງການຍຸຕິທຳເມືອງ, ເທດສະບານ, ນະຄອນ",,,,requests,200,raw/la/la_1900/20260921T0508Z__scanned.pdf.headers.json,application/pdf,53b7d340f78fc98b3f7f28e368ebf8e49d308bab4ca858fb361209750d5fa03e,630403,3,,,,corpus LA_corpus_2026-09-21: from LA_ws_2026-09-21; flags no_text_layer,2022-08-03,,,in_force
0.2.0,,la-la1901-001,LA,https://laoofficialgazette.gov.la/kcfinder/upload/files/ດຳລັດວ່າດ້ວຍ ການສ້າງຕັ້ງປ່າປ້ອງກັນແຫຼ່ງນໍ້າ ຍອດນໍ້າຊັນ.pdf,2026-09-21T02:20:12Z,pdf_scanned,true,raw/la/la_1901/20260921T0220Z__scanned.pdf,ດຳລັດ ວ່າດ້ວຍການສ້າງຕັ້ງປ່າປ້ອງກັນແຫຼ່ງນໍ້າ ຍອດນໍ້າຊັນ,,,,requests,200,raw/la/la_1901/20260921T0220Z__scanned.pdf.headers.json,application/pdf,6798346bf9411d65589a2283ba9d8891e845516cde0b79097a9c1b7477925e48,784361,2,,,,corpus LA_corpus_2026-09-21: from LA_ws_2026-09-21; flags no_text_layer,2022-08-03,,,in_force
0.2.0,,la-la1902-001,LA,https://laoofficialgazette.gov.la/kcfinder/upload/files/243ຈຂ2021.pdf,2026-09-21T04:55:45Z,pdf_scanned,true,raw/la/la_1902/20260921T0455Z__scanned.pdf,ຂໍ້ຕົກລົງ ວ່າດ້ວຍກອງທຶນສົ່ງເສີມ ແລະ ພັດທະນາວຽກງານກິລາ-ກາຍຍະກຳແຂວງຫຼວງນໍ້າທາ,,,,requests,200,raw/la/la_1902/20260921T0455Z__scanned.pdf.headers.json,application/pdf,4a4a7e4a5f82613b70486041da25236772de261dcf89d6182d85ba884ee750bd,1109150,10,,,,corpus LA_corpus_2026-09-21: from LA_ws_2026-09-21; flags no_text_layer,2022-08-05,,,repealed
0.2.0,,la-la1903-001,LA,https://laoofficialgazette.gov.la/kcfinder/upload/files/04ຈຂ2018.pdf,2026-09-21T05:08:38Z,pdf_scanned,true,raw/la/la_1903/20260921T0508Z__scanned.pdf,ຄຳແນະນຳ ວ່າດ້ວຍການແກ້ໄຂຂໍ້ຂັດແຍ່ງທາງດ້ານເສດຖະກິດຢູ່ພະແນກຍຸຕິທຳ ແຂວງຫຼວງນໍ້າທາ,,,,requests,200,raw/la/la_1903/20260921T0508Z__scanned.pdf.headers.json,application/pdf,a2cf7489eefb1e58e9254c9e1f580d73c02c64db964a4f30396979a9b14d8bc5,562246,2,,,,corpus LA_corpus_2026-09-21: from LA_ws_2026-09-21; flags no_text_layer,2022-08-05,,,in_force
0.2.0,,la-la1904-001,LA,https://laoofficialgazette.gov.la/kcfinder/upload/files/24ຈຂ2021.pdf,2026-09-21T04:01:17Z,pdf_scanned,true,raw/la/la_1904/20260921T0401Z__scanned.pdf,"ຂໍ້ຕົກລົງ ວ່າດ້ວຍການຄຸ້ມຄອງລາຍຮັບ-ລາຍຈ່າຍງົບປະມານ ຂັ້ນແຂວງ, ຂັ້ນເມືອງ ແລະ ຂັ້ນບ້ານ",,,,requests,200,raw/la/la_1904/20260921T0401Z__scanned.pdf.headers.json,application/pdf,8675e57e8f0c896a5efb4eabee6953f8e979597bb48a62145a069619ba3353c0,1000508,11,,,,corpus LA_corpus_2026-09-21: from LA_ws_2026-09-21; flags no_text_layer,2022-08-05,,,in_force
0.2.0,,la-la1905-001,LA,https://laoofficialgazette.gov.la/kcfinder/upload/files/199ຈຂ2022.pdf,2026-09-21T04:01:08Z,pdf_scanned,true,raw/la/la_1905/20260921T0401Z__scanned.pdf,ຂໍ້ຕົກລົງ ວ່າດ້ວຍກອງທຶນສັງຄົມສົງເຄາະ,,,,requests,200,raw/la/la_1905/20260921T0401Z__scanned.pdf.headers.json,application/pdf,496a28f2505fd13dfdcb74024ab7db4364a2b8bbe15f48a5100aa77d6c73e70b,962968,11,,,,corpus LA_corpus_2026-09-21: from LA_ws_2026-09-21; flags no_text_layer,2022-08-05,,,in_force
0.2.0,,la-la1906-001,LA,https://laoofficialgazette.gov.la/kcfinder/upload/files/2346ກຕສ2022.pdf,2026-09-21T04:01:01Z,pdf_scanned,true,raw/la/la_1906/20260921T0401Z__scanned.pdf,"ຂໍ້ຕົກລົງ ວ່າດ້ວຍການຮັບຝາກ, ຈັດສົ່ງ ແລະ ແຈກຢາຍ ເຄື່ອງຝາກທາງໄສະນີ",,,,requests,200,raw/la/la_1906/20260921T0401Z__scanned.pdf.headers.json,application/pdf,52f2ff00113cd320bb1b2c5958fb79c11e638c3b49789b4b8c6cfc12434d6edc,710514,7,,,,corpus LA_corpus_2026-09-21: from LA_ws_2026-09-21; flags no_text_layer,2022-08-05,,,in_force
0.2.0,,la-la1907-001,LA,https://laoofficialgazette.gov.la/kcfinder/upload/files/402ທຫລ2022.pdf,2026-09-21T00:54:28Z,pdf_scanned,true,raw/la/la_1907/20260921T0054Z__scanned.pdf,ຂໍ້ຕົກລົງ ວ່າດ້ວຍການແກ້ໄຂສະຖາບັນການເງິນທີ່ຢູ່ໃນພາວະວິກິດ,,,,requests,200,raw/la/la_1907/20260921T0054Z__scanned.pdf.headers.json,application/pdf,ad941b5a55504236fc5d1d4a24a9c05640a5ceced389d31f9a329cd66d3bb49c,898534,16,,,,corpus LA_corpus_2026-09-21: from LA_ws_2026-09-21; flags no_text_layer,2022-08-15,,,in_force
0.2.0,,la-la1908-001,LA,https://laoofficialgazette.gov.la/kcfinder/upload/files/374ທຫລ2022.pdf,2026-09-21T00:54:37Z,pdf_scanned,true,raw/la/la_1908/20260921T0054Z__scanned.pdf,ຂໍ້ຕົກລົງ ວ່າດ້ວຍມາດຕະການແຕ່ຫົວທີຕໍ່ສະຖາບັນການເງິນ,,,,requests,200,raw/la/la_1908/20260921T0054Z__scanned.pdf.headers.json,application/pdf,110097cb6dca485985c333bae6dcfbbc7b1c5b33a08f56667eea5c3370a6e205,664855,9,,,,corpus LA_corpus_2026-09-21: from LA_ws_2026-09-21; flags no_text_layer,2022-08-15,,,in_force
0.2.0,,la-la1910-001,LA,https://laoofficialgazette.gov.la/kcfinder/upload/files/2596ກຕສ2022.pdf,2026-09-21T04:00:56Z,pdf_scanned,true,raw/la/la_1910/20260921T0400Z__scanned.pdf,ຂໍ້ຕົກລົງ ວ່າດ້ວຍການພິສູດ ແລະ ຢັ້ງຢືນຕົວຕົນທາງດິຈີຕອນ,,,,requests,200,raw/la/la_1910/20260921T0400Z__scanned.pdf.headers.json,application/pdf,a8142a79931851acb7f9997441ee34a580b84acd47538f4baa19b786e8508280,937227,15,,,,corpus LA_corpus_2026-09-21: from LA_ws_2026-09-21; flags no_text_layer,2022-08-24,,,in_force
0.2.0,,la-la1911-001,LA,https://laoofficialgazette.gov.la/kcfinder/upload/files/2597ກຕສ2022.pdf,2026-09-21T04:00:47Z,pdf_scanned,true,raw/la/la_1911/20260921T0400Z__scanned.pdf,ຂໍ້ຕົກລົງ ວ່າດ້ວຍການເຊື່ອມຕໍ່ ແລະ ໃຫ້ບໍລິການຂໍ້ຄວາມສັ້ນ,,,,requests,200,raw/la/la_1911/20260921T0400Z__scanned.pdf.headers.json,application/pdf,bf14fea084d49079ae28b5d8a22827ea28769c4b9fcab09fdcebe9c4a91ec4f8,805723,12,,,,corpus LA_corpus_2026-09-21: from LA_ws_2026-09-21; flags no_text_layer,2022-08-24,,,in_force
0.2.0,,la-la1912-001,LA,https://laoofficialgazette.gov.la/kcfinder/upload/files/2598ກຕສ2022.pdf,2026-09-21T04:00:39Z,pdf_scanned,true,raw/la/la_1912/20260921T0400Z__scanned.pdf,ຂໍ້ຕົກລົງ ວ່າດ້ວຍການສ້າງ ແລະ ພັດທະນາແອັບພິເຄຊັ່ນໃຫ້ມີຄວາມປອດໄພ,,,,requests,200,raw/la/la_1912/20260921T0400Z__scanned.pdf.headers.json,application/pdf,fa29709663bfba2ce5063a82060cdf5b5d8fdc8a3e93854d5e26d7bd2879fbfb,821368,13,,,,corpus LA_corpus_2026-09-21: from LA_ws_2026-09-21; flags no_text_layer,2022-08-24,,,in_force
0.2.0,,la-la1913-001,LA,https://laoofficialgazette.gov.la/kcfinder/upload/files/2599ກຕສ2022.pdf,2026-09-21T00:54:22Z,pdf_scanned,true,raw/la/la_1913/20260921T0054Z__scanned.pdf,ຂໍ້ຕົກລົງ ວ່າດ້ວຍລະບົບການສື່ສານພາກລັດ,,,,requests,200,raw/la/la_1913/20260921T0054Z__scanned.pdf.headers.json,application/pdf,b746c11450e92f27d87b1bed52710be2d163f21866f7fa70b7f75b933c1085d1,619104,9,,,,corpus LA_corpus_2026-09-21: from LA_ws_2026-09-21; flags no_text_layer,2022-08-24,,,in_force
0.2.0,,la-la1914-001,LA,https://laoofficialgazette.gov.la/kcfinder/upload/files/2600ກຕສ2022.pdf,2026-09-21T00:54:15Z,pdf_scanned,true,raw/la/la_1914/20260921T0054Z__scanned.pdf,ຂໍ້ຕົກລົງ ວ່າດ້ວຍການຄຸ້ມຄອງ ແລະ ນຳໃຊ້ເລກໝາຍອິນເຕີເນັດ,,,,playwright,200,raw/la/la_1914/20260921T0054Z__scanned.pdf.headers.json,application/pdf,839246c2d7c6d74eb2bf3fd38d39d43d08195b0ee30313ca5985d52fbc85a9e5,688559,10,,,,corpus LA_corpus_2026-09-21: from LA_ws_2026-09-21; flags no_text_layer,2022-08-24,,,in_force
0.2.0,,la-la1915-001,LA,https://laoofficialgazette.gov.la/kcfinder/upload/files/240ສສກ2022.pdf,2026-09-21T04:00:33Z,pdf_scanned,true,raw/la/la_1915/20260921T0400Z__scanned.pdf,ຂໍ້ຕົກລົງ ວ່າດ້ວຍການຄຸ້ມຄອງໂຮງຮຽນສຶກສາຄົນພິການ,,,,requests,200,raw/la/la_1915/20260921T0400Z__scanned.pdf.headers.json,application/pdf,5b04fdcc826822fc9e19b2eacc332fd0353626c81b5e58c10ef05ed6016605b5,877171,15,,,,corpus LA_corpus_2026-09-21: from LA_ws_2026-09-21; flags no_text_layer,2022-09-01,,,in_force
0.2.0,,la-la1916-001,LA,https://laoofficialgazette.gov.la/kcfinder/upload/files/241ສສກ2022.pdf,2026-09-21T04:00:23Z,pdf_scanned,true,raw/la/la_1916/20260921T0400Z__scanned.pdf,ຂໍ້ຕົກລົງ ວ່າດ້ວຍການຄຸ້ມຄອງໂຮງຮຽນສາມັນກິນນອນຊົນເຜົ່າ,,,,requests,200,raw/la/la_1916/20260921T0400Z__scanned.pdf.headers.json,application/pdf,2e2032cba6ea3ea4a783515b97f0a62df9c21f8221ba3d63db63b0426068d7be,758074,15,,,,corpus LA_corpus_2026-09-21: from LA_ws_2026-09-21; flags no_text_layer,2022-09-01,,,in_force
0.2.0,,la-la1917-001,LA,https://laoofficialgazette.gov.la/kcfinder/upload/files/280ລບ2022.pdf,2026-09-21T02:20:06Z,pdf_scanned,true,raw/la/la_1917/20260921T0220Z__scanned.pdf,"ດຳລັດ ວ່າດ້ວຍຊັບສິນທີ່ຖືກຍຶດ, ອາຍັດ ແລະ ຮິບເປັນຂອງລັດ",,,,requests,200,raw/la/la_1917/20260921T0220Z__scanned.pdf.headers.json,application/pdf,96a086b2e68fbe8664956b9a226501cd3a5ded8a2146c1800b5564d76b29f25c,907047,14,,,,corpus LA_corpus_2026-09-21: from LA_ws_2026-09-21; flags no_text_layer,2022-09-02,,,in_force
0.2.0,,la-la1918-001,LA,https://laoofficialgazette.gov.la/kcfinder/upload/files/06ຈຂອປ2022.pdf,2026-09-21T02:46:14Z,pdf_scanned,true,raw/la/la_1918/20260921T0246Z__scanned.pdf,ຄຳສັ່ງ ວ່າດ້ວຍການນຳໃຊ້ພາຫະນະຕາມເສັ້ນທາງຫຼວງທີ່ບໍ່ຖືກຕ້ອງຕາມກົດໝາຍ ພາຍໃນ ແຂວງອັດຕະປື,,,,requests,200,raw/la/la_1918/20260921T0246Z__scanned.pdf.headers.json,application/pdf,0d0cb0fa7dac6d874bb9457baf130f268cf0cc8ba53eeb9140179fd9e38ba6dc,655856,3,,,,corpus LA_corpus_2026-09-21: from LA_ws_2026-09-21; flags no_text_layer,2022-09-02,,,in_force
0.2.0,,la-la1919-001,LA,https://laoofficialgazette.gov.la/kcfinder/upload/files/290ລບ2022.pdf,2026-09-21T02:20:03Z,pdf_scanned,true,raw/la/la_1919/20260921T0220Z__scanned.pdf,ດຳລັດ ວ່າດ້ວຍການບໍລິຫານ ແລະ ບໍລິການລັດ ແບບດີຈີຕອນ,,,,requests,200,raw/la/la_1919/20260921T0220Z__scanned.pdf.headers.json,application/pdf,b94a239db4d5edcf4dc54713eae9ba86c81f25fed66e44e66d1462cb474243f8,1012115,15,,,,corpus LA_corpus_2026-09-21: from LA_ws_2026-09-21; flags no_text_layer,2022-09-06,,,in_force
0.2.0,,la-la1920-001,LA,https://laoofficialgazette.gov.la/kcfinder/upload/files/4392ກຊສ2022.pdf,2026-09-21T04:00:11Z,pdf_scanned,true,raw/la/la_1920/20260921T0400Z__scanned.pdf,ຂໍ້ຕົກລົງ ວ່າດ້ວຍທຸລະກິດກ່ຽວກັບທີ່ດິນ,,,,playwright,200,raw/la/la_1920/20260921T0400Z__scanned.pdf.headers.json,application/pdf,f97f3b1fddf5877d0ca4f37805897ffd4d9915ee59a7130a1ed6320d293e8a66,1364495,20,,,,corpus LA_corpus_2026-09-21: from LA_ws_2026-09-21; flags no_text_layer,2022-09-06,,,in_force
0.2.0,,la-la1921-001,LA,https://laoofficialgazette.gov.la/kcfinder/upload/files/3736ກປ2022.pdf,2026-09-21T04:00:20Z,pdf_scanned,true,raw/la/la_1921/20260921T0400Z__scanned.pdf,ຂໍ້ຕົກລົງ ວ່າດ້ວຍການຄຸ້ມຄອງໂຮງງານປຸງແຕ່ງພືດ,,,,requests,200,raw/la/la_1921/20260921T0400Z__scanned.pdf.headers.json,application/pdf,6e25de5f2fbf20b8b3ddf607e8b4641a492cc515b9678362bdd50ef6f3d7ca33,1211437,19,,,,corpus LA_corpus_2026-09-21: from LA_ws_2026-09-21; flags no_text_layer,2022-09-06,,,in_force
0.2.0,,la-la1922-001,LA,https://laoofficialgazette.gov.la/kcfinder/upload/files/3684ກປ2022.pdf,2026-09-21T05:08:33Z,pdf_scanned,true,raw/la/la_1922/20260921T0508Z__scanned.pdf,"ຄຳແນະນຳ ກ່ຽວກັບການຢັ້ງຢືນ ແລະ ການຕັດຕົ້ນໄມ້ທຳມະຊາດ ແລະ ໄມ້ປູກໃຫ້ໝາກ ທີ່ມີໃນທີ່ດິນ ຂອງບຸກຄົນ, ນິຕິບຸກຄົນ ແລະ ການຈັດຕັ້ງ",,,,requests,200,raw/la/la_1922/20260921T0508Z__scanned.pdf.headers.json,application/pdf,97aca70669f57203fd7b493072fd653a079965b928c47fd730e7e5706a79cde6,658311,5,,,,corpus LA_corpus_2026-09-21: from LA_ws_2026-09-21; flags no_text_layer,2022-09-06,,,in_force
0.2.0,,la-la1924-001,LA,https://laoofficialgazette.gov.la/kcfinder/upload/files/205ລບ2022.pdf,2026-09-21T02:19:32Z,pdf_scanned,true,raw/la/la_1924/20260921T0219Z__scanned.pdf,ດຳລັດ ວ່າດ້ວຍການປະຢັດ ແລະ ຕ້ານການຟູມເຟືອຍ,,,,requests,200,raw/la/la_1924/20260921T0219Z__scanned.pdf.headers.json,application/pdf,963abc5f1e2712783035a0137b8e7d661492d69b2626f1900f134d6fc195d0c8,1548922,23,,,,corpus LA_corpus_2026-09-21: from LA_ws_2026-09-21; flags no_text_layer,2022-09-07,,,in_force
0.2.0,,la-la1926-001,LA,https://laoofficialgazette.gov.la/kcfinder/upload/files/297ລບ 29.8.2022.pdf,2026-09-21T02:19:24Z,pdf_scanned,true,raw/la/la_1926/20260921T0219Z__scanned.pdf,ດຳລັດ ວ່າດ້ວຍການຄຸ້ມຄອງໃບເກັບເງິນ,,,,requests,200,raw/la/la_1926/20260921T0219Z__scanned.pdf.headers.json,application/pdf,06619dfe4d6032ad408b7b6ed9e4eedd468c902b0c53b050d8403953aca0b8d1,1168704,18,,,,corpus LA_corpus_2026-09-21: from LA_ws_2026-09-21; flags no_text_layer,2022-09-19,,,in_force
0.2.0,,la-la1928-001,LA,https://laoofficialgazette.gov.la/kcfinder/upload/files/838 ອຊ 5.9.2022.pdf,2026-09-21T04:00:04Z,pdf_scanned,true,raw/la/la_1928/20260921T0400Z__scanned.pdf,ຂໍ້ຕົກລົງ ວ່າດ້ວຍການປະເມີນລາຄາທີ່ດິນທົ່ວແຂວງອຸດົມໄຊ ( ສະບັບປັບປຸງໃໝ່ ),,,,requests,200,raw/la/la_1928/20260921T0400Z__scanned.pdf.headers.json,application/pdf,3fbcbf260daca17a6531b7576a54df017148053ea0bd46b5c6060f212104ab81,1750277,53,,,,corpus LA_corpus_2026-09-21: from LA_ws_2026-09-21; flags no_text_layer,2022-09-21,,,in_force
0.2.0,,la-la1929-001,LA,https://laoofficialgazette.gov.la/kcfinder/upload/files/279ລບ9.8.2022.pdf,2026-09-21T02:19:16Z,pdf_scanned,true,raw/la/la_1929/20260921T0219Z__scanned.pdf,ດຳລັດ ວ່າດ້ວຍພົນລະເມືອງກິດຕິມະສັກ ຂອງ ສປປ ລາວ,,,,requests,200,raw/la/la_1929/20260921T0219Z__scanned.pdf.headers.json,application/pdf,d41f5a6679b0aebdad5d063a2888fac0c38d5e2915a5b0ccd194c9557b9222f0,722458,11,,,,corpus LA_corpus_2026-09-21: from LA_ws_2026-09-21; flags no_text_layer,2022-09-23,,,in_force
0.2.0,,la-la1931-001,LA,https://laoofficialgazette.gov.la/kcfinder/upload/files/293ລບ29.8.2022.pdf,2026-09-21T02:19:08Z,pdf_scanned,true,raw/la/la_1931/20260921T0219Z__scanned.pdf,ດຳລັດ ວ່າດ້ວຍຫ້ອງການໄກ່ເກຍ່ຂໍ້ຂັດແຍ່ງທາງດ້ານເສດຖະກິດເອກະຊົນ,,,,requests,200,raw/la/la_1931/20260921T0219Z__scanned.pdf.headers.json,application/pdf,ff91d491beae25e7c160e83e839bf166bf93a9828a8712ca970364243089fdf9,811983,10,,,,corpus LA_corpus_2026-09-21: from LA_ws_2026-09-21; flags no_text_layer,2022-09-30,,,in_force
0.2.0,,la-la1932-001,LA,https://laoofficialgazette.gov.la/kcfinder/upload/files/294ລບ29.8.2022.pdf,2026-09-21T00:38:50Z,pdf_scanned,true,raw/la/la_1932/20260921T0038Z__scanned.pdf,ດຳລັດ ວ່າດ້ວຍຄ່າແຮງງານຂອງຜູ້ແກ້ໄຂຂໍ້ຂັດແຍ່ງທາງດ້ານເສດຖະກິດ,,,,requests,200,raw/la/la_1932/20260921T0038Z__scanned.pdf.headers.json,application/pdf,bd0eab7ce1309c1fce629bcf2c039a08f7ae75092edc35788398750dedf11c96,568541,4,,,,corpus LA_corpus_2026-09-21: from LA_ws_2026-09-21; flags no_text_layer,2022-09-30,,,in_force
0.2.0,,la-la1933-001,LA,https://laoofficialgazette.gov.la/kcfinder/upload/files/5428ຂບຊ12-9-2022.pdf,2026-09-21T03:59:28Z,pdf_scanned,true,raw/la/la_1933/20260921T0359Z__scanned.pdf,ຂໍ້ຕົກລົງ ວ່າດ້ວຍການຄຸ້ມຄອງລົດຮັບ-ສົ່ງນັກຮຽນ,,,,requests,200,raw/la/la_1933/20260921T0359Z__scanned.pdf.headers.json,application/pdf,e0e4d14e6e1f5d27e9c9afec939caa10e0da1c04994fb3a5b29d750ad266044d,782212,12,,,,corpus LA_corpus_2026-09-21: from LA_ws_2026-09-21; flags no_text_layer,2022-10-07,,,in_force
0.2.0,,la-la1934-001,LA,https://laoofficialgazette.gov.la/kcfinder/upload/files/577ຂບຊ20-9-2022.pdf,2026-09-21T03:59:35Z,pdf_scanned,true,raw/la/la_1934/20260921T0359Z__scanned.pdf,"ຂໍ້ຕົກລົງ ວ່າດ້ວຍການຄຸ້ມຄອງ, ປົກປັກຮັກສາ ປ່າສະຫງວນຫ້ວຍງົວ",,,,requests,200,raw/la/la_1934/20260921T0359Z__scanned.pdf.headers.json,application/pdf,9b6bc7cc0ec1e5bc420e9062ee9fc1dea9248f193ecb10a8ed5329a2d9b938cc,977888,11,,,,corpus LA_corpus_2026-09-21: from LA_ws_2026-09-21; flags no_text_layer,2022-10-07,,,in_force
0.2.0,,la-la1935-001,LA,https://laoofficialgazette.gov.la/kcfinder/upload/files/578ຂບຊ20-9-2022.pdf,2026-09-21T03:59:45Z,pdf_scanned,true,raw/la/la_1935/20260921T0359Z__scanned.pdf,ຂໍ້ຕົກລົງ ວ່າດ້ວຍການຄຸ້ມຄອງການລົງທຶນດ້ານກະສິກຳຕາມຮູບແບບສັນຍາ ຂອງແຂວງບໍລິຄຳໄຊ,,,,requests,200,raw/la/la_1935/20260921T0359Z__scanned.pdf.headers.json,application/pdf,5fd6e683472cd5d9768a87629925dcaae78afcdf61ab1ef3ee46102b6e869bdc,1057407,20,,,,corpus LA_corpus_2026-09-21: from LA_ws_2026-09-21; flags no_text_layer,2022-10-07,,,in_force
0.2.0,,la-la1936-001,LA,https://laoofficialgazette.gov.la/kcfinder/upload/files/579ຂບຊ20-9-2022.pdf,2026-09-21T03:59:49Z,pdf_scanned,true,raw/la/la_1936/20260921T0359Z__scanned.pdf,"ຂໍ້ຕົກລົງ ວ່າດ້ວຍການປັບໄໝ ແລະ ນຳໃຊ້ມາດຕະການອື່ນຕໍ່ຜູ້ລະເມີດກົດໝາຍ, ລະບຽບການກ່ຽວກັບການຄຸ້ມຄອງສິ່ງແວດລ້ອມ",,,,requests,200,raw/la/la_1936/20260921T0359Z__scanned.pdf.headers.json,application/pdf,6e4029504ed86af93ab5950646a0faacd5ef895506e5a8c434d2776a1bcd50ac,954875,14,,,,corpus LA_corpus_2026-09-21: from LA_ws_2026-09-21; flags no_text_layer,2022-10-07,,,in_force
0.2.0,,la-la1937-001,LA,https://laoofficialgazette.gov.la/kcfinder/upload/files/1355ອຄ04-10-2022.pdf,2026-09-21T03:59:56Z,pdf_scanned,true,raw/la/la_1937/20260921T0359Z__scanned.pdf,ຂໍ້ຕົກລົງ ວ່າດ້ວຍກຸ່ມ ແລະ ສະຫະກອນຫັດຖະກຳ,,,,requests,200,raw/la/la_1937/20260921T0359Z__scanned.pdf.headers.json,application/pdf,3f63fa2ae1ba15534b40e966bec8c5cfc2b6e63c481d9a5e895d84e0cd8f3b68,946127,11,,,,corpus LA_corpus_2026-09-21: from LA_ws_2026-09-21; flags no_text_layer,2022-10-07,,,in_force
0.2.0,,la-la1938-001,LA,https://laoofficialgazette.gov.la/kcfinder/upload/files/20 ສພຊ 7 ກໍລະກົດ 2022.pdf,2026-09-21T01:24:54Z,pdf_scanned,true,raw/la/la_1938/20260921T0124Z__scanned.pdf,ກົດໝາຍ ວ່າດ້ວຍຄວາມປອດໄພຂອງເຂື່ອນ,,,,requests,200,raw/la/la_1938/20260921T0124Z__scanned.pdf.headers.json,application/pdf,ad52fadbc62ab3166c73e95c2facf593a133a6c04ff3c097466627d246f51336,1999889,27,,,,corpus LA_corpus_2026-09-21: from LA_ws_2026-09-21; flags no_text_layer,2022-10-13,,,in_force
0.2.0,,la-la1939-001,LA,https://laoofficialgazette.gov.la/kcfinder/upload/files/1025.ຈຂ ຍຊ 8.9.2022.pdf,2026-09-21T04:55:36Z,pdf_scanned,true,raw/la/la_1939/20260921T0455Z__scanned.pdf,ຂໍ້ຕົກລົງ ວ່າດ້ວຍການຄຸ້ມຄອງພັດທະນາ ແລະ ບໍລິຫານຕົວເມືອງ ໄຊຍະບູລີ,,,,requests,200,raw/la/la_1939/20260921T0455Z__scanned.pdf.headers.json,application/pdf,bf33a15708b65412c79aa8c2f7fda0fdb7770492a377add6cb7bcddfaa5e991f,822772,14,,,,corpus LA_corpus_2026-09-21: from LA_ws_2026-09-21; flags no_text_layer,2022-10-18,,,repealed
0.2.0,,la-la1940-001,LA,https://laoofficialgazette.gov.la/kcfinder/upload/files/388 ຜລ 12.5.2022.pdf,2026-09-21T03:59:19Z,pdf_scanned,true,raw/la/la_1940/20260921T0359Z__scanned.pdf,ຂໍ້ຕົກລົງ ວ່າດ້ວຍກອງທຶນຄຸ້ມຄອງໄພພິບັດ ຂັ້ນແຂວງ,,,,requests,200,raw/la/la_1940/20260921T0359Z__scanned.pdf.headers.json,application/pdf,0f6831c5d1abdb38cc66fb7b768d5bd5f96bac2c815eda3bf8d3cbe2cdd34f64,850383,7,,,,corpus LA_corpus_2026-09-21: from LA_ws_2026-09-21; flags no_text_layer,2022-10-18,,,in_force
0.2.0,,la-la1942-001,LA,https://laoofficialgazette.gov.la/kcfinder/upload/files/283 ລບ 11.8.2022-1-9.pdf,2026-09-21T02:18:53Z,pdf_scanned,true,raw/la/la_1942/20260921T0218Z__scanned.pdf,ດຳລັດ ວ່າດ້ວຍການສົ່ງເສີມອາຫານທ່ຽງໃນໂຮງຮຽນ,,,,requests,200,raw/la/la_1942/20260921T0218Z__scanned.pdf.headers.json,application/pdf,0c8d9ce7c1d8cb1d9a907554ab96eab48ae57471abfc93e9f6b310790b33edf9,664232,9,,,,corpus LA_corpus_2026-09-21: from LA_ws_2026-09-21; flags no_text_layer,2022-10-20,,,in_force
0.2.0,,la-la1943-001,LA,https://laoofficialgazette.gov.la/kcfinder/upload/files/887_ຈຂຊຍ_1282022.pdf,2026-09-21T03:59:04Z,pdf_scanned,true,raw/la/la_1943/20260921T0359Z__scanned.pdf,ຂໍ້ຕົກລົງ ວ່າດ້ວຍກອງທຶນພັດທະນາກິລາ - ກາຍຍະກຳ ແຂວງ ໄຊຍະບູລີ,,,,requests,200,raw/la/la_1943/20260921T0359Z__scanned.pdf.headers.json,application/pdf,223093e7d2b93f32cfaa193dab70a244545538a5cfc1c12cbbe61b6fb91beeb2,743808,11,,,,corpus LA_corpus_2026-09-21: from LA_ws_2026-09-21; flags no_text_layer,2022-10-27,,,in_force
0.2.0,,la-la1944-001,LA,https://laoofficialgazette.gov.la/kcfinder/upload/files/1035 ຈຂ ຊຍ 8.9.2022.pdf,2026-09-21T03:58:57Z,pdf_scanned,true,raw/la/la_1944/20260921T0358Z__scanned.pdf,ຂໍ້ຕົກລົງ ວ່າດ້ວຍກອງທຶນເລືອດ,,,,requests,200,raw/la/la_1944/20260921T0358Z__scanned.pdf.headers.json,application/pdf,e9e0d28b0dfcc5c0ef4ff4724837091bff3ccb042b326202afb4dd7ac016df75,894804,10,,,,corpus LA_corpus_2026-09-21: from LA_ws_2026-09-21; flags no_text_layer,2022-10-27,,,in_force
0.2.0,,la-la1945-001,LA,https://laoofficialgazette.gov.la/kcfinder/upload/files/322ລບ 2.9.2022.pdf,2026-09-21T02:18:51Z,pdf_scanned,true,raw/la/la_1945/20260921T0218Z__scanned.pdf,ດຳລັດ ວ່າດ້ວຍວິສາຫະກິດລັດລົງທຶນ,,,,requests,200,raw/la/la_1945/20260921T0218Z__scanned.pdf.headers.json,application/pdf,4f5b7054c37838a8f313432ecff0e330a373dcf70476b2a4745f3138fe1aaa23,1313524,22,,,,corpus LA_corpus_2026-09-21: from LA_ws_2026-09-21; flags no_text_layer,2022-10-31,,,in_force
0.2.0,,la-la1947-001,LA,https://laoofficialgazette.gov.la/kcfinder/upload/files/4266ກປ2022.pdf,2026-09-21T02:46:10Z,pdf_scanned,true,raw/la/la_1947/20260921T0246Z__scanned.pdf,"ຄຳສັ່ງ ກ່ຽວກັບການສ້າງແຜນການຂຸດຄົ້ນ, ຄຸ້ມຄອງ ການຊື້-ຂາຍ, ການເຄື່ອນຍ້າຍ ແລະ ສົ່ງອອກເຄື່ອງປ່າຂອງດົງ",,,,requests,200,raw/la/la_1947/20260921T0246Z__scanned.pdf.headers.json,application/pdf,bead795c07f1f3b0f2b7d5b1b1dc8fba340b7d32030860a4b325b8b78ea5ec9f,1302065,3,,,,corpus LA_corpus_2026-09-21: from LA_ws_2026-09-21; flags no_text_layer,2022-11-02,,,in_force
0.2.0,,la-la1948-001,LA,https://laoofficialgazette.gov.la/kcfinder/upload/files/4317ກປ2022.pdf,2026-09-21T02:45:50Z,pdf_scanned,true,raw/la/la_1948/20260921T0245Z__scanned.pdf,ຄຳສັ່ງ ກ່ຽວກັບການຫ້າມຂ້າສັດໃຫຍ່ຖືພາມານ,,,,requests,200,raw/la/la_1948/20260921T0245Z__scanned.pdf.headers.json,application/pdf,56e2825791cf8e0f56488f59e9a4ff204176a6b7bbcddb0a19135e4f541fe5a4,641785,2,,,,corpus LA_corpus_2026-09-21: from LA_ws_2026-09-21; flags no_text_layer,2022-11-02,,,in_force
0.2.0,,la-la1949-001,LA,https://laoofficialgazette.gov.la/kcfinder/upload/files/4269ກປ2022.pdf,2026-09-21T05:08:23Z,pdf_scanned,true,raw/la/la_1949/20260921T0508Z__scanned.pdf,"ຄຳແນະນຳ ກ່ຽວກັບມາດຕະການປະຕິບັດ ສຳລັບການສົ່ງອອກພືດ, ຜະລິດຕະພັນພືດ ແລະ ວັດຖະຕ້ອງຄວບຄຸມ ທີ່ບໍ່ຖືກຕ້ອງກັບເງື່ອນໄຂນຳເຂົ້າ ຂອງສະຫະພາບເອີຣົບ",,,,requests,200,raw/la/la_1949/20260921T0508Z__scanned.pdf.headers.json,application/pdf,5fc1b875c21b4bfa7f7bded3bff25b5288ae07c6790625e5efe2a1504d24d4be,743821,6,,,,corpus LA_corpus_2026-09-21: from LA_ws_2026-09-21; flags no_text_layer,2022-11-02,,,in_force
0.2.0,,la-la1951-001,LA,https://laoofficialgazette.gov.la/kcfinder/upload/files/4637. ຈຂ ຜລ 5.10.2021.pdf,2026-09-21T03:58:31Z,pdf_scanned,true,raw/la/la_1951/20260921T0358Z__scanned.pdf,ຂໍ້ຕົກລົງ ຂອງເຈົ້າແຂວງວ່າດ້ວຍການປະເມີນລາຄາທີ່ດິນໃນ 7 ເມືອງ ທົ່ວແຂວງ ຜົ່ງສາລີ,,,,requests,200,raw/la/la_1951/20260921T0358Z__scanned.pdf.headers.json,application/pdf,402b21cb435fcb4431adaf41ebf179b609653a7cd144782436a4673defc2c083,999789,17,,,,corpus LA_corpus_2026-09-21: from LA_ws_2026-09-21; flags no_text_layer,2022-11-10,,,in_force
0.2.0,,la-la1952-001,LA,https://laoofficialgazette.gov.la/kcfinder/upload/files/1318 ຈຂ. 11.10.2022.pdf,2026-09-21T03:58:40Z,pdf_scanned,true,raw/la/la_1952/20260921T0358Z__scanned.pdf,ຂໍ້ຕົກລົງ ວ່າດ້ວຍນະໂຍບາຍສົ່ງເສີມການລົງທຶນສະເພາະກິດຈະການ ການປູກ - ການລ້ຽງ ເປັນສິນຄ້າຢູ່ແຂວງ ຫົວພັນ,,,,requests,200,raw/la/la_1952/20260921T0358Z__scanned.pdf.headers.json,application/pdf,e2c3325047a8cf2747c45c7b17f0839243b38a686b7631c4ef17b4f1eb8a5c04,1141689,18,,,,corpus LA_corpus_2026-09-21: from LA_ws_2026-09-21; flags no_text_layer,2022-11-10,,,in_force
0.2.0,,la-la1953-001,LA,https://laoofficialgazette.gov.la/kcfinder/upload/files/1311.ຈຂ11.10.2022.pdf,2026-09-21T03:58:52Z,pdf_scanned,true,raw/la/la_1953/20260921T0358Z__scanned.pdf,ຂໍ້ຕົກລົງ ວ່າດ້ວຍການປະເມີນລາຄາທີ່ດິນຢູ່ແຂວງ ຫົວພັນ,,,,requests,200,raw/la/la_1953/20260921T0358Z__scanned.pdf.headers.json,application/pdf,1d7cbdb73a178a4c3c9017d5fe58d8761ed6fee0584d6a44cc344081a5108665,1207873,34,,,,corpus LA_corpus_2026-09-21: from LA_ws_2026-09-21; flags no_text_layer,2022-11-10,,,in_force
0.2.0,,la-la1954-001,LA,https://laoofficialgazette.gov.la/kcfinder/upload/files/985. 14.12.2021.pdf,2026-09-21T03:58:24Z,pdf_scanned,true,raw/la/la_1954/20260921T0358Z__scanned.pdf,ຂໍ້ຕົກລົງ ວ່າດ້ວຍ ສະຖານທີ່ພັກແຮມ,,,,requests,200,raw/la/la_1954/20260921T0358Z__scanned.pdf.headers.json,application/pdf,3e4a160d456598ee437b8acd2cd1bfc67b2ff68c94f68ab1fce819c292bf09ea,1348123,23,,,,corpus LA_corpus_2026-09-21: from LA_ws_2026-09-21; flags no_text_layer,2022-11-14,,,in_force
0.2.0,,la-la1955-001,LA,https://laoofficialgazette.gov.la/kcfinder/upload/files/607. 30.9.2022.pdf,2026-09-21T03:58:05Z,pdf_scanned,true,raw/la/la_1955/20260921T0358Z__scanned.pdf,ຂໍ້ຕົກລົງ ວ່າດ້ວຍ ທຸລະກິດນຳທ່ຽວ,,,,requests,200,raw/la/la_1955/20260921T0358Z__scanned.pdf.headers.json,application/pdf,0cd85e9aaa83847e36c078f406b33d7bf467a4a514e694a32894e52b8b48ee1a,1496530,25,,,,corpus LA_corpus_2026-09-21: from LA_ws_2026-09-21; flags no_text_layer,2022-11-14,,,in_force
0.2.0,,la-la1956-001,LA,https://laoofficialgazette.gov.la/kcfinder/upload/files/341.ນຍ  25.10.2022.pdf,2026-09-21T02:18:39Z,pdf_scanned,true,raw/la/la_1956/20260921T0218Z__scanned.pdf,ດຳລັດ ວ່າດ້ວຍການສ້າງຕັ້ງ ປ່າປ້ອງກັນແຫ່ງຊາດ ແຫຼ່ງນໍ້າຄຽນ-ນໍ້າໂມ້,,,,requests,200,raw/la/la_1956/20260921T0218Z__scanned.pdf.headers.json,application/pdf,18223bd775198a1cbf2272249553c7f747c62366e1a0ca5716bc3afba02da5c8,592525,2,,,,corpus LA_corpus_2026-09-21: from LA_ws_2026-09-21; flags no_text_layer,2022-11-16,,,in_force
0.2.0,,la-la1957-001,LA,https://laoofficialgazette.gov.la/kcfinder/upload/files/342.ນຍ. 25.10.2022.pdf,2026-09-21T02:18:28Z,pdf_scanned,true,raw/la/la_1957/20260921T0218Z__scanned.pdf,ດຳລັດ ວ່າດ້ວຍ ການສ້າງຕັ້ງປ່າປ້ອງກັນແຫ່ງຊາດ ແຫຼ່ງນໍ້າມັດ,,,,requests,200,raw/la/la_1957/20260921T0218Z__scanned.pdf.headers.json,application/pdf,7e15e7f6f55a441ec6d45147ff151cf1e9379fb3923d95c21b22a33bb54c0a36,586553,2,,,,corpus LA_corpus_2026-09-21: from LA_ws_2026-09-21; flags no_text_layer,2022-11-16,,,in_force
0.2.0,,la-la1958-001,LA,https://laoofficialgazette.gov.la/kcfinder/upload/files/343.ນຍ 25.10.2022.pdf,2026-09-21T02:18:20Z,pdf_scanned,true,raw/la/la_1958/20260921T0218Z__scanned.pdf,ດຳລັດ ວ່າດ້ວຍ ການສ້າງຕັ້ງປ່າປ້ອງກັນແຫ່ງຊາດ ພູຫຼວງ-ພູເຂົານົກ,,,,requests,200,raw/la/la_1958/20260921T0218Z__scanned.pdf.headers.json,application/pdf,249db0bda00d2034e5accaca4e962efb2ad24edb278fff6e950170e4a8929a32,587706,2,,,,corpus LA_corpus_2026-09-21: from LA_ws_2026-09-21; flags no_text_layer,2022-11-16,,,in_force
0.2.0,,la-la1959-001,LA,https://laoofficialgazette.gov.la/kcfinder/upload/files/344.ນຍ 25.10.2022.pdf,2026-09-21T02:18:15Z,pdf_scanned,true,raw/la/la_1959/20260921T0218Z__scanned.pdf,ດຳລັດ ວ່າດ້ວຍ ການສ້າງຕັ້ງ ປ່າປ້ອງກັນແຫ່ງຊາດ ຍອດນໍ້າງຽບ,,,,requests,200,raw/la/la_1959/20260921T0218Z__scanned.pdf.headers.json,application/pdf,0d7a63036a986141074018594635eec5a3e684e1318e8e798e73be60f922d64d,587461,2,,,,corpus LA_corpus_2026-09-21: from LA_ws_2026-09-21; flags no_text_layer,2022-11-16,,,in_force
0.2.0,,la-la1960-001,LA,https://laoofficialgazette.gov.la/kcfinder/upload/files/345.ນຍ 25.10.2022.pdf,2026-09-21T02:18:06Z,pdf_scanned,true,raw/la/la_1960/20260921T0218Z__scanned.pdf,ດຳລັດ ວ່າດ້ວຍ ການສ້າງຕັ້ງປ່າປ້ອງກັນແຫ່ງຊາດ ຍອດນໍ້າງື່ມ,,,,requests,200,raw/la/la_1960/20260921T0218Z__scanned.pdf.headers.json,application/pdf,9925d2b8e447e7277614bffdd3974fe7624ac6d7a110d83f0f095ef8f5e08c67,581321,2,,,,corpus LA_corpus_2026-09-21: from LA_ws_2026-09-21; flags no_text_layer,2022-11-16,,,in_force
0.2.0,,la-la1961-001,LA,https://laoofficialgazette.gov.la/kcfinder/upload/files/04 ພນ 1.11.2022.pdf,2026-09-21T05:08:16Z,pdf_scanned,true,raw/la/la_1961/20260921T0508Z__scanned.pdf,"ຄຳແນະນຳ ກ່ຽວກັບການຈັດຕັ້ງປະຕິບັດ ດຳລັດວ່າດ້ວຍການກຳນົດຕຳແໜ່ງງານ ສະບັບເລກທີ 734/ລບ,ລົງວັນທີ 31 ທັນວາ 2021",,,,requests,200,raw/la/la_1961/20260921T0508Z__scanned.pdf.headers.json,application/pdf,b9cf2e202532a432e5f027dc2b319f52e2eed78c6070cbe61fd8edf4f4732ecf,2491265,23,,,,corpus LA_corpus_2026-09-21: from LA_ws_2026-09-21; flags no_text_layer,2022-11-21,,,in_force
0.2.0,,la-la1962-001,LA,https://laoofficialgazette.gov.la/kcfinder/upload/files/986.ຖວທ 14.12.2021.pdf,2026-09-21T03:57:45Z,pdf_scanned,true,raw/la/la_1962/20260921T0357Z__scanned.pdf,ຂໍ້ຕົກລົງ ວ່າດ້ວຍ ຮ້ານອາຫານ,,,,requests,200,raw/la/la_1962/20260921T0357Z__scanned.pdf.headers.json,application/pdf,6ec86542835d476b99f9eebbbe255716d051f8415d471a762e5aac30c1f8cc8b,1315478,20,,,,corpus LA_corpus_2026-09-21: from LA_ws_2026-09-21; flags no_text_layer,2022-11-21,,,in_force
0.2.0,,la-la1963-001,LA,https://laoofficialgazette.gov.la/kcfinder/upload/files/21 ສພຊ 7.7.2022.pdf,2026-09-21T01:24:48Z,pdf_scanned,true,raw/la/la_1963/20260921T0124Z__scanned.pdf,ກົດໝາຍ ວ່າດ້ວຍ ການປັບປຸງບາງມາດຕາຂອງກົດໝາຍວ່າດ້ວຍ ນໍ້າ ແລະ ຊັບພະຍາກອນນໍ້າ,,,,requests,200,raw/la/la_1963/20260921T0124Z__scanned.pdf.headers.json,application/pdf,d19a1ec87458085595ee7decdfd2690967d11cad6adf8b5f77968aeed752bedf,1262572,5,,,,corpus LA_corpus_2026-09-21: from LA_ws_2026-09-21; flags no_text_layer,2022-11-21,,,in_force
0.2.0,,la-la1964-001,LA,https://laoofficialgazette.gov.la/kcfinder/upload/files/348.ລບ 11.11.2022.pdf,2026-09-21T02:35:51Z,pdf_scanned,true,raw/la/la_1964/20260921T0235Z__scanned.pdf,"ດຳລັດ ວ່າດ້ວຍການຄຸ້ມຄອງການຄ້າຂາຍ ສັດນໍ້າ, ສັດປ່າ ແລະ ພືດປ່າ ທີ່ໃກ້ຈະສູນພັນ ລະຫວ່າງຊາດ",,,,requests,200,raw/la/la_1964/20260921T0235Z__scanned.pdf.headers.json,application/pdf,955845a061030d1da9681fa48c7c101e8b5c8f158cdc7adc2a3d59831c9b13a3,917579,11,,,,corpus LA_corpus_2026-09-21: from LA_ws_2026-09-21; flags no_text_layer,2022-11-28,,,repealed
0.2.0,,la-la1965-001,LA,https://laoofficialgazette.gov.la/kcfinder/upload/files/346.ລບ. 1.11.2022.pdf,2026-09-21T02:17:58Z,pdf_scanned,true,raw/la/la_1965/20260921T0217Z__scanned.pdf,ດຳລັດ ວ່າດ້ວຍ ນະໂຍບາຍລາຄານໍ້າປະປາ,,,,requests,200,raw/la/la_1965/20260921T0217Z__scanned.pdf.headers.json,application/pdf,b43a34511080004acbf43e42a4a0136e353817ada9e309bddfbb6108b98450e0,959871,11,,,,corpus LA_corpus_2026-09-21: from LA_ws_2026-09-21; flags no_text_layer,2022-11-28,,,in_force
0.2.0,,la-la1966-001,LA,https://laoofficialgazette.gov.la/kcfinder/upload/files/1073. ສສກ 3.10.2022.pdf,2026-09-21T02:45:30Z,pdf_scanned,true,raw/la/la_1966/20260921T0245Z__scanned.pdf,ຄຳສັ່ງ ວ່າດ້ວຍ ການສະກັດກັ້ນ ແລະ ແກ້ໄຂປະກົດການຫຍໍ້ທໍ້ ໃນຂະແໜງການສຶກສາທິການ ແລະ ກິລາ,,,,requests,200,raw/la/la_1966/20260921T0245Z__scanned.pdf.headers.json,application/pdf,4bc7441da8d2d55b184d44aa6dd6044af217b4ade902fe2c2883c4ad505b407d,852986,6,,,,corpus LA_corpus_2026-09-21: from LA_ws_2026-09-21; flags no_text_layer,2022-12-05,,,in_force
0.2.0,,la-la1967-001,LA,https://laoofficialgazette.gov.la/kcfinder/upload/files/15ສພຊ2022.pdf,2026-09-21T00:31:12Z,pdf_scanned,true,raw/la/la_1967/20260921T0031Z__scanned.pdf,ກົດໝາຍ ວ່າດ້ວຍການຄຸ້ມຄອງເງິນຕາຕ່າງປະເທດ ( ສະບັບປັບປຸງ ),,,,requests,200,raw/la/la_1967/20260921T0031Z__scanned.pdf.headers.json,application/pdf,d1d5d1cc1f0fcd2364ce069fc81f2bc122605acc208f792f3c3bb8036fb08988,1849643,23,,,,corpus LA_corpus_2026-09-21: from LA_ws_2026-09-21; flags no_text_layer,2022-11-30,,,in_force
0.2.0,,la-la1968-001,LA,https://laoofficialgazette.gov.la/kcfinder/upload/files/22 ສພຊ. 7.7.2022.pdf,2026-09-21T01:24:41Z,pdf_scanned,true,raw/la/la_1968/20260921T0124Z__scanned.pdf,ກົດໝາຍ ວ່າດ້ວຍການປັບປຸງບາງມາດຕາຂອງກົດໝາຍວ່າດ້ວຍ ສານປະຊາຊົນ,,,,requests,200,raw/la/la_1968/20260921T0124Z__scanned.pdf.headers.json,application/pdf,79f0e037c59b99b0827b7d92da5342e3e80eeb656ba4cea589a040f3ed09e7cb,1226803,7,,,,corpus LA_corpus_2026-09-21: from LA_ws_2026-09-21; flags no_text_layer,2022-12-01,,,in_force
0.2.0,,la-la1969-001,LA,https://laoofficialgazette.gov.la/kcfinder/upload/files/18 ສພຊ 7.7.2022.pdf,2026-09-21T01:24:35Z,pdf_scanned,true,raw/la/la_1969/20260921T0124Z__scanned.pdf,ກົດໝາຍ ວ່າດ້ວຍຊັບສິນຂອງລັດ ( ສະບັບປັບປຸງ ),,,,requests,200,raw/la/la_1969/20260921T0124Z__scanned.pdf.headers.json,application/pdf,b44ce4f9420fcc0f41ca3faf2ab391385e84644587c3deaf736735dc0f1151c9,1662529,22,,,,corpus LA_corpus_2026-09-21: from LA_ws_2026-09-21; flags no_text_layer,2022-12-06,,,in_force
0.2.0,,la-la1970-001,LA,https://laoofficialgazette.gov.la/kcfinder/upload/files/14.ສພຊ 7.7.2022.pdf,2026-09-21T01:24:27Z,pdf_scanned,true,raw/la/la_1970/20260921T0124Z__scanned.pdf,ກົດໝາຍ ວ່າດ້ວຍການຄຸ້ມຄອງ ອາວຸດ ແລະ ວັດຖຸລະເບີດ,,,,requests,200,raw/la/la_1970/20260921T0124Z__scanned.pdf.headers.json,application/pdf,73990e2030f1ac9c9fbcfc8397cbef976f1eaaab61801f0b923b16591b269617,1623336,21,,,,corpus LA_corpus_2026-09-21: from LA_ws_2026-09-21; flags no_text_layer,2022-12-15,,,in_force
0.2.0,,la-la1971-001,LA,https://laoofficialgazette.gov.la/kcfinder/upload/files/law 19 ສພຊ.pdf,2026-09-21T01:24:19Z,pdf_scanned,true,raw/la/la_1971/20260921T0124Z__scanned.pdf,ກົດໝາຍ ວ່າດ້ວຍວິຈິດສິນ,,,,requests,200,raw/la/la_1971/20260921T0124Z__scanned.pdf.headers.json,application/pdf,3144527e08b65349515942f4b1e1f7afeaa394500c6a7ca6ca0c0991bad9cbd3,1488676,26,,,,corpus LA_corpus_2026-09-21: from LA_ws_2026-09-21; flags no_text_layer,2022-12-23,,,in_force
0.2.0,,la-la1972-001,LA,https://laoofficialgazette.gov.la/kcfinder/upload/files/16ສພຊ7-7-2022.pdf,2026-09-21T01:24:11Z,pdf_scanned,true,raw/la/la_1972/20260921T0124Z__scanned.pdf,"ກົດໝາຍ ວ່າດ້ວຍການສົ່ງເສີມຈຸນລະວິສາຫະກິດ, ວິສາຫະກິດຂະໜາດນ້ອຍ ແລະ ກາງ (ສະບັບປັບປຸງ)",,,,requests,200,raw/la/la_1972/20260921T0124Z__scanned.pdf.headers.json,application/pdf,663fd92888b3797206ecf0c8e4be229d7c46a503212993b55519bd3516a59be0,1799272,25,,,,corpus LA_corpus_2026-09-21: from LA_ws_2026-09-21; flags no_text_layer,2022-12-28,,,in_force
0.2.0,,la-la1973-001,LA,https://laoofficialgazette.gov.la/kcfinder/upload/files/17ສພຊ 7-7-2022.pdf,2026-09-21T01:24:05Z,pdf_scanned,true,raw/la/la_1973/20260921T0124Z__scanned.pdf,ກົດໝາຍ ວ່າດ້ວຍການແກ້ໄຂຄຳຮ້ອງທຸກ (ສະບັບປັບປຸງ),,,,requests,200,raw/la/la_1973/20260921T0124Z__scanned.pdf.headers.json,application/pdf,3a95a29730168748e35f667d4cf6c02538360b101c68de859bcc1621999fd69c,1770976,18,,,,corpus LA_corpus_2026-09-21: from LA_ws_2026-09-21; flags no_text_layer,2022-12-29,,,in_force
0.2.0,,la-la1975-001,LA,https://laoofficialgazette.gov.la/kcfinder/upload/files/6118ກຊສ.pdf,2026-09-21T03:57:29Z,pdf_scanned,true,raw/la/la_1975/20260921T0357Z__scanned.pdf,ຂໍ້ຕົກລົງ ວ່າດ້ວຍການນຳໃຊ້ນໍ້າ,,,,requests,200,raw/la/la_1975/20260921T0357Z__scanned.pdf.headers.json,application/pdf,4064ddae50894920260dacd417c8a7612497bfae70b9c281f3d797d6d7e8b56a,1538604,34,,,,corpus LA_corpus_2026-09-21: from LA_ws_2026-09-21; flags no_text_layer,2023-01-03,,,in_force
0.2.0,,la-la1978-001,LA,https://laoofficialgazette.gov.la/kcfinder/upload/files/136ຈຂສວ2022.pdf,2026-09-21T03:56:19Z,pdf_scanned,true,raw/la/la_1978/20260921T0356Z__scanned.pdf,"ຂໍ້ຕົກລົງ ວ່າດ້ວຍການຕ້ານ, ສະກັດກັ້ນ ແລະ ແກ້ໄຂຢາເສບຕິດຢູ່ແຂວງ ສາລະວັນ",,,,requests,200,raw/la/la_1978/20260921T0356Z__scanned.pdf.headers.json,application/pdf,1001b347a55318fc585d9432c1b0ec3d6c0f5944cad1d2c3bcd3c81688720f5a,892998,14,,,,corpus LA_corpus_2026-09-21: from LA_ws_2026-09-21; flags no_text_layer,2023-01-05,,,in_force
0.2.0,,la-la1979-001,LA,https://laoofficialgazette.gov.la/kcfinder/upload/files/325ຈຂສວ2022.pdf,2026-09-21T03:56:30Z,pdf_scanned,true,raw/la/la_1979/20260921T0356Z__scanned.pdf,ຂໍ້ຕົກລົງ ວ່າດ້ວຍການສົ່ງເສີມ ແລະ ຄຸ້ມຄອງການລົງທຶນ ໃນກິດຈະການສຳປະທານຢູ່ແຂວງ ສາລະວັນ,,,,requests,200,raw/la/la_1979/20260921T0356Z__scanned.pdf.headers.json,application/pdf,44321505c180b01596dedeeee1ba28f7ccc48de09cbf99bd02d5eb8ab5f9a2b6,1097636,13,,,,corpus LA_corpus_2026-09-21: from LA_ws_2026-09-21; flags no_text_layer,2023-01-05,,,in_force
0.2.0,,la-la1980-001,LA,https://laoofficialgazette.gov.la/kcfinder/upload/files/323ຈຂສວ2022.pdf,2026-09-21T03:56:35Z,pdf_scanned,true,raw/la/la_1980/20260921T0356Z__scanned.pdf,"ຂໍ້ຕົກລົງ ວ່າດ້ວຍການສ້າງຕັ້ງກອງທຶນເພື່ອນຳໃຊ້ເຂົ້າໃນວຽກງານ ຄວບຄຸມ, ສະກັດກັ້ນ ແລະ ຕ້ານຢາເສບຕິດ",,,,requests,200,raw/la/la_1980/20260921T0356Z__scanned.pdf.headers.json,application/pdf,2ec39b37d2f027ee2b2113083bf335a63f6bc3d96a3980bc23deaa527ce5e02f,665433,6,,,,corpus LA_corpus_2026-09-21: from LA_ws_2026-09-21; flags no_text_layer,2023-01-05,,,in_force
0.2.0,,la-la1981-001,LA,https://laoofficialgazette.gov.la/kcfinder/upload/files/137ຈຂສວ2022.pdf,2026-09-21T03:56:46Z,pdf_scanned,true,raw/la/la_1981/20260921T0356Z__scanned.pdf,ຂໍ້ຕົກລົງ ວ່າດ້ວຍການຄຸ້ມຄອງກຸ່ມນຳໃຊ້ນໍ້າຊົນລະປະທານ ຢູ່ແຂວງ ສາລະວັນ,,,,requests,200,raw/la/la_1981/20260921T0356Z__scanned.pdf.headers.json,application/pdf,69f025318427fda72b82c58e100dba2dc8e346ec556ed1c1186068bd2641de2d,947361,13,,,,corpus LA_corpus_2026-09-21: from LA_ws_2026-09-21; flags no_text_layer,2023-01-05,,,in_force
0.2.0,,la-la1982-001,LA,https://laoofficialgazette.gov.la/kcfinder/upload/files/786 ຈຂ 8.11.2022.pdf,2026-09-21T00:54:08Z,pdf_scanned,true,raw/la/la_1982/20260921T0054Z__scanned.pdf,ຂໍ້ຕົກລົງ ວ່າດ້ວຍການຄຸ້ມຄອງແຮງງານພາຍໃນ ແລະ ແຮງງານຕ່າງປະເທດຢູ່ແຂວງ ສາລະວັນ( ສະບັບປັບປຸງ ),,,,requests,200,raw/la/la_1982/20260921T0054Z__scanned.pdf.headers.json,application/pdf,62c985db1f9bc092bb3270e2d85e2a15b942d4b4755b1ecec50b50d447f6cb04,834322,13,,,,corpus LA_corpus_2026-09-21: from LA_ws_2026-09-21; flags no_text_layer,2023-01-05,,,in_force
0.2.0,,la-la1983-001,LA,https://laoofficialgazette.gov.la/kcfinder/upload/files/788ຈຂ 8.11.2022.pdf,2026-09-21T03:56:58Z,pdf_scanned,true,raw/la/la_1983/20260921T0356Z__scanned.pdf,ຂໍ້ຕົກລົງ ວ່າດ້ວຍການຄຸ້ມຄອງ ແລະ ພັດທະນາ 15 ບ້ານຕົວເມືອງ ສາລະວັນ,,,,requests,200,raw/la/la_1983/20260921T0356Z__scanned.pdf.headers.json,application/pdf,98e608ccb94a7557efcd78ad74ba0c72d04bad7b203505300f8ebe91a6e4de32,780629,11,,,,corpus LA_corpus_2026-09-21: from LA_ws_2026-09-21; flags no_text_layer,2023-01-05,,,in_force
0.2.0,,la-la1984-001,LA,https://laoofficialgazette.gov.la/kcfinder/upload/files/787ຈຂ 8.11.2022.pdf,2026-09-21T03:57:13Z,pdf_scanned,true,raw/la/la_1984/20260921T0357Z__scanned.pdf,"ຂໍ້ຕົກລົງ ວ່າດ້ວຍການຄຸ້ມຄອງ, ປົກປັກຮັກສາ ແລະ ຟື້ນຟູປ່າໄມ້ຢູ່ແຂວງ ສາລະວັນ",,,,requests,200,raw/la/la_1984/20260921T0357Z__scanned.pdf.headers.json,application/pdf,d4ea6283ad7507558b33868f4079dde58e5daff0aacaeb5d0064f5901c3fff89,941592,19,,,,corpus LA_corpus_2026-09-21: from LA_ws_2026-09-21; flags no_text_layer,2023-01-05,,,in_force
0.2.0,,la-la1985-001,LA,https://laoofficialgazette.gov.la/kcfinder/upload/files/03ຈຂ 1.4.2022.pdf,2026-09-21T02:45:13Z,pdf_scanned,true,raw/la/la_1985/20260921T0245Z__scanned.pdf,"ຄຳສັ່ງ ເພີ້ມທະວີການຕິດຕາມ, ກວດກາການລັກລອບຕັດໄມ້, ຊື້ - ຂາຍໄມ້, ເຄື່ອນຍ້າຍໄມ້ ແລະ ຄຸ້ມຄອງ - ດັດສົມໂຮງງານປຸງແຕ່ງໄມ້, ປົກປັກຮັກສາປ່າໄມ້ ໃນຂອບເຂດທົ່ວແຂວງ ສາລະວັນ",,,,requests,200,raw/la/la_1985/20260921T0245Z__scanned.pdf.headers.json,application/pdf,0e118b083fd48703da6236e6fc355ad445b1d5c95d6eab92b62995c9e0bbd9c3,520550,3,,,,corpus LA_corpus_2026-09-21: from LA_ws_2026-09-21; flags no_text_layer,2023-01-05,,,in_force
0.2.0,,la-la1986-001,LA,https://laoofficialgazette.gov.la/kcfinder/upload/files/05 ຈຂ 11.7.2022.pdf,2026-09-21T02:45:22Z,pdf_scanned,true,raw/la/la_1986/20260921T0245Z__scanned.pdf,"ຄຳສັ່ງ ການເພີ້ມທະວີວຽກງານປ້ອງກັນ, ຕ້ານ, ສະກັດກັ້ນ ແລະ ຄວບຄຸມ - ແກ້ໄຂ ການລະບາດຂອງພະຍາດໄຂ້ ທີ່ມີຍຸງເປັນພາຫະນຳເຊື້ອ ຢູ່ແຂວງ ສາລະວັນ",,,,requests,200,raw/la/la_1986/20260921T0245Z__scanned.pdf.headers.json,application/pdf,f0f760998cbd2cc07091f35922c6331b6b440c339a0573458fbcadfad39dc662,565688,2,,,,corpus LA_corpus_2026-09-21: from LA_ws_2026-09-21; flags no_text_layer,2023-01-05,,,in_force
0.2.0,,la-la1987-001,LA,https://laoofficialgazette.gov.la/kcfinder/upload/files/372ນຍ2022.pdf,2026-09-21T02:17:51Z,pdf_scanned,true,raw/la/la_1987/20260921T0217Z__scanned.pdf,ດຳລັດ ວ່າດ້ວຍການຈັດຕັ້ງປະຕິບັດແຜນຜັງລວມຕົວເມືອງ ນະຄອນຫຼວງວຽງຈັນ 2023,,,,requests,200,raw/la/la_1987/20260921T0217Z__scanned.pdf.headers.json,application/pdf,94f1d13353c019570b70ca7888e44fd7fb60ed75fa7106c7a660850903e2e240,724179,2,,,,corpus LA_corpus_2026-09-21: from LA_ws_2026-09-21; flags no_text_layer,2023-01-17,,,in_force
0.2.0,,la-la1988-001,LA,https://laoofficialgazette.gov.la/kcfinder/upload/files/661ຍທຂ2023.pdf,2026-09-21T00:54:00Z,pdf_scanned,true,raw/la/la_1988/20260921T0054Z__scanned.pdf,"ຂໍ້ຕົກລົງ ວ່າດ້ວຍການຂຶ້ຍທະບຽນ ລົດໄຟ, ຫົວຈັກ, ຕູ້ ແລະ ຫາງລາກ ລົດໄຟ",,,,requests,200,raw/la/la_1988/20260921T0054Z__scanned.pdf.headers.json,application/pdf,75501075aea53be1682996d38e5a51c5d9ba6214beb5ba330476739b0eaabde6,794405,10,,,,corpus LA_corpus_2026-09-21: from LA_ws_2026-09-21; flags no_text_layer,2023-01-17,,,in_force
0.2.0,,la-la1990-001,LA,https://laoofficialgazette.gov.la/kcfinder/upload/files/295ລບ2022.pdf,2026-09-21T02:17:44Z,pdf_scanned,true,raw/la/la_1990/20260921T0217Z__scanned.pdf,ດຳລັດ ວ່າດ້ວຍກອງທຶນກິລາ-ກາຍຍະກຳ,,,,requests,200,raw/la/la_1990/20260921T0217Z__scanned.pdf.headers.json,application/pdf,6232dd023b5a706d52fa35276659e6bbb05f8d209d610289aa45978893803f19,687356,5,,,,corpus LA_corpus_2026-09-21: from LA_ws_2026-09-21; flags no_text_layer,2023-01-30,,,in_force
0.2.0,,la-la1991-001,LA,https://laoofficialgazette.gov.la/kcfinder/upload/files/0200ກງ2023.pdf,2026-09-21T03:56:06Z,pdf_scanned,true,raw/la/la_1991/20260921T0356Z__scanned.pdf,"ຂໍ້ຕົກລົງ ວ່າດ້ວຍກຳນົດໝາຍການໃຊ້ຈ່າຍງົບປະມານຂອງລັດ, ການປະຢັດ ແລະ ຕ້ານການຟູມເຟືອຍ",,,,requests,200,raw/la/la_1991/20260921T0356Z__scanned.pdf.headers.json,application/pdf,3c2d3bbb34a5256e52895e7d05942b11594d575b51a19f17a9567d262c5c4c57,1690748,35,,,,corpus LA_corpus_2026-09-21: from LA_ws_2026-09-21; flags no_text_layer,2023-02-01,,,in_force
0.2.0,,la-la1992-001,LA,https://laoofficialgazette.gov.la/kcfinder/upload/files/1234ອຊ2022.pdf,2026-09-21T03:55:41Z,pdf_scanned,true,raw/la/la_1992/20260921T0355Z__scanned.pdf,ຂໍ້ຕົກລົງ ວ່າດ້ວຍການຄຸ້ມຄອງການຈັດງານປະເພນີຕ່າງໆ ຢູ່ແຂວງອຸດົມໄຊ,,,,requests,200,raw/la/la_1992/20260921T0355Z__scanned.pdf.headers.json,application/pdf,babbde095de3bd21ed716ebcc68245a6900fe6f187c80b202018e68b57ef0609,1078559,13,,,,corpus LA_corpus_2026-09-21: from LA_ws_2026-09-21; flags no_text_layer,2023-02-02,,,in_force
0.2.0,,la-la1993-001,LA,https://laoofficialgazette.gov.la/kcfinder/upload/files/999ອຊ2022.pdf,2026-09-21T02:45:08Z,pdf_scanned,true,raw/la/la_1993/20260921T0245Z__scanned.pdf,"ຄຳສັ່ງ ວ່າດ້ວຍການເພີ່ມທະວີຈັດຕັ້ງປະຕິບັດ ຄຸ້ມຄອງພະນັກງານ, ລັດຖະກອນ ແລະ ກຳລັງປະກອບອາວຸດ ຢູ່ແຂວງອຸດົມໄຊ",,,,requests,200,raw/la/la_1993/20260921T0245Z__scanned.pdf.headers.json,application/pdf,097333796dd46cd886a8ab6dc8c13cec2283b5ff0aaabcd1420eca7b23fc75a4,710892,4,,,,corpus LA_corpus_2026-09-21: from LA_ws_2026-09-21; flags no_text_layer,2023-02-02,,,in_force
0.2.0,,la-la1994-001,LA,https://laoofficialgazette.gov.la/kcfinder/upload/files/1044ກປ2023.pdf,2026-09-21T04:55:27Z,pdf_scanned,true,raw/la/la_1994/20260921T0455Z__scanned.pdf,ຂໍ້ຕົກລົງ ວ່າດ້ວຍການຄຸ້ມຄອງໂຮງງານອຸດສາຫະກຳປຸງແຕ່ງໄມ້,,,,playwright,200,raw/la/la_1994/20260921T0455Z__scanned.pdf.headers.json,application/pdf,0df519f2483447d139ac36002709ca3d3222a2d7e7e4f948a0b50d9064a58dea,1352979,24,,,,corpus LA_corpus_2026-09-21: from LA_ws_2026-09-21; flags no_text_layer,2023-02-02,,,repealed
0.2.0,,la-la1996-001,LA,https://laoofficialgazette.gov.la/kcfinder/upload/files/1045 ກປ 2023.pdf,2026-09-21T04:55:20Z,pdf_scanned,true,raw/la/la_1996/20260921T0455Z__scanned.pdf,ຂໍ້ຕົກລົງ ວ່າດ້ວຍການຄຸ້ມຄອງ ແລະ ຕິດຕາມ ໄມ້ ສົ້ນເຂົ້າ ແລະ ສົ້ນອອກ,,,,requests,200,raw/la/la_1996/20260921T0455Z__scanned.pdf.headers.json,application/pdf,89d84c5ea4a641711768aacbf277815bc22e9eecd65c3b452c86cbc6526da89d,2115878,10,,,,corpus LA_corpus_2026-09-21: from LA_ws_2026-09-21; flags no_text_layer,2023-02-07,,,repealed
0.2.0,,la-la1997-001,LA,https://laoofficialgazette.gov.la/kcfinder/upload/files/2525ຍທຂ2023.pdf,2026-09-21T01:10:00Z,pdf_scanned,true,raw/la/la_1997/20260921T0110Z__scanned.pdf,"ຄຳແນະນຳ ກ່ຽວກັບການຄຸ້ມຄອງການຂົນສົ່ງສິນຄ້າ, ຕູ້ສິນຄ້າ ແລະ ເອກະສານຂົນສົ່ງສິນຄ້າ ດ້ວຍລະບົບຄຸ້ມຄອງການຂົນສົ່ງຂ້າມແດນ ເອເລັກໂຕຣນິກ",,,,requests,200,raw/la/la_1997/20260921T0110Z__scanned.pdf.headers.json,application/pdf,b06e82b5ec1ca13b4a9e9040b0326b54106856c9fa6a6fec07ba6f89627fef0e,1927862,8,,,,corpus LA_corpus_2026-09-21: from LA_ws_2026-09-21; flags no_text_layer,2023-02-07,,,in_force
0.2.0,,la-la1998-001,LA,https://laoofficialgazette.gov.la/kcfinder/upload/files/04ລບ12.1.2023.pdf,2026-09-21T02:17:40Z,pdf_scanned,true,raw/la/la_1998/20260921T0217Z__scanned.pdf,"ດຳລັດ ວ່າດ້ວຍການກຳນົດຂະໜາດ ຈຸນລະວິສາຫະກິດ, ວິສາຫະກິດຂະໜາດນ້ອຍ ແລະ ກາງ",,,,requests,200,raw/la/la_1998/20260921T0217Z__scanned.pdf.headers.json,application/pdf,44a38b276e24806978f034e0bcb8ee1f1101b771397b016af3845fda3f63efb8,517413,3,,,,corpus LA_corpus_2026-09-21: from LA_ws_2026-09-21; flags no_text_layer,2023-02-09,,,in_force
0.2.0,,la-la1999-001,LA,https://laoofficialgazette.gov.la/kcfinder/upload/files/05ລບ12.1.2023.pdf,2026-09-21T02:17:29Z,pdf_scanned,true,raw/la/la_1999/20260921T0217Z__scanned.pdf,"ດຳລັດ ວ່າດ້ວຍກອງທຶນສົ່ງເສີມ ຈຸນລະວິສາຫະກິດ, ວິສາຫະກິດຂະໜາດນ້ອຍ ແລະ ກາງ",,,,requests,200,raw/la/la_1999/20260921T0217Z__scanned.pdf.headers.json,application/pdf,8a0396cbd1ac5cad13deead2deeb5e901424ae7b77cadcec2d9aac3284aa4cec,1068071,15,,,,corpus LA_corpus_2026-09-21: from LA_ws_2026-09-21; flags no_text_layer,2023-02-09,,,in_force
0.2.0,,la-la2000-001,LA,https://laoofficialgazette.gov.la/kcfinder/upload/files/83ລບ26.1.2023.pdf,2026-09-21T02:17:20Z,pdf_scanned,true,raw/la/la_2000/20260921T0217Z__scanned.pdf,ດຳລັດ ວ່າດ້ວຍທຶນການສຶກສາຕ່າງປະເທດ ແລະ ຜູ້ຮຽນ,,,,requests,200,raw/la/la_2000/20260921T0217Z__scanned.pdf.headers.json,application/pdf,82a7a0d230879973f807bcc5132a5ff201eea0e7ada1ae8ca092b250d113e2f0,804565,13,,,,corpus LA_corpus_2026-09-21: from LA_ws_2026-09-21; flags no_text_layer,2023-02-13,,,in_force
0.2.0,,la-la2001-001,LA,https://laoofficialgazette.gov.la/kcfinder/upload/files/7448ສສກ8.12.2022.pdf,2026-09-21T03:54:31Z,pdf_scanned,true,raw/la/la_2001/20260921T0354Z__scanned.pdf,ຂໍ້ຕົກລົງ ວ່າດ້ວຍການຄຸ້ມຄອງຊັບສິນ ຂອງຂະແໜງການສຶກສາທິການ ແລະ ກິລາ,,,,requests,200,raw/la/la_2001/20260921T0354Z__scanned.pdf.headers.json,application/pdf,fea3d3940c92b73f69b96d441dca2379464ee9020ea74e6eff51454c2762c59c,799022,10,,,,corpus LA_corpus_2026-09-21: from LA_ws_2026-09-21; flags no_text_layer,2023-02-13,,,in_force
0.2.0,,la-la2002-001,LA,https://laoofficialgazette.gov.la/kcfinder/upload/files/233ສສກ23.1.2023.pdf,2026-09-21T03:54:38Z,pdf_scanned,true,raw/la/la_2002/20260921T0354Z__scanned.pdf,"ຂໍ້ຕົກລົງ ວ່າດ້ວຍການຄຸ້ມຄອງອອກແບບ, ກໍ່ສ້າງ ແລະ ສ້ອມແປງ ໃນຂະແໜງການສຶກສາທິການ ແລະ ກິລາ",,,,requests,200,raw/la/la_2002/20260921T0354Z__scanned.pdf.headers.json,application/pdf,be38187256dcd96014610de8fc657321ccb832c131451e0c0aba5517afb3cd83,723599,13,,,,corpus LA_corpus_2026-09-21: from LA_ws_2026-09-21; flags no_text_layer,2023-02-13,,,in_force
0.2.0,,la-la2003-001,LA,https://laoofficialgazette.gov.la/kcfinder/upload/files/282ສສກ31.1.2023.pdf,2026-09-21T03:54:59Z,pdf_scanned,true,raw/la/la_2003/20260921T0354Z__scanned.pdf,ຂໍ້ຕົກລົງ ວ່າດ້ວຍການຈັດຊື້ - ຈັດຈ້າງ ຂອງຂະແໜງການສຶກສາທິການ ແລະ ກິລາ,,,,requests,200,raw/la/la_2003/20260921T0354Z__scanned.pdf.headers.json,application/pdf,129d3ef4e8ac78efe6d410b784f5f5b799e9984eb2ee941c0de217fd20e0e7f1,1264391,17,,,,corpus LA_corpus_2026-09-21: from LA_ws_2026-09-21; flags no_text_layer,2023-02-13,,,in_force
0.2.0,,la-la2004-001,LA,https://laoofficialgazette.gov.la/kcfinder/upload/files/0166ອຄ9.2.2023.pdf,2026-09-21T03:55:15Z,pdf_scanned,true,raw/la/la_2004/20260921T0355Z__scanned.pdf,ຂໍ້ຕົກລົງ ວ່າດ້ວຍໂຮງງານ,,,,requests,200,raw/la/la_2004/20260921T0355Z__scanned.pdf.headers.json,application/pdf,089911ec59f03983f620f332daba330e84030dd3b2182c487869977a099bb0dd,1608315,26,,,,corpus LA_corpus_2026-09-21: from LA_ws_2026-09-21; flags no_text_layer,2023-02-13,,,in_force
0.2.0,,la-la2005-001,LA,https://laoofficialgazette.gov.la/kcfinder/upload/files/0167ອຄ9.2.2023.pdf,2026-09-21T03:55:20Z,pdf_scanned,true,raw/la/la_2005/20260921T0355Z__scanned.pdf,ຂໍ້ຕົກລົງ ວ່າດ້ວຍການຮັບຮອງເອົາບັນຊີກິດຈະການ ໂຮງງານອຸດສາຫະກຳປຸງແຕ່ງ ແລະ ຫັດຖະກຳ ທີ່ຕ້ອງຂໍອະນຸຍາດສ້າງຕັ້ງໂຮງງານ,,,,requests,200,raw/la/la_2005/20260921T0355Z__scanned.pdf.headers.json,application/pdf,3ed84118f634139d0c0edd2fee38fd32f57186a3067f5aa113a47fd32c529313,757625,2,,,,corpus LA_corpus_2026-09-21: from LA_ws_2026-09-21; flags no_text_layer,2023-02-13,,,in_force
0.2.0,,la-la2006-001,LA,https://laoofficialgazette.gov.la/kcfinder/upload/files/0168ອຄ9.2.2023.pdf,2026-09-21T03:55:31Z,pdf_scanned,true,raw/la/la_2006/20260921T0355Z__scanned.pdf,"ຂໍ້ຕົກລົງ ວ່າດ້ວຍມາດຕະຖານສຽງດັງ, ແສງສະຫວ່າງ ແລະ ອຸນຫະພູມ ສຳລັບໂຮງງານອຸດສາຫະກຳປຸງແຕ່ງ ແລະ ຫັດຖະກຳ",,,,requests,200,raw/la/la_2006/20260921T0355Z__scanned.pdf.headers.json,application/pdf,73151930b7955f20c80c567fb23d1f942a177069b32bc2c93cb6c018ab0b92fa,1196764,19,,,,corpus LA_corpus_2026-09-21: from LA_ws_2026-09-21; flags no_text_layer,2023-02-13,,,in_force
0.2.0,,la-la2008-001,LA,https://laoofficialgazette.gov.la/kcfinder/upload/files/389ລບ20.10.2022.pdf,2026-09-21T02:17:16Z,pdf_scanned,true,raw/la/la_2008/20260921T0217Z__scanned.pdf,ດຳລັດ ວ່າດ້ວຍການປະເມີນຜົນກະທົບຕໍ່ສິ່ງແວດລ້ອມ,,,,requests,200,raw/la/la_2008/20260921T0217Z__scanned.pdf.headers.json,application/pdf,4d95eaec5c471fadbc722373f6f7d713eefe1241afee4a3426952ce47e63753f,1849761,37,,,,corpus LA_corpus_2026-09-21: from LA_ws_2026-09-21; flags no_text_layer,2023-02-17,,,in_force
0.2.0,,la-la2009-001,LA,https://laoofficialgazette.gov.la/kcfinder/upload/files/0040ກສຊ2023.pdf,2026-09-21T05:08:10Z,pdf_scanned,true,raw/la/la_2009/20260921T0508Z__scanned.pdf,ຄຳແນະນຳ ວ່າດ້ວຍການປະເມີນລາຄາທີ່ດິນ,,,,requests,200,raw/la/la_2009/20260921T0508Z__scanned.pdf.headers.json,application/pdf,477d2d1ddac675162b4c6f96a87ebd74a62cbbac195c6b2f6ae327d2fddaf1bb,1894122,15,,,,corpus LA_corpus_2026-09-21: from LA_ws_2026-09-21; flags no_text_layer,2023-02-20,,,in_force
0.2.0,,la-la2010-001,LA,https://laoofficialgazette.gov.la/kcfinder/upload/files/3583ກຕສ2022.pdf,2026-09-21T00:53:54Z,pdf_scanned,true,raw/la/la_2010/20260921T0053Z__scanned.pdf,ຂໍ້ຕົກລົງວ່າດ້ວຍ ການຄຸ້ມຄອງອຸປະກອນ ໂທລະຄົມມະນາຄົມ ແລະ ໄອຊີທີ (ICT),,,,requests,200,raw/la/la_2010/20260921T0053Z__scanned.pdf.headers.json,application/pdf,305e01d461cb05aba27f9e8d10189c944fd22b726d474dc3487869189b3eb2e8,994428,15,,,,corpus LA_corpus_2026-09-21: from LA_ws_2026-09-21; flags no_text_layer,2023-02-21,,,in_force
0.2.0,,la-la2011-001,LA,https://laoofficialgazette.gov.la/kcfinder/upload/files/3579ກຕສ2022.pdf,2026-09-21T04:55:12Z,pdf_scanned,true,raw/la/la_2011/20260921T0455Z__scanned.pdf,ຂໍ້ຕົກລົງວ່າດ້ວຍ ການຄຸ້ມຄອງຄວາມປອດໄພດ້ານຄວາມແຮງທົ່ງແມ່ເຫຼັກໄຟຟ້າຂອງສະຖານີຮັບສົ່ງສັນຍານໂທລະສັບເຄື່ອນທີ່,,,,requests,200,raw/la/la_2011/20260921T0455Z__scanned.pdf.headers.json,application/pdf,68e82e46bc673cb75c1c2710c33a7062abffc89b8ee42ec481057b3c911c1f93,912133,10,,,,corpus LA_corpus_2026-09-21: from LA_ws_2026-09-21; flags no_text_layer,2023-02-21,,,repealed
0.2.0,,la-la2012-001,LA,https://laoofficialgazette.gov.la/kcfinder/upload/files/073ກຕສ2023.pdf,2026-09-21T03:54:21Z,pdf_scanned,true,raw/la/la_2012/20260921T0354Z__scanned.pdf,ຂໍ້ຕົກລົງວ່າດ້ວຍ ລະບົບຈັດເກັບ ແລະ ນຳໃຊ້ເອກະສານຮ່ວມກັນຂອງພາກລັດ (G-share/G-Drive),,,,requests,200,raw/la/la_2012/20260921T0354Z__scanned.pdf.headers.json,application/pdf,f5319d7b0568355e8b4b2c03ebf5e69cd7d7b0bf001b51e98fe34afe6f1b7e4f,817759,8,,,,corpus LA_corpus_2026-09-21: from LA_ws_2026-09-21; flags no_text_layer,2023-02-21,,,in_force
0.2.0,,la-la2013-001,LA,https://laoofficialgazette.gov.la/kcfinder/upload/files/3789ສທ2022.pdf,2026-09-21T03:54:10Z,pdf_scanned,true,raw/la/la_2013/20260921T0354Z__scanned.pdf,ຂໍ້ຕົກລົງວ່າດ້ວຍ ການຄຸ້ມຄອງ ພືດປໍແກ້ວ ນຳໃຊ້ທາງແພດ ແລະ ເປັນສິນຄ້າ,,,,requests,200,raw/la/la_2013/20260921T0354Z__scanned.pdf.headers.json,application/pdf,1da20e86fc15e7d4a2240039693ff3e7f51a8c99cc77cac147b536753e25f0a6,998992,17,,,,corpus LA_corpus_2026-09-21: from LA_ws_2026-09-21; flags no_text_layer,2023-02-23,,,in_force
0.2.0,,la-la2014-001,LA,https://laoofficialgazette.gov.la/kcfinder/upload/files/3708ສທ2022.pdf,2026-09-21T03:53:55Z,pdf_scanned,true,raw/la/la_2014/20260921T0353Z__scanned.pdf,ຂໍ້ຕົກລົງວ່າດ້ວຍ ການຄຸ້ມຄອງລາຄາ ຢາ ແລະ ຜະລິດຕະພັນການແພດ,,,,requests,200,raw/la/la_2014/20260921T0353Z__scanned.pdf.headers.json,application/pdf,1e2c577b78f8e319e47292b4b58b21e08aa32199294a16b7d85726c409682700,819667,12,,,,corpus LA_corpus_2026-09-21: from LA_ws_2026-09-21; flags no_text_layer,2023-02-23,,,in_force
0.2.0,,la-la2016-001,LA,https://laoofficialgazette.gov.la/kcfinder/upload/files/0358ກຊສ2023.pdf,2026-09-21T03:53:44Z,pdf_scanned,true,raw/la/la_2016/20260921T0353Z__scanned.pdf,ຂໍ້ຕົກລົງວ່າດ້ວຍ ບັນຊີການຈັດແບ່ງກຸ່ມໂຄງການລົງທຶນ ຫຼື ກິດຈະການຕ່າງໆ ໃນການປະເມີນຜົນກະທົບຕໍ່ສິ່ງແວດລ້ອມ,,,,requests,200,raw/la/la_2016/20260921T0353Z__scanned.pdf.headers.json,application/pdf,9e1f365c318cf825e98d5443fca23223229c6ffec30bd92bb5b9249ede3dde79,1111937,11,,,,corpus LA_corpus_2026-09-21: from LA_ws_2026-09-21; flags no_text_layer,2023-03-06,,,in_force
0.2.0,,la-la2017-001,LA,https://laoofficialgazette.gov.la/kcfinder/upload/files/34ສພຊ2022.pdf,2026-09-21T01:23:57Z,pdf_scanned,true,raw/la/la_2017/20260921T0123Z__scanned.pdf,ກົດໝາຍວ່າດ້ວຍ ການທາງນໍ້າ,,,,requests,200,raw/la/la_2017/20260921T0123Z__scanned.pdf.headers.json,application/pdf,cb0d1193ec2da6c2ed630505144f02961d45bc1575631d71fad9cb4c6dc2b485,2049877,41,,,,corpus LA_corpus_2026-09-21: from LA_ws_2026-09-21; flags no_text_layer,2023-03-15,,,in_force
0.2.0,,la-la2018-001,LA,https://laoofficialgazette.gov.la/kcfinder/upload/files/24ສພຊ2022.pdf,2026-09-21T00:31:03Z,pdf_scanned,true,raw/la/la_2018/20260921T0031Z__scanned.pdf,ກົດໝາຍວ່າດ້ວຍ ທະບຽນສານ (ສະບັບປັບປຸງ),,,,playwright,200,raw/la/la_2018/20260921T0031Z__scanned.pdf.headers.json,application/pdf,2af5dc40b8283defc5fb56da31f300d3071f5ded67993aa938c74d24ac45e733,1424108,20,,,,corpus LA_corpus_2026-09-21: from LA_ws_2026-09-21; flags no_text_layer,2023-03-15,,,in_force
0.2.0,,la-la2019-001,LA,https://laoofficialgazette.gov.la/kcfinder/upload/files/265ຈຂ.ຈສ2023.pdf,2026-09-21T03:53:26Z,pdf_scanned,true,raw/la/la_2019/20260921T0353Z__scanned.pdf,ຂໍ້ຕົກລົງວ່າດ້ວຍ ການຄຸ້ມຄອງການນຳໃຊ້ທີ່ດິນກະສິກຳຢູ່ເມືອງປາກຊ່ອງ ແຂວງຈຳປາສັກ,,,,requests,200,raw/la/la_2019/20260921T0353Z__scanned.pdf.headers.json,application/pdf,1eff433732212ed6f8305bb572dc43a6b20bf82fd645293b65ec3b5fad6ce23d,841090,12,,,,corpus LA_corpus_2026-09-21: from LA_ws_2026-09-21; flags no_text_layer,2023-03-20,,,in_force
0.2.0,,la-la2020-001,LA,https://laoofficialgazette.gov.la/kcfinder/upload/files/1700ກປ2023.pdf,2026-09-21T03:53:23Z,pdf_scanned,true,raw/la/la_2020/20260921T0353Z__scanned.pdf,ຂໍ້ຕົກລົງວ່າດ້ວຍ ກອງທຶນພັດທະນາຂັ້ນບ້ານ ຢູ່ ເມືອງທຸກຍາກ,,,,requests,200,raw/la/la_2020/20260921T0353Z__scanned.pdf.headers.json,application/pdf,a7e2ac984cbdc911221c284a13e1874dc9d172dd0e96f1c21d184a5cc971e382,995402,15,,,,corpus LA_corpus_2026-09-21: from LA_ws_2026-09-21; flags no_text_layer,2023-03-20,,,in_force
0.2.0,,la-la2021-001,LA,https://laoofficialgazette.gov.la/kcfinder/upload/files/23ສພຊ2022.pdf,2026-09-21T01:23:51Z,pdf_scanned,true,raw/la/la_2021/20260921T0123Z__scanned.pdf,ກົດໝາຍວ່າດ້ວຍ ທະນາຍຄວາມ (ສະບັບປັບປຸງ),,,,requests,200,raw/la/la_2021/20260921T0123Z__scanned.pdf.headers.json,application/pdf,6dec12dd450bcafd08798b830cafc82dfeec370ae09ffe1063efb4f57cf8d1d8,1712957,23,,,,corpus LA_corpus_2026-09-21: from LA_ws_2026-09-21; flags no_text_layer,2023-03-22,,,in_force
0.2.0,,la-la2022-001,LA,https://laoofficialgazette.gov.la/kcfinder/upload/files/32ສພຊ2022.pdf,2026-09-21T01:23:42Z,pdf_scanned,true,raw/la/la_2022/20260921T0123Z__scanned.pdf,ກົດໝາຍວ່າດ້ວຍ ໜັງສືຜ່ານແດນ,,,,requests,200,raw/la/la_2022/20260921T0123Z__scanned.pdf.headers.json,application/pdf,e7bde5e3b616761a9757ddcb3bd23b1ad576619b8c959266aefb1e70b130d8ab,1941323,27,,,,corpus LA_corpus_2026-09-21: from LA_ws_2026-09-21; flags no_text_layer,2023-03-22,,,in_force
0.2.0,,la-la2023-001,LA,https://laoofficialgazette.gov.la/kcfinder/upload/files/31ສພຊ2022.pdf,2026-09-21T00:28:17Z,pdf_scanned,true,raw/la/la_2023/20260921T0028Z__scanned.pdf,ກົດໝາຍວ່າດ້ວຍ ທຸລະກຳທາງເອເລັກໂຕຣນິກ (ສະບັບປັບປຸງ),,both,"P6-I2,P6-I3,P7-I3",requests,200,raw/la/la_2023/20260921T0028Z__scanned.pdf.headers.json,application/pdf,693acdb84518ee81fa0aa208f453549fb9d2e1fa2c5234c2ebbfb264e50cf517,1916381,29,,,,corpus LA_corpus_2026-09-21: from LA_ws_2026-09-21; flags no_text_layer,2023-03-23,,,in_force
0.2.0,,la-la2024-001,LA,https://laoofficialgazette.gov.la/kcfinder/upload/files/957ກຕສ2023.pdf,2026-09-21T00:53:46Z,pdf_scanned,true,raw/la/la_2024/20260921T0053Z__scanned.pdf,ຂໍ້ຕົກລົງວ່າດ້ວຍ ມາດຕະຖານສະຖານທີ່ໃຫ້ບໍລິການໄປສະນີ,,,,requests,200,raw/la/la_2024/20260921T0053Z__scanned.pdf.headers.json,application/pdf,8242711862f7903728a62a8d32e2be5be864b51ef6259082a7fefdb37ac55a71,618216,8,,,,corpus LA_corpus_2026-09-21: from LA_ws_2026-09-21; flags no_text_layer,2023-03-23,,,in_force
0.2.0,,la-la2029-001,LA,https://laoofficialgazette.gov.la/kcfinder/upload/files/27ສພຊ2022.pdf,2026-09-21T01:23:28Z,pdf_scanned,true,raw/la/la_2029/20260921T0123Z__scanned.pdf,ກົດໝາຍວ່າດ້ວຍ ພິພິທະພັນ,,,,requests,200,raw/la/la_2029/20260921T0123Z__scanned.pdf.headers.json,application/pdf,4a5028bede45c40ad1e3cc536b58faaf4dfc07699398e476b8ee7dbf9005a2da,1467931,20,,,,corpus LA_corpus_2026-09-21: from LA_ws_2026-09-21; flags no_text_layer,2023-03-24,,,in_force
0.2.0,,la-la2030-001,LA,https://laoofficialgazette.gov.la/kcfinder/upload/files/202325ສພຊ2022.pdf,2026-09-21T01:23:36Z,pdf_scanned,true,raw/la/la_2030/20260921T0123Z__scanned.pdf,ກົດໝາຍວ່າດ້ວຍ ການກວດກາລັດ (ສະບັບປັບປຸງ),,,,requests,200,raw/la/la_2030/20260921T0123Z__scanned.pdf.headers.json,application/pdf,4493245ca3d7ed69a092977231f1f78af8900c8c6a3a272f357564c047f04d49,2368498,34,,,,corpus LA_corpus_2026-09-21: from LA_ws_2026-09-21; flags no_text_layer,2023-03-24,,,in_force
0.2.0,,la-la2031-001,LA,https://laoofficialgazette.gov.la/kcfinder/upload/files/303ຈຂ.ຈປ2023.pdf,2026-09-21T03:52:55Z,pdf_scanned,true,raw/la/la_2031/20260921T0352Z__scanned.pdf,ຂໍ້ຕົກລົງວ່າດ້ວຍ ການປະເມີນລາຄາທີ່ດິນ ທົ່ວແຂວງຈຳປາສັກ (ສະບັບປັບປຸງ),,,,requests,200,raw/la/la_2031/20260921T0352Z__scanned.pdf.headers.json,application/pdf,73463e70a08066199f3a29a0425ab9320a4c7e88b10aab3de16a16f351cebc1a,1363290,23,,,,corpus LA_corpus_2026-09-21: from LA_ws_2026-09-21; flags no_text_layer,2023-03-27,,,in_force
0.2.0,,la-la2032-001,LA,https://laoofficialgazette.gov.la/kcfinder/upload/files/Making Legislation Law lao.pdf,2026-09-21T02:02:42Z,pdf_scanned,true,raw/la/la_2032/20260921T0202Z__scanned.pdf,ກົດໝາຍ ວ່າດ້ວຍການສ້າງນິຕິກຳ,,,,requests,200,raw/la/la_2032/20260921T0202Z__scanned.pdf.headers.json,application/pdf,c8dca07addfacadbfdbe52535faba8c03e45517be685522c3de8dc1d05b08db3,13610509,28,,,,corpus LA_corpus_2026-09-21: from LA_ws_2026-09-21; flags no_text_layer,2013-07-27,,,repealed
0.2.0,,la-la2033-001,LA,https://laoofficialgazette.gov.la/kcfinder/upload/files/29ສພຊ2022.pdf,2026-09-21T01:23:19Z,pdf_scanned,true,raw/la/la_2033/20260921T0123Z__scanned.pdf,ກົດໝາຍວ່າດ້ວຍ ການກວດສອບແຫ່ງລັດ (ສະບັບປັບປຸງ),,,,requests,200,raw/la/la_2033/20260921T0123Z__scanned.pdf.headers.json,application/pdf,95bd60654f1e86a84e486c3f89a3eece7365a3fa69fa8d65eeee97f125e6ba47,2029956,29,,,,corpus LA_corpus_2026-09-21: from LA_ws_2026-09-21; flags no_text_layer,2023-03-28,,,in_force
0.2.0,,la-la2034-001,LA,https://laoofficialgazette.gov.la/kcfinder/upload/files/351ຈຂ.ຈສ2023.pdf,2026-09-21T03:52:42Z,pdf_scanned,true,raw/la/la_2034/20260921T0352Z__scanned.pdf,ຂໍ້ຕົກລົງວ່າດ້ວຍ ການຄຸ້ມຄອງ ແລະ ພັດທະນາພື້ນທີ່ສີຂຽວ ໃນນະຄອນປາກເຊ,,,,requests,200,raw/la/la_2034/20260921T0352Z__scanned.pdf.headers.json,application/pdf,cc2fc178679caba009e227e89ee96ca049bdda2cbd62619d20f2b5db641cec51,1178921,12,,,,corpus LA_corpus_2026-09-21: from LA_ws_2026-09-21; flags no_text_layer,2023-03-31,,,in_force
0.2.0,,la-la2035-001,LA,https://laoofficialgazette.gov.la/kcfinder/upload/files/30ສພຊ2022.pdf,2026-09-21T01:23:14Z,pdf_scanned,true,raw/la/la_2035/20260921T0123Z__scanned.pdf,ກົດໝາຍວ່າດ້ວຍ ອົງການໄອຍະການທະຫານ (ສະບັບປັບປຸງ),,,,requests,200,raw/la/la_2035/20260921T0123Z__scanned.pdf.headers.json,application/pdf,1f4a4005b6d8cf03821d2007d2fb436a2a4cf560e80089edf0152355203ad698,1719137,27,,,,corpus LA_corpus_2026-09-21: from LA_ws_2026-09-21; flags no_text_layer,2023-04-04,,,in_force
0.2.0,,la-la2036-001,LA,https://laoofficialgazette.gov.la/kcfinder/upload/files/33ສພຊ2022.pdf,2026-09-21T01:23:01Z,pdf_scanned,true,raw/la/la_2036/20260921T0123Z__scanned.pdf,ກົດໝາຍວ່າດ້ວຍ ວິສາຫະກິດ (ສະບັບປັບປຸງ),,,,requests,200,raw/la/la_2036/20260921T0123Z__scanned.pdf.headers.json,application/pdf,fcce77b571a4748204931634c9936d56d4a7e30825ee12992be6f93a19aeceb3,2887690,58,,,,corpus LA_corpus_2026-09-21: from LA_ws_2026-09-21; flags no_text_layer,2023-04-05,,,in_force
0.2.0,,la-la2037-001,LA,https://laoofficialgazette.gov.la/kcfinder/upload/files/437ຈຂຊຍ22.3.2023.pdf,2026-09-21T03:52:11Z,pdf_scanned,true,raw/la/la_2037/20260921T0352Z__scanned.pdf,ຂໍ້ຕົກລົງວ່າດ້ວຍ ກອງທຶນຄຸ້ມຄອງໄພພິບັດ,,,,playwright,200,raw/la/la_2037/20260921T0352Z__scanned.pdf.headers.json,application/pdf,6eeaa9c64001973f6293f4327f5f0cd03ed83fa6fb5b1c3fcf849d268b1f4a67,909847,14,,,,corpus LA_corpus_2026-09-21: from LA_ws_2026-09-21; flags no_text_layer,2023-04-07,,,in_force
0.2.0,,la-la2038-001,LA,https://laoofficialgazette.gov.la/kcfinder/upload/files/28ສພຊ2022.pdf,2026-09-21T01:22:51Z,pdf_scanned,true,raw/la/la_2038/20260921T0122Z__scanned.pdf,ກົດໝາຍວ່າດ້ວຍ ການກັນ ແລະ ຄວບຄຸມພະຍາດຕິດຕໍ່ (ສະບັບປັບປຸງ),,,,requests,200,raw/la/la_2038/20260921T0122Z__scanned.pdf.headers.json,application/pdf,dc7dd625731381d023292f9556a931adf6df427d380caecdc04fbb7f7c3b8bb5,1837690,28,,,,corpus LA_corpus_2026-09-21: from LA_ws_2026-09-21; flags no_text_layer,2023-04-11,,,in_force
0.2.0,,la-la2039-001,LA,https://laoofficialgazette.gov.la/kcfinder/upload/files/0434ອຄ2023.pdf,2026-09-21T04:54:41Z,pdf_scanned,true,raw/la/la_2039/20260921T0454Z__scanned.pdf,ຂໍ້ຕົກລົງວ່າດ້ວຍ ສິດທິບັດ ແລະ ອະນຸສິດທິບັດ,,,,requests,200,raw/la/la_2039/20260921T0454Z__scanned.pdf.headers.json,application/pdf,ee9ad5261d56e28b96bc6b3483cc3877cce84e8ef603eb6fbc053c23eadb7958,1223553,19,,,,corpus LA_corpus_2026-09-21: from LA_ws_2026-09-21; flags no_text_layer,2023-04-11,,,repealed
0.2.0,,la-la2040-001,LA,https://laoofficialgazette.gov.la/kcfinder/upload/files/0435ອຄ2023.pdf,2026-09-21T04:54:56Z,pdf_scanned,true,raw/la/la_2040/20260921T0454Z__scanned.pdf,ຂໍ້ຕົກລົງວ່າດ້ວຍ ແບບອຸດສາຫະກຳ,,,,requests,200,raw/la/la_2040/20260921T0454Z__scanned.pdf.headers.json,application/pdf,25cb04f4e09884dbf481d23bdf59f83f11b90be4724821ddaac707424ea54413,985397,15,,,,corpus LA_corpus_2026-09-21: from LA_ws_2026-09-21; flags no_text_layer,2023-04-11,,,repealed
0.2.0,,la-la2041-001,LA,https://laoofficialgazette.gov.la/kcfinder/upload/files/0436ອຄ2023.pdf,2026-09-21T04:54:50Z,pdf_scanned,true,raw/la/la_2041/20260921T0454Z__scanned.pdf,ຂໍ້ຕົກລົງວ່າດ້ວຍ ເຄື່ອງໝາຍການຄ້າ,,,,requests,200,raw/la/la_2041/20260921T0454Z__scanned.pdf.headers.json,application/pdf,a6da006d8fadb410a75716411a01b02cb932244a2b4f683dc33beb3cc9fec87a,960929,15,,,,corpus LA_corpus_2026-09-21: from LA_ws_2026-09-21; flags no_text_layer,2023-04-11,,,repealed
0.2.0,,la-la2042-001,LA,https://laoofficialgazette.gov.la/kcfinder/upload/files/0437ອຄ2023.pdf,2026-09-21T03:52:02Z,pdf_scanned,true,raw/la/la_2042/20260921T0352Z__scanned.pdf,ຂໍ້ຕົກລົງວ່າດ້ວຍ ແບບຜັງວົງຈອນລວມ,,,,requests,200,raw/la/la_2042/20260921T0352Z__scanned.pdf.headers.json,application/pdf,e6e5b21a7d507a252ac17b78db964c3b1e3a24b5d322c68f3fc70980bbfe754a,1122840,18,,,,corpus LA_corpus_2026-09-21: from LA_ws_2026-09-21; flags no_text_layer,2023-04-11,,,in_force
0.2.0,,la-la2043-001,LA,https://laoofficialgazette.gov.la/kcfinder/upload/files/0438ອຄ2023.pdf,2026-09-21T03:52:05Z,pdf_scanned,true,raw/la/la_2043/20260921T0352Z__scanned.pdf,ຂໍ້ຕົກລົງວ່າດ້ວຍ ພັນພືດໃໝ່,,,,requests,200,raw/la/la_2043/20260921T0352Z__scanned.pdf.headers.json,application/pdf,582c49f99e3bf83080e2178d49065c0fcae9aec280ef5c266144a6079c5bd830,908882,11,,,,corpus LA_corpus_2026-09-21: from LA_ws_2026-09-21; flags no_text_layer,2023-04-11,,,in_force
0.2.0,,la-la2044-001,LA,https://laoofficialgazette.gov.la/kcfinder/upload/files/0439ອຄ2023.pdf,2026-09-21T01:04:52Z,pdf_scanned,true,raw/la/la_2044/20260921T0104Z__scanned.pdf,ຂໍ້ຕົກລົງວ່າດ້ວຍ ລິຂະສິດ ແລະ ສິດກ່ຽວຂ້ອງກັບລິຂະສິດ,,,,requests,200,raw/la/la_2044/20260921T0104Z__scanned.pdf.headers.json,application/pdf,8544895fbb0dc1cd322727ee4c4d32fab3fe17be4f7f04dfdaf3db8d3d33b742,1102266,16,,,,corpus LA_corpus_2026-09-21: from LA_ws_2026-09-21; flags no_text_layer,2023-04-11,,,repealed
0.2.0,,la-la2045-001,LA,https://laoofficialgazette.gov.la/kcfinder/upload/files/0440ອຄ2023.pdf,2026-09-21T04:55:05Z,pdf_scanned,true,raw/la/la_2045/20260921T0455Z__scanned.pdf,ຂໍ້ຕົກລົງວ່າດ້ວຍ ຖິ່ນກຳເນີດ,,,,requests,200,raw/la/la_2045/20260921T0455Z__scanned.pdf.headers.json,application/pdf,bfd4c555f8e638ffd88a34327039addc0f0c366044f5b1cb2071663d7ce7786c,917814,14,,,,corpus LA_corpus_2026-09-21: from LA_ws_2026-09-21; flags no_text_layer,2023-04-11,,,repealed
0.2.0,,la-la2046-001,LA,https://laoofficialgazette.gov.la/kcfinder/upload/files/0441ອຄ2023.pdf,2026-09-21T00:53:41Z,pdf_scanned,true,raw/la/la_2046/20260921T0053Z__scanned.pdf,ຂໍ້ຕົກລົງວ່າດ້ວຍ ການແກ້ໄຂຂໍ້ຂັດແຍ່ງທາງດ້ານບໍລິຫານກ່ຽວກັບການຈົດທະບຽນ ຊັບສິນອຸດສາຫະກຳ ແລະ ພັນພືດໃໝ່,,,,requests,200,raw/la/la_2046/20260921T0053Z__scanned.pdf.headers.json,application/pdf,14e852e489e122f223bfe7dbd91f0b711e31c994f48743ce9d2eb477da82a268,806397,9,,,,corpus LA_corpus_2026-09-21: from LA_ws_2026-09-21; flags no_text_layer,2023-04-11,,,in_force
0.2.0,,la-la2047-001,LA,https://laoofficialgazette.gov.la/kcfinder/upload/files/376ອຊ2023.pdf,2026-09-21T03:51:53Z,pdf_scanned,true,raw/la/la_2047/20260921T0351Z__scanned.pdf,ຂໍ້ຕົກລົງວ່າດ້ວຍ ການໂຄສະນາເຜີຍແຜ່ນິຕິກຳ,,,,requests,200,raw/la/la_2047/20260921T0351Z__scanned.pdf.headers.json,application/pdf,3694e21db40705bcd51419cc562dee8171e5c9ef51f4320a386628c83c25b848,945391,13,,,,corpus LA_corpus_2026-09-21: from LA_ws_2026-09-21; flags no_text_layer,2023-04-12,,,in_force
0.2.0,,la-la2048-001,LA,https://laoofficialgazette.gov.la/kcfinder/upload/files/375ອຊ2023.pdf,2026-09-21T03:51:38Z,pdf_scanned,true,raw/la/la_2048/20260921T0351Z__scanned.pdf,ຂໍ້ຕົກລົງວ່າດ້ວຍ ການຄຸ້ມຄອງ ຄ່າທຳນຽມ ແລະ ຄ່າບໍລິການ ຢູ່ແຂວງອຸດົມໄຊ,,,,requests,200,raw/la/la_2048/20260921T0351Z__scanned.pdf.headers.json,application/pdf,c5d1766bdf99cd4b517aaf65dcff42be328d40c6e690e184a3327cdeba6e36d6,1200288,17,,,,corpus LA_corpus_2026-09-21: from LA_ws_2026-09-21; flags no_text_layer,2023-04-12,,,in_force
0.2.0,,la-la2049-001,LA,https://laoofficialgazette.gov.la/kcfinder/upload/files/374ອຊ2023.pdf,2026-09-21T03:51:32Z,pdf_scanned,true,raw/la/la_2049/20260921T0351Z__scanned.pdf,ຂໍ້ຕົກລົງວ່າດ້ວຍ ການຄຸ້ມຄອງ ແລະ ນຳໃຊ້ຢາປາບສັດຕູພືດ ຢູ່ແຂວງອຸດົມໄຊ,,,,playwright,200,raw/la/la_2049/20260921T0351Z__scanned.pdf.headers.json,application/pdf,b5d8d7d2d2a7bafe0ea1d698e63862b8bd8d15963cc88b733220dae1c4e29a24,1059143,16,,,,corpus LA_corpus_2026-09-21: from LA_ws_2026-09-21; flags no_text_layer,2023-04-12,,,in_force
0.2.0,,la-la2050-001,LA,https://laoofficialgazette.gov.la/kcfinder/upload/files/377ອຊ2023.pdf,2026-09-21T03:51:25Z,pdf_scanned,true,raw/la/la_2050/20260921T0351Z__scanned.pdf,ຂໍ້ຕົກລົງວ່າດ້ວຍ ການນຳໃຊ້ນໍ້າ ຢູ່ພາຍໃນແຂວງອຸດົມໄຊ,,,,requests,200,raw/la/la_2050/20260921T0351Z__scanned.pdf.headers.json,application/pdf,1ab4ffc01ce2b3d46284e6269dd5fb60f235385772f4b66923b6205bfea5e449,1273212,21,,,,corpus LA_corpus_2026-09-21: from LA_ws_2026-09-21; flags no_text_layer,2023-04-12,,,in_force
0.2.0,,la-la2051-001,LA,https://laoofficialgazette.gov.la/kcfinder/upload/files/411ຈຂ.ສຂ2023.pdf,2026-09-21T03:51:01Z,pdf_scanned,true,raw/la/la_2051/20260921T0351Z__scanned.pdf,ຂໍ້ຕົກລົງວ່າດ້ວຍ ການສະກັດກັ້ນ ແລະ ຕ້ານອັກຄີໄພ,,,,requests,200,raw/la/la_2051/20260921T0351Z__scanned.pdf.headers.json,application/pdf,4ef933a406ce32934364c4532724f48b284869392ddca0398266ee08a2dbfc00,928961,12,,,,corpus LA_corpus_2026-09-21: from LA_ws_2026-09-21; flags no_text_layer,2023-04-20,,,in_force
0.2.0,,la-la2052-001,LA,https://laoofficialgazette.gov.la/kcfinder/upload/files/0479ອຄ2023.pdf,2026-09-21T01:09:51Z,pdf_scanned,true,raw/la/la_2052/20260921T0109Z__scanned.pdf,ຄຳແນະນຳ ກ່ຽວກັບການແຈ້ງການຢັ້ງຢືນຮັບຮູ້ ແລະ ການຂໍອະນຸຍາດດຳເນີນທຸລະກິດການຄ້າທາງເອເລັກໂຕຣນິກ,,,,playwright,200,raw/la/la_2052/20260921T0109Z__scanned.pdf.headers.json,application/pdf,fcc8d0d9e2cc30cd6665a50f24ab2cb01bbdaed7d0b0f52ec9940ec96ff44e4f,703040,7,,,,corpus LA_corpus_2026-09-21: from LA_ws_2026-09-21; flags no_text_layer,2023-04-20,,,in_force
0.2.0,,la-la2053-001,LA,https://laoofficialgazette.gov.la/kcfinder/upload/files/265ທຫລ2023.pdf,2026-09-21T03:51:08Z,pdf_scanned,true,raw/la/la_2053/20260921T0351Z__scanned.pdf,ຂໍ້ຕົກລົງວ່າດ້ວຍ ສັນຍາເຊົ່າສິນເຊື່ອ,,,,requests,200,raw/la/la_2053/20260921T0351Z__scanned.pdf.headers.json,application/pdf,32941e3fb5b3115816e5721fc7ad7c1b7bc0d34221d405502eb3fd0ccf7be805,545400,6,,,,corpus LA_corpus_2026-09-21: from LA_ws_2026-09-21; flags no_text_layer,2023-04-20,,,in_force
0.2.0,,la-la2054-001,LA,https://laoofficialgazette.gov.la/kcfinder/upload/files/323ທຫລ2023.pdf,2026-09-21T03:51:16Z,pdf_scanned,true,raw/la/la_2054/20260921T0351Z__scanned.pdf,ຂໍ້ຕົກລົງວ່າດ້ວຍ ບໍລິສັດບໍລິຫານໜີ້ ແລະ ຊັບສິນ,,,,requests,200,raw/la/la_2054/20260921T0351Z__scanned.pdf.headers.json,application/pdf,f11f0a4ab6ff2823ddd9d1c971633698e686c7c092e29e1a462fca2a865abf7f,933067,16,,,,corpus LA_corpus_2026-09-21: from LA_ws_2026-09-21; flags no_text_layer,2023-04-20,,,in_force
0.2.0,,la-la2055-001,LA,https://laoofficialgazette.gov.la/kcfinder/upload/files/26ສພຊ2022.pdf,2026-09-21T00:30:55Z,pdf_scanned,true,raw/la/la_2055/20260921T0030Z__scanned.pdf,ກົດໝາຍວ່າດ້ວຍ ວິທະຍາສາດ ແລະ ເຕັກໂນໂລຊີ (ສະບັບປັບປຸງ),,,,requests,200,raw/la/la_2055/20260921T0030Z__scanned.pdf.headers.json,application/pdf,832617cb97f0601dd50001927cd5af3487db8b8246471ede843c2ed5275720e1,1758492,21,,,,corpus LA_corpus_2026-09-21: from LA_ws_2026-09-21; flags no_text_layer,2023-04-25,,,in_force
0.2.0,,la-la2056-001,LA,https://laoofficialgazette.gov.la/kcfinder/upload/files/9393ຍທຂ2023.pdf,2026-09-21T03:50:58Z,pdf_scanned,true,raw/la/la_2056/20260921T0350Z__scanned.pdf,ຂໍ້ຕົກລົງວ່າດ້ວຍ ການອະນຸຍາດນໍ້າໜັກລວມສູງສຸດຂອງລົດບັນທຸກ,,,,requests,200,raw/la/la_2056/20260921T0350Z__scanned.pdf.headers.json,application/pdf,c6d14e0e5a16aec5308dc008ac967805cd54ec56a1c7a0a321cc401dcb16796b,1796985,9,,,,corpus LA_corpus_2026-09-21: from LA_ws_2026-09-21; flags no_text_layer,2023-04-25,,,in_force
0.2.0,,la-la2057-001,LA,https://laoofficialgazette.gov.la/kcfinder/upload/files/05ພນ2023.pdf,2026-09-21T05:08:01Z,pdf_scanned,true,raw/la/la_2057/20260921T0508Z__scanned.pdf,ຄຳແນະນຳກ່ຽວກັບ ການສ້າງກົດລະບຽບຂອງບ້ານ,,,,requests,200,raw/la/la_2057/20260921T0508Z__scanned.pdf.headers.json,application/pdf,7562b7ac30ca66b78679a72041853d929c3f896b767d0e9c4bd0da41943d8d7e,733932,7,,,,corpus LA_corpus_2026-09-21: from LA_ws_2026-09-21; flags no_text_layer,2023-05-05,,,in_force
0.2.0,,la-la2058-001,LA,https://laoofficialgazette.gov.la/kcfinder/upload/files/50ພນ2023.pdf,2026-09-21T03:50:26Z,pdf_scanned,true,raw/la/la_2058/20260921T0350Z__scanned.pdf,ຂໍ້ຕົກລົງວ່າດ້ວຍ ການປະກອບສ່ວນຂອງປະຊາຊົນໃນການພັດທະນາບ້ານ,,,,requests,200,raw/la/la_2058/20260921T0350Z__scanned.pdf.headers.json,application/pdf,fa4c7e398ca88befb5bedf2188a5feab3efa999763f0fd325acf08bb71bd7f2b,656371,4,,,,corpus LA_corpus_2026-09-21: from LA_ws_2026-09-21; flags no_text_layer,2023-05-05,,,in_force
0.2.0,,la-la2059-001,LA,https://laoofficialgazette.gov.la/kcfinder/upload/files/49ພນ2023.pdf,2026-09-21T03:50:14Z,pdf_scanned,true,raw/la/la_2059/20260921T0350Z__scanned.pdf,ຂໍ້ຕົກລົງວ່າດ້ວຍ ການຈັດຕັ້ງ ແລະ ການເຄື່ອນໄຫວຂອງອົງການປົກຄອງບ້ານ,,,,requests,200,raw/la/la_2059/20260921T0350Z__scanned.pdf.headers.json,application/pdf,0e6d71d4238f33cb6c0748234897e044deeb90ba72ecbac4dae38e3e1914fff1,1327780,28,,,,corpus LA_corpus_2026-09-21: from LA_ws_2026-09-21; flags no_text_layer,2023-05-05,,,in_force
0.2.0,,la-la2060-001,LA,https://laoofficialgazette.gov.la/kcfinder/upload/files/06ພນ2023.pdf,2026-09-21T05:07:56Z,pdf_scanned,true,raw/la/la_2060/20260921T0507Z__scanned.pdf,"ຄຳແນະນຳກ່ຽວກັບ ການສ້າງຕັ້ງ, ຍຸບເລີກ, ໂຮມເຂົ້າ, ແຍກອອກ ແລະ ປ່ຽນຊື່ບ້ານ",,,,requests,200,raw/la/la_2060/20260921T0507Z__scanned.pdf.headers.json,application/pdf,f86f4f6c621f3269750a752866aeca9cd432a749691431f22401ab63d90e019c,481579,5,,,,corpus LA_corpus_2026-09-21: from LA_ws_2026-09-21; flags no_text_layer,2023-05-05,,,in_force
0.2.0,,la-la2061-001,LA,https://laoofficialgazette.gov.la/kcfinder/upload/files/51ພນ2023.pdf,2026-09-21T03:50:07Z,pdf_scanned,true,raw/la/la_2061/20260921T0350Z__scanned.pdf,ຂໍ້ຕົກລົງວ່າດ້ວຍ ມາດຕະຖານອົງການປົກຄອງບ້ານເຂັ້ມແຂງໜັກແໜ້ນ,,,,requests,200,raw/la/la_2061/20260921T0350Z__scanned.pdf.headers.json,application/pdf,0b91834b1c8145792089c02223d45340ce51d67e5989f8b9099d24b2078e5841,845509,9,,,,corpus LA_corpus_2026-09-21: from LA_ws_2026-09-21; flags no_text_layer,2023-05-05,,,in_force
0.2.0,,la-la2062-001,LA,https://laoofficialgazette.gov.la/kcfinder/upload/files/191ຂບຊ6.4.2023.pdf,2026-09-21T03:49:55Z,pdf_scanned,true,raw/la/la_2062/20260921T0349Z__scanned.pdf,ຂໍ້ຕົກລົງວ່າດ້ວຍ ນະໂຍບາຍ ແລະ ລາຄາຫົວໜ່ວຍທົດແທນຄ່າເສຍຫາຍ ຈາກຜົນກະທົບຂອງໂຄງການກໍ່ສ້າງໂຮງງານ ຫຼອມເຫຼັກກ້າເຂດບ້ານ ຫາດໄຄ້ ແລະ ບ້ານ ທ່າບົກ ເມືອງ ທ່າພະບາດ ແຂວງ ບໍລິຄຳໄຊ,,,,requests,200,raw/la/la_2062/20260921T0349Z__scanned.pdf.headers.json,application/pdf,0286ec41c80d27486a23947a49f6b289d639523f827e2830248534b2d2b211c4,1073832,12,,,,corpus LA_corpus_2026-09-21: from LA_ws_2026-09-21; flags no_text_layer,2023-05-11,,,in_force
0.2.0,,la-la2063-001,LA,https://laoofficialgazette.gov.la/kcfinder/upload/files/193ຂບຊ6.4.2023.pdf,2026-09-21T03:50:01Z,pdf_scanned,true,raw/la/la_2063/20260921T0350Z__scanned.pdf,ຂໍ້ຕົກລົງວ່າດ້ວຍ ການປະເມີນຫົວໜ່ວຍລາຄາມູນຄ່າທີ່ດິນພາຍໃນ ແຂວງ ບໍລິຄຳໄຊ,,,,requests,200,raw/la/la_2063/20260921T0350Z__scanned.pdf.headers.json,application/pdf,0d60e8d92fad699cb10693585002a27c448c009b9cf72c9605c67dcdf5997750,970609,21,,,,corpus LA_corpus_2026-09-21: from LA_ws_2026-09-21; flags no_text_layer,2023-05-11,,,in_force
0.2.0,,la-la2064-001,LA,https://laoofficialgazette.gov.la/kcfinder/upload/files/191ລບ7.4.2023.pdf,2026-09-21T02:17:09Z,pdf_scanned,true,raw/la/la_2064/20260921T0217Z__scanned.pdf,ດຳລັດວ່າດ້ວຍ ການປັບໃໝ ແລະ ນຳໃຊ້ມາດຕະການອື່ນ ຕໍ່ຜູ້ລະເມີດກົດໝາຍ ແລະ ລະບຽບການ ກ່ຽວກັບມາດຕະຖານ,,,,playwright,200,raw/la/la_2064/20260921T0217Z__scanned.pdf.headers.json,application/pdf,0748ed599cd29a8aa9125a9452d7530bdbf8f46f2e8fd24ede9f57a9e9026c5f,616911,6,,,,corpus LA_corpus_2026-09-21: from LA_ws_2026-09-21; flags no_text_layer,2023-05-12,,,in_force
0.2.0,,la-la2065-001,LA,https://laoofficialgazette.gov.la/kcfinder/upload/files/192ລບ7.4.2023.pdf,2026-09-21T02:17:02Z,pdf_scanned,true,raw/la/la_2065/20260921T0217Z__scanned.pdf,ດຳລັດວ່າດ້ວຍ ການປັບໃໝ ແລະ ນຳໃຊ້ມາດຕະການອື່ນ ຕໍ່ຜູ້ລະເມີດກົດໝາຍ ແລະ ລະບຽບການ ກ່ຽວກັບການວັດແທກ,,,,requests,200,raw/la/la_2065/20260921T0217Z__scanned.pdf.headers.json,application/pdf,e5b9df368fc4e47ca83a6899d6c94e85020cb550875e0237aeb2282a6e23ec4e,798883,6,,,,corpus LA_corpus_2026-09-21: from LA_ws_2026-09-21; flags no_text_layer,2023-05-12,,,in_force
0.2.0,,la-la2067-001,LA,https://laoofficialgazette.gov.la/kcfinder/upload/files/0752ອຄ2023.pdf,2026-09-21T00:53:34Z,pdf_scanned,true,raw/la/la_2067/20260921T0053Z__scanned.pdf,ຂໍ້ຕົກລົງວ່າດ້ວຍ ການລົງທະບຽນຜູ້ນຳເຂົ້າ ແລະ ສົ່ງອອກສິນຄ້າ,,,,requests,200,raw/la/la_2067/20260921T0053Z__scanned.pdf.headers.json,application/pdf,11d5bcdfb85cb1d796043d46e1f6d8fe3235433314ab1183f7b3ff24261a7b20,638824,6,,,,corpus LA_corpus_2026-09-21: from LA_ws_2026-09-21; flags no_text_layer,2023-05-25,,,in_force
0.2.0,,la-la2070-001,LA,https://laoofficialgazette.gov.la/kcfinder/upload/files/scan0001.pdf,2026-09-21T00:43:52Z,pdf_scanned,true,raw/la/la_2070/20260921T0043Z__scanned.pdf,ຂໍ້ຕົກລົງວ່າດ້ວຍ ສັນຍາແຮງງານ,,,,requests,200,raw/la/la_2070/20260921T0043Z__scanned.pdf.headers.json,application/pdf,02fcfe90dbb9fd5a6d320bc4e6fdadb445932870f712f943d0b44e41af2e89ce,826958,12,,,,corpus LA_corpus_2026-09-21: from LA_ws_2026-09-21; flags no_text_layer,2023-05-30,,,in_force
0.2.0,,la-la2073-001,LA,https://laoofficialgazette.gov.la/kcfinder/upload/files/0957ກຊສ2023.pdf,2026-09-21T03:49:47Z,pdf_scanned,true,raw/la/la_2073/20260921T0349Z__scanned.pdf,ຂໍ້ຕົກລົງວ່າດ້ວຍ ການຄຸ້ມຄອງງົບປະມານຕິດຕາມກວດກາວິຊາການດ້ານສິ່ງແວດລ້ອມ ແລະ ການຄຸ້ມຄອງອ່າງຮັບນໍ້າ,,,,requests,200,raw/la/la_2073/20260921T0349Z__scanned.pdf.headers.json,application/pdf,99924ca55976a50759359ea6cdc58fc9b183668527c805c882f53275036b5e55,1098142,8,,,,corpus LA_corpus_2026-09-21: from LA_ws_2026-09-21; flags no_text_layer,2023-06-08,,,in_force
0.2.0,,la-la2074-001,LA,https://laoofficialgazette.gov.la/kcfinder/upload/files/202 ລບ 12.5.2023.pdf,2026-09-21T02:16:23Z,pdf_scanned,true,raw/la/la_2074/20260921T0216Z__scanned.pdf,ດຳລັດວ່າດ້ວຍ ລັດຖະກອນຄູ,,,,requests,200,raw/la/la_2074/20260921T0216Z__scanned.pdf.headers.json,application/pdf,7e94f764172e9c3d93ad4ab3fd243c22ab633ab547b37dd7d0b32c1b9dc881fc,1043468,18,,,,corpus LA_corpus_2026-09-21: from LA_ws_2026-09-21; flags no_text_layer,2023-09-21,,,in_force
0.2.0,,la-la2075-001,LA,"https://laoofficialgazette.gov.la/kcfinder/upload/files/517ສສກ 11,4,2023.pdf",2026-09-21T05:07:35Z,pdf_scanned,true,raw/la/la_2075/20260921T0507Z__scanned.pdf,"ຄຳແນະນຳກ່ຽວກັບ ເງື່ອນໄຂ, ມາດຕະຖານ ແລະ ການແຕ່ງຕັ້ງຕຳແໜ່ງວິຊາການຄູ ຢູ່ສະຖານການສຶກສາຊັ້ນສູງ",,,,requests,200,raw/la/la_2075/20260921T0507Z__scanned.pdf.headers.json,application/pdf,a52ba3e49cf45490801b049f34340a97674af055ba82aff122e17d322fb453de,1595803,44,,,,corpus LA_corpus_2026-09-21: from LA_ws_2026-09-21; flags no_text_layer,2023-09-21,,,in_force
0.2.0,,la-la2076-001,LA,"https://laoofficialgazette.gov.la/kcfinder/upload/files/212ລບ 2,6,2023.pdf",2026-09-21T02:16:26Z,pdf_scanned,true,raw/la/la_2076/20260921T0216Z__scanned.pdf,ດຳລັດວ່າດ້ວຍ ເຂດປອດພາສີ ແລະ ຮ້ານຄ້າປອດພາສີ,,,,requests,200,raw/la/la_2076/20260921T0216Z__scanned.pdf.headers.json,application/pdf,0a3588917cffb2d032666c68186874374ec66394d57cd999c6228d326dc539b1,1731616,35,,,,corpus LA_corpus_2026-09-21: from LA_ws_2026-09-21; flags no_text_layer,2023-09-21,,,in_force
0.2.0,,la-la2077-001,LA,https://laoofficialgazette.gov.la/kcfinder/upload/files/law_2511689686027.pdf,2026-09-21T02:16:50Z,pdf_scanned,true,raw/la/la_2077/20260921T0216Z__scanned.pdf,ດຳລັດວ່າດ້ວຍ ປ່າສະຫງວນ,,,,requests,200,raw/la/la_2077/20260921T0216Z__scanned.pdf.headers.json,application/pdf,139ded1f66df853bd0edbd3ccf58c4d76abc467f02896cab6bbf360d2badbba1,1338781,23,,,,corpus LA_corpus_2026-09-21: from LA_ws_2026-09-21; flags no_text_layer,2023-06-26,,,in_force
0.2.0,,la-la2078-001,LA,"https://laoofficialgazette.gov.la/kcfinder/upload/files/001ປປທ 28,8,2023.pdf",2026-09-21T02:03:56Z,pdf_scanned,true,raw/la/la_2078/20260921T0203Z__scanned.pdf,ລັດຖະບັນຍັດຂອງປະທານປະເທດ ວ່າດ້ວຍ ລາຍການສິນຄ້າ ແລະ ອັດຕາພາສີຂາອອກ,,,,requests,200,raw/la/la_2078/20260921T0203Z__scanned.pdf.headers.json,application/pdf,0ef71911f2c0f1ca8ed3077a35b31bec13efd10a2d91e3c958ca5f4d07e798ee,1999948,42,,,,corpus LA_corpus_2026-09-21: from LA_ws_2026-09-21; flags no_text_layer,2023-09-21,,,in_force
0.2.0,,la-la2079-001,LA,"https://laoofficialgazette.gov.la/kcfinder/upload/files/254 ລບ18,8,2023.pdf",2026-09-21T02:16:41Z,pdf_scanned,true,raw/la/la_2079/20260921T0216Z__scanned.pdf,ດຳລັດວ່າດ້ວຍ ການສ້າງແຜນງົບປະມານແຫ່ງລັດ,,,,requests,200,raw/la/la_2079/20260921T0216Z__scanned.pdf.headers.json,application/pdf,15cb996aee06ada455f7b07979f0aecf5ec749a96f5638326cce3dde40a96a5b,883351,10,,,,corpus LA_corpus_2026-09-21: from LA_ws_2026-09-21; flags no_text_layer,2023-09-21,,,in_force
0.2.0,,la-la2080-001,LA,https://laoofficialgazette.gov.la/kcfinder/upload/files/law_9721689685995.pdf,2026-09-21T02:45:03Z,pdf_scanned,true,raw/la/la_2080/20260921T0245Z__scanned.pdf,"ຄຳສັ່ງກ່ຽວກັບ ການເພີ່ມທະວີຄວາມຮັບຜິດຊອບຂອງຄະນະພັກ, ຄະນະນຳແຕ່ລະຂັ້ນໃນການຢຸດຕິການຖາງປ່າ-ປູກຝິ່ນໃນຂອບເຂດທົ່ວແຂວງ",,,,requests,200,raw/la/la_2080/20260921T0245Z__scanned.pdf.headers.json,application/pdf,2d2ab0422036abbf4e7182ce348bfcf5bd659adb4e3e92a1058604ed0c71a310,916188,2,,,,corpus LA_corpus_2026-09-21: from LA_ws_2026-09-21; flags no_text_layer,2023-07-18,,,in_force
0.2.0,,la-la2081-001,LA,https://laoofficialgazette.gov.la/kcfinder/upload/files/law_2261689685963.pdf,2026-09-21T02:44:46Z,pdf_scanned,true,raw/la/la_2081/20260921T0244Z__scanned.pdf,ຄຳສັ່ງກ່ຽວກັບ ການໂຈະກິດຈະກຳທີ່ບໍ່ຖືກຕ້ອງໃນຂອບເຂດທີ່ດິນວັດທະນະທຳ,,,,requests,200,raw/la/la_2081/20260921T0244Z__scanned.pdf.headers.json,application/pdf,08dd93e55381e3eb22fef31ef1c349a2405e30a6e39a973e55ab58f2ed626df7,668898,2,,,,corpus LA_corpus_2026-09-21: from LA_ws_2026-09-21; flags no_text_layer,2023-07-18,,,in_force
0.2.0,,la-la2082-001,LA,https://laoofficialgazette.gov.la/kcfinder/upload/files/law_121689686539.pdf,2026-09-21T02:44:38Z,pdf_scanned,true,raw/la/la_2082/20260921T0244Z__scanned.pdf,"ຄຳສັ່ງກ່ຽວກັບ ການປະຢັດ ແລະ ຕ້ານການຟູມເຟືອຍ ໃນການປົກປັກຮັກສາ, ການນຳໃຊ້ໄຟຟ້າ ແລະ ນໍ້າປະປາ ໃນສຳນັກງານອົງການ, ສະຖານທີ່ສາທາລະນະ",,,,requests,200,raw/la/la_2082/20260921T0244Z__scanned.pdf.headers.json,application/pdf,b63a4497ad95bc5eb181abfecad79db6b9aa720edab2b6f3ff7f93f471100cee,815616,4,,,,corpus LA_corpus_2026-09-21: from LA_ws_2026-09-21; flags no_text_layer,2023-07-18,,,in_force
0.2.0,,la-la2083-001,LA,https://laoofficialgazette.gov.la/kcfinder/upload/files/law_1581689686572.pdf,2026-09-21T02:44:29Z,pdf_scanned,true,raw/la/la_2083/20260921T0244Z__scanned.pdf,"ຄຳສັ່ງເພີ່ມທະວີຄວາມຮັບຜິດຊອບສະກັດກັ້ນ, ຄວບຄຸມ ແລະ ແກ້ໄຂບັນຫາໄຟໄໝ້ລາມປ່າ ແລະ ບັນຫາໝອກຄວັນໃນປັດຈຸບັນ ກໍຄືສະເພາະໜ້າ ແລະ ຍາວນານ",,,,requests,200,raw/la/la_2083/20260921T0244Z__scanned.pdf.headers.json,application/pdf,a317af868df64e38afbd607801618dcab0b33d753e8435690f0e5a173af2dfe8,843118,2,,,,corpus LA_corpus_2026-09-21: from LA_ws_2026-09-21; flags no_text_layer,2023-07-18,,,in_force
0.2.0,,la-la2084-001,LA,https://laoofficialgazette.gov.la/kcfinder/upload/files/law_3461689686605.pdf,2026-09-21T03:49:20Z,pdf_native,false,raw/la/la_2084/20260921T0349Z__native.pdf,"ຂໍ້ຕົກລົງ ວ່າດ້ວຍການຄຸ້ມຄອງນໍ້າ, ຊັບພະຍາກອນນໍ້າ ແລະ ດິນບໍລິເວນນໍ້າ",,,,requests,200,raw/la/la_2084/20260921T0349Z__native.pdf.headers.json,application/pdf,46cf05c82a464a9f7ad323b84f8e2e33f562e38bb673799e678889a87226e96f,2638357,12,,,,corpus LA_corpus_2026-09-21: from LA_ws_2026-09-21,2023-07-24,,,in_force
0.2.0,,la-la2085-001,LA,https://laoofficialgazette.gov.la/kcfinder/upload/files/law_9771689686637.pdf,2026-09-21T03:49:17Z,pdf_native,false,raw/la/la_2085/20260921T0349Z__native.pdf,ຂໍ້ຕົກລົງ ວ່າດ້ວຍການຄຸ້ມຄອງສິ່ງເສດເຫຼືອ,,,,requests,200,raw/la/la_2085/20260921T0349Z__native.pdf.headers.json,application/pdf,f9ddb8f204556db029ea6358213539e2bea93daac5b14bb587bfec465473e7ba,2212322,12,,,,corpus LA_corpus_2026-09-21: from LA_ws_2026-09-21,2023-07-24,,,in_force
0.2.0,,la-la2086-001,LA,https://laoofficialgazette.gov.la/kcfinder/upload/files/law_4821689686669.pdf,2026-09-21T00:53:26Z,pdf_scanned,true,raw/la/la_2086/20260921T0053Z__scanned.pdf,ຂໍ້ຕົກລົງ ວ່າດ້ວຍການຄຸ້ມຄອງວຽກງານໄປສະນີ ພາຍໃນແຂວງຫຼວງນໍ້າທາ,,,,requests,200,raw/la/la_2086/20260921T0053Z__scanned.pdf.headers.json,application/pdf,9eb0720b0008654c42845ac7c7d86951bbf686cdf9ea8f17f0bf2dd20b9f9e1f,1163270,13,,,,corpus LA_corpus_2026-09-21: from LA_ws_2026-09-21; flags no_text_layer,2023-07-24,,,in_force
0.2.0,,la-la2087-001,LA,https://laoofficialgazette.gov.la/kcfinder/upload/files/law_8651689686702.pdf,2026-09-21T03:49:25Z,pdf_scanned,true,raw/la/la_2087/20260921T0349Z__scanned.pdf,"ຂໍ້ຕົກລົງ ວ່າດ້ວຍການສົ່ງເສີມຈຸນລະວິສາຫະກິດ, ວິສາຫະກິດຂະໜາດນ້ອຍ ແລະ ກາງຂອງແຂວງຫຼວງນໍ້າທາ",,,,requests,200,raw/la/la_2087/20260921T0349Z__scanned.pdf.headers.json,application/pdf,d8e8695f46308ce693a72fc2132d72fa9b55e3b174234f3559e97f81566fde7a,1125226,15,,,,corpus LA_corpus_2026-09-21: from LA_ws_2026-09-21; flags no_text_layer,2023-07-24,,,in_force
0.2.0,,la-la2088-001,LA,https://laoofficialgazette.gov.la/kcfinder/upload/files/law_4131689686734.pdf,2026-09-21T03:49:33Z,pdf_scanned,true,raw/la/la_2088/20260921T0349Z__scanned.pdf,ຂໍ້ຕົກລົງ ວ່າດ້ວຍການພັດທະນາເຂດອຸດສາຫະກຳ ແລະ ນິຄົມອຸດສາຫະກຳ,,,,requests,200,raw/la/la_2088/20260921T0349Z__scanned.pdf.headers.json,application/pdf,5ebf5d8aa034d16aba28073ac0e1652c5bace0dd939ff98818aecc77781d39b1,878170,12,,,,corpus LA_corpus_2026-09-21: from LA_ws_2026-09-21; flags no_text_layer,2023-07-24,,,in_force
0.2.0,,la-la2089-001,LA,https://laoofficialgazette.gov.la/kcfinder/upload/files/law_2641689686769.pdf,2026-09-21T03:48:45Z,pdf_scanned,true,raw/la/la_2089/20260921T0348Z__scanned.pdf,ຂໍ້ຕົກລົງ ວ່າດ້ວຍການຄຸ້ມຄອງໂຮງງານຜະລິດຝຸ່ນ,,,,requests,200,raw/la/la_2089/20260921T0348Z__scanned.pdf.headers.json,application/pdf,f9b67a8e9c9d6d737ea73580f93093345fcca02dec59326a6e02ec11b8d1ed6c,1092117,18,,,,corpus LA_corpus_2026-09-21: from LA_ws_2026-09-21; flags no_text_layer,2023-07-27,,,in_force
0.2.0,,la-la2090-001,LA,https://laoofficialgazette.gov.la/kcfinder/upload/files/law_1211689686801.pdf,2026-09-21T03:48:36Z,pdf_scanned,true,raw/la/la_2090/20260921T0348Z__scanned.pdf,ຂໍ້ຕົກລົງ ວ່າດ້ວຍກອງທຶນສົ່ງເສີມ ແລະ ພັດທະນາວຽກງານກິລາ - ກາຍຍະກຳແຂວງ ບໍ່ແກ້ວ,,,,requests,200,raw/la/la_2090/20260921T0348Z__scanned.pdf.headers.json,application/pdf,421d7381534c179de5396c300103f84ae8700b545b2efd61a4d32f7631e822bc,652243,11,,,,corpus LA_corpus_2026-09-21: from LA_ws_2026-09-21; flags no_text_layer,2023-07-27,,,in_force
0.2.0,,la-la2091-001,LA,https://laoofficialgazette.gov.la/kcfinder/upload/files/law_4961689686833.pdf,2026-09-21T03:49:39Z,pdf_scanned,true,raw/la/la_2091/20260921T0349Z__scanned.pdf,ຂໍ້ຕົກລົງ ວ່າດ້ວຍການຄຸ້ມຄອງ ແລະ ພັດທະນາຕົວເມືອງຫ້ວຍຊາຍ (ສະບັບປັບປຸງ),,,,requests,200,raw/la/la_2091/20260921T0349Z__scanned.pdf.headers.json,application/pdf,0bc7697a75d95c82e74bb5fb53766f971dfbcf8be97f4973016fbe885c754b73,1462969,23,,,,corpus LA_corpus_2026-09-21: from LA_ws_2026-09-21; flags no_text_layer,2023-07-24,,,in_force
0.2.0,,la-la2095-001,LA,https://laoofficialgazette.gov.la/kcfinder/upload/files/988ຈຂ2023.pdf,2026-09-21T03:47:24Z,pdf_scanned,true,raw/la/la_2095/20260921T0347Z__scanned.pdf,ຂໍ້ຕົກລົງວ່າດ້ວຍ ການຄຸ້ມຄອງຂີ້ເຫຍື້ອໃນແຂວງສະຫວັນນະເຂດ,,,,requests,200,raw/la/la_2095/20260921T0347Z__scanned.pdf.headers.json,application/pdf,6922c0f61cadfdbdd5e3ca02475c49a59db07c99aa7a8a3c49769761683db9c9,1509740,16,,,,corpus LA_corpus_2026-09-21: from LA_ws_2026-09-21; flags no_text_layer,2023-08-21,,,in_force
0.2.0,,la-la2096-001,LA,https://laoofficialgazette.gov.la/kcfinder/upload/files/484ຈຂ.ອປ2023.pdf,2026-09-21T03:47:32Z,pdf_scanned,true,raw/la/la_2096/20260921T0347Z__scanned.pdf,ຂໍ້ຕົກລົງວ່າດ້ວຍ ການສ້າງຕັ້ງ ແລະ ການຄຸ້ມຄອງກິດຈະການຟາມລ້ຽງສັດ ແຂວງອັດຕະປື,,,,requests,200,raw/la/la_2096/20260921T0347Z__scanned.pdf.headers.json,application/pdf,c5b383a97acaeaa4709c2e624b5dbd18c6a57a739c9b30eb33536c035aba113c,855111,15,,,,corpus LA_corpus_2026-09-21: from LA_ws_2026-09-21; flags no_text_layer,2023-08-21,,,in_force
0.2.0,,la-la2097-001,LA,https://laoofficialgazette.gov.la/kcfinder/upload/files/483ຈຂອປ2023.pdf,2026-09-21T03:47:16Z,pdf_scanned,true,raw/la/la_2097/20260921T0347Z__scanned.pdf,ຂໍ້ຕົກລົງວ່າດ້ວຍ ການຄຸ້ມຄອງ ແລະ ການນຳໃຊ້ຢາປາບສັດຕູພືດ ພາຍໃນແຂວງອັດຕະປື,,,,requests,200,raw/la/la_2097/20260921T0347Z__scanned.pdf.headers.json,application/pdf,6cd35827ee69e4f1ef5bde3dcec43ee7be6ee7bac87b6ecee86bccd8f5f6fa56,840805,13,,,,corpus LA_corpus_2026-09-21: from LA_ws_2026-09-21; flags no_text_layer,2023-08-21,,,in_force
0.2.0,,la-la2098-001,LA,https://laoofficialgazette.gov.la/kcfinder/upload/files/72-532ຈຂ.pdf,2026-09-21T03:47:37Z,pdf_scanned,true,raw/la/la_2098/20260921T0347Z__scanned.pdf,ຂໍ້ຕົກລົງວ່າດ້ວຍ ການຄຸ້ມຄອງ ແລະ ປະຕິບັດມາດຕະການຕໍ່ຜູ້ລະເມີດ ລະບຽບກົດໝາຍ ໃນຂົງເຂດກະສິກຳ ແລະ ປ່າໄມ້,,,,requests,200,raw/la/la_2098/20260921T0347Z__scanned.pdf.headers.json,application/pdf,37ff2fef123a1a44d2b99974f00574e1760c8ede976be097f1ddfa3b9cebdde3,1239463,16,,,,corpus LA_corpus_2026-09-21: from LA_ws_2026-09-21; flags no_text_layer,2023-08-21,,,in_force
0.2.0,,la-la2099-001,LA,https://laoofficialgazette.gov.la/kcfinder/upload/files/73-524ຈຂ.ບກ2023.pdf,2026-09-21T03:47:46Z,pdf_scanned,true,raw/la/la_2099/20260921T0347Z__scanned.pdf,ຂໍ້ຕົກລົງວ່າດ້ວຍ ການປັບລາຄາ ຄ່າບໍລິການເກັບມ້ຽນຂີ້ເຫຍື້ອ ຢູ່ໃນຕົວເມືອງຫ້ວຍຊາຍ ແຂວງບໍ່ແກ້ວ,,,,requests,200,raw/la/la_2099/20260921T0347Z__scanned.pdf.headers.json,application/pdf,ec598d703ad1555dd1afa77b9a9ab8ee0ac663365ed7a1ff53e79754abbad8a8,701907,4,,,,corpus LA_corpus_2026-09-21: from LA_ws_2026-09-21; flags no_text_layer,2023-08-21,,,in_force
0.2.0,,la-la2100-001,LA,https://laoofficialgazette.gov.la/kcfinder/upload/files/47-403ຈຂ.ບກ2023.pdf,2026-09-21T00:42:58Z,pdf_scanned,true,raw/la/la_2100/20260921T0042Z__scanned.pdf,ຄຳສັ່ງ ການໃຫ້ຄວາມຮ່ວມມື ໃນການຂຶ້ນທະບຽນແຮງງານລາວ ແລະ ແຮງງານຕ່າງປະເທດ ຕາມວາລະແຫ່ງຊາດ,,,,requests,200,raw/la/la_2100/20260921T0042Z__scanned.pdf.headers.json,application/pdf,651ea2f50e0bfdd9c61035bb99af364c334a134bdc4cb14c9a64376ae1e87f30,739293,2,,,,corpus LA_corpus_2026-09-21: from LA_ws_2026-09-21; flags no_text_layer,2023-08-21,,,in_force
0.2.0,,la-la2101-001,LA,https://laoofficialgazette.gov.la/kcfinder/upload/files/75-685ຈຂ.ບກ2023.pdf,2026-09-21T03:47:51Z,pdf_scanned,true,raw/la/la_2101/20260921T0347Z__scanned.pdf,"ຂໍ້ຕົກລົງວ່າດ້ວຍ ມາດຕະການ ປັບໃໝຕໍ່ຜູ້ລະເມີດການປູກກວ້ຍຫອມ ທີ່ບໍ່ຖືກຕ້ອງຕາມລະບຽບກົດໝາຍ ຂອງບັນດາບໍລິສັດ, ວິສາຫະກິດ ແລະ ບຸກຄົນ ຢຸູ່ພາຍໃນ ແຂວງບໍ່ແກ້ວ",,,,requests,200,raw/la/la_2101/20260921T0347Z__scanned.pdf.headers.json,application/pdf,d05545a805a1f96fbf5e0ad6fbb9709d81f6d17183a3b673064e003862ed5a7d,810470,2,,,,corpus LA_corpus_2026-09-21: from LA_ws_2026-09-21; flags no_text_layer,2023-08-21,,,in_force
0.2.0,,la-la2102-001,LA,https://laoofficialgazette.gov.la/kcfinder/upload/files/76-541ຈຂ.ບກ2019.pdf,2026-09-21T02:44:20Z,pdf_scanned,true,raw/la/la_2102/20260921T0244Z__scanned.pdf,"ຄຳສັ່ງວ່າດ້ວຍ ການຄຸ້ມຄອງ, ປົກປັກຮັກສາຊັບພະຍາກອນປ່າໄມ້ ແລະ ເຂດອ່າງຮັບນໍ້າ ເຂື່ອນໄຟຟ້ານໍ້າທາ 1 ເມືອງ ຜາອຸດົມ",,,,requests,200,raw/la/la_2102/20260921T0244Z__scanned.pdf.headers.json,application/pdf,8191186dc853c16b80da0fc41d5302f5a04a04856c84e865acf7886f0f367f42,568696,2,,,,corpus LA_corpus_2026-09-21: from LA_ws_2026-09-21; flags no_text_layer,2023-08-21,,,in_force
0.2.0,,la-la2103-001,LA,https://laoofficialgazette.gov.la/kcfinder/upload/files/77-510ຈຂ.ບກ2019.pdf,2026-09-21T03:48:01Z,pdf_scanned,true,raw/la/la_2103/20260921T0348Z__scanned.pdf,ຂໍ້ຕົກລົງວ່າດ້ວຍ ການກຳນົດລາຄາທີ່ດິນ ແລະ ສິ່ງປຸກສ້າງ ແຂວງບໍ່ແກ້ວ,,,,requests,200,raw/la/la_2103/20260921T0348Z__scanned.pdf.headers.json,application/pdf,559abbb21b360248787d9f2ede4b8c9cfa0b5e9554900eb6fefe70347008ac5b,769094,10,,,,corpus LA_corpus_2026-09-21: from LA_ws_2026-09-21; flags no_text_layer,2023-08-21,,,in_force
0.2.0,,la-la2104-001,LA,https://laoofficialgazette.gov.la/kcfinder/upload/files/78-825ຈຂ.ບກ2018.pdf,2026-09-21T05:07:48Z,pdf_scanned,true,raw/la/la_2104/20260921T0507Z__scanned.pdf,"ຄຳແນະນຳກ່ຽວກັບ ການຈັດຕັ້ງປະຕິບັດ ຜັນຂະຫຍາຍ ຄຳສັ່ງເລກທີ 05/ນຍ, ລົງວັນທີ 8 ພຶດສະພາ 2018 ວ່າດ້ວຍການເພີ່ມທະວີຄວາມເຂັ້ມງວດ ໃນການຄຸ້ມຄອງ ແລະ ກວດກາ ສັດນໍ້າ-ສັດປ່າ ແລະ ພືດປ່າ ປະເພດຫວງຫ້າມ",,,,requests,200,raw/la/la_2104/20260921T0507Z__scanned.pdf.headers.json,application/pdf,d1c3c0d974557bbef4d026b5e074fd946ecc27fd1d6df03da547abcd426d4cad,872484,10,,,,corpus LA_corpus_2026-09-21: from LA_ws_2026-09-21; flags no_text_layer,2023-08-21,,,in_force
0.2.0,,la-la2105-001,LA,https://laoofficialgazette.gov.la/kcfinder/upload/files/738ຈຂ.ຫພ2023.pdf,2026-09-21T03:48:10Z,pdf_scanned,true,raw/la/la_2105/20260921T0348Z__scanned.pdf,"ຂໍ້ຕົກລົງວ່າດ້ວຍ ກອງທຶນຄວບຄຸມ, ສະກັດກັ້ນ ແລະ ຕ້ານຢາເສບຕິດ ແຂວງຫົວພັນ",,,,requests,200,raw/la/la_2105/20260921T0348Z__scanned.pdf.headers.json,application/pdf,e0e47526fdf8d402c58687a5f1bc237e4ec75040aeb9941c6ebf7da9b0574ee7,737210,11,,,,corpus LA_corpus_2026-09-21: from LA_ws_2026-09-21; flags no_text_layer,2023-08-21,,,in_force
0.2.0,,la-la2106-001,LA,https://laoofficialgazette.gov.la/kcfinder/upload/files/1703 ກຕສ 22.6.2023.pdf,2026-09-21T03:46:54Z,pdf_scanned,true,raw/la/la_2106/20260921T0346Z__scanned.pdf,ຂໍ້ຕົກລົງວ່າດ້ວຍ ເລກໝາຍໂທລະສັບພິເສດ,,,,requests,200,raw/la/la_2106/20260921T0346Z__scanned.pdf.headers.json,application/pdf,b43e6b93d86c6bbe5bbd062c2598970f42afadb3d7eab1105af501a0b6189530,2094446,19,,,,corpus LA_corpus_2026-09-21: from LA_ws_2026-09-21; flags no_text_layer,2023-08-31,,,in_force
0.2.0,,la-la2107-001,LA,https://laoofficialgazette.gov.la/kcfinder/upload/files/10ນຍ2023.pdf,2026-09-21T00:42:51Z,pdf_scanned,true,raw/la/la_2107/20260921T0042Z__scanned.pdf,ຄຳສັ່ງວ່າດ້ວຍ ການຈັດຕັ້ງປະຕິບັດການຄຸ້ມຄອງເງິນຕາຕ່າງປະເທດ,,,,requests,200,raw/la/la_2107/20260921T0042Z__scanned.pdf.headers.json,application/pdf,3ecbdd3ab844b570d32f04c997060e785576457194c1428cfcf90e8c4a3322bf,681361,7,,,,corpus LA_corpus_2026-09-21: from LA_ws_2026-09-21; flags no_text_layer,2023-08-31,,,in_force
0.2.0,,la-la2108-001,LA,https://laoofficialgazette.gov.la/kcfinder/upload/files/667ທຫລ2023.pdf,2026-09-21T03:46:59Z,pdf_scanned,true,raw/la/la_2108/20260921T0346Z__scanned.pdf,ຂໍ້ຕົກລົງວ່າດ້ວຍ ການແກ້ໄຂຂໍ້ຂັດແຍ່ງການບໍລິການທາງດ້ານການເງິນ,,,,requests,200,raw/la/la_2108/20260921T0346Z__scanned.pdf.headers.json,application/pdf,655dbce8f0894a97d1257588d3962023e12ebb5cd303dc8d4db50f036a5f143f,653760,7,,,,corpus LA_corpus_2026-09-21: from LA_ws_2026-09-21; flags no_text_layer,2023-08-31,,,in_force
0.2.0,,la-la2109-001,LA,https://laoofficialgazette.gov.la/kcfinder/upload/files/677ທຫລ2023.pdf,2026-09-21T00:53:18Z,pdf_scanned,true,raw/la/la_2109/20260921T0053Z__scanned.pdf,ຂໍ້ຕົກລົງວ່າດ້ວຍ ການຄຸ້ມຄອງເງິນຕາຕ່າງປະເທດ ກ່ຽວກັບການນຳເຂົ້າ-ສົ່ງອອກ ສິນຄ້າ ແລະ ການບໍລິການ,,,,playwright,200,raw/la/la_2109/20260921T0053Z__scanned.pdf.headers.json,application/pdf,87a2800685cd40dd8eb08e1604d29050d1baf185a5c2cec1cbbfaf79280071a0,723401,9,,,,corpus LA_corpus_2026-09-21: from LA_ws_2026-09-21; flags no_text_layer,2023-08-31,,,in_force
0.2.0,,la-la2110-001,LA,https://laoofficialgazette.gov.la/kcfinder/upload/files/1101ອຄ2023.pdf,2026-09-21T03:47:13Z,pdf_scanned,true,raw/la/la_2110/20260921T0347Z__scanned.pdf,"ຂໍ້ຕົກລົງວ່າດ້ວຍການຮັບຮອງເອົາລາຍການສິນຄ້າ ໃນການນຳເຂົ້າຊົ່ວຄາວ, ສົ່ງອອກຊົ່ວຄາວ, ນຳເຂົ້າເພື່ອສົ່ງອອກຕໍ່ ແລະ ຜ່ານແດນ",,,,requests,200,raw/la/la_2110/20260921T0347Z__scanned.pdf.headers.json,application/pdf,f6dea0498cc0df35dcc447a124f895156bf2f0f1d867b6fed3dc01b635d0c6e5,3247964,95,,,,corpus LA_corpus_2026-09-21: from LA_ws_2026-09-21; flags no_text_layer,2023-08-31,,,in_force
0.2.0,,la-la2111-001,LA,https://laoofficialgazette.gov.la/kcfinder/upload/files/1430ກຊສ2023.pdf,2026-09-21T03:48:18Z,pdf_scanned,true,raw/la/la_2111/20260921T0348Z__scanned.pdf,ຂໍ້ຕົກລົງວ່າດ້ວຍ ການຄຸ້ມຄອງຄຸນນະພາບນໍ້າ ແລະ ການປ່ອຍນໍ້າເປື້ອນ,,,,requests,200,raw/la/la_2111/20260921T0348Z__scanned.pdf.headers.json,application/pdf,22ddcaa15e7a942833a4497f417e4394c0e015637ad5da25dd9e0baf68b1cef8,1017082,14,,,,corpus LA_corpus_2026-09-21: from LA_ws_2026-09-21; flags no_text_layer,2023-08-15,,,in_force
0.2.0,,la-la2112-001,LA,https://laoofficialgazette.gov.la/kcfinder/upload/files/91-264ຈຂຍຊ2019.pdf,2026-09-21T05:07:39Z,pdf_scanned,true,raw/la/la_2112/20260921T0507Z__scanned.pdf,"ຄຳແນະນຳວ່າດ້ວຍ ການເພີ່ມທະວີຄວາມເຂັ້ມງວດ ໃນການຄຸ້ມຄອງ, ປົກປັກຮັກສາ, ພັດທະນາ ແລະ ນຳໃຊ້ປ່າໄມ້, ທີ່ດິນປ່າໄມ້ ແລະ ຊັບພະຍາກອນປ່າໄມ້",,,,requests,200,raw/la/la_2112/20260921T0507Z__scanned.pdf.headers.json,application/pdf,a74c4730d422c6f8d44f89e748b4f8e43c6181127a90b0ad6c18c38771720876,943062,6,,,,corpus LA_corpus_2026-09-21: from LA_ws_2026-09-21; flags no_text_layer,2023-09-14,,,in_force
0.2.0,,la-la2113-001,LA,https://laoofficialgazette.gov.la/kcfinder/upload/files/92-110ຈຂຊຍ2023.pdf,2026-09-21T02:44:12Z,pdf_scanned,true,raw/la/la_2113/20260921T0244Z__scanned.pdf,"ຄໍ່າສັ່ງວ່າດ້ວຍ ການເພີ່ມທະວີຄວາມເຂັ້ມງວດ ໃນການຄຸ້ມຄອງ, ປົກປັກຮັກສາ, ພັດທະນາ ແລະ ນຳໃຊ້ປ່າໄມ້, ທີ່ດິນປ່າໄມ້, ຕ້ານ ແລະ ສະກັດກັ້ນການບຸກລຸກທຳລາຍປ່າໄມ້, ທີ່ດິນປ່າໄມ້ ແລະ ໄຟໄໝ້ລາມປ່າ",,,,requests,200,raw/la/la_2113/20260921T0244Z__scanned.pdf.headers.json,application/pdf,cffae42abb7754ca4b78da7eeca5a756089c11fc5d0c625309f46ebe538af20f,967999,3,,,,corpus LA_corpus_2026-09-21: from LA_ws_2026-09-21; flags no_text_layer,2023-09-14,,,in_force
0.2.0,,la-la2114-001,LA,https://laoofficialgazette.gov.la/kcfinder/upload/files/93-2347ກຕສ2023.pdf,2026-09-21T01:04:49Z,pdf_scanned,true,raw/la/la_2114/20260921T0104Z__scanned.pdf,ຂໍ້ຕົກລົງວ່າດ້ວຍ ການຂຶ້ນທະບຽນເລກໝາຍໂທລະສັບ,,,,requests,200,raw/la/la_2114/20260921T0104Z__scanned.pdf.headers.json,application/pdf,74f8b6461b9001fbcf71e4ddcb6a130059be2771f609a2cc941c08ff42e60633,890475,13,,,,corpus LA_corpus_2026-09-21: from LA_ws_2026-09-21; flags no_text_layer,2023-09-15,,,repealed
0.2.0,,la-la2115-001,LA,https://laoofficialgazette.gov.la/kcfinder/upload/files/499ກຍ2023.pdf,2026-09-21T05:07:27Z,pdf_scanned,true,raw/la/la_2115/20260921T0507Z__scanned.pdf,ຄຳແນະນຳວ່າດ້ວຍ ການປະຕິບັດຜົນຂອງການແກ້ໄຂຂໍ້ຂັດແຍ່ງທາງດ້ານເສດຖະກິດ,,,,requests,200,raw/la/la_2115/20260921T0507Z__scanned.pdf.headers.json,application/pdf,0adabf0e91189708c2f2ea8f7d9cbf85bbf60927da25a42b4dedc0561ad2f232,538797,4,,,,corpus LA_corpus_2026-09-21: from LA_ws_2026-09-21; flags no_text_layer,2023-09-27,,,in_force
0.2.0,,la-la2116-001,LA,https://laoofficialgazette.gov.la/kcfinder/upload/files/07ຈຂ2023.pdf,2026-09-21T02:44:05Z,pdf_scanned,true,raw/la/la_2116/20260921T0244Z__scanned.pdf,"ຄຳສັ່ງວ່າດ້ວຍ ການປ້ອງກັນ, ຄວບຄຸມ ແລະ ຕອບໂຕ້ການລະບາດຂອງພະຍາດໄຂ້ຍຸງລາຍ ຢູ່ພາຍໃນແຂວງຫຼວງນໍ້າທາ",,,,requests,200,raw/la/la_2116/20260921T0244Z__scanned.pdf.headers.json,application/pdf,bed3313bf7e27539059a798fcda561ce96f643333b3ce3bde9b8517039807723,767198,2,,,,corpus LA_corpus_2026-09-21: from LA_ws_2026-09-21; flags no_text_layer,2023-09-28,,,in_force
0.2.0,,la-la2117-001,LA,https://laoofficialgazette.gov.la/kcfinder/upload/files/213ລບ2023.pdf,2026-09-21T02:16:10Z,pdf_scanned,true,raw/la/la_2117/20260921T0216Z__scanned.pdf,ດຳລັດວ່າດ້ວຍ ເລກປະຈຳຕົວຜູ້ເສຍອາກອນ,,,,requests,200,raw/la/la_2117/20260921T0216Z__scanned.pdf.headers.json,application/pdf,376a3d69fb9bf2fb9ac9562d0915a7358f8fd3152422da814f2beb44b9c2f1dc,798504,8,,,,corpus LA_corpus_2026-09-21: from LA_ws_2026-09-21; flags no_text_layer,2023-09-28,,,in_force
0.2.0,,la-la2118-001,LA,"https://laoofficialgazette.gov.la/kcfinder/upload/files/115ຈຂຊຍ18,9,2023.pdf",2026-09-21T05:07:23Z,pdf_scanned,true,raw/la/la_2118/20260921T0507Z__scanned.pdf,"ຄຳແນະນຳວ່າດ້ວຍ ການເພີ່ມທະວີແກ້ໄຂບັນຫາເຄັ່ງຮ້ອນຂອງເສດຖະກິດ - ການເງິນ, ບັນຫາເງິນເຟີ້, ອັດຕາແລກປ່ຽນ ແລະ ລາຄາສິນຄ້າ ຢູ່ພາຍໃນແຂວງ ໄຊຍະບູລີ",,,,requests,200,raw/la/la_2118/20260921T0507Z__scanned.pdf.headers.json,application/pdf,31b90759d64288e382f6919c92d7deb4cdef0596226a89248cc2d28a6a3161e5,673529,6,,,,corpus LA_corpus_2026-09-21: from LA_ws_2026-09-21; flags no_text_layer,2023-10-02,,,in_force
0.2.0,,la-la2119-001,LA,https://laoofficialgazette.gov.la/kcfinder/upload/files/257ລບ23.8.2023.pdf,2026-09-21T02:15:53Z,pdf_scanned,true,raw/la/la_2119/20260921T0215Z__scanned.pdf,ດຳລັດວ່າດ້ວຍ ກອງທຶນຊ່ວຍເຫຼືອສຸກເສີນ,,,,requests,200,raw/la/la_2119/20260921T0215Z__scanned.pdf.headers.json,application/pdf,515647e08f57f38aba36c662b85996b65a6b5bc39d5090d118ac1f57893259c1,772243,8,,,,corpus LA_corpus_2026-09-21: from LA_ws_2026-09-21; flags no_text_layer,2023-10-04,,,in_force
0.2.0,,la-la2120-001,LA,https://laoofficialgazette.gov.la/kcfinder/upload/files/258ລບ23.8.2023.pdf,2026-09-21T02:15:13Z,pdf_scanned,true,raw/la/la_2120/20260921T0215Z__scanned.pdf,ດຳລັດວ່າດ້ວຍ ກອງທຶນເລືອດ,,,,requests,200,raw/la/la_2120/20260921T0215Z__scanned.pdf.headers.json,application/pdf,1720baadc6a249cf7a72c2c8e3eaf967289e782ab20826f38796fc13f212a88b,740409,8,,,,corpus LA_corpus_2026-09-21: from LA_ws_2026-09-21; flags no_text_layer,2023-10-04,,,in_force
0.2.0,,la-la2121-001,LA,https://laoofficialgazette.gov.la/kcfinder/upload/files/968ອຊ25.8.2023.pdf,2026-09-21T03:46:23Z,pdf_scanned,true,raw/la/la_2121/20260921T0346Z__scanned.pdf,"ຂໍ້ຕົກລົງວ່າດ້ວຍ ການຄຸ້ມຄອງຄູ, ນັກຮຽນ ແລະ ສະຖານການສຶກສາ ສາຍສາມັນ ຢູ່ແຂວງ ອຸດົມໄຊ",,,,requests,200,raw/la/la_2121/20260921T0346Z__scanned.pdf.headers.json,application/pdf,2a8e61d86004a56cd33c610e37373e10a6149436d84d75b481e188fdfa01394d,1396860,22,,,,corpus LA_corpus_2026-09-21: from LA_ws_2026-09-21; flags no_text_layer,2023-10-05,,,in_force
0.2.0,,la-la2122-001,LA,https://laoofficialgazette.gov.la/kcfinder/upload/files/1008ອຊ31.8.2023.pdf,2026-09-21T00:53:11Z,pdf_scanned,true,raw/la/la_2122/20260921T0053Z__scanned.pdf,ຂໍ້ຕົກລົງວ່າດ້ວຍ ການຄຸ້ມຄອງບໍລິການໄປສະນີ ຢູ່ແຂວງ ອຸດົມໄຊ,,,,requests,200,raw/la/la_2122/20260921T0053Z__scanned.pdf.headers.json,application/pdf,616f66eb1d339737c39244116370e15a3842e81b05d8e360ee340508be52f29b,1164300,15,,,,corpus LA_corpus_2026-09-21: from LA_ws_2026-09-21; flags no_text_layer,2023-10-05,,,in_force
0.2.0,,la-la2123-001,LA,https://laoofficialgazette.gov.la/kcfinder/upload/files/1009ອຊ31.8.2023.pdf,2026-09-21T03:46:31Z,pdf_scanned,true,raw/la/la_2123/20260921T0346Z__scanned.pdf,"ຂໍ້ຕົກລົງວ່າດ້ວຍ ການນຳໃຊ້, ກະກັດກັ້ນ ແລະ ແກ້ໄຂບັນຫາ ສື່ສັງຄົມອອນລາຍ ຢູ່ແຂວງ ອຸດົມໄຊ",,,,requests,200,raw/la/la_2123/20260921T0346Z__scanned.pdf.headers.json,application/pdf,0b9d38a5b3ea0e897e23a000be061bababd8135c335f57a65a712bb34db8c4c3,1071191,13,,,,corpus LA_corpus_2026-09-21: from LA_ws_2026-09-21; flags no_text_layer,2023-10-05,,,in_force
0.2.0,,la-la2124-001,LA,https://laoofficialgazette.gov.la/kcfinder/upload/files/1010ອຊ31.8.2023.pdf,2026-09-21T03:46:39Z,pdf_scanned,true,raw/la/la_2124/20260921T0346Z__scanned.pdf,ຂໍ້ຕົກລົງວ່າດ້ວຍ ການຄຸ້ມຄອງ ແລະ ນຳໃຊ້ທີ່ດິນກະສິກຳແຂວງ ອຸດົມໄຊ,,,,playwright,200,raw/la/la_2124/20260921T0346Z__scanned.pdf.headers.json,application/pdf,53ff744d8b5535d04481f81dde558016aafc5613937b77096ad39e81767d36c4,949404,11,,,,corpus LA_corpus_2026-09-21: from LA_ws_2026-09-21; flags no_text_layer,2023-10-05,,,in_force
0.2.0,,la-la2125-001,LA,https://laoofficialgazette.gov.la/kcfinder/upload/files/1119.pdf,2026-09-21T03:46:22Z,pdf_scanned,true,raw/la/la_2125/20260921T0346Z__scanned.pdf,ຂໍ້ຕົກລົງວ່າດ້ວຍ ການກໍຳນົດລາຄາຫົວໜ່ວຍຊົດເຊີຍຜົນກະທົບຈາກບັນດາໂຄງການ ພັດທະນາທົ່ວແຂວງ ໄຊສົມບູນ,,,,requests,200,raw/la/la_2125/20260921T0346Z__scanned.pdf.headers.json,application/pdf,0fe4f39c544daa03ec2e8ea69c2468d796e204bac16dd027faa86d6f18815360,7555056,18,,,,corpus LA_corpus_2026-09-21: from LA_ws_2026-09-21; flags no_text_layer,2023-10-11,,,in_force
0.2.0,,la-la2126-001,LA,https://laoofficialgazette.gov.la/kcfinder/upload/files/1404.pdf,2026-09-21T03:46:14Z,pdf_scanned,true,raw/la/la_2126/20260921T0346Z__scanned.pdf,ຂໍ້ຕົກລົງວ່າດ້ວຍ ການຄຸ້ມຄອງນໍ້້ຳລິນ,,,,requests,200,raw/la/la_2126/20260921T0346Z__scanned.pdf.headers.json,application/pdf,c1d321f7691e09b00cdc00d1e762ac60015b610d774f6b749d74a5616afdecc3,2453782,12,,,,corpus LA_corpus_2026-09-21: from LA_ws_2026-09-21; flags no_text_layer,2023-10-11,,,in_force
0.2.0,,la-la2127-001,LA,https://laoofficialgazette.gov.la/kcfinder/upload/files/913.pdf,2026-09-21T02:43:54Z,pdf_scanned,true,raw/la/la_2127/20260921T0243Z__scanned.pdf,ຄຳສັ່ງວ່າດ້ວຍ ການກວດກາ ແລະ ປະຕິບັດມາດຕະການ ຕໍ່ຜູ້ມີພາຫະນະໄວ້ຄອບຄອງທີ່ຍັງບໍ່ໄດ້ເສຍພາສີ-ອາກອນ ຕາມລະບຽບກົດໝາຍ,,,,requests,200,raw/la/la_2127/20260921T0243Z__scanned.pdf.headers.json,application/pdf,4568474146a0b167e13cc101fbcd050d2dee9065fa85426e2344d168f487b9ee,2504270,2,,,,corpus LA_corpus_2026-09-21: from LA_ws_2026-09-21; flags no_text_layer,2023-10-12,,,in_force
0.2.0,,la-la2128-001,LA,https://laoofficialgazette.gov.la/kcfinder/upload/files/914.pdf,2026-09-21T02:44:00Z,pdf_scanned,true,raw/la/la_2128/20260921T0244Z__scanned.pdf,ຄຳສັ່ງແນະນຳ ວ່າດ້ວຍການຕ້ານ ແລະ ສະກັດກັ້ນການຄ້າມະນຸດ ຢູ່ແຂວງ ອຸດົມໄຊ,,,,requests,200,raw/la/la_2128/20260921T0244Z__scanned.pdf.headers.json,application/pdf,c9dbe42bee49624ad74fb1a91c5180559b254b8f066beebeda0a85d33ff55d1c,4496764,3,,,,corpus LA_corpus_2026-09-21: from LA_ws_2026-09-21; flags no_text_layer,2023-10-12,,,in_force
0.2.0,,la-la2129-001,LA,https://laoofficialgazette.gov.la/kcfinder/upload/files/583.pdf,2026-09-21T03:45:46Z,pdf_scanned,true,raw/la/la_2129/20260921T0345Z__scanned.pdf,ຂໍ້ຕົກລົງວ່າດ້ວຍ ນະໂຍບາຍ ແລະ ລາຄາຫົວໜ່ວຍທົດແທນຕໍ່ຊັບສິນທີ່ໄດ້ຮັບຜົນກະທົບຈາກ ໂຄງການປັບປຸງ ແລະ ສ້ອມແປງທາງຫຼວງແຫ່ງຊາດ ເລກທີ 13 ໃຕ້ (ກມ 21 ຫາ ກມ 71) ເຂດບ້ານ ນາໄຊ ແລະ ບ້ານໄຊສະຫວ່າງ ( ກມ 66 ຫາ ກມ 71) ເມືອງ ທ່າພະບາດ ແຂວງ ບໍລິຄຳໄຊ,,,,requests,200,raw/la/la_2129/20260921T0345Z__scanned.pdf.headers.json,application/pdf,32da3ebdac4021367fb5013890c154f49249545024678eddef1df4e1c8dbb65b,8722383,14,,,,corpus LA_corpus_2026-09-21: from LA_ws_2026-09-21; flags no_text_layer,2023-10-12,,,in_force
0.2.0,,la-la2130-001,LA,https://laoofficialgazette.gov.la/kcfinder/upload/files/39ສພຊ1772023.pdf,2026-09-21T00:30:44Z,pdf_scanned,true,raw/la/la_2130/20260921T0030Z__scanned.pdf,ກົດໝາຍວ່າດ້ວຍ ທະນາຄານທຸລະກິດ ( ສະບັບປັບປຸງ ),,,,requests,200,raw/la/la_2130/20260921T0030Z__scanned.pdf.headers.json,application/pdf,ad9d10f6879d51830f5461bdcca82381d69dc4c71d1e37173933491c0595ea2d,11796168,41,,,,corpus LA_corpus_2026-09-21: from LA_ws_2026-09-21; flags no_text_layer,2023-10-13,,,in_force
0.2.0,,la-la2131-001,LA,https://laoofficialgazette.gov.la/kcfinder/upload/files/42ສພຊ1772023.pdf,2026-09-21T01:22:41Z,pdf_scanned,true,raw/la/la_2131/20260921T0122Z__scanned.pdf,ກົດໝາຍວ່າດ້ວຍ ສັດປ່າ ( ສະບັບປັບປຸງ ),,,,requests,200,raw/la/la_2131/20260921T0122Z__scanned.pdf.headers.json,application/pdf,503bf3a2036c6db7b6275e546dbc4c1f7426ed0254fceda14951ba3b2cfad0ab,7978958,28,,,,corpus LA_corpus_2026-09-21: from LA_ws_2026-09-21; flags no_text_layer,2023-10-13,,,in_force
0.2.0,,la-la2134-001,LA,https://laoofficialgazette.gov.la/kcfinder/upload/files/44-17-7-2023.pdf,2026-09-21T01:22:19Z,pdf_scanned,true,raw/la/la_2134/20260921T0122Z__scanned.pdf,ກົດໝາຍວ່າດ້ວຍ ການພິມຈຳໜ່າຍ (ສະບັບປັບປຸງ),,,,playwright,200,raw/la/la_2134/20260921T0122Z__scanned.pdf.headers.json,application/pdf,08cabbb0c96b9c31baa141b0237b95c8c9adfac00ce3d49d382513530d1c5d02,3365104,24,,,,corpus LA_corpus_2026-09-21: from LA_ws_2026-09-21; flags no_text_layer,2023-10-17,,,in_force
0.2.0,,la-la2135-001,LA,https://laoofficialgazette.gov.la/kcfinder/upload/files/1209-27-9-2023.pdf,2026-09-21T03:45:31Z,pdf_scanned,true,raw/la/la_2135/20260921T0345Z__scanned.pdf,ຂໍ້ຕົກລົງ ວ່າດ້ວຍການປະເມີນລາຄາທີ່ດິນທົ່ວແຂວງອັດຕະປື,,,,requests,200,raw/la/la_2135/20260921T0345Z__scanned.pdf.headers.json,application/pdf,15363fa13961c0e1df2a3ec34f19282dc0bceb8c32ac428c9650a8e9ef2cbc90,5642407,19,,,,corpus LA_corpus_2026-09-21: from LA_ws_2026-09-21; flags no_text_layer,2023-10-17,,,in_force
0.2.0,,la-la2137-001,LA,https://laoofficialgazette.gov.la/kcfinder/upload/files/38ສພຊ17.7.2023.pdf,2026-09-21T00:30:33Z,pdf_scanned,true,raw/la/la_2137/20260921T0030Z__scanned.pdf,ກົດໝາຍວ່າດ້ວຍ ສາທາລະນະສຸກ,,,,playwright,200,raw/la/la_2137/20260921T0030Z__scanned.pdf.headers.json,application/pdf,f6224b7b566f62abfdcfd6ddbc1c10176124208d3526ba750655874165bb1cdc,5311956,20,,,,corpus LA_corpus_2026-09-21: from LA_ws_2026-09-21; flags no_text_layer,2023-10-24,,,in_force
0.2.0,,la-la2138-001,LA,https://laoofficialgazette.gov.la/kcfinder/upload/files/43ສພຊ17.7.2023.pdf,2026-09-21T01:22:03Z,pdf_scanned,true,raw/la/la_2138/20260921T0122Z__scanned.pdf,ກົດໝາຍວ່າດ້ວຍ ການປົກປ້ອງສິດ ແລະ ຜົນປະໂຫຍດຂອງເດັກ ( ສະບັບປັບປງຸ ),,,,requests,200,raw/la/la_2138/20260921T0122Z__scanned.pdf.headers.json,application/pdf,d5b71b705b93dbb26eda13559f1695a460df555663b7c9514ec888c1784ebe98,7643348,30,,,,corpus LA_corpus_2026-09-21: from LA_ws_2026-09-21; flags no_text_layer,2023-10-24,,,in_force
0.2.0,,la-la2139-001,LA,https://laoofficialgazette.gov.la/kcfinder/upload/files/1897ອຄ24102023.pdf,2026-09-21T03:45:21Z,pdf_scanned,true,raw/la/la_2139/20260921T0345Z__scanned.pdf,ຂໍ້ຕົກລົງວ່າດ້ວຍ ການບໍລິການທີ່ປຶກສາຄວາມປອດໄພ ກ່ຽວກັບເຄມີ,,,,requests,200,raw/la/la_2139/20260921T0345Z__scanned.pdf.headers.json,application/pdf,a102aec279b1bfaf77c291bd2522891ab805a76669c78de2e83bb37a603750fc,3532975,7,,,,corpus LA_corpus_2026-09-21: from LA_ws_2026-09-21; flags no_text_layer,2023-10-25,,,in_force
0.2.0,,la-la2140-001,LA,https://laoofficialgazette.gov.la/kcfinder/upload/files/3932ກປທ21.7.2023.pdf,2026-09-21T05:07:14Z,pdf_scanned,true,raw/la/la_2140/20260921T0507Z__scanned.pdf,ຄຳແນະນຳ ການຈັດຕັ້ງປະຕິບັດ ດຳລັດວ່າດ້ວຍ ກຳລັງສຳຮອງປ້ອງກັນຊາດ,,,,requests,200,raw/la/la_2140/20260921T0507Z__scanned.pdf.headers.json,application/pdf,13a483550f767e7272d44ece09db06a58c51ffc77a3641959716412176238179,2835026,4,,,,corpus LA_corpus_2026-09-21: from LA_ws_2026-09-21; flags no_text_layer,2023-10-31,,,in_force
0.2.0,,la-la2141-001,LA,https://laoofficialgazette.gov.la/kcfinder/upload/files/148ລບ2.3.2021.pdf,2026-09-21T02:15:11Z,pdf_scanned,true,raw/la/la_2141/20260921T0215Z__scanned.pdf,ດຳລັດວ່າດ້ວຍ ກຳລັງສຳຮອງປ້ອງກັນຊາດ,,,,requests,200,raw/la/la_2141/20260921T0215Z__scanned.pdf.headers.json,application/pdf,f6ae74708df49e5ebfbd1aff37768cfa5a017303d7a7c6a68613b2984b2e2267,3646298,14,,,,corpus LA_corpus_2026-09-21: from LA_ws_2026-09-21; flags no_text_layer,2023-10-31,,,in_force
0.2.0,,la-la2142-001,LA,https://laoofficialgazette.gov.la/kcfinder/upload/files/40ສພຊ17.7.2023.pdf,2026-09-21T01:21:19Z,pdf_scanned,true,raw/la/la_2142/20260921T0121Z__scanned.pdf,ກົດໝາຍວ່າດ້ວຍ ສານທະຫານ (ສະບັບປັບປຸງ),,,,requests,200,raw/la/la_2142/20260921T0121Z__scanned.pdf.headers.json,application/pdf,74f6ba2465ef7053b8c97b21a2bd88a03e4d3ee076ddd3f0b5c34ff602a9a134,7176091,24,,,,corpus LA_corpus_2026-09-21: from LA_ws_2026-09-21; flags no_text_layer,2023-11-01,,,in_force
0.2.0,,la-la2143-001,LA,https://laoofficialgazette.gov.la/kcfinder/upload/files/4288ກປ17.10.2023.pdf,2026-09-21T04:54:40Z,pdf_scanned,true,raw/la/la_2143/20260921T0454Z__scanned.pdf,"ຂໍ້ຕົກລົງວ່າດ້ວຍ ການຄຸ້ມຄອງ, ພັດທະນາ ແລະ ປຸງແຕ່ງ ຢາງພາລາ",,,,requests,200,raw/la/la_2143/20260921T0454Z__scanned.pdf.headers.json,application/pdf,228790ccde3f45f97c7f137193503f57317a3297f5097143b24eecb94077d1b7,4227925,26,,,,corpus LA_corpus_2026-09-21: from LA_ws_2026-09-21; flags no_text_layer,2023-11-01,,,repealed
0.2.0,,la-la2144-001,LA,https://laoofficialgazette.gov.la/kcfinder/upload/files/ 4143ກປ3.10.2023.pdf,2026-09-21T05:07:07Z,pdf_scanned,true,raw/la/la_2144/20260921T0507Z__scanned.pdf,ຄຳແນະນຳ ກ່ຽວກັບ ການວາງແຜນຄຸ້ມຄອງປ່າໄມ້ຂັ້ນບ້ານ,,,,requests,200,raw/la/la_2144/20260921T0507Z__scanned.pdf.headers.json,application/pdf,cc0f3b57a92348404fa1de28f6c4f287f9f34bdf808ad1b0e730836d3dda2639,5355439,22,,,,corpus LA_corpus_2026-09-21: from LA_ws_2026-09-21; flags no_text_layer,2023-11-01,,,in_force
0.2.0,,la-la2145-001,LA,https://laoofficialgazette.gov.la/kcfinder/upload/files/4285ກປ16.10.2023.pdf,2026-09-21T03:45:00Z,pdf_scanned,true,raw/la/la_2145/20260921T0345Z__scanned.pdf,ຂໍ້ຕົກລົງວ່າດ້ວຍ ການຄຸ້ມຄອງໂຮງງານປຸງແຕ່ງຜະລິດຕະພັນສັດຂັ້ນຕົ້ນ,,,,requests,200,raw/la/la_2145/20260921T0345Z__scanned.pdf.headers.json,application/pdf,20fe286a0344f2109744407e5a793bf61d72e0e186b6dc5edf5fdb7f753575fd,3013647,11,,,,corpus LA_corpus_2026-09-21: from LA_ws_2026-09-21; flags no_text_layer,2023-11-01,,,in_force
0.2.0,,la-la2146-001,LA,https://laoofficialgazette.gov.la/kcfinder/upload/files/41ສພຊ17.7.2023.pdf,2026-09-21T01:21:26Z,pdf_scanned,true,raw/la/la_2146/20260921T0121Z__scanned.pdf,ກົດໝາຍວ່າດ້ວຍ ສັດນ້ຳ ແລະ ການປະມົງ (ສະບັບປັບປຸງ),,,,requests,200,raw/la/la_2146/20260921T0121Z__scanned.pdf.headers.json,application/pdf,0d8bae909e68db6b1060df6c78d6c68213f4504d60ae24a31ef7f8635d024d27,6648264,28,,,,corpus LA_corpus_2026-09-21: from LA_ws_2026-09-21; flags no_text_layer,2023-11-01,,,in_force
0.2.0,,la-la2147-001,LA,https://laoofficialgazette.gov.la/kcfinder/upload/files/2043ພບ11.10.2023.pdf,2026-09-21T03:45:08Z,pdf_scanned,true,raw/la/la_2147/20260921T0345Z__scanned.pdf,ຂໍ້ຕົກລົງວ່າດ້ວຍ ການນຳໃຊ້ສານມາກເກີຢອດໃສ່ນ້ຳມັນເຊື້ອໄຟ,,,,requests,200,raw/la/la_2147/20260921T0345Z__scanned.pdf.headers.json,application/pdf,025e79fa1f702135c13199095dfc8428d4d217e66920677f50db53cc053b601e,3042651,8,,,,corpus LA_corpus_2026-09-21: from LA_ws_2026-09-21; flags no_text_layer,2023-11-01,,,in_force
0.2.0,,la-la2148-001,LA,https://laoofficialgazette.gov.la/kcfinder/upload/files/246ລບ3.8.2023.pdf,2026-09-21T02:14:55Z,pdf_scanned,true,raw/la/la_2148/20260921T0214Z__scanned.pdf,ດຳລັດວ່າດ້ວຍ ທຶນພັດທະນາຊຸມຊົນ ໃນທຸລະກິດກ່ຽວກັບແຮ່ທາດ,,,,requests,200,raw/la/la_2148/20260921T0214Z__scanned.pdf.headers.json,application/pdf,251a4b61472673ed75e9796ccd79e37337c2c3ab26b3656bc8fa69577cddd711,3966910,9,,,,corpus LA_corpus_2026-09-21: from LA_ws_2026-09-21; flags no_text_layer,2023-11-01,,,in_force
0.2.0,,la-la2149-001,LA,https://laoofficialgazette.gov.la/kcfinder/upload/files/36ສພຊ17.7.2023.pdf,2026-09-21T01:21:30Z,pdf_scanned,true,raw/la/la_2149/20260921T0121Z__scanned.pdf,ກົດໝາຍວ່າດ້ວຍ ເຍົາວະຊົນລາວ,,,,requests,200,raw/la/la_2149/20260921T0121Z__scanned.pdf.headers.json,application/pdf,07d366396d2227374e1780af0783371fa74de39643112183411cb2fee7b69ad3,5408309,19,,,,corpus LA_corpus_2026-09-21: from LA_ws_2026-09-21; flags no_text_layer,2023-11-01,,,in_force
0.2.0,,la-la2150-001,LA,https://laoofficialgazette.gov.la/kcfinder/upload/files/35ສພຊ2023.pdf,2026-09-21T01:21:58Z,pdf_scanned,true,raw/la/la_2150/20260921T0121Z__scanned.pdf,ກົດໝາຍວ່າດ້ວຍ ອາກອນທີ່ດິນ,,,,requests,200,raw/la/la_2150/20260921T0121Z__scanned.pdf.headers.json,application/pdf,183278ace933ed551e289c2ee20dda13108d17b59ba8dc8ee84c5639c61edb89,5910947,18,,,,corpus LA_corpus_2026-09-21: from LA_ws_2026-09-21; flags no_text_layer,2023-11-01,,,in_force
0.2.0,,la-la2151-001,LA,https://laoofficialgazette.gov.la/kcfinder/upload/files/002.28.9.2023.pdf,2026-09-21T02:03:53Z,pdf_scanned,true,raw/la/la_2151/20260921T0203Z__scanned.pdf,ລັດຖະບັນຍັດວ່າດ້ວຍ ອັດຕາຄ່າຊັບພະຍາກອນທຳມະຊາດ,,,,requests,200,raw/la/la_2151/20260921T0203Z__scanned.pdf.headers.json,application/pdf,a1780288f1d7747b25d3508fc27484b97179e7b65c81b997b17ac9a0af8f4c34,3022818,8,,,,corpus LA_corpus_2026-09-21: from LA_ws_2026-09-21; flags no_text_layer,2023-11-01,,,in_force
0.2.0,,la-la2152-001,LA,https://laoofficialgazette.gov.la/kcfinder/upload/files/274ລບ2023.pdf,2026-09-21T02:14:45Z,pdf_scanned,true,raw/la/la_2152/20260921T0214Z__scanned.pdf,ດຳລັດວ່າດ້ວຍ ການເຄື່ອນໄຫວຂອງສຳນັກງານຜູ້ຕາງໜ້າເພື່ອພັດທະນາເສດຖະກິດຂອງຊາດ,,,,requests,200,raw/la/la_2152/20260921T0214Z__scanned.pdf.headers.json,application/pdf,50baf8709534bb04120a7efaac961138d4b51175be7ea4c69d6cec08bf375437,1425892,9,,,,corpus LA_corpus_2026-09-21: from LA_ws_2026-09-21; flags no_text_layer,2023-11-02,,,in_force
0.2.0,,la-la2153-001,LA,https://laoofficialgazette.gov.la/kcfinder/upload/files/1925ອຄ2023.pdf,2026-09-21T03:44:54Z,pdf_scanned,true,raw/la/la_2153/20260921T0344Z__scanned.pdf,ຂໍ້ຕົກລົງວ່າດ້ວຍ ການຮັບຮອງມາດຕະຖານຫ້ອງທົດລອງ,,,,requests,200,raw/la/la_2153/20260921T0344Z__scanned.pdf.headers.json,application/pdf,25fd2f3aa67cc8c69cde2787d0dc78fa0a034dcb75f96163b2d3a5424f889aeb,3804523,8,,,,corpus LA_corpus_2026-09-21: from LA_ws_2026-09-21; flags no_text_layer,2023-11-02,,,in_force
0.2.0,,la-la2154-001,LA,https://laoofficialgazette.gov.la/kcfinder/upload/files/37ສພຊ2023.pdf,2026-09-21T01:21:09Z,pdf_scanned,true,raw/la/la_2154/20260921T0121Z__scanned.pdf,ກົດໝາຍວ່າດ້ວຍ ການຈັດຫາງານ,,,,requests,200,raw/la/la_2154/20260921T0121Z__scanned.pdf.headers.json,application/pdf,7bd666bc797ee75e32a19b2b9f3e9d083c5c47844e4a3061228281c636b15c4d,7543120,23,,,,corpus LA_corpus_2026-09-21: from LA_ws_2026-09-21; flags no_text_layer,2023-11-02,,,in_force
0.2.0,,la-la2156-001,LA,https://laoofficialgazette.gov.la/kcfinder/upload/files/523.pdf,2026-09-21T02:43:47Z,pdf_scanned,true,raw/la/la_2156/20260921T0243Z__scanned.pdf,ຄຳສັ່ງວ່າດ້ວຍ ການຈັດຕັ້ງປະຕິບັດກົນໄກການບໍລິການຜ່ານປະຕູດຽວຢູ່ແຂວງ ອຸດົມໄຊ,,,,requests,200,raw/la/la_2156/20260921T0243Z__scanned.pdf.headers.json,application/pdf,8d4d84d23321da4756a7c4b443335af9e2473d89795927e1f4e70cbf51e19837,3454170,3,,,,corpus LA_corpus_2026-09-21: from LA_ws_2026-09-21; flags no_text_layer,2023-11-06,,,in_force
0.2.0,,la-la2157-001,LA,https://laoofficialgazette.gov.la/kcfinder/upload/files/4005ຫກ3.11.2023.pdf,2026-09-21T02:43:38Z,pdf_scanned,true,raw/la/la_2157/20260921T0243Z__scanned.pdf,ຄຳສັ່ງ ກ່ຽວກັບການຫ້າມລ້ຽງ ຫຼື ປ່ອຍສັດນ້ຳຕ່າງຖິ່ນ ທີ່ມີຜົນກະທົບຕໍ່ສັດນ້ຳພື້ນເມືອງ ແລະ ລະບົບນິເວດແຫຼ່ງນໍ້າ,,,,requests,200,raw/la/la_2157/20260921T0243Z__scanned.pdf.headers.json,application/pdf,569c129f33b644aefad229893bd05e80649509d2f62950b5df516d5c99f87af7,4271914,3,,,,corpus LA_corpus_2026-09-21: from LA_ws_2026-09-21; flags no_text_layer,2023-11-13,,,in_force
0.2.0,,la-la2158-001,LA,https://laoofficialgazette.gov.la/kcfinder/upload/files/1702.pdf,2026-09-21T00:53:07Z,pdf_scanned,true,raw/la/la_2158/20260921T0053Z__scanned.pdf,ຂໍ້ຕົກລົງວ່າດ້ວຍ ການຂື້ນທະບຽນ ແລະ ການຢັ້ງຢືນກວດສອບຖັງບັນຈຸນ້ຳມັນເຊື້ອໄຟໃນສາງ ແລະ ປ້ຳ,,,,playwright,200,raw/la/la_2158/20260921T0053Z__scanned.pdf.headers.json,application/pdf,d594483b89f4d01c51f87890cb51af25b64d3a0ac995548aefb6f5a851cb7fb5,4460132,8,,,,corpus LA_corpus_2026-09-21: from LA_ws_2026-09-21; flags no_text_layer,2023-11-17,,,in_force
0.2.0,,la-la2159-001,LA,https://laoofficialgazette.gov.la/kcfinder/upload/files/32593.pdf,2026-09-21T03:44:48Z,pdf_scanned,true,raw/la/la_2159/20260921T0344Z__scanned.pdf,ຂໍ້ຕົກລົງວ່າດ້ວຍ ປ້າຍສະຖານີລົດໄຟ,,,,requests,200,raw/la/la_2159/20260921T0344Z__scanned.pdf.headers.json,application/pdf,ab42aa52c11d5abbacac0508e8f266bd1475915e84f962c1557fd484cf864228,3273192,7,,,,corpus LA_corpus_2026-09-21: from LA_ws_2026-09-21; flags no_text_layer,2023-11-23,,,in_force
0.2.0,,la-la2162-001,LA,https://laoofficialgazette.gov.la/kcfinder/upload/files/1366ຈຂຊຍ22.11.2022.pdf,2026-09-21T03:46:49Z,pdf_scanned,true,raw/la/la_2162/20260921T0346Z__scanned.pdf,ຂໍ້ຕົກລົງວ່າດ້ວຍ ກອງທຶນຄວບຄຸມສະກັດກັ້ນ ແລະ ຕ້ານຢາເສບຕິດ,,,,requests,200,raw/la/la_2162/20260921T0346Z__scanned.pdf.headers.json,application/pdf,31e9963cfa39a35a77a3ea40a5ee8fd6e71c38a426646a45f06905bd5b7a10a1,522209,7,,,,corpus LA_corpus_2026-09-21: from LA_ws_2026-09-21; flags no_text_layer,2023-09-13,,,in_force
0.2.0,,la-la2163-001,LA,https://laoofficialgazette.gov.la/kcfinder/upload/files/355.pdf,2026-09-21T02:14:39Z,pdf_scanned,true,raw/la/la_2163/20260921T0214Z__scanned.pdf,ດຳລັດວ່າດ້ວຍ ການຄຸ້ມຄອງສິນຄ້ານຳໃຊ້ສອງດ້ານ,,,,requests,200,raw/la/la_2163/20260921T0214Z__scanned.pdf.headers.json,application/pdf,948dc6c7eb041f229818f00ae844b895531b9045f2ed669fa78da82bc8b241b1,4140625,14,,,,corpus LA_corpus_2026-09-21: from LA_ws_2026-09-21; flags no_text_layer,2023-12-05,,,in_force
0.2.0,,la-la2164-001,LA,https://laoofficialgazette.gov.la/kcfinder/upload/files/963ຂຜລ2023.pdf,2026-09-21T03:44:35Z,pdf_scanned,true,raw/la/la_2164/20260921T0344Z__scanned.pdf,ຂໍ້ຕົກລົງວ່າດ້ວຍ ການຄຸ້ມຄອງການປຸກສ້າງ ແລະ ກໍ່ສ້າງໃນທົ່ວແຂວງ,,,,requests,200,raw/la/la_2164/20260921T0344Z__scanned.pdf.headers.json,application/pdf,e0bb77bffbbb8fec0946d5d0a555bf835144dbd861d0fedbbf171922ddee98f7,5819229,23,,,,corpus LA_corpus_2026-09-21: from LA_ws_2026-09-21; flags no_text_layer,2023-12-05,,,in_force
0.2.0,,la-la2165-001,LA,https://laoofficialgazette.gov.la/kcfinder/upload/files/352ລບ2023.pdf,2026-09-21T02:14:30Z,pdf_scanned,true,raw/la/la_2165/20260921T0214Z__scanned.pdf,ດຳລັດວ່າດ້ວຍ ຄອນໂດມີນຽມ,,,,requests,200,raw/la/la_2165/20260921T0214Z__scanned.pdf.headers.json,application/pdf,8edf91f17242b80d323bcf6d689c68f9e30bf2361a57f4c366c590b5ffb48950,4059595,18,,,,corpus LA_corpus_2026-09-21: from LA_ws_2026-09-21; flags no_text_layer,2023-12-07,,,in_force
0.2.0,,la-la2166-001,LA,https://laoofficialgazette.gov.la/kcfinder/upload/files/35455555.pdf,2026-09-21T02:14:25Z,pdf_scanned,true,raw/la/la_2166/20260921T0214Z__scanned.pdf,ດຳລັດວ່າດ້ວຍ ການປັບໃໝ ແລະ ມາດຕະການອື່ນ ຕໍ່ຜູ້ລະເມີດກົດໝາຍ ແລະ ລະບຽບການ ກ່ຽວກັບການບິນພົນລະເຮືອນ,,,,requests,200,raw/la/la_2166/20260921T0214Z__scanned.pdf.headers.json,application/pdf,bb2e009b0d8088c6241feb02f1c261f038f945de3b2201cf241bc75cdb53108c,3738273,23,,,,corpus LA_corpus_2026-09-21: from LA_ws_2026-09-21; flags no_text_layer,2023-12-11,,,in_force
0.2.0,,la-la2167-001,LA,https://laoofficialgazette.gov.la/kcfinder/upload/files/1232ອຄ2.8.2023.pdf,2026-09-21T03:48:30Z,pdf_scanned,true,raw/la/la_2167/20260921T0348Z__scanned.pdf,ຂໍ້ຕົກລົງວ່າດ້ວຍ ການແບ່ງຂັ້ນຄຸ້ມຄອງໂຮງງານ,,,,requests,200,raw/la/la_2167/20260921T0348Z__scanned.pdf.headers.json,application/pdf,2a89769a14004ef12c59b03a2260d042bcfcd5bdeca2091bb243289fe31d5605,801022,3,,,,corpus LA_corpus_2026-09-21: from LA_ws_2026-09-21; flags no_text_layer,2023-08-08,,,in_force
0.2.0,,la-la2168-001,LA,https://laoofficialgazette.gov.la/kcfinder/upload/files/1233ອຄ2.8.2023.pdf,2026-09-21T03:48:26Z,pdf_scanned,true,raw/la/la_2168/20260921T0348Z__scanned.pdf,ຂໍ້ຕົກລົງວ່າດ້ວຍ ມາດຕະການປັບໃໝຕໍ່ຜູ້ລະເມີດລະບຽບການດຳເນີນກິດຈະການໂຮງງານ,,,,requests,200,raw/la/la_2168/20260921T0348Z__scanned.pdf.headers.json,application/pdf,b07ea3ef2c1748cdfafae85dd8e8f22b23887d35a4a63eea52b708c005efacea,701572,6,,,,corpus LA_corpus_2026-09-21: from LA_ws_2026-09-21; flags no_text_layer,2023-08-08,,,in_force
0.2.0,,la-la2169-001,LA,https://laoofficialgazette.gov.la/kcfinder/upload/files/4747ກປ2023.pdf,2026-09-21T02:43:33Z,pdf_scanned,true,raw/la/la_2169/20260921T0243Z__scanned.pdf,"ຄຳສັ່ງກ່ຽວກັບ ການເພີ່ມທະວີຄວາມຮັບຜິດຊອບໃນການຄຸ້ມຄອງການນຳເຂົ້າ, ສົ່ງອອກ, ສົ່ງຜ່ານສັດ ແລະ ຜະລິດຕະພັນສັດ ຕາມດ່ານສາກົນ, ດ່ານທ້ອງຖິ່ນ ແລະ ດ່ານປະເພນີ",,,,requests,200,raw/la/la_2169/20260921T0243Z__scanned.pdf.headers.json,application/pdf,c57b46f2a4cee6061b49ba0ba68d1ef7dd17bd0b4dfba7d1421fbdd159df4cf0,3315690,3,,,,corpus LA_corpus_2026-09-21: from LA_ws_2026-09-21; flags no_text_layer,2023-12-15,,,in_force
0.2.0,,la-la2171-001,LA,https://laoofficialgazette.gov.la/kcfinder/upload/files/350ລບ2023.pdf,2026-09-21T02:14:16Z,pdf_scanned,true,raw/la/la_2171/20260921T0214Z__scanned.pdf,ດຳລັດວ່າດ້ວຍ ທີ່ດິນບໍລິເວນນໍ້າ,,,,requests,200,raw/la/la_2171/20260921T0214Z__scanned.pdf.headers.json,application/pdf,72c866fcb58f8123608c9802fc40597662c06bf9c057c02c5b72e9d84c518828,3282037,16,,,,corpus LA_corpus_2026-09-21: from LA_ws_2026-09-21; flags no_text_layer,2023-12-19,,,in_force
0.2.0,,la-la2172-001,LA,https://laoofficialgazette.gov.la/kcfinder/upload/files/2405ອຄ2023.pdf,2026-09-21T00:52:58Z,pdf_scanned,true,raw/la/la_2172/20260921T0052Z__scanned.pdf,ຂໍ້ຕົກລົງວ່າດ້ວຍ ເຈົ້າໜ້າທີ່ທະບຽນວິສາຫະກິດ,,,,requests,200,raw/la/la_2172/20260921T0052Z__scanned.pdf.headers.json,application/pdf,8d44108d22efa5161b60d1873134c5d3a0bdfe51de2e01d58829aaf4488f2626,4089899,4,,,,corpus LA_corpus_2026-09-21: from LA_ws_2026-09-21; flags no_text_layer,2023-12-26,,,in_force
0.2.0,,la-la2173-001,LA,https://laoofficialgazette.gov.la/kcfinder/upload/files/ຄຳແນະນຳ 2406 ການຈັດຕັ້ງປະຕິບັດວຽກງານທະບຽນວິສາຫະກິດ.pdf,2026-09-21T01:09:45Z,pdf_native,false,raw/la/la_2173/20260921T0109Z__native.pdf,ຄຳແນະນຳກ່ຽວກັບ ການຈັດຕັ້ງປະຕິບັດວຽກງານທະບຽນວິສາຫະກິດ,,,,requests,200,raw/la/la_2173/20260921T0109Z__native.pdf.headers.json,application/pdf,4db988497c6648dd7eb899b281078acb20a99370aebed50ac09b7763f6199f42,975700,17,,,,corpus LA_corpus_2026-09-21: from LA_ws_2026-09-21,2023-12-26,,,in_force
0.2.0,,la-la2176-001,LA,https://laoofficialgazette.gov.la/kcfinder/upload/files/1170.pdf,2026-09-21T03:44:27Z,pdf_scanned,true,raw/la/la_2176/20260921T0344Z__scanned.pdf,ຂໍ້ຕົກລົງວ່າດ້ວຍ ວົງເງິນປົກປ້ອງ,,,,requests,200,raw/la/la_2176/20260921T0344Z__scanned.pdf.headers.json,application/pdf,c955b7a3777770810d5cb0639f1eb0487577f66e0e1181e6eea8a455363693b3,1215619,1,,,,corpus LA_corpus_2026-09-21: from LA_ws_2026-09-21; flags no_text_layer,2024-01-02,,,in_force
0.2.0,,la-la2177-001,LA,https://laoofficialgazette.gov.la/kcfinder/upload/files/1225.pdf,2026-09-21T00:52:49Z,pdf_scanned,true,raw/la/la_2177/20260921T0052Z__scanned.pdf,ຂໍ້ຕົກລົງວ່າດ້ວຍ ການຄຸ້ມຄອງເງິນຕາຕ່າງປະເທດກ່ຽວກັບການລົງທຶນໂດຍກົງຈາກຕ່າງປະເທດ,,,,requests,200,raw/la/la_2177/20260921T0052Z__scanned.pdf.headers.json,application/pdf,c80e0eaf9acb9321f20d109d229773942278aff5aa7c853ad8d749a1256f657f,2895596,9,,,,corpus LA_corpus_2026-09-21: from LA_ws_2026-09-21; flags no_text_layer,2024-01-02,,,in_force
0.2.0,,la-la2179-001,LA,https://laoofficialgazette.gov.la/kcfinder/upload/files/0008ອຄ2024.pdf,2026-09-21T03:44:17Z,pdf_scanned,true,raw/la/la_2179/20260921T0344Z__scanned.pdf,ຂໍ້ຕົກລົງວ່າດ້ວຍ ການຄຸ້ມຄອງໝາຍເລກກົດລະຫັດສາກົນ,,,,requests,200,raw/la/la_2179/20260921T0344Z__scanned.pdf.headers.json,application/pdf,2b468bd6c89a56cf6ba2e4c9b4a1dc30c961f0823b2361ccb7e0843a7b3e28cc,2527901,8,,,,corpus LA_corpus_2026-09-21: from LA_ws_2026-09-21; flags no_text_layer,2024-01-05,,,in_force
0.2.0,,la-la2180-001,LA,https://laoofficialgazette.gov.la/kcfinder/upload/files/1786-2-20_merged (1).pdf,2026-09-21T01:09:39Z,pdf_scanned,true,raw/la/la_2180/20260921T0109Z__scanned.pdf,ຄຳແນະນຳ ກ່ຽວກັບການຈັດຕັ້ງປະຕິບັດກົດໝາຍວ່າດ້ວຍ ທະບຽນສານ,,,,requests,200,raw/la/la_2180/20260921T0109Z__scanned.pdf.headers.json,application/pdf,d198cb0da44faad5fca9c45276335b14baf0de3308e0f2589831912be819dfdf,6768193,20,,,,corpus LA_corpus_2026-09-21: from LA_ws_2026-09-21; flags no_text_layer,2024-01-08,,,in_force
0.2.0,,la-la2181-001,LA,https://laoofficialgazette.gov.la/kcfinder/upload/files/4912ກປ2023.pdf,2026-09-21T04:54:32Z,pdf_scanned,true,raw/la/la_2181/20260921T0454Z__scanned.pdf,"ຂໍ້ຕົກລົງວ່າດ້ວຍ ການກຳນົດລາຍການຜະລິດຕະພັນໄມ້, ຫວາຍ ແລະ ໄມ້ປ່ອງເພື່ອສົ່ງອອກ",,,,requests,200,raw/la/la_2181/20260921T0454Z__scanned.pdf.headers.json,application/pdf,97b49b92cb90dc14198da680927bda3f305dd10c16b31cbbff118c17659478a5,22339291,24,,,,corpus LA_corpus_2026-09-21: from LA_ws_2026-09-21; flags no_text_layer,2024-01-10,,,repealed
0.2.0,,la-la2182-001,LA,https://laoofficialgazette.gov.la/kcfinder/upload/files/1321ຈຂ.ບກ2023.pdf,2026-09-21T05:07:01Z,pdf_scanned,true,raw/la/la_2182/20260921T0507Z__scanned.pdf,ຄຳແນະນຳກ່ຽວກັບ ການສ້າງຂໍ້ຕົກລົງຂອງເຈົ້າແຂວງ,,,,requests,200,raw/la/la_2182/20260921T0507Z__scanned.pdf.headers.json,application/pdf,52f6285e06d619360afb0bcee1ee4d2c58f54492e0ccd13d67f162d111403064,3136786,5,,,,corpus LA_corpus_2026-09-21: from LA_ws_2026-09-21; flags no_text_layer,2024-01-10,,,in_force
0.2.0,,la-la2183-001,LA,https://laoofficialgazette.gov.la/kcfinder/upload/files/373.pdf,2026-09-21T02:14:02Z,pdf_scanned,true,raw/la/la_2183/20260921T0214Z__scanned.pdf,ດຳລັດວ່າດ້ວຍ ການປັບໃໝ ແລະ ການນຳໃຊ້ມາດຕະການອື່ນ ຕໍ່ຜູ້ລະເມີດກົດໝາຍ ແລະ ລະບຽບການ ກ່ຽວກັບແຮ່ທາດ,,,,playwright,200,raw/la/la_2183/20260921T0214Z__scanned.pdf.headers.json,application/pdf,96c4654674879177c9ef606f0509b96ae16e91abd52ee2dfb02bf969f8a2373d,2869380,8,,,,corpus LA_corpus_2026-09-21: from LA_ws_2026-09-21; flags no_text_layer,2024-01-11,,,in_force
0.2.0,,la-la2184-001,LA,https://laoofficialgazette.gov.la/kcfinder/upload/files/0036.pdf,2026-09-21T03:44:14Z,pdf_scanned,true,raw/la/la_2184/20260921T0344Z__scanned.pdf,ຂໍ້ຕົກລົງວ່າດ້ວຍ ການສ້າງຕັ້ງ ແລະ ການຄຸ້ມຄອງ ກຸ່ມຜູ້ນຳໃຊ້ນ້ຳຊົນລະປະທານ,,,,requests,200,raw/la/la_2184/20260921T0344Z__scanned.pdf.headers.json,application/pdf,d7a219a07769eacb32c4e36568626e5b1ea8cd91b6338f5590662ff2cb3c6ac5,3806654,12,,,,corpus LA_corpus_2026-09-21: from LA_ws_2026-09-21; flags no_text_layer,2024-01-15,,,in_force
0.2.0,,la-la2185-001,LA,https://laoofficialgazette.gov.la/kcfinder/upload/files/0037.pdf,2026-09-21T03:44:06Z,pdf_scanned,true,raw/la/la_2185/20260921T0344Z__scanned.pdf,ຂໍ້ຕົກລົງວ່າດ້ວຍ ການສ້າງຕັ້ງ ແລະ ການຄຸ້ມຄອງ ກອງທຶນພັດທະນາຊົນລະປະທານ,,,,playwright,200,raw/la/la_2185/20260921T0344Z__scanned.pdf.headers.json,application/pdf,f2dee1eb1b10ea8d6f0401004c7474e024d7d9fdf66c4db7fe69a6b3e79d2601,4425205,13,,,,corpus LA_corpus_2026-09-21: from LA_ws_2026-09-21; flags no_text_layer,2024-01-15,,,in_force
0.2.0,,la-la2186-001,LA,https://laoofficialgazette.gov.la/kcfinder/upload/files/3806.pdf,2026-09-21T04:54:10Z,pdf_scanned,true,raw/la/la_2186/20260921T0454Z__scanned.pdf,ຂໍ້ຕົກລົງວ່າດ້ວຍ ການຫັນປ່ຽນປະເພດທີ່ດິນ,,,,requests,200,raw/la/la_2186/20260921T0454Z__scanned.pdf.headers.json,application/pdf,27fedee8d86d6cd398d0048a0ce84a0173c5b01140b35d633c6c70aed55f830d,3794978,7,,,,corpus LA_corpus_2026-09-21: from LA_ws_2026-09-21; flags no_text_layer,2024-01-15,,,repealed
0.2.0,,la-la2187-001,LA,https://laoofficialgazette.gov.la/kcfinder/upload/files/(194ລບ) ດຳລັດວ່າດ້ວຍ ກອງທຶນພັດທະນາອາຊີວະສຶກສາ.pdf,2026-09-21T02:13:54Z,pdf_native,false,raw/la/la_2187/20260921T0213Z__native.pdf,ດຳລັດວ່າດ້ວຍ ກອງທຶນພັດທະນາອາຊີວະສຶກສາ,,,,requests,200,raw/la/la_2187/20260921T0213Z__native.pdf.headers.json,application/pdf,f027a8bd4eea8ca61f5250058788489d04b95d1ac391a4f1708b97687afed400,2290836,7,,,,corpus LA_corpus_2026-09-21: from LA_ws_2026-09-21,2024-01-15,,,in_force
0.2.0,,la-la2191-001,LA,https://laoofficialgazette.gov.la/kcfinder/upload/files/3992.pdf,2026-09-21T00:52:44Z,pdf_scanned,true,raw/la/la_2191/20260921T0052Z__scanned.pdf,ຂໍ້ຕົກລົງວ່າດ້ວຍ ການຄຸ້ມຄອງສະມາຄົມປະກັນໄພແຫ່ງ ສປປ ລາວ,,,,requests,200,raw/la/la_2191/20260921T0052Z__scanned.pdf.headers.json,application/pdf,db0b0d91fe376965279559123d32d8715dca54f344167a5e28f4be1a61a3402f,4260700,7,,,,corpus LA_corpus_2026-09-21: from LA_ws_2026-09-21; flags no_text_layer,2024-01-30,,,in_force
0.2.0,,la-la2192-001,LA,https://laoofficialgazette.gov.la/kcfinder/upload/files/3995.pdf,2026-09-21T00:52:36Z,pdf_scanned,true,raw/la/la_2192/20260921T0052Z__scanned.pdf,ຂໍ້ຕົກລົງວ່າດ້ວຍ ໂຄງປະກອບການບໍລິຫານຄຸ້ມຄອງບໍລິສັດປະກັນໄພ,,,,requests,200,raw/la/la_2192/20260921T0052Z__scanned.pdf.headers.json,application/pdf,f6e8842330b8eb7eed825a68631540ce50e50aee7e64f2e44e59b1f9411f129c,4369426,6,,,,corpus LA_corpus_2026-09-21: from LA_ws_2026-09-21; flags no_text_layer,2024-01-30,,,in_force
0.2.0,,la-la2193-001,LA,https://laoofficialgazette.gov.la/kcfinder/upload/files/3996.pdf,2026-09-21T01:09:33Z,pdf_scanned,true,raw/la/la_2193/20260921T0109Z__scanned.pdf,ຄຳແນະນຳ ກ່ຽວກັບການຈັດຕັ້ງປະຕິບັດກົດໝາຍວ່າດ້ວຍ ການປະກັນໄພ ( ສະບັບປັບປຸງ ),,,,requests,200,raw/la/la_2193/20260921T0109Z__scanned.pdf.headers.json,application/pdf,efc5db3430cf4b928ca6fa50989b576b979b4e6f0d173296cd3e8962955508e2,7323408,20,,,,corpus LA_corpus_2026-09-21: from LA_ws_2026-09-21; flags no_text_layer,2024-01-31,,,in_force
0.2.0,,la-la2194-001,LA,https://laoofficialgazette.gov.la/kcfinder/upload/files/3991.pdf,2026-09-21T01:09:26Z,pdf_scanned,true,raw/la/la_2194/20260921T0109Z__scanned.pdf,ຄຳແນະນຳວ່າດ້ວຍ ຜະລິດຕະພັນປະກັນໄພ,,,,requests,200,raw/la/la_2194/20260921T0109Z__scanned.pdf.headers.json,application/pdf,b24fe4b65f3d67969dee4ab205b19bb057ce16a728c4f5eff02a20bc130ea688,5234985,9,,,,corpus LA_corpus_2026-09-21: from LA_ws_2026-09-21; flags no_text_layer,2024-01-31,,,in_force
0.2.0,,la-la2195-001,LA,https://laoofficialgazette.gov.la/kcfinder/upload/files/02.pdf,2026-09-21T02:13:49Z,pdf_scanned,true,raw/la/la_2195/20260921T0213Z__scanned.pdf,ດຳລັດວ່າດ້ວຍ ປ່າຜະລິດ,,,,requests,200,raw/la/la_2195/20260921T0213Z__scanned.pdf.headers.json,application/pdf,aa9b526e48be2728a1634b38babcc0683a7d6133f42f3cde17983cc714dff63e,5653873,20,,,,corpus LA_corpus_2026-09-21: from LA_ws_2026-09-21; flags no_text_layer,2024-01-31,,,in_force
0.2.0,,la-la2196-001,LA,https://laoofficialgazette.gov.la/kcfinder/upload/files/01ລບ04.01.2024.pdf,2026-09-21T02:13:39Z,pdf_scanned,true,raw/la/la_2196/20260921T0213Z__scanned.pdf,ດຳລັດວ່າດ້ວຍ ປ່າປ້ອງກັນ,,,,playwright,200,raw/la/la_2196/20260921T0213Z__scanned.pdf.headers.json,application/pdf,d3a11b9f66ea9a77c396ea7b52f4211e7f5e1e417f6a4a456666def07dfafa8e,5465063,23,,,,corpus LA_corpus_2026-09-21: from LA_ws_2026-09-21; flags no_text_layer,2024-01-31,,,in_force
0.2.0,,la-la2197-001,LA,https://laoofficialgazette.gov.la/kcfinder/upload/files/01ຈຂອປ8.1.2024.pdf,2026-09-21T02:42:42Z,pdf_scanned,true,raw/la/la_2197/20260921T0242Z__scanned.pdf,"ຄຳສັ່ງແນະນຳ ກ່ຽວກັບການຫ້າມບຸກຄົນ, ນິຕິບຸກຄົນປຸກສ້າງອາຄານບ້ານເຮືອນ, ປູກຕົ້ນໄມ້ ໃສ່ກ້ອງແລວສາຍໄຟ ແລະ ລັກລອບ-ຮັບຊື້ຂາຍ ເຄື່ອງໄຟຟ້າທຸກຊະນິດຢູ່ແຂວງ ອັດຕະປື",,,,requests,200,raw/la/la_2197/20260921T0242Z__scanned.pdf.headers.json,application/pdf,3d2732373afc65a559982e5fc1a408639f6a40b1325eadefc7df4f121f5a242d,5793294,2,,,,corpus LA_corpus_2026-09-21: from LA_ws_2026-09-21; flags no_text_layer,2024-01-31,,,in_force
0.2.0,,la-la2198-001,LA,https://laoofficialgazette.gov.la/kcfinder/upload/files/02.17.1.2024.pdf,2026-09-21T02:42:49Z,pdf_scanned,true,raw/la/la_2198/20260921T0242Z__scanned.pdf,ຄຳສັ່ງວ່າດ້ວຍ ການຢຸດຕິການຂຸດຄົ້ນແຮ່ຄຳຕົກຂ້ອນຢູ່ພາຍໃນແຂວງ ອັດຕະປື,,,,playwright,200,raw/la/la_2198/20260921T0242Z__scanned.pdf.headers.json,application/pdf,75bcb8d9800fe38cfb4682ea718765f8b3fb5a2b7c60d6fcba95616d8246e481,2556695,1,,,,corpus LA_corpus_2026-09-21: from LA_ws_2026-09-21; flags no_text_layer,2024-01-31,,,in_force
0.2.0,,la-la2199-001,LA,https://laoofficialgazette.gov.la/kcfinder/upload/files/03.24.1.2024.pdf,2026-09-21T02:43:02Z,pdf_scanned,true,raw/la/la_2199/20260921T0243Z__scanned.pdf,"ຄຳສັ່ງວ່າດ້ວຍ ການຢຸດຕິການສຳຫຼວດ, ການຂຸດຄົ້ນໄມ້, ທ້ອນໂຮມໄມ້ ໃນທົ່ວແຂວງ ອັດຕະປື",,,,requests,200,raw/la/la_2199/20260921T0243Z__scanned.pdf.headers.json,application/pdf,19b5d708bdefe5db5cacd763e9e4b3a27e7e560b306b5e9fd9339d6cce3595fe,3395707,2,,,,corpus LA_corpus_2026-09-21: from LA_ws_2026-09-21; flags no_text_layer,2024-01-31,,,in_force
0.2.0,,la-la2200-001,LA,https://laoofficialgazette.gov.la/kcfinder/upload/files/0144.pdf,2026-09-21T03:43:58Z,pdf_scanned,true,raw/la/la_2200/20260921T0343Z__scanned.pdf,ຂໍ້ຕົກລົງວ່າດ້ວຍ ກາໝາຍຫັດຖະກຳ ແຫ່ງຊາດ,,,,requests,200,raw/la/la_2200/20260921T0343Z__scanned.pdf.headers.json,application/pdf,b4c0bdc7e2a5778e9a1e5d148ea0c337ea182371c90458b85467e9369a2fff26,4073252,10,,,,corpus LA_corpus_2026-09-21: from LA_ws_2026-09-21; flags no_text_layer,2024-02-05,,,in_force
0.2.0,,la-la2201-001,LA,https://laoofficialgazette.gov.la/kcfinder/upload/files/83.pdf,2026-09-21T02:13:30Z,pdf_scanned,true,raw/la/la_2201/20260921T0213Z__scanned.pdf,ດຳລັດວ່າດ້ວຍ ກອງທຶນນ້ຳມັນເຊື້ອໄຟ,,,,requests,200,raw/la/la_2201/20260921T0213Z__scanned.pdf.headers.json,application/pdf,dd00a050e0b25f21b5efcbdaeb1f469061b108df8a0a134a79d59e9f63914f87,4149055,8,,,,corpus LA_corpus_2026-09-21: from LA_ws_2026-09-21; flags no_text_layer,2024-02-06,,,in_force
0.2.0,,la-la2202-001,LA,https://laoofficialgazette.gov.la/kcfinder/upload/files/45 ສພຊ20.11.2023.pdf,2026-09-21T00:28:07Z,pdf_scanned,true,raw/la/la_2202/20260921T0028Z__scanned.pdf,ກົດໝາຍວ່າດ້ວຍ ລະບົບການຊຳລະ (ສະບັບປັບປຸງ),,P6,"P6-I2,P6-I3",requests,200,raw/la/la_2202/20260921T0028Z__scanned.pdf.headers.json,application/pdf,d1cb6684b016e53b360856e838e02d3651b56b029db7d294f913b96102832676,6482606,21,,,,corpus LA_corpus_2026-09-21: from LA_ws_2026-09-21; flags no_text_layer,2024-02-13,,,in_force
0.2.0,,la-la2203-001,LA,https://laoofficialgazette.gov.la/kcfinder/upload/files/47 ສພຊ20.11.2023 1.pdf,2026-09-21T01:21:01Z,pdf_scanned,true,raw/la/la_2203/20260921T0121Z__scanned.pdf,ກົດໝາຍວ່າດ້ວຍ ການຕິດຕາມກວດກາຂອງສະພາແຫ່ງຊາດ ແລະ ສະພາປະຊາຊົນຂັ້ນແຂວງ (ສະບັບປັບປຸງ),,,,requests,200,raw/la/la_2203/20260921T0121Z__scanned.pdf.headers.json,application/pdf,7cea485407bce4399060f35d61fe06ea7555dc820142f79c7248499c81d00ba6,9076500,40,,,,corpus LA_corpus_2026-09-21: from LA_ws_2026-09-21; flags no_text_layer,2024-02-13,,,in_force
0.2.0,,la-la2204-001,LA,https://laoofficialgazette.gov.la/kcfinder/upload/files/51ສພຊ20.11.2024.pdf,2026-09-21T01:20:51Z,pdf_scanned,true,raw/la/la_2204/20260921T0120Z__scanned.pdf,ກົດໝາຍວ່າດ້ວຍ ຜູ້ພິພາກສາ (ສະບັບປັບປຸງ),,,,requests,200,raw/la/la_2204/20260921T0120Z__scanned.pdf.headers.json,application/pdf,c06d3366810e84b21c37e0438216255155a44e5e9af9128f787c477a37419e9a,6512643,20,,,,corpus LA_corpus_2026-09-21: from LA_ws_2026-09-21; flags no_text_layer,2024-02-16,,,in_force
0.2.0,,la-la2205-001,LA,https://laoofficialgazette.gov.la/kcfinder/upload/files/48 ສພຊ20.11.2024.pdf,2026-09-21T00:30:24Z,pdf_scanned,true,raw/la/la_2205/20260921T0030Z__scanned.pdf,ກົດໝາຍວ່າດ້ວຍ ການປິ່ນປົວ (ສະບັບປັບປຸງ),,,,requests,200,raw/la/la_2205/20260921T0030Z__scanned.pdf.headers.json,application/pdf,5ff6a990cb84d7bd60191042476f5c705c732bd917e5232bee9f0d97306c5716,6897366,21,,,,corpus LA_corpus_2026-09-21: from LA_ws_2026-09-21; flags no_text_layer,2024-02-21,,,in_force
0.2.0,,la-la2206-001,LA,https://laoofficialgazette.gov.la/kcfinder/upload/files/49 ສພຊ20.11.2024.pdf,2026-09-21T01:20:45Z,pdf_scanned,true,raw/la/la_2206/20260921T0120Z__scanned.pdf,ກົດໝາຍວ່າດ້ວຍ ການຮັກສາສຸຂະພາບຂັ້ນຕົ້ນ,,,,requests,200,raw/la/la_2206/20260921T0120Z__scanned.pdf.headers.json,application/pdf,58f2f8ca086e6b595c211a02377464c847b8fd655e6abae60ce3ac094f388727,8904060,29,,,,corpus LA_corpus_2026-09-21: from LA_ws_2026-09-21; flags no_text_layer,2024-02-21,,,in_force
0.2.0,,la-la2207-001,LA,https://laoofficialgazette.gov.la/kcfinder/upload/files/46ສພຊ20.11.2023.pdf,2026-09-21T01:20:37Z,pdf_scanned,true,raw/la/la_2207/20260921T0120Z__scanned.pdf,ກົດໝາຍວ່າດ້ວຍ ການບັນຊີ (ສະບັບປັບປຸງ),,,,requests,200,raw/la/la_2207/20260921T0120Z__scanned.pdf.headers.json,application/pdf,c42db8a0601ef22556a724e48e576f77c1191fe351296ed0bef9f674a38b4cf9,10015574,31,,,,corpus LA_corpus_2026-09-21: from LA_ws_2026-09-21; flags no_text_layer,2024-02-22,,,in_force
0.2.0,,la-la2208-001,LA,https://laoofficialgazette.gov.la/kcfinder/upload/files/001ປປທ26.1.2024.pdf,2026-09-21T02:03:32Z,pdf_scanned,true,raw/la/la_2208/20260921T0203Z__scanned.pdf,"ລັດຖະບັນຍັດ ວ່າດ້ວຍການປັບປຸງບາງມາດຕາຂອງ ລັດຖະບັນຍັດວ່າດ້ວຍຄ່າທຳນຽມ ແລະ ຄ່າບໍລິການສະບັບເລກທີ 002/ປປທ, ລົງວັນທີ 17 ມິຖຸນາ 2021 ຂົງເຂດການຕ່າງປະເທດ",,,,requests,200,raw/la/la_2208/20260921T0203Z__scanned.pdf.headers.json,application/pdf,e0e2e1b4153c96d7806cd7ed27cc3ab1e207f83b73c9c0c366e92cf085603825,3835174,3,,,,corpus LA_corpus_2026-09-21: from LA_ws_2026-09-21; flags no_text_layer,2024-02-22,,,in_force
0.2.0,,la-la2209-001,LA,https://laoofficialgazette.gov.la/kcfinder/upload/files/1200 ອຊ 3.10.2023.pdf,2026-09-21T03:43:15Z,pdf_scanned,true,raw/la/la_2209/20260921T0343Z__scanned.pdf,"ຂໍ້ຕົກລົງ ການຈັດຕັ້ງຜັນຂະຫຍາຍ ມະຕິຕົກລົງຂອງລັດຖະບານ ວ່າດ້ວຍນະໂຍບາຍ ແລະ ມາດຕະການແກ້ໄຂບັນຫາການຂາດແຄນຄູສອນ, ການປະລະການຮຽນ ແລະ ສົ່ງເສີມເຂົ້າຮຽນວິຊາຊີບ",,,,requests,200,raw/la/la_2209/20260921T0343Z__scanned.pdf.headers.json,application/pdf,415d4d31633ca7e97ea35dd4408de61598c2d954503776ae73062e728a9c6341,1874849,4,,,,corpus LA_corpus_2026-09-21: from LA_ws_2026-09-21; flags no_text_layer,2024-02-27,,,in_force
0.2.0,,la-la2210-001,LA,https://laoofficialgazette.gov.la/kcfinder/upload/files/1690 ອຊ 19.12.2023.pdf,2026-09-21T03:43:23Z,pdf_scanned,true,raw/la/la_2210/20260921T0343Z__scanned.pdf,"ຂໍ້ຕົກລົງວ່າດ້ວຍ ການເພີ່ມທະວີຄວາມເຂັ້ມງວດ ໃນການຄຸ້ມຄອງ, ປົກປັກຮັກສາ, ພັດທະນາ ແລະ ນຳໃຊ້ປ່າໄມ້, ທີ່ດິນປ່າໄມ້, ຕ້ານ ແລະ ສະກັດກັ້ນ ການບຸກລຸກທຳລາຍປ່າໄມ້, ທີ່ດິນປ່າໄມ້ ແລະ ໄຟໄໝ້ລາມປ່າ ຢູ່ແຂວງ ອຸດົມໄຊ",,,,requests,200,raw/la/la_2210/20260921T0343Z__scanned.pdf.headers.json,application/pdf,9aadc0b00f6da9dcf79163e2be3f7d448de01d7855da53ffb41846a014fe431c,1443478,6,,,,corpus LA_corpus_2026-09-21: from LA_ws_2026-09-21; flags no_text_layer,2024-02-27,,,in_force
0.2.0,,la-la2211-001,LA,https://laoofficialgazette.gov.la/kcfinder/upload/files/237 ອຊ 8.2.2024.pdf,2026-09-21T03:43:32Z,pdf_scanned,true,raw/la/la_2211/20260921T0343Z__scanned.pdf,ຂໍ້ຕົກລົງວ່າດ້ວຍ ການຄຸ້ມຄອງ ແລະ ນຳໃຊ້ຊົນລະປະທານ ຢູ່ແຂວງ ອຸດົມໄຊ,,,,requests,200,raw/la/la_2211/20260921T0343Z__scanned.pdf.headers.json,application/pdf,9cef1a980bc63e85ba5c194367ecdf76761a241317f9ddac48b25222cc80e2bb,2090004,13,,,,corpus LA_corpus_2026-09-21: from LA_ws_2026-09-21; flags no_text_layer,2024-02-27,,,in_force
0.2.0,,la-la2212-001,LA,https://laoofficialgazette.gov.la/kcfinder/upload/files/238 ອຊ 8.2.2024.pdf,2026-09-21T03:43:45Z,pdf_scanned,true,raw/la/la_2212/20260921T0343Z__scanned.pdf,ຂໍ້ຕົກລົງວ່າດ້ວຍ ລາຄາຫົວໜ່ວຍທົດແທນຄ່າເສຍຫາຍຈາກໂຄງການປັບປຸງທາງຫຼວງແຫ່ງຊາດ 2W ແລະ 2E ພາຍໃຕ້ໂຄງການ ພັດທະນາຕາມແລວທາງເສດຖະກິດອາຊີຕາເວັນອອກສ່ຽງໃຕ້ ເພື່ອການເຊື່ອມຈອດ-ເຊື່ອມໂຍງ (SEARECC),,,,requests,200,raw/la/la_2212/20260921T0343Z__scanned.pdf.headers.json,application/pdf,e13b9b8d11a3ac418e488bf09737cb0f602052861ea5b26268db42b03b60db09,8408717,25,,,,corpus LA_corpus_2026-09-21: from LA_ws_2026-09-21; flags no_text_layer,2024-02-27,,,in_force
0.2.0,,la-la2213-001,LA,https://laoofficialgazette.gov.la/kcfinder/upload/files/240ອຊ 8.2.2024.pdf,2026-09-21T03:43:49Z,pdf_scanned,true,raw/la/la_2213/20260921T0343Z__scanned.pdf,ຂໍ້ຕົກລົງວ່າດ້ວຍ ການກຳນົດລາຄາຫົວໜ່ວຍນ້ຳປະປາ ຢູ່ແຂວງ ອຸດົມໄຊ,,,,requests,200,raw/la/la_2213/20260921T0343Z__scanned.pdf.headers.json,application/pdf,d97bfd5936960fc276ba75274db0e761004fb6692e9f0d3c7d73e450ad9d0f06,3518314,9,,,,corpus LA_corpus_2026-09-21: from LA_ws_2026-09-21; flags no_text_layer,2024-02-27,,,in_force
0.2.0,,la-la2214-001,LA,https://laoofficialgazette.gov.la/kcfinder/upload/files/50 ສພຊ 20.11.2023.pdf,2026-09-21T00:30:18Z,pdf_scanned,true,raw/la/la_2214/20260921T0030Z__scanned.pdf,ກົດໝາຍວ່າດ້ວຍ ຊັບສິນທາງປັນຍາ (ສະບັບປັບປຸງ),,,,requests,200,raw/la/la_2214/20260921T0030Z__scanned.pdf.headers.json,application/pdf,1fba8f0ee7e8590f4830aaa09782312882eb45d88c296bb4d228649a54d7c0f9,10326392,65,,,,corpus LA_corpus_2026-09-21: from LA_ws_2026-09-21; flags no_text_layer,2024-03-01,,,in_force
0.2.0,,la-la2216-001,LA,https://laoofficialgazette.gov.la/kcfinder/upload/files/295.15.2.2024.pdf,2026-09-21T03:43:13Z,pdf_scanned,true,raw/la/la_2216/20260921T0343Z__scanned.pdf,ຂໍ້ຕົກລົງວ່າດ້ວຍ ກອງທຶນຄຸ້ມຄອງໄພພິບັດ ແຂວງບໍ່ແກ້ວ,,,,requests,200,raw/la/la_2216/20260921T0343Z__scanned.pdf.headers.json,application/pdf,eb06638662fae269e56e18015816fd6856efdf60c0c63176c4dca440563d3ea6,7415000,14,,,,corpus LA_corpus_2026-09-21: from LA_ws_2026-09-21; flags no_text_layer,2024-03-13,,,in_force
0.2.0,,la-la2217-001,LA,https://laoofficialgazette.gov.la/kcfinder/upload/files/329 ກຍ.pdf,2026-09-21T03:42:11Z,pdf_scanned,true,raw/la/la_2217/20260921T0342Z__scanned.pdf,ຂໍ້ຕົກລົງວ່າດ້ວຍ ຜູ້ຄວບຄຸມຊັບສິນ ແລະ ວິສາຫະກິດໃຫ້ບໍລິການຄວບຄຸມຊັບສິນ,,,,requests,200,raw/la/la_2217/20260921T0342Z__scanned.pdf.headers.json,application/pdf,ba26ccaf7f76e169b862e643dfa7fe73b6d649b482821cf31fda75532bd25e30,2319355,9,,,,corpus LA_corpus_2026-09-21: from LA_ws_2026-09-21; flags no_text_layer,2024-03-20,,,in_force
0.2.0,,la-la2218-001,LA,https://laoofficialgazette.gov.la/kcfinder/upload/files/0304ຈຂ ຊບ.pdf,2026-09-21T03:42:21Z,pdf_scanned,true,raw/la/la_2218/20260921T0342Z__scanned.pdf,ຂໍ້ຕົກລົງວ່າດ້ວຍ ການກຳນົດລາຄາຫົວໜ່ວຍ ກິດຈະການກໍ່ສ້າງ ແລະ ສ້ອມແປງຂົວທາງ ຂອງໂຄງການລົງທຶນຂອງລັດ ພາຍໃນແຂວງ ໄຊສົມບູນ,,,,requests,200,raw/la/la_2218/20260921T0342Z__scanned.pdf.headers.json,application/pdf,655559fd2593f1af1877035c5cfbfda5e0b12d67d04df00b8d7d2fbf8f501784,3764456,11,,,,corpus LA_corpus_2026-09-21: from LA_ws_2026-09-21; flags no_text_layer,2024-03-20,,,in_force
0.2.0,,la-la2219-001,LA,https://laoofficialgazette.gov.la/kcfinder/upload/files/0314ຈຂ ຊບ.pdf,2026-09-21T03:42:33Z,pdf_scanned,true,raw/la/la_2219/20260921T0342Z__scanned.pdf,ຂໍ້ຕົກລົງວ່າດ້ວຍ ການຄຸ້ມຄອງພັດທະນາ ແລະ ບໍລິຫານຕົວເມືອງ,,,,requests,200,raw/la/la_2219/20260921T0342Z__scanned.pdf.headers.json,application/pdf,5fdb58666c1de39576d95a90b27159ca332a0f5bb97e64efd3fd8596612f9b7d,3658882,18,,,,corpus LA_corpus_2026-09-21: from LA_ws_2026-09-21; flags no_text_layer,2024-03-20,,,in_force
0.2.0,,la-la2220-001,LA,https://laoofficialgazette.gov.la/kcfinder/upload/files/0315ຈຂ ຊບ.pdf,2026-09-21T03:42:38Z,pdf_scanned,true,raw/la/la_2220/20260921T0342Z__scanned.pdf,ຂໍ້ຕົກລົງວ່າດ້ວຍ ການຄຸ້ມຄອງ ແລະ ພັດທະນາ ສາຍນ້ຳຈັ້ງ ແລະ ຂອບເຂດບໍລິເວນປ້ອງກັນຕາຝັ່ງເຈື່ອນ ແຂວງ ໄຊສົມບູນ,,,,requests,200,raw/la/la_2220/20260921T0342Z__scanned.pdf.headers.json,application/pdf,490567d10ad9874fda98563922d9922ec5c39da334a015098d0bc4b4f4d478df,2895590,12,,,,corpus LA_corpus_2026-09-21: from LA_ws_2026-09-21; flags no_text_layer,2024-03-20,,,in_force
0.2.0,,la-la2221-001,LA,https://laoofficialgazette.gov.la/kcfinder/upload/files/233.6.3.2024.pdf,2026-09-21T03:42:44Z,pdf_scanned,true,raw/la/la_2221/20260921T0342Z__scanned.pdf,ຂໍ້ຕົກລົງວ່າດ້ວຍ ກອງທຶນພັດທະນາກິລາ - ກາຍຍະກຳ,,,,requests,200,raw/la/la_2221/20260921T0342Z__scanned.pdf.headers.json,application/pdf,3446f268dba4d4573f825eb6fa91e86deaabac2f4d1ed6efa476cddb03f6eaab,5695222,9,,,,corpus LA_corpus_2026-09-21: from LA_ws_2026-09-21; flags no_text_layer,2024-03-20,,,in_force
0.2.0,,la-la2222-001,LA,https://laoofficialgazette.gov.la/kcfinder/upload/files/847.21.8.2023.pdf,2026-09-21T03:43:06Z,pdf_scanned,true,raw/la/la_2222/20260921T0343Z__scanned.pdf,ຂໍ້ຕົກລົງວ່າດ້ວຍ ການສ້າງນະຄອນຫຼວງວຽງຈັນ ສະອາດ (ສ. ສະອາດ),,,,requests,200,raw/la/la_2222/20260921T0343Z__scanned.pdf.headers.json,application/pdf,11bacc7a7271932b993d8e27467cecc37a5d297f408262846393025f1feaa8a5,13547247,21,,,,corpus LA_corpus_2026-09-21: from LA_ws_2026-09-21; flags no_text_layer,2024-03-20,,,in_force
0.2.0,,la-la2223-001,LA,https://laoofficialgazette.gov.la/kcfinder/upload/files/387.pdf,2026-09-21T03:42:07Z,pdf_scanned,true,raw/la/la_2223/20260921T0342Z__scanned.pdf,"ຂໍ້ຕົກລົງວ່າດ້ວຍ ການແບ່ງຄວາມຮັບຜິດຊອບ ໃນການຈັດຕັ້ງປະຕິບັດແຜນຈັດສັນທີ່ດິນ, ຄຸ້ມຄອງຊັບພະຍາກອນທຳມະຊາດ ແລະ ສິ່ງແວດລ້ອມຮອບດ້ານ ຮອດປີ 2030 ຂອງ ນະຄອນຫຼວງວຽງຈັນ",,,,requests,200,raw/la/la_2223/20260921T0342Z__scanned.pdf.headers.json,application/pdf,e49514933e1fc20771e0f9f0c3fdbc28c52f5ca3bcfc3b97a66d536b03450148,7793277,12,,,,corpus LA_corpus_2026-09-21: from LA_ws_2026-09-21; flags no_text_layer,2024-03-20,,,in_force
0.2.0,,la-la2224-001,LA,https://laoofficialgazette.gov.la/kcfinder/upload/files/536 1.3.2024.pdf,2026-09-21T03:42:01Z,pdf_scanned,true,raw/la/la_2224/20260921T0342Z__scanned.pdf,ຂໍ້ຕົກລົງວ່າດ້ວຍ ການຄຸ້ມຄອງກອງທຶນສັງຄົມສົງເຄາະແຂວງ ສະຫວັນນະເຂດ (ສະບັບປັບປຸງ),,,,requests,200,raw/la/la_2224/20260921T0342Z__scanned.pdf.headers.json,application/pdf,63e0b5c814907e14c81f5af6e063b2062ec7330d1f3290ff4eafd24d887a1c1e,2967251,14,,,,corpus LA_corpus_2026-09-21: from LA_ws_2026-09-21; flags no_text_layer,2024-03-25,,,in_force
0.2.0,,la-la2225-001,LA,https://laoofficialgazette.gov.la/kcfinder/upload/files/003 19.3.2024.pdf,2026-09-21T02:03:21Z,pdf_scanned,true,raw/la/la_2225/20260921T0203Z__scanned.pdf,ລັດຖະບັນຍັດ ວ່າດ້ວຍການປັບປຸງອັດຕາອາກອນມູນຄ່າເພີ່ມ,,,,requests,200,raw/la/la_2225/20260921T0203Z__scanned.pdf.headers.json,application/pdf,adefd6965213c7242677ca0f5f6d545f53a9ce9a3c4c2cc3965e65cfde4b35ca,1485412,2,,,,corpus LA_corpus_2026-09-21: from LA_ws_2026-09-21; flags no_text_layer,2024-03-26,,,in_force
0.2.0,,la-la2226-001,LA,https://laoofficialgazette.gov.la/kcfinder/upload/files/0558 14.2.2024.pdf,2026-09-21T01:09:17Z,pdf_scanned,true,raw/la/la_2226/20260921T0109Z__scanned.pdf,ຄຳແນະນຳ ກ່ຽວກັບການຈັດຕັ້ງປະຕິບັດພັນທະອາກອນມູນຄ່າເພີ່ມ ຜູ້ສະໜອງ ສິນຄ້າດີຈິຕອນ ແລະ ບໍລິການຮູບແບບ ດິຈິຕອນ (Digital Platform) ຫຼື ກິດຈະກຳການຄ້າທາງເອເລັກໂຕຣນິກ ຈາກຕ່າງປະເທດ ໃຫ້ຜູ້ຊົມໃຊ້ ຢູ່ ສປປ ລາວ,,,,requests,200,raw/la/la_2226/20260921T0109Z__scanned.pdf.headers.json,application/pdf,9d11e63900842f55ff3105d37b0e5679160efa0077496eaffac65a4818923e9e,2533232,7,,,,corpus LA_corpus_2026-09-21: from LA_ws_2026-09-21; flags no_text_layer,2024-03-26,,,in_force
0.2.0,,la-la2227-001,LA,https://laoofficialgazette.gov.la/kcfinder/upload/files/002 13.2.2024.pdf,2026-09-21T02:03:15Z,pdf_scanned,true,raw/la/la_2227/20260921T0203Z__scanned.pdf,"ລັດຖະບັນຍັດ ວ່າດ້ວຍການປັບປຸງມາດຕາ 50 ຂອງລັດຖະບັນຍັດວ່າດ້ວຍ ຄ່າທຳນຽມ ແລະ ຄ່າບໍລິການ ສະບັບເລກທີ 002/ປປທ, ລົງວັນທີ 17 ມິຖຸນາ 2021",,,,requests,200,raw/la/la_2227/20260921T0203Z__scanned.pdf.headers.json,application/pdf,45f724c94365e6774f8182a08d0085719654569135774ebe1c079ec17e0c518e,1560353,2,,,,corpus LA_corpus_2026-09-21: from LA_ws_2026-09-21; flags no_text_layer,2024-03-28,,,in_force
0.2.0,,la-la2228-001,LA,https://laoofficialgazette.gov.la/kcfinder/upload/files/368 26.3.2024.pdf,2026-09-21T03:41:39Z,pdf_scanned,true,raw/la/la_2228/20260921T0341Z__scanned.pdf,ຂໍ້ຕົກລົງວ່າດ້ວຍ ການຍົກເລີກນະໂຍບາຍສິນເຊື່ອ ເພື່ອແກ້ໄຂຜົນກະທົບຈາກສະພາບການລະບາດຂອງພະຍາດອັກເສບປອດຈາກເຊື້ອຈຸລະໂລກສາຍພັນໃໝ່ (COVID-19),,,,playwright,200,raw/la/la_2228/20260921T0341Z__scanned.pdf.headers.json,application/pdf,645d92a15b591e48423dbb08f76cc342b1092286936f7e6d3eb9a6733fde4e57,1957243,2,,,,corpus LA_corpus_2026-09-21: from LA_ws_2026-09-21; flags no_text_layer,2024-04-02,,,in_force
0.2.0,,la-la2229-001,LA,https://laoofficialgazette.gov.la/kcfinder/upload/files/05.1.4.2024.pdf,2026-09-21T03:10:22Z,pdf_scanned,true,raw/la/la_2229/20260921T0310Z__scanned.pdf,ຄຳສັ່ງວ່າດ້ວຍ ການຄຸ້ມຄອງ ແລະ ການເກັບກູ້ນຳໃຊ້ເຄື່ອງປ່າຂອງດົງ (ປະເພດໝາກຈອງບານ),,,,requests,200,raw/la/la_2229/20260921T0310Z__scanned.pdf.headers.json,application/pdf,93254bfa03097ce0ca05d757034b354d65713e14babb564970764fde8a6c01e1,1754137,2,,,,corpus LA_corpus_2026-09-21: from LA_ws_2026-09-21; flags no_text_layer,2024-04-08,,,repealed
0.2.0,,la-la2230-001,LA,https://laoofficialgazette.gov.la/kcfinder/upload/files/06.3.4.2024.pdf,2026-09-21T02:42:38Z,pdf_scanned,true,raw/la/la_2230/20260921T0242Z__scanned.pdf,"ຄຳສັ່ງກ່ຽວກັບ ການຕິດຕາມ, ກວດກາ ແລະ ໃຊ້ມາດຕະການຕໍ່ຜູ້ລະເມີດການຈຳໜ່າຍ, ຊື້-ຂາຍ ສິນຄ້າເກືອດຫ້າມປະເພດຕ່າງໆພາຍໃນແຂວງ ອັດຕະປື",,,,requests,200,raw/la/la_2230/20260921T0242Z__scanned.pdf.headers.json,application/pdf,74107de24adcffb24abaaaa552ec6f0ff239b1d7a68b1139bb081f0ebc8b0758,2250689,2,,,,corpus LA_corpus_2026-09-21: from LA_ws_2026-09-21; flags no_text_layer,2024-04-08,,,in_force
0.2.0,,la-la2232-001,LA,https://laoofficialgazette.gov.la/kcfinder/upload/files/0564.28.3.2024.pdf,2026-09-21T01:09:11Z,pdf_scanned,true,raw/la/la_2232/20260921T0109Z__scanned.pdf,ຄຳແນະນຳວ່າດ້ວຍ ການຈົດທະບຽນການເຄື່ອນໄຫວ ແລະ ການປ່ຽນແປງ ສິດນຳໃຊ້ທີ່ດິນ,,,,requests,200,raw/la/la_2232/20260921T0109Z__scanned.pdf.headers.json,application/pdf,45e9bb65eeb96638c58b002660776f43471145626c053c92ad560042dd8814b2,5750932,28,,,,corpus LA_corpus_2026-09-21: from LA_ws_2026-09-21; flags no_text_layer,2024-04-26,,,in_force
0.2.0,,la-la2233-001,LA,https://laoofficialgazette.gov.la/kcfinder/upload/files/588 4.4.2024.pdf,2026-09-21T03:40:58Z,pdf_scanned,true,raw/la/la_2233/20260921T0340Z__scanned.pdf,ຂໍ້ຕົກລົງວ່າດ້ວຍ ການຄຸ້ມຄອງ ແລະ ການພັດທະນາທີ່ດິນປ່າໄມ້ທົ່ວແຂວງ ຄຳມ່ວນ,,,,requests,200,raw/la/la_2233/20260921T0340Z__scanned.pdf.headers.json,application/pdf,510c9e569a4a967cc720d1e4adb226513799da4fa72564ef95f6e20dd1d0901f,5261052,16,,,,corpus LA_corpus_2026-09-21: from LA_ws_2026-09-21; flags no_text_layer,2024-04-30,,,in_force
0.2.0,,la-la2234-001,LA,https://laoofficialgazette.gov.la/kcfinder/upload/files/1874 5.4.2024.pdf,2026-09-21T03:40:52Z,pdf_scanned,true,raw/la/la_2234/20260921T0340Z__scanned.pdf,"ຂໍ້ຕົກລົງວ່າດ້ວຍ ການຮັບຮອງເອົາບັນຊີ ສັດປ່າ ປະເພດຫວງຫ້າມ ຫຼື ບັນຊີ I, ປະເພດຄຸ້ມຄອງ ຫຼື ບັນຊີ II, ແລະ ປະເພດທົ່ວໄປ ຫຼື ບັນຊີ III",,,,requests,200,raw/la/la_2234/20260921T0340Z__scanned.pdf.headers.json,application/pdf,8d88d2e69efc1b582d9b159e63d13f50a5a0a347439f74a8da074335eae0a156,16611264,30,,,,corpus LA_corpus_2026-09-21: from LA_ws_2026-09-21; flags no_text_layer,2024-05-06,,,in_force
0.2.0,,la-la2235-001,LA,https://laoofficialgazette.gov.la/kcfinder/upload/files/535 1.3.2024.pdf,2026-09-21T03:40:36Z,pdf_scanned,true,raw/la/la_2235/20260921T0340Z__scanned.pdf,ຂໍ້ຕົກລົງວ່າດ້ວຍ ການມີສ່ວນຮ່ວມຂອງສັງຄົມຕໍ່ການສຶກສາກ່ອນໄວຮຽນ ແລະ ສາມັນສຶກສາ ທົ່ວແຂວງ ສະຫວັນນະເຂດ,,,,requests,200,raw/la/la_2235/20260921T0340Z__scanned.pdf.headers.json,application/pdf,159f63be4692b39694358255020a501d22d9c819548df6ac1dcca0c7bc074e6b,6843372,11,,,,corpus LA_corpus_2026-09-21: from LA_ws_2026-09-21; flags no_text_layer,2024-05-07,,,in_force
0.2.0,,la-la2237-001,LA,https://laoofficialgazette.gov.la/kcfinder/upload/files/08.9.4.2024.pdf,2026-09-21T02:42:19Z,pdf_scanned,true,raw/la/la_2237/20260921T0242Z__scanned.pdf,ຄຳສັ່ງວ່າດ້ວຍ ການຫ້າມຈັບຈ່ອງ ແລະ ບຸກລຸກທີ່ດິນໂດຍບໍ່ໄດ້ຮັບການອະນຸຍາດ,,,,requests,200,raw/la/la_2237/20260921T0242Z__scanned.pdf.headers.json,application/pdf,e4ee1ae5655122fca1efbf9fdff0a68aed1fac4b9fe0b542edbaa4ca183cf41d,2428977,2,,,,corpus LA_corpus_2026-09-21: from LA_ws_2026-09-21; flags no_text_layer,2024-05-20,,,in_force
0.2.0,,la-la2238-001,LA,https://laoofficialgazette.gov.la/kcfinder/upload/files/09.7.5.2024.pdf,2026-09-21T02:42:26Z,pdf_scanned,true,raw/la/la_2238/20260921T0242Z__scanned.pdf,ຄຳສັ່ງວ່າດ້ວຍ ການເພີ້ມທະວີຄຸ້ມຄອງກິດຈະການແຮ່ທາດຢູ່ພາຍໃນແຂວງ ອັດຕະປື,,,,playwright,200,raw/la/la_2238/20260921T0242Z__scanned.pdf.headers.json,application/pdf,ef594c4f019fe5ea1b5cd5e5cf84285651ec483ad679c0fcb77b8103d929f0f4,2288389,2,,,,corpus LA_corpus_2026-09-21: from LA_ws_2026-09-21; flags no_text_layer,2024-05-20,,,in_force
0.2.0,,la-la2239-001,LA,https://laoofficialgazette.gov.la/kcfinder/upload/files/0781.pdf,2026-09-21T03:40:06Z,pdf_scanned,true,raw/la/la_2239/20260921T0340Z__scanned.pdf,ຂໍ້ຕົກລົງວ່າດ້ວຍ ລາຍການສິນຄ້າທີ່ຕ້ອງຂໍການຢັ້ງຢືນຄວາມສອດຄ່ອງທາງດ້ານລະບຽບການສຸຂານາໄມ ແລະ ສຸຂານາໄມພຶດ (Sanitary and Phytosanitary-SPS) ກ່ອນການນຳເຂົ້າ ແລະ ການສົ່ງອອກ,,,,requests,200,raw/la/la_2239/20260921T0340Z__scanned.pdf.headers.json,application/pdf,1580504e2858b89587ff86f82fd93b2a2b9bd6dd5d85f899e3c29ec2f3ad9e46,2533063,7,,,,corpus LA_corpus_2026-09-21: from LA_ws_2026-09-21; flags no_text_layer,2024-05-20,,,in_force
0.2.0,,la-la2240-001,LA,https://laoofficialgazette.gov.la/kcfinder/upload/files/0782.pdf,2026-09-21T03:40:15Z,pdf_scanned,true,raw/la/la_2240/20260921T0340Z__scanned.pdf,ຂໍ້ຕົກລົງວ່າດ້ວຍ ລາຍການສິນຄ້າທີ່ຕ້ອງຂໍການຢັ້ງຢືນຄວາມສອດຄ່ອງທາງດ້ານລະບຽບການເຕັກນິກຕໍ່ການຄ້າ (Technical Barriers to Trade-TBT) ກ່ອນການນຳເຂົ້າ ແລະ ການສົ່ງອອກ,,,,requests,200,raw/la/la_2240/20260921T0340Z__scanned.pdf.headers.json,application/pdf,3aa23157e6e324ecb705b8135e72b717f83c66f2bdbc98b3768121ee4174ec92,2580962,5,,,,corpus LA_corpus_2026-09-21: from LA_ws_2026-09-21; flags no_text_layer,2024-05-20,,,in_force
0.2.0,,la-la2241-001,LA,https://laoofficialgazette.gov.la/kcfinder/upload/files/1958.pdf,2026-09-21T03:40:03Z,pdf_scanned,true,raw/la/la_2241/20260921T0340Z__scanned.pdf,ຂໍ້ຕົກລົງວ່າດ້ວຍ ການຄຸ້ມຄອງແຫຼ່ງກຳເນີດລັງສີ,,,,requests,200,raw/la/la_2241/20260921T0340Z__scanned.pdf.headers.json,application/pdf,de4fb9453c5e56723d4581c45fff64e7d32211aa99a3af939f0a8fa4e52f17b0,7165691,30,,,,corpus LA_corpus_2026-09-21: from LA_ws_2026-09-21; flags no_text_layer,2024-05-22,,,in_force
0.2.0,,la-la2242-001,LA,https://laoofficialgazette.gov.la/kcfinder/upload/files/683.24.4.2024.pdf,2026-09-21T03:39:55Z,pdf_scanned,true,raw/la/la_2242/20260921T0339Z__scanned.pdf,ຂໍ້ຕົກລົງວ່າດ້ວຍ ການຄຸ້ມຄອງເຂດສະຫງວນທາງຫຼວງ,,,,requests,200,raw/la/la_2242/20260921T0339Z__scanned.pdf.headers.json,application/pdf,3b3a1a2773cb5ebf7a74caea398afe1679e19310301d5bb6b1ec6db2092fe0c4,3704300,15,,,,corpus LA_corpus_2026-09-21: from LA_ws_2026-09-21; flags no_text_layer,2024-05-29,,,in_force
0.2.0,,la-la2243-001,LA,https://laoofficialgazette.gov.la/kcfinder/upload/files/774 6.5.2024.pdf,2026-09-21T03:39:44Z,pdf_scanned,true,raw/la/la_2243/20260921T0339Z__scanned.pdf,ຂໍ້ຕົກລົງວ່າດ້ວຍ ການຢັ້ງຢືນຄວາມຖຶກຕ້ອງຂອງສັນຍາ ແລະ ເອກະສານ,,,,requests,200,raw/la/la_2243/20260921T0339Z__scanned.pdf.headers.json,application/pdf,8c60cd88e1c8b2120af0dee5e6a39727e138869e73b899497050c2d2e88fb8e3,3825853,12,,,,corpus LA_corpus_2026-09-21: from LA_ws_2026-09-21; flags no_text_layer,2024-05-30,,,in_force
0.2.0,,la-la2245-001,LA,https://laoofficialgazette.gov.la/kcfinder/upload/files/ 278. 5.6.2024.pdf,2026-09-21T00:38:48Z,pdf_scanned,true,raw/la/la_2245/20260921T0038Z__scanned.pdf,ດຳລັດວ່າດວຍ ກອງທຶນພັດທະນາໂທລະຄົມມະນາຄົມ ແລະ ການຫັນເປັນດີຈີຕອນ,,,,requests,200,raw/la/la_2245/20260921T0038Z__scanned.pdf.headers.json,application/pdf,e0b5beddd69090e64c5622e0e5d9fac2ebd60feafac9fa2b0e18f24bc9c40680,3566094,8,,,,corpus LA_corpus_2026-09-21: from LA_ws_2026-09-21; flags no_text_layer,2024-06-07,,,in_force
0.2.0,,la-la2246-001,LA,https://laoofficialgazette.gov.la/kcfinder/upload/files/ 2887. 31.5.2024.pdf,2026-09-21T03:39:12Z,pdf_scanned,true,raw/la/la_2246/20260921T0339Z__scanned.pdf,ຂໍ້ຕົກລົງວ່າດ້ວຍ ການປະຢັດ ແລະ ຕ້ານການຟູມເຟືອຍ ຕໍ່ການນຳໃຊ້ງົບປະມານ ແລະ ຊັບສິນຂອງລັດ,,,,requests,200,raw/la/la_2246/20260921T0339Z__scanned.pdf.headers.json,application/pdf,78f6c76b29bf4479cfd850d35c94eba7b36dcbb8ab4f6aaa5aef789e9dd6a849,4551073,12,,,,corpus LA_corpus_2026-09-21: from LA_ws_2026-09-21; flags no_text_layer,2024-06-07,,,in_force
0.2.0,,la-la2247-001,LA,https://laoofficialgazette.gov.la/kcfinder/upload/files/1090 13.5.2024.pdf,2026-09-21T03:39:36Z,pdf_scanned,true,raw/la/la_2247/20260921T0339Z__scanned.pdf,"ຂໍ້ຕົກລົງວ່າດ້ວຍ ການບັນຈຸ, ການຫຸ້ມຫໍ່, ການພິມຄຳເຕືອນສຸຂະພາບ ແລະ ສະຫຼາກ ຜະລິດຕະພັນຢາສູບແບບອຸດສາຫະກຳ",,,,requests,200,raw/la/la_2247/20260921T0339Z__scanned.pdf.headers.json,application/pdf,8104db2e719f3fc9b8e2a9efc2367d6bae8245f358f54c97496a80f4270f5cc7,11231512,16,,,,corpus LA_corpus_2026-09-21: from LA_ws_2026-09-21; flags no_text_layer,2024-06-07,,,in_force
0.2.0,,la-la2250-001,LA,https://laoofficialgazette.gov.la/kcfinder/upload/files/298.pdf,2026-09-21T02:13:20Z,pdf_scanned,true,raw/la/la_2250/20260921T0213Z__scanned.pdf,ດຳລັດວ່າດ້ວຍ ທ່າບົກ,,,,requests,200,raw/la/la_2250/20260921T0213Z__scanned.pdf.headers.json,application/pdf,f2b9d3f0c52d47d14cc188de6db15485db2fb668c9793a47629f0dcff450cb84,3180607,18,,,,corpus LA_corpus_2026-09-21: from LA_ws_2026-09-21; flags no_text_layer,2024-06-13,,,in_force
0.2.0,,la-la2251-001,LA,https://laoofficialgazette.gov.la/kcfinder/upload/files/0351-VS-ວ່າດ້ວຍການຄຸ້ມຄອງການຈັດງານ ແລະ ບຸນປະເພນີພາຍໃນແຂວງຫຼວງນ້ຳທາ.pdf,2026-09-21T03:39:08Z,pdf_scanned,true,raw/la/la_2251/20260921T0339Z__scanned.pdf,ຂໍ້ຕົກລົງວ່າດ້ວຍ ການຄຸ້ມຄອງການຈັດງານ ແລະ ບຸນປະເພນີພາຍໃນແຂວງ ຫຼວງນ້ຳທາ,,,,requests,200,raw/la/la_2251/20260921T0339Z__scanned.pdf.headers.json,application/pdf,a3ab7c0ff29def4c6915603e6ca306e7234212bee3025fc029504436bbe7232d,7015562,11,,,,corpus LA_corpus_2026-09-21: from LA_ws_2026-09-21; flags no_text_layer,2024-06-17,,,in_force
0.2.0,,la-la2252-001,LA,https://laoofficialgazette.gov.la/kcfinder/upload/files/349. 18.6.2024.pdf,2026-09-21T02:13:11Z,pdf_scanned,true,raw/la/la_2252/20260921T0213Z__scanned.pdf,ດຳລັດວ່າດ້ວຍ ນະໂຍບາຍຕໍ່ຜູ້ມີຜົນງານ ແລະ ສະກັດກັ້ນການລະເມີດກົດໝາຍ ແລະ ລະບຽບການ ກ່ຽວກັບງົບປະມານແຫ່ງລັດ,,,,requests,200,raw/la/la_2252/20260921T0213Z__scanned.pdf.headers.json,application/pdf,43494ebbf3e336afb728c2e5f115c29a1c65454af2fb53f775e5e4b07874f14e,1218205,7,,,,corpus LA_corpus_2026-09-21: from LA_ws_2026-09-21; flags no_text_layer,2024-06-18,,,in_force
0.2.0,,la-la2253-001,LA,https://laoofficialgazette.gov.la/kcfinder/upload/files/1939. 18.6.2024.pdf,2026-09-21T05:06:48Z,pdf_scanned,true,raw/la/la_2253/20260921T0506Z__scanned.pdf,ຄຳແນະນຳກ່ຽວກັບ ການຈັດຕັ້ງປະຕິບັດ ດຳລັດວ່າດ້ວຍ ນະໂຍບາຍຕໍ່ຜູ້ມີຜົນງານ ແລະ ສະກັດກັ້ນການລະເມີດກົດໝາຍ ແລະ ລະບຽບການ ກ່ຽວກັບງົບປະມານແຫ່ງລັດ,,,,requests,200,raw/la/la_2253/20260921T0506Z__scanned.pdf.headers.json,application/pdf,0cfd710f29a2383b92c69ab164681b915d42b24d3abb51bfc58b8b3370c96c36,4997565,6,,,,corpus LA_corpus_2026-09-21: from LA_ws_2026-09-21; flags no_text_layer,2024-06-18,,,in_force
0.2.0,,la-la2258-001,LA,https://laoofficialgazette.gov.la/kcfinder/upload/files/299ລບ5.6.2024.pdf,2026-09-21T02:13:04Z,pdf_scanned,true,raw/la/la_2258/20260921T0213Z__scanned.pdf,"ດຳລັດວ່າດ້ວຍ ການຄຸ້ມຄອງການຄ້າຂາຍ ສັດນ້ຳ, ສັດປ່າ ແລະ ພຶດປ່າ ທີ່ໃກ້ຈະສູນພັນ ລະຫວ່າງຊາດ",,,,requests,200,raw/la/la_2258/20260921T0213Z__scanned.pdf.headers.json,application/pdf,ea6f4902ec2c54a7e9a6e46ea5bf26670607cc97949aba9239cacc44d94c8763,2461248,13,,,,corpus LA_corpus_2026-09-21: from LA_ws_2026-09-21; flags no_text_layer,2024-07-04,,,in_force
0.2.0,,la-la2259-001,LA,https://laoofficialgazette.gov.la/kcfinder/upload/files/1183.pdf,2026-09-21T00:52:18Z,pdf_scanned,true,raw/la/la_2259/20260921T0052Z__scanned.pdf,ຂໍ້ຕົກລົງວ່າດ້ວຍ ລະບົບຂໍ້ມູນ ຂ່າວສານທີ່ດິນ,,,,playwright,200,raw/la/la_2259/20260921T0052Z__scanned.pdf.headers.json,application/pdf,8dca271e46c4702dcedd826d2662ff399d6e107240edf7ee50aa4a1d71fd68ab,2332607,11,,,,corpus LA_corpus_2026-09-21: from LA_ws_2026-09-21; flags no_text_layer,2024-07-16,,,in_force
0.2.0,,la-la2260-001,LA,https://laoofficialgazette.gov.la/kcfinder/upload/files/1095.pdf,2026-09-21T03:38:58Z,pdf_scanned,true,raw/la/la_2260/20260921T0338Z__scanned.pdf,ຂໍ້ຕົກລົງວ່າດ້ວຍ ການຫັນປ່ຽນປະເພດທີ່ດິນ,,,,requests,200,raw/la/la_2260/20260921T0338Z__scanned.pdf.headers.json,application/pdf,a51dfcc5f83f603460f96e984edaf1764ea370037cf5228949da8471818bf7b0,1908063,7,,,,corpus LA_corpus_2026-09-21: from LA_ws_2026-09-21; flags no_text_layer,2024-07-16,,,in_force
0.2.0,,la-la2261-001,LA,https://laoofficialgazette.gov.la/kcfinder/upload/files/1182.pdf,2026-09-21T00:52:26Z,pdf_scanned,true,raw/la/la_2261/20260921T0052Z__scanned.pdf,ຂໍ້ຕົກລົງວ່າດ້ວຍ ລະບົບຂໍ້ມູນ ຂ່າວສານນ້ຳ ແລະ ຊັບພະຍາກອນນ້ຳ,,,,requests,200,raw/la/la_2261/20260921T0052Z__scanned.pdf.headers.json,application/pdf,d363dc839d3d9e065df3399e60e96f53bf68da9e2538373982dbb394bd1c43a5,2400147,10,,,,corpus LA_corpus_2026-09-21: from LA_ws_2026-09-21; flags no_text_layer,2024-07-16,,,in_force
0.2.0,,la-la2262-001,LA,https://laoofficialgazette.gov.la/kcfinder/upload/files/3899_782024.pdf,2026-09-21T05:06:43Z,pdf_scanned,true,raw/la/la_2262/20260921T0506Z__scanned.pdf,"ຄຳແນະນຳ ກ່ຽວກັບການສ້າງ, ປັບປຸງ ແລະ ໂຄສະນາເຜີຍແຜ່ນິຕິກຳ ທີ່ຢູ່ໃນຄວາມຮັບຜິດຊອບຂອງກະຊວງກະສິກຳ ແລະ ປ່າໄມ້",,,,requests,200,raw/la/la_2262/20260921T0506Z__scanned.pdf.headers.json,application/pdf,a17255a07593699ee955bf6ab6859949a0a5e49c87417dfda43b1b4a83516ffe,5812893,8,,,,corpus LA_corpus_2026-09-21: from LA_ws_2026-09-21; flags no_text_layer,2024-08-07,,,in_force
0.2.0,,la-la2263-001,LA,https://laoofficialgazette.gov.la/kcfinder/upload/files/1397-5-8-2024.pdf,2026-09-21T00:52:15Z,pdf_scanned,true,raw/la/la_2263/20260921T0052Z__scanned.pdf,"ຂໍຕົກລົງ ວ່າດ້ວຍການຂຶ້ນທະບຽນ, ສອບທຽບ ແລະ ກວດຄືນຫົວຈ່າຍຢູ່ໃນສາງ ແລະ ປ້ຳນ້ຳມັນເຊື້ອໄຟ",,,,requests,200,raw/la/la_2263/20260921T0052Z__scanned.pdf.headers.json,application/pdf,a60a78d825e631a043055f32b56157ead474dddd1a5918d222abe177b299fac1,5045797,10,,,,corpus LA_corpus_2026-09-21: from LA_ws_2026-09-21; flags no_text_layer,2024-08-07,,,in_force
0.2.0,,la-la2265-001,LA,https://laoofficialgazette.gov.la/kcfinder/upload/files/3789.pdf,2026-09-21T02:42:13Z,pdf_scanned,true,raw/la/la_2265/20260921T0242Z__scanned.pdf,"ຄຳສັ່ງກ່ຽວກັບ ການຊຸກຍູ້, ສົ່ງເສີມ ຂະບວນການລ້ຽງງົວ ແລະ ຄວາຍ ເພື່ອສົ່ງອອກໄປ ສປ ຈີນ",,,,requests,200,raw/la/la_2265/20260921T0242Z__scanned.pdf.headers.json,application/pdf,1a1b42cd15ea28a8417cf6c65571af6c45ea17f75636adf20a7d8c083f132c58,1981274,3,,,,corpus LA_corpus_2026-09-21: from LA_ws_2026-09-21; flags no_text_layer,2024-08-19,,,in_force
0.2.0,,la-la2266-001,LA,https://laoofficialgazette.gov.la/kcfinder/upload/files/1251.pdf,2026-09-21T03:38:49Z,pdf_scanned,true,raw/la/la_2266/20260921T0338Z__scanned.pdf,ຂໍ້ຕົກລົງວ່າດ້ວຍ ການຄຸ້ມຄອງວຽກງານຈົດໝາຍເຫດທາງລັດຖະການ,,,,requests,200,raw/la/la_2266/20260921T0338Z__scanned.pdf.headers.json,application/pdf,9498a6e8127aa6af6dabdffec33c5b14d1577299b1a871802e12f746f7b974c0,2605895,10,,,,corpus LA_corpus_2026-09-21: from LA_ws_2026-09-21; flags no_text_layer,2024-08-23,,,in_force
0.2.0,,la-la2267-001,LA,https://laoofficialgazette.gov.la/kcfinder/upload/files/3807.19.7.2024.pdf,2026-09-21T03:38:42Z,pdf_scanned,true,raw/la/la_2267/20260921T0338Z__scanned.pdf,ຂໍ້ຕົກລົງວ່າດ້ວຍ ກາໝາຍຄຸນນະພາບ ຜະລິດຕະພັນສັດ ແລະ ສັດນ້ຳ,,,,requests,200,raw/la/la_2267/20260921T0338Z__scanned.pdf.headers.json,application/pdf,5859886e43d051eb7f3e419e8d3c5299379b7448c96f26c91e0f41fb0320cacb,2431352,10,,,,corpus LA_corpus_2026-09-21: from LA_ws_2026-09-21; flags no_text_layer,2024-08-29,,,in_force
0.2.0,,la-la2268-001,LA,https://laoofficialgazette.gov.la/kcfinder/upload/files/4359.16.8.2024.pdf,2026-09-21T03:38:38Z,pdf_scanned,true,raw/la/la_2268/20260921T0338Z__scanned.pdf,ຂໍ້ຕົກລົງວ່າດ້ວຍ ການສຳຫຼວດປ່າໄມ້,,,,requests,200,raw/la/la_2268/20260921T0338Z__scanned.pdf.headers.json,application/pdf,5d32c12db0603ec47740d3b8eeaef11ce40fec422c887cb9701c6ea141fa289f,2314687,10,,,,corpus LA_corpus_2026-09-21: from LA_ws_2026-09-21; flags no_text_layer,2024-08-29,,,in_force
0.2.0,,la-la2269-001,LA,https://laoofficialgazette.gov.la/kcfinder/upload/files/3560.pdf,2026-09-21T03:38:20Z,pdf_scanned,true,raw/la/la_2269/20260921T0338Z__scanned.pdf,ຂໍ້ຕົກລົງວ່າດ້ວຍ ການຄຸ້ມຄອງຄວາມປອດໄພດ້ານຄວາມແຮງທົ່ງແມ່ເຫຼັກໄຟຟ້າ ຂອງສະຖານີຮັບສົ່ງສັນຍານໂທລະສັບເຄື່ອນທີ່,,,,requests,200,raw/la/la_2269/20260921T0338Z__scanned.pdf.headers.json,application/pdf,1d62efc691c40b395c4f2d8e0acae353a4895b30cd4d570417b78a62cbc0f562,2078840,10,,,,corpus LA_corpus_2026-09-21: from LA_ws_2026-09-21; flags no_text_layer,2024-09-09,,,in_force
0.2.0,,la-la2270-001,LA,https://laoofficialgazette.gov.la/kcfinder/upload/files/365.pdf,2026-09-21T02:12:59Z,pdf_scanned,true,raw/la/la_2270/20260921T0212Z__scanned.pdf,ດຳລັດວ່າດ້ວຍ ການປັບໃໝ ແລະ ມາດຕະການອື່ນຕໍ່ຜູ້ລະເມີດກົດໝາຍ ແລະ ລະບຽບການ ກ່ຽວກັບປ່າໄມ້,,,,playwright,200,raw/la/la_2270/20260921T0212Z__scanned.pdf.headers.json,application/pdf,cb03b71fb3bcf0fcef06a20b105559dcb5759301e0303250b3f14bf3b4f940fb,2058089,7,,,,corpus LA_corpus_2026-09-21: from LA_ws_2026-09-21; flags no_text_layer,2024-09-11,,,in_force
0.2.0,,la-la2271-001,LA,https://laoofficialgazette.gov.la/kcfinder/upload/files/3158.pdf,2026-09-21T03:38:15Z,pdf_scanned,true,raw/la/la_2271/20260921T0338Z__scanned.pdf,ຂໍ້ຕົກລົງວ່າດ້ວຍ ການຄຸ້ມຄອງ ແລະ ນຳໃຊ້ທີ່ດິນກະສິກຳ ຢູ່ແຂວງ ສະຫວັນນະເຂດ,,,,requests,200,raw/la/la_2271/20260921T0338Z__scanned.pdf.headers.json,application/pdf,fd1b84ca33adb37b6361f3f0083f1726ac7299eed4b7682468257f4387c2e6b4,3622246,11,,,,corpus LA_corpus_2026-09-21: from LA_ws_2026-09-21; flags no_text_layer,2024-09-17,,,in_force
0.2.0,,la-la2272-001,LA,https://laoofficialgazette.gov.la/kcfinder/upload/files/4565.pdf,2026-09-21T03:38:04Z,pdf_scanned,true,raw/la/la_2272/20260921T0338Z__scanned.pdf,ຂໍ້ຕົກລົງວ່າດ້ວຍ ການຄຸ້ມຄອງກາກບອນປ່າໄມ້,,,,requests,200,raw/la/la_2272/20260921T0338Z__scanned.pdf.headers.json,application/pdf,3a5abcdba76d62ed735669965fa608c48dfc8b0183393cf59076e5a3629baaef,2418065,15,,,,corpus LA_corpus_2026-09-21: from LA_ws_2026-09-21; flags no_text_layer,2024-09-23,,,in_force
0.2.0,,la-la2273-001,LA,https://laoofficialgazette.gov.la/kcfinder/upload/files/4645 (1).pdf,2026-09-21T04:54:05Z,pdf_native,false,raw/la/la_2273/20260921T0454Z__native.pdf,ຂໍ້ຕົກລົງວ່າດ້ວຍ ຜະລິດຕະພັນໄມ້,,,,requests,200,raw/la/la_2273/20260921T0454Z__native.pdf.headers.json,application/pdf,3935ef15e11c96dba5cfed2a208e17c50ebcca8c00571369fbbd8ce88d3aa2ca,12271713,45,,,,corpus LA_corpus_2026-09-21: from LA_ws_2026-09-21; flags no_text_layer,2024-09-23,,,repealed
0.2.0,,la-la2274-001,LA,https://laoofficialgazette.gov.la/kcfinder/upload/files/3159.pdf,2026-09-21T03:37:54Z,pdf_scanned,true,raw/la/la_2274/20260921T0337Z__scanned.pdf,ຂໍ້ຕົກລົງວ່າດ້ວຍ ການຄຸ້ມຄອງກອງທຶນໄພພິບັດແຂວງ ສະຫວັນນະເຂດ,,,,requests,200,raw/la/la_2274/20260921T0337Z__scanned.pdf.headers.json,application/pdf,72a03ea28b74d6aa219672e9cbb3b18a968f4d503b6305fd2825e0a1360bd324,2243070,11,,,,corpus LA_corpus_2026-09-21: from LA_ws_2026-09-21; flags no_text_layer,2024-09-24,,,in_force
0.2.0,,la-la2275-001,LA,https://laoofficialgazette.gov.la/kcfinder/upload/files/332.pdf,2026-09-21T02:12:50Z,pdf_scanned,true,raw/la/la_2275/20260921T0212Z__scanned.pdf,ດຳລັດວ່າດ້ວຍ ການສຶກສາພາກເອກະຊົນ,,,,requests,200,raw/la/la_2275/20260921T0212Z__scanned.pdf.headers.json,application/pdf,5da4dc30d491115aebef2482dfe7268d7fd75e4abebc7d33dad5b91100fdc2aa,2057531,15,,,,corpus LA_corpus_2026-09-21: from LA_ws_2026-09-21; flags no_text_layer,2024-09-30,,,in_force
0.2.0,,la-la2276-001,LA,https://laoofficialgazette.gov.la/kcfinder/upload/files/391.pdf,2026-09-21T02:12:42Z,pdf_scanned,true,raw/la/la_2276/20260921T0212Z__scanned.pdf,ດຳລັດວ່າດ້ວຍ ການສຶກສາກ່ອນໄວຮຽນ,,,,requests,200,raw/la/la_2276/20260921T0212Z__scanned.pdf.headers.json,application/pdf,14128396927d8de42368fd8e05ee014c23b401454db2cc86764c60595ebda299,2665288,19,,,,corpus LA_corpus_2026-09-21: from LA_ws_2026-09-21; flags no_text_layer,2024-09-30,,,in_force
0.2.0,,la-la2277-001,LA,https://laoofficialgazette.gov.la/kcfinder/upload/files/1888.pdf,2026-09-21T03:37:31Z,pdf_scanned,true,raw/la/la_2277/20260921T0337Z__scanned.pdf,ຂໍ້ຕົກລົງວ່າດ້ວຍ ສະຫຼາກສີຂຽວ,,,,requests,200,raw/la/la_2277/20260921T0337Z__scanned.pdf.headers.json,application/pdf,f8ee3fa6821ecdf7b0e77b6e1f40cf0d7885070285ea50a6a752f12ad803b159,1499730,9,,,,corpus LA_corpus_2026-09-21: from LA_ws_2026-09-21; flags no_text_layer,2024-10-04,,,in_force
0.2.0,,la-la2278-001,LA,https://laoofficialgazette.gov.la/kcfinder/upload/files/25207 8.10.2024.pdf,2026-09-21T03:35:57Z,pdf_scanned,true,raw/la/la_2278/20260921T0335Z__scanned.pdf,ຂໍ້ຕົກລົງວ່າດ້ວຍ ກົດຄວບຄຸມອາຄານ,,,,requests,200,raw/la/la_2278/20260921T0335Z__scanned.pdf.headers.json,application/pdf,85745cb9ecac3a8679a79768596fcca38b882bf10c5183e2ec7f1b0e23800e37,26140061,190,,,,corpus LA_corpus_2026-09-21: from LA_ws_2026-09-21; flags no_text_layer,2024-10-09,,,in_force
0.2.0,,la-la2279-001,LA,https://laoofficialgazette.gov.la/kcfinder/upload/files/25674.pdf,2026-09-21T00:52:04Z,pdf_scanned,true,raw/la/la_2279/20260921T0052Z__scanned.pdf,ຂໍ້ຕົກລົງວ່າດ້ວຍ ການປະມູນເລກປ້າຍທະບຽນຍານພາຫະນະທາງບົກ,,,,requests,200,raw/la/la_2279/20260921T0052Z__scanned.pdf.headers.json,application/pdf,56ae9c394a0266b5d6b13e8c82e172aee6259b71d7ffc052f75622687fe37199,2242233,15,,,,corpus LA_corpus_2026-09-21: from LA_ws_2026-09-21; flags no_text_layer,2024-10-09,,,in_force
0.2.0,,la-la2280-001,LA,https://laoofficialgazette.gov.la/kcfinder/upload/files/25675.pdf,2026-09-21T03:36:32Z,pdf_scanned,true,raw/la/la_2280/20260921T0336Z__scanned.pdf,ຂໍ້ຕົກລົງວ່າດ້ວຍ ການຄຸ້ມຄອງໃບຂັບຂີ່ຍານພາຫະນະຂົນສົ່ງທາງບົກ,,,,requests,200,raw/la/la_2280/20260921T0336Z__scanned.pdf.headers.json,application/pdf,e75553fddc0ee50e36a10ade63c88d1f481d10ce54c1de60d5ccb6b75cf5245b,2065529,13,,,,corpus LA_corpus_2026-09-21: from LA_ws_2026-09-21; flags no_text_layer,2024-10-09,,,in_force
0.2.0,,la-la2281-001,LA,https://laoofficialgazette.gov.la/kcfinder/upload/files/4848.pdf,2026-09-21T03:36:55Z,pdf_scanned,true,raw/la/la_2281/20260921T0336Z__scanned.pdf,ຂໍ້ຕົກລົງວ່າດ້ວຍ ການຄຸ້ມຄອງໂຮງງານຜະລິດຢາສັດຕະວະແພດ,,,,requests,200,raw/la/la_2281/20260921T0336Z__scanned.pdf.headers.json,application/pdf,c1e758ba636be0234c0f9162d1d6c001d7eb9d37a9b8da38a767c362af3dba3e,2166304,11,,,,corpus LA_corpus_2026-09-21: from LA_ws_2026-09-21; flags no_text_layer,2024-10-09,,,in_force
0.2.0,,la-la2282-001,LA,https://laoofficialgazette.gov.la/kcfinder/upload/files/1932.pdf,2026-09-21T03:37:07Z,pdf_scanned,true,raw/la/la_2282/20260921T0337Z__scanned.pdf,ຂໍ້ຕົກລົງວ່າດ້ວຍ ໜ່ວຍງານຄຸ້ມຄອງສິ່ງແວດລ້ອມ ແລະ ຄວາມປອດໄພປະຈຳໂຮງງານ,,,,requests,200,raw/la/la_2282/20260921T0337Z__scanned.pdf.headers.json,application/pdf,f8d5cbad958b13224612f13fcffd1f1f485472e356c5e16ce1fcc39e4b9b59aa,1582310,9,,,,corpus LA_corpus_2026-09-21: from LA_ws_2026-09-21; flags no_text_layer,2024-10-09,,,in_force
0.2.0,,la-la2283-001,LA,https://laoofficialgazette.gov.la/kcfinder/upload/files/81.pdf,2026-09-21T00:42:45Z,pdf_scanned,true,raw/la/la_2283/20260921T0042Z__scanned.pdf,ຄຳສັ່ງວ່າດ້ວຍ ການເພີ້ມທະວີຄວາມເອົາໃຈໃສ່ ຕໍ່ວຽກງານທະບຽນສານ,,,,requests,200,raw/la/la_2283/20260921T0042Z__scanned.pdf.headers.json,application/pdf,363447de9a721b3e76f50ae051dad3a1f89eae2047f4586135499292f0b962fb,1123724,2,,,,corpus LA_corpus_2026-09-21: from LA_ws_2026-09-21; flags no_text_layer,2024-10-10,,,in_force
0.2.0,,la-la2285-001,LA,https://laoofficialgazette.gov.la/kcfinder/upload/files/333.pdf,2026-09-21T00:51:49Z,pdf_scanned,true,raw/la/la_2285/20260921T0051Z__scanned.pdf,ຂໍ້ຕົກລົງວ່າດ້ວຍ ການຄຸ້ມຄອງລາຍຮັບເງິນຕາຕ່າງປະເທດ ຈາກການສົ່ງອອກສິນຄ້າ ແລະ ການບໍລິການ,,,,requests,200,raw/la/la_2285/20260921T0051Z__scanned.pdf.headers.json,application/pdf,7384d559fe007bc10ff5add77d19511aeb8afda74b6e19fe619886a46b060a3d,1426134,10,,,,corpus LA_corpus_2026-09-21: from LA_ws_2026-09-21; flags no_text_layer,2024-10-15,,,in_force
0.2.0,,la-la2286-001,LA,https://laoofficialgazette.gov.la/kcfinder/upload/files/1281.pdf,2026-09-21T03:26:08Z,pdf_scanned,true,raw/la/la_2286/20260921T0326Z__scanned.pdf,ຂໍ້ຕົກລົງວ່າດ້ວຍ ການກຳນົດເຂດສະຫງວນນ້ຳ ແລະ ຊັບພະຍາກອນນ້ຳ ຢູ່ແຂວງ ອຸດົມໄຊ,,,,requests,200,raw/la/la_2286/20260921T0326Z__scanned.pdf.headers.json,application/pdf,d0b9474c3482646db08311ed1557fe27ef42b1ab78fbcb3e25d5f4dd092d2be1,2000321,13,,,,corpus LA_corpus_2026-09-21: from LA_ws_2026-09-21; flags no_text_layer,2024-10-15,,,in_force
0.2.0,,la-la2287-001,LA,https://laoofficialgazette.gov.la/kcfinder/upload/files/1282.pdf,2026-09-21T00:51:56Z,pdf_scanned,true,raw/la/la_2287/20260921T0051Z__scanned.pdf,ຂໍ້ຕົກລົງວ່າດ້ວຍ ການດຳເນີນທຸລະກິດ ບໍລິການດ້ານເຕັກໂນໂລຊີການສື່ສານ ຂໍ້ມູນ ຂ່າວສານ ຢູ່ແຂວງ ອຸດົມໄຊ,,,,requests,200,raw/la/la_2287/20260921T0051Z__scanned.pdf.headers.json,application/pdf,ae67ea4e1175dd9c8ebb735b4f4e3e764650387d637e7982261da7163ed2cd91,1995756,13,,,,corpus LA_corpus_2026-09-21: from LA_ws_2026-09-21; flags no_text_layer,2024-10-15,,,in_force
0.2.0,,la-la2288-001,LA,https://laoofficialgazette.gov.la/kcfinder/upload/files/1283.pdf,2026-09-21T03:26:59Z,pdf_scanned,true,raw/la/la_2288/20260921T0326Z__scanned.pdf,"ຂໍ້ຕົກລົງວ່າດ້ວຍ ການຄຸ້ມຄອງ ການບໍລິການ, ການກໍ່ສ້າງ ແລະ ຕິດຕັ້ງໄຟຟ້າ ພາຍໃນແຂວງ ອຸດົມໄຊ",,,,requests,200,raw/la/la_2288/20260921T0326Z__scanned.pdf.headers.json,application/pdf,698c36c43e6f94f342015d5faee169323fc52628e0a909cfbb4b40c1a479f91a,3304009,20,,,,corpus LA_corpus_2026-09-21: from LA_ws_2026-09-21; flags no_text_layer,2024-10-15,,,in_force
0.2.0,,la-la2289-001,LA,https://laoofficialgazette.gov.la/kcfinder/upload/files/3775.pdf,2026-09-21T00:51:42Z,pdf_scanned,true,raw/la/la_2289/20260921T0051Z__scanned.pdf,ຂໍ້ຕົກລົງວ່າດ້ວຍ ມາດຕະຖານຄວາມປອດໄພຂອງເຄື່ອງຝາກ ແລະ ຄວາມໄວຂອງການບໍລິການໄປສະນີ,,,,requests,200,raw/la/la_2289/20260921T0051Z__scanned.pdf.headers.json,application/pdf,7be160984acf7ccf9cea4c8d9598560dcba42d61d2dada664631c1f53a09c21f,1315249,6,,,,corpus LA_corpus_2026-09-21: from LA_ws_2026-09-21; flags no_text_layer,2024-10-16,,,in_force
0.2.0,,la-la2290-001,LA,https://laoofficialgazette.gov.la/kcfinder/upload/files/4847new.pdf,2026-09-21T03:26:06Z,pdf_scanned,true,raw/la/la_2290/20260921T0326Z__scanned.pdf,ຂໍ້ຕົກລົງວ່າດ້ວຍ ການຄຸ້ມຄອງໂຮງງານຜະລິດຖ່ານ ແລະ ເຕົາເຜົາຖ່ານ,,,,requests,200,raw/la/la_2290/20260921T0326Z__scanned.pdf.headers.json,application/pdf,66eb2b01f72f1e000e35927139ff62a3971dce914d23a93661644debbf95097e,7106194,56,,,,corpus LA_corpus_2026-09-21: from LA_ws_2026-09-21; flags no_text_layer,2024-10-21,,,in_force
0.2.0,,la-la2291-001,LA,https://laoofficialgazette.gov.la/kcfinder/upload/files/1115.pdf,2026-09-21T00:51:34Z,pdf_scanned,true,raw/la/la_2291/20260921T0051Z__scanned.pdf,ຂໍ້ຕົກລົງວ່າດ້ວຍ ຂະບວນການປະເມີນຄວາມພຽງພໍຂອງທຶນ ພາຍໃນທະນາຄານທຸລະກິດ,,,,requests,200,raw/la/la_2291/20260921T0051Z__scanned.pdf.headers.json,application/pdf,43de3063497310e7e5b420276ae7b707b034690b814ed5dcb116db09d679e587,1123978,8,,,,corpus LA_corpus_2026-09-21: from LA_ws_2026-09-21; flags no_text_layer,2024-10-25,,,in_force
0.2.0,,la-la2292-001,LA,https://laoofficialgazette.gov.la/kcfinder/upload/files/2136.pdf,2026-09-21T00:51:28Z,pdf_scanned,true,raw/la/la_2292/20260921T0051Z__scanned.pdf,"ຂໍ້ຕົກລົງວ່າດ້ວຍ ການຂື້ນທະບຽນ, ສອບທຽບ ແລະ ກວດຄືນໝໍ້ນັບໄຟຟ້າ",,,,requests,200,raw/la/la_2292/20260921T0051Z__scanned.pdf.headers.json,application/pdf,884ae5e2c563fc130d113d6cd40b5e394a5f1eb4b59e4b13399fcac520cea1a3,1494201,8,,,,corpus LA_corpus_2026-09-21: from LA_ws_2026-09-21; flags no_text_layer,2024-10-31,,,in_force
0.2.0,,la-la2293-001,LA,https://laoofficialgazette.gov.la/kcfinder/upload/files/977.pdf,2026-09-21T03:25:55Z,pdf_scanned,true,raw/la/la_2293/20260921T0325Z__scanned.pdf,ຂໍ້ຕົກລົງວ່າດ້ວຍ ການກຳນົດລາຄາຫົວໜ່ວຍທົດແທນ ຕໍ່ຊັບສິນທີ່ໄດ້ຮັບຜົນກະທົບຈາກໂຄງການປັບປຸງ ແລະ ສ້ອມແປງທາງຫຼວງແຫ່ງຊາດ ເລກທີ 13 ໃຕ້ (ກມ 21 ຫາ ກມ 71) ເຂດບ້ານ ໂຄກສີວິໄລ ເມືອງ ໄຊທານີ ຫາ ບ້ານ ສົມສະຫວາດ ເມືອງ ປາກງື່ມ ນະຄອນຫຼວງວຽງຈັນ (ກມ 21 ຫາ ກມ 66),,,,requests,200,raw/la/la_2293/20260921T0325Z__scanned.pdf.headers.json,application/pdf,ce9fc5e26a079f8443c8db903e95e963d523abd165810c8970380eaf8a827a69,2618344,16,,,,corpus LA_corpus_2026-09-21: from LA_ws_2026-09-21; flags no_text_layer,2024-10-31,,,in_force
0.2.0,,la-la2294-001,LA,https://laoofficialgazette.gov.la/kcfinder/upload/files/1179.12.11.2024.pdf,2026-09-21T03:25:50Z,pdf_scanned,true,raw/la/la_2294/20260921T0325Z__scanned.pdf,ຂໍ້ຕົກລົງວ່າດ້ວຍ ບໍລິສັດຄ້ຳປະກັນສິນເຊື່ອ,,,,requests,200,raw/la/la_2294/20260921T0325Z__scanned.pdf.headers.json,application/pdf,6772d72575efb71df7681b70a605198f31fe8d1eb327bbb9e178aa89b8572da0,12177004,29,,,,corpus LA_corpus_2026-09-21: from LA_ws_2026-09-21; flags no_text_layer,2024-11-12,,,in_force
0.2.0,,la-la2295-001,LA,https://laoofficialgazette.gov.la/kcfinder/upload/files/35.pdf,2026-09-21T05:06:25Z,pdf_scanned,true,raw/la/la_2295/20260921T0506Z__scanned.pdf,ຄຳແນະນຳ ກ່ຽວກັບການສ້າງຂໍ້ຕົກລົງ,,,,requests,200,raw/la/la_2295/20260921T0506Z__scanned.pdf.headers.json,application/pdf,570d5d41018d87df1a1ffdc1f6d29ab0638ec94096f0ca47b906e1685497c9de,1452422,4,,,,corpus LA_corpus_2026-09-21: from LA_ws_2026-09-21; flags no_text_layer,2024-11-26,,,in_force
0.2.0,,la-la2296-001,LA,https://laoofficialgazette.gov.la/kcfinder/upload/files/32963.pdf,2026-09-21T03:25:31Z,pdf_scanned,true,raw/la/la_2296/20260921T0325Z__scanned.pdf,ຂໍ້ຕົກລົງ ວ່າດ້ວຍເຂດສະຫງວນຂອງ ວົງວຽນ ແລະ ທາງຫຼວງຢູ່ເຂດພູດອຍທີ່ມີພື້ນທີ່ສູງຊັນ,,,,requests,200,raw/la/la_2296/20260921T0325Z__scanned.pdf.headers.json,application/pdf,98e953eea297dd467980286c8ea8a2014ea35eb0411752201b368bc9caaa84b8,3169312,24,,,,corpus LA_corpus_2026-09-21: from LA_ws_2026-09-21; flags no_text_layer,2024-11-26,,,in_force
0.2.0,,la-la2298-001,LA,https://laoofficialgazette.gov.la/kcfinder/upload/files/3730 04.12.2024 .pdf,2026-09-21T03:25:19Z,pdf_scanned,true,raw/la/la_2298/20260921T0325Z__scanned.pdf,"ຂໍ້ຕົກລົງວ່າດ້ວຍ ການຄຸ້ມຄອງການປຸງແຕ່ງ, ຜະລິດ, ນຳໃຊ້ ຜະລິດຕະພັນຊີວະພາບ, ຢີນ ແລະ ສະເຕັມເຊວ",,,,requests,200,raw/la/la_2298/20260921T0325Z__scanned.pdf.headers.json,application/pdf,a49104bbd1984d36c52439edde6632186cc63f2fcf1cf1e6a71acd095c02042e,3015342,15,,,,corpus LA_corpus_2026-09-21: from LA_ws_2026-09-21; flags no_text_layer,2024-12-04,,,in_force
0.2.0,,la-la2299-001,LA,https://laoofficialgazette.gov.la/kcfinder/upload/files/643.pdf,2026-09-21T02:12:36Z,pdf_scanned,true,raw/la/la_2299/20260921T0212Z__scanned.pdf,ດຳລັດ ວ່າດ້ວຍດ່ານເຂົ້າ-ອອກ ສປປ ລາວ,,,,requests,200,raw/la/la_2299/20260921T0212Z__scanned.pdf.headers.json,application/pdf,2fd2a26dc56b279b1f64e81e6f7f74051732ee6ee6f09278b7ff46c6ea656000,3996442,32,,,,corpus LA_corpus_2026-09-21: from LA_ws_2026-09-21; flags no_text_layer,2024-12-09,,,in_force
0.2.0,,la-la2300-001,LA,https://laoofficialgazette.gov.la/kcfinder/upload/files/34023.pdf,2026-09-21T03:25:10Z,pdf_scanned,true,raw/la/la_2300/20260921T0325Z__scanned.pdf,ຂໍ້ຕົກລົງວ່າດ້ວຍການປັບປຸງບາງມາດຕາຂອງ ຂໍ້ຕົກລົງ ວ່າດ້ວຍການຄຸ້ມຄອງວິຊາຊີບ ຂອງສະຖາປະນິກ ແລະ ວິສະວະກອນໂຍທາ,,,,requests,200,raw/la/la_2300/20260921T0325Z__scanned.pdf.headers.json,application/pdf,ea32b34fb583b28ac1d89dba2c8ad48d9b28062ac9563667281ea783ca8d0396,628706,2,,,,corpus LA_corpus_2026-09-21: from LA_ws_2026-09-21; flags no_text_layer,2024-12-09,,,in_force
0.2.0,,la-la2301-001,LA,https://laoofficialgazette.gov.la/kcfinder/upload/files/ກົດໝາຍວ່າດ້ວຍສະຫະກອນ 54. 28 ມິຖຸນາ 2024.pdf,2026-09-21T01:20:13Z,pdf_scanned,true,raw/la/la_2301/20260921T0120Z__scanned.pdf,ກົດໝາຍວ່າດ້ວຍ ສະຫະກອນ,,,,requests,200,raw/la/la_2301/20260921T0120Z__scanned.pdf.headers.json,application/pdf,d90c27ad9a9c4c15b586c4ec5808cd20a87134ac1454b0d8141da784e719c257,7518607,26,,,,corpus LA_corpus_2026-09-21: from LA_ws_2026-09-21; flags no_text_layer,2024-12-09,,,in_force
0.2.0,,la-la2302-001,LA,"https://laoofficialgazette.gov.la/kcfinder/upload/files/ກົດໝາຍວ່າດ້ວຍການທ່ອງທ່ຽວ 63, 01.07.2024.pdf",2026-09-21T01:20:05Z,pdf_scanned,true,raw/la/la_2302/20260921T0120Z__scanned.pdf,ກົດໝາຍວ່າດ້ວຍ ການທ່ອງທ່ຽວ (ສະບັບປັບປຸງ),,,,requests,200,raw/la/la_2302/20260921T0120Z__scanned.pdf.headers.json,application/pdf,850675dc9b8ec041c5faea4a8f063163bb40cdc243d6ebe008ae01e2a76ec722,10437803,36,,,,corpus LA_corpus_2026-09-21: from LA_ws_2026-09-21; flags no_text_layer,2024-12-11,,,in_force
0.2.0,,la-la2303-001,LA,https://laoofficialgazette.gov.la/kcfinder/upload/files/601.pdf,2026-09-21T03:25:06Z,pdf_scanned,true,raw/la/la_2303/20260921T0325Z__scanned.pdf,ຂໍ້ຕົກລົງວ່າດ້ວຍ ກອງທຶນຄຸ້ມຄອງໄພພິບັດແຂວງ,,,,requests,200,raw/la/la_2303/20260921T0325Z__scanned.pdf.headers.json,application/pdf,f660ef1b24890c68454ae60bb9f0a0fc73e4c1bc560f42c935d46d22d44fe574,5317328,12,,,,corpus LA_corpus_2026-09-21: from LA_ws_2026-09-21; flags no_text_layer,2024-12-11,,,in_force
0.2.0,,la-la2304-001,LA,https://laoofficialgazette.gov.la/kcfinder/upload/files/ກົດໝາຍວ່າດ້ວຍ ການຟອກເງິນ ແລະ ການສະໜອງທຶນໃຫ້ແກ່ການກໍ່ການຣ້າຍ(ສະບັບປັບປຸງ)64.01.07.2024.pdf,2026-09-21T00:30:02Z,pdf_scanned,true,raw/la/la_2304/20260921T0030Z__scanned.pdf,ກົດໝາຍວ່າດ້ວຍ ການຕ້ານ ການຟອກເງິນ ແລະ ການສະໜອງທຶນໃຫ້ແກ່ການກໍ່ການຮ້າຍ(ສະບັບປັບປຸງ),,,,requests,200,raw/la/la_2304/20260921T0030Z__scanned.pdf.headers.json,application/pdf,002e2653fe6daae58cf7b9cd154799880030511ac45f675cbaf16d0d5362d238,12424004,25,,,,corpus LA_corpus_2026-09-21: from LA_ws_2026-09-21; flags no_text_layer,2024-12-12,,,in_force
0.2.0,,la-la2305-001,LA,https://laoofficialgazette.gov.la/kcfinder/upload/files/ຂໍ້ຕົກລົງ ວ່າດ້ວຍການເຄື່ອນໄຫວທຸລະກິດຂອງທະນາຄານຄຳ 1277-12-12-2024.pdf,2026-09-21T00:51:19Z,pdf_scanned,true,raw/la/la_2305/20260921T0051Z__scanned.pdf,ຂໍ້ຕົກລົງ ວ່າດ້ວຍການເຄື່ອນໄຫວທຸລະກິດຂອງທະນາຄານຄຳ,,,,requests,200,raw/la/la_2305/20260921T0051Z__scanned.pdf.headers.json,application/pdf,ff221a326aa134c0abd4892309a4e81c6cc70b03c811a2632cbb102362421452,1227764,8,,,,corpus LA_corpus_2026-09-21: from LA_ws_2026-09-21; flags no_text_layer,2024-12-12,,,in_force
0.2.0,,la-la2306-001,LA,https://laoofficialgazette.gov.la/kcfinder/upload/files/55-28-6-2024.pdf,2026-09-21T01:19:55Z,pdf_scanned,true,raw/la/la_2306/20260921T0119Z__scanned.pdf,ກົດໝາຍວ່າດ້ວຍ ຊັບພະຍາກອນທີ່ເປັນຢາ,,,,requests,200,raw/la/la_2306/20260921T0119Z__scanned.pdf.headers.json,application/pdf,866e158ace0160b27c7191a1d9deeb8190d35d644e65047526e55ba52a4199b2,12292037,26,,,,corpus LA_corpus_2026-09-21: from LA_ws_2026-09-21; flags no_text_layer,2024-12-12,,,in_force
0.2.0,,la-la2307-001,LA,https://laoofficialgazette.gov.la/kcfinder/upload/files/282-22-5-2024.pdf,2026-09-21T02:12:23Z,pdf_scanned,true,raw/la/la_2307/20260921T0212Z__scanned.pdf,ດຳລັດວ່າດ້ວຍ ການຫັນຫົວໜ່ວຍວິຊາການເປັນເຈົ້າຕົນເອງ,,,,requests,200,raw/la/la_2307/20260921T0212Z__scanned.pdf.headers.json,application/pdf,b5ee8b9dbc38fdc0be77c6f6cca804d6d4b83b83c27254d311d0ad5de6320986,11744035,23,,,,corpus LA_corpus_2026-09-21: from LA_ws_2026-09-21; flags no_text_layer,2024-12-16,,,in_force
0.2.0,,la-la2308-001,LA,https://laoofficialgazette.gov.la/kcfinder/upload/files/283-22-5-2024.pdf,2026-09-21T02:12:29Z,pdf_scanned,true,raw/la/la_2308/20260921T0212Z__scanned.pdf,ດຳລັດວ່າດ້ວຍ ພາລະກອນ,,,,requests,200,raw/la/la_2308/20260921T0212Z__scanned.pdf.headers.json,application/pdf,7cdf407dc9f3ab1cc3759d53e212af092d20d21eba2e569eefeaf1a8497a5f5e,7748582,22,,,,corpus LA_corpus_2026-09-21: from LA_ws_2026-09-21; flags no_text_layer,2024-12-16,,,in_force
0.2.0,,la-la2309-001,LA,https://laoofficialgazette.gov.la/kcfinder/upload/files/2482 ຂໍ້ຕົກລົງ ວ່າດ້ວຍຜູ້ຕາງໜ້າບໍລິການຈົດທະບຽນຊັບສິນທາງປັນຍາ-9-12-2024.pdf,2026-09-21T00:51:11Z,pdf_scanned,true,raw/la/la_2309/20260921T0051Z__scanned.pdf,ຂໍ້ຕົກລົງ ວ່າດ້ວຍຜູ້ຕາງໜ້າບໍລິການຈົດທະບຽນຊັບສິນທາງປັນຍາ,,,,requests,200,raw/la/la_2309/20260921T0051Z__scanned.pdf.headers.json,application/pdf,5fdcd7b788d32b2915df12c0cf4c6169fb01c667d37a09331037fa16d5a25603,2625907,7,,,,corpus LA_corpus_2026-09-21: from LA_ws_2026-09-21; flags no_text_layer,2024-12-16,,,in_force
0.2.0,,la-la2310-001,LA,https://laoofficialgazette.gov.la/kcfinder/upload/files/59 ກົດໝາຍ ວ່າດ້ວຍການກັນ ແລະ ຄວບຄຸມ ເຊື້ອເຮສໄອວີ:ພະຍາດເອດ ສະບັບປັບປຸງ28-6-2024.pdf,2026-09-21T01:19:41Z,pdf_scanned,true,raw/la/la_2310/20260921T0119Z__scanned.pdf,ກົດໝາຍ ວ່າດ້ວຍການກັນ ແລະ ຄວບຄຸມ ເຊື້ອເຮສໄອວີ/ພະຍາດເອດ(ສະບັບປັບປຸງ),,,,requests,200,raw/la/la_2310/20260921T0119Z__scanned.pdf.headers.json,application/pdf,fd3f22599f67429f8473fe6aecb6fea291125394ba5fc795b7b5102d056991db,6919997,24,,,,corpus LA_corpus_2026-09-21: from LA_ws_2026-09-21; flags no_text_layer,2024-12-16,,,in_force
0.2.0,,la-la2311-001,LA,https://laoofficialgazette.gov.la/kcfinder/upload/files/62 ກົດໝາຍ ວ່າດ້ວຍການສົ່ງເສີມການລົງທຶນ ສະບັບປັບປຸງ 28-06-2024.pdf,2026-09-21T01:19:29Z,pdf_scanned,true,raw/la/la_2311/20260921T0119Z__scanned.pdf,ກົດໝາຍ ວ່າດ້ວຍການສົ່ງເສີມການລົງທຶນ (ສະບັບປັບປຸງ),,,,requests,200,raw/la/la_2311/20260921T0119Z__scanned.pdf.headers.json,application/pdf,ad6afdffdc78679086bb9ba79e0f4331b0ad8c122e3a9e5830be985dbbad2cdb,6395143,38,,,,corpus LA_corpus_2026-09-21: from LA_ws_2026-09-21; flags no_text_layer,2024-12-16,,,in_force
0.2.0,,la-la2312-001,LA,https://laoofficialgazette.gov.la/kcfinder/upload/files/53 ກົດໝາຍ ວ່າດ້ວຍການປົກປັກຮັກສາສິ່ງແວດລ້ອມ (ສະບັບປັບປຸງ)28-6-2024.pdf,2026-09-21T01:19:35Z,pdf_scanned,true,raw/la/la_2312/20260921T0119Z__scanned.pdf,ກົດໝາຍ ວ່າດ້ວຍການປົກປັກຮັກສາສິ່ງແວດລ້ອມ (ສະບັບປັບປຸງ),,,,requests,200,raw/la/la_2312/20260921T0119Z__scanned.pdf.headers.json,application/pdf,39da446cc26fd583e07d8d32a96ea5123e9e1df9acb317c65ec1e1a9d4257f05,8617598,42,,,,corpus LA_corpus_2026-09-21: from LA_ws_2026-09-21; flags no_text_layer,2024-12-16,,,in_force
0.2.0,,la-la2313-001,LA,https://laoofficialgazette.gov.la/kcfinder/upload/files/4524-18-12-2024.pdf,2026-09-21T05:06:23Z,pdf_scanned,true,raw/la/la_2313/20260921T0506Z__scanned.pdf,ຄຳແນະນຳວ່າດ້ວຍ ການປັບປຸງເງິນອຸດໜູນ ແລະ ເງິນນະໂຍບາຍຕ່າງໆ,,,,requests,200,raw/la/la_2313/20260921T0506Z__scanned.pdf.headers.json,application/pdf,d8808ce8e173db8852a1c195b2397ca52be594e051b9b78196eb2f700d765204,5193377,2,,,,corpus LA_corpus_2026-09-21: from LA_ws_2026-09-21; flags no_text_layer,2024-12-18,,,in_force
0.2.0,,la-la2314-001,LA,https://laoofficialgazette.gov.la/kcfinder/upload/files/2980-18-12-2024.pdf,2026-09-21T00:51:09Z,pdf_scanned,true,raw/la/la_2314/20260921T0051Z__scanned.pdf,ຂໍ້ຕົກລົງວ່າດ້ວຍ ການປະກັນໄພລົດແບບບັງຄັບ,,,,requests,200,raw/la/la_2314/20260921T0051Z__scanned.pdf.headers.json,application/pdf,c48cf68e9fae08766dfbad0f3c80c7cb8ecaf91db2f7dc5bd3360d3cd9881b88,7056500,11,,,,corpus LA_corpus_2026-09-21: from LA_ws_2026-09-21; flags no_text_layer,2024-12-18,,,in_force
0.2.0,,la-la2315-001,LA,https://laoofficialgazette.gov.la/kcfinder/upload/files/642.pdf,2026-09-21T02:12:07Z,pdf_scanned,true,raw/la/la_2315/20260921T0212Z__scanned.pdf,ດຳລັດວ່າດ້ວຍ ການດຳລົງຊິີວິດຢ່າງຖາວອນ ຢູ່ ສປປ ລາວ ຂອງຄົນເຊື້ອຊາດລາວຢູ່ຕ່າງປະເທດ,,,,requests,200,raw/la/la_2315/20260921T0212Z__scanned.pdf.headers.json,application/pdf,10381afbe8d592c8dc2b5929b8068b1f7c6bc0587858e97a7fd09f9167fce21e,5885463,10,,,,corpus LA_corpus_2026-09-21: from LA_ws_2026-09-21; flags no_text_layer,2024-12-23,,,in_force
0.2.0,,la-la2317-001,LA,"https://laoofficialgazette.gov.la/kcfinder/upload/files/644, 25.11.2024.pdf",2026-09-21T02:12:03Z,pdf_scanned,true,raw/la/la_2317/20260921T0212Z__scanned.pdf,"ດຳລັດວ່າດ້ວຍ ການເຄື່ອນຍ້າຍ, ນຳເຂົ້າ, ສົ່ງອອກ, ສົ່ງຜ່ານ ສັດ, ສັດນໍ້າ, ຜະລິດຕະພັນສັດ ແລະ ສັດນໍ້າ",,,,requests,200,raw/la/la_2317/20260921T0212Z__scanned.pdf.headers.json,application/pdf,05037b3357eaa96ffae42f9259c652277fee8e474dfca7a1964fb6b08da8726f,13130249,20,,,,corpus LA_corpus_2026-09-21: from LA_ws_2026-09-21; flags no_text_layer,2024-12-26,,,in_force
0.2.0,,la-la2318-001,LA,https://laoofficialgazette.gov.la/kcfinder/upload/files/4186-30-12-2024.pdf,2026-09-21T01:04:28Z,pdf_scanned,true,raw/la/la_2318/20260921T0104Z__scanned.pdf,ຂໍ້ຕົກລົງວ່າດ້ວຍ ການກຳນົດເນື້ອໃນແບບພິມ ແລະ ການພິມຕາມແບບພິມໃບທະບຽນຢັ້ງຢືນການນຳໃຊ້ທີ່ດິນ ແລະ ໃບຢັ້ງຢືນການນຳໃຊ້ທີ່ດິນ,,,,requests,200,raw/la/la_2318/20260921T0104Z__scanned.pdf.headers.json,application/pdf,70cc47aba7192de8384cf8c1be7e5205bd54c111bfafebb7f8a93d7eb191f21a,4563616,8,,,,corpus LA_corpus_2026-09-21: from LA_ws_2026-09-21; flags no_text_layer,2024-12-30,,,repealed
0.2.0,,la-la2319-001,LA,https://laoofficialgazette.gov.la/kcfinder/upload/files/2907-30-12-2024 1.pdf,2026-09-21T03:24:53Z,pdf_scanned,true,raw/la/la_2319/20260921T0324Z__scanned.pdf,ຂໍ້ຕົກລົງວ່າດ້ວຍ ເຂດສະຫງວນນຳ້ ແລະ ຊັບພະຍາກອນນຳ້,,,,requests,200,raw/la/la_2319/20260921T0324Z__scanned.pdf.headers.json,application/pdf,3e8acf60c90069977a66346bde505a80bc4e4aeec3d9ca02982d7d1e0ca3399e,6550684,10,,,,corpus LA_corpus_2026-09-21: from LA_ws_2026-09-21; flags no_text_layer,2024-12-30,,,in_force
0.2.0,,la-la2320-001,LA,https://laoofficialgazette.gov.la/kcfinder/upload/files/1304.pdf,2026-09-21T03:24:44Z,pdf_scanned,true,raw/la/la_2320/20260921T0324Z__scanned.pdf,ຂໍ້ຕົກລົງວ່າດ້ວຍ ການຈັດຊັ້ນ ແລະ ຫັກເງິນແຮ ຄ່າເຊົ່າສິນເຊື່ອຂອງບໍລິສັດເຊົ່າສິນເຊື່ອ,,,,requests,200,raw/la/la_2320/20260921T0324Z__scanned.pdf.headers.json,application/pdf,ac43c86ea062ec2aafcf0e0430a7bd49605fe70ec909ed701e6c6922c8e8d7e9,3590357,7,,,,corpus LA_corpus_2026-09-21: from LA_ws_2026-09-21; flags no_text_layer,2025-01-03,,,in_force
0.2.0,,la-la2321-001,LA,https://laoofficialgazette.gov.la/kcfinder/upload/files/1315.pdf,2026-09-21T00:51:02Z,pdf_scanned,true,raw/la/la_2321/20260921T0051Z__scanned.pdf,ຂໍ້ຕົກລົງວ່າດ້ວຍ ການຄຸ້ມຄອງການໃຫ້ບໍລິການທຸລະກຳເງິນຕາຂ້າມສະກຸນ,,,,requests,200,raw/la/la_2321/20260921T0051Z__scanned.pdf.headers.json,application/pdf,dacbe986efe297e6d0429c992e75c223acc5f6cf0421f8222ed09bf75f00118c,3202976,6,,,,corpus LA_corpus_2026-09-21: from LA_ws_2026-09-21; flags no_text_layer,2025-01-03,,,in_force
0.2.0,,la-la2323-001,LA,https://laoofficialgazette.gov.la/kcfinder/upload/files/74.12-12-2024.pdf,2026-09-21T01:19:11Z,pdf_scanned,true,raw/la/la_2323/20260921T0119Z__scanned.pdf,ກົດໝາຍວ່າດ້ວຍ ການປັບປຸງມາດຕາ 18 ຂອງກົດໝາຍວ່າດ້ວຍການລົງທຶນຂອງລັດ ສະບັບປັບປຸງປີ 2015,,,,requests,200,raw/la/la_2323/20260921T0119Z__scanned.pdf.headers.json,application/pdf,91eae53aa5bfa2451942bd8e4a4f7321985ee711f7e8138e9a1313b836999872,1967357,4,,,,"corpus LA_corpus_2026-09-21: from LA_ws_2026-09-21; flags no_text_layer,short_principal",2025-01-08,,,in_force
0.2.0,,la-la2324-001,LA,https://laoofficialgazette.gov.la/kcfinder/upload/files/0019.9-1-2025.pdf,2026-09-21T04:53:50Z,pdf_scanned,true,raw/la/la_2324/20260921T0453Z__scanned.pdf,ຂໍ້ຕົກລົງວ່າດ້ວຍ ການປະຕິບັດວຽກງານກວດກາການຄ້າ,,,,requests,200,raw/la/la_2324/20260921T0453Z__scanned.pdf.headers.json,application/pdf,05e171a41a9f82df2efa1e55226dac17b919d99a88fcd560145d1007ac064109,8362135,15,,,,corpus LA_corpus_2026-09-21: from LA_ws_2026-09-21; flags no_text_layer,2025-01-09,,,repealed
0.2.0,,la-la2325-001,LA,https://laoofficialgazette.gov.la/kcfinder/upload/files/0012.pdf,2026-09-21T03:24:27Z,pdf_scanned,true,raw/la/la_2325/20260921T0324Z__scanned.pdf,"ຂໍ້ຕົກລົງເພີ້ມເຕີມວ່າດ້ວຍ ການປັບປຸງບາງມາດຕາຂອງ ຂໍ້ຕົກລົງວ່າດ້ວຍ ກຳນົດໝາຍການໃຊ້ຈ່າຍງົບປະມານຂອງລັດ, ການປະຢັດ ແລະ ຕ້ານການຟູມເຟືອຍ ສະບັບເລກທີ 0200/ກງ",,,,requests,200,raw/la/la_2325/20260921T0324Z__scanned.pdf.headers.json,application/pdf,acb3ff49e7eeb5f3246050da54a93953940594b0d3a0674aa2db2ad131120e97,2154086,3,,,,corpus LA_corpus_2026-09-21: from LA_ws_2026-09-21; flags no_text_layer,2025-01-10,,,in_force
0.2.0,,la-la2326-001,LA,https://laoofficialgazette.gov.la/kcfinder/upload/files/52 .28.6.2024.pdf,2026-09-21T01:19:08Z,pdf_scanned,true,raw/la/la_2326/20260921T0119Z__scanned.pdf,ກົດໝາຍວ່າດ້ວຍ ການຕ້ານການສໍ້ລາດບັງຫຼວງ (ສະບັບປັບປຸງ),,,,playwright,200,raw/la/la_2326/20260921T0119Z__scanned.pdf.headers.json,application/pdf,b8f87240c54a0684bf3f98c0678e258a4791187b96a284fd3422ea07f2ec494c,5733726,31,,,,corpus LA_corpus_2026-09-21: from LA_ws_2026-09-21; flags no_text_layer,2025-01-16,,,in_force
0.2.0,,la-la2327-001,LA,https://laoofficialgazette.gov.la/kcfinder/upload/files/11 .3.1.2025.pdf,2026-09-21T00:50:53Z,pdf_scanned,true,raw/la/la_2327/20260921T0050Z__scanned.pdf,ຂໍ້ຕົກລົງວ່າດ້ວຍ ການນຳໃຊ້ເງິນຕາຕ່າງປະເທດ ຢູ່ ສປປ ລາວ,,,,requests,200,raw/la/la_2327/20260921T0050Z__scanned.pdf.headers.json,application/pdf,46e58c8a7170369ab718e7ccce46bff4f3e7b00cffeb701dd48e44688c12ebf8,1739182,10,,,,corpus LA_corpus_2026-09-21: from LA_ws_2026-09-21; flags no_text_layer,2025-01-21,,,in_force
0.2.0,,la-la2330-001,LA,https://laoofficialgazette.gov.la/kcfinder/upload/files/56.270125.pdf,2026-09-21T02:11:50Z,pdf_scanned,true,raw/la/la_2330/20260921T0211Z__scanned.pdf,ດຳລັດວ່າດ້ວຍ ກະສິກຳແບບມີສັນຍາ,,,,requests,200,raw/la/la_2330/20260921T0211Z__scanned.pdf.headers.json,application/pdf,4910a567bc4df456d1b3a87eb602070019cd31b145d916e6cd5145329ade732e,9368615,15,,,,corpus LA_corpus_2026-09-21: from LA_ws_2026-09-21; flags no_text_layer,2025-02-06,,,in_force
0.2.0,,la-la2331-001,LA,https://laoofficialgazette.gov.la/kcfinder/upload/files/61.280624.pdf,2026-09-21T01:18:57Z,pdf_scanned,true,raw/la/la_2331/20260921T0118Z__scanned.pdf,ກົດໝາຍວ່າດ້ວຍ ການສະກັດກັ້ນ ແລະ ຕ້ານອັກຄີໄພ (ສະບັບປັບປຸງ),,,,requests,200,raw/la/la_2331/20260921T0118Z__scanned.pdf.headers.json,application/pdf,7467ece59427a3b132e1dab7b368c9313783045b42381eb6812e4feb78c1890f,5135291,30,,,,corpus LA_corpus_2026-09-21: from LA_ws_2026-09-21; flags no_text_layer,2025-02-10,,,in_force
0.2.0,,la-la2333-001,LA,https://laoofficialgazette.gov.la/kcfinder/upload/files/0675.2212025.pdf,2026-09-21T03:24:26Z,pdf_scanned,true,raw/la/la_2333/20260921T0324Z__scanned.pdf,ຂໍ້ຕົກລົງວ່າດ້ວຍ ການຄຸ້ມຄອງໂຮງງານຜະລິດອາຫານສັດ,,,,requests,200,raw/la/la_2333/20260921T0324Z__scanned.pdf.headers.json,application/pdf,64e6f8400e7d4e528a6bb587dee78d53509c7b6281699213b2f826ba69289052,7810056,12,,,,corpus LA_corpus_2026-09-21: from LA_ws_2026-09-21; flags no_text_layer,2025-02-14,,,in_force
0.2.0,,la-la2334-001,LA,https://laoofficialgazette.gov.la/kcfinder/upload/files/115.pdf,2026-09-21T00:50:35Z,pdf_scanned,true,raw/la/la_2334/20260921T0050Z__scanned.pdf,ຂໍ້ຕົກລົງວ່າດ້ວຍ ການຄຸ້ມຄອງວຽກງານຂໍ້ມູນຂ່າວສານສິນເຊື່ອ,,,,requests,200,raw/la/la_2334/20260921T0050Z__scanned.pdf.headers.json,application/pdf,419c150ff5a67ac485a1c91c0d5ec92a6e16a1380268a5112622ca314ef98258,806180,10,,,,corpus LA_corpus_2026-09-21: from LA_ws_2026-09-21; flags no_text_layer,2025-02-18,,,in_force
0.2.0,,la-la2335-001,LA,https://laoofficialgazette.gov.la/kcfinder/upload/files/96.pdf,2026-09-21T00:50:33Z,pdf_scanned,true,raw/la/la_2335/20260921T0050Z__scanned.pdf,ຂໍ້ຕົກລົງວ່າດ້ວຍ ມາດຕະຖານລາວຄິວອາ ເພື່ອການຊຳລະ,,,,requests,200,raw/la/la_2335/20260921T0050Z__scanned.pdf.headers.json,application/pdf,cff547e51b66b076384ab12fdb16574846df21275d7749f5d15b97dd795b9f1b,3610499,48,,,,corpus LA_corpus_2026-09-21: from LA_ws_2026-09-21; flags no_text_layer,2025-02-18,,,in_force
0.2.0,,la-la2336-001,LA,https://laoofficialgazette.gov.la/kcfinder/upload/files/0153.pdf,2026-09-21T05:06:13Z,pdf_scanned,true,raw/la/la_2336/20260921T0506Z__scanned.pdf,ຄຳແນະນຳວ່າດ້ວຍ ການຮັບຮອງສິດທິບັດເອີຣົບ ຢູ່ ສປປ ລາວ ພາຍໃນສັນຍາ ວ່າດ້ວຍການຮັບຮອງສິດທິບັດເອີຣົບ,,,,requests,200,raw/la/la_2336/20260921T0506Z__scanned.pdf.headers.json,application/pdf,0a823a651bf2bba8e60f47a16c5bc606d9eb4fdfadd035c7ae3a700dc1e7a329,2180336,4,,,,corpus LA_corpus_2026-09-21: from LA_ws_2026-09-21; flags no_text_layer,2025-02-21,,,in_force
0.2.0,,la-la2337-001,LA,https://laoofficialgazette.gov.la/kcfinder/upload/files/0285.pdf,2026-09-21T03:24:12Z,pdf_scanned,true,raw/la/la_2337/20260921T0324Z__scanned.pdf,ຂໍ້ຕົກລົງວ່າດ້ວຍ ເນື້ອໃນການໂຄສະນາສິນຄ້າ,,,,requests,200,raw/la/la_2337/20260921T0324Z__scanned.pdf.headers.json,application/pdf,c405911ff3afc2a21ae4ee282fe88f71d01557d57de672aec24100459b1c2ebf,1581881,6,,,,corpus LA_corpus_2026-09-21: from LA_ws_2026-09-21; flags no_text_layer,2025-02-26,,,in_force
0.2.0,,la-la2339-001,LA,https://laoofficialgazette.gov.la/kcfinder/upload/files/0942.pdf,2026-09-21T05:26:21Z,pdf_scanned,true,raw/la/la_2339/20260921T0526Z__scanned.pdf,"ຄຳແນະນຳກ່ຽວກັບ ການຕິດຕາມ, ກວດກາ ການເຄື່ອນໄຫວວຽກງານຂອງຂະແໜງການກະສິກຳ ແລະ ປ່າໄມ້",,,,requests,200,raw/la/la_2339/20260921T0526Z__scanned.pdf.headers.json,application/pdf,21f046af5361c388610df80af050db38f78dba8ef63e6d1ff9f0989fa7353daf,3476176,5,,,,corpus LA_corpus_2026-09-21: from LA_ws_2026-09-21; flags no_text_layer,2025-02-26,,,repealed
0.2.0,,la-la2340-001,LA,https://laoofficialgazette.gov.la/kcfinder/upload/files/155.pdf,2026-09-21T00:50:18Z,pdf_scanned,true,raw/la/la_2340/20260921T0050Z__scanned.pdf,ຂໍ້ຕົກລົງວ່າດ້ວຍ ການຄຸ້ມຄອງບັນຊີເງິນຝາກເງິນຕາຕ່າງປະເທດ ຢູ່ ສປປລາວ,,,,requests,200,raw/la/la_2340/20260921T0050Z__scanned.pdf.headers.json,application/pdf,9d085f767ff31e0b1e434d54322e035e671333dc94b5f2bfe69076e67f46435c,4353597,8,,,,corpus LA_corpus_2026-09-21: from LA_ws_2026-09-21; flags no_text_layer,2025-02-27,,,in_force
0.2.0,,la-la2341-001,LA,https://laoofficialgazette.gov.la/kcfinder/upload/files/639 19.11.2024.pdf,2026-09-21T02:11:38Z,pdf_scanned,true,raw/la/la_2341/20260921T0211Z__scanned.pdf,"ດຳລັດວ່າດ້ວຍ ກອງທຶນຄວບຄຸມ, ສະກັດກັ້ນ ແລະ ຕ້ານຢາເສບຕິດ",,,,requests,200,raw/la/la_2341/20260921T0211Z__scanned.pdf.headers.json,application/pdf,40b25c148c9bbd81b9eabd67270f1fb5b0287b8f5e455b6dfc1bd4cfaf9f473c,5185599,10,,,,corpus LA_corpus_2026-09-21: from LA_ws_2026-09-21; flags no_text_layer,2025-02-28,,,in_force
0.2.0,,la-la2343-001,LA,https://laoofficialgazette.gov.la/kcfinder/upload/files/0190 14.2.2025.pdf,2026-09-21T01:09:05Z,pdf_scanned,true,raw/la/la_2343/20260921T0109Z__scanned.pdf,"ຄຳແນະນຳວ່າດ້ວຍ ການຂື້ນທະບຽນ ກຳມະສິດຫ້ອງຊຸດ, ການຈົດທະບຽນການເຄື່ອນໄຫວ ແລະ ການປ່ຽນແປງກຳມະສິດຫ້ອງຊຸດ ໃນຄອນໂດມິນຽມ",,,,requests,200,raw/la/la_2343/20260921T0109Z__scanned.pdf.headers.json,application/pdf,c69fa95b1860fca6950f6da9590abe896c6f96fb5f0a6490729cc829dd6410d7,14812901,20,,,,corpus LA_corpus_2026-09-21: from LA_ws_2026-09-21; flags no_text_layer,2025-03-05,,,in_force
0.2.0,,la-la2344-001,LA,https://laoofficialgazette.gov.la/kcfinder/upload/files/ 57.27.1.2025.pdf,2026-09-21T02:11:33Z,pdf_scanned,true,raw/la/la_2344/20260921T0211Z__scanned.pdf,ດຳລັດວ່າດ້ວຍ ການປະຕິບັດນະໂຍບາຍຕໍ່ຜູ້ມີຜົນງານ ແລະ ຄຸນງາມຄວາມດີໃນພາລະກິດ ການປະຕິວັດຊາດ ປະຊາທິປະໄຕ,,,,requests,200,raw/la/la_2344/20260921T0211Z__scanned.pdf.headers.json,application/pdf,349c0c1650e32596d1df99cce49f37908172aaf5119afcb1408ccd35eabbb57e,9594763,15,,,,corpus LA_corpus_2026-09-21: from LA_ws_2026-09-21; flags no_text_layer,2025-03-06,,,in_force
0.2.0,,la-la2345-001,LA,https://laoofficialgazette.gov.la/kcfinder/upload/files/ 60.28.6.2024.pdf,2026-09-21T01:18:52Z,pdf_scanned,true,raw/la/la_2345/20260921T0118Z__scanned.pdf,ກົດໝາຍວ່າດ້ວຍ ອາກອນມູນຄ່າເພີ່ມ (ສະບັບປັບປຸງ),,,,requests,200,raw/la/la_2345/20260921T0118Z__scanned.pdf.headers.json,application/pdf,a49755b75394c0496fb0a078c8b607d8dac6489b01c57bd4473f9801abe55822,15188138,27,,,,corpus LA_corpus_2026-09-21: from LA_ws_2026-09-21; flags no_text_layer,2025-03-11,,,in_force
0.2.0,,la-la2349-001,LA,https://laoofficialgazette.gov.la/kcfinder/upload/files/163. 27.2.2025.pdf,2026-09-21T02:11:24Z,pdf_scanned,true,raw/la/la_2349/20260921T0211Z__scanned.pdf,ດຳລັດວ່າດ້ວຍ ທີ່ດິນກະສິກຳ,,,,requests,200,raw/la/la_2349/20260921T0211Z__scanned.pdf.headers.json,application/pdf,a34a3de4ada3395b6a23f2d347714fdbf2305f5bf4543f7c4b68d555846127c5,12237163,20,,,,corpus LA_corpus_2026-09-21: from LA_ws_2026-09-21; flags no_text_layer,2025-03-13,,,in_force
0.2.0,,la-la2350-001,LA,https://laoofficialgazette.gov.la/kcfinder/upload/files/701.pdf,2026-09-21T02:11:04Z,pdf_scanned,true,raw/la/la_2350/20260921T0211Z__scanned.pdf,ດຳລັດວ່າດ້ວຍ ການຈັດຕັ້ງ ແລະ ການເຄື່ອນໄຫວ ຂອງຄະນະກຳມະການແກ້ໄຂບັນຫາຢາເສບຕິດ,,,,requests,200,raw/la/la_2350/20260921T0211Z__scanned.pdf.headers.json,application/pdf,06899e87944bb397e4970055b76a1bdf766e2cb2e367d75d382a2b40ea9f50ee,7500735,13,,,,corpus LA_corpus_2026-09-21: from LA_ws_2026-09-21; flags no_text_layer,2025-03-20,,,in_force
0.2.0,,la-la2351-001,LA,https://laoofficialgazette.gov.la/kcfinder/upload/files/260.pdf,2026-09-21T03:24:10Z,pdf_scanned,true,raw/la/la_2351/20260921T0324Z__scanned.pdf,ຂໍ້ຕົກລົງວ່າດ້ວຍ ກອງທຶນຄຸ້ມຄອງໄພພິບັດ ນະຄອນຫຼວງວຽງຈັນ,,,,requests,200,raw/la/la_2351/20260921T0324Z__scanned.pdf.headers.json,application/pdf,661bdc9abd0e9a07d4c07d70a30bba8dc37c6cf7f49612877c40ffe4bb63aef1,7603298,14,,,,corpus LA_corpus_2026-09-21: from LA_ws_2026-09-21; flags no_text_layer,2025-03-20,,,in_force
0.2.0,,la-la2352-001,LA,https://laoofficialgazette.gov.la/kcfinder/upload/files/ດໍາລັດ ວ່າດ້ວຍ ການແກ້ໄຂບັນຫາລະເບີດບໍ່ທັນແຕກທີ່ຕົກຄ້າງ ປີ 2025 (166-ລບ).pdf,2026-09-21T02:10:57Z,pdf_scanned,true,raw/la/la_2352/20260921T0210Z__scanned.pdf,ດຳລັດວ່າດ້ວຍ ການແກ້ໄຂບັນຫາລະເບີດບໍ່ທັນແຕກທີ່ຕົກຄ້າງ,,,,requests,200,raw/la/la_2352/20260921T0210Z__scanned.pdf.headers.json,application/pdf,5c632f1cf800ba79a2539c56ea7ad13b8f1d510f8eacf86d3f4fe399137369ce,17768302,24,,,,corpus LA_corpus_2026-09-21: from LA_ws_2026-09-21; flags no_text_layer,2025-03-27,,,in_force
0.2.0,,la-la2353-001,LA,"https://laoofficialgazette.gov.la/kcfinder/upload/files/77,20,3,2025.pdf",2026-09-21T01:13:49Z,pdf_scanned,true,raw/la/la_2353/20260921T0113Z__scanned.pdf,ລັດຖະທຳມະນູນ ແຫ່ງ ສາທາລະນະລັດ ປະຊາທິປະໄຕ ປະຊາຊົນລາວ (ສະບັບປັບປຸງ ປີ 2025),,,,requests,200,raw/la/la_2353/20260921T0113Z__scanned.pdf.headers.json,application/pdf,0fbc259db1c8a576e184f6841e631177e106288230478c83584ff4ef394ed804,2686896,29,,,,corpus LA_corpus_2026-09-21: from LA_ws_2026-09-21; flags no_text_layer,2025-03-28,,,in_force
0.2.0,,la-la2354-001,LA,https://laoofficialgazette.gov.la/kcfinder/upload/files/41.pdf,2026-09-21T03:23:52Z,pdf_scanned,true,raw/la/la_2354/20260921T0323Z__scanned.pdf,ຂໍ້ຕົກລົງວ່າດ້ວຍ ການຄຸ້ມຄອງເສົາຫຼັກເມືອງ ແລະ ອະນຸສາວະລີອົງແກ້ວ,,,,requests,200,raw/la/la_2354/20260921T0323Z__scanned.pdf.headers.json,application/pdf,d81ead87e46c5c8ff860057ceadf2ad92bc6401ee95924f08d149bde344db0bd,4645318,9,,,,corpus LA_corpus_2026-09-21: from LA_ws_2026-09-21; flags no_text_layer,2025-03-31,,,in_force
0.2.0,,la-la2355-001,LA,https://laoofficialgazette.gov.la/kcfinder/upload/files/4064.ກງ.pdf,2026-09-21T00:50:11Z,pdf_scanned,true,raw/la/la_2355/20260921T0050Z__scanned.pdf,ຂໍ້ຕົກລົງວ່າດ້ວຍ ມາດຕະການທາງບໍລິຫານ ຕໍ່ຜູ້ລະເມີດກົດໝາຍ ແລະ ລະບຽບການ ກ່ຽວກັບວຽກງານຕ້ານ ການຟອກເງິນ ແລະ ການສະໜອງທຶນໃຫ້ແກ່ການກໍ່ການຮ້າຍ ສຳລັບຂະແໜງຄຸ້ມຄອງການບັນຊີ,,,,requests,200,raw/la/la_2355/20260921T0050Z__scanned.pdf.headers.json,application/pdf,03be5481b849b241f7ed00cbde6522270cb3f2e1febda71c7720bed72d8007af,1555112,4,,,,corpus LA_corpus_2026-09-21: from LA_ws_2026-09-21; flags no_text_layer,2025-04-04,,,in_force
0.2.0,,la-la2356-001,LA,https://laoofficialgazette.gov.la/kcfinder/upload/files/0144.ກງ.pdf,2026-09-21T01:08:46Z,pdf_scanned,true,raw/la/la_2356/20260921T0108Z__scanned.pdf,ຄຳແນະນຳວ່າດ້ວຍ ການຄຸ້ມຄອງ ແລະ ນຳໃຊ້ລະບົບຂໍ້ມູນຂ່າວສານຄຸ້ມຄອງຊັບສິນແຫ່ງລັດ ແບບເອເລັກໂຕຼນິກ (AMIS),,,,requests,200,raw/la/la_2356/20260921T0108Z__scanned.pdf.headers.json,application/pdf,de5166be969b2817c137254d5bef8e2de1970f70b454a3f937f41673084bed26,1962312,9,,,,corpus LA_corpus_2026-09-21: from LA_ws_2026-09-21; flags no_text_layer,2025-04-04,,,in_force
0.2.0,,la-la2359-001,LA,https://laoofficialgazette.gov.la/kcfinder/upload/files/1406.pdf,2026-09-21T03:23:44Z,pdf_scanned,true,raw/la/la_2359/20260921T0323Z__scanned.pdf,"ຂໍ້ຕົກລົງວ່າດ້ວຍ ໄມ້ ແລະ ຜະລິດຕະພັນໄມ້ ທີ່ຖືກ ຍຶດ, ອາຍັດ ແລະ ຮິບ ເປັນຂອງລັດ",,,,requests,200,raw/la/la_2359/20260921T0323Z__scanned.pdf.headers.json,application/pdf,8ef8021f40501ea1ff7200d07ba60ae38a4d0e69b5bcfcebd12f2b83aadeb1c5,2041728,9,,,,corpus LA_corpus_2026-09-21: from LA_ws_2026-09-21; flags no_text_layer,2025-04-21,,,in_force
0.2.0,,la-la2360-001,LA,https://laoofficialgazette.gov.la/kcfinder/upload/files/288.pdf,2026-09-21T00:50:04Z,pdf_scanned,true,raw/la/la_2360/20260921T0050Z__scanned.pdf,ຂໍ້ຕົກລົງວ່າດ້ວຍ ການປັບປຸງມາດຕາ 10 ຂອງຂໍ້ຕົກລົງວ່າດ້ວຍ ການຄຸ້ມຄອງບັນຊີເງິນຝາກເງິນຕາຕ່າງປະເທດ ຢູ່ ສປປລາວ,,,,requests,200,raw/la/la_2360/20260921T0050Z__scanned.pdf.headers.json,application/pdf,e1f91a59c9472f5c27eeb3909bf70e6b56eac62293fb314c0a4bb5e4560f81c0,436468,3,,,,corpus LA_corpus_2026-09-21: from LA_ws_2026-09-21; flags no_text_layer,2025-04-25,,,in_force
0.2.0,,la-la2361-001,LA,https://laoofficialgazette.gov.la/kcfinder/upload/files/ຂຕລ 0666 ວ່າດ້ວຍກິດຈະການບໍລິການຊື້-ຂາຍຄຳ ຜ່ານທາງເອເລັກໂຕຣນິກ.pdf,2026-09-21T00:49:50Z,pdf_scanned,true,raw/la/la_2361/20260921T0049Z__scanned.pdf,ຂໍ້ຕົກລົງວ່າດ້ວຍ ກິດຈະການບໍລິການຊື້-ຂາຍຄຳ ຜ່ານທາງເອເລັກໂຕຣນິກ,,,,requests,200,raw/la/la_2361/20260921T0049Z__scanned.pdf.headers.json,application/pdf,1277d81b3c3e48fb36dc14fb569464213d42e15f6dc46aa0124d22efa2566cd7,5553341,10,,,,corpus LA_corpus_2026-09-21: from LA_ws_2026-09-21; flags no_text_layer,2025-04-29,,,in_force
0.2.0,,la-la2362-001,LA,https://laoofficialgazette.gov.la/kcfinder/upload/files/0506.pdf,2026-09-21T00:50:01Z,pdf_scanned,true,raw/la/la_2362/20260921T0050Z__scanned.pdf,ຂໍ້ຕົກລົງວ່າດ້ວຍ ການຊຳລະເງິນ ຊື້ ຂາຍ ສິດນຳໃຊ້ທີ່ດິນ ຜ່ານລະບົບທະນາຄານ,,,,requests,200,raw/la/la_2362/20260921T0050Z__scanned.pdf.headers.json,application/pdf,1ab0d89fc560e3a561f44aaa2597d2adb3925601453352d8e7e7695aefbbbfa6,1420161,6,,,,corpus LA_corpus_2026-09-21: from LA_ws_2026-09-21; flags no_text_layer,2025-04-29,,,in_force
0.2.0,,la-la2363-001,LA,https://laoofficialgazette.gov.la/kcfinder/upload/files/0723.pdf,2026-09-21T03:23:33Z,pdf_scanned,true,raw/la/la_2363/20260921T0323Z__scanned.pdf,ຂໍ້ຕົກລົງວ່າດ້ວຍ ການກວດສອບ ແລະ ຢັ້ງຢືນຄຸນນະພາບນ້ຳມັນເຊື້ອໄຟ,,,,requests,200,raw/la/la_2363/20260921T0323Z__scanned.pdf.headers.json,application/pdf,c4f2e933945d951963517dc4eba79ba07b2071956f54cf234f5b404adc4b4c05,1841538,8,,,,corpus LA_corpus_2026-09-21: from LA_ws_2026-09-21; flags no_text_layer,2025-05-07,,,in_force
0.2.0,,la-la2364-001,LA,https://laoofficialgazette.gov.la/kcfinder/upload/files/0874.20.5.2025.pdf,2026-09-21T03:23:32Z,pdf_scanned,true,raw/la/la_2364/20260921T0323Z__scanned.pdf,ຂໍ້ຕົກລົງວ່າດ້ວຍ ເຄື່ອງໝາຍການຄ້າ,,,,requests,200,raw/la/la_2364/20260921T0323Z__scanned.pdf.headers.json,application/pdf,292b756ad5439fc2fd60ea08388089117921efc242d4f84c87783109ceb25a2c,10132704,14,,,,corpus LA_corpus_2026-09-21: from LA_ws_2026-09-21; flags no_text_layer,2025-05-28,,,in_force
0.2.0,,la-la2365-001,LA,https://laoofficialgazette.gov.la/kcfinder/upload/files/1390.27.5.2025.pdf,2026-09-21T05:06:07Z,pdf_scanned,true,raw/la/la_2365/20260921T0506Z__scanned.pdf,"ຄຳແນະນຳ ກ່ຽວກັບການຕິດຕາມ, ກວດກາ ການເຄື່ອນໄຫວວຽກງານ ຂອງຂະແໜງການກະສິກຳ ແລະ ປ່າໄມ້",,,,requests,200,raw/la/la_2365/20260921T0506Z__scanned.pdf.headers.json,application/pdf,6965bf60a11403db49451239bbde18faa960555d26a2ce80637561b61cf9509e,4160014,5,,,,corpus LA_corpus_2026-09-21: from LA_ws_2026-09-21; flags no_text_layer,2025-05-28,,,in_force
0.2.0,,la-la2366-001,LA,https://laoofficialgazette.gov.la/kcfinder/upload/files/65. 11.12.2024.pdf,2026-09-21T01:18:34Z,pdf_scanned,true,raw/la/la_2366/20260921T0118Z__scanned.pdf,ກົດໝາຍວ່າດ້ວຍ ສະຫະພັນແມ່ຍິງລາວ (ສະບັບປັບປຸງ),,,,requests,200,raw/la/la_2366/20260921T0118Z__scanned.pdf.headers.json,application/pdf,e093bad35326dad244184f01ac2dc03f2c07f8d9d5266d4bd7124a51250a4f69,4027470,23,,,,corpus LA_corpus_2026-09-21: from LA_ws_2026-09-21; flags no_text_layer,2025-05-28,,,in_force
0.2.0,,la-la2367-001,LA,https://laoofficialgazette.gov.la/kcfinder/upload/files/001.23.5.2025.pdf,2026-09-21T02:03:06Z,pdf_scanned,true,raw/la/la_2367/20260921T0203Z__scanned.pdf,ລັດຖະບັນຍັດວ່າດ້ວຍ ການຄຸ້ມຄອງອາກອນເດັດຖານ ແລະ ຄ່າທຳນຽມ ສຳລັບທຸລະກິດກາຊີໂນ,,,,requests,200,raw/la/la_2367/20260921T0203Z__scanned.pdf.headers.json,application/pdf,6b5d6c877bb93fa6ff19c62c3eb6bc723a3d9aaf4175da8d64a1a1e566615e68,2408213,5,,,,corpus LA_corpus_2026-09-21: from LA_ws_2026-09-21; flags no_text_layer,2025-05-28,,,in_force
0.2.0,,la-la2368-001,LA,https://laoofficialgazette.gov.la/kcfinder/upload/files/0888.22.5.2025.pdf,2026-09-21T03:23:13Z,pdf_scanned,true,raw/la/la_2368/20260921T0323Z__scanned.pdf,ຂໍ້ຕົກລົງວ່າດ້ວຍ ການກວດສອບ ແລະ ຢັ້ງຢືນຄຸນນະພາບຜະລິດຕະພັນວັດຖຸມີຄ່າ,,,,requests,200,raw/la/la_2368/20260921T0323Z__scanned.pdf.headers.json,application/pdf,b08f3ceb0ae45e79720db521bf8521a916d6fc71270968b6d4a289b32df222c1,1649480,9,,,,corpus LA_corpus_2026-09-21: from LA_ws_2026-09-21; flags no_text_layer,2025-05-28,,,in_force
0.2.0,,la-la2369-001,LA,https://laoofficialgazette.gov.la/kcfinder/upload/files/70.11.12.2025.pdf,2026-09-21T00:29:50Z,pdf_scanned,true,raw/la/la_2369/20260921T0029Z__scanned.pdf,ກົດໝາຍວ່າດ້ວຍ ການພັດທະນາສີມືແຮງງານ,,,,requests,200,raw/la/la_2369/20260921T0029Z__scanned.pdf.headers.json,application/pdf,956faf99b983c563cbcc033ff576ca4c798e63040acdfea6c0991111cba6377e,4846845,31,,,,corpus LA_corpus_2026-09-21: from LA_ws_2026-09-21; flags no_text_layer,2025-05-30,,,in_force
0.2.0,,la-la2370-001,LA,https://laoofficialgazette.gov.la/kcfinder/upload/files/72.11.12.2025.pdf,2026-09-21T01:18:29Z,pdf_scanned,true,raw/la/la_2370/20260921T0118Z__scanned.pdf,ກົດໝາຍວ່າດ້ວຍ ການພັດທະນາ ແລະ ປົກປ້ອງແມ່ຍິງ (ສະບັບປັບປຸງ),,,,requests,200,raw/la/la_2370/20260921T0118Z__scanned.pdf.headers.json,application/pdf,df7f1f454131d03a043ff42b128ceaa0f52e2c8bf5a9bc3749a73d7e634ef160,4620096,26,,,,corpus LA_corpus_2026-09-21: from LA_ws_2026-09-21; flags no_text_layer,2025-05-30,,,in_force
0.2.0,,la-la2371-001,LA,https://laoofficialgazette.gov.la/kcfinder/upload/files/45.02.06.2025.pdf,2026-09-21T00:49:38Z,pdf_scanned,true,raw/la/la_2371/20260921T0049Z__scanned.pdf,ຂໍ້ຕົກລົງວ່າດ້ວຍ ການເພີ່ມທຶນຈົດທະບຽນ ແລະ ເງິນລົງທຶນຂອງທະນາຄານທຸລະກິດ ແລະ ສາຂາທະນາຄານທຸລະກິດຕ່າງປະເທດ,,,,requests,200,raw/la/la_2371/20260921T0049Z__scanned.pdf.headers.json,application/pdf,a5d537152cc6ebaa666707248ce984286d404a6761b88349e44e78b68d317275,1633767,3,,,,corpus LA_corpus_2026-09-21: from LA_ws_2026-09-21; flags no_text_layer,2025-06-02,,,in_force
0.2.0,,la-la2372-001,LA,https://laoofficialgazette.gov.la/kcfinder/upload/files/833 8.5.2025.pdf,2026-09-21T03:23:11Z,pdf_scanned,true,raw/la/la_2372/20260921T0323Z__scanned.pdf,ຂໍ້ຕົກລົງວ່າດ້ວຍ ການຄຸ້ມຄອງ ແລະ ນຳໃຊ້ ທີ່ດິນວັດທະນະທຳ ພາຍໃນແຂວງ ສະຫວັນນະເຂດ,,,,requests,200,raw/la/la_2372/20260921T0323Z__scanned.pdf.headers.json,application/pdf,e4166be1980dd863ddafd3c4a578021b0a48e2907d4bde0586f30cc35d4862e8,2129137,11,,,,corpus LA_corpus_2026-09-21: from LA_ws_2026-09-21; flags no_text_layer,2025-06-03,,,in_force
0.2.0,,la-la2373-001,LA,https://laoofficialgazette.gov.la/kcfinder/upload/files/709 9.4.2025.pdf,2026-09-21T03:22:54Z,pdf_scanned,true,raw/la/la_2373/20260921T0322Z__scanned.pdf,"ຂໍ້ຕົກລົງວ່າດ້ວຍ ການສົ່ງເສີມຈຸນລະວິສາຫະກິດ, ວິສາຫະກິດຂະໜາດນ້ອຍ ແລະ ກາງ (ສະບັບປັບປຸງ)",,,,requests,200,raw/la/la_2373/20260921T0322Z__scanned.pdf.headers.json,application/pdf,69610a52a2f1c588655461b7b203bb140f6f0700a099ec067288655444628200,3010229,13,,,,corpus LA_corpus_2026-09-21: from LA_ws_2026-09-21; flags no_text_layer,2025-06-03,,,in_force
0.2.0,,la-la2374-001,LA,https://laoofficialgazette.gov.la/kcfinder/upload/files/1821 26.5.2025.pdf,2026-09-21T05:06:02Z,pdf_scanned,true,raw/la/la_2374/20260921T0506Z__scanned.pdf,"ຄຳແນະນຳກ່ຽວກັບ ການຈັດຕັ້ງປະຕິບັດຄຳສັ່ງວ່າດ້ວຍ ການຮັບຮູ້ສິດນຳໃຊ້ທີ່ດິນ ໃນເຂດທີ່ດິນປ່າໄມ້ ສະບັບເລກທີ 20/ນຍ, ລົງວັນທີ 05 ພະຈິກ 2024",,,,requests,200,raw/la/la_2374/20260921T0506Z__scanned.pdf.headers.json,application/pdf,76371f6b301a8caabf3794eb2702fe408da57029add0743aadc6cba1fe03efbe,2293415,8,,,,corpus LA_corpus_2026-09-21: from LA_ws_2026-09-21; flags no_text_layer,2025-06-03,,,in_force
0.2.0,,la-la2375-001,LA,https://laoofficialgazette.gov.la/kcfinder/upload/files/06ສພຊ2021.pdf,2026-09-21T01:25:09Z,pdf_scanned,true,raw/la/la_2375/20260921T0125Z__scanned.pdf,ກົດໝາຍວ່າດ້ວຍ ການສ້າງນິຕິກຳ (ສະບັບປັບປຸງ),,,,playwright,200,raw/la/la_2375/20260921T0125Z__scanned.pdf.headers.json,application/pdf,1b469c99e72d4d4fbe2c0c978a5811e5560b94daafc8de6e6a8ac515c8f6122a,2380734,44,,,,corpus LA_corpus_2026-09-21: from LA_ws_2026-09-21; flags no_text_layer,2022-04-22,,,in_force
0.2.0,,la-la2376-001,LA,https://laoofficialgazette.gov.la/kcfinder/upload/files/1926 3.6.2025.pdf,2026-09-21T03:22:51Z,pdf_scanned,true,raw/la/la_2376/20260921T0322Z__scanned.pdf,ຂໍ້ຕົກລົງວ່າດ້ວຍ ການທ່ອງທ່ຽວໃນເຂດປ່າໄມ້,,,,requests,200,raw/la/la_2376/20260921T0322Z__scanned.pdf.headers.json,application/pdf,ce2ca123de656201baf664b497f64a756ae555e336334b0bc97a7d8b0a6ee932,6330728,43,,,,corpus LA_corpus_2026-09-21: from LA_ws_2026-09-21; flags no_text_layer,2025-06-06,,,in_force
0.2.0,,la-la2377-001,LA,https://laoofficialgazette.gov.la/kcfinder/upload/files/1916 2.6.2025.pdf,2026-09-21T05:05:50Z,pdf_scanned,true,raw/la/la_2377/20260921T0505Z__scanned.pdf,"ຄຳແນະນຳກ່ຽວກັບ ການກວດກາ, ວິໄຈ ແລະ ຢັ້ງຢືນ ຄຸນນະພາບຢາງພາລາ",,,,requests,200,raw/la/la_2377/20260921T0505Z__scanned.pdf.headers.json,application/pdf,41b69374d3638570be144fef3f3fa424648db5cbb899d7c3632542f926cd6e90,2065091,5,,,,corpus LA_corpus_2026-09-21: from LA_ws_2026-09-21; flags no_text_layer,2025-06-06,,,in_force
0.2.0,,la-la2378-001,LA,https://laoofficialgazette.gov.la/kcfinder/upload/files/002. 2.6.2025.pdf,2026-09-21T02:02:59Z,pdf_scanned,true,raw/la/la_2378/20260921T0202Z__scanned.pdf,ລັດຖະບັນຍັດວ່າດ້ວຍ ການປັບປຸງ ມາດຕາ 34 ແລະ ມາດຕາ 38 ຂອງກົດໝາຍວ່າດ້ວຍ ການປະກັນສັງຄົມ,,,,requests,200,raw/la/la_2378/20260921T0202Z__scanned.pdf.headers.json,application/pdf,ac332d599cf14934182cdf8d9e1d550f53b6488831d7ec7ddd7ee60cd7bf975b,1117271,2,,,,corpus LA_corpus_2026-09-21: from LA_ws_2026-09-21; flags no_text_layer,2025-06-09,,,in_force
0.2.0,,la-la2379-001,LA,https://laoofficialgazette.gov.la/kcfinder/upload/files/162. 30.5.2025.pdf,2026-09-21T05:27:22Z,pdf_scanned,true,raw/la/la_2379/20260921T0527Z__scanned.pdf,ມະຕິຂອງຄະນະປະຈຳສະພາແຫ່ງຊາດ ກ່ຽວກັບການຮັບຮອງເອົາການປັບປຸງເນື້ອໃນມາດຕາ 34 ແລະ ມາດຕາ 38 ຂອງກົດໝາຍວ່າດ້ວຍ ການປະກັນສັງຄົມ,,,,requests,200,raw/la/la_2379/20260921T0527Z__scanned.pdf.headers.json,application/pdf,af45e76df0e1ce2405ff89dc649f69b34638aa93dc648d6df8bfd94530fe805c,1009957,2,,,,corpus LA_corpus_2026-09-21: from LA_ws_2026-09-21; flags no_text_layer,2025-06-09,,,in_force
0.2.0,,la-la2380-001,LA,https://laoofficialgazette.gov.la/kcfinder/upload/files/292. 28.5.2025.pdf,2026-09-21T02:10:28Z,pdf_scanned,true,raw/la/la_2380/20260921T0210Z__scanned.pdf,ດຳລັດວ່າດ້ວຍ ສິນເຊື່ອກາກບອນ,,,,requests,200,raw/la/la_2380/20260921T0210Z__scanned.pdf.headers.json,application/pdf,12e21a336294b48c56c34fb2eb32d7604526d5f76f5e2f3224af926d10902d3f,3176594,20,,,,corpus LA_corpus_2026-09-21: from LA_ws_2026-09-21; flags no_text_layer,2025-06-09,,,in_force
0.2.0,,la-la2381-001,LA,https://laoofficialgazette.gov.la/kcfinder/upload/files/ 640 24.5.2025.pdf,2026-09-21T02:41:52Z,pdf_scanned,true,raw/la/la_2381/20260921T0241Z__scanned.pdf,ຄຳສັ່ງວ່າດ້ວຍ ການຈັດຕັ້ງປະຕິບັດອາກອນມູນຄ່າເພີ່ມ ຢູ່ແຂວງ ອຸດົມໄຊ,,,,requests,200,raw/la/la_2381/20260921T0241Z__scanned.pdf.headers.json,application/pdf,9a73e9bfa47073ab5dc2c91a5009d46a9bf4ca75537013ab12ce6da5eee86c67,718798,3,,,,corpus LA_corpus_2026-09-21: from LA_ws_2026-09-21; flags no_text_layer,2025-06-10,,,in_force
0.2.0,,la-la2382-001,LA,https://laoofficialgazette.gov.la/kcfinder/upload/files/ 573 15.5.2025.pdf,2026-09-21T00:42:38Z,pdf_scanned,true,raw/la/la_2382/20260921T0042Z__scanned.pdf,ຄຳສັ່ງວ່າດ້ວຍ ການເພີ້ມທະວີຄວາມເອົາໃຈໃສ່ ຕໍ່ວຽກງານທະບຽນສານ,,,,playwright,200,raw/la/la_2382/20260921T0042Z__scanned.pdf.headers.json,application/pdf,9e69f38ad22abb181d3f36697a988c31bce4d239648deeef1170b46f9121115d,987237,3,,,,corpus LA_corpus_2026-09-21: from LA_ws_2026-09-21; flags no_text_layer,2025-06-10,,,in_force
0.2.0,,la-la2383-001,LA,https://laoofficialgazette.gov.la/kcfinder/upload/files/ 66. 11.12.2024.pdf,2026-09-21T00:29:45Z,pdf_scanned,true,raw/la/la_2383/20260921T0029Z__scanned.pdf,ກົດໝາຍວ່າດ້ວຍ ທະນາຄານແຫ່ງ ສາທາລະນະລັດ ປະຊາທິປະໄຕ ປະຊາຊົນລາວ (ສະບັບປັບປຸງ),,,,requests,200,raw/la/la_2383/20260921T0029Z__scanned.pdf.headers.json,application/pdf,11197ae77894d2e9a176814747c8f0dee8e2dd0d5173e12724f03c42f9e14e44,4081602,25,,,,corpus LA_corpus_2026-09-21: from LA_ws_2026-09-21; flags no_text_layer,2025-06-11,,,in_force
0.2.0,,la-la2384-001,LA,https://laoofficialgazette.gov.la/kcfinder/upload/files/ 916. 29.5.2025.pdf,2026-09-21T03:22:21Z,pdf_scanned,true,raw/la/la_2384/20260921T0322Z__scanned.pdf,ຂໍ້ຕົກລົງວ່າດ້ວຍ ການຄຸ້ມຄອງຄູສອນ ແລະ ນັກຮຽນ ພາຍໃນແຂວງ ຄຳມ່ວນ,,,,requests,200,raw/la/la_2384/20260921T0322Z__scanned.pdf.headers.json,application/pdf,00e30bcd2f0b645038d84511cfc8dde16a6d1203e39e583b8c5098aa91ec42dc,2265345,7,,,,corpus LA_corpus_2026-09-21: from LA_ws_2026-09-21; flags no_text_layer,2025-06-11,,,in_force
0.2.0,,la-la2385-001,LA,https://laoofficialgazette.gov.la/kcfinder/upload/files/ 918. 29.5.2025.pdf,2026-09-21T03:22:17Z,pdf_scanned,true,raw/la/la_2385/20260921T0322Z__scanned.pdf,ຂໍ້ຕົກລົງວ່າດ້ວຍ ການຈັດສັນຄວາມເປັນລະບຽບຮຽບຮ້ອຍໃນຕົວເມືອງ ພາຍໃນແຂວງ ຄຳມ່ວນ,,,,requests,200,raw/la/la_2385/20260921T0322Z__scanned.pdf.headers.json,application/pdf,32e5eae38951e21671703caeb9810cadaeb2ee01147785f69ce560c2e423d5a8,2459533,10,,,,corpus LA_corpus_2026-09-21: from LA_ws_2026-09-21; flags no_text_layer,2025-06-11,,,in_force
0.2.0,,la-la2386-001,LA,https://laoofficialgazette.gov.la/kcfinder/upload/files/ 69. 11.12.2024.pdf,2026-09-21T01:18:17Z,pdf_scanned,true,raw/la/la_2386/20260921T0118Z__scanned.pdf,ກົດໝາຍວ່າດ້ວຍ ການສຶກສາ (ສະບັບປັບປຸງ),,,,requests,200,raw/la/la_2386/20260921T0118Z__scanned.pdf.headers.json,application/pdf,efbd8874a55d9a54461b974e58ebdd1aed66b4a24dda6ace883ef3328abb802b,4906572,32,,,,corpus LA_corpus_2026-09-21: from LA_ws_2026-09-21; flags no_text_layer,2025-06-12,,,in_force
0.2.0,,la-la2387-001,LA,https://laoofficialgazette.gov.la/kcfinder/upload/files/ 01. 20.5.2025.pdf,2026-09-21T05:05:49Z,pdf_scanned,true,raw/la/la_2387/20260921T0505Z__scanned.pdf,ຄຳແນະນຳກ່ຽວກັບ ການຈັດຕັ້ງປະຕິບັດກົດໝາຍວ່າດ້ວຍ ການສຳຫຼວດວັດແທກ ແລະ ສ້າງແຜນທີ່,,,,requests,200,raw/la/la_2387/20260921T0505Z__scanned.pdf.headers.json,application/pdf,7ab35d4cf950c0d86a7c9a3a1ec31f809e606aa6d55aae444f433b71b2c86f82,3534479,18,,,,corpus LA_corpus_2026-09-21: from LA_ws_2026-09-21; flags no_text_layer,2025-06-12,,,in_force
0.2.0,,la-la2388-001,LA,https://laoofficialgazette.gov.la/kcfinder/upload/files/ 82. 19.5.2003.pdf,2026-09-21T02:35:49Z,pdf_scanned,true,raw/la/la_2388/20260921T0235Z__scanned.pdf,ດຳລັດວ່າດ້ວຍ ລະບຽບລັດຖະກອນ ແຫ່ງ ສ.ປ.ປ. ລາວ,,,,requests,200,raw/la/la_2388/20260921T0235Z__scanned.pdf.headers.json,application/pdf,69de12932e9cd620452f8ebbdd5af8351f3f459cfe8dc7848a3a5d1994923e02,2957016,21,,,,corpus LA_corpus_2026-09-21: from LA_ws_2026-09-21; flags no_text_layer,2025-06-12,,,repealed
0.2.0,,la-la2389-001,LA,https://laoofficialgazette.gov.la/kcfinder/upload/files/ 263. 9.5.2025.pdf,2026-09-21T02:10:06Z,pdf_scanned,true,raw/la/la_2389/20260921T0210Z__scanned.pdf,ດຳລັດວ່າດ້ວຍ ກອງທຶນຄວາມປອດໄພທາງລົດໄຟ,,,,requests,200,raw/la/la_2389/20260921T0210Z__scanned.pdf.headers.json,application/pdf,7a0dd1eb890f391d7a20a3a2b4e30da83ffd3b60eed2681def89e66606439958,1522030,6,,,,corpus LA_corpus_2026-09-21: from LA_ws_2026-09-21; flags no_text_layer,2025-06-18,,,in_force
0.2.0,,la-la2390-001,LA,https://laoofficialgazette.gov.la/kcfinder/upload/files/ 264. 12.5.2025.pdf,2026-09-21T02:09:38Z,pdf_scanned,true,raw/la/la_2390/20260921T0209Z__scanned.pdf,ດຳລັດວ່າດ້ວຍ ເຂດສະຫງວນທາງລົດໄຟແຫ່ງຊາດ,,,,requests,200,raw/la/la_2390/20260921T0209Z__scanned.pdf.headers.json,application/pdf,88bd9f9c4ee0bae2f9c6dc17e85d7c3fd850e4bbbe02c27e4d3fd35a404d3c76,2040059,10,,,,corpus LA_corpus_2026-09-21: from LA_ws_2026-09-21; flags no_text_layer,2025-06-18,,,in_force
0.2.0,,la-la2391-001,LA,https://laoofficialgazette.gov.la/kcfinder/upload/files/ 448. 2.6.2025.pdf,2026-09-21T03:22:09Z,pdf_scanned,true,raw/la/la_2391/20260921T0322Z__scanned.pdf,ຂໍ້ຕົກລົງວ່າດ້ວຍ ທຸລະກຳເງິນສົດ ທີ່ມີມູນຄ່າເກີນກຳນົດ,,,,requests,200,raw/la/la_2391/20260921T0322Z__scanned.pdf.headers.json,application/pdf,525a3fd96211b5edf8acb299ab96bee274acde8335c2192f82227c791b8ae3aa,697571,2,,,,corpus LA_corpus_2026-09-21: from LA_ws_2026-09-21; flags no_text_layer,2025-06-19,,,in_force
0.2.0,,la-la2392-001,LA,https://laoofficialgazette.gov.la/kcfinder/upload/files/272-ວ່າດ້ວຍກອງທືນສົ່ງເສີມ ແລະ ພັດທະນາວຽກງານກິລາ-ກາຍະກຳ ແຂວງຫຼວງນ້ຳທາ (ສະບັບປັບປຸງ).pdf,2026-09-21T03:22:03Z,pdf_scanned,true,raw/la/la_2392/20260921T0322Z__scanned.pdf,ຂໍ້ຕົກລົງວ່າດ້ວຍ ກອງທຶນສົ່ງເສີມ ແລະ ພັດທະນາວຽກງານກິລາ-ກາຍະກຳ ແຂວງ ຫຼວງນ້ຳທາ (ສະບັບປັບປຸງ),,,,requests,200,raw/la/la_2392/20260921T0322Z__scanned.pdf.headers.json,application/pdf,95932689154e642d4a59362ce168e35a9d2e85b57a2e5ed7a842c137fd5b8e19,7890745,13,,,,corpus LA_corpus_2026-09-21: from LA_ws_2026-09-21; flags no_text_layer,2025-06-20,,,in_force
0.2.0,,la-la2393-001,LA,"https://laoofficialgazette.gov.la/kcfinder/upload/files/588-ວ່າດ້ວຍການທຶນຄວບຄຸມ, ສະກັດກັ້ນ ແລະ ຕ້ານຢາເສບຕິດ. (1).pdf",2026-09-21T03:21:35Z,pdf_scanned,true,raw/la/la_2393/20260921T0321Z__scanned.pdf,"ຂໍ້ຕົກລົງວ່າດ້ວຍ ກອງທຶນຄວບຄຸມ, ສະກັດກັ້ນ ແລະ ຕ້ານຢາເສບຕິດ",,,,requests,200,raw/la/la_2393/20260921T0321Z__scanned.pdf.headers.json,application/pdf,cf2469c1e435beaf00ae4762696d04b469555934a98a2e045deb0bf79ff123d3,4942042,8,,,,corpus LA_corpus_2026-09-21: from LA_ws_2026-09-21; flags no_text_layer,2025-06-20,,,in_force
0.2.0,,la-la2394-001,LA,https://laoofficialgazette.gov.la/kcfinder/upload/files/ 490. 16.6.2025.pdf,2026-09-21T03:21:27Z,pdf_scanned,true,raw/la/la_2394/20260921T0321Z__scanned.pdf,ຂໍ້ຕົກລົງວ່າດ້ວຍ ທຸລະກຳໂອນເງິນທີ່ມີມູນຄ່າເກີນກຳນົດ,,,,requests,200,raw/la/la_2394/20260921T0321Z__scanned.pdf.headers.json,application/pdf,c70fdd1a8b5dfd663bd2e0db48a566e6fcf29a86798df0a7d271c39f2be1aa47,867902,4,,,,corpus LA_corpus_2026-09-21: from LA_ws_2026-09-21; flags no_text_layer,2025-06-20,,,in_force
0.2.0,,la-la2395-001,LA,"https://laoofficialgazette.gov.la/kcfinder/upload/files/73 ສພຊ,11,12,2024.pdf",2026-09-21T01:17:47Z,pdf_scanned,true,raw/la/la_2395/20260921T0117Z__scanned.pdf,ກົດໝາຍວ່າດ້ວຍ ການກວດສອບອິດສະລະ (ສະບັບປັບປຸງ),,,,requests,200,raw/la/la_2395/20260921T0117Z__scanned.pdf.headers.json,application/pdf,699e86530ede28c2f5aa2ff008ae241105797f11dc283244d6e689ba27ad2605,2810033,30,,,,corpus LA_corpus_2026-09-21: from LA_ws_2026-09-21; flags no_text_layer,2025-06-20,,,in_force
0.2.0,,la-la2396-001,LA,https://laoofficialgazette.gov.la/kcfinder/upload/files/712. 9.4.2025.pdf,2026-09-21T03:21:24Z,pdf_scanned,true,raw/la/la_2396/20260921T0321Z__scanned.pdf,ຂໍ້ຕົກລົງວ່າດ້ວຍ ການກຳນົດເຂດປະເມີນລາຄາທີ່ດິນ ແລະ ສີ່ງປຸກສ້າງທົ່ວແຂວງ ສະຫວັນນະເຂດ (ສະບັບປັບປຸງ),,,,requests,200,raw/la/la_2396/20260921T0321Z__scanned.pdf.headers.json,application/pdf,2f70f442bc769a3ffa58014df6399e6eb4ce54497ebe32af054fdda922697473,3333104,22,,,,corpus LA_corpus_2026-09-21: from LA_ws_2026-09-21; flags no_text_layer,2025-06-24,,,in_force
0.2.0,,la-la2398-001,LA,https://laoofficialgazette.gov.la/kcfinder/upload/files/71. 11.12.2024.pdf,2026-09-21T01:17:39Z,pdf_scanned,true,raw/la/la_2398/20260921T0117Z__scanned.pdf,ກົດໝາຍວ່າດ້ວຍ ທີ່ຢູ່ອາໄສ,,,,requests,200,raw/la/la_2398/20260921T0117Z__scanned.pdf.headers.json,application/pdf,7b280435c6d7c37f43ed20d22b9519ccf2a20b8321a2104bb5b4d64ba8a0ac6e,3369206,18,,,,corpus LA_corpus_2026-09-21: from LA_ws_2026-09-21; flags no_text_layer,2025-06-26,,,in_force
0.2.0,,la-la2399-001,LA,https://laoofficialgazette.gov.la/kcfinder/upload/files/ 14375.23.6.2025.pdf,2026-09-21T03:21:08Z,pdf_scanned,true,raw/la/la_2399/20260921T0321Z__scanned.pdf,ຂໍ້ຕົກລົງວ່າດ້ວຍ ການຂຸດຄົ້ນວັດສະດຸກໍ່ສ້າງຕາມແມ່ນ້ຳ,,,,requests,200,raw/la/la_2399/20260921T0321Z__scanned.pdf.headers.json,application/pdf,b6d66d5aa9f61868810a8894da2dbe1a633d42cef7bae8739046d1fc72268755,2375005,11,,,,corpus LA_corpus_2026-09-21: from LA_ws_2026-09-21; flags no_text_layer,2025-06-26,,,in_force
0.2.0,,la-la2400-001,LA,https://laoofficialgazette.gov.la/kcfinder/upload/files/ 14374.23.6.2025.pdf,2026-09-21T03:21:05Z,pdf_scanned,true,raw/la/la_2400/20260921T0321Z__scanned.pdf,ຂໍ້ຕົກລົງວ່າດ້ວຍ ທ່າເຮືອ,,,,requests,200,raw/la/la_2400/20260921T0321Z__scanned.pdf.headers.json,application/pdf,d4ec008c9a59e8baee004f7efab35bc4d99af0610c3a8b4850b7dd08634a251c,2954713,18,,,,corpus LA_corpus_2026-09-21: from LA_ws_2026-09-21; flags no_text_layer,2025-06-26,,,in_force
0.2.0,,la-la2401-001,LA,https://laoofficialgazette.gov.la/kcfinder/upload/files/ 511.19.6.2025.pdf,2026-09-21T00:49:36Z,pdf_scanned,true,raw/la/la_2401/20260921T0049Z__scanned.pdf,ຂໍ້ຕົກລົງວ່າດ້ວຍ ລະບົບການໃຫ້ບໍລິການຊຳລະເງິນ,,,,requests,200,raw/la/la_2401/20260921T0049Z__scanned.pdf.headers.json,application/pdf,8ea37ab23967eb589c5329d2a976545b9e8f457b3348aa70439d4221ebce133e,3867319,26,,,,corpus LA_corpus_2026-09-21: from LA_ws_2026-09-21; flags no_text_layer,2025-06-30,,,in_force
0.2.0,,la-la2402-001,LA,https://laoofficialgazette.gov.la/kcfinder/upload/files/ 473.12.7.2021.pdf,2026-09-21T02:09:31Z,pdf_scanned,true,raw/la/la_2402/20260921T0209Z__scanned.pdf,ດຳລັດວ່າດ້ວຍ ຜູ້ອາຍຸສູງ,,,,requests,200,raw/la/la_2402/20260921T0209Z__scanned.pdf.headers.json,application/pdf,75b5ed9d1e987d6c64f063c95a1a6fb7fcc176dd9e7e8f63d85f80d6f1c4d981,1890847,15,,,,corpus LA_corpus_2026-09-21: from LA_ws_2026-09-21; flags no_text_layer,2025-06-30,,,in_force
0.2.0,,la-la2403-001,LA,https://laoofficialgazette.gov.la/kcfinder/upload/files/14807 25.6.2025.pdf,2026-09-21T03:20:49Z,pdf_scanned,true,raw/la/la_2403/20260921T0320Z__scanned.pdf,ຂໍ້ຕົກລົງວ່າດ້ວຍ ການອະນຸຍາດດຳເນີນທຸລະກິດ ຂອງຂະແໜງການໂຍທາທິການ ແລະ ຂົນສົ່ງ,,,,requests,200,raw/la/la_2403/20260921T0320Z__scanned.pdf.headers.json,application/pdf,76b59a8048118c7212e27c7b5078a33b531767a94dfa61ad0f69ddc7ae946330,2509772,13,,,,corpus LA_corpus_2026-09-21: from LA_ws_2026-09-21; flags no_text_layer,2025-07-02,,,in_force
0.2.0,,la-la2405-001,LA,https://laoofficialgazette.gov.la/kcfinder/upload/files/ກົດໝາຍປົກຄອງທ້ອງຖິ່ນ.pdf,2026-09-21T01:17:36Z,pdf_scanned,true,raw/la/la_2405/20260921T0117Z__scanned.pdf,ກົດໝາຍວ່າດ້ວຍ ການປົກຄອງທ້ອງຖິ່ນ (ສະບັບປັບປຸງ),,,,requests,200,raw/la/la_2405/20260921T0117Z__scanned.pdf.headers.json,application/pdf,d2f16cd9dfbef6fd6736f33143876521ba096427f322c69812c85e77e69f2806,23044519,31,,,,corpus LA_corpus_2026-09-21: from LA_ws_2026-09-21; flags no_text_layer,2025-07-14,,,in_force
0.2.0,,la-la2406-001,LA,https://laoofficialgazette.gov.la/kcfinder/upload/files/313.6.6.2025.pdf,2026-09-21T02:09:28Z,pdf_scanned,true,raw/la/la_2406/20260921T0209Z__scanned.pdf,ດຳລັດວ່າດ້ວຍ ນິຄົມອຸດສາຫະກຳ,,,,requests,200,raw/la/la_2406/20260921T0209Z__scanned.pdf.headers.json,application/pdf,62a474abe3c8ee4d8078602ddb36ed5780f6ea189c04738072d77e29a9635385,3096894,22,,,,corpus LA_corpus_2026-09-21: from LA_ws_2026-09-21; flags no_text_layer,2025-07-17,,,in_force
0.2.0,,la-la2407-001,LA,https://laoofficialgazette.gov.la/kcfinder/upload/files/0154.16.7.2025.pdf,2026-09-21T03:20:46Z,pdf_scanned,true,raw/la/la_2407/20260921T0320Z__scanned.pdf,ຂໍ້ຕົກລົງວ່າດ້ວຍ ຕາໜ່າງປ້ອງກັນພືດ,,,,requests,200,raw/la/la_2407/20260921T0320Z__scanned.pdf.headers.json,application/pdf,23402e27f7109bc63b7d96ce500d626867d40f60439ff66815c3b9aff2ff6757,1877918,9,,,,corpus LA_corpus_2026-09-21: from LA_ws_2026-09-21; flags no_text_layer,2025-07-17,,,in_force
0.2.0,,la-la2408-001,LA,https://laoofficialgazette.gov.la/kcfinder/upload/files/0147.15.7.2025.pdf,2026-09-21T02:41:51Z,pdf_scanned,true,raw/la/la_2408/20260921T0241Z__scanned.pdf,"ຄຳສັ່ງວ່າດ້ວຍ ການເພີ້ມທະວີຄວາມເຂັ້ມງວດໃນການຄຸ້ມຄອງ, ຕິດຕາມ, ກວດກາ ການນຳເຂົ້າ, ຈຳໜ່າຍ ແລະ ນຳໃຊ້ແນວພັນພືດ, ຝຸ່ນ ແລະ ຢາປາບສັດຕູພືດ",,,,requests,200,raw/la/la_2408/20260921T0241Z__scanned.pdf.headers.json,application/pdf,abc5c91ec15ee66a47dc55ee776fc61d880fdff9c0066cacf99c06c063b83a56,2888854,3,,,,corpus LA_corpus_2026-09-21: from LA_ws_2026-09-21; flags no_text_layer,2025-07-17,,,in_force
0.2.0,,la-la2410-001,LA,https://laoofficialgazette.gov.la/kcfinder/upload/files/10.29.5.2025.pdf,2026-09-21T02:41:32Z,pdf_scanned,true,raw/la/la_2410/20260921T0241Z__scanned.pdf,ຄຳສັ່ງວ່າດ້ວຍ ການຄຸ້ມຄອງ ແລະ ການເກັບກູ້ນຳໃຊ້ເຄື່ອງປ່າຂອງດົງ (ປະເພດໝາກຈອງບານ),,,,requests,200,raw/la/la_2410/20260921T0241Z__scanned.pdf.headers.json,application/pdf,4b93ce697a6f2d640d08b699155aea8b0113ca0b4cd7a461dcd5934f17d9c1a5,2169947,2,,,,corpus LA_corpus_2026-09-21: from LA_ws_2026-09-21; flags no_text_layer,2025-07-24,,,in_force
0.2.0,,la-la2411-001,LA,https://laoofficialgazette.gov.la/kcfinder/upload/files/06.8.5.2025.pdf,2026-09-21T02:41:40Z,pdf_scanned,true,raw/la/la_2411/20260921T0241Z__scanned.pdf,"ຄຳສັ່ງວ່າດ້ວຍ ການຕິດຕາມ, ກດວກາ ແລະ ແກ້ໄຂບັນຫາຂຸດຄົ້ນແຮ່ຄຳຕົກຂ້ອນ, ຫີນແຮ່-ຊາຍ ຕາມບັນດາສາຍນ້ຳລຳເຊ, ຫ້ວຍນ້ຳ ແລະ ການຄຸ້ມຄອງການຂຸດຄົ້ນແຮ່ທາດຕ່າງໆໃນຂອບເຂດທົ່ວແຂວງ ອັດຕະປື",,,,requests,200,raw/la/la_2411/20260921T0241Z__scanned.pdf.headers.json,application/pdf,2d1a44744238e1617b9f9a66fd9a4c2a886df9d5b27313da56c8b128446479f3,2017685,5,,,,corpus LA_corpus_2026-09-21: from LA_ws_2026-09-21; flags no_text_layer,2025-07-24,,,in_force
0.2.0,,la-la2412-001,LA,https://laoofficialgazette.gov.la/kcfinder/upload/files/197.22.7.2025.pdf,2026-09-21T05:27:14Z,pdf_scanned,true,raw/la/la_2412/20260921T0527Z__scanned.pdf,ມະຕິຂອງຄະນະປະຈຳສະພາແຫ່ງຊາດວ່າດ້ວຍການຂຽນມາດຕາຂອງກົດໝາຍໃສ່ເອກະສານທາງລັດຖະການ,,,,requests,200,raw/la/la_2412/20260921T0527Z__scanned.pdf.headers.json,application/pdf,acc1112470bfe8b0f4acd81122769300f5520dd867430e38843e864a87fdb3f4,2240925,1,,,,corpus LA_corpus_2026-09-21: from LA_ws_2026-09-21; flags no_text_layer,2025-07-25,,,in_force
0.2.0,,la-la2413-001,LA,https://laoofficialgazette.gov.la/kcfinder/upload/files/1354.2.5.2025.pdf,2026-09-21T03:20:31Z,pdf_scanned,true,raw/la/la_2413/20260921T0320Z__scanned.pdf,ຂໍ້ຕົກລົງວ່າດ້ວຍ ການປະເມີນຜູ້ບໍລິຫານຝ່າຍລັດ ໃນວິສາຫະກິດລັດລົງທຶນ,,,,requests,200,raw/la/la_2413/20260921T0320Z__scanned.pdf.headers.json,application/pdf,16663f860222943b034dbd4db8c7511b3a39d8b9292e442230a7ed0200b7e8b7,639801,4,,,,corpus LA_corpus_2026-09-21: from LA_ws_2026-09-21; flags no_text_layer,2025-08-01,,,in_force
0.2.0,,la-la2414-001,LA,https://laoofficialgazette.gov.la/kcfinder/upload/files/1554.2.5.2025.pdf,2026-09-21T03:20:27Z,pdf_scanned,true,raw/la/la_2414/20260921T0320Z__scanned.pdf,ຂໍ້ຕົກລົງວ່າດ້ວຍ ການປະເມີນຜົນການດຳເນີນທຸລະກິດ ຂອງວິສາຫະກິດລັດລົງທຶນ,,,,requests,200,raw/la/la_2414/20260921T0320Z__scanned.pdf.headers.json,application/pdf,68a745e66e73220236051cfa3b4df07f4db2897a4d4a5dc8d235e708c486b2f5,1149460,5,,,,corpus LA_corpus_2026-09-21: from LA_ws_2026-09-21; flags no_text_layer,2025-08-01,,,in_force
0.2.0,,la-la2415-001,LA,"https://laoofficialgazette.gov.la/kcfinder/upload/files/713,5,5,2025.pdf",2026-09-21T03:20:19Z,pdf_scanned,true,raw/la/la_2415/20260921T0320Z__scanned.pdf,ຂໍ້ຕົກລົງວ່າດ້ວຍ ການດຳເນີນຕະຫຼາດເປີດ,,,,requests,200,raw/la/la_2415/20260921T0320Z__scanned.pdf.headers.json,application/pdf,3cdb44aa79afed9447d3e03bd341b57ac8a68f08f185e83d0abeae9fb53440ca,1033652,9,,,,corpus LA_corpus_2026-09-21: from LA_ws_2026-09-21; flags no_text_layer,2025-08-07,,,in_force
0.2.0,,la-la2416-001,LA,https://laoofficialgazette.gov.la/kcfinder/upload/files/717.5.8.2025.pdf,2026-09-21T00:49:13Z,pdf_scanned,true,raw/la/la_2416/20260921T0049Z__scanned.pdf,ຂໍ້ຕົກລົງວ່າດ້ວຍ ການກວດສອບທະນາຄານທຸລະກິດ,,,,requests,200,raw/la/la_2416/20260921T0049Z__scanned.pdf.headers.json,application/pdf,ec3c6b8b6286a3ca0c4f1946a627ea459c42ece8b902362dc0a0aa4c57e5bdae,1082544,11,,,,corpus LA_corpus_2026-09-21: from LA_ws_2026-09-21; flags no_text_layer,2025-08-07,,,in_force
0.2.0,,la-la2417-001,LA,"https://laoofficialgazette.gov.la/kcfinder/upload/files/490,10,7,2025.pdf",2026-09-21T02:09:19Z,pdf_scanned,true,raw/la/la_2417/20260921T0209Z__scanned.pdf,ດຳລັດວ່າດ້ວຍ ການຄຸ້ມຄອງ ການກູ້ຢືມ ແລະ ການຄ້ຳປະກັນ,,,,requests,200,raw/la/la_2417/20260921T0209Z__scanned.pdf.headers.json,application/pdf,0b0a23ea6476f583c80d4bf1be664a32c3e869c83cf55802b32fbab383865e61,1059865,13,,,,corpus LA_corpus_2026-09-21: from LA_ws_2026-09-21; flags no_text_layer,2025-08-11,,,in_force
0.2.0,,la-la2418-001,LA,"https://laoofficialgazette.gov.la/kcfinder/upload/files/1050,25,3,2022.pdf",2026-09-21T04:53:27Z,pdf_scanned,true,raw/la/la_2418/20260921T0453Z__scanned.pdf,ຂໍ້ຕົກລົງວ່າດ້ວຍ ການຄຸ້ມຄອງວິສາຫະກິດ ບໍລິການຈັດຫາງານ,,,,requests,200,raw/la/la_2418/20260921T0453Z__scanned.pdf.headers.json,application/pdf,3a6f499af64991fa1165905044c6843b058985784f1d5268089bd94cd20e41af,1097244,20,,,,corpus LA_corpus_2026-09-21: from LA_ws_2026-09-21; flags no_text_layer,2025-08-11,,,repealed
0.2.0,,la-la2419-001,LA,"https://laoofficialgazette.gov.la/kcfinder/upload/files/2330,25,7,2024.pdf",2026-09-21T00:48:59Z,pdf_scanned,true,raw/la/la_2419/20260921T0048Z__scanned.pdf,ຂໍ້ຕົກລົງວ່າດ້ວຍ ການຈັດສົ່ງ ແລະ ຄຸ້ມຄອງຜູ້ອອກແຮງງານລາວທີ່ເຮັດວຽກຕາມລະດູການ ຢູ່ສາທາລະນະລັດເກົາຫຼີ,,,,requests,200,raw/la/la_2419/20260921T0048Z__scanned.pdf.headers.json,application/pdf,3c71b5477213617616c4e8951e2f3a3806d3cb4c15374fa83025ef5e83c2877a,957184,15,,,,corpus LA_corpus_2026-09-21: from LA_ws_2026-09-21; flags no_text_layer,2025-08-11,,,in_force
0.2.0,,la-la2420-001,LA,"https://laoofficialgazette.gov.la/kcfinder/upload/files/0658,24,2,2023.pdf",2026-09-21T03:20:10Z,pdf_scanned,true,raw/la/la_2420/20260921T0320Z__scanned.pdf,ຂໍ້ຕົກລົງວ່າດ້ວຍ ການບໍລິການຊອກຫາວຽກເຮັດງານທຳໃຫ້ຜູ້ວ່າງງານສຳລັບສະມາຊິກປະກັນສັງຄົມ,,,,requests,200,raw/la/la_2420/20260921T0320Z__scanned.pdf.headers.json,application/pdf,fc297304ed441e41e34dd61b2e5ea64b21c53f24c0d6695fe42bf78a38e7d9ea,791641,11,,,,corpus LA_corpus_2026-09-21: from LA_ws_2026-09-21; flags no_text_layer,2025-08-11,,,in_force
0.2.0,,la-la2421-001,LA,"https://laoofficialgazette.gov.la/kcfinder/upload/files/4369,2,11,2022.pdf",2026-09-21T00:48:54Z,pdf_scanned,true,raw/la/la_2421/20260921T0048Z__scanned.pdf,ຂໍ້ຕົກລົງວ່າດ້ວຍ ການຄຸ້ມຄອງຜູ້ອອກແຮງງານໃນຄົວເຮືອນ,,,,requests,200,raw/la/la_2421/20260921T0048Z__scanned.pdf.headers.json,application/pdf,1cc7076834f246e5b97e45c8657def5c9c9d2f3b24c860e874b724b1cc113ed4,639200,11,,,,corpus LA_corpus_2026-09-21: from LA_ws_2026-09-21; flags no_text_layer,2025-08-11,,,in_force
0.2.0,,la-la2422-001,LA,"https://laoofficialgazette.gov.la/kcfinder/upload/files/4039,27,9,2022.pdf",2026-09-21T00:49:07Z,pdf_scanned,true,raw/la/la_2422/20260921T0049Z__scanned.pdf,ຂໍ້ຕົກລົງວ່າດ້ວຍ ການຄຸ້ມຄອງໜ່ວຍງານບໍລິການດ້ານຄວາມປອດໄພ ແລະ ສຸຂະພາບແຮງງານ,,,,requests,200,raw/la/la_2422/20260921T0049Z__scanned.pdf.headers.json,application/pdf,f562228b044a961d4d944788fdc6875cc2305fc900ab2f6079b78bbb7d356685,747478,9,,,,corpus LA_corpus_2026-09-21: from LA_ws_2026-09-21; flags no_text_layer,2025-08-11,,,in_force
0.2.0,,la-la2423-001,LA,https://laoofficialgazette.gov.la/kcfinder/upload/files/ກົດໝາຍວ່າດ້ວຍ ການດໍາເນີນຄະດີແພ່ງ.pdf,2026-09-21T01:17:14Z,pdf_scanned,true,raw/la/la_2423/20260921T0117Z__scanned.pdf,ກົດໝາຍວ່າດ້ວຍ ການດຳເນີນຄະດີແພ່ງ (ສະບັບປັບປຸງ),,,,playwright,200,raw/la/la_2423/20260921T0117Z__scanned.pdf.headers.json,application/pdf,a49f94d61de764e3741963aab9804022b25ae9f4b249a9648d815ac2f12fb566,31197565,97,,,,corpus LA_corpus_2026-09-21: from LA_ws_2026-09-21; flags no_text_layer,2025-08-11,,,in_force
0.2.0,,la-la2424-001,LA,"https://laoofficialgazette.gov.la/kcfinder/upload/files/593,5,9,2024.pdf",2026-09-21T03:19:22Z,pdf_scanned,true,raw/la/la_2424/20260921T0319Z__scanned.pdf,ຂໍ້ຕົກລົງວ່າດ້ວຍ ການຄຸ້ມຄອງປ່າປ້ອງກັນແຫຼ່ງນ້ຳ ເຂດອ່າງຮັບນ້ຳຍ້ວງຕອນໃຕ້,,,,requests,200,raw/la/la_2424/20260921T0319Z__scanned.pdf.headers.json,application/pdf,8ea36c411197de852c9071fb8996ae902faefaf6d8bb31b5fcb68e351ee5782c,7293898,17,,,,corpus LA_corpus_2026-09-21: from LA_ws_2026-09-21; flags no_text_layer,2025-08-25,,,in_force
0.2.0,,la-la2425-001,LA,"https://laoofficialgazette.gov.la/kcfinder/upload/files/447,17,7,2025.pdf",2026-09-21T03:19:23Z,pdf_scanned,true,raw/la/la_2425/20260921T0319Z__scanned.pdf,ຂໍ້ຕົກລົງວ່າດ້ວຍ ນະໂຍບາຍ ແລະ ຫົວໜ່ວຍລາຄາທົດແທນຄ່າເສຍຫາຍທີ່ໄດ້ຮັບຜົນກະທົບຈາກໂຄງການຂຸດຄົ້ນແຮ່ທາດຂອງບໍລິສັດ ກາວີໂກລາວບໍ່ແຮ່ ຈຳກັດ,,,,requests,200,raw/la/la_2425/20260921T0319Z__scanned.pdf.headers.json,application/pdf,d96f46ccc3eddcc999d41350886515e0c5ddba833d3f360be743cf438a7ec5d4,774769,12,,,,corpus LA_corpus_2026-09-21: from LA_ws_2026-09-21; flags no_text_layer,2025-08-25,,,in_force
0.2.0,,la-la2426-001,LA,"https://laoofficialgazette.gov.la/kcfinder/upload/files/223,28,3,2024.pdf",2026-09-21T03:19:33Z,pdf_scanned,true,raw/la/la_2426/20260921T0319Z__scanned.pdf,ຂໍ້ຕົກລົງວ່າດ້ວຍ ການປັບປຸງບາງມາດຕາຂອງຂໍ້ຕົກລົງວ່າດ້ວຍ ນະໂຍບາຍ ແລະ ລາຄາຫົວໜ່ວຍທົດແທນຕໍ່ຊັບສິນ ທີ່ໄດ້ຮັບຜົນກະທົບຈາກໂຄງການປັບປຸງ ແລະ ສ້ອມແປງທາງຫຼວງແຫ່ງຊາດ ເລກທີ 13 ໃຕ້,,,,requests,200,raw/la/la_2426/20260921T0319Z__scanned.pdf.headers.json,application/pdf,2ae11d560a2ff71d2646ada8e0e277beacf0c46a85bbc5e61552a59cd1abe45c,974838,8,,,,corpus LA_corpus_2026-09-21: from LA_ws_2026-09-21; flags no_text_layer,2025-08-25,,,in_force
0.2.0,,la-la2427-001,LA,"https://laoofficialgazette.gov.la/kcfinder/upload/files/192,6,4,2023.pdf",2026-09-21T03:19:40Z,pdf_scanned,true,raw/la/la_2427/20260921T0319Z__scanned.pdf,ຂໍ້ຕົກລົງວ່າດ້ວຍ ການຄຸ້ມຄອງກອງທຶນທານຸເຄາະຂອງສະຫະພັນກຳມະບານແຂວງ,,,,requests,200,raw/la/la_2427/20260921T0319Z__scanned.pdf.headers.json,application/pdf,a553cc2c1c368f87389557966d7ba0aec07d28f2403d1cabaa0e17d7861005b1,733340,11,,,,corpus LA_corpus_2026-09-21: from LA_ws_2026-09-21; flags no_text_layer,2025-08-25,,,in_force
0.2.0,,la-la2428-001,LA,"https://laoofficialgazette.gov.la/kcfinder/upload/files/624,12,9,2025.pdf",2026-09-21T03:19:51Z,pdf_scanned,true,raw/la/la_2428/20260921T0319Z__scanned.pdf,ຂໍ້ຕົກລົງວ່າດ້ວຍ ເຂດສະຫງວນທີ່ດິນບໍລິເວນແຄມນ້ຳ ແຂວງບໍລິຄຳໄຊ,,,,requests,200,raw/la/la_2428/20260921T0319Z__scanned.pdf.headers.json,application/pdf,50602d01f3f0cd355e46657c938fc5fb21e355971cf408dbbb85ae1118c5b3e8,5013068,13,,,,corpus LA_corpus_2026-09-21: from LA_ws_2026-09-21; flags no_text_layer,2025-08-25,,,in_force
0.2.0,,la-la2429-001,LA,"https://laoofficialgazette.gov.la/kcfinder/upload/files/883,12,12,2024.pdf",2026-09-21T03:19:56Z,pdf_scanned,true,raw/la/la_2429/20260921T0319Z__scanned.pdf,ຂໍ້ຕົກລົງວ່າດ້ວຍ ນະໂຍບາຍ ແລະ ລາຄາຫົວໜ່ວຍທົດແທນຕໍ່ຊັບສິນທີ່ໄດ້ຮັບຜົນກະທົບຈາກໂຄງການກໍ່ສ້າງຂົວໃໝ່ແທນຂົວເກົ່າ 6 ແຫ່ງ ຕາມທາງຫຼວງແຫ່ງຊາດ ເລກ 8 ທີ່ເປັນທາງຫຼວງອາຊ່ຽນເລກທີ 15 (AH15),,,,requests,200,raw/la/la_2429/20260921T0319Z__scanned.pdf.headers.json,application/pdf,234a92cdf6f3b6a79747cb9b6d9734b2b4f12c8feab82959ae22f108f3bcbc4d,606677,12,,,,corpus LA_corpus_2026-09-21: from LA_ws_2026-09-21; flags no_text_layer,2025-08-25,,,in_force
0.2.0,,la-la2430-001,LA,"https://laoofficialgazette.gov.la/kcfinder/upload/files/147,15,3,2022.pdf",2026-09-21T03:20:06Z,pdf_scanned,true,raw/la/la_2430/20260921T0320Z__scanned.pdf,ຂໍ້ຕົກລົງວ່າດ້ວຍ ນະໂຍບາຍ ແລະ ລາຄາຫົວໜ່ວຍທົດແທນຄ່າເສຍຫາຍຕໍ່ຜູ້ທີ່ໄດ້ຮັບຜົນກະທົບຈາກໂຄງການຄວບຄຸມຄວາມສ່ຽງໄພພິບັດນ້ຳຖ້ວມ ຢູ່ເທດສະບານເມືອງ ປາກຊັນ ແຂວງບໍລິຄຳໄຊ,,,,requests,200,raw/la/la_2430/20260921T0320Z__scanned.pdf.headers.json,application/pdf,716dabe619ff87fa20a63d9b3ca29244543ca31ebf3eaa5b476698a8a053a185,747105,17,,,,corpus LA_corpus_2026-09-21: from LA_ws_2026-09-21; flags no_text_layer,2025-08-25,,,in_force
0.2.0,,la-la2431-001,LA,"https://laoofficialgazette.gov.la/kcfinder/upload/files/0060,11,1,2023.pdf",2026-09-21T05:05:22Z,pdf_scanned,true,raw/la/la_2431/20260921T0505Z__scanned.pdf,ຄຳແນະນຳ (ສະບັບປັບປຸງ) ກ່ຽວກັບການຈັດຕັ້ງປະຕິບັດ ກົດໝາຍວ່າດ້ວຍ ການປະກັນສັງຄົມ,,,,requests,200,raw/la/la_2431/20260921T0505Z__scanned.pdf.headers.json,application/pdf,53b451749ce83c9b13766d184a7998de814486646ef92c034df7b97347711beb,1250846,15,,,,corpus LA_corpus_2026-09-21: from LA_ws_2026-09-21; flags no_text_layer,2025-09-01,,,in_force
0.2.0,,la-la2432-001,LA,"https://laoofficialgazette.gov.la/kcfinder/upload/files/4508,6,12,2021.pdf",2026-09-21T03:19:11Z,pdf_scanned,true,raw/la/la_2432/20260921T0319Z__scanned.pdf,ຂໍ້ຕົກລົງວ່າດ້ວຍ ການຄຸ້ມຄອງກອງທຶນປະກັນສັງຄົມ,,,,requests,200,raw/la/la_2432/20260921T0319Z__scanned.pdf.headers.json,application/pdf,46ed9c4d70e2c28bed9a6c77fc8b4799ac1e2053cf2436ac494bc130c7371647,984266,13,,,,corpus LA_corpus_2026-09-21: from LA_ws_2026-09-21; flags no_text_layer,2025-09-01,,,in_force
0.2.0,,la-la2433-001,LA,"https://laoofficialgazette.gov.la/kcfinder/upload/files/4139,2,11,2021.pdf",2026-09-21T04:53:21Z,pdf_scanned,true,raw/la/la_2433/20260921T0453Z__scanned.pdf,ຂໍ້ຕົກລົງວ່າດ້ວຍ ການກວດກາວຽກງານປະກັນສັງຄົມ,,,,requests,200,raw/la/la_2433/20260921T0453Z__scanned.pdf.headers.json,application/pdf,78f6d712c94b72290c767f3b44f231282651f3c91774beda4bd4494d3478401e,913944,11,,,,corpus LA_corpus_2026-09-21: from LA_ws_2026-09-21; flags no_text_layer,2025-09-01,,,repealed
0.2.0,,la-la2434-001,LA,"https://laoofficialgazette.gov.la/kcfinder/upload/files/289,28,5,2025.pdf",2026-09-21T00:38:32Z,pdf_scanned,true,raw/la/la_2434/20260921T0038Z__scanned.pdf,ດຳລັດວ່າດ້ວຍ ການກວດກາແຮງງານ,,,,requests,200,raw/la/la_2434/20260921T0038Z__scanned.pdf.headers.json,application/pdf,0ce0a794d4ff7a220003393f9fa7fa5690d28d509e61b57232a8bb0816d2f0f1,717119,11,,,,corpus LA_corpus_2026-09-21: from LA_ws_2026-09-21; flags no_text_layer,2025-09-01,,,in_force
0.2.0,,la-la2435-001,LA,"https://laoofficialgazette.gov.la/kcfinder/upload/files/0766,22,8,2025.pdf",2026-09-21T03:19:05Z,pdf_scanned,true,raw/la/la_2435/20260921T0319Z__scanned.pdf,ຂໍ້ຕົກລົງວ່າດ້ວຍ ການຄຸ້ມຄອງວັງສະຫງວນ,,,,requests,200,raw/la/la_2435/20260921T0319Z__scanned.pdf.headers.json,application/pdf,4b741aa8131d5661acc9691a80af703ff537acd18aafa8f99a521baaaef2af80,813793,8,,,,corpus LA_corpus_2026-09-21: from LA_ws_2026-09-21; flags no_text_layer,2025-09-03,,,in_force
0.2.0,,la-la2436-001,LA,"https://laoofficialgazette.gov.la/kcfinder/upload/files/79,20,3,2025.pdf",2026-09-21T01:16:31Z,pdf_scanned,true,raw/la/la_2436/20260921T0116Z__scanned.pdf,ກົດໝາຍວ່າດ້ວຍ ພະນັກງານ-ລັດຖະກອນ (ສະບັບປັບປຸງ),,,,requests,200,raw/la/la_2436/20260921T0116Z__scanned.pdf.headers.json,application/pdf,8d4f166dc4f65aebfd5d72cd06ce23ea37935f58ab08b458d59c91c5a6d34dee,1753215,30,,,,corpus LA_corpus_2026-09-21: from LA_ws_2026-09-21; flags no_text_layer,2025-09-03,,,in_force
0.2.0,,la-la2437-001,LA,"https://laoofficialgazette.gov.la/kcfinder/upload/files/549,26,8,2025.pdf",2026-09-21T02:09:04Z,pdf_scanned,true,raw/la/la_2437/20260921T0209Z__scanned.pdf,ດຳລັດວ່າດ້ວຍ ຕາປະທັບ,,,,requests,200,raw/la/la_2437/20260921T0209Z__scanned.pdf.headers.json,application/pdf,5dd3cf7b80536ce8bfcdcd0d8269c1962c9522d6c417c929ae622106a4c6c210,896434,12,,,,corpus LA_corpus_2026-09-21: from LA_ws_2026-09-21; flags no_text_layer,2025-09-04,,,in_force
0.2.0,,la-la2438-001,LA,"https://laoofficialgazette.gov.la/kcfinder/upload/files/536,18,8,2025.pdf",2026-09-21T02:08:55Z,pdf_scanned,true,raw/la/la_2438/20260921T0208Z__scanned.pdf,ດຳລັດວ່າດ້ວຍ ສະມາຄົມ,,,,requests,200,raw/la/la_2438/20260921T0208Z__scanned.pdf.headers.json,application/pdf,91693102b31c9db0f21a07723635f1309dfeb75964897d92b4e06218b6d65b35,1084177,21,,,,corpus LA_corpus_2026-09-21: from LA_ws_2026-09-21; flags no_text_layer,2025-09-04,,,in_force
0.2.0,,la-la2439-001,LA,"https://laoofficialgazette.gov.la/kcfinder/upload/files/535,18,8,2025.pdf",2026-09-21T02:08:50Z,pdf_scanned,true,raw/la/la_2439/20260921T0208Z__scanned.pdf,ດຳລັດວ່າດ້ວຍ ມູນນິທິ,,,,requests,200,raw/la/la_2439/20260921T0208Z__scanned.pdf.headers.json,application/pdf,66c64249a415c862a677f8a6397b0a473e3c0fb40809741bf8ccbb4a54c1323a,884627,14,,,,corpus LA_corpus_2026-09-21: from LA_ws_2026-09-21; flags no_text_layer,2025-09-04,,,in_force
0.2.0,,la-la2440-001,LA,"https://laoofficialgazette.gov.la/kcfinder/upload/files/258,26,6,2025.pdf",2026-09-21T05:05:13Z,pdf_scanned,true,raw/la/la_2440/20260921T0505Z__scanned.pdf,ຄຳແນະນຳການຈັດຕັ້ງປະຕິບັດກົດໝາຍວ່າດ້ວຍ ການຕ້ານການສໍ້ລາດບັງຫຼວງ,,,,requests,200,raw/la/la_2440/20260921T0505Z__scanned.pdf.headers.json,application/pdf,287028f7fee7a6f8147496e1c9978409687a830ad9ba5149810e3b90d1f85c64,613816,6,,,,corpus LA_corpus_2026-09-21: from LA_ws_2026-09-21; flags no_text_layer,2025-09-04,,,in_force
0.2.0,,la-la2441-001,LA,"https://laoofficialgazette.gov.la/kcfinder/upload/files/331,3,10,2025.pdf",2026-09-21T05:05:05Z,pdf_scanned,true,raw/la/la_2441/20260921T0505Z__scanned.pdf,ຄຳແນະນຳການຈັດຕັ້ງປະຕິບັດກົດໝາຍວ່າດ້ວຍ ການກວດກາລັດ (ສະບັບປັບປຸງ),,,,requests,200,raw/la/la_2441/20260921T0505Z__scanned.pdf.headers.json,application/pdf,29a43ce76b8851f48e4e5238ad7020add71d9af90504f78bed0f5e0fde4c0c5d,897966,10,,,,corpus LA_corpus_2026-09-21: from LA_ws_2026-09-21; flags no_text_layer,2025-09-04,,,in_force
0.2.0,,la-la2442-001,LA,https://laoofficialgazette.gov.la/kcfinder/upload/files/554-04-09-2025_0001.pdf,2026-09-21T02:08:34Z,pdf_scanned,true,raw/la/la_2442/20260921T0208Z__scanned.pdf,ດຳລັດວ່າດ້ວຍ ການຕ້ານການສະໜອງທຶນໃຫ້ແກ່ການແຜ່ຜາຍອາວຸດທຳລາຍລ້າງຜານ,,,,requests,200,raw/la/la_2442/20260921T0208Z__scanned.pdf.headers.json,application/pdf,f7113b314eb6a7c42ae37feac2e86a79f7c79abc597f3458c8387943056b1045,1433788,14,,,,corpus LA_corpus_2026-09-21: from LA_ws_2026-09-21; flags no_text_layer,2025-09-12,,,in_force
0.2.0,,la-la2443-001,LA,"https://laoofficialgazette.gov.la/kcfinder/upload/files/68,11,12,2024.pdf",2026-09-21T01:16:26Z,pdf_scanned,true,raw/la/la_2443/20260921T0116Z__scanned.pdf,ກົດໝາຍວ່າດ້ວຍ ອົງການໄອຍະການປະຊາຊົນ (ສະບັບປັບປຸງ),,,,requests,200,raw/la/la_2443/20260921T0116Z__scanned.pdf.headers.json,application/pdf,401f74ebf38b0d46a6ebdbe0e68f62af281f7db829a3d17cdc285af2b91266c3,2757906,30,,,,corpus LA_corpus_2026-09-21: from LA_ws_2026-09-21; flags no_text_layer,2025-09-17,,,in_force
0.2.0,,la-la2445-001,LA,"https://laoofficialgazette.gov.la/kcfinder/upload/files/2026,9,92025.pdf",2026-09-21T03:18:52Z,pdf_scanned,true,raw/la/la_2445/20260921T0318Z__scanned.pdf,ຂໍ້ຕົກລົງວ່າດ້ວຍ ແບບຜັງວົງຈອນລວມ,,,,requests,200,raw/la/la_2445/20260921T0318Z__scanned.pdf.headers.json,application/pdf,57f2cde5af6b98f83e7dc1f440e30ba775dd4a2dd2e5e6a9f0e79d61604ded3c,1004262,11,,,,corpus LA_corpus_2026-09-21: from LA_ws_2026-09-21; flags no_text_layer,2025-09-17,,,in_force
0.2.0,,la-la2447-001,LA,https://laoofficialgazette.gov.la/kcfinder/upload/files/2025.9.9.2025.pdf,2026-09-21T00:48:46Z,pdf_scanned,true,raw/la/la_2447/20260921T0048Z__scanned.pdf,ຂໍ້ຕົກລົງວ່າດ້ວຍ ການປະກອບທຶນຈົດທະບຽນວິສາຫະກິດ,,,,requests,200,raw/la/la_2447/20260921T0048Z__scanned.pdf.headers.json,application/pdf,30ab6bc9569d7ca09bf9b5fe46e4b184cea2deced1511e1fd73de40df69a7d0b,725481,7,,,,corpus LA_corpus_2026-09-21: from LA_ws_2026-09-21; flags no_text_layer,2025-09-17,,,in_force
0.2.0,,la-la2448-001,LA,"https://laoofficialgazette.gov.la/kcfinder/upload/files/1736,26,8,2025.pdf",2026-09-21T03:18:45Z,pdf_scanned,true,raw/la/la_2448/20260921T0318Z__scanned.pdf,ຂໍ້ຕົກລົງວ່າດ້ວຍ ການສະກັດກັ້ນ ແລະ ການແກ້ໄຂບັນຫາຢາເສບຕິດໃນສະຖານການສຶກສາທົ່ວແຂວງ ສະຫວັນນະເຂດ,,,,requests,200,raw/la/la_2448/20260921T0318Z__scanned.pdf.headers.json,application/pdf,cb452e30081e9c95754faeab9bb938f54e381d3469b44be0224ab321d83906c2,977878,15,,,,corpus LA_corpus_2026-09-21: from LA_ws_2026-09-21; flags no_text_layer,2025-09-18,,,in_force
0.2.0,,la-la2449-001,LA,"https://laoofficialgazette.gov.la/kcfinder/upload/files/1737,26,8,2025.pdf",2026-09-21T03:18:39Z,pdf_scanned,true,raw/la/la_2449/20260921T0318Z__scanned.pdf,ຂໍ້ຕົກລົງວ່າດ້ວຍ ການຄຸ້ມຄອງແຜນຜັງຕົວເມືອງ ອຸທຸມພອນ,,,,requests,200,raw/la/la_2449/20260921T0318Z__scanned.pdf.headers.json,application/pdf,90971ce7b92ea42330fabc121a5035ec1ab51fc9a7f2bfbe29c39def56d40888,1800210,20,,,,corpus LA_corpus_2026-09-21: from LA_ws_2026-09-21; flags no_text_layer,2025-09-18,,,in_force
0.2.0,,la-la2450-001,LA,"https://laoofficialgazette.gov.la/kcfinder/upload/files/1738,26,8,2025.pdf",2026-09-21T03:18:29Z,pdf_scanned,true,raw/la/la_2450/20260921T0318Z__scanned.pdf,ຂໍ້ຕົກລົງວ່າດ້ວຍ ການຄຸ້ມຄອງແຜນຜັງຕົວເມືອງ ນະຄອນໄກສອນພົມວິຫານ,,,,requests,200,raw/la/la_2450/20260921T0318Z__scanned.pdf.headers.json,application/pdf,7855cf3bd3f39f89c355c127ca4bfef14ca21fa6b80cc16c5857c1860e67fb05,1941293,22,,,,corpus LA_corpus_2026-09-21: from LA_ws_2026-09-21; flags no_text_layer,2025-09-18,,,in_force
0.2.0,,la-la2451-001,LA,"https://laoofficialgazette.gov.la/kcfinder/upload/files/553,4,9,2025.pdf",2026-09-21T00:37:58Z,pdf_scanned,true,raw/la/la_2451/20260921T0037Z__scanned.pdf,"ດຳລັດວ່າດ້ວຍ ການກັກ, ຍຶດ ແລະ ອາຍັດທຶນ ຂອງຜູ້ຢູ່ໃນບັນຊີລາຍຊື່ທີ່ພົວພັນກັບ ການກໍ່ການຮ້າຍ ແລະ ການສະໜອງທຶນໃຫ້ແກ່ການກໍ່ການຮ້າຍ",,,,requests,200,raw/la/la_2451/20260921T0037Z__scanned.pdf.headers.json,application/pdf,7f5f8a089e5ba3b3201e1b693b518872b503fe29a6d1cdaa150ebc9ffdfc1a87,1225609,14,,,,corpus LA_corpus_2026-09-21: from LA_ws_2026-09-21; flags no_text_layer,2025-09-18,,,in_force
0.2.0,,la-la2452-001,LA,"https://laoofficialgazette.gov.la/kcfinder/upload/files/555,4,9,2025.pdf",2026-09-21T00:38:16Z,pdf_scanned,true,raw/la/la_2452/20260921T0038Z__scanned.pdf,ດຳລັດວ່າດ້ວຍ ການປັບໃໝ ແລະ ມາດຕະການອື່ນຕໍ່ຜູ້ລະເມີດກົດໝາຍ ແລະ ລະບຽບການ ກ່ຽວກັບການຕ້ານການຟອກເງິນ ແລະ ການສະໜອງທຶນໃຫ້ແກ່ການກໍ່ການຮ້າຍ ແລະ ການແຜ່ຜາຍອາວຸດທຳລາຍລ້າງຜານ,,,,requests,200,raw/la/la_2452/20260921T0038Z__scanned.pdf.headers.json,application/pdf,c6b477b8a1a895b0b009e2ae3a9b2f7be80a408c317c0a1d0306503a092cd253,892237,10,,,,corpus LA_corpus_2026-09-21: from LA_ws_2026-09-21; flags no_text_layer,2025-09-18,,,in_force
0.2.0,,la-la2453-001,LA,https://laoofficialgazette.gov.la/kcfinder/upload/files/562-16-9-2025_0001.pdf,2026-09-21T02:08:31Z,pdf_scanned,true,raw/la/la_2453/20260921T0208Z__scanned.pdf,ດຳລັດວ່າດ້ວຍ ການເອົາເດັກເປັນລູກລ້ຽງ,,,,requests,200,raw/la/la_2453/20260921T0208Z__scanned.pdf.headers.json,application/pdf,b18dfdf2dcf161d7cd07d8891efe8177ee9ea402ddd60f0a33b878ddb504874d,1663957,21,,,,corpus LA_corpus_2026-09-21: from LA_ws_2026-09-21; flags no_text_layer,2025-09-22,,,in_force
0.2.0,,la-la2454-001,LA,"https://laoofficialgazette.gov.la/kcfinder/upload/files/82,25,6,2025.pdf",2026-09-21T01:16:19Z,pdf_scanned,true,raw/la/la_2454/20260921T0116Z__scanned.pdf,ກົດໝາຍວ່າດ້ວຍ ສັງຄົມສົງເຄາະ,,,,playwright,200,raw/la/la_2454/20260921T0116Z__scanned.pdf.headers.json,application/pdf,1b61861d6acc0117814b3f1798cdd0e9f22fc3ecdfd51f762bf14f01b3d0e9eb,2103390,20,,,,corpus LA_corpus_2026-09-21: from LA_ws_2026-09-21; flags no_text_layer,2025-09-23,,,in_force
0.2.0,,la-la2455-001,LA,"https://laoofficialgazette.gov.la/kcfinder/upload/files/81,25,6,2025.pdf",2026-09-21T01:15:59Z,pdf_scanned,true,raw/la/la_2455/20260921T0115Z__scanned.pdf,ກົດໝາຍວ່າດ້ວຍການປັບປຸງບາງມາດຕາຂອງກົດໝາຍວ່າດ້ວຍສານປະຊາຊົນ,,,,requests,200,raw/la/la_2455/20260921T0115Z__scanned.pdf.headers.json,application/pdf,5dc8f11412ccffc59503946206fef25ad169022f149213c83f559bb4001b34dd,1066074,7,,,,corpus LA_corpus_2026-09-21: from LA_ws_2026-09-21; flags no_text_layer,2025-09-25,,,in_force
0.2.0,,la-la2456-001,LA,"https://laoofficialgazette.gov.la/kcfinder/upload/files/559,9,9,2025.pdf",2026-09-21T02:08:19Z,pdf_scanned,true,raw/la/la_2456/20260921T0208Z__scanned.pdf,ດຳລັດວ່າດ້ວຍ ທຸລະກິດນ້ຳມັນເຊື້ອໄຟ,,,,requests,200,raw/la/la_2456/20260921T0208Z__scanned.pdf.headers.json,application/pdf,4ff51bab78f00625fca70604685375e71564e01ce74a7a6c87e0412e54187c2c,1428227,28,,,,corpus LA_corpus_2026-09-21: from LA_ws_2026-09-21; flags no_text_layer,2025-09-25,,,in_force
0.2.0,,la-la2457-001,LA,"https://laoofficialgazette.gov.la/kcfinder/upload/files/2135,19,9,2025.pdf",2026-09-21T03:18:21Z,pdf_scanned,true,raw/la/la_2457/20260921T0318Z__scanned.pdf,ຂໍ້ຕົກລົງວ່າດ້ວຍ ສິດທິບັດ ແລະ ອະນຸສິດທິບັດ,,,,requests,200,raw/la/la_2457/20260921T0318Z__scanned.pdf.headers.json,application/pdf,6fc604c5e7cdc381166469a88374cdd0a2339b4db8f8851f8e955fb78761b345,1044300,17,,,,corpus LA_corpus_2026-09-21: from LA_ws_2026-09-21; flags no_text_layer,2025-09-29,,,in_force
0.2.0,,la-la2458-001,LA,"https://laoofficialgazette.gov.la/kcfinder/upload/files/2208,22,9,2025.pdf",2026-09-21T03:17:48Z,pdf_scanned,true,raw/la/la_2458/20260921T0317Z__scanned.pdf,ຂໍ້ຕົກລົງວ່າດ້ວຍ ການຄຸ້ມຄອງຊິງຊັ່ງ,,,,requests,200,raw/la/la_2458/20260921T0317Z__scanned.pdf.headers.json,application/pdf,6465b95aa0237662838b846bbae6c50be1ae30cd93a862e677e70ea52bb6084f,915093,12,,,,corpus LA_corpus_2026-09-21: from LA_ws_2026-09-21; flags no_text_layer,2025-10-01,,,in_force
0.2.0,,la-la2459-001,LA,"https://laoofficialgazette.gov.la/kcfinder/upload/files/208,16,9,2025.pdf",2026-09-21T03:18:01Z,pdf_scanned,true,raw/la/la_2459/20260921T0318Z__scanned.pdf,ຂໍ້ຕົກລົງວ່າດ້ວຍ ການຄຸ້ມຄອງ-ນຳໃຊ້ ສູນປີ່ນປົວ ແລະ ຟື້ນຟູສຸຂະພາບຜູ້ຕິດຢາເສບຕິດ ຢູ່ແຂວງ ເຊກອງ,,,,playwright,200,raw/la/la_2459/20260921T0318Z__scanned.pdf.headers.json,application/pdf,3d613993fdda3cd85bd4f8cdb66d5a37092764df87d0d03587e27f10aee66292,789166,10,,,,corpus LA_corpus_2026-09-21: from LA_ws_2026-09-21; flags no_text_layer,2025-10-01,,,in_force
0.2.0,,la-la2460-001,LA,"https://laoofficialgazette.gov.la/kcfinder/upload/files/207,16,09,2025.pdf",2026-09-21T03:18:04Z,pdf_scanned,true,raw/la/la_2460/20260921T0318Z__scanned.pdf,ຂໍ້ຕົກລົງວ່າດ້ວຍ ການສ້າງກົມກອງ ແລະ ຂະແໜງການປອດຢາເສບຕິດ,,,,requests,200,raw/la/la_2460/20260921T0318Z__scanned.pdf.headers.json,application/pdf,65f2aa35ccc99e0dd17f179a3100cd016cdfab22abb887fe6be130a4cb483710,827372,7,,,,corpus LA_corpus_2026-09-21: from LA_ws_2026-09-21; flags no_text_layer,2025-10-01,,,in_force
0.2.0,,la-la2461-001,LA,"https://laoofficialgazette.gov.la/kcfinder/upload/files/197,1,9,2025.pdf",2026-09-21T03:18:12Z,pdf_scanned,true,raw/la/la_2461/20260921T0318Z__scanned.pdf,ຂໍ້ຕົກລົງວ່າດ້ວຍ ການຄຸ້ມຄອງກຸ່ມຜູ້ນຳໃຊ້ນ້ຳຊົນລະປະທານ,,,,requests,200,raw/la/la_2461/20260921T0318Z__scanned.pdf.headers.json,application/pdf,bc3a90fd7e13d421a67ff2e3f389ab07e0541490b157f006575e26b5e045589f,841746,12,,,,corpus LA_corpus_2026-09-21: from LA_ws_2026-09-21; flags no_text_layer,2025-10-01,,,in_force
0.2.0,,la-la2462-001,LA,"https://laoofficialgazette.gov.la/kcfinder/upload/files/80,25,6,2025.pdf",2026-09-21T01:15:53Z,pdf_scanned,true,raw/la/la_2462/20260921T0115Z__scanned.pdf,ກົດໝາຍວ່າດ້ວຍ ພະນັກງານໄອຍະການ,,,,requests,200,raw/la/la_2462/20260921T0115Z__scanned.pdf.headers.json,application/pdf,9e20fe3c256318bf7d450edc1ce0c7d46eb43173d3ea90a8ea1bc37a0b34592c,1181371,20,,,,corpus LA_corpus_2026-09-21: from LA_ws_2026-09-21; flags no_text_layer,2025-10-02,,,in_force
0.2.0,,la-la2463-001,LA,"https://laoofficialgazette.gov.la/kcfinder/upload/files/3648,29,9,2025.pdf",2026-09-21T03:17:40Z,pdf_scanned,true,raw/la/la_2463/20260921T0317Z__scanned.pdf,ຂໍ້ຕົກລົງວ່າດ້ວຍ ຖານລະບົບດີຈີຕອນ,,,,requests,200,raw/la/la_2463/20260921T0317Z__scanned.pdf.headers.json,application/pdf,f448c9f2831b6aff704f48ea07fb748e8757a858e7719c94a646f875632c759b,1018121,17,,,,corpus LA_corpus_2026-09-21: from LA_ws_2026-09-21; flags no_text_layer,2025-10-02,,,in_force
0.2.0,,la-la2464-001,LA,"https://laoofficialgazette.gov.la/kcfinder/upload/files/3643,29,9,2025.pdf",2026-09-21T00:48:37Z,pdf_scanned,true,raw/la/la_2464/20260921T0048Z__scanned.pdf,ຂໍ້ຕົກລົງວ່າດ້ວຍ ການດຳເນີນທຸລະກິດດ້ານເຕັກໂນໂລຊີດີຈີຕອນ,,,,requests,200,raw/la/la_2464/20260921T0048Z__scanned.pdf.headers.json,application/pdf,530a6d4bc11cab06fb2dbe2d113d5e47480d266b8c6b4133a046676373435637,1393766,24,,,,corpus LA_corpus_2026-09-21: from LA_ws_2026-09-21; flags no_text_layer,2025-10-02,,,in_force
0.2.0,,la-la2465-001,LA,"https://laoofficialgazette.gov.la/kcfinder/upload/files/86, 25,6,2025.pdf",2026-09-21T01:15:50Z,pdf_native,false,raw/la/la_2465/20260921T0115Z__native.pdf,ກົດໝາຍວ່າດ້ວຍ ຊົນລະປະທານ (ສະບັບປັບປຸງ),,,,requests,200,raw/la/la_2465/20260921T0115Z__native.pdf.headers.json,application/pdf,344186080ecb33c40fc225b3400aa77767c546427365ec340e959070c885bf63,10211335,31,,,,corpus LA_corpus_2026-09-21: from LA_ws_2026-09-21,2025-10-06,,,in_force
0.2.0,,la-la2466-001,LA,"https://laoofficialgazette.gov.la/kcfinder/upload/files/526,4,8,2025.pdf",2026-09-21T00:37:50Z,pdf_scanned,true,raw/la/la_2466/20260921T0037Z__scanned.pdf,ດຳລັດວ່າດ້ວຍ ຖານຂໍ້ມູນພົນລະເມືອງ ແລະ ບັດປະຈຳຕົວ,,,,playwright,200,raw/la/la_2466/20260921T0037Z__scanned.pdf.headers.json,application/pdf,a0fbfe9673c3930a8a70618be168799bf76e48a46a10e2c964d4092929a13ca4,881460,11,,,,corpus LA_corpus_2026-09-21: from LA_ws_2026-09-21; flags no_text_layer,2025-10-06,,,in_force
0.2.0,,la-la2468-001,LA,"https://laoofficialgazette.gov.la/kcfinder/upload/files/56,28,6,2024.pdf",2026-09-21T01:15:38Z,pdf_scanned,true,raw/la/la_2468/20260921T0115Z__scanned.pdf,ກົດໝາຍວ່າດ້ວຍ ສະພາແຫ່ງຊາດ (ສະບັບປັບປຸງ),,,,playwright,200,raw/la/la_2468/20260921T0115Z__scanned.pdf.headers.json,application/pdf,595811a749a5fb5aa7ec65d4557cc4d42592f4c10e827fac01103dbfa064bc34,1841870,33,,,,corpus LA_corpus_2026-09-21: from LA_ws_2026-09-21; flags no_text_layer,2025-10-15,,,in_force
0.2.0,,la-la2469-001,LA,"https://laoofficialgazette.gov.la/kcfinder/upload/files/57,28,6,2024.pdf",2026-09-21T01:15:27Z,pdf_scanned,true,raw/la/la_2469/20260921T0115Z__scanned.pdf,ກົດໝາຍວ່າດ້ວຍ ສະພາປະຊາຊົນຂັ້ນແຂວງ (ສະບັບປັບປຸງ),,,,requests,200,raw/la/la_2469/20260921T0115Z__scanned.pdf.headers.json,application/pdf,6a5b29872b79e0de84a17290f2100ccc2d83f27362302206ef36e91cd30c90a7,2012734,31,,,,corpus LA_corpus_2026-09-21: from LA_ws_2026-09-21; flags no_text_layer,2025-10-15,,,in_force
0.2.0,,la-la2470-001,LA,"https://laoofficialgazette.gov.la/kcfinder/upload/files/58,28,6,2024.pdf",2026-09-21T01:15:30Z,pdf_scanned,true,raw/la/la_2470/20260921T0115Z__scanned.pdf,ກົດໝາຍວ່າດ້ວຍ ການເລືອກຕັ້ງສະມາຊິກສະພາແຫ່ງຊາດ ແລະ ສະພາປະຊາຊົນຂັ້ນແຂວງ (ສະບັບປັບປຸງ),,,,requests,200,raw/la/la_2470/20260921T0115Z__scanned.pdf.headers.json,application/pdf,f2220bfd8481acdb4c41052e77aa599d808163fdcf05df2bf9feba18086123a3,1412772,20,,,,corpus LA_corpus_2026-09-21: from LA_ws_2026-09-21; flags no_text_layer,2025-10-15,,,in_force
0.2.0,,la-la2471-001,LA,https://laoofficialgazette.gov.la/kcfinder/upload/files/57.20.10.2025_0001.pdf,2026-09-21T03:17:38Z,pdf_scanned,true,raw/la/la_2471/20260921T0317Z__scanned.pdf,ຂໍ້ຕົກລົງວ່າດ້ວຍ ການກຳນົດເຂດປອດຄວັນຢາສູບ ຢູ່ພາຍໃນແຂວງ ຄຳມ່ວນ,,,,playwright,200,raw/la/la_2471/20260921T0317Z__scanned.pdf.headers.json,application/pdf,528d069b4dd97565ea38bb367e25731d4d09ecbef9647409f65e15bdb7fe5620,966960,5,,,,corpus LA_corpus_2026-09-21: from LA_ws_2026-09-21; flags no_text_layer,2025-10-29,,,in_force
0.2.0,,la-la2472-001,LA,https://laoofficialgazette.gov.la/kcfinder/upload/files/58.20.10.2025_0002.pdf,2026-09-21T00:48:30Z,pdf_scanned,true,raw/la/la_2472/20260921T0048Z__scanned.pdf,ຂໍ້ຕົກລົງວ່າດ້ວຍ ການຈັດການແຂ່ງຂັນກິລາທົ່ວແຂວງ,,,,requests,200,raw/la/la_2472/20260921T0048Z__scanned.pdf.headers.json,application/pdf,465eee2366211986be160056816d0d6b861ed54d31514a0cdbcf4e8efef4bafe,915237,7,,,,corpus LA_corpus_2026-09-21: from LA_ws_2026-09-21; flags no_text_layer,2025-10-29,,,in_force
0.2.0,,la-la2473-001,LA,https://laoofficialgazette.gov.la/kcfinder/upload/files/85.25.6.2025.pdf,2026-09-21T01:15:14Z,pdf_scanned,true,raw/la/la_2473/20260921T0115Z__scanned.pdf,ກົດໝາຍວ່າດ້ວຍ ຢາ ແລະ ຜະລິດຕະພັນການແພດ (ສະບັບປັບປຸງ),,,,requests,200,raw/la/la_2473/20260921T0115Z__scanned.pdf.headers.json,application/pdf,36ce927e366420b5d7935b7ef2ad464430883aa1af056eb39ad6814165656934,2260171,35,,,,corpus LA_corpus_2026-09-21: from LA_ws_2026-09-21; flags no_text_layer,2025-10-30,,,in_force
0.2.0,,la-la2474-001,LA,"https://laoofficialgazette.gov.la/kcfinder/upload/files/262,9,5,2025.pdf",2026-09-21T02:08:16Z,pdf_scanned,true,raw/la/la_2474/20260921T0208Z__scanned.pdf,ດຳລັດວ່າດ້ວຍ ນັກຄົ້ນຄວ້າວິທະຍາສາດ,,,,requests,200,raw/la/la_2474/20260921T0208Z__scanned.pdf.headers.json,application/pdf,5daa0fb584f10fb8f506ae06f206f5f0938bbbf23df74081b546eb40dd57d8e3,2792323,14,,,,corpus LA_corpus_2026-09-21: from LA_ws_2026-09-21; flags no_text_layer,2025-10-30,,,in_force
0.2.0,,la-la2475-001,LA,"https://laoofficialgazette.gov.la/kcfinder/upload/files/632,17,10,2025_0001.pdf",2026-09-21T02:08:08Z,pdf_scanned,true,raw/la/la_2475/20260921T0208Z__scanned.pdf,ດຳລັດວ່າດ້ວຍ ໜຶ່ງເມືອງ ໜຶ່ງຜະລິດຕະພັນ,,,,requests,200,raw/la/la_2475/20260921T0208Z__scanned.pdf.headers.json,application/pdf,12e0e26963483f9d3b881e3dafe4444710eedbe4108070e10a4f52af68f8278f,1452752,18,,,,corpus LA_corpus_2026-09-21: from LA_ws_2026-09-21; flags no_text_layer,2025-11-03,,,in_force
0.2.0,,la-la2476-001,LA,"https://laoofficialgazette.gov.la/kcfinder/upload/files/2565,23,10,2025_0001.pdf",2026-09-21T01:08:39Z,pdf_scanned,true,raw/la/la_2476/20260921T0108Z__scanned.pdf,"ຄຳແນະນຳກ່ຽວກັບ ການຄ້ຳປະກັນ, ການຖອນວົງເງິນຄ້ຳປະກັນ ແລະ ພັນທະຂອງຜູ້ດຳເນີນກິດຈະການບໍລິການຊື້-ຂາຍຄຳ ຜ່ານທາງເອເລັກໂຕຮນິກ",,,,requests,200,raw/la/la_2476/20260921T0108Z__scanned.pdf.headers.json,application/pdf,eae7123cae905e8a3863905f51b5fa97cc72d70f1f3e0afcc0ca7333118c1561,591385,5,,,,corpus LA_corpus_2026-09-21: from LA_ws_2026-09-21; flags no_text_layer,2025-11-03,,,in_force
0.2.0,,la-la2477-001,LA,https://laoofficialgazette.gov.la/kcfinder/upload/files/203.30.7.2025_0001.pdf,2026-09-21T05:27:00Z,pdf_scanned,true,raw/la/la_2477/20260921T0527Z__scanned.pdf,ມະຕິຄະນະປະຈຳສະພາແຫ່ງຊາດກ່ຽວກັບ ການປັບປຸງການໃສ່ສີໃສ່ເຄື່ອງໝາຍຊາດ,,,,requests,200,raw/la/la_2477/20260921T0527Z__scanned.pdf.headers.json,application/pdf,0a347516681a25b83b1e1f825ac8c31c6720f69fb21891a27b86a37cc1fc6ba1,417583,1,,,,corpus LA_corpus_2026-09-21: from LA_ws_2026-09-21; flags no_text_layer,2025-11-13,,,in_force
0.2.0,,la-la2478-001,LA,https://laoofficialgazette.gov.la/kcfinder/upload/files/204.30.7.2025_0001.pdf,2026-09-21T05:27:05Z,pdf_scanned,true,raw/la/la_2478/20260921T0527Z__scanned.pdf,ມະຕິຄະນະປະຈຳສະພາແຫ່ງຊາດກ່ຽວກັບ ການກຳນົດວັນສ້າງຕັ້ງສະພາປະຊາຊົນທ້ອງຖິ່ນ ແລະ ການກຳນົດການຈັດຊຸດ ສະພາປະຊາຊົນຂັ້ນແຂວງ,,,,requests,200,raw/la/la_2478/20260921T0527Z__scanned.pdf.headers.json,application/pdf,2bbb411c007a7663fc8628ead78d8d605c4591fefc21ffed3f639cb73f52a37b,454985,1,,,,corpus LA_corpus_2026-09-21: from LA_ws_2026-09-21; flags no_text_layer,2025-11-13,,,in_force
0.2.0,,la-la2479-001,LA,https://laoofficialgazette.gov.la/kcfinder/upload/files/2086.4.11.2025_0001.pdf,2026-09-21T03:17:24Z,pdf_scanned,true,raw/la/la_2479/20260921T0317Z__scanned.pdf,ຂໍ້ຕົກລົງວ່າດ້ວຍ ທີ່ດິນເປົ່າວ່າງ ແລະ ເປົ້າໝາຍການນຳໃຊ້ທີ່ດິນ,,,,requests,200,raw/la/la_2479/20260921T0317Z__scanned.pdf.headers.json,application/pdf,7e0cd24ef95881a8002390ec138763de0daa9dbf7b9b18c73d57fdf170dec04c,1231819,5,,,,corpus LA_corpus_2026-09-21: from LA_ws_2026-09-21; flags no_text_layer,2025-11-13,,,in_force
0.2.0,,la-la2480-001,LA,https://laoofficialgazette.gov.la/kcfinder/upload/files/2158.7.11.2025_0001.pdf,2026-09-21T01:08:33Z,pdf_scanned,true,raw/la/la_2480/20260921T0108Z__scanned.pdf,ຄຳແນະນຳກ່ຽວກັບ ການຈັດຕັ້ງປະຕິບັດວຽກງານຂື້ນທະບຽນສະຫະກອນ,,,,requests,200,raw/la/la_2480/20260921T0108Z__scanned.pdf.headers.json,application/pdf,6f81ece9586b4c1e91312864dc6281c983d6c0db594dc8bb5d18f7d82cde82a2,1953469,34,,,,corpus LA_corpus_2026-09-21: from LA_ws_2026-09-21; flags no_text_layer,2025-11-13,,,in_force
0.2.0,,la-la2481-001,LA,"https://laoofficialgazette.gov.la/kcfinder/upload/files/2030,31,10,2025_0001.pdf",2026-09-21T05:05:04Z,pdf_scanned,true,raw/la/la_2481/20260921T0505Z__scanned.pdf,ຄຳແນະນຳກ່ຽວກັບ ການເຮັດສັນຍາກະສິກຳ,,,,requests,200,raw/la/la_2481/20260921T0505Z__scanned.pdf.headers.json,application/pdf,d632692a7d1a3442cd6376b575b4687a606a6b1014e71bc492048267c39e188c,7717084,11,,,,corpus LA_corpus_2026-09-21: from LA_ws_2026-09-21; flags no_text_layer,2025-11-13,,,in_force
0.2.0,,la-la2482-001,LA,https://laoofficialgazette.gov.la/kcfinder/upload/files/2828-11-11-2025_0001.pdf,2026-09-21T00:48:25Z,pdf_scanned,true,raw/la/la_2482/20260921T0048Z__scanned.pdf,ຂໍ້ຕົກລົງວ່າດ້ວຍ ການປັບໃໝ ແລະ ການນຳໃຊ້ມາດຕະການອື່ນ ຕໍ່ຜູ້ລະເມີດດຳລັດ ແລະ ລະບຽບການ ກ່ຽວກັບການຄ້າທາງເອເລັກໂຕຣນິກ,,,,requests,200,raw/la/la_2482/20260921T0048Z__scanned.pdf.headers.json,application/pdf,056d0054cd064d04046d317da2841af30dbbf01b7ae1b518d0ec8661856388a4,905205,6,,,,corpus LA_corpus_2026-09-21: from LA_ws_2026-09-21; flags no_text_layer,2025-11-21,,,in_force
0.2.0,,la-la2483-001,LA,https://laoofficialgazette.gov.la/kcfinder/upload/files/2848-12-11-2025_0001.pdf,2026-09-21T00:48:17Z,pdf_scanned,true,raw/la/la_2483/20260921T0048Z__scanned.pdf,"ຂໍ້ຕົກລົງວ່າດ້ວຍ ການຂຶ້ນທະບຽນ, ກວດສອບ ແລະ ຢັ້ງຢືນຄຸນນະພາບເຄື່ອງກຳເນີດລັງສີ",,,,requests,200,raw/la/la_2483/20260921T0048Z__scanned.pdf.headers.json,application/pdf,422f9a8bff4c8ae29de5613952677c8c7f487f2b85fa927cbdbb36070520aee5,1176511,7,,,,corpus LA_corpus_2026-09-21: from LA_ws_2026-09-21; flags no_text_layer,2025-11-24,,,in_force
0.2.0,,la-la2484-001,LA,https://laoofficialgazette.gov.la/kcfinder/upload/files/2939-17-11-2025_3.pdf,2026-09-21T03:17:17Z,pdf_scanned,true,raw/la/la_2484/20260921T0317Z__scanned.pdf,ຂໍ້ຕົກລົງວ່າດ້ວຍ ການກວດສອບ ແລະ ຢັ້ງຢືນຄຸນລັກສະນະທາດລະລາຍ ປະເພດໄຮໂດຣຄາບອນ ແລະ ທາດເຄມີ ທີ່ນຳໃຊ້ເພື່ອຜະລິດ ແລະ ປຸງແຕ່ງນ້ຳມັນເຊື້ອໄຟ,,,,requests,200,raw/la/la_2484/20260921T0317Z__scanned.pdf.headers.json,application/pdf,01b30717acf46082dd2c32403e7687c450b94c801a87c1c4b7f89a6352e655ea,1272096,8,,,,corpus LA_corpus_2026-09-21: from LA_ws_2026-09-21; flags no_text_layer,2025-11-26,,,in_force
0.2.0,,la-la2485-001,LA,"https://laoofficialgazette.gov.la/kcfinder/upload/files/1083,2,10,2025_0001.pdf",2026-09-21T03:17:07Z,pdf_scanned,true,raw/la/la_2485/20260921T0317Z__scanned.pdf,ຂໍ້ຕົກລົງວ່າດ້ວຍ ການຄຸ້ມຄອງ ແລະ ກຳຈັດຂີ້ເຫຍື້ອຍ ໃນນະຄອນຫຼວງວຽງຈັນ,,,,requests,200,raw/la/la_2485/20260921T0317Z__scanned.pdf.headers.json,application/pdf,8adcfce4840c133b6a0dc48a03141cd752596b28f22d71851748ded19cf3092a,1294030,21,,,,corpus LA_corpus_2026-09-21: from LA_ws_2026-09-21; flags no_text_layer,2025-12-01,,,in_force
0.2.0,,la-la2486-001,LA,"https://laoofficialgazette.gov.la/kcfinder/upload/files/0902,16,7,2025_0001.pdf",2026-09-21T03:17:06Z,pdf_scanned,true,raw/la/la_2486/20260921T0317Z__scanned.pdf,"ຂໍ້ຕົກລົງວ່າດ້ວຍ ການວັດແທກໄມ້ທ່ອນ, ຕໍໄມ້, ປູດໄມ້, ໄມ້ເປັນພະລັງງານ ແລະ ການຈັດຊັ້ນຄຸນນະພາບໄມ້ທ່ອນ",,,,requests,200,raw/la/la_2486/20260921T0317Z__scanned.pdf.headers.json,application/pdf,c202a6ffdf8b3c65a8fbdfc10210ceaaf4ca7474b604da648b7df94ebf2b79ef,9952559,17,,,,corpus LA_corpus_2026-09-21: from LA_ws_2026-09-21; flags no_text_layer,2025-12-03,,,in_force
0.2.0,,la-la2490-001,LA,"https://laoofficialgazette.gov.la/kcfinder/upload/files/3264,15,12,2025_0001.pdf",2026-09-21T03:16:49Z,pdf_scanned,true,raw/la/la_2490/20260921T0316Z__scanned.pdf,ຂໍ້ຕົກລົງວ່າດ້ວຍ ແບບອຸດສາຫະກຳ,,,,requests,200,raw/la/la_2490/20260921T0316Z__scanned.pdf.headers.json,application/pdf,94840fca28d6e18d778e4a0993e11a3fb2258477e5212c5a96fc876b9c49f49e,1425475,13,,,,corpus LA_corpus_2026-09-21: from LA_ws_2026-09-21; flags no_text_layer,2025-12-19,,,in_force
0.2.0,,la-la2491-001,LA,"https://laoofficialgazette.gov.la/kcfinder/upload/files/817,17,12,2025_0001.pdf",2026-09-21T02:08:01Z,pdf_scanned,true,raw/la/la_2491/20260921T0208Z__scanned.pdf,ດຳລັດວ່າດ້ວຍ ການປະເມີນຜົນກະທົບຕໍ່ສຸຂະພາບ,,,,requests,200,raw/la/la_2491/20260921T0208Z__scanned.pdf.headers.json,application/pdf,74772db1acbc436d3691c34b515453a5cb0272309cefb74814f2c3d3100aa82f,1487579,23,,,,corpus LA_corpus_2026-09-21: from LA_ws_2026-09-21; flags no_text_layer,2026-01-12,,,in_force
0.2.0,,la-la2492-001,LA,"https://laoofficialgazette.gov.la/kcfinder/upload/files/854,31,12,2025_0001.pdf",2026-09-21T02:07:48Z,pdf_scanned,true,raw/la/la_2492/20260921T0207Z__scanned.pdf,ດຳລັດວ່າດ້ວຍ ຄຸ້ມຄອງທະນະບັດ,,,,requests,200,raw/la/la_2492/20260921T0207Z__scanned.pdf.headers.json,application/pdf,db5c04fbe3deab8add1f4f5de179ce7deda075c1bf57f1965fc2720a9bd326f4,906051,10,,,,corpus LA_corpus_2026-09-21: from LA_ws_2026-09-21; flags no_text_layer,2026-01-12,,,in_force
0.2.0,,la-la2493-001,LA,"https://laoofficialgazette.gov.la/kcfinder/upload/files/13,6,11,2025_0001.pdf",2026-09-21T02:41:23Z,pdf_scanned,true,raw/la/la_2493/20260921T0241Z__scanned.pdf,ຄຳສັ່ງວ່າດ້ວຍ ການຈັດຕັ້ງປະຕິບັດນິຕິກຳໃນການນຳໃຊ້ນ້ຳໜ້າດິນ ແລະ ນ້ຳໃຕ້ດິນ ພາຍໃນແຂວງອັດຕະປື,,,,requests,200,raw/la/la_2493/20260921T0241Z__scanned.pdf.headers.json,application/pdf,689e53d268dd916d8afd4ffc2e065de186e8cdeb696c440cced2436955432427,1126863,2,,,,corpus LA_corpus_2026-09-21: from LA_ws_2026-09-21; flags no_text_layer,2026-01-12,,,in_force
0.2.0,,la-la2495-001,LA,https://laoofficialgazette.gov.la/kcfinder/upload/files/3456.31.12.2025_0001.pdf,2026-09-21T00:48:08Z,pdf_scanned,true,raw/la/la_2495/20260921T0048Z__scanned.pdf,ຂໍ້ຕົກລົງວ່າດ້ວຍ ການສ້າງຕັ້ງອົງການລິຂະສິດລວມໝູ່,,,,requests,200,raw/la/la_2495/20260921T0048Z__scanned.pdf.headers.json,application/pdf,5790883264a01a006df2f499278ae699dbb542ba89d1aad0d2b22ecc0de9863b,946786,9,,,,corpus LA_corpus_2026-09-21: from LA_ws_2026-09-21; flags no_text_layer,2026-01-26,,,in_force
0.2.0,,la-la2496-001,LA,https://laoofficialgazette.gov.la/kcfinder/upload/files/0110.15.1.2026_0001.pdf,2026-09-21T03:16:48Z,pdf_scanned,true,raw/la/la_2496/20260921T0316Z__scanned.pdf,ຂໍ້ຕົກລົງວ່າດ້ວຍ ການຄຸ້ມຄອງ ແລະ ປຸງແຕ່ງ ເຄື່ອງປ່າຂອງດົງ,,,,requests,200,raw/la/la_2496/20260921T0316Z__scanned.pdf.headers.json,application/pdf,6e3d2e634a67f5bfed5a644af6dd162a5808b304ea56083370349103c041817f,12103116,48,,,,corpus LA_corpus_2026-09-21: from LA_ws_2026-09-21; flags no_text_layer,2026-01-26,,,in_force
0.2.0,,la-la2498-001,LA,"https://laoofficialgazette.gov.la/kcfinder/upload/files/847,,29,12,2025_0001.pdf",2026-09-21T02:07:37Z,pdf_scanned,true,raw/la/la_2498/20260921T0207Z__scanned.pdf,ດຳລັດວ່າດ້ວຍ ການປັບໃໝ່ ແລະ ມາດຕະການອື່ນ ຕໍ່ຜູ້ລະເມີດກົດໝາຍ ແລະ ລະບຽບການ ກ່ຽວກັບການລົດໄຟ,,,,requests,200,raw/la/la_2498/20260921T0207Z__scanned.pdf.headers.json,application/pdf,08f78b1bc364d427abbf5cb0ea7ed768cd5c75cb282be067bfc0ea64527604c6,1859714,17,,,,corpus LA_corpus_2026-09-21: from LA_ws_2026-09-21; flags no_text_layer,2026-01-26,,,in_force
0.2.0,,la-la2499-001,LA,"https://laoofficialgazette.gov.la/kcfinder/upload/files/07,12,1,2026_0001.pdf",2026-09-21T02:07:34Z,pdf_scanned,true,raw/la/la_2499/20260921T0207Z__scanned.pdf,ດຳລັດວ່າດ້ວຍ ການສະກັດກັ້ນ ແລະ ແກ້ໄຂ ວິກິດການຂອງລະບົບການເງິນ,,,,requests,200,raw/la/la_2499/20260921T0207Z__scanned.pdf.headers.json,application/pdf,30c14660dffd98adb725f731898e1cc816276582d14b38972e82f32212484086,1087928,10,,,,corpus LA_corpus_2026-09-21: from LA_ws_2026-09-21; flags no_text_layer,2026-01-28,,,in_force
0.2.0,,la-la2500-001,LA,"https://laoofficialgazette.gov.la/kcfinder/upload/files/41,19,1,2026_0001.pdf",2026-09-21T00:48:00Z,pdf_scanned,true,raw/la/la_2500/20260921T0048Z__scanned.pdf,ຂໍ້ຕົກລົງວ່າດ້ວຍ ສັນຍາຊື້ ຂາຍ ຝາກເງິນຕາຕ່າງປະເທດ,,,,requests,200,raw/la/la_2500/20260921T0048Z__scanned.pdf.headers.json,application/pdf,7915b87d5e3aa99f286dfcdbc8fca8346006da99dd67a0f1edd002e2fecf349e,660640,11,,,,corpus LA_corpus_2026-09-21: from LA_ws_2026-09-21; flags no_text_layer,2026-01-28,,,in_force
0.2.0,,la-la2502-001,LA,https://laoofficialgazette.gov.la/kcfinder/upload/files/814.10.12.2025_0001.pdf,2026-09-21T00:37:47Z,pdf_scanned,true,raw/la/la_2502/20260921T0037Z__scanned.pdf,ດຳລັດວ່າດ້ວຍ ເຂດເຕັກໂນໂລຊີລະດັບສູງ,,,,requests,200,raw/la/la_2502/20260921T0037Z__scanned.pdf.headers.json,application/pdf,55f06d7373cf14c6983591d6d8430168422b692313387bf37cea6f698fa5598b,6764770,14,,,,corpus LA_corpus_2026-09-21: from LA_ws_2026-09-21; flags no_text_layer,2026-02-13,,,in_force
0.2.0,,la-la2503-001,LA,"https://laoofficialgazette.gov.la/kcfinder/upload/files/84,25,6,2025_0001.pdf",2026-09-21T01:15:09Z,pdf_scanned,true,raw/la/la_2503/20260921T0115Z__scanned.pdf,ກົດໝາຍວ່າດ້ວຍ ການປູກຝັງ,,,,requests,200,raw/la/la_2503/20260921T0115Z__scanned.pdf.headers.json,application/pdf,869c08dff8a59e7a7ec4eda7e7dfb524d15fbb6dc1a02973a1ca27f2ac220f9c,2957232,29,,,,corpus LA_corpus_2026-09-21: from LA_ws_2026-09-21; flags no_text_layer,2026-02-16,,,in_force
0.2.0,,la-la2505-001,LA,"https://laoofficialgazette.gov.la/kcfinder/upload/files/89,25,6,2025_0001.pdf",2026-09-21T01:14:58Z,pdf_scanned,true,raw/la/la_2505/20260921T0114Z__scanned.pdf,ກົດໝາຍວ່າດ້ວຍ ປ້າຍ (ສະບັບປັບປຸງ),,,,requests,200,raw/la/la_2505/20260921T0114Z__scanned.pdf.headers.json,application/pdf,aaf48aa1c25b6ac7b616d482db82d40cc5014797b38a9dc83ff939991704d94b,1743013,19,,,,corpus LA_corpus_2026-09-21: from LA_ws_2026-09-21; flags no_text_layer,2026-02-18,,,in_force
0.2.0,,la-la2506-001,LA,"https://laoofficialgazette.gov.la/kcfinder/upload/files/01,2,2,2026_0001.pdf",2026-09-21T05:04:48Z,pdf_scanned,true,raw/la/la_2506/20260921T0504Z__scanned.pdf,ຄຳແນະນຳ ກ່ຽວກັບການສ້າງຂໍ້ຕົກລົງ ຂອງປະທານຄະນະກຳມະການປົກຄອງແຂວງ,,,,requests,200,raw/la/la_2506/20260921T0504Z__scanned.pdf.headers.json,application/pdf,0e5b0e84e49e1065d094f22d9749977e46fdc795198cc0133071cd8fbff0679e,1363061,7,,,,corpus LA_corpus_2026-09-21: from LA_ws_2026-09-21; flags no_text_layer,2026-02-19,,,in_force
0.2.0,,la-la2507-001,LA,"https://laoofficialgazette.gov.la/kcfinder/upload/files/5584,18,9,2025_0001.pdf",2026-09-21T03:16:25Z,pdf_scanned,true,raw/la/la_2507/20260921T0316Z__scanned.pdf,ຂໍ້ຕົກລົງວ່າດ້ວຍ ຊຸດເຄື່ອງແບບກິລາ-ກາຍຍະກຳ,,,,requests,200,raw/la/la_2507/20260921T0316Z__scanned.pdf.headers.json,application/pdf,06d4291e147ca437aee78d72ae4cc12fc47e27ba501fad87f58cf06168af56cd,702979,6,,,,corpus LA_corpus_2026-09-21: from LA_ws_2026-09-21; flags no_text_layer,2026-02-19,,,in_force
0.2.0,,la-la2509-001,LA,"https://laoofficialgazette.gov.la/kcfinder/upload/files/623,2,10,2025_0001.pdf",2026-09-21T02:07:15Z,pdf_scanned,true,raw/la/la_2509/20260921T0207Z__scanned.pdf,ດຳລັດວ່າດ້ວຍ ນະໂຍບາຍຕໍ່ຄະນະກິລາທິມຊາດ,,,,requests,200,raw/la/la_2509/20260921T0207Z__scanned.pdf.headers.json,application/pdf,bb499eb482c8f96c1a86f3c093969708d46f94a310cd9509b4a6234d7006a3c1,1335025,9,,,,corpus LA_corpus_2026-09-21: from LA_ws_2026-09-21; flags no_text_layer,2026-03-10,,,in_force
0.2.0,,la-la2510-001,LA,"https://laoofficialgazette.gov.la/kcfinder/upload/files/0306,10,2,2026_0001.pdf",2026-09-21T00:47:36Z,pdf_scanned,true,raw/la/la_2510/20260921T0047Z__scanned.pdf,"ຂໍ້ຕົກລົງວ່າດ້ວຍ ການແກ້ໄຂຂໍ້ຂັດແຍ່ງທາງດ້ານບໍລິຫານ ກ່ຽວກັບການຈົດທະບຽນຊັບສິນອຸດສາຫະກຳ, ພັນພຶດໃໝ່, ແຈ້ງລິຂະສິດ ແລະ ສິດກ່ຽວຂ້ອງກັບລິຂະສິດ",,,,requests,200,raw/la/la_2510/20260921T0047Z__scanned.pdf.headers.json,application/pdf,e5852f969ca80543d8716c9d7dcef37983bcb18b2322cfbc37a34951c74479f4,738302,11,,,,corpus LA_corpus_2026-09-21: from LA_ws_2026-09-21; flags no_text_layer,2026-03-10,,,in_force
0.2.0,,la-la2511-001,LA,"https://laoofficialgazette.gov.la/kcfinder/upload/files/170,03,3,2026_0001.pdf",2026-09-21T00:47:44Z,pdf_scanned,true,raw/la/la_2511/20260921T0047Z__scanned.pdf,ຂໍ້ຕົກລົງວ່າດ້ວຍ ການທົດສອບເຕັກໂນໂລຊີດ້ານການເງິນ,,,,requests,200,raw/la/la_2511/20260921T0047Z__scanned.pdf.headers.json,application/pdf,9558e24fd2f060ce7ae852ea604377b6fdaf0e6b4cbed8cf753ad64103ae36f1,671347,9,,,,corpus LA_corpus_2026-09-21: from LA_ws_2026-09-21; flags no_text_layer,2026-03-10,,,in_force
0.2.0,,la-la2512-001,LA,"https://laoofficialgazette.gov.la/kcfinder/upload/files/140,18,2,2026_0001.pdf",2026-09-21T00:47:52Z,pdf_scanned,true,raw/la/la_2512/20260921T0047Z__scanned.pdf,ຂໍ້ຕົກລົງວ່າດ້ວຍ ການຄຸ້ມຄອງການນຳເງິນສົດ ເງິນຕາຕ່າງປະເທດ ເຂົ້າ - ອອກ ສປປ ລາວ,,,,requests,200,raw/la/la_2512/20260921T0047Z__scanned.pdf.headers.json,application/pdf,4d384395078a799c369d568be8b0a7be77e597f53d07f6fc2d1bc6d741d309a4,527788,5,,,,corpus LA_corpus_2026-09-21: from LA_ws_2026-09-21; flags no_text_layer,2026-03-10,,,in_force
0.2.0,,la-la2515-001,LA,"https://laoofficialgazette.gov.la/kcfinder/upload/files/83,25,6,2025_0001.pdf",2026-09-21T01:14:49Z,pdf_scanned,true,raw/la/la_2515/20260921T0114Z__scanned.pdf,ກົດໝາຍວ່າດ້ວຍ ສາມັນສຶກສາ,,,,requests,200,raw/la/la_2515/20260921T0114Z__scanned.pdf.headers.json,application/pdf,93c427a9e998b2635c6461f7dc33613ed8ce30dd1f5b8193fc11b36a0ea9b1c5,2650169,35,,,,corpus LA_corpus_2026-09-21: from LA_ws_2026-09-21; flags no_text_layer,2026-03-10,,,in_force
0.2.0,,la-la2529-001,LA,https://laoofficialgazette.gov.la/kcfinder/upload/files/01.25.2.2026_0001.pdf,2026-09-21T02:41:17Z,pdf_scanned,true,raw/la/la_2529/20260921T0241Z__scanned.pdf,"ຄຳສັ່ງວ່າດ້ວຍ ການເພີ່ມທະວີຄວາມຮັບຜິດຊອບໃນການຄຸ້ມຄອງປົກປັກຮັກສາປ່າໄມ້, ທີ່ດິນປ່າໄມ້, ການປ້ອງກັນສະກັດກັ້ນໄຟໄໝ້ລາມປ່າ ແລະ ຄວບຄຸມມົົນລະພິດທາງອາກາດ (ຝຸ່ນ PM 2.5) ໃນຂອບເຂດທົ່ວແຂວງ ອັດຕະປື",,,,requests,200,raw/la/la_2529/20260921T0241Z__scanned.pdf.headers.json,application/pdf,5ba1be6a6fe7afd07f4646a3d1d8e2d73651d53417cabb3de5ee5ccc2e268b92,1531178,3,,,,corpus LA_corpus_2026-09-21: from LA_ws_2026-09-21; flags no_text_layer,2026-03-16,,,in_force
0.2.0,,la-la2530-001,LA,"https://laoofficialgazette.gov.la/kcfinder/upload/files/ຄໍາສັ່ງ 0692ກສ,20ກຸມພາ2026.pdf",2026-09-21T02:41:08Z,pdf_native,false,raw/la/la_2530/20260921T0241Z__native.pdf,"ຄຳສັ່ງວ່າດ້ວຍ ການເພີ່ມທະວີຄວາມເຂັ້ມງວດ ໃນການຄຸ້ມຄອງການຜະລິດ ສະກັດກັ້ນການລັກລອບ ນຳເຂົ້າ, ຈຳໜ່າຍ ອາຫານສັດ ແລະ ຢາສັດຕະວະແພດ",,,,requests,200,raw/la/la_2530/20260921T0241Z__native.pdf.headers.json,application/pdf,e5b4f1db33ab0f17b372bcd8fa436d9b41210267a59f5ee51143b96f454ef781,1887917,3,,,,corpus LA_corpus_2026-09-21: from LA_ws_2026-09-21,2026-03-16,,,in_force
0.2.0,,la-la2531-001,LA,https://laoofficialgazette.gov.la/kcfinder/upload/files/0691-19-2-2026_0001.pdf,2026-09-21T03:16:24Z,pdf_scanned,true,raw/la/la_2531/20260921T0316Z__scanned.pdf,ຂໍ້ຕົກລົງວ່າດ້ວຍ ການກຳນົດເນື້ອໃນແບບພິມໃບຢັ້ງຢືນການສຳຫຼວດວັດແທກທີ່ດິນ,,,,requests,200,raw/la/la_2531/20260921T0316Z__scanned.pdf.headers.json,application/pdf,74d32e8c49d250b1a0edc3ffc1407b0e5abad7caf24aee4e01df08dc6d297a4b,2243185,5,,,,corpus LA_corpus_2026-09-21: from LA_ws_2026-09-21; flags no_text_layer,2026-03-16,,,in_force
0.2.0,,la-la2532-001,LA,https://laoofficialgazette.gov.la/kcfinder/upload/files/0690 ໃບຢັ້ງຢືນການນໍາໃຊ້ທີ່ດິນ.pdf,2026-09-21T00:47:35Z,pdf_native,false,raw/la/la_2532/20260921T0047Z__native.pdf,ຂໍ້ຕົກລົງວ່າດ້ວຍ ການກຳນົດເນື້ອໃນແບບພິມ ແລະ ການພິມຕາມແບບພິມ ໃບທະບຽນຢັ້ງຢືນການນຳໃຊ້ທີ່ດິນ ແລະ ໃບຢັ້ງຢືນການນຳໃຊ້ທີ່ດິນ ໃນເຂດທີ່ດິນປ່າໄມ້,,,,requests,200,raw/la/la_2532/20260921T0047Z__native.pdf.headers.json,application/pdf,52307a35b7840c4d57096b3f22de697be66ec29098b993f740e63263cbfea355,8402403,13,,,,corpus LA_corpus_2026-09-21: from LA_ws_2026-09-21,2026-03-16,,,in_force
0.2.0,,la-la2533-001,LA,"https://laoofficialgazette.gov.la/kcfinder/upload/files/ດໍາລັດ ວ່າດ້ວຍຢາງພາລາ 18ລບ, 26 ກຸມພາ 2026.pdf",2026-09-21T02:06:54Z,pdf_native,false,raw/la/la_2533/20260921T0206Z__native.pdf,ດຳລັດວ່າດ້ວຍ ຢາງພາລາ,,,,requests,200,raw/la/la_2533/20260921T0206Z__native.pdf.headers.json,application/pdf,9cccd51dcf34fa0110c24ebaafcfcfd2e72b47292e160595e35de89af792b456,4670529,15,,,,corpus LA_corpus_2026-09-21: from LA_ws_2026-09-21,2026-03-16,,,in_force
0.2.0,,la-la2534-001,LA,https://laoofficialgazette.gov.la/kcfinder/upload/files/ດຳລັດ17ລບ.pdf,2026-09-21T02:06:49Z,pdf_scanned,true,raw/la/la_2534/20260921T0206Z__scanned.pdf,ດຳລັດວ່າດ້ວຍ ການຈັດສັນທີ່ດິນປຸກສ້າງຂອງລັດ ເປັນບ່ອນຢູ່ອາໄສ ແລະ ຊື້ ຂາຍ ສິດນຳໃຊ້ທີ່ດິນແບບມີກຳນົດ,,,,requests,200,raw/la/la_2534/20260921T0206Z__scanned.pdf.headers.json,application/pdf,a07cc24438eceb549cf43e1b00ede90469e0857eca16a625c63dfad2c8eea55f,2579393,12,,,,corpus LA_corpus_2026-09-21: from LA_ws_2026-09-21; flags no_text_layer,2026-03-16,,,in_force
0.2.0,,la-la2536-001,LA,https://laoofficialgazette.gov.la/kcfinder/upload/files/41.12.2.2026_0001.pdf,2026-09-21T03:15:26Z,pdf_scanned,true,raw/la/la_2536/20260921T0315Z__scanned.pdf,ຂໍ້ຕົກລົງວ່າດ້ວຍ ການປະເມີນລາຄາທີ່ດິນ ເພື່ອເປັນພື້ນຖານຄິດໄລ່ອາກອນທີ່ດິນພາຍໃນແຂວງ ບໍລິຄຳໄຊ,,,,requests,200,raw/la/la_2536/20260921T0315Z__scanned.pdf.headers.json,application/pdf,c8fcfcc714fff37f80f4baa75e50428ca255b1c341865fc43bb9c3195dbcd456,1610484,18,,,,corpus LA_corpus_2026-09-21: from LA_ws_2026-09-21; flags no_text_layer,2026-03-20,,,in_force
0.2.0,,la-la2537-001,LA,https://laoofficialgazette.gov.la/kcfinder/upload/files/87.25.6.2025_0001.pdf,2026-09-21T00:27:52Z,pdf_scanned,true,raw/la/la_2537/20260921T0027Z__scanned.pdf,ກົດໝາຍວ່າດ້ວຍ ຄວາມປອດໄພໄຊເບີ,,P7,"P7-I2,P7-I5",requests,200,raw/la/la_2537/20260921T0027Z__scanned.pdf.headers.json,application/pdf,770c528f354fa99fa97938dbf7a7ea4f27eb0b6202c8fd84295178ce01765148,2512037,26,,,,corpus LA_corpus_2026-09-21: from LA_ws_2026-09-21; flags no_text_layer,2026-03-20,,,in_force
0.2.0,,la-la2538-001,LA,https://laoofficialgazette.gov.la/kcfinder/upload/files/3789.28.12.2022_0001.pdf,2026-09-21T03:15:27Z,pdf_scanned,true,raw/la/la_2538/20260921T0315Z__scanned.pdf,ຂໍ້ຕົກລົງວ່າດ້ວຍ ການຄຸ້ມຄອງພຶດປໍແກ້ວ ນຳໃຊ້ທາງການແພດ ແລະ ເປັນສິນຄ້າ,,,,requests,200,raw/la/la_2538/20260921T0315Z__scanned.pdf.headers.json,application/pdf,b1f8ef7b5f8d19290d0e0fff9cbd99b58b3fb058e56bf9e7895de8b6d6e5d6cf,1192085,17,,,,corpus LA_corpus_2026-09-21: from LA_ws_2026-09-21; flags no_text_layer,2026-03-20,,,in_force
0.2.0,,la-la2539-001,LA,https://laoofficialgazette.gov.la/kcfinder/upload/files/169.25.1.2022_0001.pdf,2026-09-21T00:46:35Z,pdf_scanned,true,raw/la/la_2539/20260921T0046Z__scanned.pdf,ຂໍ້ຕົກລົງວ່າດ້ວຍ ການຂຶ້ນທະບຽນຢາພື້ນເມືອງ,,,,requests,200,raw/la/la_2539/20260921T0046Z__scanned.pdf.headers.json,application/pdf,833a4d0d57423174a0a1b8c2adb6613eacb2a51727ecbbaf2a5104ceb21cb421,1138887,12,,,,corpus LA_corpus_2026-09-21: from LA_ws_2026-09-21; flags no_text_layer,2026-03-20,,,in_force
0.2.0,,la-la2540-001,LA,https://laoofficialgazette.gov.la/kcfinder/upload/files/2626.21.8.2023_0001.pdf,2026-09-21T00:46:43Z,pdf_scanned,true,raw/la/la_2540/20260921T0046Z__scanned.pdf,ຂໍ້ຕົກລົງວ່າດ້ວຍ ການຂື້ນທະບຽນຜະລິດຕະພັນເສີມສຸຂະພາບ,,,,requests,200,raw/la/la_2540/20260921T0046Z__scanned.pdf.headers.json,application/pdf,769eb909f7e6d17f7c9eb0d439df2fc58f4bb013f8b6200dec74e8e184360952,1101513,14,,,,corpus LA_corpus_2026-09-21: from LA_ws_2026-09-21; flags no_text_layer,2026-03-20,,,in_force
0.2.0,,la-la2541-001,LA,https://laoofficialgazette.gov.la/kcfinder/upload/files/2750.28.8.2023_0001.pdf,2026-09-21T03:15:36Z,pdf_scanned,true,raw/la/la_2541/20260921T0315Z__scanned.pdf,ຂໍ້ຕົກລົງວ່າດ້ວຍ ນ້ຳດື່ມໃນພາຊະນະບັນຈຸປິດ (ສະບັບປັບປຸງ),,,,requests,200,raw/la/la_2541/20260921T0315Z__scanned.pdf.headers.json,application/pdf,af2e40175ec651a76211b1bea3c6880548acb23c8519f86852064de05b14971e,1300682,15,,,,corpus LA_corpus_2026-09-21: from LA_ws_2026-09-21; flags no_text_layer,2026-03-20,,,in_force
0.2.0,,la-la2542-001,LA,https://laoofficialgazette.gov.la/kcfinder/upload/files/2749.28.8.2023_0001.pdf,2026-09-21T00:46:48Z,pdf_scanned,true,raw/la/la_2542/20260921T0046Z__scanned.pdf,ຂໍ້ຕົກລົງວ່າດ້ວຍ ການຂຶ້ນທະບຽນອາຫານ (ສະບັບປັບປຸງ),,,,requests,200,raw/la/la_2542/20260921T0046Z__scanned.pdf.headers.json,application/pdf,e8767fd51dd8dc2cbc75ef3b1b7861f704b627ccb45534bbc46aca149b93706b,1445035,13,,,,corpus LA_corpus_2026-09-21: from LA_ws_2026-09-21; flags no_text_layer,2026-03-20,,,in_force
0.2.0,,la-la2543-001,LA,https://laoofficialgazette.gov.la/kcfinder/upload/files/1470.11.7.2023_0001.pdf,2026-09-21T00:46:56Z,pdf_scanned,true,raw/la/la_2543/20260921T0046Z__scanned.pdf,ຂໍ້ຕົກລົງວ່າດ້ວຍ ການຂຶ້ນທະບຽນ ແລະ ຈົດແຈ້ງອຸປະກອນການແພດ,,,,requests,200,raw/la/la_2543/20260921T0046Z__scanned.pdf.headers.json,application/pdf,ddf916790636bff3c4235cb82b1f3224cccbdc8466b81d8333b976addc9fb5b5,1309545,17,,,,corpus LA_corpus_2026-09-21: from LA_ws_2026-09-21; flags no_text_layer,2026-03-20,,,in_force
0.2.0,,la-la2544-001,LA,https://laoofficialgazette.gov.la/kcfinder/upload/files/3091.25.92024_0001.pdf,2026-09-21T03:15:43Z,pdf_scanned,true,raw/la/la_2544/20260921T0315Z__scanned.pdf,"ຂໍ້ຕົກລົງວ່າດ້ວຍ ການນຳເຂົ້າ - ສົ່ງອອກ, ແລະ ຜ່ານແດນອາຫານ (ສະບັບປັບປຸງ)",,,,requests,200,raw/la/la_2544/20260921T0315Z__scanned.pdf.headers.json,application/pdf,bbc32fd05df086b477ee7a7977bd8613e85ecea54fc45049e92fea3537dadefe,1331978,17,,,,corpus LA_corpus_2026-09-21: from LA_ws_2026-09-21; flags no_text_layer,2026-03-20,,,in_force
0.2.0,,la-la2545-001,LA,https://laoofficialgazette.gov.la/kcfinder/upload/files/1525.18.1.2025_0001.pdf,2026-09-21T03:15:51Z,pdf_scanned,true,raw/la/la_2545/20260921T0315Z__scanned.pdf,ຂໍ້ຕົກລົງວ່າດ້ວຍ ສະຫຼາກຜະລິດຕະພັນອາຫານ ແລະ ອຸປະກອນກ່ຽວກັບອາຫານສຳລັບເດັກອ່ອນ ແລະ ເດັກນ້ອຍ,,,,requests,200,raw/la/la_2545/20260921T0315Z__scanned.pdf.headers.json,application/pdf,205cdb647fcf646c5228a11265c27472087192c356a88f1b402d20d6ef109fe9,920953,11,,,,corpus LA_corpus_2026-09-21: from LA_ws_2026-09-21; flags no_text_layer,2026-03-20,,,in_force
0.2.0,,la-la2546-001,LA,https://laoofficialgazette.gov.la/kcfinder/upload/files/0622.2.4.2025_0001.pdf,2026-09-21T00:47:02Z,pdf_scanned,true,raw/la/la_2546/20260921T0047Z__scanned.pdf,ຂໍ້ຕົກລົງວ່າດ້ວຍ ການຂຶ້ນທະບຽນຢາຫຼວງ,,,,requests,200,raw/la/la_2546/20260921T0047Z__scanned.pdf.headers.json,application/pdf,53e2f7d0a9d4898b13df76471a546c13103a1618c7bd12b92502014d34a9bf4b,1132275,13,,,,corpus LA_corpus_2026-09-21: from LA_ws_2026-09-21; flags no_text_layer,2026-03-20,,,in_force
0.2.0,,la-la2550-001,LA,"https://laoofficialgazette.gov.la/kcfinder/upload/files/850,11,3,2026_0001.pdf",2026-09-21T03:16:13Z,pdf_scanned,true,raw/la/la_2550/20260921T0316Z__scanned.pdf,ຂໍ້ຕົກລົງວ່າດ້ວຍ ການຄຸ້ມຄອງທຸລະກິດບໍລິການຈັດຫາງານ,,,,requests,200,raw/la/la_2550/20260921T0316Z__scanned.pdf.headers.json,application/pdf,9389b96655831669319118ce644c187068de270bdf75b78934b977307a0c41b5,1358760,13,,,,corpus LA_corpus_2026-09-21: from LA_ws_2026-09-21; flags no_text_layer,2026-03-20,,,in_force
0.2.0,,la-la2552-001,LA,"https://laoofficialgazette.gov.la/kcfinder/upload/files/02,13,32026_0001.pdf",2026-09-21T00:42:31Z,pdf_scanned,true,raw/la/la_2552/20260921T0042Z__scanned.pdf,ຄຳສັ່ງວ່າດ້ວຍ ການເພີ່ມທະວີຄວາມເອົາໃຈໃສ່ຕໍ່ວຽກງານທະບຽນສານ,,,,requests,200,raw/la/la_2552/20260921T0042Z__scanned.pdf.headers.json,application/pdf,159f3caa7be6dd6069d08a1bcacef2d8487dac29e1714f9c9f03112bd5701f95,1919928,4,,,,corpus LA_corpus_2026-09-21: from LA_ws_2026-09-21; flags no_text_layer,2026-03-25,,,in_force
0.2.0,,la-la2553-001,LA,"https://laoofficialgazette.gov.la/kcfinder/upload/files/09,27,1,2026_0001.pdf",2026-09-21T02:06:23Z,pdf_scanned,true,raw/la/la_2553/20260921T0206Z__scanned.pdf,ດຳລັດວ່າດ້ວຍ ການປັບໃໝ ແລະ ມາດຕະການອື່ນ ຕໍ່ຜູ້ລະເມີດກົດໝາຍ ແລະ ລະບຽບການ ກ່ຽວກັບການຄວບຄຸມຢາສູບ,,,,requests,200,raw/la/la_2553/20260921T0206Z__scanned.pdf.headers.json,application/pdf,df02e73dcfeb7e507ab7b98e6012f57e4466b122f078963a53ec5c1fb7fb659f,1996737,12,,,,corpus LA_corpus_2026-09-21: from LA_ws_2026-09-21; flags no_text_layer,2026-03-27,,,in_force
0.2.0,,la-la2557-001,LA,https://laoofficialgazette.gov.la/kcfinder/upload/files/370.18.3.2026_0001.pdf,2026-09-21T03:15:10Z,pdf_scanned,true,raw/la/la_2557/20260921T0315Z__scanned.pdf,"ຂໍ້ຕົກລົງວ່າດ້ວຍ ການຄຸ້ມຄອງ, ພັດທະນາ ແລະ ບໍລິຫານຕົວເມືອງ ໄຊຍະບູລີ",,,,requests,200,raw/la/la_2557/20260921T0315Z__scanned.pdf.headers.json,application/pdf,62531165db87dd79caf19bde916a002d9443f45cf75346ec2597434cf5f37a5b,1201256,14,,,,corpus LA_corpus_2026-09-21: from LA_ws_2026-09-21; flags no_text_layer,2026-03-30,,,in_force
0.2.0,,la-la2560-001,LA,https://laoofficialgazette.gov.la/kcfinder/upload/files/0630.10.3.2026_0001.pdf,2026-09-21T03:15:03Z,pdf_scanned,true,raw/la/la_2560/20260921T0315Z__scanned.pdf,ຂໍ້ຕົກລົງວ່າດ້ວຍ ຖິ່ນກຳເນີດ,,,,playwright,200,raw/la/la_2560/20260921T0315Z__scanned.pdf.headers.json,application/pdf,43b04de10820ce40b03333700439b415b7ae9f3dfa2dcf52154130d1eab71150,1285120,13,,,,corpus LA_corpus_2026-09-21: from LA_ws_2026-09-21; flags no_text_layer,2026-03-30,,,in_force
0.2.0,,la-la2561-001,LA,https://laoofficialgazette.gov.la/kcfinder/upload/files/11.5.2.2026_0001.pdf,2026-09-21T02:06:07Z,pdf_scanned,true,raw/la/la_2561/20260921T0206Z__scanned.pdf,ດຳລັດວ່າດ້ວຍ ການຄຸ້ມຄອງບໍລິເວນຊາຍແດນ,,,,requests,200,raw/la/la_2561/20260921T0206Z__scanned.pdf.headers.json,application/pdf,ecda0e9ae5fd1c6adaa9cfafd9985545e4fcd4a129600ce096b5db3ab90ae8f8,1416461,14,,,,corpus LA_corpus_2026-09-21: from LA_ws_2026-09-21; flags no_text_layer,2026-03-30,,,in_force
0.2.0,,la-la2562-001,LA,https://laoofficialgazette.gov.la/kcfinder/upload/files/12.5.2.2026_0001.pdf,2026-09-21T02:06:14Z,pdf_scanned,true,raw/la/la_2562/20260921T0206Z__scanned.pdf,ດຳລັດວ່າດ້ວຍ ພະນັກງານທ້ອງຖິ່ນ ທີ່ເຮັດວຽກນຳອົງການຕ່າງປະເທດ ປະຈຳຢູ່ ສປປ ລາວ,,,,requests,200,raw/la/la_2562/20260921T0206Z__scanned.pdf.headers.json,application/pdf,9b0c318f5a7f2ca8689e015d4ffba03afdb8da0a16a8f0e09406f0a75cb3c9f9,929483,12,,,,corpus LA_corpus_2026-09-21: from LA_ws_2026-09-21; flags no_text_layer,2026-03-30,,,in_force
0.2.0,,la-la2563-001,LA,"https://laoofficialgazette.gov.la/kcfinder/upload/files/251,24,3,2026_0001.pdf",2026-09-21T03:14:58Z,pdf_scanned,true,raw/la/la_2563/20260921T0314Z__scanned.pdf,ຂໍ້ຕົກລົງວ່າດ້ວຍ ການຄຸ້ມຄອງການເປີດບັນຊີເງິນຝາກຢູ່ຕ່າງປະເທດ,,,,requests,200,raw/la/la_2563/20260921T0314Z__scanned.pdf.headers.json,application/pdf,67e74899a1d5fa9cdac148821b5f9ebe5228973c7800ed30fc319a8f06a4faa6,3009057,7,,,,corpus LA_corpus_2026-09-21: from LA_ws_2026-09-21; flags no_text_layer,2026-04-01,,,in_force
0.2.0,,la-la2566-001,LA,"https://laoofficialgazette.gov.la/kcfinder/upload/files/1160,20,3,2026.pdf",2026-09-21T00:46:34Z,pdf_native,false,raw/la/la_2566/20260921T0046Z__native.pdf,"ຂໍ້ຕົກລົງວ່າດ້ວຍ ການຕ້ານການຟອກເງິນ, ການສະໜອງທຶນ ໃຫ້ແກ່ການກໍ່ການຮ້າຍ ແລະ ການແຜ່ຜາຍອາວຸດທຳລາຍລ້າງຜານ ສຳລັບຜູ້ດຳເນີນທຸລະກິດກ່ຽວກັບທີ່ດິນ",,,,requests,200,raw/la/la_2566/20260921T0046Z__native.pdf.headers.json,application/pdf,46f299fce9a98971995ccc97150dee89a5df9ef91d0cb0e18d691399a170d2fe,10774560,16,,,,corpus LA_corpus_2026-09-21: from LA_ws_2026-09-21,2026-04-03,,,in_force
0.2.0,,la-la2567-001,LA,https://laoofficialgazette.gov.la/kcfinder/upload/files/978.2.4.2026_0001.pdf,2026-09-21T00:46:19Z,pdf_scanned,true,raw/la/la_2567/20260921T0046Z__scanned.pdf,ຂໍ້ຕົກລົງວ່າດ້ວຍ ການຂຶ້ນທະບຽນເລກໝາຍໂທລະສັບ,,,,requests,200,raw/la/la_2567/20260921T0046Z__scanned.pdf.headers.json,application/pdf,614f0f9346e203ccd11e2acb3f49c1577cb58eaaaaecd522ca6334d474c1d3e3,904025,14,,,,corpus LA_corpus_2026-09-21: from LA_ws_2026-09-21; flags no_text_layer,2026-04-10,,,in_force
0.2.0,,la-la2568-001,LA,"https://laoofficialgazette.gov.la/kcfinder/upload/files/ຂໍ້ຕົກລົງວ່າດ້ວຍການສະໜອງສິນເຊື່ອຮ່ວມ ສະບັບເລກທີ 310-ທຫລ, ລົງວັນທີ 09 ເມສາ 2026.pdf",2026-09-21T03:14:53Z,pdf_scanned,true,raw/la/la_2568/20260921T0314Z__scanned.pdf,ຂໍ້ຕົກລົງວ່າດ້ວຍ ການສະໜອງສິນເຊື່ອຮ່ວມ,,,,requests,200,raw/la/la_2568/20260921T0314Z__scanned.pdf.headers.json,application/pdf,994aefb9312f0127e7e1e80a7a9d48296214f2f18c83ce77768b7b3538a5919a,6401811,10,,,,corpus LA_corpus_2026-09-21: from LA_ws_2026-09-21; flags no_text_layer,2026-04-20,,,in_force
0.2.0,,la-la2570-001,LA,"https://laoofficialgazette.gov.la/kcfinder/upload/files/1040,20,4,2026_0001.pdf",2026-09-21T03:14:39Z,pdf_scanned,true,raw/la/la_2570/20260921T0314Z__scanned.pdf,ຂໍ້ຕົກລົງວ່າດ້ວຍ ການກວດສອບ ແລະ ຢັ້ງຢືນຄຸນນະພາບຢາງພາລາ,,,,requests,200,raw/la/la_2570/20260921T0314Z__scanned.pdf.headers.json,application/pdf,574c290293b3fa80538fb515a05751bff0c7ab628e5dd402abe7cc9fb9a5e54d,563113,8,,,,corpus LA_corpus_2026-09-21: from LA_ws_2026-09-21; flags no_text_layer,2026-04-23,,,in_force
0.2.0,,la-la2578-001,LA,"https://laoofficialgazette.gov.la/kcfinder/upload/files/1011,10,4,2026_0001.pdf",2026-09-21T00:46:14Z,pdf_scanned,true,raw/la/la_2578/20260921T0046Z__scanned.pdf,ຂໍ້ຕົກລົງວ່າດ້ວຍ ລິຂະສິດ ແລະ ສິດກ່ຽວຂ້ອງກັບລິຂະສິດ,,,,requests,200,raw/la/la_2578/20260921T0046Z__scanned.pdf.headers.json,application/pdf,c32185a21ccd65ac085736671915800c555eb4d5368d3af8ed056e7a58920e83,1007571,13,,,,corpus LA_corpus_2026-09-21: from LA_ws_2026-09-21; flags no_text_layer,2026-05-11,,,in_force
0.2.0,,la-la2580-001,LA,"https://laoofficialgazette.gov.la/kcfinder/upload/files/189,2,3,2026_0001.pdf",2026-09-21T03:14:36Z,pdf_scanned,true,raw/la/la_2580/20260921T0314Z__scanned.pdf,"ຂໍ້ຕົກລົງວ່າດ້ວຍ ການສ້າງເມືອງ, ນະຄອນ ເປັນຕົວແບບດ້ານກິລາ-ກາຍຍະກຳມວນຊົນ",,,,requests,200,raw/la/la_2580/20260921T0314Z__scanned.pdf.headers.json,application/pdf,e002082e6e3d417c7b0858cab7e3f622fb0174114632b754185726eaff53e7b5,3706894,10,,,,corpus LA_corpus_2026-09-21: from LA_ws_2026-09-21; flags no_text_layer,2026-05-13,,,in_force
0.2.0,,la-la2581-001,LA,https://laoofficialgazette.gov.la/kcfinder/upload/files/1555-6-5-2026_0001.pdf,2026-09-21T05:04:40Z,pdf_scanned,true,raw/la/la_2581/20260921T0504Z__scanned.pdf,ຄຳແນະນຳວ່າດ້ວຍ ການກວດກາຄຸນນະພາບແຮ່ທາດ ກ່ອນການສົ່ງອອກຢູ່ປາຍທາງ,,,,requests,200,raw/la/la_2581/20260921T0504Z__scanned.pdf.headers.json,application/pdf,42b46b49b6af6f83edaafd665c97eb60a1cd3cdc8de7dbe152b8e569dfc5472a,840714,8,,,,corpus LA_corpus_2026-09-21: from LA_ws_2026-09-21; flags no_text_layer,2026-05-13,,,in_force
0.2.0,,la-la2582-001,LA,https://laoofficialgazette.gov.la/kcfinder/upload/files/1338-13-5-2026_0001.pdf,2026-09-21T03:14:14Z,pdf_scanned,true,raw/la/la_2582/20260921T0314Z__scanned.pdf,ຂໍ້ຕົກລົງວ່າດ້ວຍ ການປັບໃໝ ແລະ ການນຳໃຊ້ມາດຕະການອື່ນຕໍ່ຜູ້ລະເມິີດກົດໝາຍວ່າດ້ວຍ ວິສາຫະກິດ,,,,requests,200,raw/la/la_2582/20260921T0314Z__scanned.pdf.headers.json,application/pdf,0b7e9f665a46b6ed749cd61f8a243439e153d70ea9849b7a710518539507958a,662607,8,,,,corpus LA_corpus_2026-09-21: from LA_ws_2026-09-21; flags no_text_layer,2026-05-25,,,in_force
0.2.0,,la-la2583-001,LA,https://laoofficialgazette.gov.la/kcfinder/upload/files/1339-13-5-2026_0001.pdf,2026-09-21T03:14:22Z,pdf_scanned,true,raw/la/la_2583/20260921T0314Z__scanned.pdf,ຂໍ້ຕົກລົງວ່າດ້ວຍ ທຸລະກິດແກ໊ສຫຸງຕົ້ມ,,,,requests,200,raw/la/la_2583/20260921T0314Z__scanned.pdf.headers.json,application/pdf,82e202fa9f66e633ac434eea5d5b049656383460dcf28205efaa9a71b4c6bcb2,1010969,16,,,,corpus LA_corpus_2026-09-21: from LA_ws_2026-09-21; flags no_text_layer,2026-05-25,,,in_force
0.2.0,,la-la2584-001,LA,https://laoofficialgazette.gov.la/kcfinder/upload/files/392-22-4-2026_0001.pdf,2026-09-21T03:14:08Z,pdf_scanned,true,raw/la/la_2584/20260921T0314Z__scanned.pdf,ຂໍ້ຕົກລົງວ່າດ້ວຍ ກອງທຶນຊ່ວຍເຫຼືອຊຶ່ງກັນ ແລະ ກັນ ຂອງກຳມະບານແຂວງ ອັດຕະປື,,,,requests,200,raw/la/la_2584/20260921T0314Z__scanned.pdf.headers.json,application/pdf,93a6ec4e85a64bea7953bdb38a5b6746f4ce4c6b3b56fde52d579bb6e311732f,727294,12,,,,corpus LA_corpus_2026-09-21: from LA_ws_2026-09-21; flags no_text_layer,2026-05-28,,,in_force
0.2.0,,la-la2587-001,LA,https://laoofficialgazette.gov.la/kcfinder/upload/files/122-20-5-2026_0001.pdf,2026-09-21T02:06:01Z,pdf_scanned,true,raw/la/la_2587/20260921T0206Z__scanned.pdf,ດຳລັດວ່າດ້ວຍ ກະສິກຳສະອາດ,,,,requests,200,raw/la/la_2587/20260921T0206Z__scanned.pdf.headers.json,application/pdf,96419469266a2b571d57bc78d1493e2bde6d334dfff511e8b8c53c77d905b138,1685822,22,,,,corpus LA_corpus_2026-09-21: from LA_ws_2026-09-21; flags no_text_layer,2026-06-03,,,in_force
0.2.0,,la-la2588-001,LA,https://laoofficialgazette.gov.la/kcfinder/upload/files/123-20-5-2026_0001.pdf,2026-09-21T02:05:54Z,pdf_scanned,true,raw/la/la_2588/20260921T0205Z__scanned.pdf,ດຳລັດວ່າດ້ວຍ ຝຸ່ນ,,,,requests,200,raw/la/la_2588/20260921T0205Z__scanned.pdf.headers.json,application/pdf,849b2438352b2d1742e7fa71f57272bf12805278572a75ad5624629455f80ec5,1321386,18,,,,corpus LA_corpus_2026-09-21: from LA_ws_2026-09-21; flags no_text_layer,2026-06-03,,,in_force
0.2.0,,la-la2589-001,LA,https://laoofficialgazette.gov.la/kcfinder/upload/files/1158-30-4-2026_0001.pdf,2026-09-21T00:46:11Z,pdf_scanned,true,raw/la/la_2589/20260921T0046Z__scanned.pdf,ຂໍ້ຕົກລົງວ່າດ້ວຍ ການດຳເນີນທຸລະກິດ ບໍລິການອິນເຕີເນັດ,,,,requests,200,raw/la/la_2589/20260921T0046Z__scanned.pdf.headers.json,application/pdf,1139bd5042965801c944114b727bf0433d27d9aa693406cfd62c2693c8998de3,8460941,19,,,,corpus LA_corpus_2026-09-21: from LA_ws_2026-09-21; flags no_text_layer,2026-06-04,,,in_force
0.2.0,,la-la2590-001,LA,https://laoofficialgazette.gov.la/kcfinder/upload/files/126-25-5-2026_0001.pdf,2026-09-21T02:05:51Z,pdf_scanned,true,raw/la/la_2590/20260921T0205Z__scanned.pdf,ດຳລັດວ່າດ້ວຍ ອົງການຈັດຕັ້ງສາກົນທີ່ບໍ່ສັງກັດລັດຖະບານ,,,,requests,200,raw/la/la_2590/20260921T0205Z__scanned.pdf.headers.json,application/pdf,cd005df206a6e803036718f2f76a15c78fa6846c53ca0435dcc42084eb1f509c,1568584,28,,,,corpus LA_corpus_2026-09-21: from LA_ws_2026-09-21; flags no_text_layer,2026-06-11,,,in_force
0.2.0,,la-la2591-001,LA,https://laoofficialgazette.gov.la/kcfinder/upload/files/955-20-5-2026_0001.pdf,2026-09-21T03:14:02Z,pdf_scanned,true,raw/la/la_2591/20260921T0314Z__scanned.pdf,ຂໍ້ຕົກລົງວ່າດ້ວຍ ການເພີ່ມຈຸລະສານອາຫານໃສ່ເຂົ້າສານ,,,,requests,200,raw/la/la_2591/20260921T0314Z__scanned.pdf.headers.json,application/pdf,06c03270a3c33a78ef5913d1a735d88e119971e40c79ea80208aa69b6830ec32,1097812,12,,,,corpus LA_corpus_2026-09-21: from LA_ws_2026-09-21; flags no_text_layer,2026-06-15,,,in_force
0.2.0,,la-la2592-001,LA,https://laoofficialgazette.gov.la/kcfinder/upload/files/04-8-6-2026_0001.pdf,2026-09-21T02:41:06Z,pdf_scanned,true,raw/la/la_2592/20260921T0241Z__scanned.pdf,ຄຳສັ່ງວ່າດ້ວຍ ການປ້ອງກັນ ແລະ ຄວບຄຸມພະຍາດລະບາດຕາມລະດູການໂດຍສະເພາະແມ່ນ ການແຜ່ລະບາດຂອງພະຍາດໝາກແດງ ແລະ ພະຍາດໄຂ້ຍຸງລາຍ ໃນປະຈຸບັນ,,,,requests,200,raw/la/la_2592/20260921T0241Z__scanned.pdf.headers.json,application/pdf,cd1e576fd07c239efbf82fc7b727b5aa04b68eaa344ae6b219367be056e376ed,1705467,3,,,,corpus LA_corpus_2026-09-21: from LA_ws_2026-09-21; flags no_text_layer,2026-06-16,,,in_force
0.2.0,,la-la2596-001,LA,https://laoofficialgazette.gov.la/kcfinder/upload/files/2309-11-6-2026_0001.pdf,2026-09-21T00:45:51Z,pdf_scanned,true,raw/la/la_2596/20260921T0045Z__scanned.pdf,ຂໍ້ຕົກລົງວ່າດ້ວຍ ການຄຸ້ມຄອງແຮງງານໃນວຽກງານກະສິກຳ,,,,requests,200,raw/la/la_2596/20260921T0045Z__scanned.pdf.headers.json,application/pdf,c9ed4d9ebe5478b604a94c35d2686dfc2ad44427f499ee0eb9c758f99c7f7da7,1251945,17,,,,corpus LA_corpus_2026-09-21: from LA_ws_2026-09-21; flags no_text_layer,2026-06-25,,,in_force
0.2.0,,la-la2597-001,LA,https://laoofficialgazette.gov.la/kcfinder/upload/files/88-25-6-2025_0001.pdf,2026-09-21T00:27:46Z,pdf_scanned,true,raw/la/la_2597/20260921T0027Z__scanned.pdf,ກົດໝາຍວ່າດ້ວຍ ອາກອນລາຍໄດ້ (ສະບັບປັບປຸງ),,,,requests,200,raw/la/la_2597/20260921T0027Z__scanned.pdf.headers.json,application/pdf,25b7fe4d6eabb1047fc1b3890bd7346c87b99df883cfe36d2ead5b99de92deed,2324593,34,,,,corpus LA_corpus_2026-09-21: from LA_ws_2026-09-21; flags no_text_layer,2026-06-19,,,in_force
0.2.0,,la-la2598-001,LA,https://laoofficialgazette.gov.la/kcfinder/upload/files/2544-11-1-2026_0001.pdf,2026-09-21T03:13:50Z,pdf_scanned,true,raw/la/la_2598/20260921T0313Z__scanned.pdf,ຂໍ້ຕົກລົງວ່າດ້ວຍ ການຄຸ້ມຄອງໂຮງງານອຸດສາຫະກຳປຸງແຕ່ງໄມ້,,,,requests,200,raw/la/la_2598/20260921T0313Z__scanned.pdf.headers.json,application/pdf,b2fa67e86ede5cfe8210efe4df61cb56c38893c0d234018fd4a5d183b03d33d5,18158463,60,,,,corpus LA_corpus_2026-09-21: from LA_ws_2026-09-21; flags no_text_layer,2026-06-22,,,in_force
0.2.0,,la-la2599-001,LA,https://laoofficialgazette.gov.la/kcfinder/upload/files/2545-11-1-2026_0001.pdf,2026-09-21T03:13:52Z,pdf_scanned,true,raw/la/la_2599/20260921T0313Z__scanned.pdf,ຂໍ້ຕົກລົງວ່າດ້ວຍ ຜະລິດຕະພັນໄມ້ເພື່ອຈຳໜ່າຍພາຍໃນ,,,,requests,200,raw/la/la_2599/20260921T0313Z__scanned.pdf.headers.json,application/pdf,af8ef27bbe11448d9741e7d34435556f0739912c1d938edf09735057614f0a37,1140915,9,,,,corpus LA_corpus_2026-09-21: from LA_ws_2026-09-21; flags no_text_layer,2026-06-22,,,in_force
0.2.0,,la-la2602-001,LA,https://laoofficialgazette.gov.la/kcfinder/upload/files/4677-12-12-2023.pdf,2026-09-21T00:45:47Z,pdf_scanned,true,raw/la/la_2602/20260921T0045Z__scanned.pdf,ຂໍ້ຕົກລົງວ່າດ້ວຍ ການກຳນົດວຽກເບົາ ແລະ ວຽກທີ່ເປັນອັນຕະລາຍ ສຳລັບແຮງງານໄວໜຸ່ມ,,,,requests,200,raw/la/la_2602/20260921T0045Z__scanned.pdf.headers.json,application/pdf,f8fef770be1e561a5ea172147410f7534458f55d9ebbde5f664aa42cfe0e9271,4437598,9,,,,corpus LA_corpus_2026-09-21: from LA_ws_2026-09-21; flags no_text_layer,2026-07-10,,,in_force
0.2.0,,la-la2603-001,LA,https://laoofficialgazette.gov.la/kcfinder/upload/files/2774-29-6-2026_0001.pdf,2026-09-21T00:45:36Z,pdf_scanned,true,raw/la/la_2603/20260921T0045Z__scanned.pdf,ຂໍ້ຕົກລົງວ່າດ້ວຍ ການກຳນົດເນື້ອໃນແບບພິມ ແລະ ການພິມຕາມແບບພິມ ໃບທະບຽນທີ່ດິນ ແລະ ໃບຕາດິນ,,,,requests,200,raw/la/la_2603/20260921T0045Z__scanned.pdf.headers.json,application/pdf,67c3b06f48ae9be2851910b155355b61791885b2cd0756c863b6ebc05be1b5c6,1052879,10,,,,corpus LA_corpus_2026-09-21: from LA_ws_2026-09-21; flags no_text_layer,2026-07-10,,,in_force
0.2.0,,la-la2612-001,LA,https://laoofficialgazette.gov.la/kcfinder/upload/files/1283-8-5-2026_0001.pdf,2026-09-21T03:13:31Z,pdf_scanned,true,raw/la/la_2612/20260921T0313Z__scanned.pdf,ຂໍ້ຕົກລົງວ່າດ້ວຍ ການຮັບຮອງກາເຄື່ອງໝາຍ ຂອງຄະນະກຳມະການແກ້ໄຂບັນຫາຢາເສບຕິດລະດັບຊາດ,,,,requests,200,raw/la/la_2612/20260921T0313Z__scanned.pdf.headers.json,application/pdf,98af5abf9003760bc46af095862ba5a3f5602e8b401afead545a24fbd4bb2f45,1214618,2,,,,corpus LA_corpus_2026-09-21: from LA_ws_2026-09-21; flags no_text_layer,2026-07-16,,,in_force
0.2.0,,la-la2613-001,LA,https://laoofficialgazette.gov.la/kcfinder/upload/files/2378-27-7-2026_0001.pdf,2026-09-21T03:13:21Z,pdf_scanned,true,raw/la/la_2613/20260921T0313Z__scanned.pdf,ຂໍ້ຕົກລົງວ່າດ້ວຍ ເຄື່ອງຈັກອຸດສາຫະກຳ,,,,requests,200,raw/la/la_2613/20260921T0313Z__scanned.pdf.headers.json,application/pdf,2636f4d9a12579c2a913a315740fa808504cec2e7edf60ac7cc77a9b3aca2495,882450,11,,,,corpus LA_corpus_2026-09-21: from LA_ws_2026-09-21; flags no_text_layer,2026-08-03,,,in_force
0.2.0,,la-la2614-001,LA,https://laoofficialgazette.gov.la/kcfinder/upload/files/2759-25-6-2026_0001.pdf,2026-09-21T05:04:36Z,pdf_scanned,true,raw/la/la_2614/20260921T0504Z__scanned.pdf,ຄຳແນະນຳວ່າດ້ວຍ ການສຳຫຼວດວັດແທກ ແລະ ສ້າງແຜນທີ່ຕາດິນ,,,,requests,200,raw/la/la_2614/20260921T0504Z__scanned.pdf.headers.json,application/pdf,cdfeb43d1a560cc98cff3cae43008bfcb06c233eec3233e3c745e118a364eb48,2035615,23,,,,corpus LA_corpus_2026-09-21: from LA_ws_2026-09-21; flags no_text_layer,2026-08-03,,,in_force
0.2.0,,la-la2615-001,LA,https://laoofficialgazette.gov.la/kcfinder/upload/files/2315-16-7-2026_0001.pdf,2026-09-21T03:13:13Z,pdf_scanned,true,raw/la/la_2615/20260921T0313Z__scanned.pdf,ຂໍ້ຕົກລົງວ່າດ້ວຍ ການຈຳໜ່າຍນ້ຳມັນເຊື້ອໄຟດ້ວຍລົດແບບເຄື່ອນທີ່,,,,requests,200,raw/la/la_2615/20260921T0313Z__scanned.pdf.headers.json,application/pdf,248eda1ac06ec2bcaa7020aeeff32a79794b1bc85334e67c6febd243ab36f301,892303,11,,,,corpus LA_corpus_2026-09-21: from LA_ws_2026-09-21; flags no_text_layer,2026-08-03,,,in_force
0.2.0,,la-la2616-001,LA,https://laoofficialgazette.gov.la/kcfinder/upload/files/17555-27-7-2026_0001.pdf,2026-09-21T03:13:04Z,pdf_scanned,true,raw/la/la_2616/20260921T0313Z__scanned.pdf,ຂໍ້ຕົກລົງວ່າດ້ວຍ ການອະນຸຍາດດຳເນີນທຸລະກິດ ຂອງຂະແໜງການໂຍທາທິການ ແລະ ຂົນສົ່ງ,,,,requests,200,raw/la/la_2616/20260921T0313Z__scanned.pdf.headers.json,application/pdf,965ab2f3fd7f674d74219cab77b67d52d8fe717b4443dca2352431f29a4c0312,831407,12,,,,corpus LA_corpus_2026-09-21: from LA_ws_2026-09-21; flags no_text_layer,2026-08-04,,,in_force
0.2.0,,la-la2617-001,LA,https://laoofficialgazette.gov.la/kcfinder/upload/files/1887-31-7-2026_0001.pdf,2026-09-21T00:45:31Z,pdf_scanned,true,raw/la/la_2617/20260921T0045Z__scanned.pdf,ຂໍ້ຕົກລົງວ່າດ້ວຍ ການຂະຫຍາຍເຄືອຂ່າຍໂທລະຄົມມະນາຄົມ ໄປສູ່ເຂດຊົນນະບົດ ແລະ ຫ່າງໄກສອກຫຼີກ,,,,requests,200,raw/la/la_2617/20260921T0045Z__scanned.pdf.headers.json,application/pdf,60edab1fee44263a1362dd72ce5ac8e67f1a532adf335b5a36a6353b46b6b725,1210680,10,,,,corpus LA_corpus_2026-09-21: from LA_ws_2026-09-21; flags no_text_layer,2026-08-10,,,in_force
0.2.0,,la-la2618-001,LA,https://laoofficialgazette.gov.la/kcfinder/upload/files/707-5-8-2026_0001.pdf,2026-09-21T03:12:48Z,pdf_scanned,true,raw/la/la_2618/20260921T0312Z__scanned.pdf,ຂໍ້ຕົກລົງວ່າດ້ວຍ ການຄຸ້ມຄອງການກູ້ຢືມລະຫວ່າງປະເທດ,,,,requests,200,raw/la/la_2618/20260921T0312Z__scanned.pdf.headers.json,application/pdf,9106601ee4c5e61d07ae045768dc7403ec5b7353a4c0601f6ddd65858e435b66,820594,12,,,,corpus LA_corpus_2026-09-21: from LA_ws_2026-09-21; flags no_text_layer,2026-08-11,,,in_force
0.2.0,,la-la2619-001,LA,https://laoofficialgazette.gov.la/kcfinder/upload/files/2530-4-8-2026_0001.pdf,2026-09-21T03:12:43Z,pdf_scanned,true,raw/la/la_2619/20260921T0312Z__scanned.pdf,ຂໍ້ຕົກລົງວ່າດ້ວຍ ພັນພຶດໃໝ່,,,,requests,200,raw/la/la_2619/20260921T0312Z__scanned.pdf.headers.json,application/pdf,ac67d3d730528c4ab84cc578e1802b35f9b634f15ec02154702892e6ce750bfa,1313170,11,,,,corpus LA_corpus_2026-09-21: from LA_ws_2026-09-21; flags no_text_layer,2026-08-11,,,in_force
0.2.0,,la-la2620-001,LA,https://laoofficialgazette.gov.la/kcfinder/upload/files/2523-4-8-2026_0001.pdf,2026-09-21T03:12:56Z,pdf_scanned,true,raw/la/la_2620/20260921T0312Z__scanned.pdf,ຂໍ້ຕົກລົງວ່າດ້ວຍ ບັນຊີເຄມີອຸດສາຫະກຳ,,,,requests,200,raw/la/la_2620/20260921T0312Z__scanned.pdf.headers.json,application/pdf,b264fa9f3a51b58bc0eed53e1fca9f7a7337b9d6fbe9f31e8e6a77befa30c1ad,1589855,21,,,,corpus LA_corpus_2026-09-21: from LA_ws_2026-09-21; flags no_text_layer,2026-08-11,,,in_force
0.2.0,,la-la2621-001,LA,https://laoofficialgazette.gov.la/kcfinder/upload/files/001-1-7-2026_0002.pdf,2026-09-21T02:02:53Z,pdf_scanned,true,raw/la/la_2621/20260921T0202Z__scanned.pdf,ລັດຖະບັນຍັດວ່າດ້ວຍ ເຂດຍຸດທະສາດປ້ອງກັນຊາດ,,,,requests,200,raw/la/la_2621/20260921T0202Z__scanned.pdf.headers.json,application/pdf,af6d945db08ff47e4fb426a5267f6d2f0ba0c4ddc559dc9d3629af618e13a7de,1211790,11,,,,corpus LA_corpus_2026-09-21: from LA_ws_2026-09-21; flags no_text_layer,2026-08-25,,,in_force
0.2.0,,la-la2622-001,LA,https://laoofficialgazette.gov.la/kcfinder/upload/files/87-29-7-2026_0001.pdf,2026-09-21T03:12:33Z,pdf_scanned,true,raw/la/la_2622/20260921T0312Z__scanned.pdf,"ຂໍ້ຕົກລົງວ່າດ້ວຍ ບັນຊີຢາເສບຕິດທີ່ເກືອດຫ້າມ ແລະ ຢາເສບຕິດ, ສານເຄມີ ທີ່ຖືກຄວບຄຸມການນຳໃຊ້",,,,requests,200,raw/la/la_2622/20260921T0312Z__scanned.pdf.headers.json,application/pdf,709bc0eafef0b53d16d69d66b21142193a6a3585f83cbd5fa44dfac600417a2c,1290772,15,,,,corpus LA_corpus_2026-09-21: from LA_ws_2026-09-21; flags no_text_layer,2026-09-01,,,in_force
0.2.0,,la-la2623-001,LA,https://laoofficialgazette.gov.la/kcfinder/upload/files/1971-25-5-2026_0001.pdf,2026-09-21T03:12:28Z,pdf_scanned,true,raw/la/la_2623/20260921T0312Z__scanned.pdf,ຂໍ້ຕົກລົງວ່າດ້ວຍ ການກວດກາປະກັນສັງຄົມ,,,,requests,200,raw/la/la_2623/20260921T0312Z__scanned.pdf.headers.json,application/pdf,34919a67064f38a2caec6edfbf855b70a277ee266703f5e0373d6805cb498252,974555,12,,,,corpus LA_corpus_2026-09-21: from LA_ws_2026-09-21; flags no_text_layer,2026-09-01,,,in_force
0.2.0,,la-la2624-001,LA,https://laoofficialgazette.gov.la/kcfinder/upload/files/2509-6-8-2026_0001.pdf,2026-09-21T00:45:22Z,pdf_scanned,true,raw/la/la_2624/20260921T0045Z__scanned.pdf,"ຂໍ້ຕົກລົງວ່າດ້ວຍ ມາດຕະຖານດ້ານຄວາມຮ້ອນ, ແສງສະຫວ່າງ ແລະ ສຽງ ໃນສະຖານທີ່ເຮັດວຽກກ່ຽວຂ້ອງກັບຄວາມປອດໄພ ແລະ ສຸຂະພາບແຮງງານ",,,,requests,200,raw/la/la_2624/20260921T0045Z__scanned.pdf.headers.json,application/pdf,9e0b2802905f4cd8c8bf323fcf6ad1eea12409598dec7cd14f29906529f872ea,1273521,25,,,,corpus LA_corpus_2026-09-21: from LA_ws_2026-09-21; flags no_text_layer,2026-09-01,,,in_force
0.2.0,,la-la2625-001,LA,https://laoofficialgazette.gov.la/kcfinder/upload/files/3888-26-8-2026_0001.pdf,2026-09-21T03:11:31Z,pdf_scanned,true,raw/la/la_2625/20260921T0311Z__scanned.pdf,"ຂໍ້ຕົກລົງວ່າດ້ວຍ ລາຍການຜະລິດຕະພັນ ໄມ້ທຳມະຊາດ, ໄມ້ປູກ, ໄມ້ປ່ອງ ແລະ ຫວາຍ ເພື່ອສົ່ງອອກໄປຕ່າງປະເທດ",,,,requests,200,raw/la/la_2625/20260921T0311Z__scanned.pdf.headers.json,application/pdf,26833d1b61e4d12762d70acf69bfd695037128275660bf24d48c5f243c0b039c,1368068,15,,,,corpus LA_corpus_2026-09-21: from LA_ws_2026-09-21; flags no_text_layer,2026-09-03,,,in_force
0.2.0,,la-la2626-001,LA,https://laoofficialgazette.gov.la/kcfinder/upload/files/3541-12-8-2026_0001.pdf,2026-09-21T03:11:41Z,pdf_scanned,true,raw/la/la_2626/20260921T0311Z__scanned.pdf,ຂໍ້ຕົກລົງວ່າດ້ວຍ ກົນໄກການຈັດຕັ້ງປະຕິບັດ ວຽກງານການລົງທຶນໃນກະຊວງກະສິກຳ ແລະ ສິ່ງແວດລ້ອມ,,,,requests,200,raw/la/la_2626/20260921T0311Z__scanned.pdf.headers.json,application/pdf,8756ec94d7c534856b3677a136b76f94526faae02f5b35b304a94fb96277060b,1119514,10,,,,corpus LA_corpus_2026-09-21: from LA_ws_2026-09-21; flags no_text_layer,2026-09-03,,,in_force
0.2.0,,la-la2627-001,LA,https://laoofficialgazette.gov.la/kcfinder/upload/files/3899-28-8-2026_00001.pdf,2026-09-21T03:12:25Z,pdf_scanned,true,raw/la/la_2627/20260921T0312Z__scanned.pdf,ຂໍ້ຕົກລົງວ່າດ້ວຍ ທຸລະກິດກ່ຽວກັບຢາງພາລາ,,,,requests,200,raw/la/la_2627/20260921T0312Z__scanned.pdf.headers.json,application/pdf,f54ee62ae8b5124cd2228492c3a5f79deea2749cd2781b2a5091876e9f3f2d03,17491253,56,,,,corpus LA_corpus_2026-09-21: from LA_ws_2026-09-21; flags no_text_layer,2026-09-03,,,in_force
0.2.0,,la-la2628-001,LA,https://laoofficialgazette.gov.la/kcfinder/upload/files/819-28-8-2026_0001.pdf,2026-09-21T00:45:14Z,pdf_scanned,true,raw/la/la_2628/20260921T0045Z__scanned.pdf,ຂໍ້ຕົກລົງວ່າດ້ວຍ ລະບົບການຊຳລະເງິນທົ່ວໄປ,,,,playwright,200,raw/la/la_2628/20260921T0045Z__scanned.pdf.headers.json,application/pdf,c4e60a1c72a8724c0ab4a943a7ff5ae6d5769cd47210faaf47db7f101f5d6bbb,1145929,25,,,,corpus LA_corpus_2026-09-21: from LA_ws_2026-09-21; flags no_text_layer,2026-09-07,,,in_force
0.2.0,,la-la2636-001,LA,https://laoofficialgazette.gov.la/kcfinder/upload/files/789-21-8-2026_0001.pdf,2026-09-21T03:11:30Z,pdf_scanned,true,raw/la/la_2636/20260921T0311Z__scanned.pdf,"ຂໍ້ຕົກລົງວ່າດ້ວຍ ການບໍລິຫານຄວາມສ່ຽງ, ຂໍ້ຈຳກັດ ແລະ ຂໍ້ຫ້າມ ທີ່ກ່ຽວຂ້ອງກັບມາດຕະການຈຳກັດຂອງສາກົນ",,,,requests,200,raw/la/la_2636/20260921T0311Z__scanned.pdf.headers.json,application/pdf,3c774aeb6dac3597dd9eb2c1b6fbc0aec1558521f16527af96474bf20d0abfee,2947958,60,,,,corpus LA_corpus_2026-09-21: from LA_ws_2026-09-21; flags no_text_layer,2026-09-07,,,in_force
0.2.0,,la-la2637-001,LA,https://laoofficialgazette.gov.la/kcfinder/upload/files/06-28-8-2026_0001.pdf,2026-09-21T02:40:37Z,pdf_scanned,true,raw/la/la_2637/20260921T0240Z__scanned.pdf,ຄຳສັ່ງແນະນຳກ່ຽວກັບ ການເຮັດສັນຍາກະສິກຳ,,,,requests,200,raw/la/la_2637/20260921T0240Z__scanned.pdf.headers.json,application/pdf,309e9c9edd3519b527a8e1a29914015ce9b6c486b40f15225cd1caaaaa19e838,1087136,5,,,,corpus LA_corpus_2026-09-21: from LA_ws_2026-09-21; flags no_text_layer,2026-09-07,,,in_force
0.2.0,,la-la2638-001,LA,https://laoofficialgazette.gov.la/kcfinder/upload/files/283-3-9-2026_0001.pdf,2026-09-21T02:05:13Z,pdf_scanned,true,raw/la/la_2638/20260921T0205Z__scanned.pdf,ດຳລັດວ່າດ້ວຍ ການຂົນສົ່ງສິນຄ້າອັນຕະລາຍ ທາງບົກ ແລະ ທາງລົດໄຟ,,,,requests,200,raw/la/la_2638/20260921T0205Z__scanned.pdf.headers.json,application/pdf,48ea95d849d11f7c8a1699a2b104fd96a50075d7a92a9a48399737e4cd85ca85,1723489,26,,,,corpus LA_corpus_2026-09-21: from LA_ws_2026-09-21; flags no_text_layer,2026-09-08,,,in_force
0.2.0,,la-la2640-001,LA,https://laoofficialgazette.gov.la/kcfinder/upload/files/2997-1-9-2026_0001.pdf,2026-09-21T03:11:17Z,pdf_scanned,true,raw/la/la_2640/20260921T0311Z__scanned.pdf,ຂໍ້ຕົກລົງວ່າດ້ວຍ ການປະຕິບັດວຽກງານກວດກາການຄ້າ,,,,requests,200,raw/la/la_2640/20260921T0311Z__scanned.pdf.headers.json,application/pdf,b87d427c93b54e32c23ddca2eac4279a38b10247abe8b28363d489ce29537f68,856085,14,,,,corpus LA_corpus_2026-09-21: from LA_ws_2026-09-21; flags no_text_layer,2026-09-15,,,in_force
0.2.0,,la-la403-001,LA,https://laoofficialgazette.gov.la/kcfinder/upload/files/ກົດ​ໝາຍ​ວ່າ​ດ້ວຍ​ການ​ສືບ​ທອ​ດ​ມູນ​ມໍ​ລ​ະ​ດົກ(ສ​ະ​ບັບ​ປັບ​ປູງ).pdf,2026-09-21T02:02:27Z,pdf_scanned,true,raw/la/la_403/20260921T0202Z__scanned.pdf,ກົດໝາຍວ່າດ້ວຍ ການສືບທອດມູນມໍຣະດົກ,,,,requests,200,raw/la/la_403/20260921T0202Z__scanned.pdf.headers.json,application/pdf,0b0ac112e3f9ba5a06290b2550603bc5852dc1b42a66dd3bda54e4111ba2aa0b,10642063,21,,,,corpus LA_corpus_2026-09-21: from LA_ws_2026-09-21; flags no_text_layer,2013-08-27,,,repealed
0.2.0,,la-la404-001,LA,https://laoofficialgazette.gov.la/kcfinder/upload/files/ກົດ​ໝາຍ​ວ່າ​ດ້ວຍ ​ຂໍ້​ຜູກ​ພັນ​ໃນ​ສັນ​ຍາ ​ແລະ ນອກ​ສັນ​ຍາ.pdf,2026-09-21T02:02:08Z,pdf_scanned,true,raw/la/la_404/20260921T0202Z__scanned.pdf,ກົດໝາຍວ່າດ້ວຍ ຂໍ້ຜູກພັນໃນສັນຍາ ແລະ ນອກສັນຍາ ( ສະບັບປັບປຸງ ),,,,requests,200,raw/la/la_404/20260921T0202Z__scanned.pdf.headers.json,application/pdf,d77c2646fe2913185ff417a9677ad06bde5ee5e41466ab60ebe8ca3113ad1bf5,18540774,38,,,,corpus LA_corpus_2026-09-21: from LA_ws_2026-09-21; flags no_text_layer,2013-09-02,,,repealed
0.2.0,,la-la409-001,LA,https://laoofficialgazette.gov.la/kcfinder/upload/files/ຂໍ້​ຕົກ​ລົງ​ວ່າ​ດ້ວຍ​ການ​ຈັດ​ຕັ້ງ​ປະ​ຕິ​ບັດ​ວຽກ​ງານ​ຈົດ​ໝາຍ​ເຫດ​ທາງ​ລັດ​ຖະ​ການ.pdf,2026-09-21T05:04:30Z,pdf_scanned,true,raw/la/la_409/20260921T0504Z__scanned.pdf,ຂໍ້​ຕົກ​ລົງວ່າ​ດ້ວຍ ການຈັດຕັ້ງປະຕິບັດວຽກງານ ຈົດໝາຍເຫດທາງລັດຖະການ,,,,requests,200,raw/la/la_409/20260921T0504Z__scanned.pdf.headers.json,application/pdf,fffeb4e94c0c57ff48bfa71243dc93cc1791d02b08f61d764be0c6fea5b13a78,4072831,7,,,,corpus LA_corpus_2026-09-21: from LA_ws_2026-09-21; flags no_text_layer,2013-09-25,,,repealed
0.2.0,,la-la410-001,LA,https://laoofficialgazette.gov.la/kcfinder/upload/files/ກົດ​ໝາຍ​ວ່າ​ດ້ວຍ ​ທ​ະ​ບຽນ​ຄອບ​ຄົວ(ສ​ະ​ບັບ​ປັບ​ປູງ).pdf,2026-09-21T00:37:29Z,pdf_scanned,true,raw/la/la_410/20260921T0037Z__scanned.pdf,ກົດ​ໝາຍວ່າ​ດ້ວຍ ທະບຽນຄອບຄົວ ( ສະ​ບັບ​ປັບ​ປຸງ ),,,,requests,200,raw/la/la_410/20260921T0037Z__scanned.pdf.headers.json,application/pdf,0233710f2a93b450303b4676708f14fc51a308c811859d10e7ed9922ccf48b39,10919654,26,,,,corpus LA_corpus_2026-09-21: from LA_ws_2026-09-21; flags no_text_layer,2013-10-03,,,repealed
0.2.0,,la-la411-001,LA,https://laoofficialgazette.gov.la/kcfinder/upload/files/ກົດ​ໝາຍວ່າ​ດ້ວຍ ການ​ແກ້​ໄຂ​ຂໍ້​ຂັດ​ແຍ່ງ​ທາງ​ດ້ານ​ເສດ​ຖະ​ກິດ(ສະ​ບັບ​ປັບ​ປຸງ).pdf,2026-09-21T02:01:45Z,pdf_scanned,true,raw/la/la_411/20260921T0201Z__scanned.pdf,ກົດໝາຍວ່າດ້ວຍ ການແກ້ໄຂຂໍ້ຂັດແຍ່ງທາງດ້ານເສດຖະກິດ(ສະບັບປັບປຸງ),,,,requests,200,raw/la/la_411/20260921T0201Z__scanned.pdf.headers.json,application/pdf,8738861c7c30094ec46679f23ada3332ad9207c247349aa60c29ab67897bd24b,10084081,24,,,,corpus LA_corpus_2026-09-21: from LA_ws_2026-09-21; flags no_text_layer,2013-10-04,,,repealed
0.2.0,,la-la412-001,LA,https://laoofficialgazette.gov.la/kcfinder/upload/files/ກົດ​ໝາຍ​ວ່າ​ດ້ວຍ ​ການປົກ​ປ້​ອງ​ສິດ ແລະ ​ຜົ​ນ​ປ​ະ​ໂຫຍດ​ຂອງ​ເດັກ.pdf,2026-09-21T02:01:37Z,pdf_scanned,true,raw/la/la_412/20260921T0201Z__scanned.pdf,ກົດໝາຍວ່າດ້ວຍ ການປົກປ້ອງສິດ ແລະ ຜົນປະໂຫຍດຂອງເດັກ,,,,requests,200,raw/la/la_412/20260921T0201Z__scanned.pdf.headers.json,application/pdf,f41d367c3e334672fdae424cf06e454ae05a4bf1a2294341ad8288c43777aeac,15681743,33,,,,corpus LA_corpus_2026-09-21: from LA_ws_2026-09-21; flags no_text_layer,2013-10-09,,,repealed
0.2.0,,la-la415-001,LA,https://laoofficialgazette.gov.la/kcfinder/upload/files/ກົດ​ໝາຍ​ວ່າ​ດ້ວຍ ​ທ​ະ​ບຽນ​​ສານ(ສ​ະ​ບັບ​ປັບ​ປູງ).pdf,2026-09-21T00:37:02Z,pdf_scanned,true,raw/la/la_415/20260921T0037Z__scanned.pdf,ກົດໝາຍວ່າດ້ວຍ ທະບຽນສານ (ສະບັບປັບປຸງ),,,,requests,200,raw/la/la_415/20260921T0037Z__scanned.pdf.headers.json,application/pdf,1c58abe5625b00925b9f01ccd01b05a027a1fa9cf314d691e876fc92a5d9e92a,8057284,19,,,,corpus LA_corpus_2026-09-21: from LA_ws_2026-09-21; flags no_text_layer,2013-10-10,,,repealed
0.2.0,,la-la416-001,LA,https://laoofficialgazette.gov.la/kcfinder/upload/files/7 ກົດ​ໝາຍ​ວ່າ​ດ້ວຍ​ການ​ຈັດ​ຕັ້ງ​ປະ​ຕິ​ບັ​ດ​ຄຳ​ຕັດ​ສິນ​ຂອ​ງ​ສານ(ສ​ະ​ບັບ​ປັບ​ປູງ).pdf,2026-09-21T02:01:19Z,pdf_scanned,true,raw/la/la_416/20260921T0201Z__scanned.pdf,ກົດໝາຍວ່າດ້ວຍ ການຈັດຕັ້ງປະຕິບັດຄຳຕັດສິນຂອງສານ ( ສະບັບປັບປຸງ ),,,,requests,200,raw/la/la_416/20260921T0201Z__scanned.pdf.headers.json,application/pdf,689e5f5d605cfc45277729004b9c94b812facc6227f4efc3667e594a4aabe4e9,15525980,28,,,,corpus LA_corpus_2026-09-21: from LA_ws_2026-09-21; flags no_text_layer,2013-10-15,,,repealed
0.2.0,,la-la417-001,LA,https://laoofficialgazette.gov.la/kcfinder/upload/files/ກົດ​ໝາຍ ວ່າ​ດ້ວຍ​ການ​ປະ​ມົງ.pdf,2026-09-21T02:01:02Z,pdf_scanned,true,raw/la/la_417/20260921T0201Z__scanned.pdf,ກົດໝາຍວ່າດ້ວຍ ການປະມົງ,,,,requests,200,raw/la/la_417/20260921T0201Z__scanned.pdf.headers.json,application/pdf,0c379eac12c40db98b0cb4547f6754d36fc4a9ffca41a69e1fca702bfd9bf4c5,11939724,28,,,,corpus LA_corpus_2026-09-21: from LA_ws_2026-09-21; flags no_text_layer,2013-10-31,,,repealed
0.2.0,,la-la418-001,LA,https://laoofficialgazette.gov.la/kcfinder/upload/files/ກົດ​ໝາຍ ວ່າ​ດ້ວຍ​ການ​ລ້ຽງ​ສັດ ແລະ ການ​ສັດ​ຕະ​ວະ​ແພດ.pdf,2026-09-21T02:00:52Z,pdf_scanned,true,raw/la/la_418/20260921T0200Z__scanned.pdf,ກົດ​ໝາຍ ວ່າ​ດ້ວຍ​ການ​ລ້ຽງ​ສັດ ແລະ ການ​ສັດ​ຕະ​ວະ​ແພດ,,,,requests,200,raw/la/la_418/20260921T0200Z__scanned.pdf.headers.json,application/pdf,25268ffb09cc78bd229b6ec88d98dffbeadb4b98eb0a185cfab2b60c44e4fdb0,16447022,40,,,,corpus LA_corpus_2026-09-21: from LA_ws_2026-09-21; flags no_text_layer,2013-10-31,,,repealed
0.2.0,,la-la419-001,LA,https://laoofficialgazette.gov.la/kcfinder/upload/files/ກົດ​ໝາຍ ວ່າ​ດ້ວຍ​ຊົນ​ລະ​ປະ​ທານ.pdf,2026-09-21T02:00:35Z,pdf_scanned,true,raw/la/la_419/20260921T0200Z__scanned.pdf,ກົດໝາຍວ່າດ້ວຍ ຊົນລະປະທານ,,,,requests,200,raw/la/la_419/20260921T0200Z__scanned.pdf.headers.json,application/pdf,23c6feacf3b3e83da4d81dd8e8a49598fec66a30f459a15d1edcb06f598afadd,15931016,34,,,,corpus LA_corpus_2026-09-21: from LA_ws_2026-09-21; flags no_text_layer,2013-10-31,,,repealed
0.2.0,,la-la420-001,LA,https://laoofficialgazette.gov.la/kcfinder/upload/files/ກົດ​ໝາຍ ວ່າ​ດ້ວຍ​ສັດ​ນ້ຳ ແລະ ສັດ​ປ່າ.pdf,2026-09-21T02:00:19Z,pdf_scanned,true,raw/la/la_420/20260921T0200Z__scanned.pdf,ກົດໝາຍ ວ່າດ້ວຍສັດນ້ຳ ແລະ ສັດປ່າ,,,,requests,200,raw/la/la_420/20260921T0200Z__scanned.pdf.headers.json,application/pdf,2347fa3056e9cb3c1315ea6f8e2050554f71f3eb574f64f3cf551e4d00089b1f,12493485,29,,,,corpus LA_corpus_2026-09-21: from LA_ws_2026-09-21; flags no_text_layer,2013-10-31,,,repealed
0.2.0,,la-la421-001,LA,https://laoofficialgazette.gov.la/kcfinder/upload/files/ກົດ​ໝາຍ ວ່າ​ດ້ວຍ​ການ​ປ້ອງ​ກັນ​ພືດ.pdf,2026-09-21T01:59:32Z,pdf_scanned,true,raw/la/la_421/20260921T0159Z__scanned.pdf,ກົດ​ໝາຍ ວ່າ​ດ້ວຍ​ການ​ປ້ອງ​ກັນ​ພືດ,,,,requests,200,raw/la/la_421/20260921T0159Z__scanned.pdf.headers.json,application/pdf,e0c6295f35675c7466415c0d6013ab0214b45f918d363a6a01370144754b0045,9763079,21,,,,corpus LA_corpus_2026-09-21: from LA_ws_2026-09-21; flags no_text_layer,2013-10-31,,,repealed
0.2.0,,la-la424-001,LA,https://laoofficialgazette.gov.la/kcfinder/upload/files/Forestry.pdf,2026-09-21T01:59:23Z,pdf_scanned,true,raw/la/la_424/20260921T0159Z__scanned.pdf,ກົດໝາຍວ່າດ້ວຍ ປ່າໄມ້ ( ສະບັບປັບປຸງ ),,,,requests,200,raw/la/la_424/20260921T0159Z__scanned.pdf.headers.json,application/pdf,c2a4afcad831e7fa5fed51fdd3661a80f84ca790913d0ffed83893bab0981069,21541079,46,,,,corpus LA_corpus_2026-09-21: from LA_ws_2026-09-21; flags no_text_layer,2013-11-01,,,repealed
0.2.0,,la-la428-001,LA,https://laoofficialgazette.gov.la/kcfinder/upload/files/Law on Science and Technology.pdf,2026-09-21T00:36:36Z,pdf_native,false,raw/la/la_428/20260921T0036Z__native.pdf,ກົດໝາຍວ່າດ້ວຍ ວິທະຍາສາດ ແລະ ເຕັກໂນໂລຊີ,,,,requests,200,raw/la/la_428/20260921T0036Z__native.pdf.headers.json,application/pdf,fd4ee6bcae534b50e83e5e943f046871af1adef321abd515623d9d385a8c26aa,849383,26,,,,corpus LA_corpus_2026-09-21: from LA_ws_2026-09-21,2013-11-25,,,repealed
0.2.0,,la-la432-001,LA,https://laoofficialgazette.gov.la/kcfinder/upload/files/land Transportation Law.pdf,2026-09-21T01:38:42Z,pdf_scanned,true,raw/la/la_432/20260921T0138Z__scanned.pdf,ກົດໝາຍວ່າດ້ວຍ ການຂົນສົ່ງທາງບົກ ( ສະບັບປັບປຸງ ),,,,requests,200,raw/la/la_432/20260921T0138Z__scanned.pdf.headers.json,application/pdf,af8e8af4e150f019891506b445fe9083dd81101db69f899caf8de5287e645d31,3304522,37,,,,corpus LA_corpus_2026-09-21: from LA_ws_2026-09-21; flags no_text_layer,2013-11-27,,,in_force
0.2.0,,la-la433-001,LA,https://laoofficialgazette.gov.la/kcfinder/upload/files/Traffic Raod Law .pdf,2026-09-21T01:38:36Z,pdf_scanned,true,raw/la/la_433/20260921T0138Z__scanned.pdf,ກົດໝາຍວ່າດ້ວຍ ການຈະລາຈອນທາງບົກ (ສະບັບປັງປຸງ),,,,requests,200,raw/la/la_433/20260921T0138Z__scanned.pdf.headers.json,application/pdf,5b82efde727c21d1adc4a32f6cfd7541bbaf91de051b6de4c6b297db9b8b958b,3534012,38,,,,corpus LA_corpus_2026-09-21: from LA_ws_2026-09-21; flags no_text_layer,2013-11-27,,,in_force
0.2.0,,la-la434-001,LA,https://laoofficialgazette.gov.la/kcfinder/upload/files/Multi Transportation Law.pdf,2026-09-21T01:38:27Z,pdf_scanned,true,raw/la/la_434/20260921T0138Z__scanned.pdf,ກົດໝາຍວ່າດ້ວຍ ການຂົນສົ່ງຫຼາຍຮູບແບບ,,,,requests,200,raw/la/la_434/20260921T0138Z__scanned.pdf.headers.json,application/pdf,737142f9da0a2528952392e36059726fd22af1fa1fd85d8b0322a0e807ec1987,2385881,29,,,,corpus LA_corpus_2026-09-21: from LA_ws_2026-09-21; flags no_text_layer,2013-11-27,,,in_force
0.2.0,,la-la435-001,LA,https://laoofficialgazette.gov.la/kcfinder/upload/files/Construction Law.pdf,2026-09-21T01:38:57Z,pdf_scanned,true,raw/la/la_435/20260921T0138Z__scanned.pdf,ກົດໝາຍວ່າດ້ວຍ ການກໍ່ສ້າງ,,,,requests,200,raw/la/la_435/20260921T0138Z__scanned.pdf.headers.json,application/pdf,75d328a19d05633bc54f048ebcec5f5fe00bf360a96f9d3f792d57327c1def7e,3574360,36,,,,corpus LA_corpus_2026-09-21: from LA_ws_2026-09-21; flags no_text_layer,2013-11-27,,,in_force
0.2.0,,la-la436-001,LA,https://laoofficialgazette.gov.la/kcfinder/upload/files/water suspry  Law.pdf,2026-09-21T01:38:19Z,pdf_scanned,true,raw/la/la_436/20260921T0138Z__scanned.pdf,ກົດໝາຍວ່າດ້ວຍ ນ້ຳປະປາ,,,,requests,200,raw/la/la_436/20260921T0138Z__scanned.pdf.headers.json,application/pdf,d8829b01a55408bb43307c3adeb5866320ed31e732953b59a0dd107c148a8ecc,2683595,28,,,,corpus LA_corpus_2026-09-21: from LA_ws_2026-09-21; flags no_text_layer,2013-11-27,,,in_force
0.2.0,,la-la437-001,LA,https://laoofficialgazette.gov.la/kcfinder/upload/files/Civil Aviation Law .pdf,2026-09-21T01:58:55Z,pdf_scanned,true,raw/la/la_437/20260921T0158Z__scanned.pdf,ກົດໝາຍວ່າດ້ວຍ ການບິນພົນລະເຮືອນ,,,,requests,200,raw/la/la_437/20260921T0158Z__scanned.pdf.headers.json,application/pdf,6ee3760072493fb1aba803bf63f6daafd7cad7613efa166153665cdcd099171f,2525137,28,,,,corpus LA_corpus_2026-09-21: from LA_ws_2026-09-21; flags no_text_layer,2013-11-27,,,repealed
0.2.0,,la-la438-001,LA,https://laoofficialgazette.gov.la/kcfinder/upload/files/The Social Security Law.pdf,2026-09-21T01:58:49Z,pdf_scanned,true,raw/la/la_438/20260921T0158Z__scanned.pdf,ກົດໝາຍ ວ່າດ້ວຍການປະກັນສັງຄົມ,,,,requests,200,raw/la/la_438/20260921T0158Z__scanned.pdf.headers.json,application/pdf,94d88ca7ed46a68e821b4386e9f56e8aaf9f7c5089222b45eb8a025c4f682daf,2775789,34,,,,corpus LA_corpus_2026-09-21: from LA_ws_2026-09-21; flags no_text_layer,2013-12-04,,,repealed
0.2.0,,la-la439-001,LA,https://laoofficialgazette.gov.la/kcfinder/upload/files/Social Welfare Decree .pdf,2026-09-21T02:35:40Z,pdf_scanned,true,raw/la/la_439/20260921T0235Z__scanned.pdf,ດຳລັດວ່າດ້ວຍ ສັງຄົມສົງເຄາະ,,,,requests,200,raw/la/la_439/20260921T0235Z__scanned.pdf.headers.json,application/pdf,c05f1a4e568baaa599cab3f576254f9d00925a458eb9b1a6995891df9ee592f4,1820122,10,,,,corpus LA_corpus_2026-09-21: from LA_ws_2026-09-21; flags no_text_layer,2013-12-06,,,in_force
0.2.0,,la-la440-001,LA,https://laoofficialgazette.gov.la/kcfinder/upload/files/Food Law.pdf,2026-09-21T01:38:12Z,pdf_scanned,true,raw/la/la_440/20260921T0138Z__scanned.pdf,ກົດໝາຍ ວ່າດ້ວຍອາຫານ ( ສະບັບປັບປຸງ ),,,,requests,200,raw/la/la_440/20260921T0138Z__scanned.pdf.headers.json,application/pdf,14b4fe53ebf803d08caf445e9f793f64545cb3dbdda17c88b08085102e5f3550,2738254,32,,,,corpus LA_corpus_2026-09-21: from LA_ws_2026-09-21; flags no_text_layer,2013-12-09,,,in_force
0.2.0,,la-la441-001,LA,https://laoofficialgazette.gov.la/kcfinder/upload/files/Medicine and Medical   Product Law.pdf,2026-09-21T01:58:33Z,pdf_scanned,true,raw/la/la_441/20260921T0158Z__scanned.pdf,ກົດໝາຍ ວ່າດ້ວຍ ຢາ ແລະ ຜະລິດຕະພັນການແພດ( ສະບັບປັບປຸງ ),,,,requests,200,raw/la/la_441/20260921T0158Z__scanned.pdf.headers.json,application/pdf,dd89575b5c221f925c2b47f12680519afa322aa74283897d57b4fc4c316efc1c,1968148,21,,,,corpus LA_corpus_2026-09-21: from LA_ws_2026-09-21; flags no_text_layer,2013-12-09,,,repealed
0.2.0,,la-la442-001,LA,https://laoofficialgazette.gov.la/kcfinder/upload/files/Hygien Law  .pdf,2026-09-21T01:58:22Z,pdf_scanned,true,raw/la/la_442/20260921T0158Z__scanned.pdf,"ກົດໝາຍ ວ່າດ້ວຍ ອະນາໄມ, ກັນພະຍາດ ແລະ ສົ່ງເສີມສຸຂະພາບ ( ສະບັບປັບປຸງ )",,,,playwright,200,raw/la/la_442/20260921T0158Z__scanned.pdf.headers.json,application/pdf,83680f1ff819006d3be416380dc97eac514995e99d5a5b07f9eea88f77741724,2537600,24,,,,corpus LA_corpus_2026-09-21: from LA_ws_2026-09-21; flags no_text_layer,2013-12-09,,,repealed
0.2.0,,la-la443-001,LA,https://laoofficialgazette.gov.la/kcfinder/upload/files/National Raod Law  .pdf,2026-09-21T01:58:04Z,pdf_native,false,raw/la/la_443/20260921T0158Z__native.pdf,ກົດ​ໝາຍ​ວ່າ​ດ້ວຍ ທາງຫຼວງ,,,,requests,200,raw/la/la_443/20260921T0158Z__native.pdf.headers.json,application/pdf,1ed89692ffeffdb9ea567e4801fd87dd01f62efa18e0d6d64e91984cf0625167,214389,15,,,,corpus LA_corpus_2026-09-21: from LA_ws_2026-09-21,2013-12-16,,,repealed
0.2.0,,la-la444-001,LA,https://laoofficialgazette.gov.la/kcfinder/upload/files/Urban Planning Law .pdf,2026-09-21T01:57:58Z,pdf_native,false,raw/la/la_444/20260921T0157Z__native.pdf,ກົດ​ໝາຍ​ວ່າ​ດ້ວຍ ຜັງເມືອງ,,,,requests,200,raw/la/la_444/20260921T0157Z__native.pdf.headers.json,application/pdf,6113b2fd560ad2bb5986728b4cf922f564c1eb7d80f089af99fb2fb47ae65776,227473,17,,,,corpus LA_corpus_2026-09-21: from LA_ws_2026-09-21,2013-12-16,,,repealed
0.2.0,,la-la445-001,LA,https://laoofficialgazette.gov.la/kcfinder/upload/files/ກົດ​ໝາຍ​ວ່າ​ດ້ວຍ ກະ​ສິ​ກຳ.pdf,2026-09-21T01:38:09Z,pdf_scanned,true,raw/la/la_445/20260921T0138Z__scanned.pdf,ກົດໝາຍວ່າດ້ວຍ ກະສິກຳ,,,,requests,200,raw/la/la_445/20260921T0138Z__scanned.pdf.headers.json,application/pdf,9f5dbac1518535165b32985fc380cfc696667f9247adff0fff4d2426467b7c75,10245724,22,,,,corpus LA_corpus_2026-09-21: from LA_ws_2026-09-21; flags no_text_layer,2013-12-16,,,in_force
0.2.0,,la-la446-001,LA,https://laoofficialgazette.gov.la/kcfinder/upload/files/Women's_Union Law.pdf,2026-09-21T06:58:33Z,pdf_native,false,raw/la/la_446/20260921T0658Z__native.pdf,ກົດໝາຍວ່າດ້ວຍ ສະຫະພັນແມ່ຍິງລາວ,,,,requests,200,raw/la/la_446/20260921T0658Z__native.pdf.headers.json,application/pdf,ac28659fece0b4b22ca5308d1d9a48eb321ee700b3c72e69ab9466d1887d102b,1251032,25,,,,corpus LA_corpus_2026-09-21: from LA_ws_2026-09-21_to_2026-09-21_2; flags no_text_layer,2013-12-17,,,ສະບັບເກົ່າ
0.2.0,,la-la447-001,LA,https://laoofficialgazette.gov.la/kcfinder/upload/files/ກົດ​ໝາຍ ວ່າ​ດ້ວຍ​ທຸ​ລະ​ກຳ​ທາງ​ເອ​ເລັກ​ໂຕ​ຣ​ນິກ.pdf,2026-09-21T00:36:28Z,pdf_scanned,true,raw/la/la_447/20260921T0036Z__scanned.pdf,ກົດໝາຍວ່າດ້ວຍ ທຸລະກຳທາງເອເລັກໂຕຣນິກ,,,,requests,200,raw/la/la_447/20260921T0036Z__scanned.pdf.headers.json,application/pdf,8b434274b20eb225c6855e6661f8a8babf2efd901093b3f1d6fb2352929dad96,3603883,26,,,,corpus LA_corpus_2026-09-21: from LA_ws_2026-09-21; flags no_text_layer,2013-12-18,,,repealed
0.2.0,,la-la450-001,LA,https://laoofficialgazette.gov.la/kcfinder/upload/files/ຂໍ້ຕົກລົງ ວ່າດ້ວຍລະບຽບການ ກ່ຽວກັບ ການຄຸ້ມຄອງກິດຈະການກໍ່ສ້າງທາງນໍ້າ ຢູ່ ສປປ ລາວ.pdf,2026-09-21T04:53:04Z,pdf_scanned,true,raw/la/la_450/20260921T0453Z__scanned.pdf,ຂໍ້ຕົກລົງ ວ່າດ້ວຍລະບຽບການ ກ່ຽວກັບ ການຄຸ້ມຄອງກິດຈະການກໍ່ສ້າງທາງນໍ້າ ຢູ່ ສປປ ລາວ,,,,requests,200,raw/la/la_450/20260921T0453Z__scanned.pdf.headers.json,application/pdf,573d22cdf33d00f760a40146ca94ddd0c8c7f9882dc0357a761ed3f611faa0ca,395061,19,,,,corpus LA_corpus_2026-09-21: from LA_ws_2026-09-21; flags no_text_layer,2013-12-24,,,in_force
0.2.0,,la-la451-001,LA,https://laoofficialgazette.gov.la/kcfinder/upload/files/ຂໍ້​ຕົກ​ລົງ​​​ ວ່າ​ດ້ວຍ​ ການ​ປົກ​ປັກ​ຮັກ​ສາ ແລະ ບູ​ລະ​ນະ​ທາງຫຼວງ.pdf,2026-09-21T04:53:12Z,pdf_scanned,true,raw/la/la_451/20260921T0453Z__scanned.pdf,ຂໍ້ຕົກລົງ ວ່າດ້ວຍ ການປົກປັກຮັກສາ ແລະ ບູລະນະທາງຫຼວງ,,,,requests,200,raw/la/la_451/20260921T0453Z__scanned.pdf.headers.json,application/pdf,6a2d4aa11417fc45ef2aabbebb6dab79b1c410e1cc0ffb8c5fe624cba3df0a09,369876,11,,,,corpus LA_corpus_2026-09-21: from LA_ws_2026-09-21; flags no_text_layer,2013-12-24,,,in_force
0.2.0,,la-la452-001,LA,https://laoofficialgazette.gov.la/kcfinder/upload/files/ດຳ​ລັດ​ວ່າ​ດ້ວຍກອງ​ທຶນ​ບູ​ລະ​ນະ​ຮັກ​ສາ​ທາງຫຼວງ.pdf,2026-09-21T02:40:30Z,pdf_scanned,true,raw/la/la_452/20260921T0240Z__scanned.pdf,ດຳລັດວ່າດ້ວຍ ກອງທຶນບູລະນະຮັກສາທາງຫຼວງ,,,,requests,200,raw/la/la_452/20260921T0240Z__scanned.pdf.headers.json,application/pdf,2e162c9727a46ec18317ba5f00ac138a57bc12d6a2c70e1a524c871e44c8ba79,1352692,9,,,,corpus LA_corpus_2026-09-21: from LA_ws_2026-09-21; flags no_text_layer,2013-12-24,,,repealed
0.2.0,,la-la456-001,LA,https://laoofficialgazette.gov.la/kcfinder/upload/files/Ministerial instruction on initial Environment examination of theinvesment projects.pdf,2026-09-21T05:26:03Z,pdf_native,false,raw/la/la_456/20260921T0526Z__native.pdf,ຄຳແນະນຳ ຂະບວນການສຶກສາເບື້ອງຕົ້ນ ກ່ຽວກັບ ຜົນກະທົບຕໍ່ສິ່ງແວດລ້ອມ ຈາກໂຄງການລົງທຶນ ແລະ ກິດຈະການຕ່າງໆ,,,,playwright,200,raw/la/la_456/20260921T0526Z__native.pdf.headers.json,application/pdf,9d84a5618bdc9b68f8b65fe5b494f29548dd699ef41a666777baa2ba8128950c,366025,22,,,,corpus LA_corpus_2026-09-21: from LA_ws_2026-09-21,2013-12-30,,,in_force
0.2.0,,la-la457-001,LA,https://laoofficialgazette.gov.la/kcfinder/upload/files/Ministerial instruction on Environment and Social impact Assessment of the invesment projects and activities.pdf,2026-09-21T05:25:56Z,pdf_native,false,raw/la/la_457/20260921T0525Z__native.pdf,ຄຳແນະນຳ ຂະບວນການປະເມີນຜົນກະທົບຕໍ່ສິ່ງແວດສັງຄົມ ແລະ ທຳມະຊາດ ຈາກໂຄງການລົງທຶນ ແລະ ກິດຈະການຕ່າງໆ,,,,requests,200,raw/la/la_457/20260921T0525Z__native.pdf.headers.json,application/pdf,7fa396d82a19467535822f47ba39473c469a3aecd48492516375624a0267ba31,391990,25,,,,corpus LA_corpus_2026-09-21: from LA_ws_2026-09-21,2013-12-30,,,in_force
0.2.0,,la-la458-001,LA,https://laoofficialgazette.gov.la/kcfinder/upload/files/1. Ministerial Decition on the Approval.pdf,2026-09-21T04:52:55Z,pdf_native,false,raw/la/la_458/20260921T0452Z__native.pdf,ຂໍ້ຕົກລົງ ວ່າດ້ວຍ ການຮັບຮອງ ແລະ ປະກາດໃຊ້ ບັນຊີໂຄງການລົງທຶນ ແລະ ກິດຈະການຕ່າງໆ ທີ່ຈະຕ້ອງດຳເນີນ ການສຶກສາເບື້ອງຕົ້ນ ກ່ຽວກັບ ຜົນກະທົບຕໍ່ສິ່ງແວດລ້ອມ ຫຼື ການປະເມີນຜົນກະທົບ ຕໍ່ສິ່ງແວດລ້ອມສັງຄົມ ແລະ ທຳມະຊາດ,,,,requests,200,raw/la/la_458/20260921T0452Z__native.pdf.headers.json,application/pdf,cdfce7184146e2fe8f00de4ff85abef6e21562be4f145c797c980734a74ea56f,437782,14,,,,corpus LA_corpus_2026-09-21: from LA_ws_2026-09-21,2013-12-30,,,in_force
0.2.0,,la-la459-001,LA,https://laoofficialgazette.gov.la/kcfinder/upload/files/1. ກົດໝາຍວ່າດ້ວຍ ການໂທລະຄົມມະນຄົມ.pdf,2026-09-21T00:36:04Z,pdf_scanned,true,raw/la/la_459/20260921T0036Z__scanned.pdf,ກົດໝາຍວ່າດ້ວຍ ການໂທລະຄົມມະນາຄົມ ( ສະບັບປັບປຸງ ),,,,requests,200,raw/la/la_459/20260921T0036Z__scanned.pdf.headers.json,application/pdf,3446b25a8af7f7d263ea4351e47198627c175f6d03c8f325240107ab3b011b92,2671861,27,,,,corpus LA_corpus_2026-09-21: from LA_ws_2026-09-21; flags no_text_layer,2014-01-06,,,repealed
0.2.0,,la-la460-001,LA,"https://laoofficialgazette.gov.la/kcfinder/upload/files/Managment and use internet, internet domain name application of Lao PDR Decree.pdf",2026-09-21T00:42:07Z,pdf_scanned,true,raw/la/la_460/20260921T0042Z__scanned.pdf,"ດຳລັດ ວ່າດ້ວຍ ການຄຸ້ມຄອງ ແລະ ການນຳໃຊ້ ອິນເຕີເນັດ, ລະຫັດຊື່ອິນເຕີເນັດ ຂອງ ສປປ ລາວ",,,,requests,200,raw/la/la_460/20260921T0042Z__scanned.pdf.headers.json,application/pdf,b1027b6b430fc5b54189bdbe1e388e8d774fff94e14d8c1e23196514cc86aad7,5002356,12,,,,corpus LA_corpus_2026-09-21: from LA_ws_2026-09-21; flags no_text_layer,2014-01-06,,,in_force
0.2.0,,la-la461-001,LA,https://laoofficialgazette.gov.la/kcfinder/upload/files/Free telephone Dicision.pdf,2026-09-21T05:03:52Z,pdf_scanned,true,raw/la/la_461/20260921T0503Z__scanned.pdf,ຂໍ້​ຕົກ​ລົງ ວ່າ​ດ້ວຍ ອັດ​ຕາ​ຄ່າ​ໂທ​ລະ​ສັບ,,,,requests,200,raw/la/la_461/20260921T0503Z__scanned.pdf.headers.json,application/pdf,2f5382a5691cf4560e75141f61a29fb683ccdd8a0665f9300912056ef1bca750,1235625,4,,,,corpus LA_corpus_2026-09-21: from LA_ws_2026-09-21; flags no_text_layer,2014-01-06,,,repealed
0.2.0,,la-la462-001,LA,https://laoofficialgazette.gov.la/kcfinder/upload/files/Free telecom number and internet domain name application Decision.pdf,2026-09-21T01:03:53Z,pdf_scanned,true,raw/la/la_462/20260921T0103Z__scanned.pdf,ຂໍ້ຕົກລົງ ວ່າດ້ວຍ ອັດຕາຄ່ານຳໃຊ້ ເລກໝາຍໂທລະຄົມ ແລະ ເລກລະຫັດອິນເຕີເນັດ,,,,requests,200,raw/la/la_462/20260921T0103Z__scanned.pdf.headers.json,application/pdf,cd6dac49de8476a31dd797412a57f588befb22ed4ea6df1e6e166936a37c3d71,1108222,4,,,,corpus LA_corpus_2026-09-21: from LA_ws_2026-09-21; flags no_text_layer,2014-01-06,,,in_force
0.2.0,,la-la463-001,LA,https://laoofficialgazette.gov.la/kcfinder/upload/files/Decrease free for radio frequency application Dicision.pdf,2026-09-21T01:03:59Z,pdf_scanned,true,raw/la/la_463/20260921T0103Z__scanned.pdf,ຂໍ້ຕົກລົງ ວ່າດ້ວຍ ການຫຼຸດອັດຕາ ຄ່ານຳໃຊ້ ຄື້ນຄວາມຖີ່ວິທະຍຸ,,,,requests,200,raw/la/la_463/20260921T0103Z__scanned.pdf.headers.json,application/pdf,24c3e2a56cfafaa33bf178781b6423cb6dfbb53552c3cfe6d734a21f31a337c5,288471,2,,,,corpus LA_corpus_2026-09-21: from LA_ws_2026-09-21; flags no_text_layer,2014-01-06,,,in_force
0.2.0,,la-la464-001,LA,https://laoofficialgazette.gov.la/kcfinder/upload/files/ດຳ​ລັດ​ວ່າ​ດ້ວຍ ການ​ຮັບ​ຮອງ​ເອົາ​ນະ​ໂຍ​ບາຍ ລາ​ຄາ​ນ້ຳ​ປະ​ປາ ຂອງ ສ​ປ​ປ ລາວ.pdf,2026-09-21T02:35:27Z,pdf_scanned,true,raw/la/la_464/20260921T0235Z__scanned.pdf,ດຳລັດ ວ່າດ້ວຍການຮັບຮອງເອົານະໂຍບາຍ ລາຄານ້ຳປະປາ ຂອງ ສປປ ລາວ,,,,requests,200,raw/la/la_464/20260921T0235Z__scanned.pdf.headers.json,application/pdf,8ba6912269afb5fd75b109b0ec0d0a500aa01d941f0f2b3f00405a59822664d9,26720,1,,,,corpus LA_corpus_2026-09-21: from LA_ws_2026-09-21; flags no_text_layer,2014-01-07,,,in_force
0.2.0,,la-la465-001,LA,https://laoofficialgazette.gov.la/kcfinder/upload/files/ຂໍ້​ຕົກ​ລົງ ​ຂອງ​ລັດ​ຖະ​ມົນ​ຕີ ກ່ຽວ​ກັບ ນະ​ໂຍ​ບາຍ​ລາ​ຄາ​ນ້ຳ​ປະ​ປາ ຂອງ ສ​ປ​ປ ລາວ.pdf,2026-09-21T05:03:45Z,pdf_scanned,true,raw/la/la_465/20260921T0503Z__scanned.pdf,ຂໍ້ຕົກລົງ ຂອງລັດຖະມົນຕີວ່າການ ກ່ຽວກັບ ນະໂຍບາຍລາຄານ້ຳປະປາ ຂອງ ສປປ ລາວ,,,,requests,200,raw/la/la_465/20260921T0503Z__scanned.pdf.headers.json,application/pdf,c6483dbd85cced81a8f36f0f990c5f462d39acea5143f7a5e704c44e1a81381d,276520,9,,,,corpus LA_corpus_2026-09-21: from LA_ws_2026-09-21; flags no_text_layer,2014-01-07,,,repealed
0.2.0,,la-la470-001,LA,https://laoofficialgazette.gov.la/kcfinder/upload/files/ຄຳ​ສັ່ງ ວ່າ​ດ້ວຍ​ການ​ຄຸ້ມ​ຄອງ​ເຂດ​ສະ​ຫງວນ​ຂອງ​ທາງຫຼວງ.pdf,2026-09-21T03:10:19Z,pdf_scanned,true,raw/la/la_470/20260921T0310Z__scanned.pdf,ຄຳສັ່ງ ວ່າດ້ວຍການຄຸ້ມຄອງເຂດສະຫງວນຂອງທາງຫຼວງ,,,,requests,200,raw/la/la_470/20260921T0310Z__scanned.pdf.headers.json,application/pdf,9a01ec3977f151b9f3fe5e8ee2bc9e0135ad90608c7a68b15f45ddc7b6b8f068,1771897,3,,,,corpus LA_corpus_2026-09-21: from LA_ws_2026-09-21; flags no_text_layer,2014-01-09,,,in_force
0.2.0,,la-la475-001,LA,https://laoofficialgazette.gov.la/kcfinder/upload/files/ຂໍ້​ຕົກ​ລົງ​ວ່າ​ດ້ວຍ​ການ​ຄຸ້ມ​ຄອງ​ສະ​ໜາມ​ກຳ​ຈັດ​ຂີ້​ເຫ​ຍື້ອ.pdf,2026-09-21T04:52:47Z,pdf_scanned,true,raw/la/la_475/20260921T0452Z__scanned.pdf,ຂໍ້ຕົກລົງວ່າດ້ວຍ ການຄຸ້ມຄອງສະໜາມກຳຈັດຂີ້ເຫຍື້ອ,,,,requests,200,raw/la/la_475/20260921T0452Z__scanned.pdf.headers.json,application/pdf,9444789afb2cf7213f73a9fe9f8c4bdaf62318b1950d7bc8ad0174de077fd482,6465389,14,,,,corpus LA_corpus_2026-09-21: from LA_ws_2026-09-21; flags no_text_layer,2014-01-09,,,in_force
0.2.0,,la-la476-001,LA,https://laoofficialgazette.gov.la/kcfinder/upload/files/ດຳ​ລັດ ວ່າ​ດ້ວຍ​ກາ​ນ​ດັດສົມ​ທຸ​ລະ​ກິດ​ນ້​າ​ປະ​ປາ.pdf,2026-09-21T02:35:17Z,pdf_scanned,true,raw/la/la_476/20260921T0235Z__scanned.pdf,ດຳລັດ ວ່າດ້ວຍການດັດສົມທຸລະກິດນ້າປະປາ,,,,requests,200,raw/la/la_476/20260921T0235Z__scanned.pdf.headers.json,application/pdf,bb563f2ebd640c3adc8da7055d7bddd99a32fc2e353990117205f005ba851e6c,3814836,10,,,,corpus LA_corpus_2026-09-21: from LA_ws_2026-09-21; flags no_text_layer,2014-01-09,,,in_force
0.2.0,,la-la477-001,LA,https://laoofficialgazette.gov.la/kcfinder/upload/files/ຂໍ້​ຕົກ​ລົງ ວ່າ​ດ້ວຍ ​ການ​ຄຸ້ມ​ຄອງ ແລະ ການ​ພັດ​ທະ​ນາ​ຂະ​ແໜງ​ນ້ຳ​ປະ​ປາ.pdf,2026-09-21T04:52:50Z,pdf_scanned,true,raw/la/la_477/20260921T0452Z__scanned.pdf,ຂໍ້ຕົກລົງ ວ່າດ້ວຍການຄຸ້ມຄອງ ແລະ ການພັດທະນາ ຂະແໜງນ້ຳປະປາ,,,,requests,200,raw/la/la_477/20260921T0452Z__scanned.pdf.headers.json,application/pdf,58e81225f11bcb342e2f80850947e9f513f2abf36f8f5ac62730d42bf8624576,3143050,7,,,,corpus LA_corpus_2026-09-21: from LA_ws_2026-09-21; flags no_text_layer,2014-01-09,,,in_force
0.2.0,,la-la478-001,LA,https://laoofficialgazette.gov.la/kcfinder/upload/files/ຂໍ້​ຕົກ​ລົງ ​ຂອງ​ລັດ​ຖະ​ມົນ​ຕີວ່າ​ການກ່ຽວ​ກັບ​ການ​ຄຸ້ມ​ຄອງ​ການ​ປຸກ​ສ້າງ.pdf,2026-09-21T05:03:42Z,pdf_scanned,true,raw/la/la_478/20260921T0503Z__scanned.pdf,ຂໍ້ຕົກລົງ ຂອງລັດຖະມົນຕີວ່າການ ກ່ຽວກັບ ການຄຸ້ມຄອງການປຸກສ້າງ,,,,playwright,200,raw/la/la_478/20260921T0503Z__scanned.pdf.headers.json,application/pdf,813a7e0bb7bbb4f55b557b347a9839471172a79be508c1a698841b45bd3d66de,5610572,12,,,,corpus LA_corpus_2026-09-21: from LA_ws_2026-09-21; flags no_text_layer,2014-01-09,,,repealed
0.2.0,,la-la479-001,LA,https://laoofficialgazette.gov.la/kcfinder/upload/files/ດຳລັດ ວ່າດ້ວຍການແຈ້ງຊັບສິນ.pdf,2026-09-21T02:35:02Z,pdf_scanned,true,raw/la/la_479/20260921T0235Z__scanned.pdf,ດຳລັດ ວ່າດ້ວຍການແຈ້ງຊັບສິນ,,,,requests,200,raw/la/la_479/20260921T0235Z__scanned.pdf.headers.json,application/pdf,ddde91cd91ae5e132a8fd1144e0474ee3f37c6e77f086c6797a608f46e74a816,3499099,11,,,,corpus LA_corpus_2026-09-21: from LA_ws_2026-09-21; flags no_text_layer,2014-01-16,,,in_force
0.2.0,,la-la480-001,LA,https://laoofficialgazette.gov.la/kcfinder/upload/files/Anti Corruption Law .pdf,2026-09-21T01:57:26Z,pdf_scanned,true,raw/la/la_480/20260921T0157Z__scanned.pdf,ກົດໝາຍວ່າດ້ວຍ ການຕ້ານການສໍ້ລາດບັງຫຼວງ ( ສະບັບປັບປຸງ ),,,,requests,200,raw/la/la_480/20260921T0157Z__scanned.pdf.headers.json,application/pdf,c81f5567a5de6a06b09b291efcabe3f4bc83e418c86441d441fe4e98fb82780c,3493893,26,,,,corpus LA_corpus_2026-09-21: from LA_ws_2026-09-21; flags no_text_layer,2014-01-16,,,repealed
0.2.0,,la-la483-001,LA,https://laoofficialgazette.gov.la/kcfinder/upload/files/Nationality Law .pdf,2026-09-21T00:35:58Z,pdf_scanned,true,raw/la/la_483/20260921T0035Z__scanned.pdf,ກົດໝາຍວ່າດ້ວຍ ສັນຊາດລາວ,,,,requests,200,raw/la/la_483/20260921T0035Z__scanned.pdf.headers.json,application/pdf,0eb7b401c70516e42e5bd6cfd81203f38dddd0d98bb0eb5f9559c7d8581f5325,2394694,10,,,,corpus LA_corpus_2026-09-21: from LA_ws_2026-09-21; flags no_text_layer,2014-02-03,,,repealed
0.2.0,,la-la484-001,LA,https://laoofficialgazette.gov.la/kcfinder/upload/files/Attorney law .pdf,2026-09-21T01:57:15Z,pdf_scanned,true,raw/la/la_484/20260921T0157Z__scanned.pdf,ກົດໝາຍວ່າດ້ວຍ ທະນາຍຄວາມ,,,,requests,200,raw/la/la_484/20260921T0157Z__scanned.pdf.headers.json,application/pdf,c891290d8d6db86667e8f4c8a3ff1b7ebd5ad2a80753f5d2e3d690c1b03a9e2d,4391813,24,,,,corpus LA_corpus_2026-09-21: from LA_ws_2026-09-21; flags no_text_layer,2014-02-03,,,repealed
0.2.0,,la-la485-001,LA,https://laoofficialgazette.gov.la/kcfinder/upload/files/Property Law .pdf,2026-09-21T01:56:53Z,pdf_native,false,raw/la/la_485/20260921T0156Z__native.pdf,ກົດໝາຍວ່າດ້ວຍ ກຳມະສິດ,,,,requests,200,raw/la/la_485/20260921T0156Z__native.pdf.headers.json,application/pdf,98dd1a9f9801d6937d52c60301535b67f00e30b61faaceafad9259d0c827813b,221090,20,,,,corpus LA_corpus_2026-09-21: from LA_ws_2026-09-21,2014-02-03,,,repealed
0.2.0,,la-la486-001,LA,https://laoofficialgazette.gov.la/kcfinder/upload/files/Family Law.pdf,2026-09-21T01:56:44Z,pdf_scanned,true,raw/la/la_486/20260921T0156Z__scanned.pdf,ກົດໝາຍວ່າດ້ວຍ ຄອບຄົວ ( ສະບັບປັບປຸງ ),,,,requests,200,raw/la/la_486/20260921T0156Z__scanned.pdf.headers.json,application/pdf,cf358ef6c1f1052bd6fe48dc9921e5250952346e460ed31d13c82420417018f5,1649248,23,,,,corpus LA_corpus_2026-09-21: from LA_ws_2026-09-21; flags no_text_layer,2014-02-03,,,repealed
0.2.0,,la-la487-001,LA,https://laoofficialgazette.gov.la/kcfinder/upload/files/Constitution of Lao PDR.pdf,2026-09-21T01:14:16Z,pdf_scanned,true,raw/la/la_487/20260921T0114Z__scanned.pdf,ລັດຖະທຳມະນູນ ແຫ່ງ ສາທາລະນະລັດ ປະຊາທິປະໄຕ ປະຊາຊົນລາວ,,,,requests,200,raw/la/la_487/20260921T0114Z__scanned.pdf.headers.json,application/pdf,b9e7dddb598e73ce3ebbef8dbd4ac876cbb3fa6cc8b2df50cfdde57b8a58f45e,3279749,23,,,,corpus LA_corpus_2026-09-21: from LA_ws_2026-09-21; flags no_text_layer,2014-02-04,,,repealed
0.2.0,,la-la488-001,LA,https://laoofficialgazette.gov.la/kcfinder/upload/files/National assembly oversight Law.pdf,2026-09-21T01:55:23Z,pdf_scanned,true,raw/la/la_488/20260921T0155Z__scanned.pdf,ກົດໝາຍວ່າດ້ວຍ ການຕິດຕາມກວດກາຂອງສະພາແຫ່ງຊາດ,,,,requests,200,raw/la/la_488/20260921T0155Z__scanned.pdf.headers.json,application/pdf,091a969e68100326f86d50810af7be7479188c4eef191201b44d6d96096fda17,4554694,30,,,,corpus LA_corpus_2026-09-21: from LA_ws_2026-09-21; flags no_text_layer,2014-02-04,,,repealed
0.2.0,,la-la489-001,LA,https://laoofficialgazette.gov.la/kcfinder/upload/files/Election of National Assembly law .pdf,2026-09-21T01:55:32Z,pdf_scanned,true,raw/la/la_489/20260921T0155Z__scanned.pdf,ກົດໝາຍວ່າດ້ວຍ ການເລືອກຕັ້ງສະມາຊິກສະພາແຫ່ງຊາດ,,,,requests,200,raw/la/la_489/20260921T0155Z__scanned.pdf.headers.json,application/pdf,3ecf75a2dbc9d15b95659e0051f946e96771938937db6282f4c7f2f8b9b41453,3134240,21,,,,corpus LA_corpus_2026-09-21: from LA_ws_2026-09-21; flags no_text_layer,2014-02-04,,,repealed
0.2.0,,la-la490-001,LA,https://laoofficialgazette.gov.la/kcfinder/upload/files/National assembly Law.pdf,2026-09-21T01:55:12Z,pdf_scanned,true,raw/la/la_490/20260921T0155Z__scanned.pdf,ກົດໝາຍວ່າດ້ວຍ ສະພາແຫ່ງຊາດ,,,,requests,200,raw/la/la_490/20260921T0155Z__scanned.pdf.headers.json,application/pdf,0bba66be100be912be3c46d6df22b9e33f543ff76af40245d50344e2465caa4a,6007387,33,,,,corpus LA_corpus_2026-09-21: from LA_ws_2026-09-21; flags no_text_layer,2014-02-04,,,repealed
0.2.0,,la-la491-001,LA,https://laoofficialgazette.gov.la/kcfinder/upload/files/Resolving  Complaints  Law .pdf,2026-09-21T01:56:35Z,pdf_scanned,true,raw/la/la_491/20260921T0156Z__scanned.pdf,ກົດໝາຍວ່າດ້ວຍ ການແກ້ໄຂຄຳຮ້ອງທຸກ,,,,requests,200,raw/la/la_491/20260921T0156Z__scanned.pdf.headers.json,application/pdf,0a9e3e320cd6856ec760cf3d6a1a654c4a30e41b1bab7bc6dc62d240b7ed08a0,3415925,18,,,,corpus LA_corpus_2026-09-21: from LA_ws_2026-09-21; flags no_text_layer,2014-02-04,,,repealed
0.2.0,,la-la492-001,LA,https://laoofficialgazette.gov.la/kcfinder/upload/files/State Audit law  .pdf,2026-09-21T01:56:38Z,pdf_scanned,true,raw/la/la_492/20260921T0156Z__scanned.pdf,ກົດໝາຍວ່າດ້ວຍ ການກວດສອບແຫ່ງລັດ ( ສະບັບປັບປຸງ ),,,,requests,200,raw/la/la_492/20260921T0156Z__scanned.pdf.headers.json,application/pdf,ecc8b8e67be255a31378ae61c6307b3be889f4f608c3e12558a44d6a649bff76,4938455,26,,,,corpus LA_corpus_2026-09-21: from LA_ws_2026-09-21; flags no_text_layer,2014-02-04,,,repealed
0.2.0,,la-la493-001,LA,https://laoofficialgazette.gov.la/kcfinder/upload/files/Mornitoring State Law .pdf,2026-09-21T01:56:21Z,pdf_scanned,true,raw/la/la_493/20260921T0156Z__scanned.pdf,ກົດໝາຍວ່າດ້ວຍ ການກວດກາລັດ,,,,requests,200,raw/la/la_493/20260921T0156Z__scanned.pdf.headers.json,application/pdf,c1f21646c2065bb6cfef7616a6ef11396328e8bb7dc5def6e1a56e0b4b2713d6,5843324,30,,,,corpus LA_corpus_2026-09-21: from LA_ws_2026-09-21; flags no_text_layer,2014-02-04,,,repealed
0.2.0,,la-la494-001,LA,https://laoofficialgazette.gov.la/kcfinder/upload/files/Local Administration  law .pdf,2026-09-21T01:54:14Z,pdf_scanned,true,raw/la/la_494/20260921T0154Z__scanned.pdf,ກົດໝາຍວ່າດ້ວຍ ການປົກຄອງທ້ອງຖິ່ນ,,,,requests,200,raw/la/la_494/20260921T0154Z__scanned.pdf.headers.json,application/pdf,46e20e1899819ff93bc4f51ee86e8489588efa94c5be21b26a09a38efe6a1589,3552583,24,,,,corpus LA_corpus_2026-09-21: from LA_ws_2026-09-21; flags no_text_layer,2014-02-05,,,repealed
0.2.0,,la-la495-001,LA,https://laoofficialgazette.gov.la/kcfinder/upload/files/Government of Lao PDR Law.pdf,2026-09-21T01:54:19Z,pdf_native,false,raw/la/la_495/20260921T0154Z__native.pdf,ກົດໝາຍວ່າດ້ວຍ ລັດຖະບານ ແຫ່ງ ສາທາລະນະລັດ ປະຊາທິປະໄຕ ປະຊາຊົນລາວ,,,,requests,200,raw/la/la_495/20260921T0154Z__native.pdf.headers.json,application/pdf,e9d279a836e6d30c136cf25d3c1ddcbfbb4914207a475380691cdc22211d0748,203235,15,,,,corpus LA_corpus_2026-09-21: from LA_ws_2026-09-21,2014-02-05,,,repealed
0.2.0,,la-la496-001,LA,https://laoofficialgazette.gov.la/kcfinder/upload/files/Civil Procedure Law .pdf,2026-09-21T01:54:45Z,pdf_scanned,true,raw/la/la_496/20260921T0154Z__scanned.pdf,ກົດໝາຍວ່າດ້ວຍ ການດຳເນີນຄະດີແພ່ງ ( ສະບັບປັບປຸງ ),,,,requests,200,raw/la/la_496/20260921T0154Z__scanned.pdf.headers.json,application/pdf,e78ecef90a3ebd170e33686f3fa2a0ae85b42a68967aa26c659094cc09fbfb10,19291178,118,,,,corpus LA_corpus_2026-09-21: from LA_ws_2026-09-21; flags no_text_layer,2014-02-05,,,repealed
0.2.0,,la-la497-001,LA,https://laoofficialgazette.gov.la/kcfinder/upload/files/Court Frees law .pdf,2026-09-21T01:54:47Z,pdf_scanned,true,raw/la/la_497/20260921T0154Z__scanned.pdf,ກົດໝາຍວ່າດ້ວຍ ຄ່າທຳນຽມສານ ( ສະບັບປັບປຸງ ),,,,requests,200,raw/la/la_497/20260921T0154Z__scanned.pdf.headers.json,application/pdf,57bd0d8b34d615e8f32a33defd133508d24861dd1e7af27e64c702e67e278c98,2952681,14,,,,corpus LA_corpus_2026-09-21: from LA_ws_2026-09-21; flags no_text_layer,2014-02-05,,,repealed
0.2.0,,la-la498-001,LA,https://laoofficialgazette.gov.la/kcfinder/upload/files/Court people Law .pdf,2026-09-21T01:54:58Z,pdf_scanned,true,raw/la/la_498/20260921T0154Z__scanned.pdf,ກົດໝາຍວ່າດ້ວຍ ສານປະຊາຊົນ ( ສະບັບປັບປຸງ ),,,,requests,200,raw/la/la_498/20260921T0154Z__scanned.pdf.headers.json,application/pdf,6b3cff6748d75a5783032c0c9ba88b36a9457d211e38d085c5ad13a1c599a431,5041002,28,,,,corpus LA_corpus_2026-09-21: from LA_ws_2026-09-21; flags no_text_layer,2014-02-05,,,repealed
0.2.0,,la-la500-001,LA,https://laoofficialgazette.gov.la/kcfinder/upload/files/Defense obligations Law .pdf,2026-09-21T01:37:26Z,pdf_scanned,true,raw/la/la_500/20260921T0137Z__scanned.pdf,ກົດໝາຍວ່າດ້ວຍ ພັນທະປ້ອງກັນຊາດ,,,,requests,200,raw/la/la_500/20260921T0137Z__scanned.pdf.headers.json,application/pdf,7b2e568406b3144bb18b83b83b3f66216f663b6ea34007669479a39620985312,4318345,25,,,,corpus LA_corpus_2026-09-21: from LA_ws_2026-09-21; flags no_text_layer,2014-02-07,,,in_force
0.2.0,,la-la501-001,LA,https://laoofficialgazette.gov.la/kcfinder/upload/files/Military army of Lao PDR  Law .pdf,2026-09-21T01:54:05Z,pdf_scanned,true,raw/la/la_501/20260921T0154Z__scanned.pdf,ກົດໝາຍວ່າດ້ວຍ ນາຍທະຫານກອງທັບປະຊາຊົນລາວ,,,,requests,200,raw/la/la_501/20260921T0154Z__scanned.pdf.headers.json,application/pdf,debb6f170fb17cdc428daf678b12e738ea01483897ffd042aff4572aa531b148,3157001,18,,,,corpus LA_corpus_2026-09-21: from LA_ws_2026-09-21; flags no_text_layer,2014-02-07,,,repealed
0.2.0,,la-la502-001,LA,https://laoofficialgazette.gov.la/kcfinder/upload/files/Postal Law( Amended ).pdf,2026-09-21T00:32:43Z,pdf_scanned,true,raw/la/la_502/20260921T0032Z__scanned.pdf,ກົດໝາຍວ່າດ້ວຍ ການໄປສະນີ ( ສະບັບປັບປຸງ ),,,,requests,200,raw/la/la_502/20260921T0032Z__scanned.pdf.headers.json,application/pdf,407efba52ee1a5de9bea48497732fe352a80ab2dbd65f8456c93988be4f52561,1582096,25,,,,corpus LA_corpus_2026-09-21: from LA_ws_2026-09-21; flags no_text_layer,2014-07-09,,,in_force
0.2.0,,la-la503-001,LA,https://laoofficialgazette.gov.la/kcfinder/upload/files/Development and Protection of Women Law.pdf,2026-09-21T01:54:01Z,pdf_scanned,true,raw/la/la_503/20260921T0154Z__scanned.pdf,ກົດໝາຍວ່າດ້ວຍ ການພັດທະນາ ແລະ ປົກປ້ອງແມ່ຍິງ,,,,requests,200,raw/la/la_503/20260921T0154Z__scanned.pdf.headers.json,application/pdf,2b25b862b5383215efbe0867bb0cc3b179b161ae224c516e94d1baf982818983,4120009,20,,,,corpus LA_corpus_2026-09-21: from LA_ws_2026-09-21; flags no_text_layer,2014-02-10,,,repealed
0.2.0,,la-la504-001,LA,https://laoofficialgazette.gov.la/kcfinder/upload/files/Unions Law .pdf,2026-09-21T01:53:51Z,pdf_scanned,true,raw/la/la_504/20260921T0153Z__scanned.pdf,ກົດໝາຍວ່າດ້ວຍ ກຳມະບານລາວ,,,,requests,200,raw/la/la_504/20260921T0153Z__scanned.pdf.headers.json,application/pdf,85507727e2fc8d3c4a9216799f60cb9076242df5d427174798a5b347bbe39ff2,4018225,21,,,,corpus LA_corpus_2026-09-21: from LA_ws_2026-09-21; flags no_text_layer,2014-02-10,,,repealed
0.2.0,,la-la505-001,LA,https://laoofficialgazette.gov.la/kcfinder/upload/files/Labour Law .pdf,2026-09-21T00:35:53Z,pdf_scanned,true,raw/la/la_505/20260921T0035Z__scanned.pdf,ກົດໝາຍວ່າດ້ວຍ ແຮງງານ (ສະບັບປັບປຸງ),,,,requests,200,raw/la/la_505/20260921T0035Z__scanned.pdf.headers.json,application/pdf,7fe2cdee1710230d7a18a9380c64e1304e2c5230c0eca7c3100fa5daaff9b4be,8649550,33,,,,corpus LA_corpus_2026-09-21: from LA_ws_2026-09-21; flags no_text_layer,2014-02-10,,,repealed
0.2.0,,la-la506-001,LA,https://laoofficialgazette.gov.la/kcfinder/upload/files/Sport -Physical activity Law  .pdf,2026-09-21T01:53:35Z,pdf_scanned,true,raw/la/la_506/20260921T0153Z__scanned.pdf,ກົດໝາຍວ່າດ້ວຍ ກິລາ-ກາຍຍະກຳ ( ສະບັບປັບປຸງ ),,,,requests,200,raw/la/la_506/20260921T0153Z__scanned.pdf.headers.json,application/pdf,79919572862a50881fdb2a71dbd29d902a11459549b0e32daf8cc4c67af44ae3,6483498,35,,,,corpus LA_corpus_2026-09-21: from LA_ws_2026-09-21; flags no_text_layer,2014-02-11,,,repealed
0.2.0,,la-la507-001,LA,https://laoofficialgazette.gov.la/kcfinder/upload/files/Education law .pdf,2026-09-21T01:53:47Z,pdf_scanned,true,raw/la/la_507/20260921T0153Z__scanned.pdf,ກົດໝາຍວ່າດ້ວຍ ການສຶກສາ,,,,requests,200,raw/la/la_507/20260921T0153Z__scanned.pdf.headers.json,application/pdf,c29e1f333e3309986027c35863bc19fd23ef2ec585973506d9984bf342ec0a79,9507908,25,,,,corpus LA_corpus_2026-09-21: from LA_ws_2026-09-21; flags no_text_layer,2014-02-11,,,repealed
0.2.0,,la-la508-001,LA,https://laoofficialgazette.gov.la/kcfinder/upload/files/Banking of Lao PDR Law .pdf,2026-09-21T00:35:22Z,pdf_native,false,raw/la/la_508/20260921T0035Z__native.pdf,ກົດໝາຍວ່າດ້ວຍ ທະນາຄານ ແຫ່ງ ສປປ ລາວ,,,,playwright,200,raw/la/la_508/20260921T0035Z__native.pdf.headers.json,application/pdf,f37bd398a8ca1c50abe6b29fa12dc2c3423f5fd54fbece9ddf0c6e2eeab64c63,222342,21,,,,corpus LA_corpus_2026-09-21: from LA_ws_2026-09-21,2014-02-11,,,repealed
0.2.0,,la-la509-001,LA,https://laoofficialgazette.gov.la/kcfinder/upload/files/Commercial Bank Law .pdf,2026-09-21T00:35:37Z,pdf_scanned,true,raw/la/la_509/20260921T0035Z__scanned.pdf,ກົດໝາຍວ່າດ້ວຍ ທະນາຄານທຸລະກິດ,,,,requests,200,raw/la/la_509/20260921T0035Z__scanned.pdf.headers.json,application/pdf,410f3cb8ae6384fa76249caea7cdb87540b4b0ca0917cefdeb0a8e0584d05379,5917220,36,,,,corpus LA_corpus_2026-09-21: from LA_ws_2026-09-21; flags no_text_layer,2014-02-11,,,repealed
0.2.0,,la-la510-001,LA,https://laoofficialgazette.gov.la/kcfinder/upload/files/Securities law .pdf,2026-09-21T00:35:46Z,pdf_scanned,true,raw/la/la_510/20260921T0035Z__scanned.pdf,ກົດໝາຍວ່າດ້ວຍ ຫຼັກຊັບ,,,,requests,200,raw/la/la_510/20260921T0035Z__scanned.pdf.headers.json,application/pdf,1eccf76c5262066d55cb18e33fc342aba2d3cf01d0266dde4006501ea5b1c14f,10423733,69,,,,corpus LA_corpus_2026-09-21: from LA_ws_2026-09-21; flags no_text_layer,2014-02-11,,,repealed
0.2.0,,la-la511-001,LA,https://laoofficialgazette.gov.la/kcfinder/upload/files/Suppression and anti handbag Law .pdf,2026-09-21T01:51:21Z,pdf_scanned,true,raw/la/la_511/20260921T0151Z__scanned.pdf,ກົດໝາຍວ່າດ້ວຍ ການສະກັດກັ້ນ ແລະ ຕ້ານອັກຄີໄພ,,,,requests,200,raw/la/la_511/20260921T0151Z__scanned.pdf.headers.json,application/pdf,68b79afcfd06c361e27212d3dd650aa39f2802729dc2449cf071e35b7a2ea271,4868997,26,,,,corpus LA_corpus_2026-09-21: from LA_ws_2026-09-21; flags no_text_layer,2014-02-12,,,repealed
0.2.0,,la-la512-001,LA,https://laoofficialgazette.gov.la/kcfinder/upload/files/Drug Law.pdf,2026-09-21T01:37:21Z,pdf_scanned,true,raw/la/la_512/20260921T0137Z__scanned.pdf,ກົດໝາຍວ່າດ້ວຍ ຢາເສບຕິດ,,,,requests,200,raw/la/la_512/20260921T0137Z__scanned.pdf.headers.json,application/pdf,92a308fb5914052afcf12d4a29402bd6b2d241878adc9ba6db6675089e7a8ef3,4853092,26,,,,corpus LA_corpus_2026-09-21: from LA_ws_2026-09-21; flags no_text_layer,2014-02-12,,,in_force
0.2.0,,la-la513-001,LA,https://laoofficialgazette.gov.la/kcfinder/upload/files/Security forces Law .pdf,2026-09-21T01:51:29Z,pdf_scanned,true,raw/la/la_513/20260921T0151Z__scanned.pdf,ກົດໝາຍວ່າດ້ວຍ ກຳລັງປ້ອງກັນຄວາມສະຫງົບປະຊາຊົນ,,,,requests,200,raw/la/la_513/20260921T0151Z__scanned.pdf.headers.json,application/pdf,4f88c890159cdf320e612b8951ce0c0dde6fa44e9ee14360ed876da977df7043,4930350,26,,,,corpus LA_corpus_2026-09-21: from LA_ws_2026-09-21; flags no_text_layer,2014-02-12,,,repealed
0.2.0,,la-la514-001,LA,https://laoofficialgazette.gov.la/kcfinder/upload/files/Lao Front For National Construction Law .pdf,2026-09-21T01:51:34Z,pdf_scanned,true,raw/la/la_514/20260921T0151Z__scanned.pdf,ກົດໝາຍວ່າດ້ວຍ ແນວລາວສ້າງຊາດ,,,,requests,200,raw/la/la_514/20260921T0151Z__scanned.pdf.headers.json,application/pdf,b93a416e3a3e0579d929198887b2fff7daec6f25f221dc5d79ded7d8cb15918d,3828928,21,,,,corpus LA_corpus_2026-09-21: from LA_ws_2026-09-21; flags no_text_layer,2014-02-12,,,repealed
0.2.0,,la-la516-001,LA,https://laoofficialgazette.gov.la/kcfinder/upload/files/The young people's revolution Law.pdf,2026-09-21T06:58:32Z,pdf_scanned,true,raw/la/la_516/20260921T0658Z__scanned.pdf,ກົດໝາຍວ່າດ້ວຍ ຄະນະຊາວໜຸ່ມປະຊາຊົນປະຕິວັດລາວ,,,,requests,200,raw/la/la_516/20260921T0658Z__scanned.pdf.headers.json,application/pdf,0e9861efa834f6ad5b6190e43754ea1437c79997b5cfc55b2a5fdef289be006b,3958555,22,,,,corpus LA_corpus_2026-09-21: from LA_ws_2026-09-21_to_2026-09-21_2; flags no_text_layer,2014-02-12,,,ສະບັບເກົ່າ
0.2.0,,la-la517-001,LA,https://laoofficialgazette.gov.la/kcfinder/upload/files/Promotion of Investment Law .pdf,2026-09-21T01:52:14Z,pdf_scanned,true,raw/la/la_517/20260921T0152Z__scanned.pdf,ກົດໝາຍວ່າດ້ວຍ ການສົ່ງເສີມການລົງທຶນ,,,,requests,200,raw/la/la_517/20260921T0152Z__scanned.pdf.headers.json,application/pdf,3f8eb336dc94a0d4b118f9f654aebd5efe30709b6604a5c3b57e68901c5f2cb3,6779884,40,,,,corpus LA_corpus_2026-09-21: from LA_ws_2026-09-21; flags no_text_layer,2014-02-12,,,repealed
0.2.0,,la-la518-001,LA,https://laoofficialgazette.gov.la/kcfinder/upload/files/State investment law .pdf,2026-09-21T01:52:29Z,pdf_scanned,true,raw/la/la_518/20260921T0152Z__scanned.pdf,ກົດໝາຍວ່າດ້ວຍ ການລົງທຶນຂອງລັດ,,,,playwright,200,raw/la/la_518/20260921T0152Z__scanned.pdf.headers.json,application/pdf,7aca10db58446b1243975f64731a3a0c4e0cabe2c4a7e8be70a9d7960d909c33,5668063,31,,,,corpus LA_corpus_2026-09-21: from LA_ws_2026-09-21; flags no_text_layer,2014-02-12,,,repealed
0.2.0,,la-la519-001,LA,https://laoofficialgazette.gov.la/kcfinder/upload/files/Statistics Law .pdf,2026-09-21T01:52:40Z,pdf_scanned,true,raw/la/la_519/20260921T0152Z__scanned.pdf,ກົດ​ໝາຍວ່າ​ດ້ວຍ ສະ​ຖິ​ຕິ,,,,requests,200,raw/la/la_519/20260921T0152Z__scanned.pdf.headers.json,application/pdf,ad045e24928c6293a2eadc6965db5c6697e1bdf93b157b64efcd9265ae786b6c,5187085,28,,,,corpus LA_corpus_2026-09-21: from LA_ws_2026-09-21; flags no_text_layer,2014-02-12,,,repealed
0.2.0,,la-la520-001,LA,https://laoofficialgazette.gov.la/kcfinder/upload/files/Electricity Law .pdf,2026-09-21T01:52:55Z,pdf_scanned,true,raw/la/la_520/20260921T0152Z__scanned.pdf,ກົດ​ໝາຍວ່າ​ດ້ວຍ​ ໄຟ​ຟ້າ ( ສະບັບປັບປຸງ ),,,,requests,200,raw/la/la_520/20260921T0152Z__scanned.pdf.headers.json,application/pdf,2b5a52ceb9056a541d9c76b91c465c0e1579007adff97e8aebcfcfe5298b4dc8,5916054,32,,,,corpus LA_corpus_2026-09-21: from LA_ws_2026-09-21; flags no_text_layer,2014-02-12,,,repealed
0.2.0,,la-la521-001,LA,https://laoofficialgazette.gov.la/kcfinder/upload/files/Mineral Law .pdf,2026-09-21T01:53:01Z,pdf_scanned,true,raw/la/la_521/20260921T0153Z__scanned.pdf,ກົດໝາຍວ່າດ້ວຍ ແຮ່ທາດ ( ສະບັບປັບປຸງ ),,,,requests,200,raw/la/la_521/20260921T0153Z__scanned.pdf.headers.json,application/pdf,85480a43e4b3bba4c3d6c5a172f94c7a02c63aaa12d82f79ab015eb2731065e2,7702263,46,,,,corpus LA_corpus_2026-09-21: from LA_ws_2026-09-21; flags no_text_layer,2014-02-12,,,repealed
0.2.0,,la-la522-001,LA,https://laoofficialgazette.gov.la/kcfinder/upload/files/Water and water  Resourse Law  .pdf,2026-09-21T01:53:11Z,pdf_native,false,raw/la/la_522/20260921T0153Z__native.pdf,ກົດໝາຍວ່າດ້ວຍ ນ້ຳ-ຊັບພະຍາກອນແຫຼ່ງນ້ຳ,,,,requests,200,raw/la/la_522/20260921T0153Z__native.pdf.headers.json,application/pdf,d4311c775ae1d37939354f93208f1f7e2eb17b50ac1edd3054e50271e726925f,215421,17,,,,corpus LA_corpus_2026-09-21: from LA_ws_2026-09-21,2014-02-12,,,repealed
0.2.0,,la-la523-001,LA,https://laoofficialgazette.gov.la/kcfinder/upload/files/Environmental Protection  Law.pdf,2026-09-21T01:53:28Z,pdf_scanned,true,raw/la/la_523/20260921T0153Z__scanned.pdf,ກົດໝາຍວ່າດ້ວຍ ການປົກປັກຮັກສາສິ່ງແວດລ້ອມ ( ສະບັບປັບປຸງ ),,,,requests,200,raw/la/la_523/20260921T0153Z__scanned.pdf.headers.json,application/pdf,696285a469d8e2798f2f9b3be72727fbd06635f1f8fd9577874f72f310fdd64d,6838679,36,,,,corpus LA_corpus_2026-09-21: from LA_ws_2026-09-21; flags no_text_layer,2014-02-12,,,repealed
0.2.0,,la-la524-001,LA,https://laoofficialgazette.gov.la/kcfinder/upload/files/Desision no 2526.pdf,2026-09-21T04:52:34Z,pdf_scanned,true,raw/la/la_524/20260921T0452Z__scanned.pdf,ຂໍ້ຕົກລົງ ວ່າດ້ວຍການຄຸ້ມຄອງຕົວແທນຂາຍປີ້ເຮືອບິນ ແລະ ຈອງບ່ອນໂດຍສານທາງອາກາດ,,,,playwright,200,raw/la/la_524/20260921T0452Z__scanned.pdf.headers.json,application/pdf,9195fe3787480d2bf189bd0c5818f298982de8bc784173e475a2d836e6b3d9c1,2638963,11,,,,corpus LA_corpus_2026-09-21: from LA_ws_2026-09-21; flags no_text_layer,2014-02-12,,,in_force
0.2.0,,la-la525-001,LA,https://laoofficialgazette.gov.la/kcfinder/upload/files/Desision no 7737.pdf,2026-09-21T04:52:21Z,pdf_scanned,true,raw/la/la_525/20260921T0452Z__scanned.pdf,"ຂໍ້ຕົກລົງ ວ່າດ້ວຍລະບຽບການ ກ່ຽວກັບ ການຂຸດຄົ້ນ ຫີນແຮ່, ຊາຍ ແລະ ດິນດຳ ຕາມແມ່ນໍ້າຂອງ ແລະ ແມ່ນໍ້າຕ່າງໆ ຢູ່ ສປປ ລາວ",,,,requests,200,raw/la/la_525/20260921T0452Z__scanned.pdf.headers.json,application/pdf,327b48f08be5c4e391554c49bb2ee8d3b5bdcf3afec1eaf27c6716a3283afe56,397681,16,,,,corpus LA_corpus_2026-09-21: from LA_ws_2026-09-21; flags no_text_layer,2014-02-13,,,in_force
0.2.0,,la-la526-001,LA,https://laoofficialgazette.gov.la/kcfinder/upload/files/Desision no 5064.pdf,2026-09-21T04:52:27Z,pdf_scanned,true,raw/la/la_526/20260921T0452Z__scanned.pdf,ຂໍ້ຕົກລົງ ວ່າດ້ວຍການອະນຸມັດນ້ຳໜັກລວມສູງສຸດ ຂອງລົດບັນທຸກ ( ລົດລາກ ) 22 ລໍ້ 6 ເພົາ,,,,requests,200,raw/la/la_526/20260921T0452Z__scanned.pdf.headers.json,application/pdf,da1e3ce1ad0be73f7222d2ac04e26df10cd0a8f4911e0d46ff6fcce076a6629e,404330,1,,,,corpus LA_corpus_2026-09-21: from LA_ws_2026-09-21; flags no_text_layer,2014-02-13,,,in_force
0.2.0,,la-la527-001,LA,https://laoofficialgazette.gov.la/kcfinder/upload/files/Decree no 188 .pdf,2026-09-21T02:40:22Z,pdf_scanned,true,raw/la/la_527/20260921T0240Z__scanned.pdf,"ດຳລັດ ວ່າດ້ວຍການປັບໃໝ ແລະ ມາດຕະການຕ່າງໆ ຕໍ່ຜູ່ລະເມີດ ລະບຽບກົດໝາຍ ກ່ຽວກັບ ການຈະລາຈອນທາງບົກ, ການຂົນສົ່ງທາງບົກ ແລະການປົກປັກຮັກສາ ທາງຫຼວງ",,,,requests,200,raw/la/la_527/20260921T0240Z__scanned.pdf.headers.json,application/pdf,13a8839965a26e921b559b291402767e00119811bca6f292f6a4902bf7047a32,862734,18,,,,corpus LA_corpus_2026-09-21: from LA_ws_2026-09-21; flags no_text_layer,2014-02-13,,,repealed
0.2.0,,la-la528-001,LA,https://laoofficialgazette.gov.la/kcfinder/upload/files/Law on National Heritage ( Amended ) .pdf,2026-09-21T01:45:33Z,pdf_scanned,true,raw/la/la_528/20260921T0145Z__scanned.pdf,ກົດໝາຍວ່າດ້ວຍ ມໍຣະດົກແຫ່ງຊາດ (ສະບັບປັບປຸງ),,,,requests,200,raw/la/la_528/20260921T0145Z__scanned.pdf.headers.json,application/pdf,55e11a2d643552741218d4812f6bd83a48bb9a5a241049ab37f7c331cb75f9f6,1876852,32,,,,corpus LA_corpus_2026-09-21: from LA_ws_2026-09-21; flags no_text_layer,2014-07-11,,,repealed
0.2.0,,la-la529-001,LA,https://laoofficialgazette.gov.la/kcfinder/upload/files/Tourism  Law.pdf,2026-09-21T01:51:09Z,pdf_scanned,true,raw/la/la_529/20260921T0151Z__scanned.pdf,ກົດໝາຍວ່າດ້ວຍ ການທ່ອງທ່ຽວ ( ສະບັບປັບປຸງ ),,,,requests,200,raw/la/la_529/20260921T0151Z__scanned.pdf.headers.json,application/pdf,857b60137fe0f87574ea41a702bfcd74f1e99f5d20670b9038829cbf928593b7,5412522,33,,,,corpus LA_corpus_2026-09-21: from LA_ws_2026-09-21; flags no_text_layer,2014-02-14,,,repealed
0.2.0,,la-la530-001,LA,https://laoofficialgazette.gov.la/kcfinder/upload/files/Media Law .pdf,2026-09-21T00:35:16Z,pdf_scanned,true,raw/la/la_530/20260921T0035Z__scanned.pdf,ກົດໝາຍວ່າດ້ວຍ ສື່ມວນຊົນ,,,,requests,200,raw/la/la_530/20260921T0035Z__scanned.pdf.headers.json,application/pdf,4703f00b3ecc1aba4f9f63b70d46a54b785893dd24f849471b1ab37cdb84c404,4695138,24,,,,corpus LA_corpus_2026-09-21: from LA_ws_2026-09-21; flags no_text_layer,2014-02-14,,,repealed
0.2.0,,la-la531-001,LA,https://laoofficialgazette.gov.la/kcfinder/upload/files/Publishing LAW .pdf,2026-09-21T01:51:13Z,pdf_scanned,true,raw/la/la_531/20260921T0151Z__scanned.pdf,ກົດໝາຍວ່າດ້ວຍ ການພິມຈຳໜ່າຍ,,,,requests,200,raw/la/la_531/20260921T0151Z__scanned.pdf.headers.json,application/pdf,a0a1c9989a1aa77d0aaca482e98f3fa37a4fcb8c9a0418fb93485c44aed0ac23,4576563,24,,,,corpus LA_corpus_2026-09-21: from LA_ws_2026-09-21; flags no_text_layer,2014-02-14,,,repealed
0.2.0,,la-la532-001,LA,https://laoofficialgazette.gov.la/kcfinder/upload/files/Library Law.pdf,2026-09-21T01:37:16Z,pdf_scanned,true,raw/la/la_532/20260921T0137Z__scanned.pdf,ກົດໝາຍວ່າດ້ວຍ ຫໍສະໝຸດ,,,,requests,200,raw/la/la_532/20260921T0137Z__scanned.pdf.headers.json,application/pdf,bda05fe165fabc19406f897ee494851cf7c3fd09bbfab083ddfd9c088864e94b,3688411,21,,,,corpus LA_corpus_2026-09-21: from LA_ws_2026-09-21; flags no_text_layer,2014-02-14,,,in_force
0.2.0,,la-la533-001,LA,https://laoofficialgazette.gov.la/kcfinder/upload/files/Curative Law .pdf,2026-09-21T00:35:12Z,pdf_scanned,true,raw/la/la_533/20260921T0035Z__scanned.pdf,ກົດໝາຍວ່າດ້ວຍ ການປິ່ນປົວ,,,,requests,200,raw/la/la_533/20260921T0035Z__scanned.pdf.headers.json,application/pdf,6e105e1f887e700805f99ccd023c790ec66c11b26acbcb1cf40c8b384390022c,3678707,21,,,,corpus LA_corpus_2026-09-21: from LA_ws_2026-09-21; flags no_text_layer,2014-02-17,,,repealed
0.2.0,,la-la534-001,LA,https://laoofficialgazette.gov.la/kcfinder/upload/files/Tobacco Control  Law .pdf,2026-09-21T01:50:57Z,pdf_scanned,true,raw/la/la_534/20260921T0150Z__scanned.pdf,ກົດໝາຍວ່າດ້ວຍ ການຄວບຄຸມຢາສູບ,,,,requests,200,raw/la/la_534/20260921T0150Z__scanned.pdf.headers.json,application/pdf,b07083d2d07d270be57b6154c62f364691995723d660d795390eb2e9c46497c9,4115345,25,,,,corpus LA_corpus_2026-09-21: from LA_ws_2026-09-21; flags no_text_layer,2014-02-17,,,repealed
0.2.0,,la-la535-001,LA,"https://laoofficialgazette.gov.la/kcfinder/upload/files/HIV suppression below, AIDS  Law  .pdf",2026-09-21T01:50:45Z,pdf_scanned,true,raw/la/la_535/20260921T0150Z__scanned.pdf,ກົດໝາຍວ່າດ້ວຍ ການສະກັດກັ້ນ ແລະ ຕ້ານເຊື້ອເຮສໄອວີ/ພະຍາດເອດ,,,,requests,200,raw/la/la_535/20260921T0150Z__scanned.pdf.headers.json,application/pdf,325617270091663564c8a0329dae56dee624f45a12f84514e9a9165f8b52d32c,4922535,25,,,,corpus LA_corpus_2026-09-21: from LA_ws_2026-09-21; flags no_text_layer,2014-02-17,,,repealed
0.2.0,,la-la536-001,LA,https://laoofficialgazette.gov.la/kcfinder/upload/files/Measure Law .pdf,2026-09-21T01:36:00Z,pdf_scanned,true,raw/la/la_536/20260921T0136Z__scanned.pdf,ກົດໝາຍວ່າດ້ວຍ ການວັດແທກ ( ສະບັບປັບປຸງ ),,,,playwright,200,raw/la/la_536/20260921T0136Z__scanned.pdf.headers.json,application/pdf,43170fc99fe0861b4cecec2dc7f64ed40b145ad5d48ea7ab594a266d1d85ece7,2321251,24,,,,corpus LA_corpus_2026-09-21: from LA_ws_2026-09-21; flags no_text_layer,2014-05-02,,,in_force
0.2.0,,la-la537-001,LA,https://laoofficialgazette.gov.la/kcfinder/upload/files/Standard Law .pdf,2026-09-21T01:50:35Z,pdf_scanned,true,raw/la/la_537/20260921T0150Z__scanned.pdf,ກົດໝາຍວ່າດ້ວຍ ມາດຕະຖານ,,,,requests,200,raw/la/la_537/20260921T0150Z__scanned.pdf.headers.json,application/pdf,af17b6bec0b0908dd90d4ccc5bd09c3ae77e32ab41be74f4299b0287544eae9b,5807598,31,,,,corpus LA_corpus_2026-09-21: from LA_ws_2026-09-21; flags no_text_layer,2014-02-17,,,repealed
0.2.0,,la-la538-001,LA,https://laoofficialgazette.gov.la/kcfinder/upload/files/Radio frequency Decree  .pdf,2026-09-21T00:41:59Z,pdf_scanned,true,raw/la/la_538/20260921T0041Z__scanned.pdf,ດຳລັດວ່າດ້ວຍ ຄື້ນຄວາມຖີ່,,,,requests,200,raw/la/la_538/20260921T0041Z__scanned.pdf.headers.json,application/pdf,1684d198a77407af35058a15e0505305165c945bcd4e87289dbe572875339a32,3239159,23,,,,corpus LA_corpus_2026-09-21: from LA_ws_2026-09-21; flags no_text_layer,2014-02-18,,,in_force
0.2.0,,la-la539-001,LA,https://laoofficialgazette.gov.la/kcfinder/upload/files/Instruction on development and ICT application in Lao PDR .pdf,2026-09-21T00:45:07Z,pdf_scanned,true,raw/la/la_539/20260921T0045Z__scanned.pdf,ຄຳສັ່ງແນະນຳ ກ່ຽວກັບ ການພັດທະນາ ແລະ ການນຳໃຊ້ ເຕັກໂນໂລຢີ ການຂ່າວສານ ຢູ່ໃນ ສປປ ລາວ,,,,requests,200,raw/la/la_539/20260921T0045Z__scanned.pdf.headers.json,application/pdf,2583608d2370ad82f9352450b21a3bbc667fd1ba5831281ec17363fa5773065d,235122,8,,,,corpus LA_corpus_2026-09-21: from LA_ws_2026-09-21; flags no_text_layer,2014-02-18,,,in_force
0.2.0,,la-la540-001,LA,https://laoofficialgazette.gov.la/kcfinder/upload/files/Handicraft Law .pdf,2026-09-21T01:36:46Z,pdf_scanned,true,raw/la/la_540/20260921T0136Z__scanned.pdf,ກົດໝາຍວ່າດ້ວຍ ຫັດຖະກຳ,,,,playwright,200,raw/la/la_540/20260921T0136Z__scanned.pdf.headers.json,application/pdf,6f53e3bf124eed9e770d1e4a98119c85b61020c01b3e921a120c84e0eb27e971,2542520,21,,,,corpus LA_corpus_2026-09-21: from LA_ws_2026-09-21; flags no_text_layer,2014-02-18,,,in_force
0.2.0,,la-la542-001,LA,https://laoofficialgazette.gov.la/kcfinder/upload/files/The bankruptcy of enterprises Law .pdf,2026-09-21T01:50:23Z,pdf_native,false,raw/la/la_542/20260921T0150Z__native.pdf,ກົດໝາຍວ່າດ້ວຍ ການລົ້ມລະລາຍຂອງວິສາຫະກິດ,,,,requests,200,raw/la/la_542/20260921T0150Z__native.pdf.headers.json,application/pdf,852cdc3663a913649282740053dcdfd6f2c6f24bbc1883e5e0b3e7ac429753cc,185870,17,,,,corpus LA_corpus_2026-09-21: from LA_ws_2026-09-21,2014-02-18,,,repealed
0.2.0,,la-la543-001,LA,https://laoofficialgazette.gov.la/kcfinder/upload/files/The Industrial Processing  Law ( Amended ) .pdf,2026-09-21T01:35:42Z,pdf_scanned,true,raw/la/la_543/20260921T0135Z__scanned.pdf,ກົດໝາຍວ່າດ້ວຍ ອຸດສາຫະກຳປຸງແຕ່ງ (ສະບັບປັບປຸງ),,,,requests,200,raw/la/la_543/20260921T0135Z__scanned.pdf.headers.json,application/pdf,e6ee74804a5fadf67abbb5476577d3c2144f1c96f67a3c4d0c506f7834921f44,2998635,27,,,,corpus LA_corpus_2026-09-21: from LA_ws_2026-09-21; flags no_text_layer,2014-07-11,,,in_force
0.2.0,,la-la544-001,LA,https://laoofficialgazette.gov.la/kcfinder/upload/files/Promoting enterprise and small and medium Law.pdf,2026-09-21T01:50:13Z,pdf_scanned,true,raw/la/la_544/20260921T0150Z__scanned.pdf,ກົດໝາຍວ່າດ້ວຍ ການສົ່ງເສີມວິສາຫະກິດຂະໜາດນ້ອຍ ແລະ ຂະໜາດກາງ,,,,requests,200,raw/la/la_544/20260921T0150Z__scanned.pdf.headers.json,application/pdf,d172431ff649cdc92ac65f7076dbcd19b176b3ebd62e4e3bf430a1cdeb44ac32,2838045,19,,,,corpus LA_corpus_2026-09-21: from LA_ws_2026-09-21; flags no_text_layer,2014-02-18,,,repealed
0.2.0,,la-la545-001,LA,https://laoofficialgazette.gov.la/kcfinder/upload/files/Protecting consumers Law .pdf,2026-09-21T01:36:56Z,pdf_scanned,true,raw/la/la_545/20260921T0136Z__scanned.pdf,ກົດໝາຍວ່າດ້ວຍ ການປົກປ້ອງຜູ້ຊົມໃຊ້,,,,requests,200,raw/la/la_545/20260921T0136Z__scanned.pdf.headers.json,application/pdf,61da734c4202753516d89e02108d408c37c96fc575be9e0f92b8d23985b853d8,3535093,25,,,,corpus LA_corpus_2026-09-21: from LA_ws_2026-09-21; flags no_text_layer,2014-02-18,,,in_force
0.2.0,,la-la546-001,LA,https://laoofficialgazette.gov.la/kcfinder/upload/files/Intellectual Property law .pdf,2026-09-21T00:35:03Z,pdf_scanned,true,raw/la/la_546/20260921T0035Z__scanned.pdf,ກົດໝາຍວ່າດ້ວຍ ຊັບສິນທາງປັນຍາ,,,,requests,200,raw/la/la_546/20260921T0035Z__scanned.pdf.headers.json,application/pdf,21f2081d810d9468ec9dbddcbfa22bf455416d956e3ba84b8ad0923d19ff45f3,13205637,76,,,,corpus LA_corpus_2026-09-21: from LA_ws_2026-09-21; flags no_text_layer,2014-02-18,,,repealed
0.2.0,,la-la547-001,LA,https://laoofficialgazette.gov.la/kcfinder/upload/files/Land Law.pdf,2026-09-21T01:46:38Z,pdf_native,false,raw/la/la_547/20260921T0146Z__native.pdf,ກົດໝາຍວ່າດ້ວຍ ທີ່ດິນ ( ສະບັບປັບປຸງ ),,,,requests,200,raw/la/la_547/20260921T0146Z__native.pdf.headers.json,application/pdf,fed18900d984c2775a5911ba4b26367738cecede69d650beff95960768195659,345775,27,,,,corpus LA_corpus_2026-09-21: from LA_ws_2026-09-21,2014-02-21,,,repealed
0.2.0,,la-la548-001,LA,https://laoofficialgazette.gov.la/kcfinder/upload/files/The brown guaranteed performance contracts  Law.pdf,2026-09-21T01:36:14Z,pdf_native,false,raw/la/la_548/20260921T0136Z__native.pdf,ກົດໝາຍວ່າດ້ວຍ ການຄໍ້າປະກັນ ການປະຕິບັດສັນຍາ ( ສະບັບປັບປຸງ ),,,,requests,200,raw/la/la_548/20260921T0136Z__native.pdf.headers.json,application/pdf,378e1a996076ffdac311b911b2ab530af4ebabccaae23416a827037e32d7158f,205866,13,,,,corpus LA_corpus_2026-09-21: from LA_ws_2026-09-21,2014-02-21,,,in_force
0.2.0,,la-la549-001,LA,https://laoofficialgazette.gov.la/kcfinder/upload/files/Insurance Law.pdf,2026-09-21T00:34:19Z,pdf_scanned,true,raw/la/la_549/20260921T0034Z__scanned.pdf,ກົດໝາຍວ່າດ້ວຍ ການປະກັນໄພ ( ສະບັບປັບປຸງ ),,,,requests,200,raw/la/la_549/20260921T0034Z__scanned.pdf.headers.json,application/pdf,bc0490f2d80241532c1344a9f9ddc20fec5dacae4b52388bb2119b253e9754a2,7216845,43,,,,corpus LA_corpus_2026-09-21: from LA_ws_2026-09-21; flags no_text_layer,2014-02-21,,,repealed
0.2.0,,la-la550-001,LA,https://laoofficialgazette.gov.la/kcfinder/upload/files/State budget Law .pdf,2026-09-21T01:46:36Z,pdf_scanned,true,raw/la/la_550/20260921T0146Z__scanned.pdf,ກົດໝາຍວ່າດ້ວຍ ງົບປະມານແຫ່ງລັດ,,,,requests,200,raw/la/la_550/20260921T0146Z__scanned.pdf.headers.json,application/pdf,0945a2b88bb9b8b7bd1355faac9ebfdfa5017e54c46dc0bb82cf8900e1e44ae4,6783057,38,,,,corpus LA_corpus_2026-09-21: from LA_ws_2026-09-21; flags no_text_layer,2014-02-21,,,repealed
0.2.0,,la-la551-001,LA,https://laoofficialgazette.gov.la/kcfinder/upload/files/State budget Update on Article 54 .pdf,2026-09-21T01:46:17Z,pdf_scanned,true,raw/la/la_551/20260921T0146Z__scanned.pdf,ປັບປຸງ ມາດຕາ 54 ຂອງ ກົດໝາຍວ່າດ້ວຍ ງົບປະມານແຫ່ງລັດ,,,,requests,200,raw/la/la_551/20260921T0146Z__scanned.pdf.headers.json,application/pdf,396c729c340f8b7e52f08f4201e7562f6cace8402d45e428758add4c2c400783,1124130,3,,,,"corpus LA_corpus_2026-09-21: from LA_ws_2026-09-21; flags no_text_layer,short_principal",2014-02-21,,,repealed
0.2.0,,la-la552-001,LA,https://laoofficialgazette.gov.la/kcfinder/upload/files/Custom Law .pdf,2026-09-21T01:49:04Z,pdf_scanned,true,raw/la/la_552/20260921T0149Z__scanned.pdf,ກົດໝາຍວ່າດ້ວຍ ພາສີ,,,,playwright,200,raw/la/la_552/20260921T0149Z__scanned.pdf.headers.json,application/pdf,303aee185a3ea7f439b177abd783dea0d9eee5583c9aebe9741d0e613d1ebf87,7827682,50,,,,corpus LA_corpus_2026-09-21: from LA_ws_2026-09-21; flags no_text_layer,2014-02-21,,,repealed
0.2.0,,la-la553-001,LA,https://laoofficialgazette.gov.la/kcfinder/upload/files/Tax Law .pdf,2026-09-21T01:49:14Z,pdf_scanned,true,raw/la/la_553/20260921T0149Z__scanned.pdf,ກົດໝາຍວ່າດ້ວຍ ສ່ວຍສາອາກອນ,,,,requests,200,raw/la/la_553/20260921T0149Z__scanned.pdf.headers.json,application/pdf,5e7fa476e60180e002f96fe55814771a3a1f397717d086fc03cbe01547b3409f,9411831,52,,,,corpus LA_corpus_2026-09-21: from LA_ws_2026-09-21; flags no_text_layer,2014-02-21,,,repealed
0.2.0,,la-la554-001,LA,https://laoofficialgazette.gov.la/kcfinder/upload/files/State Property  law.pdf,2026-09-21T01:49:24Z,pdf_scanned,true,raw/la/la_554/20260921T0149Z__scanned.pdf,ກົດໝາຍວ່າດ້ວຍ ຊັບສິນຂອງລັດ,,,,requests,200,raw/la/la_554/20260921T0149Z__scanned.pdf.headers.json,application/pdf,e49ff89bcf2ba93df13fada8920a8fd96090b581572cbb3113c08c660659a746,5173983,28,,,,corpus LA_corpus_2026-09-21: from LA_ws_2026-09-21; flags no_text_layer,2014-02-21,,,repealed
0.2.0,,la-la555-001,LA,https://laoofficialgazette.gov.la/kcfinder/upload/files/Value added tax Law .pdf,2026-09-21T01:49:54Z,pdf_native,false,raw/la/la_555/20260921T0149Z__native.pdf,ກົດໝາຍວ່າດ້ວຍ ອາກອນມູນຄ່າເພີ່ມ,,,,requests,200,raw/la/la_555/20260921T0149Z__native.pdf.headers.json,application/pdf,5c34d4fb38f64e5e8cc386e9d126bc52e64d6a1c14e64de589a1bd6670fa3845,325069,27,,,,corpus LA_corpus_2026-09-21: from LA_ws_2026-09-21,2014-02-21,,,repealed
0.2.0,,la-la557-001,LA,https://laoofficialgazette.gov.la/kcfinder/upload/files/Extradition Law .pdf,2026-09-21T01:36:30Z,pdf_scanned,true,raw/la/la_557/20260921T0136Z__scanned.pdf,ກົດໝາຍວ່າດ້ວຍ ການສົ່ງຜູ້ຮ້າຍຂ້າມແດນ,,,,requests,200,raw/la/la_557/20260921T0136Z__scanned.pdf.headers.json,application/pdf,3fa35412aeff60b4657f9ccd066818d6580f20e5959dfc84a8f1cb15adb20704,4036988,20,,,,corpus LA_corpus_2026-09-21: from LA_ws_2026-09-21; flags no_text_layer,2014-02-21,,,in_force
0.2.0,,la-la558-001,LA,https://laoofficialgazette.gov.la/kcfinder/upload/files/people prosecutor organization Law.pdf,2026-09-21T01:49:53Z,pdf_scanned,true,raw/la/la_558/20260921T0149Z__scanned.pdf,ກົດໝາຍວ່າດ້ວຍ ອົງການໄອຍະການປະຊາຊົນ ( ສະບັບປັບປຸງ ),,,,requests,200,raw/la/la_558/20260921T0149Z__scanned.pdf.headers.json,application/pdf,c8ad9d36e5cd4dc4aad025a1c7d42cbe5850c057dac1fb20514d2ea95d5ee930,14086905,30,,,,corpus LA_corpus_2026-09-21: from LA_ws_2026-09-21; flags no_text_layer,2014-02-21,,,repealed
0.2.0,,la-la559-001,LA,"https://laoofficialgazette.gov.la/kcfinder/upload/files/Amendment of Art. 146 of Criminal Law & Art. 75, 76 of Narcotic Law .pdf",2026-09-21T01:49:35Z,pdf_scanned,true,raw/la/la_559/20260921T0149Z__scanned.pdf,"ກົດໝາຍວ່າດ້ວຍ ການປັບປຸງມາດຕາ 146 ຂອງກົດໝາຍ ອາຍາ ແລະ ມາດຕາ 75,76 ຂອງກົດໝາຍວ່າດ້ວຍ ຢາເສບຕິດ",,,,requests,200,raw/la/la_559/20260921T0149Z__scanned.pdf.headers.json,application/pdf,1f6bc7d09e9bb152a3ce56fb4fa61165d004d594771549d1f5138214a40f12ba,2432300,9,,,,corpus LA_corpus_2026-09-21: from LA_ws_2026-09-21; flags no_text_layer,2014-02-21,,,repealed
0.2.0,,la-la560-001,LA,https://laoofficialgazette.gov.la/kcfinder/upload/files/Criminal proceedure Law.pdf,2026-09-21T00:34:42Z,pdf_scanned,true,raw/la/la_560/20260921T0034Z__scanned.pdf,ກົດໝາຍວ່າດ້ວຍ ການດຳເນີນຄະດີອາຍາ ( ສະບັບປັບປຸງ ),,,,requests,200,raw/la/la_560/20260921T0034Z__scanned.pdf.headers.json,application/pdf,41e132af448f71f76afec7f562addf1bff17760592c1cbfc5ba32a47e15c4fbb,16752017,108,,,,corpus LA_corpus_2026-09-21: from LA_ws_2026-09-21; flags no_text_layer,2014-02-21,,,repealed
0.2.0,,la-la561-001,LA,https://laoofficialgazette.gov.la/kcfinder/upload/files/Penal Law .pdf,2026-09-21T01:49:25Z,pdf_native,false,raw/la/la_561/20260921T0149Z__native.pdf,ກົດໝາຍ ອາຍາ ( ສະບັບປັບປຸງ ),,,,requests,200,raw/la/la_561/20260921T0149Z__native.pdf.headers.json,application/pdf,3aa5f4fe5c163ffdec2ac12cfd385a6bd4e2d1a537d8cc37d3747a0ca57cbd80,602273,57,,,,corpus LA_corpus_2026-09-21: from LA_ws_2026-09-21,2014-02-21,,,repealed
0.2.0,,la-la562-001,LA,https://laoofficialgazette.gov.la/kcfinder/upload/files/Amendment of article 19 of Value added tex Law.pdf,2026-09-21T01:46:16Z,pdf_scanned,true,raw/la/la_562/20260921T0146Z__scanned.pdf,ປັບປຸງ ມາດຕາ 19 ຂອງກົດໝາຍວ່າດ້ວຍ ອາກອນມູນຄ່າເພີ່ມ,,,,requests,200,raw/la/la_562/20260921T0146Z__scanned.pdf.headers.json,application/pdf,cc3fe1e348cce4e6a17b24a6a1979a699644fc59793bc46c5c6e1c93e61d8cd9,1434391,3,,,,"corpus LA_corpus_2026-09-21: from LA_ws_2026-09-21; flags no_text_layer,short_principal",2014-03-04,,,repealed
0.2.0,,la-la568-001,LA,https://laoofficialgazette.gov.la/kcfinder/upload/files/The protection of national security Law.pdf,2026-09-21T01:36:07Z,pdf_scanned,true,raw/la/la_568/20260921T0136Z__scanned.pdf,ກົດໝາຍວ່າດ້ວຍ ວຽກງານປ້ອງກັນຄວາມສະຫງົບແຫ່ງຊາດ,,,,requests,200,raw/la/la_568/20260921T0136Z__scanned.pdf.headers.json,application/pdf,dafd1fa18479e01b65b6575fabc0be616360f4773763b70dac831bc54dd33582,2817473,32,,,,corpus LA_corpus_2026-09-21: from LA_ws_2026-09-21; flags no_text_layer,2014-05-02,,,in_force
0.2.0,,la-la571-001,LA,https://laoofficialgazette.gov.la/kcfinder/upload/files/Children Procedure   Law  .pdf,2026-09-21T01:35:53Z,pdf_scanned,true,raw/la/la_571/20260921T0135Z__scanned.pdf,ກົດໝາຍວ່າດ້ວຍ ການດຳເນີນຄະດີເດັກ,,,,requests,200,raw/la/la_571/20260921T0135Z__scanned.pdf.headers.json,application/pdf,39fa7fd345ff32a42c2cc1cb43519c954fba695768fe088c3383311497402cbd,4806153,50,,,,corpus LA_corpus_2026-09-21: from LA_ws_2026-09-21; flags no_text_layer,2014-05-21,,,in_force
0.2.0,,la-la572-001,LA,https://laoofficialgazette.gov.la/kcfinder/upload/files/Bio  Technology Safety Law.pdf,2026-09-21T00:32:55Z,pdf_scanned,true,raw/la/la_572/20260921T0032Z__scanned.pdf,ກົດໝາຍວ່າດ້ວຍ ຄວາມປອດໄພດ້ານເຕັກໂນໂລຊີ ຊີວະພາບ,,,,requests,200,raw/la/la_572/20260921T0032Z__scanned.pdf.headers.json,application/pdf,87a7b69194b37dbe117650588b1055762e8b3da44f6aacf1cb3763bdf0266e06,3478311,33,,,,corpus LA_corpus_2026-09-21: from LA_ws_2026-09-21; flags no_text_layer,2014-05-21,,,in_force
0.2.0,,la-la573-001,LA,https://laoofficialgazette.gov.la/kcfinder/upload/files/Decree on account of the Bank of Lao PDR and financial institutions belong to the Bank of Lao PDR.pdf,2026-09-21T00:42:24Z,pdf_scanned,true,raw/la/la_573/20260921T0042Z__scanned.pdf,ດຳລັດວ່າດ້ວຍ ການບັນຊີຂອງທະນາຄານ ແຫ່ງ ສປປ ລາວ ແລະ ສະຖາບັນການເງິນ ທີ່ຂື້ນກັບທະນາຄານແຫ່ງ ສປປ ລາວ,,,,playwright,200,raw/la/la_573/20260921T0042Z__scanned.pdf.headers.json,application/pdf,cb5982b3687afef365b4558d5d3da7e49c48d814542b7ef48138047e0c2e2ad3,214757,4,,,,corpus LA_corpus_2026-09-21: from LA_ws_2026-09-21; flags no_text_layer,2014-05-26,,,repealed
0.2.0,,la-la574-001,LA,https://laoofficialgazette.gov.la/kcfinder/upload/files/Decree on management of foreign currency and the promotion of using Lao kips.pdf,2026-09-21T00:41:48Z,pdf_scanned,true,raw/la/la_574/20260921T0041Z__scanned.pdf,ດຳລັດວ່າດ້ວຍ ການຄຸ້ມຄອງເງິນຕາຕ່າງປະເທດ ແລະ ສົ່ງເສີມການນຳໃຊ້ເງິນກີບ,,,,requests,200,raw/la/la_574/20260921T0041Z__scanned.pdf.headers.json,application/pdf,68816c8322f6caf409abc690aed787f1e7cf0788d878b80378addf8538ee8dca,87826,3,,,,corpus LA_corpus_2026-09-21: from LA_ws_2026-09-21; flags no_text_layer,2014-05-26,,,in_force
0.2.0,,la-la575-001,LA,https://laoofficialgazette.gov.la/kcfinder/upload/files/Decree on rental credit.pdf,2026-09-21T02:40:13Z,pdf_scanned,true,raw/la/la_575/20260921T0240Z__scanned.pdf,ດຳລັດວ່າດ້ວຍ ການເຊົ່າສິນເຊື່ອ,,,,requests,200,raw/la/la_575/20260921T0240Z__scanned.pdf.headers.json,application/pdf,e93c258b42829478c77710ed765d332d29a1bdfbc73c00b09d36bf077cfe9280,516969,9,,,,corpus LA_corpus_2026-09-21: from LA_ws_2026-09-21; flags no_text_layer,2014-05-26,,,repealed
0.2.0,,la-la576-001,LA,https://laoofficialgazette.gov.la/kcfinder/upload/files/Decree on reserves of foreign currencies .pdf,2026-09-21T00:42:18Z,pdf_scanned,true,raw/la/la_576/20260921T0042Z__scanned.pdf,ດຳລັດວ່າດ້ວຍ ຄັງສຳຮອງເງິນຕາຕ່າງປະເທດຂອງລັດ,,,,requests,200,raw/la/la_576/20260921T0042Z__scanned.pdf.headers.json,application/pdf,c3c450d999c024e758de5d3121ef61790b34422bdb20fcaa70da50e591b41bb3,459692,9,,,,corpus LA_corpus_2026-09-21: from LA_ws_2026-09-21; flags no_text_layer,2014-05-26,,,repealed
0.2.0,,la-la577-001,LA,https://laoofficialgazette.gov.la/kcfinder/upload/files/Decree on bonds and contract debts.pdf,2026-09-21T02:34:46Z,pdf_scanned,true,raw/la/la_577/20260921T0234Z__scanned.pdf,ດຳລັດ ວ່າດ້ວຍພັນທະບັດແລກເງິນ ແລະ ໃບສັນຍາໜີ້,,,,requests,200,raw/la/la_577/20260921T0234Z__scanned.pdf.headers.json,application/pdf,dbf72daf4a0f2aec0a27886164c35c6ceb6eb6d8c141f3fa1721d9bec43a1080,790765,16,,,,corpus LA_corpus_2026-09-21: from LA_ws_2026-09-21; flags no_text_layer,2014-05-26,,,in_force
0.2.0,,la-la578-001,LA,https://laoofficialgazette.gov.la/kcfinder/upload/files/Decree on checks.pdf,2026-09-21T02:40:07Z,pdf_scanned,true,raw/la/la_578/20260921T0240Z__scanned.pdf,ດຳລັດວ່າດ້ວຍ ແຊັກ,,,,requests,200,raw/la/la_578/20260921T0240Z__scanned.pdf.headers.json,application/pdf,c23217d28d012f3f5f83b95e8f24a4f8f4f083e439a3b210c1fdd86c66a999bd,580691,12,,,,corpus LA_corpus_2026-09-21: from LA_ws_2026-09-21; flags no_text_layer,2014-05-26,,,repealed
0.2.0,,la-la579-001,LA,https://laoofficialgazette.gov.la/kcfinder/upload/files/Decree on paw .pdf,2026-09-21T02:40:00Z,pdf_scanned,true,raw/la/la_579/20260921T0240Z__scanned.pdf,ດຳລັດວ່າດ້ວຍ ໂຮງຊວດຈຳ,,,,requests,200,raw/la/la_579/20260921T0240Z__scanned.pdf.headers.json,application/pdf,dc812940739709cc060e75684feea1903573c753ab4cb28e391356cdd2fb8d31,495349,9,,,,corpus LA_corpus_2026-09-21: from LA_ws_2026-09-21; flags no_text_layer,2014-05-26,,,repealed
0.2.0,,la-la580-001,LA,https://laoofficialgazette.gov.la/kcfinder/upload/files/Ordinances of the President on management of foreign currency and precious metals.pdf,2026-09-21T00:37:31Z,pdf_scanned,true,raw/la/la_580/20260921T0037Z__scanned.pdf,ລັດຖະບັນຍັດຂອງປະທານປະເທດ ວ່າດ້ວຍ ການຄຸ້ມຄອງເງິນຕາຕ່າງປະເທດ ແລະ ວັດຖຸມີຄ່າ,,,,requests,200,raw/la/la_580/20260921T0037Z__scanned.pdf.headers.json,application/pdf,a00bf875766a7069842e84d5d4ab50883538cdf00001a064c3c40ba70543a752,989992,11,,,,corpus LA_corpus_2026-09-21: from LA_ws_2026-09-21; flags no_text_layer,2014-05-26,,,in_force
0.2.0,,la-la581-001,LA,https://laoofficialgazette.gov.la/kcfinder/upload/files/Decree on  International Non-Government Organization.pdf,2026-09-21T02:39:46Z,pdf_scanned,true,raw/la/la_581/20260921T0239Z__scanned.pdf,ດຳລັດວ່າດ້ວຍ ອົງການຈັດຕັ້ງສາກົນທີ່ບໍ່ສັງກັດລັດຖະບານ,,,,requests,200,raw/la/la_581/20260921T0239Z__scanned.pdf.headers.json,application/pdf,edcafa450614356daa704384c948ba6c5b242b29f9a31ffa13e3ce0f776c30cc,512054,13,,,,corpus LA_corpus_2026-09-21: from LA_ws_2026-09-21; flags no_text_layer,2014-05-28,,,repealed
0.2.0,,la-la582-001,LA,https://laoofficialgazette.gov.la/kcfinder/upload/files/Decree on Governing of local staffs to work with  Foreign Organization in Laos.pdf,2026-09-21T02:39:57Z,pdf_scanned,true,raw/la/la_582/20260921T0239Z__scanned.pdf,ດຳລັດວ່າດ້ວຍ ການຄຸ້ມຄອງພະນັກງານທ້ອງຖິ່ນ ທີ່ເຂົ້າເຮັດວຽກນຳອົງການຕ່າງປະເທດ ທີ່ປະຈຳຢູ່ ສປປ ລາວ,,,,playwright,200,raw/la/la_582/20260921T0239Z__scanned.pdf.headers.json,application/pdf,a93deeefb3a8cd6ffafbab20b66ea3c52df9387fcc1fbb96d23b9a32c1abd587,294160,8,,,,corpus LA_corpus_2026-09-21: from LA_ws_2026-09-21; flags no_text_layer,2014-05-28,,,repealed
0.2.0,,la-la583-001,LA,https://laoofficialgazette.gov.la/kcfinder/upload/files/Ordinances of the President of Lao PDR.pdf,2026-09-21T02:04:49Z,pdf_scanned,true,raw/la/la_583/20260921T0204Z__scanned.pdf,"ລັດຖະບັນຍັດ ວ່າດ້ວຍ ການສ້າງ, ການເຂົ້າຮ່ວມເປັນພາຄີ ແລະ ການຈັດຕັ້ງປະຕິບັດ ສົນທິສັນຍາສາກົນ",,,,playwright,200,raw/la/la_583/20260921T0204Z__scanned.pdf.headers.json,application/pdf,81ed5c55ed8218ef584828b863079a681815fdc37033a552f7b5c259e15fec8c,1054414,21,,,,corpus LA_corpus_2026-09-21: from LA_ws_2026-09-21; flags no_text_layer,2014-05-28,,,in_force
0.2.0,,la-la584-001,LA,https://laoofficialgazette.gov.la/kcfinder/upload/files/Adoption of children Decree.pdf,2026-09-21T02:39:43Z,pdf_scanned,true,raw/la/la_584/20260921T0239Z__scanned.pdf,ດຳລັດ ວ່າດ້ວຍການເອົາເດັກໄປເປັນລູກລ້ຽງ,,,,requests,200,raw/la/la_584/20260921T0239Z__scanned.pdf.headers.json,application/pdf,0090c8c31c232271131bc61b71447065dc39fe4a4a22a1576c61cb9000cb4dac,1588199,25,,,,corpus LA_corpus_2026-09-21: from LA_ws_2026-09-21; flags no_text_layer,2014-06-18,,,repealed
0.2.0,,la-la585-001,LA,https://laoofficialgazette.gov.la/kcfinder/upload/files/Accounting Law ( Amended ).pdf,2026-09-21T01:45:56Z,pdf_scanned,true,raw/la/la_585/20260921T0145Z__scanned.pdf,ກົດໝາຍວ່າດ້ວຍ ການບັນຊີ ( ສະບັບປັບປຸງ ),,,,requests,200,raw/la/la_585/20260921T0145Z__scanned.pdf.headers.json,application/pdf,8ad0e3dfa1040eb957745a5f704f1b06d2427ad051a91c3f8fc8069d3ca668c6,2481010,39,,,,corpus LA_corpus_2026-09-21: from LA_ws_2026-09-21; flags no_text_layer,2014-06-27,,,repealed
0.2.0,,la-la586-001,LA,https://laoofficialgazette.gov.la/kcfinder/upload/files/Advice of Minister on the Implementation of the Law on Insurance.pdf,2026-09-21T01:13:36Z,pdf_scanned,true,raw/la/la_586/20260921T0113Z__scanned.pdf,ຄຳແນະນຳຂອງລັດຖະມົນຕີ ກ່ຽວກັບ ການປະຕິບັດກົດໝາຍວ່າດ້ວຍ ການປະກັນໄພ,,,,requests,200,raw/la/la_586/20260921T0113Z__scanned.pdf.headers.json,application/pdf,4ddae86277714dc7211825bf490214421b1c222f87b30cf115842a6d641f266d,438332,10,,,,corpus LA_corpus_2026-09-21: from LA_ws_2026-09-21; flags no_text_layer,2014-06-27,,,repealed
0.2.0,,la-la587-001,LA,https://laoofficialgazette.gov.la/kcfinder/upload/files/Vocational Education Law.pdf,2026-09-21T01:45:42Z,pdf_scanned,true,raw/la/la_587/20260921T0145Z__scanned.pdf,ກົດໝາຍວ່າດ້ວຍ ອາຊີວະສຶກສາ,,,,requests,200,raw/la/la_587/20260921T0145Z__scanned.pdf.headers.json,application/pdf,6ff6900812d0e6934d72a59c33b3bf19ae5c08017afbd7cb66ad71dcd86a8102,1719833,37,,,,corpus LA_corpus_2026-09-21: from LA_ws_2026-09-21; flags no_text_layer,2014-07-10,,,repealed
0.2.0,,la-la588-001,LA,https://laoofficialgazette.gov.la/kcfinder/upload/files/Minister Decision on the Impact Assessment of Draft Legislation.pdf,2026-09-21T04:48:38Z,pdf_native,false,raw/la/la_588/20260921T0448Z__native.pdf,ຂໍ້ຕົກລົງ ວ່າດ້ວຍການປະເມີນຜົນກະທົບຂອງຮ່າງນິຕິກຳ,,,,requests,200,raw/la/la_588/20260921T0448Z__native.pdf.headers.json,application/pdf,b377ccc76d0934f4bfaeba3233dfedee8072a1bfe3b755c568d12f80aaa08bf5,2871361,17,,,,corpus LA_corpus_2026-09-21: from LA_ws_2026-09-21,2014-07-15,,,in_force
0.2.0,,la-la589-001,LA,https://laoofficialgazette.gov.la/kcfinder/upload/files/Ordinances of the President of the Republic on Fees and charges.pdf,2026-09-21T02:05:11Z,pdf_scanned,true,raw/la/la_589/20260921T0205Z__scanned.pdf,ລັັດຖະບັນຍັດ ຂອງປະທານປະເທດວ່າດ້ວຍ ຄ່າທຳນຽມ ແລະ ຄ່າບໍລິການ,,,,playwright,200,raw/la/la_589/20260921T0205Z__scanned.pdf.headers.json,application/pdf,69bcbfa8d37038930106e1a28d6b9149064b60c510f8b0d990e6d143fc8ab1dd,5541021,183,,,,corpus LA_corpus_2026-09-21: from LA_ws_2026-09-21; flags no_text_layer,2014-07-22,,,repealed
0.2.0,,la-la591-001,LA,https://laoofficialgazette.gov.la/kcfinder/upload/files/ດຳລັດ ວ່າດ້ວຍກອງທຶນຄວບຄູມຢາສູບ.pdf,2026-09-21T02:34:38Z,pdf_scanned,true,raw/la/la_591/20260921T0234Z__scanned.pdf,ດຳລັດ ວ່າດ້ວຍກອງທຶນ ຄວບຄຸມຢາສູບ,,,,requests,200,raw/la/la_591/20260921T0234Z__scanned.pdf.headers.json,application/pdf,bc29d2e6cefe11cc397c469a1de105df195d8f016cae66ab46ab346fffe7259c,2090872,5,,,,corpus LA_corpus_2026-09-21: from LA_ws_2026-09-21; flags no_text_layer,2014-08-25,,,in_force
0.2.0,,la-la594-001,LA,https://laoofficialgazette.gov.la/kcfinder/upload/files/ດຳລັດ ວ່າດ້ວຍການພິມຄຳເຕືອນກ່ຽວກັບສຸຂະພາບໃສ່ວັດຖຸຫຸ້ມຫໍ່ຜະລິດຕະພັນຢາສູບ.pdf,2026-09-21T02:34:35Z,pdf_scanned,true,raw/la/la_594/20260921T0234Z__scanned.pdf,ດຳລັດ ວ່າດ້ວຍການພິມຄຳເຕືອນ ກ່ຽວກັບສຸຂະພາບໃສ່ວັດຖຸ ຫຸ້ມຫໍ່ຜະລິດຕະພັນຢາສູບ,,,,requests,200,raw/la/la_594/20260921T0234Z__scanned.pdf.headers.json,application/pdf,3b81497d3246ec81807e48a5694266bd7cad473bf53f1f5105e23f57b2825b49,2623884,7,,,,corpus LA_corpus_2026-09-21: from LA_ws_2026-09-21; flags no_text_layer,2014-08-25,,,in_force
0.2.0,,la-la595-001,LA,https://laoofficialgazette.gov.la/kcfinder/upload/files/ດຳລັດ ວ່າດ້ວຍການຫ້າມໂຄສະນາສົ່ງເສີມການບໍລິໂພກ ຜະລິດຕະພັນຢາສູບ.pdf,2026-09-21T02:34:23Z,pdf_scanned,true,raw/la/la_595/20260921T0234Z__scanned.pdf,ດຳລັດ ວ່າດ້ວຍການຫ້າມ ໂຄສະນາສົ່ງເສີມ ການບໍລິໂພກ ຜະລິດຕະພັນຢາສູບ,,,,requests,200,raw/la/la_595/20260921T0234Z__scanned.pdf.headers.json,application/pdf,851cd8c1784c8f7cab5c7ad803b87cf75b87b0287dd6cdb829e2e039f63a56fd,1381100,4,,,,corpus LA_corpus_2026-09-21: from LA_ws_2026-09-21; flags no_text_layer,2014-08-25,,,in_force
0.2.0,,la-la596-001,LA,https://laoofficialgazette.gov.la/kcfinder/upload/files/ຄຳສັ່ງ ຂອງລັດຖະມົນຕີວ່າການກະຊວງສາທາລະນະສຸກວ່າດ້ວຍການຫ້າມການນຳເຂົ້າ.pdf,2026-09-21T00:44:59Z,pdf_scanned,true,raw/la/la_596/20260921T0044Z__scanned.pdf,"ຄຳສັ່ງ ຂອງລັດຖະມົນຕີວ່າການ ກະຊວງສາທາລະນະສຸກ ວ່າດ້ວຍການຫ້າມການນຳເຂົ້າ, ສົ່ງອອກ, ຈຳໜ່າຍ, ຊື້ຂາຍ, ຄອບຄອງ, ຂົນສົ່ງ, ນຳຜ່ານປຸງແຕ່ງ ແລະ ນຳໃຊ້ສານຊູໂດອີຟິດຣີນ",,,,requests,200,raw/la/la_596/20260921T0044Z__scanned.pdf.headers.json,application/pdf,fa55f083c538732e587938d207a3df10d6f2299120d5d65ba2c13ee4e92f353d,446007,1,,,,corpus LA_corpus_2026-09-21: from LA_ws_2026-09-21; flags no_text_layer,2014-08-25,,,in_force
0.2.0,,la-la597-001,LA,https://laoofficialgazette.gov.la/kcfinder/upload/files/ກົດ​ໝາຍ ວ່າ​ດ້ວຍ ວິ​ສາ​ຫະ​ກິດ(ສະ​ບັບ​ປັບ​ປຸງ).pdf,2026-09-21T01:45:30Z,pdf_scanned,true,raw/la/la_597/20260921T0145Z__scanned.pdf,ກົດໝາຍວ່າດ້ວຍ ວິສາຫະກິດ (ສະບັບປັບປຸງ),,,,requests,200,raw/la/la_597/20260921T0145Z__scanned.pdf.headers.json,application/pdf,9d0cab44515e8ae836863fa9064e771830b2023ca14dfa90bf34e3c8bdcf42c1,3940196,74,,,,corpus LA_corpus_2026-09-21: from LA_ws_2026-09-21; flags no_text_layer,2014-09-02,,,repealed
0.2.0,,la-la599-001,LA,https://laoofficialgazette.gov.la/kcfinder/upload/files/ດຳລັດ ວ່າດ້ວຍການຈັດຕັ້ງປະຕິບັດກົດໝາຍວ່າດ້ວຍອຸດສາຫະກຳປຸງແຕ່ງ.pdf,2026-09-21T02:33:54Z,pdf_scanned,true,raw/la/la_599/20260921T0233Z__scanned.pdf,ດຳລັດ ວ່າດ້ວຍການຈັດຕັ້ງປະຕິບັດກົດໝາຍ ວ່າດ້ວຍອຸດສາຫະກຳປຸງແຕ່ງ,,,,requests,200,raw/la/la_599/20260921T0233Z__scanned.pdf.headers.json,application/pdf,9632fb1c912c0a25dd18eb03b37e7c32a7cdbd1ed30007625992068567153f13,337667,5,,,,corpus LA_corpus_2026-09-21: from LA_ws_2026-09-21; flags no_text_layer,2014-09-08,,,in_force
0.2.0,,la-la600-001,LA,https://laoofficialgazette.gov.la/kcfinder/upload/files/ດຳລັດ ວ່າດ້ວຍແຫຼ່ງກຳເນີດສິນຄ້ານຳເຂົ້າ ແລະ ສົ່ງອອກ.pdf,2026-09-21T02:33:46Z,pdf_scanned,true,raw/la/la_600/20260921T0233Z__scanned.pdf,ດຳລັດ ວ່າດ້ວຍແຫຼ່ງກຳເນີດສິນຄ້າ ນຳເຂົ້າ ແລະ ສົ່ງອອກ,,,,requests,200,raw/la/la_600/20260921T0233Z__scanned.pdf.headers.json,application/pdf,80a651847d6f817c486bb20a66ec33e70bccba598c22d592cfed17286b9ddc84,384994,11,,,,corpus LA_corpus_2026-09-21: from LA_ws_2026-09-21; flags no_text_layer,2014-09-08,,,in_force
0.2.0,,la-la601-001,LA,https://laoofficialgazette.gov.la/kcfinder/upload/files/ດຳລັດ ວ່າດ້ວຍສະຫະກອນ.pdf,2026-09-21T02:34:01Z,pdf_scanned,true,raw/la/la_601/20260921T0234Z__scanned.pdf,ດຳລັດ ວ່າດ້ວຍສະຫະກອນ,,,,playwright,200,raw/la/la_601/20260921T0234Z__scanned.pdf.headers.json,application/pdf,9f340e239ff82baa99b13f5051c47a2ad472b76b1ede9871d2a1143b170d94a5,594125,16,,,,corpus LA_corpus_2026-09-21: from LA_ws_2026-09-21; flags no_text_layer,2014-09-08,,,in_force
0.2.0,,la-la602-001,LA,https://laoofficialgazette.gov.la/kcfinder/upload/files/ດຳລັດ ວ່າດ້ວຍການກວດກາການຄ້າ.pdf,2026-09-21T02:34:08Z,pdf_scanned,true,raw/la/la_602/20260921T0234Z__scanned.pdf,ດຳລັດ ວ່າດ້ວຍການກວດກາ,,,,requests,200,raw/la/la_602/20260921T0234Z__scanned.pdf.headers.json,application/pdf,f383f591489ce600cab262fccea6683b219d9a99478cc762996a7f7e863d4368,471549,13,,,,corpus LA_corpus_2026-09-21: from LA_ws_2026-09-21; flags no_text_layer,2014-09-08,,,in_force
0.2.0,,la-la603-001,LA,https://laoofficialgazette.gov.la/kcfinder/upload/files/ດຳລັດ ວ່າດ້ວຍການຄຸ້ມຄອງລາຄາສິນຄ້າ ແລະ ຄ່າບໍລິການ.pdf,2026-09-21T02:34:14Z,pdf_scanned,true,raw/la/la_603/20260921T0234Z__scanned.pdf,ດຳລັດ ວ່າດ້ວຍການຄຸ້ມຄອງລາຄາສິນຄ້າ ແລະ ຄ່າບໍລິການ,,,,requests,200,raw/la/la_603/20260921T0234Z__scanned.pdf.headers.json,application/pdf,2c61392f0d0531f2a609c1f3942a4ffe4ccf925fa8c68b133657390e2227d61e,445483,11,,,,corpus LA_corpus_2026-09-21: from LA_ws_2026-09-21; flags no_text_layer,2014-09-08,,,in_force
0.2.0,,la-la604-001,LA,https://laoofficialgazette.gov.la/kcfinder/upload/files/59 ດຳລັດວ່າດ້ວຍ ການນຳເຂົ້າ ແລະ ການສົ່ງອອກສິນຄ້າ.pdf,2026-09-21T02:33:37Z,pdf_scanned,true,raw/la/la_604/20260921T0233Z__scanned.pdf,ດຳລັດ ວ່າດ້ວຍການນຳເຂົ້າ ແລະ ການສົ່ງອອກສິນຄ້າ,,,,requests,200,raw/la/la_604/20260921T0233Z__scanned.pdf.headers.json,application/pdf,fc5dbf10dc2ad5c90d7cd425184ab8dfd1cc228edb156df3b63a4b8d90ee2529,405872,9,,,,corpus LA_corpus_2026-09-21: from LA_ws_2026-09-21; flags no_text_layer,2014-09-09,,,in_force
0.2.0,,la-la605-001,LA,https://laoofficialgazette.gov.la/kcfinder/upload/files/ດຳລັດ ວ່າດ້ວຍຂັ້ນຕອນການອອກໃບອະນຸຍາດນຳເຂົ້າສິນຄ້າ.pdf,2026-09-21T02:33:29Z,pdf_scanned,true,raw/la/la_605/20260921T0233Z__scanned.pdf,ດຳລັດ ວ່າດ້ວຍຂັ້ນຕອນການອອກໃບອະນຸຍາດນຳເຂົ້າສິນຄ້າ,,,,requests,200,raw/la/la_605/20260921T0233Z__scanned.pdf.headers.json,application/pdf,4f924402f5d8f237de06bc04cf9570ee4745c1c4ca9ae92160e291ba40dce87e,261862,7,,,,corpus LA_corpus_2026-09-21: from LA_ws_2026-09-21; flags no_text_layer,2014-09-09,,,in_force
0.2.0,,la-la606-001,LA,https://laoofficialgazette.gov.la/kcfinder/upload/files/ດຳລັດ ວ່າດ້ວຍການແຂ່ງຂັນການຄ້າ.pdf,2026-09-21T00:41:41Z,pdf_scanned,true,raw/la/la_606/20260921T0041Z__scanned.pdf,ດຳລັດ ວ່າດ້ວຍການແຂ່ງຂັນການຄ້າ,,,,requests,200,raw/la/la_606/20260921T0041Z__scanned.pdf.headers.json,application/pdf,de80168d7ec97e90898d1a211f13a77795e40cbf3f4161163f9980e660f1601b,191851,5,,,,corpus LA_corpus_2026-09-21: from LA_ws_2026-09-21; flags no_text_layer,2014-09-10,,,in_force
0.2.0,,la-la608-001,LA,https://laoofficialgazette.gov.la/kcfinder/upload/files/1.ຂໍ້ຕົກລົງ ວ່າດ້ວຍການກຳນົດມາດຕະຖານສຽງດັງທີ່ເກີດຈາກໂຮງງານອຸດສາຫະກຳປຸງແຕ່ງ.pdf,2026-09-21T05:02:59Z,pdf_scanned,true,raw/la/la_608/20260921T0502Z__scanned.pdf,ຂໍ້ຕົກລົງ ວ່າດ້ວຍ ການກຳນົດ ມາດຕະຖານສຽງດັງ ທີ່ເກີດຈາກໂຮງງານ ອຸດສາຫະກຳປຸງແຕ່ງ,,,,requests,200,raw/la/la_608/20260921T0502Z__scanned.pdf.headers.json,application/pdf,a77e12d90baf2b562121a4906f07e79214aa340ff332dcb8047572a9d8c2ce52,259915,6,,,,corpus LA_corpus_2026-09-21: from LA_ws_2026-09-21; flags no_text_layer,2014-09-17,,,repealed
0.2.0,,la-la609-001,LA,https://laoofficialgazette.gov.la/kcfinder/upload/files/2.ຂໍ້ຕົກລົງ ວ່າດ້ວຍການກຳນົດລາຍການສິນຄ້າຄວບຄຸມລາຄາຂອງຂະແໜງອຸດສາຫະກຳ ແລະ ການຄ້າ.pdf,2026-09-21T04:46:00Z,pdf_scanned,true,raw/la/la_609/20260921T0446Z__scanned.pdf,ຂໍ້ຕົກລົງ ວ່າດ້ວຍ ການກຳນົດລາຍການສິນຄ້າ ຄວບຄຸມລາຄາ ຂອງຂະແໜງອຸດສາຫະກຳ ແລະ ການຄ້າ,,,,requests,200,raw/la/la_609/20260921T0446Z__scanned.pdf.headers.json,application/pdf,46eb41adad7e115ba2f9a6b72e75d47caeeb9f5c36c5c7545fb1b4b53229c91c,44800,1,,,,corpus LA_corpus_2026-09-21: from LA_ws_2026-09-21; flags no_text_layer,2014-09-17,,,in_force
0.2.0,,la-la610-001,LA,https://laoofficialgazette.gov.la/kcfinder/upload/files/3.ຂໍ້ຕົກລົງ ວ່າດ້ວຍການຄຸ້ມຄອງສິ່ງເສດເຫຼືອຈາກໂຮງງານອຸດສາຫະກຳປຸງແຕ່ງ ແລະ ຫັດຖະກຳ.pdf,2026-09-21T04:45:52Z,pdf_scanned,true,raw/la/la_610/20260921T0445Z__scanned.pdf,ຂໍ້ຕົກລົງ ວ່າດ້ວຍ ການຄຸ້ມຄອງສິ່ງເສດເຫຼືອ ຈາກໂຮງງານອຸດສາຫະກຳ ປຸງແຕ່ງ ແລະ ຫັດຖະກຳ,,,,requests,200,raw/la/la_610/20260921T0445Z__scanned.pdf.headers.json,application/pdf,17eadef2e0f2b3636755cad98989fc86b91e1307e5ae4d4d86f7f79a95b2e940,353752,8,,,,corpus LA_corpus_2026-09-21: from LA_ws_2026-09-21; flags no_text_layer,2014-09-17,,,in_force
0.2.0,,la-la611-001,LA,https://laoofficialgazette.gov.la/kcfinder/upload/files/4.ຂໍ້ຕົກລົງ ວ່າດ້ວຍການຄຸ້ມຄອງທາດ ແລະ ທາດເຄມີອຸດສາຫະກຳ.pdf,2026-09-21T04:45:44Z,pdf_scanned,true,raw/la/la_611/20260921T0445Z__scanned.pdf,ຂໍ້ຕົກລົງ ວ່າດ້ວຍ ການຄຸ້ມຄອງທາດ ແລະ ທາດເຄມີອຸດສາຫະກຳ,,,,requests,200,raw/la/la_611/20260921T0445Z__scanned.pdf.headers.json,application/pdf,4e745dd93e3e00174dc98315ab802c2a0929ef9e0d83181900946a7d1efaecac,800454,15,,,,corpus LA_corpus_2026-09-21: from LA_ws_2026-09-21; flags no_text_layer,2014-09-17,,,in_force
0.2.0,,la-la612-001,LA,https://laoofficialgazette.gov.la/kcfinder/upload/files/5.ຂໍ້ຕົກລົງ ວ່າດ້ວຍການຄຸ້ມຄອງທຶນເງິນກູ້ເພື່ອເກັບຊື້ເຂົ້າແຮແຊກແຊງລາຄາ ແລະ ດັດສົມຕະຫຼາດ.pdf,2026-09-21T04:45:37Z,pdf_scanned,true,raw/la/la_612/20260921T0445Z__scanned.pdf,ຂໍ້ຕົກລົງ ວ່າດ້ວຍ ການຄຸ້ມຄອງທຶນເງິນກູ້ ເພື່ອເກັບຊື້ເຂົ້າແຮແຊກແຊງ ລາຄາ ແລະ ດັດສົມຕະຫຼາດ,,,,requests,200,raw/la/la_612/20260921T0445Z__scanned.pdf.headers.json,application/pdf,7823a119fc07a4295021438cf14288d3753559ef165edaff562bb3d3e4b61c08,323276,7,,,,corpus LA_corpus_2026-09-21: from LA_ws_2026-09-21; flags no_text_layer,2014-09-17,,,in_force
0.2.0,,la-la613-001,LA,https://laoofficialgazette.gov.la/kcfinder/upload/files/6.ຂໍ້ຕົກລົງ ວ່າດ້ວຍການຄຸ້ມຄອງທຸລະກິດນຳເຂົ້າ ແລະ ບໍລິການຂາຍຍົກນ້ຳມັນເຊື້ອໄຟ.pdf,2026-09-21T04:45:30Z,pdf_scanned,true,raw/la/la_613/20260921T0445Z__scanned.pdf,ຂໍ້ຕົກລົງ ວ່າດ້ວຍ ການຄຸ້ມຄອງທຸລະກິດ ນຳເຂົ້າ ແລະ ບໍລິການຂາຍຍົກ ນ້ຳມັນເຊື້ອໄຟ,,,,requests,200,raw/la/la_613/20260921T0445Z__scanned.pdf.headers.json,application/pdf,662e7e9ba48b68fe8f0f3fcab3290df878e3b8ab93515657633bc9e90a7bf2f4,411720,7,,,,corpus LA_corpus_2026-09-21: from LA_ws_2026-09-21; flags no_text_layer,2014-09-17,,,in_force
0.2.0,,la-la614-001,LA,https://laoofficialgazette.gov.la/kcfinder/upload/files/7.ຂໍ້ຕົກລົງ ວ່າດ້ວຍການຄຸ້ມຄອງປ້ຳຂາຍຍ່ອຍນ້ຳມັນເຊື້ອໄຟຢູ່ ສປປລາວ.pdf,2026-09-21T04:45:23Z,pdf_scanned,true,raw/la/la_614/20260921T0445Z__scanned.pdf,ຂໍ້ຕົກລົງ ວ່າດ້ວຍ ການຄຸ້ມຄອງປ້ຳຂາຍຍ່ອຍ ນ້ຳມັນເຊື້ອໄຟຢູ່ ສປປ ລາວ,,,,requests,200,raw/la/la_614/20260921T0445Z__scanned.pdf.headers.json,application/pdf,421b7071124edcd0b262170f9ba681b3a2d7f98f9d347880cc78f546f8814241,293048,7,,,,corpus LA_corpus_2026-09-21: from LA_ws_2026-09-21; flags no_text_layer,2014-09-17,,,in_force
0.2.0,,la-la615-001,LA,https://laoofficialgazette.gov.la/kcfinder/upload/files/8.ຂໍ້ຕົກລົງ ວ່າດ້ວຍການຄຸ້ມຄອງຜະລິດຕະພັນອຸດສາຫະກຳ.pdf,2026-09-21T04:45:17Z,pdf_scanned,true,raw/la/la_615/20260921T0445Z__scanned.pdf,ຂໍ້ຕົກລົງ ວ່າດ້ວຍ ການຄຸ້ມຄອງຜະລິດຕະພັນ ອຸດສາຫະກຳ,,,,requests,200,raw/la/la_615/20260921T0445Z__scanned.pdf.headers.json,application/pdf,f4a13a9194448f256eb8fdda46782a0c718403e0cdb8476f8ecc6208a8e0da75,433324,11,,,,corpus LA_corpus_2026-09-21: from LA_ws_2026-09-21; flags no_text_layer,2014-09-17,,,in_force
0.2.0,,la-la616-001,LA,https://laoofficialgazette.gov.la/kcfinder/upload/files/9.ຂໍ້ຕົກລົງ ວ່າດ້ວຍການຄຸ້ມຄອງໝໍ້ຕົ້ມນ້ຳໃນໂຮງງານອຸດສາຫະກຳປຸງແຕ່ງ ແລະ ຫັດຖະກຳ.pdf,2026-09-21T04:45:08Z,pdf_scanned,true,raw/la/la_616/20260921T0445Z__scanned.pdf,ຂໍ້ຕົກລົງ ວ່າດ້ວຍ ການຄຸ້ມຄອງໝໍ້ຕົ້ມນ້ຳ ໃນໂຮງງານອຸດສາຫະກຳ ປຸງແຕ່ງ ແລະ ຫັດຖະກຳ,,,,requests,200,raw/la/la_616/20260921T0445Z__scanned.pdf.headers.json,application/pdf,4467e2a0a5ec78ed95f42c3b20e9a8af384a295ef10a442ebef30620355faf45,322764,8,,,,corpus LA_corpus_2026-09-21: from LA_ws_2026-09-21; flags no_text_layer,2014-09-17,,,in_force
0.2.0,,la-la617-001,LA,https://laoofficialgazette.gov.la/kcfinder/upload/files/10.ຂໍ້ຕົກລົງ ວ່າດ້ວຍການຄຸ້ມຄອງໂຮງງານຂະໜາດນ້ອຍ ແບບຄອບຄົວ.pdf,2026-09-21T04:46:08Z,pdf_scanned,true,raw/la/la_617/20260921T0446Z__scanned.pdf,ຂໍ້ຕົກລົງ ວ່າດ້ວຍ ການຄຸ້ມຄອງໂຮງງານ ຂະໜາດນ້ອຍ ແບບຄອບຄົວ,,,,playwright,200,raw/la/la_617/20260921T0446Z__scanned.pdf.headers.json,application/pdf,d60f2ea6ab83b99daa78b4736de30e4281b3caaf3370adbb3b296e679bb2d791,531893,10,,,,corpus LA_corpus_2026-09-21: from LA_ws_2026-09-21; flags no_text_layer,2014-09-17,,,in_force
0.2.0,,la-la618-001,LA,https://laoofficialgazette.gov.la/kcfinder/upload/files/11.ຂໍ້ຕົກລົງ ວ່າດ້ວຍການຄຸ້ມຄອງໂຮງງານອຸດສາຫະກຳປຸງແຕ່ງ.pdf,2026-09-21T05:03:05Z,pdf_scanned,true,raw/la/la_618/20260921T0503Z__scanned.pdf,ຂໍ້ຕົກລົງ ວ່າດ້ວຍ ການຄຸ້ມຄອງໂຮງງານ ອຸດສາຫະກຳປຸງແຕ່ງ,,,,requests,200,raw/la/la_618/20260921T0503Z__scanned.pdf.headers.json,application/pdf,1e65dcf44268ca61d1fe7109ad2acf04f761eea1aa1abf957c5e7539dd00ba8c,545148,12,,,,corpus LA_corpus_2026-09-21: from LA_ws_2026-09-21; flags no_text_layer,2014-09-17,,,repealed
0.2.0,,la-la620-001,LA,https://laoofficialgazette.gov.la/kcfinder/upload/files/15.ຂໍ້ຕົກລົງ ວ່າດ້ວຍການຮັບຮອງເອົາມັດຕິກອງປະຊຸມ.pdf,2026-09-21T04:46:14Z,pdf_scanned,true,raw/la/la_620/20260921T0446Z__scanned.pdf,"ຂໍ້ຕົກລົງ ວ່າດ້ວຍ ການຮັບຮອງເອົາ ຍັດຕິກອງປະຊຸມ ການຄຸ້ມຄອງປ່າໄມ້, ກວດກາປ່າໄມ້ ແລະ ການທຸລະກິດໄມ້",,,,requests,200,raw/la/la_620/20260921T0446Z__scanned.pdf.headers.json,application/pdf,65c88c0309e3de2214926d5914b2de57660915c3e1645f74339674d335dc462a,332441,7,,,,corpus LA_corpus_2026-09-21: from LA_ws_2026-09-21; flags no_text_layer,2014-09-17,,,in_force
0.2.0,,la-la621-001,LA,https://laoofficialgazette.gov.la/kcfinder/upload/files/16.ຂໍ້ຕົກລົງ ວ່າດ້ວຍຈຸດສອບຖາມຂໍ້ມູນການຄ້າດ້ານການບໍລິການ.pdf,2026-09-21T01:03:46Z,pdf_scanned,true,raw/la/la_621/20260921T0103Z__scanned.pdf,ຂໍ້ຕົກລົງ ວ່າດ້ວຍ ຈຸດສອບຖາມຂໍ້ມູນການຄ້າ ດ້ານການບໍລິການ,,,,requests,200,raw/la/la_621/20260921T0103Z__scanned.pdf.headers.json,application/pdf,fe71ed6aaf3089d5f9dae6f45a766a60fa3245c5b897e4b81ea9ac232bdded45,122027,4,,,,corpus LA_corpus_2026-09-21: from LA_ws_2026-09-21; flags no_text_layer,2014-09-17,,,in_force
0.2.0,,la-la622-001,LA,https://laoofficialgazette.gov.la/kcfinder/upload/files/17.ຂໍ້ຕົກລົງ ວ່າດ້ວຍທຸລະກິດການຄ້າຂາຍຍົກ ແລະ ການຄ້າຂາຍຍ່ອຍ.pdf,2026-09-21T05:03:30Z,pdf_scanned,true,raw/la/la_622/20260921T0503Z__scanned.pdf,ຂໍ້ຕົກລົງ ວ່າດ້ວຍ ທຸລະກິດການຄ້າຂາຍຍົກ ແລະ ການຄ້າຂາຍຍ່ອຍ,,,,requests,200,raw/la/la_622/20260921T0503Z__scanned.pdf.headers.json,application/pdf,075cd66f6b0d7bfc1a4cf63abae98bd300ab9c35a8d22eaad3fb8c48b92be193,559388,7,,,,corpus LA_corpus_2026-09-21: from LA_ws_2026-09-21; flags no_text_layer,2014-09-17,,,repealed
0.2.0,,la-la623-001,LA,https://laoofficialgazette.gov.la/kcfinder/upload/files/18.ຂໍ້ຕົກລົງ ວ່າດ້ວຍມາດຕະຖານອາກາດທີ່ປ່ອຍອອກຈາກໂຮງງານອຸດສາຫະກຳປຸງແຕ່ງ.pdf,2026-09-21T04:47:07Z,pdf_scanned,true,raw/la/la_623/20260921T0447Z__scanned.pdf,ຂໍ້ຕົກລົງ ວ່າດ້ວຍ ມາດຕະຖານອາກາດ ທີ່ປ່ອຍອອກຈາກໂຮງງານ ອຸດສາຫະກຳປຸງແຕ່ງ,,,,requests,200,raw/la/la_623/20260921T0447Z__scanned.pdf.headers.json,application/pdf,2a5a11150672011be4199d0b01e7d8d04eb0df888399aebe1bae495934c7e788,462501,9,,,,corpus LA_corpus_2026-09-21: from LA_ws_2026-09-21; flags no_text_layer,2014-09-17,,,in_force
0.2.0,,la-la624-001,LA,https://laoofficialgazette.gov.la/kcfinder/upload/files/19.ຂໍ້ຕົກລົງ ວ່າດ້ວຍມາດຕະຖານໂຮງງານຂ້າສັດ.pdf,2026-09-21T05:03:12Z,pdf_scanned,true,raw/la/la_624/20260921T0503Z__scanned.pdf,ຂໍ້ຕົກລົງ ວ່າດ້ວຍ ມາດຕະຖານໂຮງງານຂ້າສັດ,,,,requests,200,raw/la/la_624/20260921T0503Z__scanned.pdf.headers.json,application/pdf,73abc9d7526a7febc67077eaa77c28662bb361cc79e6d79ed16ce9d3b892867d,502186,7,,,,corpus LA_corpus_2026-09-21: from LA_ws_2026-09-21; flags no_text_layer,2014-09-17,,,repealed
0.2.0,,la-la625-001,LA,https://laoofficialgazette.gov.la/kcfinder/upload/files/20.ຂໍ້ຕົກລົງ ວ່າດ້ວຍມາດຕະຖານໂຮງງານຜະລິດດິນຈີ່.pdf,2026-09-21T04:46:50Z,pdf_scanned,true,raw/la/la_625/20260921T0446Z__scanned.pdf,ຂໍ້ຕົກລົງ ວ່າດ້ວຍມາດຕະຖານໂຮງງານຜະລິດດິນຈີ່,,,,requests,200,raw/la/la_625/20260921T0446Z__scanned.pdf.headers.json,application/pdf,f0a265e749ee6f2dc858f69d537682ebf4b73c3ace4243cc9dd3b3738b2ea0d7,285138,6,,,,corpus LA_corpus_2026-09-21: from LA_ws_2026-09-21; flags no_text_layer,2014-09-17,,,in_force
0.2.0,,la-la626-001,LA,https://laoofficialgazette.gov.la/kcfinder/upload/files/21.ຂໍ້ຕົກລົງ ວ່າດ້ວຍມາດຕະຖານໂຮງງານອຸດສາຫະກຳປຸງແຕ່ງເຫຼັກ.pdf,2026-09-21T04:46:44Z,pdf_scanned,true,raw/la/la_626/20260921T0446Z__scanned.pdf,ຂໍ້ຕົກລົງ ວ່າດ້ວຍ ມາດຕະຖານໂຮງງານອຸດສາຫະກຳ ປຸງແຕ່ງເຫຼັກ,,,,requests,200,raw/la/la_626/20260921T0446Z__scanned.pdf.headers.json,application/pdf,339e55248fb2ad0b3574284620fca08980fc258cbb6be4fd3514d9f8f2cfa2c6,395333,6,,,,corpus LA_corpus_2026-09-21: from LA_ws_2026-09-21; flags no_text_layer,2014-09-17,,,in_force
0.2.0,,la-la628-001,LA,https://laoofficialgazette.gov.la/kcfinder/upload/files/23.ຂໍ້ຕົກລົງ ວ່າດ້ວຍລະບຽບການຂໍອະນຸຍາດນຳເຂົ້າ ແລະ ຈຳໜ່າຍນ້ຳມັນເຊື້ອໄຟຢູ່ ສປປລາວ.pdf,2026-09-21T05:03:20Z,pdf_scanned,true,raw/la/la_628/20260921T0503Z__scanned.pdf,ຂໍ້ຕົກລົງ ວ່າດ້ວຍ ລະບຽບການຂໍອະນຸຍາດ ນຳເຂົ້າ ແລະ ຈຳໜ່າຍ ນ້ຳມັນເຊື້ອໄຟຢູ່ ສປປ ລາວ,,,,requests,200,raw/la/la_628/20260921T0503Z__scanned.pdf.headers.json,application/pdf,f6d5700266bf14d1e18bd3a0f989f89ad9337491d0d1343b9f2cac4a3f4ebaf5,156521,3,,,,corpus LA_corpus_2026-09-21: from LA_ws_2026-09-21; flags no_text_layer,2014-09-17,,,repealed
0.2.0,,la-la629-001,LA,https://laoofficialgazette.gov.la/kcfinder/upload/files/24.ຂໍ້ຕົກລົງ ວ່າດ້ວຍລະບຽບການຂໍອະນຸຍາດນຳເຂົ້າ ແລະ ຈຳໜ່າຍອາຍແກັສຢູ່ ສປປລາວ.pdf,2026-09-21T04:46:36Z,pdf_scanned,true,raw/la/la_629/20260921T0446Z__scanned.pdf,ຂໍ້ຕົກລົງ ວ່າດ້ວຍ ລະບຽບການຂໍອະນຸຍາດ ນຳເຂົ້າ ແລະ ຈຳໜ່າຍ ອາຍແກັສຢູ່ ສປປ ລາວ,,,,requests,200,raw/la/la_629/20260921T0446Z__scanned.pdf.headers.json,application/pdf,bfa608ffaa4a89ed0636cfae1326461f396a1dc00207f1dee7e962f75a417747,149001,3,,,,corpus LA_corpus_2026-09-21: from LA_ws_2026-09-21; flags no_text_layer,2014-09-17,,,in_force
0.2.0,,la-la630-001,LA,https://laoofficialgazette.gov.la/kcfinder/upload/files/28.ຂໍຕົກລົງ ວ່າດ້ວຍມາດຕະຖານຂອງໂຮງງານຜະລິດນ້ຳດື່ມ.pdf,2026-09-21T04:46:26Z,pdf_scanned,true,raw/la/la_630/20260921T0446Z__scanned.pdf,ຂໍຕົກລົງ ວ່າດ້ວຍ ມາດຕະຖານຂອງໂຮງງານ ຜະລິດນ້ຳດື່ມ,,,,requests,200,raw/la/la_630/20260921T0446Z__scanned.pdf.headers.json,application/pdf,37d3a1c2509b2fc7a688bdfbd6e0387f2094c06964af3551d6a920687f46bd47,280841,6,,,,corpus LA_corpus_2026-09-21: from LA_ws_2026-09-21; flags no_text_layer,2014-09-17,,,in_force
0.2.0,,la-la631-001,LA,https://laoofficialgazette.gov.la/kcfinder/upload/files/29.ຂໍຕົກລົງ ວ່າດ້ວຍລະບຽບການຂໍອະນຸຍາດນຳເຂົ້າ ແລະ ການຈຳໜ່າຍລົດຢູ່ ສປປລາວ.pdf,2026-09-21T04:46:21Z,pdf_scanned,true,raw/la/la_631/20260921T0446Z__scanned.pdf,ຂໍຕົກລົງ ວ່າດ້ວຍ ລະບຽບການຂໍອະນຸຍາດ ນຳເຂົ້າ ແລະ ການຈຳໜ່າຍ ລົດຢູ່ ສປປ ລາວ,,,,requests,200,raw/la/la_631/20260921T0446Z__scanned.pdf.headers.json,application/pdf,0b66545d2a4727fa512ad39eae952a762c9c40ba4762fbb3b847d61a8b283813,120980,3,,,,corpus LA_corpus_2026-09-21: from LA_ws_2026-09-21; flags no_text_layer,2014-09-17,,,in_force
0.2.0,,la-la632-001,LA,https://laoofficialgazette.gov.la/kcfinder/upload/files/ຂໍ້ຕົກລົງ ວ່າດ້ວຍການຂໍອະນຸຍາດນຳເຂົ້າ ແລະ ສົ່ງອອກ ຄຳແທ່ງ.pdf,2026-09-21T04:45:02Z,pdf_scanned,true,raw/la/la_632/20260921T0445Z__scanned.pdf,ຂໍ້ຕົກລົງວ່າດ້ວຍ ການຂໍອະນຸຍາດ ນຳເຂົ້າ ແລະ ສົ່ງອອກ ຄຳແທ່ງ,,,,requests,200,raw/la/la_632/20260921T0445Z__scanned.pdf.headers.json,application/pdf,b3991668600e4924210ffb790c06a44a5c40707342d55db7cdb3835bb0a969fb,126746,3,,,,corpus LA_corpus_2026-09-21: from LA_ws_2026-09-21; flags no_text_layer,2014-09-22,,,in_force
0.2.0,,la-la633-001,LA,https://laoofficialgazette.gov.la/kcfinder/upload/files/ຂໍ້ຕົກລົງ ວ່າດ້ວຍການເຄື່ອນໄຫວວຽກງານຂໍ້ມູນຂ່າວສານສິນເຊື່ອ.pdf,2026-09-21T01:03:29Z,pdf_scanned,true,raw/la/la_633/20260921T0103Z__scanned.pdf,ຂໍ້ຕົກລົງວ່າດ້ວຍ ການເຄື່ອນໄຫວ ວຽກງານຂໍ້ມູນຂ່າວສານສິນເຊື່ອ,,,,requests,200,raw/la/la_633/20260921T0103Z__scanned.pdf.headers.json,application/pdf,42032e0df44e8a651820540066acf5a3ec1ca6a6b22e9c31616a04b27d6a58ab,491467,9,,,,corpus LA_corpus_2026-09-21: from LA_ws_2026-09-21; flags no_text_layer,2014-09-22,,,in_force
0.2.0,,la-la634-001,LA,https://laoofficialgazette.gov.la/kcfinder/upload/files/ຂໍ້ຕົກລົງ ວ່າດ້ວຍຄ່າສະມາຊິກ ແລະ ຄ່າບໍລິການຂໍ້ມູນຂ່າວສານສິນເຊື່ອ.pdf,2026-09-21T01:03:37Z,pdf_scanned,true,raw/la/la_634/20260921T0103Z__scanned.pdf,ຂໍ້ຕົກລົງວ່າດ້ວຍ ສະມາຊິກ ແລະ ຄ່າບໍລິການຂໍ້ມູນ ຂ່າວສານສິນເຊື່ອ,,,,requests,200,raw/la/la_634/20260921T0103Z__scanned.pdf.headers.json,application/pdf,08f7811f4994230033aacb34438db500f56c84c4e070efc0d2b5c0866dd8029d,132498,3,,,,corpus LA_corpus_2026-09-21: from LA_ws_2026-09-21; flags no_text_layer,2014-09-22,,,in_force
0.2.0,,la-la636-001,LA,https://laoofficialgazette.gov.la/kcfinder/upload/files/ດຳລັດວ່າດ້ວຍ  ການຄຸ້ມຄອງຂໍ້ມູນຂ່າວສານ ຜ່ານອິນເຕີເນັດ.pdf,2026-09-21T00:41:34Z,pdf_scanned,true,raw/la/la_636/20260921T0041Z__scanned.pdf,ດຳລັດວ່າດ້ວຍ ການຄຸ້ມຄອງຂໍ້ມູນຂ່າວສານ ຜ່ານອິນເຕີເນັດ,,,,requests,200,raw/la/la_636/20260921T0041Z__scanned.pdf.headers.json,application/pdf,410ac56d6b04b47d5002c059da44019ebefb072ab9927b52c22d3ee35eea50da,608269,8,,,,corpus LA_corpus_2026-09-21: from LA_ws_2026-09-21; flags no_text_layer,2014-09-25,,,in_force
0.2.0,,la-la637-001,LA,"https://laoofficialgazette.gov.la/kcfinder/upload/files/2,ຄໍາສັ່ງເພີ່ມທະວີຄວາມເອົາໃຈໃສ່ຄຸ້ມຄອງສິນຄ້າສະບຽງອາຫານປະເພດເຂົ້າກິນຢູ່ພາຍໃນປະເທດ.pdf",2026-09-21T03:08:43Z,pdf_scanned,true,raw/la/la_637/20260921T0308Z__scanned.pdf,ຄຳສັ່ງ ເລື່ອງການເພີ່ມທະວີຄວາມເອົາໃຈໃສ່ ຕໍ່ການຄຸ້ມຄອງສິນຄ້າສະບຽງອາຫານ ປະເພດເຂົ້າກິນ ຢູ່ພາຍໃນປະເທດ,,,,playwright,200,raw/la/la_637/20260921T0308Z__scanned.pdf.headers.json,application/pdf,7d40a261d8be1b57a247bdc994d8619d6b076af97ee100e97d4f3ed555f0e019,135453,3,,,,corpus LA_corpus_2026-09-21: from LA_ws_2026-09-21; flags no_text_layer,2014-09-26,,,in_force
0.2.0,,la-la638-001,LA,"https://laoofficialgazette.gov.la/kcfinder/upload/files/6,ຄຳສັ່ງແນະນຳ ກ່ຽວກັບການຊຸກຍູ້ສົ່ງເສີມ,ການຄຸ້ມຄອງ ແລະ ກວດກາກິດຈະການໂຮງງານຜະລິດຢາສູບ.pdf",2026-09-21T03:08:52Z,pdf_scanned,true,raw/la/la_638/20260921T0308Z__scanned.pdf,"ຄຳສັ່ງແນະນຳ ກ່ຽວກັບການຊຸກຍູ້ສົ່ງເສີມ,ການຄຸ້ມຄອງ ແລະ ກວດກາ ກິດຈະການໂຮງງານຜະລິດຢາສູບ",,,,requests,200,raw/la/la_638/20260921T0308Z__scanned.pdf.headers.json,application/pdf,e6aaf82e63f83116be7333830adbe30be683101a49b0b59a812c080d0119e09b,358139,6,,,,corpus LA_corpus_2026-09-21: from LA_ws_2026-09-21; flags no_text_layer,2014-09-26,,,in_force
0.2.0,,la-la639-001,LA,"https://laoofficialgazette.gov.la/kcfinder/upload/files/7,ຄຳສັ່ງແນະນຳ ກ່ຽວກັບການລົບລ້າງສິ່ງກີດຂວາງທີ່ເປັນອຸປະສັກຕໍ່ການຈໍລະຈອນສິນຄ້າ.pdf",2026-09-21T03:08:59Z,pdf_scanned,true,raw/la/la_639/20260921T0308Z__scanned.pdf,ຄຳສັ່ງແນະນຳ ກ່ຽວກັບການລົບລ້າງສິ່ງກີດຂວາງ ທີ່ເປັນອຸປະສັກຕໍ່ການຈໍລະຈອນສິນຄ້າ,,,,requests,200,raw/la/la_639/20260921T0308Z__scanned.pdf.headers.json,application/pdf,1e742149a411e60ba9ac6beba24e38bbd8baa1aa89fb23e0d59b55d86e941d17,106386,2,,,,corpus LA_corpus_2026-09-21: from LA_ws_2026-09-21; flags no_text_layer,2014-09-26,,,in_force
0.2.0,,la-la640-001,LA,"https://laoofficialgazette.gov.la/kcfinder/upload/files/8,ຄຳສັ່ງແນະນຳ ຂອງນາຍົກລັດຖະມົນຕີ.pdf",2026-09-21T03:09:08Z,pdf_scanned,true,raw/la/la_640/20260921T0309Z__scanned.pdf,ຄຳສັ່ງແນະນຳ ຂອງນາຍົກລັດຖະມົນຕີກ່ຽວກັບ ການຕ້ານ ແລະ ສະກັດກັ້ນ ການຂຸດຄົ້ນ ແລະ ຊື້-ຂາຍ ປະເພດໄມ້ຫວງຫ້າມ,,,,requests,200,raw/la/la_640/20260921T0309Z__scanned.pdf.headers.json,application/pdf,33ba9b245faf6827aefa5e7aa3fe3d4665301b6b61b76a7b228818ae1075b53c,108126,3,,,,corpus LA_corpus_2026-09-21: from LA_ws_2026-09-21; flags no_text_layer,2014-09-26,,,in_force
0.2.0,,la-la641-001,LA,"https://laoofficialgazette.gov.la/kcfinder/upload/files/10,ຄຳສັ່ງແນະນຳ ໃຫ້ຄຸ້ມຄອງລາຄາຊີ້ນງົວ,ໝູ,ໄກ່ແລະ ປາ.pdf",2026-09-21T03:09:17Z,pdf_scanned,true,raw/la/la_641/20260921T0309Z__scanned.pdf,"ຄຳສັ່ງແນະນຳ ເລື່ອງການຄຸ້ມຄອງລາຄາ ຊີ້ນງົວ,ໝູ,ໄກ່ແລະ ປາ",,,,requests,200,raw/la/la_641/20260921T0309Z__scanned.pdf.headers.json,application/pdf,aeef553c04b751c66571fcb7314043174902d849b9affd4b80b34b949a21c1a3,418437,2,,,,corpus LA_corpus_2026-09-21: from LA_ws_2026-09-21; flags no_text_layer,2014-09-26,,,in_force
0.2.0,,la-la642-001,LA,"https://laoofficialgazette.gov.la/kcfinder/upload/files/11,ຄຳສັ່ງແນະນຳ ໃຫ້ຄຸ້ມຄອງລາຄາໝູ ແລະ .pdf",2026-09-21T03:09:22Z,pdf_scanned,true,raw/la/la_642/20260921T0309Z__scanned.pdf,"ຄຳສັ່ງແນະນຳ ເລື່ອງໃຫ້ຄຸ້ມຄອງລາຄາໝູ ແລະ ຊີ້ນໝູ ດ້ວຍການກຳນົດໂຄງສ້າງລາຄາ ໃນແຕ່ລະຂອດ(ລ້ຽງ,ນາຍຮ້ອຍ ແລະ ລູກຂຽງ)",,,,requests,200,raw/la/la_642/20260921T0309Z__scanned.pdf.headers.json,application/pdf,df84e91d36af321eefaa1bb515b33274110a7a489697ab77b2b99641dd953ce6,122650,2,,,,corpus LA_corpus_2026-09-21: from LA_ws_2026-09-21; flags no_text_layer,2014-09-26,,,in_force
0.2.0,,la-la643-001,LA,"https://laoofficialgazette.gov.la/kcfinder/upload/files/13,ຄຳສັ່ງແນະນຳ ໃຫ້ບໍລິສັດວິສາຫະກິດຕ່າງໆນຳສ.pdf",2026-09-21T03:09:43Z,pdf_scanned,true,raw/la/la_643/20260921T0309Z__scanned.pdf,ຄຳສັ່ງແນະນຳ ໃຫ້ບໍລິສັດ ວິສາຫະກິດຕ່າງໆ ນຳສິນຄ້າທີ່ຜະລິດໄດ້ພາຍໃນ ເອົາໄປຈຳໜ່າຍແທນການນຳເຂົ້າ,,,,requests,200,raw/la/la_643/20260921T0309Z__scanned.pdf.headers.json,application/pdf,3aadbe00ecc57a6cdd1015360edf8001b15a7591ce4686f6ede8f7338ae4cb04,84796,2,,,,corpus LA_corpus_2026-09-21: from LA_ws_2026-09-21; flags no_text_layer,2014-09-26,,,in_force
0.2.0,,la-la644-001,LA,"https://laoofficialgazette.gov.la/kcfinder/upload/files/12,ຄຳສັ່ງແນະນຳ ໃຫ້ບັນດາບໍລິສັດ,ວິສາຫະກິດ ແລະ .pdf",2026-09-21T03:09:30Z,pdf_scanned,true,raw/la/la_644/20260921T0309Z__scanned.pdf,"ຄຳສັ່ງແນະນຳ ໃຫ້ບັນດາບໍລິສັດ,ວິສາຫະກິດ ແລະ ຮ້ານຈຳໜ່່າຍຕ່າງໆ ນຳເອົາສິນຄ້າທີ່ຜະລິດໄດ້ພາຍໃນປະເທດ ໄປຈຳໜ່າຍແທນການນຳເຂົ້າ",,,,requests,200,raw/la/la_644/20260921T0309Z__scanned.pdf.headers.json,application/pdf,f6b0189b159a1956f6701aa11fbc2760156066c65b827ece14d0a9cbb88a852e,91234,2,,,,corpus LA_corpus_2026-09-21: from LA_ws_2026-09-21; flags no_text_layer,2014-09-26,,,in_force
0.2.0,,la-la645-001,LA,"https://laoofficialgazette.gov.la/kcfinder/upload/files/14,ຄຳສັ່ງແນະນຳ ໃຫ້ເພີ່ມທະວີ.pdf",2026-09-21T03:09:36Z,pdf_scanned,true,raw/la/la_645/20260921T0309Z__scanned.pdf,"ຄຳສັ່ງແນະນຳ ເລື່ອງໃຫ້ເພີ່ມທະວີຄວາມເອົາໃຈໃສ່ ໃນການຕິດຕາມ,ກວດກາ ແກ້ໄຂກ່ຽວກັບສະພາບການປັ່ນປ່ວນ ກັກຕຸນ ແລະ ສວຍໂອກາດຂຶ້ນລາຄາສິນຄ້າ ໃນທຸກສະຖານະການ ລວມທັງໃນເທດສະການຕ່າງໆຢ່າງເຂັ້ມງວດ",,,,requests,200,raw/la/la_645/20260921T0309Z__scanned.pdf.headers.json,application/pdf,26a440f1d2608b955f8edc9be37b0e9e64c5fcf864e9d4fda7d6d229739ccb9d,174012,3,,,,corpus LA_corpus_2026-09-21: from LA_ws_2026-09-21; flags no_text_layer,2014-09-26,,,in_force
0.2.0,,la-la646-001,LA,"https://laoofficialgazette.gov.la/kcfinder/upload/files/15,ຄຳສັ່ງແນະນຳເລື່ອງ ການຈັດຕັ້ງປະຕິບັດວຽກງານການຄຸ້ມຄອງສິນຄ້າ-ລາຄາ.pdf",2026-09-21T03:08:36Z,pdf_scanned,true,raw/la/la_646/20260921T0308Z__scanned.pdf,ຄຳສັ່ງແນະນຳ ເລື່ອງການຈັດຕັ້ງປະຕິບັດວຽກງານການຄຸ້ມຄອງ ສິນຄ້າ-ລາຄາ,,,,requests,200,raw/la/la_646/20260921T0308Z__scanned.pdf.headers.json,application/pdf,d7800b0458fe2947c873602b7f7bffdcc05dc5be2e330f5a1b42d6f05975c5f5,255081,3,,,,corpus LA_corpus_2026-09-21: from LA_ws_2026-09-21; flags no_text_layer,2014-09-26,,,in_force
0.2.0,,la-la648-001,LA,"https://laoofficialgazette.gov.la/kcfinder/upload/files/17,ຄຳແນະນຳຂອງລັດຖະມົນຕີກະຊວງອຸດສາຫະກຳ ແລະ .pdf",2026-09-21T01:13:04Z,pdf_scanned,true,raw/la/la_648/20260921T0113Z__scanned.pdf,ຄຳແນະນຳເພີ່ມເຕີມ ຂອງລັດຖະມົນຕີວ່າການ ກະຊວງອຸດສາຫະກຳ ແລະ ການຄ້າ ກ່ຽວກັບການແຈ້ງຂຶ້ນແລະ ດັດແກ້ທະບຽນວິສາຫະກິດ ຕາມກົດໝາຍວ່າດ້ວຍວິສາຫະກິດ,,,,requests,200,raw/la/la_648/20260921T0113Z__scanned.pdf.headers.json,application/pdf,067e20d02092ec228193f406138888f79c19d4b77ac69ee5703f53e4ca316403,593918,6,,,,corpus LA_corpus_2026-09-21: from LA_ws_2026-09-21; flags no_text_layer,2014-09-26,,,in_force
0.2.0,,la-la649-001,LA,"https://laoofficialgazette.gov.la/kcfinder/upload/files/18,ຄຳແນະນຳຂອງລັດຖະມົນຕີວ່າການກະຊວງອຸດສາຫະກຳ .pdf",2026-09-21T01:12:55Z,pdf_scanned,true,raw/la/la_649/20260921T0112Z__scanned.pdf,ຄຳແນະນຳ ຂອງລັດຖະມົນວ່າການ ຕີກະຊວງອຸດສາຫະກຳ ແລະ ການຄ້າ ກ່ຽວກັບການແຈ້ງຂຶ້ນທະບຽນວິສາຫະກິດ,,,,requests,200,raw/la/la_649/20260921T0112Z__scanned.pdf.headers.json,application/pdf,8d0a0601a8d9de96b02b3ee94b114e2b933b5892329f4b3feedb2072b6a31370,575935,11,,,,corpus LA_corpus_2026-09-21: from LA_ws_2026-09-21; flags no_text_layer,2014-09-26,,,in_force
0.2.0,,la-la650-001,LA,https://laoofficialgazette.gov.la/kcfinder/upload/files/ຂໍ້ຕົກລົງ ວ່າດ້ວຍການປະເມີນຜົນກະທົບຕໍ່ສິ່ງແວດລ້ອມ ສຳລັບອຸດສາຫະກຳ1.pdf,2026-09-21T04:44:59Z,pdf_scanned,true,raw/la/la_650/20260921T0444Z__scanned.pdf,ຂໍ້ຕົກລົງ ວ່າດ້ວຍການປະເມີນຜົນກະທົບຕໍ່ສິ່ງແວດລ້ອມ ສຳລັບອຸດສາຫະກຳ ແລະ ຫັດຖະກຳປຸງແຕ່ງຢູ່ໃນ ສປປ ລາວ,,,,requests,200,raw/la/la_650/20260921T0444Z__scanned.pdf.headers.json,application/pdf,7faab2474f70cc52972986539075d5148b378ad04da5b854dc8d53d304ed6987,3418131,23,,,,corpus LA_corpus_2026-09-21: from LA_ws_2026-09-21; flags no_text_layer,2014-10-02,,,in_force
0.2.0,,la-la651-001,LA,https://laoofficialgazette.gov.la/kcfinder/upload/files/ຂໍ້ຕົກລົງ ວ່າດ້ວຍມາດຕະຖານໂຮງງານ ອຸດສາຫະກຳປຸງແຕ່ງໄມ້.pdf,2026-09-21T05:02:55Z,pdf_scanned,true,raw/la/la_651/20260921T0502Z__scanned.pdf,ຂໍ້ຕົກລົງ ວ່າດ້ວຍມາດຕະຖານໂຮງງານ ອຸດສາຫະກຳປຸງແຕ່ງໄມ້,,,,requests,200,raw/la/la_651/20260921T0502Z__scanned.pdf.headers.json,application/pdf,e1e790504089d5e19dda78ad0d90b827dbd2c4bcecce37f8336e9e5c1946d580,510518,9,,,,corpus LA_corpus_2026-09-21: from LA_ws_2026-09-21; flags no_text_layer,2014-10-02,,,repealed
0.2.0,,la-la652-001,LA,https://laoofficialgazette.gov.la/kcfinder/upload/files/ຂໍ້ຕົກລົງ ວ່າດ້ວຍຮູບແບບ ແລະ ຂະໜາດຜະລິດຕະພັນໄມ້.pdf,2026-09-21T04:44:31Z,pdf_scanned,true,raw/la/la_652/20260921T0444Z__scanned.pdf,ຂໍ້ຕົກລົງ ວ່າດ້ວຍຮູບແບບ ແລະ ຂະໜາດຜະລິດຕະພັນໄມ້,,,,requests,200,raw/la/la_652/20260921T0444Z__scanned.pdf.headers.json,application/pdf,d7850b5935f90c1f6c5de261f64666e354072444e7c6619e8b103a48372b1f37,686380,7,,,,corpus LA_corpus_2026-09-21: from LA_ws_2026-09-21; flags no_text_layer,2014-10-02,,,in_force
0.2.0,,la-la653-001,LA,https://laoofficialgazette.gov.la/kcfinder/upload/files/ຄຳສັ່ງແນະນຳ ວ່າດ້ວຍການກວດກາ ແລະ ມາດຕະຖານຕໍ່ຜູ້ທີ່ນຳເຂົ້າຍານພາຫະນະ.pdf,2026-09-21T03:08:28Z,pdf_scanned,true,raw/la/la_653/20260921T0308Z__scanned.pdf,ຄຳສັ່ງ ວ່າດ້ວຍການກວດກາ ແລະ ມາດຕະຖານຕໍ່ຜູ້ທີ່ນຳເຂົ້າຍານພາຫະນະທຸກປະເພດ ແບບບໍ່ຖືກຕ້ອງ ແລະ ນຳໃຊ້ບໍ່ຖືກເປົ້າໝາຍ,,,,requests,200,raw/la/la_653/20260921T0308Z__scanned.pdf.headers.json,application/pdf,07c8f8e31591044a99142422d5a4e75a01f23d2eeacfcef1aedb7b97b0eb63de,146268,3,,,,corpus LA_corpus_2026-09-21: from LA_ws_2026-09-21; flags no_text_layer,2014-10-02,,,in_force
0.2.0,,la-la654-001,LA,https://laoofficialgazette.gov.la/kcfinder/upload/files/ຄຳສັ່ງ ກ່ຽວກັບການແນະນຳປະຕິບັດຂໍ້ທີ 10.1 ຂອງຂໍ້ຕົກລົງສະບັບຂອງຂໍ້ຕົກລົງສະບັບເລກທີ32ນຍ.pdf,2026-09-21T03:08:18Z,pdf_scanned,true,raw/la/la_654/20260921T0308Z__scanned.pdf,ຄຳສັ່ງ ກ່ຽວກັບການແນະນຳປະຕິບັດຂໍ້ທີ 10.1 ຂອງຂໍ້ຕົກລົງສະບັບ ເລກທີ32/ນຍ,,,,requests,200,raw/la/la_654/20260921T0308Z__scanned.pdf.headers.json,application/pdf,d4d172f353fe4d938fb9df3a8b3afb43963c1f9dfaa3d4a193c9773547ca4f6a,95703,2,,,,corpus LA_corpus_2026-09-21: from LA_ws_2026-09-21; flags no_text_layer,2014-10-03,,,in_force
0.2.0,,la-la663-001,LA,https://laoofficialgazette.gov.la/kcfinder/upload/files/8. ຄຳ​ແນະ​ນຳ​ຊຸກ​ຍູ້​ການ​ບົວ​ລະ​ບັດ​ເຂົ້າ​ນາ​ປີ ແລະ ການ​ກະ​ກຽມ​ການ​ຜະ​ລິດ​ລະ​ດູ​ແລ້ງ.pdf,2026-09-21T05:25:40Z,pdf_scanned,true,raw/la/la_663/20260921T0525Z__scanned.pdf,ຄຳແນະນຳຂອງລັດຖະມົນຕີ ກ່ຽວກັບການຊຸກຍູ້ ການບົວລະບັດເຂົ້ານາປີ ແລະ ການກະກຽມການຜະລິດລະດູແລ້ງ,,,,requests,200,raw/la/la_663/20260921T0525Z__scanned.pdf.headers.json,application/pdf,b7be79091e25404b47511177a893fd49ddc2dffb404a268608388f58be8c4210,149164,3,,,,corpus LA_corpus_2026-09-21: from LA_ws_2026-09-21; flags no_text_layer,2014-10-07,,,in_force
0.2.0,,la-la664-001,LA,https://laoofficialgazette.gov.la/kcfinder/upload/files/9.ຄຳ​ແນະ​ນຳ ເຮັດ​ນາ​ປູກ​ເຂົ້າ​ດ້ວຍ​ການ​ນຳ​ໃຊ້​ກ້າ​ກີບ​ດຽວ​ຢ່າງ​ກ້ວງ​ຂວາງ.pdf,2026-09-21T05:25:49Z,pdf_scanned,true,raw/la/la_664/20260921T0525Z__scanned.pdf,ຄຳແນະນຳຂອງລັດຖະມົນຕີ ກ່ຽວກັັບການຂະຫຍາຍກະເສດສຸມ ເຮັດນາປູກເຂົ້າດ້ວຍການນຳໃຊ້ ກ້າກີບດຽວຢ່າງກ້ວາງຂວາງ,,,,requests,200,raw/la/la_664/20260921T0525Z__scanned.pdf.headers.json,application/pdf,329ee33686420af9a37cf5f1fa37c5af61cad3314ed48c37ed4d1a0371a3e3aa,150814,3,,,,corpus LA_corpus_2026-09-21: from LA_ws_2026-09-21; flags no_text_layer,2014-10-07,,,in_force
0.2.0,,la-la666-001,LA,"https://laoofficialgazette.gov.la/kcfinder/upload/files/ດຳລັດ ວ່າດ້ວຍກອງທຶນຄວບຄຸມ, ສະກັດກັ້ນ ແລະ ຕ້ານຢາເສບຕິດ.pdf",2026-09-21T02:33:21Z,pdf_scanned,true,raw/la/la_666/20260921T0233Z__scanned.pdf,"ດຳລັດ ວ່າດ້ວຍກອງທຶນຄວບຄຸມ, ສະກັດກັ້ນ ແລະ ຕ້ານຢາເສບຕິດ",,,,requests,200,raw/la/la_666/20260921T0233Z__scanned.pdf.headers.json,application/pdf,19fefec8bdc4cc403c6712c826bfc1071f74fb7f66f91bd5a70ff125565228a8,529537,9,,,,corpus LA_corpus_2026-09-21: from LA_ws_2026-09-21; flags no_text_layer,2014-10-10,,,in_force
0.2.0,,la-la667-001,LA,https://laoofficialgazette.gov.la/kcfinder/upload/files/ກົດໝາຍວ່າດ້ວຍແຮງງານ ສະບັບປັບປຸງ (2).pdf,2026-09-21T01:35:39Z,pdf_scanned,true,raw/la/la_667/20260921T0135Z__scanned.pdf,ກົດ​ໝາຍ ວ່າ​ດ້ວຍ​ແຮງ​ງານ ສະ​ບັບ​ປັບ​ປຸງ,,,,requests,200,raw/la/la_667/20260921T0135Z__scanned.pdf.headers.json,application/pdf,11e4ca27376f60ca446cc1daead9674dfe017b7b0ef56cd28fb2727812c8d9d4,6453282,66,,,,corpus LA_corpus_2026-09-21: from LA_ws_2026-09-21; flags no_text_layer,2014-10-14,,,in_force
0.2.0,,la-la668-001,LA,https://laoofficialgazette.gov.la/kcfinder/upload/files/ຄຳສັ່ງຂອງລັດຖະມົນຕີ ກ່ຽວກັບການເພີ່ມທະວີຄວາມເຢາຂ້າຫຍ້າ.pdf,2026-09-21T03:08:17Z,pdf_scanned,true,raw/la/la_668/20260921T0308Z__scanned.pdf,"ຄຳສັ່ງຂອງລັດຖະມົນຕີ ກ່ຽວກັບການເພີ່ມທະວີຄວາມເຂັ້ມງວດ ໃນການຄຸ້ມຄອງ, ກວດກາຝຸ່ນ, ແນວພັນພືດ ແລະ ຢາຂ້າຫຍ້າ ລວມທັງຢາປາບສັດຕູພືດອື່ນໆ ທີ່ນຳໃຊ້ຢູ ສປປ ລາວ",,,,playwright,200,raw/la/la_668/20260921T0308Z__scanned.pdf.headers.json,application/pdf,d95b62e9143b6a8a3f1f38f953557c9c43cbaabc848225b6a5f0461eeeba26fb,1151228,3,,,,corpus LA_corpus_2026-09-21: from LA_ws_2026-09-21; flags no_text_layer,2014-10-15,,,in_force
0.2.0,,la-la670-001,LA,"https://laoofficialgazette.gov.la/kcfinder/upload/files/ກົດໝາຍວ່າດ້ວຍການກວດສອບອິດສະລະ,,.pdf",2026-09-21T01:45:17Z,pdf_scanned,true,raw/la/la_670/20260921T0145Z__scanned.pdf,ກົດໝາຍວ່າດ້ວຍ ການກວດສອບອິດສະລະ,,,,playwright,200,raw/la/la_670/20260921T0145Z__scanned.pdf.headers.json,application/pdf,f4f0dbd9e6aad50a581992df7d970ed9276ff0247093f720679e8031c2f5fff0,3544407,35,,,,corpus LA_corpus_2026-09-21: from LA_ws_2026-09-21; flags no_text_layer,2014-10-23,,,repealed
0.2.0,,la-la671-001,LA,https://laoofficialgazette.gov.la/kcfinder/upload/files/ຂໍ້ຕົກລົງ (2).pdf,2026-09-21T04:44:20Z,pdf_scanned,true,raw/la/la_671/20260921T0444Z__scanned.pdf,ຂໍ້ຕົກລົງຂອງລັດຖະມົນຕີ ວ່າດ້ວຍການຄຸ້ມຄອງ ກິດຈະການຟາມລ້ຽງສັດ ໃນ ສປປ ລາວ,,,,requests,200,raw/la/la_671/20260921T0444Z__scanned.pdf.headers.json,application/pdf,aae7589cae0bf04ef0e73dd612da8d798ca5c7276a84dd26286734da8654e051,5387901,9,,,,corpus LA_corpus_2026-09-21: from LA_ws_2026-09-21; flags no_text_layer,2014-10-23,,,in_force
0.2.0,,la-la672-001,LA,https://laoofficialgazette.gov.la/kcfinder/upload/files/ຂໍ້ຕົກລົງ ດ້ານກະສິກຳແລະ ປ້າໄມ້.pdf,2026-09-21T05:02:41Z,pdf_scanned,true,raw/la/la_672/20260921T0502Z__scanned.pdf,ຂໍ້ຕົກລົງຂອງລັດຖະມົນຕີ ວ່າດ້ວຍຄອບຄົວຕົວແບບ ແລະ ບ້ານພັດທະນາດ້ານກະສິກຳ ແລະ ປ່າໄມ້,,,,requests,200,raw/la/la_672/20260921T0502Z__scanned.pdf.headers.json,application/pdf,3f0da8a524a58707008b179a7b6cd169219f2f77e83fc6ccd5d33ef3e2dc2a3e,215569,4,,,,corpus LA_corpus_2026-09-21: from LA_ws_2026-09-21; flags no_text_layer,2014-10-23,,,repealed
0.2.0,,la-la673-001,LA,https://laoofficialgazette.gov.la/kcfinder/upload/files/ຂໍ້ຕົກລົງ.pdf,2026-09-21T04:44:29Z,pdf_scanned,true,raw/la/la_673/20260921T0444Z__scanned.pdf,ຂໍ້ຕົກລົງຂອງລັດຖະມົນຕີ ວ່າດ້ວຍການຄຸ້ມຄອງຝຸ່ນ ໃນ ສປປ ລາວ,,,,requests,200,raw/la/la_673/20260921T0444Z__scanned.pdf.headers.json,application/pdf,c299deb749add3c368484eacfa2d575bf5b7da587edd48baa803c058b59b0372,8087153,18,,,,corpus LA_corpus_2026-09-21: from LA_ws_2026-09-21; flags no_text_layer,2014-10-23,,,in_force
0.2.0,,la-la675-001,LA,"https://laoofficialgazette.gov.la/kcfinder/upload/files/4,. ຂໍ້ຕົກລົງຂອງລັດຖະມົນຕີ.pdf",2026-09-21T05:02:35Z,pdf_scanned,true,raw/la/la_675/20260921T0502Z__scanned.pdf,ຂໍ້ຕົກລົງຂອງລັດຖະມົນຕີ ວ່າດ້ວຍການຄຸ້ມຄອງ ແລະ ນຳໃຊ້ແນວພັນພືດ,,,,requests,200,raw/la/la_675/20260921T0502Z__scanned.pdf.headers.json,application/pdf,6ac191e4a3c43f290cdb612d2c192db6ce83ff38c889ac593e11d171791a3394,1315958,12,,,,corpus LA_corpus_2026-09-21: from LA_ws_2026-09-21; flags no_text_layer,2014-11-04,,,repealed
0.2.0,,la-la676-001,LA,https://laoofficialgazette.gov.la/kcfinder/upload/files/5. ຂໍ້​ຕົກ​ລົງ​ຂອງ​ລັດ​ຖະ​ມົນ​ວ່າ​ດ້ວຍ​.pdf,2026-09-21T01:03:21Z,pdf_scanned,true,raw/la/la_676/20260921T0103Z__scanned.pdf,ຂໍ້ຕົກລົງຂອງລັດຖະມົນຕີ ວ່າດ້ວຍການຂຶ້ນທະບຽນພິມສັດ,,,,requests,200,raw/la/la_676/20260921T0103Z__scanned.pdf.headers.json,application/pdf,1b9e0277ad1f97a5ca35319f84d98bfa3422d372f82d1f886a00d84cafdbc635,451926,8,,,,corpus LA_corpus_2026-09-21: from LA_ws_2026-09-21; flags no_text_layer,2014-11-04,,,in_force
0.2.0,,la-la677-001,LA,https://laoofficialgazette.gov.la/kcfinder/upload/files/6.ຂໍ້​ຕົກ​ລົງ ລ​ຕ ວດ .pdf,2026-09-21T04:44:08Z,pdf_scanned,true,raw/la/la_677/20260921T0444Z__scanned.pdf,ຂໍ້ຕົກລົງຂອງລັດຖະມົນຕີ ວ່າດ້ວຍຫຼັກການພື້ນຖານກ່ຽວກັບການນຳໃຊ້ ມາດຕະການສຸຂານາໄມ ແລະ ສຸຂານາໄມພືດ ເຂົ້າໃນການຄຸ້ມຄອງຜະລິດຕະພັນພືດ ແລະ ສັດ,,,,requests,200,raw/la/la_677/20260921T0444Z__scanned.pdf.headers.json,application/pdf,2dde7c20711d671e6d5eaf4810b6c4644cf4facd9cc34dd9dfef225776b3d738,599581,10,,,,corpus LA_corpus_2026-09-21: from LA_ws_2026-09-21; flags no_text_layer,2014-11-04,,,in_force
0.2.0,,la-la678-001,LA,https://laoofficialgazette.gov.la/kcfinder/upload/files/7.ຂໍ່​ຕົກ​ລົງ .pdf,2026-09-21T04:44:01Z,pdf_scanned,true,raw/la/la_678/20260921T0444Z__scanned.pdf,ຂໍ້ຕົກລົງຂອງລັດຖະມົນຕີ ວ່າດ້ວຍການຂ້າສັດ ແລະ ການກວດກາອະນາໄມ ຜະລິດຕະພັນສັດ,,,,requests,200,raw/la/la_678/20260921T0444Z__scanned.pdf.headers.json,application/pdf,a8f1a9edf4f15baa135de290801ff7307938ec25dc3281cdde0dfc7a63325c3e,1332293,22,,,,corpus LA_corpus_2026-09-21: from LA_ws_2026-09-21; flags no_text_layer,2014-11-04,,,in_force
0.2.0,,la-la679-001,LA,"https://laoofficialgazette.gov.la/kcfinder/upload/files/9, ຂໍ້ຕົກລົງ ຂອງ ລຕ .pdf",2026-09-21T04:43:43Z,pdf_scanned,true,raw/la/la_679/20260921T0443Z__scanned.pdf,"ຂໍ້ຕົກລົງຂອງລັດຖະມົນຕີ ວ່າດ້ວຍການຄຸ້ມຄອງ ຫ້ອງປິ່ນປົວສັດ, ຮ້ານຂາຍຢາ ແລະ ເຄື່ອງມືສັດຕະວະເພດ",,,,requests,200,raw/la/la_679/20260921T0443Z__scanned.pdf.headers.json,application/pdf,039892c0e2f8ed254355ae6ee637c1b9d411224c8394dd893a082ad166290dd3,3798247,9,,,,corpus LA_corpus_2026-09-21: from LA_ws_2026-09-21; flags no_text_layer,2014-11-05,,,in_force
0.2.0,,la-la680-001,LA,https://laoofficialgazette.gov.la/kcfinder/upload/files/10. ຂໍ້ຕົກລົງ ຂອງ ລຕ .pdf,2026-09-21T04:43:45Z,pdf_scanned,true,raw/la/la_680/20260921T0443Z__scanned.pdf,"ຂໍ້ຕົກລົງຂອງລັດຖະມົນຕີ ວ່າດ້ວຍລະບຽບການນຳເຂົ້າ, ການຄຸ້ມຄອງ ແລະ ການນຳໃຊ້ເຄື່ອງຈັກຕັດໄມ້",,,,playwright,200,raw/la/la_680/20260921T0443Z__scanned.pdf.headers.json,application/pdf,cc864a9f96ac6b9596cc68d9c756367f1ee731f0b0c5622ccc43131fc362582d,1082740,3,,,,corpus LA_corpus_2026-09-21: from LA_ws_2026-09-21; flags no_text_layer,2014-11-05,,,in_force
0.2.0,,la-la681-001,LA,https://laoofficialgazette.gov.la/kcfinder/upload/files/11. ຂໍ້ຕົກລົງ .pdf,2026-09-21T04:42:36Z,pdf_scanned,true,raw/la/la_681/20260921T0442Z__scanned.pdf,ຂໍ້ຕົກລົງຂອງລັດຖະມົນຕີ ວ່າດ້ວຍມາດຕະຖານກະສິກຳທີ່ດີ ກ່ຽວກັບຄຸນນະພາບຂອງຜົນຜະລິດ,,,,requests,200,raw/la/la_681/20260921T0442Z__scanned.pdf.headers.json,application/pdf,65fa9d78d26860b580ecddf3393e28cf0c449f2ccf4cee17e7f76c239ba55234,1192125,8,,,,corpus LA_corpus_2026-09-21: from LA_ws_2026-09-21; flags no_text_layer,2014-11-05,,,in_force
0.2.0,,la-la682-001,LA,https://laoofficialgazette.gov.la/kcfinder/upload/files/12. ຂໍ້ຕົກລົງ .pdf,2026-09-21T04:43:56Z,pdf_scanned,true,raw/la/la_682/20260921T0443Z__scanned.pdf,ຂໍ້ຕົກລົງຂອງລັດຖະມົນຕີ ວ່າດ້ວຍມາດຕະຖານກະສິກຳທີ່ດີ ກ່ຽວກັບການຈັດການ ດ້ານສິ່ງແວດລ້ອມ,,,,requests,200,raw/la/la_682/20260921T0443Z__scanned.pdf.headers.json,application/pdf,c63299358b41529d9d429d24362b70cfde672b8e7cc7ea9355ed20e1740acda0,3092468,9,,,,corpus LA_corpus_2026-09-21: from LA_ws_2026-09-21; flags no_text_layer,2014-11-05,,,in_force
0.2.0,,la-la683-001,LA,"https://laoofficialgazette.gov.la/kcfinder/upload/files/14, ຂໍ້ຕົກລົງ .pdf",2026-09-21T05:01:56Z,pdf_scanned,true,raw/la/la_683/20260921T0501Z__scanned.pdf,ຂໍ້ຕົກລົງຂອງລັດຖະມົນຕີ ວ່າດ້ວຍການຄຸ້ມຄອງ ຢາປາບສັດຕູພືດ ໃນ ສປປ ລາວ,,,,playwright,200,raw/la/la_683/20260921T0501Z__scanned.pdf.headers.json,application/pdf,8577b484f8cb419c5e114118e0cbf4bea3799328b1906ee587f2ab9f3cd06d10,686518,17,,,,corpus LA_corpus_2026-09-21: from LA_ws_2026-09-21; flags no_text_layer,2014-11-07,,,repealed
0.2.0,,la-la684-001,LA,"https://laoofficialgazette.gov.la/kcfinder/upload/files/15, ຂໍ້ຕົກລົງ ຂອງ ລຕ .pdf",2026-09-21T05:02:02Z,pdf_scanned,true,raw/la/la_684/20260921T0502Z__scanned.pdf,ຂໍ້ຕົກລົງຂອງລັດຖະມົນຕີ ວ່າດ້ວຍການສ້າງຄອບຄົວຕົວແບບ ແລະບ້ານແບບຢ່າງກະສິກຳ ແລະປ່າໄມ້,,,,requests,200,raw/la/la_684/20260921T0502Z__scanned.pdf.headers.json,application/pdf,b81a3c3ea0bf4b51bb86368ea21517193001ac2d5ed633f2e84ee9f4fc4817be,621205,13,,,,corpus LA_corpus_2026-09-21: from LA_ws_2026-09-21; flags no_text_layer,2014-11-07,,,repealed
0.2.0,,la-la685-001,LA,"https://laoofficialgazette.gov.la/kcfinder/upload/files/13, ຂໍ້ຕົກລົງ.pdf",2026-09-21T05:02:11Z,pdf_scanned,true,raw/la/la_685/20260921T0502Z__scanned.pdf,ຂໍ້ຕົກລົງຂອງລັດຖະມົນຕີ ວ່າດ້ວຍການກວດກາ ແລະການດຳເນີນຄະດີກ່ຽວກັບປ່າໄມ້ ແລະ ຊັບພະຍາກອນປ່າໄມ້,,,,requests,200,raw/la/la_685/20260921T0502Z__scanned.pdf.headers.json,application/pdf,bf5d2a6f307289ab04c8401fc6d5f5673ddc00310ca496a2d2ff07c1b834658e,1525348,36,,,,corpus LA_corpus_2026-09-21: from LA_ws_2026-09-21; flags no_text_layer,2014-11-07,,,repealed
0.2.0,,la-la686-001,LA,https://laoofficialgazette.gov.la/kcfinder/upload/files/16. ຂໍ້ຕົກລົງ .pdf,2026-09-21T04:42:29Z,pdf_scanned,true,raw/la/la_686/20260921T0442Z__scanned.pdf,ຂໍ້ຕົກລົງຂອງລັດຖະມົນຕີ ວ່າດ້ວຍລະບຽບການຄຸ້ມຄອງ ແລະນຳໃຊ້ແຫຼ່ງແນວພັນໄມ້ ໃນ ສປປ ລາວ,,,,playwright,200,raw/la/la_686/20260921T0442Z__scanned.pdf.headers.json,application/pdf,67be7530946c052d8b9c1e971464dda232a627f2283536a970634412544594da,240913,7,,,,corpus LA_corpus_2026-09-21: from LA_ws_2026-09-21; flags no_text_layer,2014-11-07,,,in_force
0.2.0,,la-la687-001,LA,https://laoofficialgazette.gov.la/kcfinder/upload/files/17. ຂໍ້ຕົກລົງ .pdf,2026-09-21T01:08:27Z,pdf_scanned,true,raw/la/la_687/20260921T0108Z__scanned.pdf,"ຂໍ້ຕົກລົງຂອງລັດຖະມົນຕີ ວ່າດ້ວຍການຜະລິດ, ຄຸ້ມຄອງ ແລະ ເຜີຍແຜ່ສະຖິຕິກະສິກຳ",,,,requests,200,raw/la/la_687/20260921T0108Z__scanned.pdf.headers.json,application/pdf,3bf4477c86958e40324c80ad9597b8207f5e3d89b7fa0a5762fedf6bf001fdb2,4575952,8,,,,corpus LA_corpus_2026-09-21: from LA_ws_2026-09-21; flags no_text_layer,2014-11-07,,,repealed
0.2.0,,la-la688-001,LA,https://laoofficialgazette.gov.la/kcfinder/upload/files/18. ຂໍ້ຕົກລົງ .pdf,2026-09-21T05:02:22Z,pdf_scanned,true,raw/la/la_688/20260921T0502Z__scanned.pdf,ຂໍ້ຕົກລົງຂອງລັດຖະມົນຕີ ວ່າດ້ວຍການສ້າງຕັັ້ງ ແລະຄຸ້ມຄອງກຸ່ມຜູ່ຜະລິດກະສິກຳ,,,,requests,200,raw/la/la_688/20260921T0502Z__scanned.pdf.headers.json,application/pdf,77c60c508be8aa5148b5386af83be167f4c4907f1cd258b4caa6f939fe5cbb3d,5858955,10,,,,corpus LA_corpus_2026-09-21: from LA_ws_2026-09-21; flags no_text_layer,2014-11-07,,,repealed
0.2.0,,la-la689-001,LA,https://laoofficialgazette.gov.la/kcfinder/upload/files/19. ຂໍ້ຕົກລົງ .pdf,2026-09-21T05:02:33Z,pdf_scanned,true,raw/la/la_689/20260921T0502Z__scanned.pdf,ຂໍ້ຕົກລົງຂອງລັດຖະມົນຕີ ວ່າດ້ວຍສະຫະກອນ ຜະລິດກະສິກຳ,,,,requests,200,raw/la/la_689/20260921T0502Z__scanned.pdf.headers.json,application/pdf,6f663088c5eb4d785fd148044200c1a6ebdacc83c0a49b4cb9f2d264c75838fc,5455772,9,,,,corpus LA_corpus_2026-09-21: from LA_ws_2026-09-21; flags no_text_layer,2014-11-07,,,repealed
0.2.0,,la-la690-001,LA,https://laoofficialgazette.gov.la/kcfinder/upload/files/20. ຂໍ້ຕົກລົງ.pdf,2026-09-21T01:03:11Z,pdf_scanned,true,raw/la/la_690/20260921T0103Z__scanned.pdf,"ຂໍ້ຕົກລົງຂອງລັດຖະມົນຕີ ວ່າດ້ວຍມາດຕະຖານກະສິກຳທີ່ດີ ກ່ຽວກັບສຸຂະພາບ, ຄວາມປອດໄພ ແລະ ສະຫວັດດີການສັງຄົມ ຂອງຜູ່ອອກແຮງງານ",,,,requests,200,raw/la/la_690/20260921T0103Z__scanned.pdf.headers.json,application/pdf,784bc8be0409cd8f773b1d31fb5a00948eaa05f08e7e5a687a857fffec738d54,4415906,10,,,,corpus LA_corpus_2026-09-21: from LA_ws_2026-09-21; flags no_text_layer,2014-11-07,,,in_force
0.2.0,,la-la691-001,LA,https://laoofficialgazette.gov.la/kcfinder/upload/files/ຂໍ້ຕົກລົງ ຂອງລັດຖະມົນຕີ ວ່າດ້ວຍ ມາດຕະຖານກະສິກຳທີ່ດີ ກ່ຽວກັບຄວາມປອດໄພຂອງຜົນຜະລິດ.pdf,2026-09-21T05:01:49Z,pdf_scanned,true,raw/la/la_691/20260921T0501Z__scanned.pdf,ຂໍ້ຕົກລົງຂອງລັດຖະມົນຕີ ວ່າດ້ວຍມາດຕະຖານ ກະສິກຳທີ່ດີ ກ່ຽວກັບຄວາມປອດໄພ ຂອງຜົນຜະລິດ,,,,requests,200,raw/la/la_691/20260921T0501Z__scanned.pdf.headers.json,application/pdf,232703cd9041802af71a856e197da820a7e155d4352529ab8212b5feb16b502d,399488,10,,,,corpus LA_corpus_2026-09-21: from LA_ws_2026-09-21; flags no_text_layer,2014-11-10,,,repealed
0.2.0,,la-la692-001,LA,https://laoofficialgazette.gov.la/kcfinder/upload/files/1. ຄຳສັ່ງ ຂອງ .pdf,2026-09-21T03:06:14Z,pdf_scanned,true,raw/la/la_692/20260921T0306Z__scanned.pdf,ຄຳສັ່ງຂອງລັດຖະມົນຕີ ກ່ຽວກັບການເພີ່ມທະວີ ຄວາມເອົາໃຈໃສ່ໃນການຄຸ້ມຄອງ ແລະ ກວດກາສຸຂານາໄມພືດ ທີ່ສົ່ງອອກ ໃຫ້ສອດຄ່ອງກັບລະບຽບການ ດ້ານສຸຂານາໄມພືດ ຂອງປະເທດປາຍທາງ,,,,requests,200,raw/la/la_692/20260921T0306Z__scanned.pdf.headers.json,application/pdf,2f590450c371e1064dbe27ddf9a7ccaf435ddeaacdc6d18b171aed08f9e89aa4,142403,3,,,,corpus LA_corpus_2026-09-21: from LA_ws_2026-09-21; flags no_text_layer,2014-11-10,,,in_force
0.2.0,,la-la693-001,LA,https://laoofficialgazette.gov.la/kcfinder/upload/files/2. ຄຳສັ່ງ ຂອງ .pdf,2026-09-21T03:06:20Z,pdf_scanned,true,raw/la/la_693/20260921T0306Z__scanned.pdf,ຄຳສັ່ງຂອງລັດຖະົນຕີ ກ່ຽວກັບການເພີ່ມທະວີ ຄວາມຮັບຜິດຊອບ ຕໍ່ການປ້ອງກັນ ແລະ ຄວບຄຸມພະຍາດ ທາງເດີນຫາຍໃຈ ແລະ ລະບົບອະໄວຍະວະ ສືບພັນໝູເຊື່ອມ (ພະຍາດຫູໜູກໍ່າ),,,,playwright,200,raw/la/la_693/20260921T0306Z__scanned.pdf.headers.json,application/pdf,60974368896bf122fd9ab27f72b9ec368a94bcf2cee3fe32f9673c5dd5ffd558,174544,4,,,,corpus LA_corpus_2026-09-21: from LA_ws_2026-09-21; flags no_text_layer,2014-11-10,,,in_force
0.2.0,,la-la694-001,LA,https://laoofficialgazette.gov.la/kcfinder/upload/files/4. ຄຳສັ່ງຂອງລັດຖະມົນຕີ .pdf,2026-09-21T03:06:26Z,pdf_scanned,true,raw/la/la_694/20260921T0306Z__scanned.pdf,ຄຳສັ່ງຂອງລັດຖະມົນຕີ ກ່ຽວກັບການເພີ່ມທະວີ ຄວາມເອົາໃຈໃສ່ ຕິດຕາມປ້ອງກັນ ແລະ ສະກັດກັ້ນ ພະຍາດຂອງເພັ້ຍແປງມັນຕົ້ນ,,,,requests,200,raw/la/la_694/20260921T0306Z__scanned.pdf.headers.json,application/pdf,576601f0f4508cd29dc217a84d36ebe1b5eca7862136c2411edfecc1d5408c11,102246,2,,,,corpus LA_corpus_2026-09-21: from LA_ws_2026-09-21; flags no_text_layer,2014-11-10,,,in_force
0.2.0,,la-la695-001,LA,https://laoofficialgazette.gov.la/kcfinder/upload/files/3. ຄຳສັ່ງຂອງລັດຖະມົນຕີ .pdf,2026-09-21T03:06:35Z,pdf_scanned,true,raw/la/la_695/20260921T0306Z__scanned.pdf,"ຄຳສັ່ງຂອງລັດຖະມົນຕີ ກ່ຽວກັບການຄຸ້ມຄອງ ນຳໃຊ້ໄມ້ເພື່ອຜະລິດຖ່ານ, ເພື່ອເປັນແຫຼ່ງພະລັງງານ ແລະເພື່ອເປັນສິນຄ້າ",,,,requests,200,raw/la/la_695/20260921T0306Z__scanned.pdf.headers.json,application/pdf,4c1fdfe25ed1e234a2cf7ebf035bf04970c80fe8b23eaa173ca3fadbaa5ec4fb,165414,3,,,,corpus LA_corpus_2026-09-21: from LA_ws_2026-09-21; flags no_text_layer,2014-11-10,,,in_force
0.2.0,,la-la696-001,LA,https://laoofficialgazette.gov.la/kcfinder/upload/files/6. ຄຳສັ່ງຂອງລັດຖະມົນຕີ .pdf,2026-09-21T03:06:43Z,pdf_scanned,true,raw/la/la_696/20260921T0306Z__scanned.pdf,ຄຳສັ່ງຂອງລັດຖະມົນຕີ ວ່າດ້ວຍການປ້ອງກັນໄພອັນຕະລາຍ ຈາກຢາປາບສັດຕູພືດປອມ ແລະຢາປາບສັດຕູພືດ ທີ່ຫ້າມນຳໃຊ້ ໃນ ສປປ ລາວ,,,,requests,200,raw/la/la_696/20260921T0306Z__scanned.pdf.headers.json,application/pdf,db5fa85c87508de46e5ef1f1fab72f0738274971a23dc350ca4e926f377a7f8f,87066,2,,,,corpus LA_corpus_2026-09-21: from LA_ws_2026-09-21; flags no_text_layer,2014-11-10,,,in_force
0.2.0,,la-la697-001,LA,https://laoofficialgazette.gov.la/kcfinder/upload/files/7. ຄຳສັ່ງ ຂອງລັດຖະມົນຕີ.pdf,2026-09-21T03:06:50Z,pdf_scanned,true,raw/la/la_697/20260921T0306Z__scanned.pdf,ຄຳສັ່ງຂອງລັດຖະມົນຕີ ວ່າດ້ວຍມາດຕະການປ້ອງກັນ ແລະສະກັດກັ້ນພະຍາດ ໄຂຫວັດສັດປີກຢ່າງເຂັ້ມງວດ,,,,requests,200,raw/la/la_697/20260921T0306Z__scanned.pdf.headers.json,application/pdf,e738fa7079ad431425ff14039ea0d3bd7004040edcca9e999d469723f71810b9,140032,3,,,,corpus LA_corpus_2026-09-21: from LA_ws_2026-09-21; flags no_text_layer,2014-11-10,,,in_force
0.2.0,,la-la700-001,LA,https://laoofficialgazette.gov.la/kcfinder/upload/files/ຄຳສັ່ງຂອງລັດຖະມົນຕີ ສປຈີນ .pdf,2026-09-21T03:08:05Z,pdf_scanned,true,raw/la/la_700/20260921T0308Z__scanned.pdf,ຄຳສັ່ງຂອງລັດຖະມົນຕີ ກ່ຽວກັບການຊຸກຍູ້ ຜະລິດກະສິກຳ ເປັນສິນຄ້າສົ່ງອອກ ສາທາລະນະລັດ ປະຊາຊົນຈີນ,,,,requests,200,raw/la/la_700/20260921T0308Z__scanned.pdf.headers.json,application/pdf,daad9346cd643c36ca528bcd7a4ed015006e4ae0378068fa5c05f17ba7692dc8,1171644,3,,,,corpus LA_corpus_2026-09-21: from LA_ws_2026-09-21; flags no_text_layer,2014-11-10,,,in_force
0.2.0,,la-la701-001,LA,https://laoofficialgazette.gov.la/kcfinder/upload/files/11.pdf,2026-09-21T03:06:04Z,pdf_scanned,true,raw/la/la_701/20260921T0306Z__scanned.pdf,ຄຳສັ່ງຂອງລັດຖະມົນຕີ ວ່າດ້ວຍໃຫ້ຈັດຕັ້ງຜັນຂະຫຍາຍ ການໃຊ້ເຕັກນິກນິເວດກະສິກຳ ເຂົ້າໃນການຜະລິດກະສິກຳ ແລະປ່າໄມ້ໃຫ້ໄດ້ຮັບຜົນດີ,,,,requests,200,raw/la/la_701/20260921T0306Z__scanned.pdf.headers.json,application/pdf,74bfa4da69d59ba13f693a62d3a79dad96d74edb774893f95062c2ed55dc3fad,142049,3,,,,corpus LA_corpus_2026-09-21: from LA_ws_2026-09-21; flags no_text_layer,2014-11-11,,,in_force
0.2.0,,la-la702-001,LA,https://laoofficialgazette.gov.la/kcfinder/upload/files/12.ຄຳສັ່ງຂອງລັດຖະມົນຕີ .pdf,2026-09-21T03:06:12Z,pdf_scanned,true,raw/la/la_702/20260921T0306Z__scanned.pdf,ຄຳສັ່ງຂອງລັດຖະມົນຕີ ວ່າດ້ວຍການກວດກາ ແລະຄຸ້ມຄອງຄຸນນະພາບອາຫານສັດ,,,,requests,200,raw/la/la_702/20260921T0306Z__scanned.pdf.headers.json,application/pdf,5755617b5727513012bd54d6aa9f1646206eeaa4f23ec27ffb274599776158d4,114129,3,,,,corpus LA_corpus_2026-09-21: from LA_ws_2026-09-21; flags no_text_layer,2014-11-11,,,in_force
0.2.0,,la-la703-001,LA,https://laoofficialgazette.gov.la/kcfinder/upload/files/2. ດຳລັດ .pdf,2026-09-21T00:42:10Z,pdf_scanned,true,raw/la/la_703/20260921T0042Z__scanned.pdf,ດຳລັດວ່າດ້ວຍ ສະຖາບັນການເງິນຈຸລະພາກ,,,,requests,200,raw/la/la_703/20260921T0042Z__scanned.pdf.headers.json,application/pdf,b708835701562f3c8958a616b381b1a88be3992f4dfb0e579f33f5d87c0ddcf4,906233,26,,,,corpus LA_corpus_2026-09-21: from LA_ws_2026-09-21; flags no_text_layer,2014-11-12,,,repealed
0.2.0,,la-la704-001,LA,https://laoofficialgazette.gov.la/kcfinder/upload/files/3.​ ດຳລັດ .pdf,2026-09-21T00:41:28Z,pdf_scanned,true,raw/la/la_704/20260921T0041Z__scanned.pdf,ດຳລັດວ່າດ້ວຍ ການຈັດຕັ້ງປະຕິບັດກົດໝາຍວ່າດ້ວຍ ທະນາຄານທຸລະກິດ,,,,requests,200,raw/la/la_704/20260921T0041Z__scanned.pdf.headers.json,application/pdf,196201605235ac9dca59ecfed6334d116ca0dd6729b7e23e56a64427d32221bf,803087,12,,,,corpus LA_corpus_2026-09-21: from LA_ws_2026-09-21; flags no_text_layer,2014-11-12,,,in_force
0.2.0,,la-la705-001,LA,https://laoofficialgazette.gov.la/kcfinder/upload/files/3. ຂໍ້ຕົກລົງ .pdf,2026-09-21T01:02:14Z,pdf_scanned,true,raw/la/la_705/20260921T0102Z__scanned.pdf,ຂໍ້ຕົກລົງວ່າດ້ວຍ ການຄິດໄລ່ດອກເບັ້ຍໃຫ້ກູ້ຢຶມ ແລະການປັບໃໝຂອງ ທະນາຄານທຸລະກິດ,,,,requests,200,raw/la/la_705/20260921T0102Z__scanned.pdf.headers.json,application/pdf,17b95819b9e1eaff798a31fd81f7c08ffee01f07719abb2924a05e2b226eb735,160246,3,,,,corpus LA_corpus_2026-09-21: from LA_ws_2026-09-21; flags no_text_layer,2014-11-12,,,in_force
0.2.0,,la-la706-001,LA,https://laoofficialgazette.gov.la/kcfinder/upload/files/4. ຂໍ້ຕົກລົງ .pdf,2026-09-21T01:02:22Z,pdf_scanned,true,raw/la/la_706/20260921T0102Z__scanned.pdf,ຂໍ້ຕົກລົງກ່ຽວກັບ ການໂອນເງິນເຂົ້າ-ອອກປະເທດຂອງ ທະນາຄານທຸລະກິດ,,,,requests,200,raw/la/la_706/20260921T0102Z__scanned.pdf.headers.json,application/pdf,0eeee696d84388c98dd54d4ec892b1e5f4d9ff6edc810310fc18b9a2f2d50629,86484,2,,,,corpus LA_corpus_2026-09-21: from LA_ws_2026-09-21; flags no_text_layer,2014-11-12,,,in_force
0.2.0,,la-la707-001,LA,https://laoofficialgazette.gov.la/kcfinder/upload/files/5. ຂໍ້ຕົກລົງ .pdf,2026-09-21T01:02:30Z,pdf_scanned,true,raw/la/la_707/20260921T0102Z__scanned.pdf,ຂໍ້ຕົກລົງວ່າດ້ວຍ ການລົງທຶນໃນຫຼັກຊັບ ຂອງທະນາຄານທຸລະກິດ ແລະ ສະຖາບັນການເງິນທີ່ຮັບເງິນຝາກ,,,,requests,200,raw/la/la_707/20260921T0102Z__scanned.pdf.headers.json,application/pdf,e9172ef877c7f7a25ba54310e8c59da978cde3542d336bf608773a5f24cc8d89,70762,2,,,,corpus LA_corpus_2026-09-21: from LA_ws_2026-09-21; flags no_text_layer,2014-11-12,,,in_force
0.2.0,,la-la708-001,LA,https://laoofficialgazette.gov.la/kcfinder/upload/files/6. ຂໍ້ຕົກລົງ .pdf,2026-09-21T01:02:34Z,pdf_scanned,true,raw/la/la_708/20260921T0102Z__scanned.pdf,ຂໍ້ຕົກລົງວ່າດ້ວຍ ຄ່າທຳນຽມການຂໍສ້າງຕັ້ງ ແລະ ຄ່າຄຸ້ມຄອງປະຈຳປີ ຂອງທະນາຄານທຸລະກິດ,,,,requests,200,raw/la/la_708/20260921T0102Z__scanned.pdf.headers.json,application/pdf,8b2a8993bfed6a48d9c63b93252127f31fe869fc91b29a254827fd1ab2e29c50,128154,3,,,,corpus LA_corpus_2026-09-21: from LA_ws_2026-09-21; flags no_text_layer,2014-11-12,,,in_force
0.2.0,,la-la709-001,LA,https://laoofficialgazette.gov.la/kcfinder/upload/files/7.​ ຂໍ້ຕົກລົງ ມ.pdf,2026-09-21T04:42:22Z,pdf_scanned,true,raw/la/la_709/20260921T0442Z__scanned.pdf,ຂໍ້ຕົກລົງກ່ຽວກັບການດັດແກ້ ການຫັກເງິນແຮສຳລັບ ການສູນເສັຍເງິນກູ້ລວມ,,,,requests,200,raw/la/la_709/20260921T0442Z__scanned.pdf.headers.json,application/pdf,a3c78246f94cecb1137218dc4eaf0e2dee6ff076518859915b4a3a4aa9a5676d,94188,2,,,,corpus LA_corpus_2026-09-21: from LA_ws_2026-09-21; flags no_text_layer,2014-11-12,,,in_force
0.2.0,,la-la710-001,LA,https://laoofficialgazette.gov.la/kcfinder/upload/files/8.​ ຂໍ້ຕົກລົງ .pdf,2026-09-21T01:02:43Z,pdf_scanned,true,raw/la/la_710/20260921T0102Z__scanned.pdf,ຂໍ້ຕົກລົງວ່າດ້ວຍ ມາດຕະການລະເມີດຂອງ ທະນາຄານທຸລະກິດ,,,,requests,200,raw/la/la_710/20260921T0102Z__scanned.pdf.headers.json,application/pdf,7b9376786fffe39a0caabf9ed11721ab7c364fa760ee4bdd0cc51276588fc2b7,188898,5,,,,corpus LA_corpus_2026-09-21: from LA_ws_2026-09-21; flags no_text_layer,2014-11-12,,,in_force
0.2.0,,la-la711-001,LA,https://laoofficialgazette.gov.la/kcfinder/upload/files/9. ຂໍ້ຕົກລົງ .pdf,2026-09-21T01:02:51Z,pdf_scanned,true,raw/la/la_711/20260921T0102Z__scanned.pdf,ຂໍ້ຕົກລົງວ່າດ້ວຍຄ່າບໍລິການ ຂອງທະນາຄານ ແຫ່ງ ສປປ ລາວ,,,,requests,200,raw/la/la_711/20260921T0102Z__scanned.pdf.headers.json,application/pdf,076c308119697f7db97040fdd22e135d9948d08ba18a45bf666ecd6a76d06d23,142039,2,,,,corpus LA_corpus_2026-09-21: from LA_ws_2026-09-21; flags no_text_layer,2014-11-12,,,in_force
0.2.0,,la-la712-001,LA,https://laoofficialgazette.gov.la/kcfinder/upload/files/10. ຂໍ້ຕົກລົງ .pdf,2026-09-21T01:02:57Z,pdf_scanned,true,raw/la/la_712/20260921T0102Z__scanned.pdf,ຂໍ້ຕົກລົງວ່າດ້ວຍ ຂອບເຂດການໃຫ້ສິນເຊື່ອ ຂອງທະນາຄານທຸລະກິດ,,,,requests,200,raw/la/la_712/20260921T0102Z__scanned.pdf.headers.json,application/pdf,bbe5d00568eb51677914747a4ebd30efc4e5ba7c12ab61a6a35f730d064ae83a,127941,3,,,,corpus LA_corpus_2026-09-21: from LA_ws_2026-09-21; flags no_text_layer,2014-11-12,,,in_force
0.2.0,,la-la713-001,LA,https://laoofficialgazette.gov.la/kcfinder/upload/files/ກົດໝາຍ ວ່າດ້ວຍສານທະຫານ.pdf,2026-09-21T01:45:02Z,pdf_scanned,true,raw/la/la_713/20260921T0145Z__scanned.pdf,ກົດໝາຍ ວ່າດ້ວຍສານທະຫານ,,,,requests,200,raw/la/la_713/20260921T0145Z__scanned.pdf.headers.json,application/pdf,3f3ff91dc14cada485c2dc2705541dc573873333198d01716f7f4097144aba8d,1855820,23,,,,corpus LA_corpus_2026-09-21: from LA_ws_2026-09-21; flags no_text_layer,2014-11-18,,,repealed
0.2.0,,la-la714-001,LA,https://laoofficialgazette.gov.la/kcfinder/upload/files/3. ກົດໝາຍ ວ່າດ້ວຍມາດຕະຖານ(ສະບັບປັບປຸງ).pdf,2026-09-21T01:35:24Z,pdf_scanned,true,raw/la/la_714/20260921T0135Z__scanned.pdf,ກົດໝາຍ ວ່າດ້ວຍມາດຕະຖານ(ສະບັບປັບປຸງ),,,,requests,200,raw/la/la_714/20260921T0135Z__scanned.pdf.headers.json,application/pdf,14f26c00fd5aa598115679c5406caedb186e2fde0d405de7b33949e2a989818f,1863295,44,,,,corpus LA_corpus_2026-09-21: from LA_ws_2026-09-21; flags no_text_layer,2014-11-20,,,in_force
0.2.0,,la-la715-001,LA,https://laoofficialgazette.gov.la/kcfinder/upload/files/5. ຄຳສັ່ງ ວ່າດ້ວຍ ການຄຸ້ມຄອງ ແລະ ນຳໃຊ້ ຂີ້ເຈຽ ຢູ່ພາຍໃນປະເທດ.pdf,2026-09-21T03:05:52Z,pdf_scanned,true,raw/la/la_715/20260921T0305Z__scanned.pdf,ຄຳສັ່ງ ຂອງລັດຖະມົນຕີ ວ່າການ ກະຊວງກະສິກຳ ແລະ ປ່າໄມ້ ວ່າດ້ວຍ ການຄຸ້ມຄອງ ແລະ ນຳໃຊ້ ຂີ້ເຈຽ ຢູ່ພາຍໃນປະເທດ,,,,requests,200,raw/la/la_715/20260921T0305Z__scanned.pdf.headers.json,application/pdf,99b288d3fe6cfbf4e50749e8ea987e391e169d1ad3a5262427accb5597407172,98875,2,,,,corpus LA_corpus_2026-09-21: from LA_ws_2026-09-21; flags no_text_layer,2014-11-20,,,in_force
0.2.0,,la-la716-001,LA,https://laoofficialgazette.gov.la/kcfinder/upload/files/3. ກົດ​ໝາຍ ວ່າ​ດ້ວຍ​ອົງ​ການ​ໄອ​ຍະ​ການ​ທະ​ຫານ.pdf,2026-09-21T01:44:55Z,pdf_scanned,true,raw/la/la_716/20260921T0144Z__scanned.pdf,ກົດໝາຍວ່າດ້ວຍ ອົງການໄອຍະການທະຫານ,,,,requests,200,raw/la/la_716/20260921T0144Z__scanned.pdf.headers.json,application/pdf,d4363219d2a77e76083bf14cb793b6ee7c0b145c384955d458efea74d161bee9,1652395,28,,,,corpus LA_corpus_2026-09-21: from LA_ws_2026-09-21; flags no_text_layer,2014-11-26,,,repealed
0.2.0,,la-la717-001,LA,https://laoofficialgazette.gov.la/kcfinder/upload/files/12. ຂໍ້ຕົກລົງ ວ່າດ້ວຍຫລັກ​ຊັບ​ຄ້ຳ​ປະ​ກັນ.pdf,2026-09-21T01:01:59Z,pdf_scanned,true,raw/la/la_717/20260921T0101Z__scanned.pdf,ຂໍ້ຕົກລົງວ່າດ້ວຍ ຫຼັກຊັບຄ້ຳປະກັນ,,,,requests,200,raw/la/la_717/20260921T0101Z__scanned.pdf.headers.json,application/pdf,beeda0eb3c765371610511b71d9e3f0eec21892cddc9d90ddf76d3ae000bc98a,79591,1,,,,corpus LA_corpus_2026-09-21: from LA_ws_2026-09-21; flags no_text_layer,2014-12-03,,,in_force
0.2.0,,la-la718-001,LA,https://laoofficialgazette.gov.la/kcfinder/upload/files/11. ຂໍ້ຕົກລົງ ກ່ຽວ​ກັບ​ການ​ກຳ​ນົດ​ອັດ​ຕາ​ດອກ​ເບ້ຍ​ ຊື້-ຂາຍ​ຂາດ​ຕົວ.pdf,2026-09-21T04:41:57Z,pdf_scanned,true,raw/la/la_718/20260921T0441Z__scanned.pdf,ຂໍ້ຕົກລົງກ່ຽວກັບ ການກຳນົດອັດຕາດອກເບ້ຍຊື້ຂາຍ ຂາດຕົວ ແລະ ອັດຕາດອກເບ້ຍຊື້ຂາຍ ຝາກພັນທະບັດ,,,,requests,200,raw/la/la_718/20260921T0441Z__scanned.pdf.headers.json,application/pdf,e3d569b3c535f87963564ae522f4b8dd24c667d97cccf195b2dfb63de5d8aad3,113712,2,,,,corpus LA_corpus_2026-09-21: from LA_ws_2026-09-21; flags no_text_layer,2014-12-03,,,in_force
0.2.0,,la-la719-001,LA,"https://laoofficialgazette.gov.la/kcfinder/upload/files/2. ຂໍ້ຕົກລົງ ວ່າດ້ວຍຄ່າທຳນຽມ, ຄ່າບໍລິການໃນການຂໍອະນຸຍາດດຳເນີນທຸລະກິດ ແລະ ຄຸ້ມຄອງປະຈຳປີ.pdf",2026-09-21T01:02:06Z,pdf_scanned,true,raw/la/la_719/20260921T0102Z__scanned.pdf,"ຂໍ້ຕົກລົງວ່າດ້ວຍ ຄ່າທຳນຽມ, ຄ່າບໍລິການໃນການຂໍອະນຸຍາດ ດຳເນີນທຸລະກິດ ແລະ ຄຸ້ມຄອງປະຈຳປີ ຂອງສະຖາບັນການເງິນ",,,,requests,200,raw/la/la_719/20260921T0102Z__scanned.pdf.headers.json,application/pdf,fd2006cb55c47bbf26cefc579a04f9946df5a10fc66eeea3a588561f93fc5282,138984,3,,,,corpus LA_corpus_2026-09-21: from LA_ws_2026-09-21; flags no_text_layer,2014-12-03,,,in_force
0.2.0,,la-la721-001,LA,https://laoofficialgazette.gov.la/kcfinder/upload/files/ຄຳແນະນຳເພີ່ມເຕີມ ກ່ຽວກັບການຖອນເງິນສົດ ເງິນຕາຕ່າງປະເທດ.pdf,2026-09-21T01:12:49Z,pdf_native,false,raw/la/la_721/20260921T0112Z__native.pdf,ຄຳແນະນຳເພີ່ມເຕີມກ່ຽວກັບ ການຖອນເງິນສົດ ເງິນຕາຕ່າງປະເທດ,,,,requests,200,raw/la/la_721/20260921T0112Z__native.pdf.headers.json,application/pdf,442b5b423de1351d4cc3c287db8d8f2a2ad47b24a55aaf6a092a8a43c6900ef6,371246,1,,,,corpus LA_corpus_2026-09-21: from LA_ws_2026-09-21,2014-12-03,,,in_force
0.2.0,,la-la722-001,LA,"https://laoofficialgazette.gov.la/kcfinder/upload/files/1, ຂໍ້ຕົກລົງ ວ່າດ້ວຍການຊື້-ຂາຍ ແຮ່ທາດ ແລະ ປະລິດຕະພັນແຮ່ທາດ.pdf",2026-09-21T04:42:05Z,pdf_scanned,true,raw/la/la_722/20260921T0442Z__scanned.pdf,ຂໍ້ຕົກລົງ ຂອງລັດຖະມົນຕີວ່າການ ກະຊວງພະລັງງານ ແລະ ບໍ່ແຮ່ ວ່າດ້ວຍການຊື້-ຂາຍ ແຮ່ທາດ ແລະ ຜະລິດຕະພັນແຮ່ທາດ,,,,requests,200,raw/la/la_722/20260921T0442Z__scanned.pdf.headers.json,application/pdf,634fd775c607e0472eddd1baa78a298282d0755cd588a2a772e6983a514ff032,359335,6,,,,corpus LA_corpus_2026-09-21: from LA_ws_2026-09-21; flags no_text_layer,2014-12-03,,,in_force
0.2.0,,la-la723-001,LA,"https://laoofficialgazette.gov.la/kcfinder/upload/files/2, ຂໍ້ຕົກລົງ ວ່າດ້ວຍ ລະບຽບການຂໍອະນຸຍາດນຳເຂົ້າ ແລະ ສົ່ງອອກແຮ່ທາດ ແລະ ຜະລິດຕະພັນແຮ່ທາດ.pdf",2026-09-21T04:42:14Z,pdf_scanned,true,raw/la/la_723/20260921T0442Z__scanned.pdf,ຂໍ້ຕົກລົງ ວ່າດ້ວຍ ລະບຽບການຂໍອະນຸຍາດນຳເຂົ້າ ແລະ ສົ່ງອອກແຮ່ທາດ ແລະ ຜະລິດຕະພັນແຮ່ທາດ,,,,requests,200,raw/la/la_723/20260921T0442Z__scanned.pdf.headers.json,application/pdf,bd758eb24daa9910d25df9e365fc4c4aa174de059f31a82152068eb31e949096,163789,3,,,,corpus LA_corpus_2026-09-21: from LA_ws_2026-09-21; flags no_text_layer,2014-12-03,,,in_force
0.2.0,,la-la724-001,LA,https://laoofficialgazette.gov.la/kcfinder/upload/files/ດຳລັດ ວ່າດ້ວຍການສົ່ງອອກຜະລິດຕະພັນແຮ່ທາດ.pdf,2026-09-21T02:33:13Z,pdf_scanned,true,raw/la/la_724/20260921T0233Z__scanned.pdf,ດຳລັດວ່າດ້ວຍ ການສົ່ງອອກຜະລິດຕະພັນ ແຮ່ທາດ,,,,requests,200,raw/la/la_724/20260921T0233Z__scanned.pdf.headers.json,application/pdf,8514564b825192ca179489e46f99e8e7e32333e2d44a46117939bb665a79506e,204420,6,,,,corpus LA_corpus_2026-09-21: from LA_ws_2026-09-21; flags no_text_layer,2014-12-03,,,in_force
0.2.0,,la-la725-001,LA,https://laoofficialgazette.gov.la/kcfinder/upload/files/1. ຄຳແນະນຳວ່າດ້ວຍ ການຮັບຮອງບົດລາຍງານການສຶກສາຄວາມເປັນໄປໄດ້ ທາງດ້ານເສດຖະກິດ.pdf,2026-09-21T05:24:32Z,pdf_scanned,true,raw/la/la_725/20260921T0524Z__scanned.pdf,ຄຳແນະນຳວ່າດ້ວຍ ການຮັບຮອງບົດລາຍງານ ການສຶກສາຄວາມເປັນໄປໄດ້ ທາງດ້ານເສດຖະກິດ ເຕັກນິກຂັ້ນລະອຽດກ່ຽວກັບ ໂຄງການຂຸດຄົ້ນແຮ່ທາດຕ່າງໆ,,,,requests,200,raw/la/la_725/20260921T0524Z__scanned.pdf.headers.json,application/pdf,570d217661accb3a2d952236af7d378045bf5dbb432b92102c2f626a8031836b,1293983,32,,,,corpus LA_corpus_2026-09-21: from LA_ws_2026-09-21; flags no_text_layer,2014-12-08,,,in_force
0.2.0,,la-la726-001,LA,https://laoofficialgazette.gov.la/kcfinder/upload/files/ດຳລັດ ວ່າດ້ວຍແຊັກ.pdf,2026-09-21T02:33:07Z,pdf_scanned,true,raw/la/la_726/20260921T0233Z__scanned.pdf,ດຳລັດ ວ່າດ້ວຍແຊັກ,,,,requests,200,raw/la/la_726/20260921T0233Z__scanned.pdf.headers.json,application/pdf,c64a40afdcd04279d14cf185a422e019d1bfec25defad6eb32857bd4ba449f90,639957,14,,,,corpus LA_corpus_2026-09-21: from LA_ws_2026-09-21; flags no_text_layer,2014-12-10,,,in_force
0.2.0,,la-la729-001,LA,https://laoofficialgazette.gov.la/kcfinder/upload/files/1. ຂໍ້ຕົກລົງ .pdf,2026-09-21T01:01:54Z,pdf_scanned,true,raw/la/la_729/20260921T0101Z__scanned.pdf,ຂໍ້ຕົກລົງຂອງລັດຖະມົນຕີ ວ່າດ້ວຍ ຄວາມປອດໄພ ແລະ ສຸຂະພາບແຮງງານ ໃນສະຖານທີ່ການກໍ່ສ້າງ,,,,requests,200,raw/la/la_729/20260921T0101Z__scanned.pdf.headers.json,application/pdf,38644a6a25b7ff52e6fdcdb12711aac78d83d4d69eb71edd013ff1eef36d30b4,1161575,18,,,,corpus LA_corpus_2026-09-21: from LA_ws_2026-09-21; flags no_text_layer,2014-12-23,,,in_force
0.2.0,,la-la730-001,LA,https://laoofficialgazette.gov.la/kcfinder/upload/files/3.pdf,2026-09-21T05:01:41Z,pdf_scanned,true,raw/la/la_730/20260921T0501Z__scanned.pdf,ຂໍ້ຕົກລົງວ່າດ້ວຍການສ້າງຕັ້ງ ແລະ ຄຸ້ມຄອງວິສາຫະກິດບໍລິການຈັດຫາງານ,,,,requests,200,raw/la/la_730/20260921T0501Z__scanned.pdf.headers.json,application/pdf,75cfb54f7c7aa605a0902c20820fbe17838cb90387dd857e5c191f70d7601b79,697727,15,,,,corpus LA_corpus_2026-09-21: from LA_ws_2026-09-21; flags no_text_layer,2014-12-24,,,repealed
0.2.0,,la-la731-001,LA,https://laoofficialgazette.gov.la/kcfinder/upload/files/2.pdf,2026-09-21T01:08:17Z,pdf_scanned,true,raw/la/la_731/20260921T0108Z__scanned.pdf,ຂໍ້ຕົກລົງວ່າດ້ວຍ ການອະນຸຍາດນຳເຂົ້າແຮງງານຕ່າງປະເທດ ທີ່ມາເຮັດວຽກຢູ່ ສປປ ລາວ,,,,requests,200,raw/la/la_731/20260921T0108Z__scanned.pdf.headers.json,application/pdf,c9ec899303387c35bef0ca9d633540bc478f41e8af5c250cfefd6aa87ad5e1f8,599342,9,,,,corpus LA_corpus_2026-09-21: from LA_ws_2026-09-21; flags no_text_layer,2014-12-24,,,repealed
0.2.0,,la-la732-001,LA,https://laoofficialgazette.gov.la/kcfinder/upload/files/6. ດຳລັດ ວ່າດ້ວຍຄົນພິການ.pdf,2026-09-21T02:32:50Z,pdf_scanned,true,raw/la/la_732/20260921T0232Z__scanned.pdf,ດຳລັດວ່າດ້ວຍຄົນພິການ,,,,playwright,200,raw/la/la_732/20260921T0232Z__scanned.pdf.headers.json,application/pdf,af6fabea1be4d84dc82014fbafb152a07d5279e4408ce789f7ceb345c62c77d5,583782,15,,,,corpus LA_corpus_2026-09-21: from LA_ws_2026-09-21; flags no_text_layer,2014-12-24,,,in_force
0.2.0,,la-la733-001,LA,https://laoofficialgazette.gov.la/kcfinder/upload/files/5.pdf,2026-09-21T00:41:19Z,pdf_scanned,true,raw/la/la_733/20260921T0041Z__scanned.pdf,ດຳລັດວ່າດ້ວຍ ການສົ່ງຜູ່ອອກແຮງງານລາວ ໄປເຮັດວຽກຢູ່ຕ່າງປະເທດ,,,,requests,200,raw/la/la_733/20260921T0041Z__scanned.pdf.headers.json,application/pdf,39e2f204ee3434720ad7d54eb804705bea0f0a60ee3a8abff3f7dd4839672000,142358,5,,,,corpus LA_corpus_2026-09-21: from LA_ws_2026-09-21; flags no_text_layer,2014-12-24,,,in_force
0.2.0,,la-la734-001,LA,https://laoofficialgazette.gov.la/kcfinder/upload/files/5. ດຳລັດ ວ່າດ້ວຍການແກ້ໄຂບຳນານຄືນ.pdf,2026-09-21T02:32:58Z,pdf_scanned,true,raw/la/la_734/20260921T0232Z__scanned.pdf,ດຳລັດວ່າດ້ວຍ ການແກ້ໄຂບຳນານຄືນ,,,,requests,200,raw/la/la_734/20260921T0232Z__scanned.pdf.headers.json,application/pdf,4d06774e6c500462ed88f4aba37685bc7abc7912f4f12f8a583219e9af4175e1,258884,4,,,,corpus LA_corpus_2026-09-21: from LA_ws_2026-09-21; flags no_text_layer,2014-12-24,,,in_force
0.2.0,,la-la736-001,LA,https://laoofficialgazette.gov.la/kcfinder/upload/files/12.pdf,2026-09-21T05:23:35Z,pdf_scanned,true,raw/la/la_736/20260921T0523Z__scanned.pdf,ຄຳແນະນຳ ການຈັດຕັ້ງປະຕິບັດດຳລັດ 343/ນຍ ວ່າດ້ວຍການປະຕິບັດ ນະໂບບາຍຕໍ່ຜູ່ມີຜົນງານ ແລະ ຄຸນງາມຄວາມດີ ໃນພາລະກິດ ຮັບໃຊ້ການປະຕິວັດຊາດ ປະຊາທິປະໄຕ,,,,requests,200,raw/la/la_736/20260921T0523Z__scanned.pdf.headers.json,application/pdf,7a23ec2f2226535d368cf3d80271c82d843e76287d4e99de1d6c6892c7375f8a,590822,12,,,,corpus LA_corpus_2026-09-21: from LA_ws_2026-09-21; flags no_text_layer,2014-12-26,,,in_force
0.2.0,,la-la737-001,LA,https://laoofficialgazette.gov.la/kcfinder/upload/files/14.pdf,2026-09-21T03:05:45Z,pdf_scanned,true,raw/la/la_737/20260921T0305Z__scanned.pdf,ຄຳສັ່ງແນະນຳ ການຈັດຕັ້ງປະຕິບັດ ດຳລັດວ່າດ້ວຍ ການແກ້ໄຂ ບຳນານຄືນ ເລກທີ 241/ນຍ,,,,requests,200,raw/la/la_737/20260921T0305Z__scanned.pdf.headers.json,application/pdf,9dd78d0f4831c27b3922e5c9925dba373b122e15e2f7bdf8db9e0214a38a355b,207830,5,,,,corpus LA_corpus_2026-09-21: from LA_ws_2026-09-21; flags no_text_layer,2014-12-26,,,in_force
0.2.0,,la-la738-001,LA,https://laoofficialgazette.gov.la/kcfinder/upload/files/3.​ ດຳລັດ ວ່າດ້ວຍການສ້າງ ແລະ ພັດທະນາສີມືແຮງງານ.pdf,2026-09-21T00:41:13Z,pdf_scanned,true,raw/la/la_738/20260921T0041Z__scanned.pdf,ດຳລັດວ່າດ້ວຍ ການສ້າງ ແລະ ພັດທະນາສີມືແຮງງານ,,,,requests,200,raw/la/la_738/20260921T0041Z__scanned.pdf.headers.json,application/pdf,214c30b184af1eeccda42eb28d95e23700e91296b507fff362c9c21dd305d582,1198210,21,,,,corpus LA_corpus_2026-09-21: from LA_ws_2026-09-21; flags no_text_layer,2014-12-26,,,in_force
0.2.0,,la-la739-001,LA,https://laoofficialgazette.gov.la/kcfinder/upload/files/5. ຂໍ້ຕົກລົງ ຂອງນາຍົກລັດຖະມົນຕີ ແຫ່ງ ສປປ ລາວ ວ່າດ້ວຍການຄຸ້ມຄອງກິດຈະການຫວຍ.pdf,2026-09-21T04:41:56Z,pdf_scanned,true,raw/la/la_739/20260921T0441Z__scanned.pdf,ຂໍ້ຕົກລົງຂອງນາຍົກລັດຖະມົນຕີ ວ່າດ້ວຍການຄຸ້ມຄອງ ກິດຈະການຫວຍ,,,,requests,200,raw/la/la_739/20260921T0441Z__scanned.pdf.headers.json,application/pdf,08aa655cfc77ae636e4aba63092598295550c7fb28b66804a8c2bb1e74852a91,566193,2,,,,corpus LA_corpus_2026-09-21: from LA_ws_2026-09-21; flags no_text_layer,2015-01-06,,,in_force
0.2.0,,la-la740-001,LA,https://laoofficialgazette.gov.la/kcfinder/upload/files/ຂໍ້ຕົກລົງຂອງລັດຖະມົນຕີ ວ່າດ້ວຍການກຳນົດລາຄາຂາຍຍົກໃບຫວຍພັດທະນາທຸກປະເພດ.pdf,2026-09-21T04:41:40Z,pdf_scanned,true,raw/la/la_740/20260921T0441Z__scanned.pdf,ຂໍ້ຕົກລົງຂອງ ລັດຖະມົນຕີ ວ່າດ້ວຍການກຳນົດລາຄາຂາຍຍົກ ໃບຫວຍພັດທະນາທຸກປະເພດ,,,,requests,200,raw/la/la_740/20260921T0441Z__scanned.pdf.headers.json,application/pdf,76db9be3ac8c980ce28ecd35572ddc29b61106d1b7d25177c762d257b5ff9326,73288,2,,,,corpus LA_corpus_2026-09-21: from LA_ws_2026-09-21; flags no_text_layer,2015-01-06,,,in_force
0.2.0,,la-la741-001,LA,https://laoofficialgazette.gov.la/kcfinder/upload/files/ຄຳສັ່ງເພີ່ມເຕີມ  ວ່າດ້ວຍການສືບຕໍ່ປັບປຸງວຽກງານຫວຍພັດທະນາ.pdf,2026-09-21T03:05:37Z,pdf_scanned,true,raw/la/la_741/20260921T0305Z__scanned.pdf,ຄຳສັ່ງເພີ່ມເຕີມ ຂອງລັດຖະມົນຕີວ່າການ ກະຊວງການເງິນ ວ່າດ້ວຍການສືບຕໍ່ ປັບປຸງວຽກງານ ຫວຍພັດທະນາ,,,,requests,200,raw/la/la_741/20260921T0305Z__scanned.pdf.headers.json,application/pdf,f25b86cc43ee030449cb041fa98dc31639aab5914fc4918ea58a4a0f3c7c0140,39814,1,,,,corpus LA_corpus_2026-09-21: from LA_ws_2026-09-21; flags no_text_layer,2015-01-06,,,in_force
0.2.0,,la-la742-001,LA,"https://laoofficialgazette.gov.la/kcfinder/upload/files/ຄຳສັ່ງແນະນຳ ກ່ຽວກັບການປະຕິບັດພັນທະກອນ, ເງິນປັນຜົນຂອງບໍລິສັດລັດວິສາຫະກິດຫວຍພັດທະນາ.pdf",2026-09-21T03:05:21Z,pdf_scanned,true,raw/la/la_742/20260921T0305Z__scanned.pdf,"ຄຳສັ່ງແນະນຳ ກ່ຽວກັບການປະຕິບັດພັນທະກອນ, ເງິນປັນຜົນຂອງ ບໍລິສັດລັດວິສາຫະກິດ ຫວຍພັດທະນາ, ບັນດາຕົວແທນຈຳໜ່າຍ, ສາຂາຈຳໜ່າຍ ແລະ ຜູ້ຂາຍຍ່ອຍໃບຫວຍ ໃນຂອບເຂດທົ່ວປະເທດ",,,,requests,200,raw/la/la_742/20260921T0305Z__scanned.pdf.headers.json,application/pdf,ab6c602b153b6aff9e370ed6e95e0a790062d90ff47f15927655f1a742475b34,1807332,4,,,,corpus LA_corpus_2026-09-21: from LA_ws_2026-09-21; flags no_text_layer,2015-01-06,,,in_force
0.2.0,,la-la743-001,LA,https://laoofficialgazette.gov.la/kcfinder/upload/files/ຄຳສັ່ງແນະນຳ ຂອງລັດຖະມົນຕີວ່າການກະຊວງການເງິນ ກ່ຽວກັບການຄຸ້ມຄອງກິດຈະການຫວຍ.pdf,2026-09-21T03:05:30Z,pdf_scanned,true,raw/la/la_743/20260921T0305Z__scanned.pdf,ຄຳສັ່ງແນະນຳ ຂອງລັດຖະມົນຕີວ່າການ ກະຊວງການເງິນ ກ່ຽວກັບການຄຸ້ມຄອງ ກິດຈະການຫວຍ,,,,requests,200,raw/la/la_743/20260921T0305Z__scanned.pdf.headers.json,application/pdf,dd0df5fa3361411076c0a75c705764f5ba398730ea5cfb71731ec6db90d7153e,832132,9,,,,corpus LA_corpus_2026-09-21: from LA_ws_2026-09-21; flags no_text_layer,2015-01-06,,,in_force
0.2.0,,la-la744-001,LA,https://laoofficialgazette.gov.la/kcfinder/upload/files/ດຳລັດ ວ່າດ້ວຍການຮັບຮອງເອົາບັນຊີີປະເພດທຸລະກິດຄວບຄຸມ.pdf,2026-09-21T02:32:44Z,pdf_scanned,true,raw/la/la_744/20260921T0232Z__scanned.pdf,ດຳລັດ ວ່າດ້ວຍການຮັບຮອງເອົາ ບັນຊີປະເພດທຸລະກິດຄວບຄຸມ,,,,requests,200,raw/la/la_744/20260921T0232Z__scanned.pdf.headers.json,application/pdf,cca7d8b8eb8c811cd99e2bcf5bfcb5ccabf796da770305dbbb1bfbf70c9e985a,119798,4,,,,corpus LA_corpus_2026-09-21: from LA_ws_2026-09-21; flags no_text_layer,2015-01-06,,,in_force
0.2.0,,la-la745-001,LA,https://laoofficialgazette.gov.la/kcfinder/upload/files/ດຳລັດ ວ່າດ້ວຍຄັງເງິນແຫ່ງຊາດ.pdf,2026-09-21T02:32:36Z,pdf_scanned,true,raw/la/la_745/20260921T0232Z__scanned.pdf,ດຳລັດ ວ່າດ້ວຍຄັງເງິນແຫ່ງຊາດ,,,,requests,200,raw/la/la_745/20260921T0232Z__scanned.pdf.headers.json,application/pdf,5aba79f27d3b64999b4bd75cfbc762dc3745274662640142165fc8227231e285,896458,18,,,,corpus LA_corpus_2026-09-21: from LA_ws_2026-09-21; flags no_text_layer,2015-01-06,,,in_force
0.2.0,,la-la746-001,LA,https://laoofficialgazette.gov.la/kcfinder/upload/files/ດຳລັດ ວ່າດ້ວຍໃບເກັບເງິນ.pdf,2026-09-21T02:38:59Z,pdf_scanned,true,raw/la/la_746/20260921T0238Z__scanned.pdf,ດຳລັດ ວ່າດ້ວຍໃບເກັບເງິນ,,,,requests,200,raw/la/la_746/20260921T0238Z__scanned.pdf.headers.json,application/pdf,f570ea06167443799e092fda5c086cad58b017155a3e31b03672a2a30c1e5ef7,648555,13,,,,corpus LA_corpus_2026-09-21: from LA_ws_2026-09-21; flags no_text_layer,2015-01-06,,,repealed
0.2.0,,la-la747-001,LA,"https://laoofficialgazette.gov.la/kcfinder/upload/files/ຂໍ້ຕົກລົງ ວ່າດ້ວຍລະບຽບການຄຸ້ມຄອງ ນັກຮຽນ, ນັກສຶກສາລາວ ໄປສຶກສາຢູ່ຕ່າງປະເທດ.pdf",2026-09-21T04:41:35Z,pdf_scanned,true,raw/la/la_747/20260921T0441Z__scanned.pdf,"ຂໍ້ຕົກລົງ ວ່າດ້ວຍລະບຽບການຄຸ້ມຄອງ ນັກຮຽນ, ນັກສຶກສາລາວ ໄປສຶກສາຢູ່ຕ່າງປະເທດ",,,,requests,200,raw/la/la_747/20260921T0441Z__scanned.pdf.headers.json,application/pdf,c1730308f2daa71d3081fdceb0167502b01c4179ae377f3a88c297b16b3a0636,1244429,8,,,,corpus LA_corpus_2026-09-21: from LA_ws_2026-09-21; flags no_text_layer,2015-01-09,,,in_force
0.2.0,,la-la748-001,LA,"https://laoofficialgazette.gov.la/kcfinder/upload/files/ຄຳແນະນຳ ກ່ຽວກັບການກວດກາເອກະສານຢັ້ງຢືນການສຶກສາ, ປະກາສະນິຍະບັດ.pdf",2026-09-21T05:23:27Z,pdf_scanned,true,raw/la/la_748/20260921T0523Z__scanned.pdf,"ຄຳແນະນຳ ກ່ຽວກັບການກວດກາ ເອກະສານຢັ້ງຢືນການສຶກສາ, ປະກາສະນິຍະບັດ ແລະ ວຸດທິການສຶກສາ ໃນຂອບເຂດທົ່ວປະເທດ",,,,requests,200,raw/la/la_748/20260921T0523Z__scanned.pdf.headers.json,application/pdf,fe099b0d7ed192dda50c4d301170f49d159eed025c64d9dbd4959b81d3971a3c,884243,2,,,,corpus LA_corpus_2026-09-21: from LA_ws_2026-09-21; flags no_text_layer,2015-01-09,,,in_force
0.2.0,,la-la749-001,LA,https://laoofficialgazette.gov.la/kcfinder/upload/files/01-6-1-2015.pdf,2026-09-21T02:32:28Z,pdf_scanned,true,raw/la/la_749/20260921T0232Z__scanned.pdf,ດຳລັດ ວ່າດ້ວຍການຕິດຕາມ ກວດກາໂຄງການລົງທຶນຂອງລັດ ເລີ່ມແຕ່ຫົວທີ,,,,requests,200,raw/la/la_749/20260921T0232Z__scanned.pdf.headers.json,application/pdf,e0a8f4b1b1c3100e97729d483f2d0ae1c84bec903fc4643bcd94baf941a66cbc,696180,11,,,,corpus LA_corpus_2026-09-21: from LA_ws_2026-09-21; flags no_text_layer,2015-01-09,,,in_force
0.2.0,,la-la750-001,LA,https://laoofficialgazette.gov.la/kcfinder/upload/files/4. ຂໍ້ຕົກລົງ ວ່າດ້ວຍ ການຄຸ້ມຄອງເລກໝາຍໂທລະສັບ.pdf,2026-09-21T05:01:33Z,pdf_scanned,true,raw/la/la_750/20260921T0501Z__scanned.pdf,ຂໍ້ຕົກລົງ ວ່າດ້ວຍການຄຸ້ມຄອງ ເລກໝາຍໂທລະສັບ,,,,requests,200,raw/la/la_750/20260921T0501Z__scanned.pdf.headers.json,application/pdf,ebfbbb35fff17aaac8812c32dc1ab840647dad31526fdba67ca3ec3d586b19bb,644817,7,,,,corpus LA_corpus_2026-09-21: from LA_ws_2026-09-21; flags no_text_layer,2015-01-13,,,repealed
0.2.0,,la-la751-001,LA,https://laoofficialgazette.gov.la/kcfinder/upload/files/5. ຂໍ້ຕົກລົງ ວ່າດ້ວຍການແຂ່ງຂັນດ້ານໂທລະຄົມມະນາຄົມ.pdf,2026-09-21T01:01:47Z,pdf_scanned,true,raw/la/la_751/20260921T0101Z__scanned.pdf,ຂໍ້ຕົກລົງ ວ່າດ້ວຍການແຂ່ງຂັນ ດ້ານໂທລະຄົມມະນາຄົມ,,,,requests,200,raw/la/la_751/20260921T0101Z__scanned.pdf.headers.json,application/pdf,73a56379fcf407910cb9843540880879170f072aaab44ff0abf143b114e3c179,870539,6,,,,corpus LA_corpus_2026-09-21: from LA_ws_2026-09-21; flags no_text_layer,2015-01-13,,,in_force
0.2.0,,la-la752-001,LA,https://laoofficialgazette.gov.la/kcfinder/upload/files/4. ກົດໝາຍ ວ່າດ້ວຍ ການຕ້ານ ສະກັດກັ້ນ ການຟອກເງິນ ແລະ ການສະໜອງທຶນ ໃຫ້ແກ່ການກໍ່ການຮ້າຍ.pdf,2026-09-21T00:33:50Z,pdf_scanned,true,raw/la/la_752/20260921T0033Z__scanned.pdf,ກົດໝາຍວ່າດ້ວຍ ການຕ້ານ ສະກັດກັ້ນ ການຟອກເງິນ ແລະ ການສະໜອງທຶນ ໃຫ້ແກ່ການກໍ່ການຮ້າຍ,,,,requests,200,raw/la/la_752/20260921T0033Z__scanned.pdf.headers.json,application/pdf,3d7297a64579d20b214844196b8d13ee18d1c9f11d28c0886f8fb0a093e82e02,671679,30,,,,corpus LA_corpus_2026-09-21: from LA_ws_2026-09-21; flags no_text_layer,2015-02-10,,,repealed
0.2.0,,la-la753-001,LA,https://laoofficialgazette.gov.la/kcfinder/upload/files/ດຳລັດ ວ່າດ້ວຍ ການກວດກາສັດ ທີ່ນຳເຂົ້າ ແລະ ຂົນສົ່ງຜ່ານ ສປປ ລາວ.pdf,2026-09-21T02:38:51Z,pdf_scanned,true,raw/la/la_753/20260921T0238Z__scanned.pdf,"ດຳລັດວ່າດ້ວຍ ການກວດກາສັດ, ຜະລິດຕະພັນສັດ ແລະ ຜະລິດຕະ ພັນສິນຄ້າກ່ຽວກັບສັດ ທີ່ນຳເຂົ້າ ແລະ ຂົນສົ່ງຜ່ານ ສປປ ລາວ",,,,requests,200,raw/la/la_753/20260921T0238Z__scanned.pdf.headers.json,application/pdf,3e4b2ed815e4ac7ef0e066c680a27ff676cc3f31a5ce0c0dd8170851f93ac083,585725,12,,,,corpus LA_corpus_2026-09-21: from LA_ws_2026-09-21; flags no_text_layer,2015-02-25,,,repealed
0.2.0,,la-la754-001,LA,https://laoofficialgazette.gov.la/kcfinder/upload/files/ດຳລັດ ວ່າດ້ວຍ ການກຳນົດເຂດປ່າຜະລິດ ຈຳນວນ 14 ເຂດ ໃນ 5 ແຂວງ.pdf,2026-09-21T02:32:18Z,pdf_scanned,true,raw/la/la_754/20260921T0232Z__scanned.pdf,ດຳລັດວ່າດ້ວຍ ການກຳນົດເຂດປ່າຜະລິດ ຈຳນວນ 14 ເຂດ ໃນ 5 ແຂວງ,,,,requests,200,raw/la/la_754/20260921T0232Z__scanned.pdf.headers.json,application/pdf,c6bf40e31b0ac832fdaf6a86931658ae01d437dcdd725dcce39b83464c97f020,69479,2,,,,corpus LA_corpus_2026-09-21: from LA_ws_2026-09-21; flags no_text_layer,2015-02-25,,,in_force
0.2.0,,la-la755-001,LA,https://laoofficialgazette.gov.la/kcfinder/upload/files/ດຳລັດວ່າດ້ວຍ ການກຳນົດເຂດປ່າຜະລິດແຫ່ງຊາດ ຈຳນວນ 8 ເຂດ ໃນ 4 ແຂວງ .pdf,2026-09-21T02:32:12Z,pdf_scanned,true,raw/la/la_755/20260921T0232Z__scanned.pdf,ດຳລັດວ່າດ້ວຍ ການກຳນົດເຂດປ່າຜະລິດແຫ່ງຊາດ ຈຳນວນ 8 ເຂດ ໃນ 4 ແຂວງ ຂອງໂຄງການຈັດສັນປ່າຜະລິດ ແລະ ພັດທະນາຊົນນະບົດ,,,,requests,200,raw/la/la_755/20260921T0232Z__scanned.pdf.headers.json,application/pdf,50fce6a43ba7538bfcef91de41852eea01e9e14dd57aa0d5d7cd99af5d827ddf,60445,2,,,,corpus LA_corpus_2026-09-21: from LA_ws_2026-09-21; flags no_text_layer,2015-02-26,,,in_force
0.2.0,,la-la756-001,LA,https://laoofficialgazette.gov.la/kcfinder/upload/files/ດຳລັດ ວ່າດ້ວຍ ການກຳນົດເຂດປ່າຜະລິດແຫ່ງຊາດ ຈຳນວນ 29 ເຂດ ໃນ 8 ແຂວງ.pdf,2026-09-21T02:32:04Z,pdf_scanned,true,raw/la/la_756/20260921T0232Z__scanned.pdf,ດຳລັດວ່າດ້ວຍ ການກຳນົດເຂດປ່າຜະລິດແຫ່ງຊາດ ຈຳນວນ 29 ເຂດ ໃນ 8 ແຂວງ,,,,requests,200,raw/la/la_756/20260921T0232Z__scanned.pdf.headers.json,application/pdf,13269f027704b3b7f95d905f10bef7c981b74cc3a5eaec1b6b4f12f6e4c27383,92757,2,,,,corpus LA_corpus_2026-09-21: from LA_ws_2026-09-21; flags no_text_layer,2015-02-26,,,in_force
0.2.0,,la-la757-001,LA,"https://laoofficialgazette.gov.la/kcfinder/upload/files/ດຳລັດວ່າດ້ວຍ ການສ້າງຕັ້ງປ່າສະຫງວນນ້ຳກ່ານ, ປ່າສະຫງວນເມືອງເມີງ ແຂວງ ບໍ່ແກ້ວ ..pdf",2026-09-21T02:31:52Z,pdf_scanned,true,raw/la/la_757/20260921T0231Z__scanned.pdf,"ດຳລັດວ່າດ້ວຍ ການສ້າງຕັ້ງ ປ່າສະຫງວນນ້ຳກ່ານ, ປ່າສະ ຫງວນເມືອງເມີງ ແລະ ປ່າປ້ອງກັນນ້ຳງາວ ເມືອງຕົ້ນເຜິ້ງ ແຂວງບໍ່ແກ້ວ ເປັນປ່າສະຫງວນ ແຫ່ງຊາດ",,,,requests,200,raw/la/la_757/20260921T0231Z__scanned.pdf.headers.json,application/pdf,3e34ab1e20b6913a503c07bbfea28252e5922b5adabd31b17ee09f9c73f981f2,124130,4,,,,corpus LA_corpus_2026-09-21: from LA_ws_2026-09-21; flags no_text_layer,2015-03-03,,,in_force
0.2.0,,la-la758-001,LA,https://laoofficialgazette.gov.la/kcfinder/upload/files/ດຳລັດວ່າດ້ວຍການຄຸ້ມຄອງການເຄື່ອນຍ້າຍສັດ  ແລະ ຜະລິດຕະພັນສິນຄ້າກ່ຽວກັບສັດ.pdf,2026-09-21T02:38:46Z,pdf_scanned,true,raw/la/la_758/20260921T0238Z__scanned.pdf,ດຳລັດວ່າດ້ວຍ ການຄຸ້ມຄອງ ການເຄື່ອນຍ້າຍສັດ ແລະ ຜະລິດຕະພັນສິນຄ້າກ່ຽວກັບສັດ,,,,requests,200,raw/la/la_758/20260921T0238Z__scanned.pdf.headers.json,application/pdf,861f09865ff2b6539d8e2c8393d50bd328808b65f13b38c724a7a06ca65928f5,1581794,24,,,,corpus LA_corpus_2026-09-21: from LA_ws_2026-09-21; flags no_text_layer,2015-03-03,,,repealed
0.2.0,,la-la759-001,LA,https://laoofficialgazette.gov.la/kcfinder/upload/files/ດຳລັດວ່າດ້ວຍ ປ່າປ້ອງກັນ.pdf,2026-09-21T02:38:40Z,pdf_scanned,true,raw/la/la_759/20260921T0238Z__scanned.pdf,ດຳລັດວ່າດ້ວຍ ປ່າປ້ອງກັນ,,,,requests,200,raw/la/la_759/20260921T0238Z__scanned.pdf.headers.json,application/pdf,48260cdbfb1c492faf30c4c1b45515b71cab0c7778eafefcf050b924a8938c96,723896,16,,,,corpus LA_corpus_2026-09-21: from LA_ws_2026-09-21; flags no_text_layer,2015-03-03,,,repealed
0.2.0,,la-la760-001,LA,https://laoofficialgazette.gov.la/kcfinder/upload/files/ດຳລັດແນະນຳປະຕິບັດ ກົດໝາຍວ່າດ້ວຍ ການປ້ອງກັນພືດ.pdf,2026-09-21T02:32:00Z,pdf_scanned,true,raw/la/la_760/20260921T0232Z__scanned.pdf,ດຳລັດແນະນຳປະຕິບັດ ກົດໝາຍວ່າດ້ວຍ ການປ້ອງກັນພືດ,,,,requests,200,raw/la/la_760/20260921T0232Z__scanned.pdf.headers.json,application/pdf,f850657782e80714dead5855bcfe9e04dd6c761444ddb95c97d6ef2cccf1f4a9,1301327,19,,,,corpus LA_corpus_2026-09-21: from LA_ws_2026-09-21; flags no_text_layer,2015-03-03,,,in_force
0.2.0,,la-la761-001,LA,https://laoofficialgazette.gov.la/kcfinder/upload/files/7. ຂໍ້ຕົກລົງ ວ່າດ້ວຍ ກຳນົດໝາຍໃຊ້ງົບປະມານຂອງລັດ.pdf,2026-09-21T05:00:56Z,pdf_scanned,true,raw/la/la_761/20260921T0500Z__scanned.pdf,ຂໍ້ຕົກລົງ ຂອງລັດຖະມົນຕີ ວ່າດ້ວຍກຳນົດໝາຍ ໃຊ້ຈ່າຍງົບປະມານຂອງລັດ (ສະບັບປັບປຸງໃໝ່),,,,requests,200,raw/la/la_761/20260921T0500Z__scanned.pdf.headers.json,application/pdf,67708e4dc202afa1361db64b09dc7133b093ea29c74a0466baaf35e0278bb931,1292997,15,,,,corpus LA_corpus_2026-09-21: from LA_ws_2026-09-21; flags no_text_layer,2015-08-05,,,repealed
0.2.0,,la-la762-001,LA,https://laoofficialgazette.gov.la/kcfinder/upload/files/ຂໍ້ຕົກລົງ ຂອງລັດຖະມົນຕີ ວ່າດ້ວຍ ກຳນົດໝາຍ ການໃຊ້ຈ່າຍງົບປະມານ ບໍລິຫານລັດ (ປັບປຸງ).pdf,2026-09-21T05:01:25Z,pdf_scanned,true,raw/la/la_762/20260921T0501Z__scanned.pdf,ຂໍ້ຕົກລົງຂອງລັດຖະມົນຕີ ວ່າດ້ວຍກຳນົດໝາຍ ການໃຊ້ຈ່າຍ ງົບປະມານບໍລິຫານຂອງລັດ (ສະບັບປັບປຸງໃໝ່),,,,requests,200,raw/la/la_762/20260921T0501Z__scanned.pdf.headers.json,application/pdf,0b177af087caf5ffbd05a1469c22b152f8695122e395cb6410b43cd20c1c1ee5,484008,15,,,,corpus LA_corpus_2026-09-21: from LA_ws_2026-09-21; flags no_text_layer,2015-03-04,,,repealed
0.2.0,,la-la763-001,LA,"https://laoofficialgazette.gov.la/kcfinder/upload/files/ຂໍ້ຕົກລົງ ການກຳນົດຊົ່ວຄາວອັດຕາການເກັບຄ່າຊັບພະຍາກອນປະເພດດິນດຳ,ດິນແດງ,ແຮ-ຊາຍ .pdf",2026-09-21T04:41:24Z,pdf_scanned,true,raw/la/la_763/20260921T0441Z__scanned.pdf,"ຂໍ້ຕົກລົງ ກ່ຽວກັບການກຳນົດຊົ່ວຄາວ ອັດຕາການເກັບຄ່າຊັບພະຍາກອນປະເພດ ດິນດຳ,ດິນແດງ, ແຮ-ຊາຍ ແລະ ອື່ນໆ",,,,requests,200,raw/la/la_763/20260921T0441Z__scanned.pdf.headers.json,application/pdf,dfbc4830edcd1069a9669354ca7801386eeef47ce22290ee164393d29133df3b,85118,2,,,,corpus LA_corpus_2026-09-21: from LA_ws_2026-09-21; flags no_text_layer,2015-03-04,,,in_force
0.2.0,,la-la764-001,LA,https://laoofficialgazette.gov.la/kcfinder/upload/files/ຂໍ້ຕົກລົງ ວ່າດ້ວຍລະບຽບການຄຸ້ມຄອງການເງິນສຳລັບທຶນຊ່ວຍເຫຼືອທາງການເພື່ອການພັດທະນາ.pdf,2026-09-21T04:41:23Z,pdf_scanned,true,raw/la/la_764/20260921T0441Z__scanned.pdf,ຂໍ້ຕົກລົງ ວ່າດ້ວຍລະບຽບການຄຸ້ມຄອງການເງິນ ສຳລັບທຶນຊ່ວຍເຫຼືອທາງການເພື່ອການພັດທະນາ,,,,requests,200,raw/la/la_764/20260921T0441Z__scanned.pdf.headers.json,application/pdf,c89f9385090faae3882c46b1e990da5c176fd8543edeaab7fb0e87d3d1185d2f,545599,10,,,,corpus LA_corpus_2026-09-21: from LA_ws_2026-09-21; flags no_text_layer,2015-03-04,,,in_force
0.2.0,,la-la765-001,LA,https://laoofficialgazette.gov.la/kcfinder/upload/files/ດຳລັດ ວ່າດ້ວຍເລກປະຈຳຕົວຜູ້ເສຍອາກອນ.pdf,2026-09-21T02:38:32Z,pdf_scanned,true,raw/la/la_765/20260921T0238Z__scanned.pdf,ດຳລັດ ວ່າດ້ວຍເລກປະຈຳຕົວຜູ້ເສຍອາກອນ,,,,requests,200,raw/la/la_765/20260921T0238Z__scanned.pdf.headers.json,application/pdf,7ffba2f04b2c78db96ce96ab091421050d9852a7d9f052db1f1c4130962943ea,224135,5,,,,corpus LA_corpus_2026-09-21: from LA_ws_2026-09-21; flags no_text_layer,2015-03-04,,,repealed
0.2.0,,la-la766-001,LA,https://laoofficialgazette.gov.la/kcfinder/upload/files/ຄຳສັ່ງ ກ່ຽວກັບການປັບປຸງເງິນຄ້ຳປະກັນ ແລະ ການສ້າງຕັ້ງຕົວແທນຈຳໜ່າຍຫວຍພັດທະນາ.pdf,2026-09-21T03:05:15Z,pdf_scanned,true,raw/la/la_766/20260921T0305Z__scanned.pdf,ຄຳສັ່ງແນະນຳເພີ່ມເຕີມ ກ່ຽວກັບການປັບປຸງເງິນຄ້ຳປະກັນ ແລະ ການສ້າງຕັ້ງ ຕົວແທນຈຳໜ່າຍຫວຍພັດທະນາ ທຸກປະເພດມີກຳນົດເວລາ,,,,requests,200,raw/la/la_766/20260921T0305Z__scanned.pdf.headers.json,application/pdf,9a494f7d8242adbb7ffafa92ced2b31fc4013e1a1c3690632bbb9f299fdaeb7e,75184,1,,,,corpus LA_corpus_2026-09-21: from LA_ws_2026-09-21; flags no_text_layer,2015-03-04,,,in_force
0.2.0,,la-la768-001,LA,"https://laoofficialgazette.gov.la/kcfinder/upload/files/ຄຳແນະນຳວ່າດ້ວຍການຫັນວຽກງານພາສີ, ສ່ວຍສາອາກອນ ແລະ ຄັງເງິນແຫ່ງຊາດ .pdf",2026-09-21T05:23:19Z,pdf_scanned,true,raw/la/la_768/20260921T0523Z__scanned.pdf,"ຄຳແນະນຳຂອງລັດຖະມົນຕີວ່າການກະຊວງການເງິນ ວ່າດ້ວຍການຫັນວຽກງານພາສີ, ສ່ວຍສາອາກອນ ແລະ ຄັງເງິນແຫ່ງຊາດ ໄປສູ່ການຄຸ້ມຄອງລວມສູນຕາມສາຍຕັ້ງ",,,,requests,200,raw/la/la_768/20260921T0523Z__scanned.pdf.headers.json,application/pdf,3d2437195923f58647c610a624ec78eba5a60f070f7039f5ac6174fd4cff9e3d,467102,8,,,,corpus LA_corpus_2026-09-21: from LA_ws_2026-09-21; flags no_text_layer,2015-03-04,,,in_force
0.2.0,,la-la770-001,LA,https://laoofficialgazette.gov.la/kcfinder/upload/files/ຂໍ້ຕົກລົງ ວ່າດ້ວຍລະບຽບການດຳເນີນບໍລິການດ້ານວິຊາການກ່ຽວກັບສິ່ງແວດລ້ອມ.pdf,2026-09-21T04:41:15Z,pdf_scanned,true,raw/la/la_770/20260921T0441Z__scanned.pdf,ຂໍ້ຕົກລົງ ວ່າດ້ວຍລະບຽບການດຳເນີນບໍລິການ ດ້ານວິຊາການກ່ຽວກັບສິ່ງແວດລ້ອມ,,,,requests,200,raw/la/la_770/20260921T0441Z__scanned.pdf.headers.json,application/pdf,79cfe0fbf811ce1350ca03a83afa2b1b1efc32a772e10cbee645c58e8b41e5c2,1110510,7,,,,corpus LA_corpus_2026-09-21: from LA_ws_2026-09-21; flags no_text_layer,2015-03-12,,,in_force
0.2.0,,la-la771-001,LA,https://laoofficialgazette.gov.la/kcfinder/upload/files/ຄຳສັ່ງ ວ່າດ້ວຍການສົ່ງເສີມການຂະຫຍາຍ ແລະ ການຄຸ້ມຄອງໄມ້ປະດັບໃນ ສປປ ລາວ.pdf,2026-09-21T03:05:06Z,pdf_scanned,true,raw/la/la_771/20260921T0305Z__scanned.pdf,ຄຳສັ່ງ ວ່າດ້ວຍການສົ່ງເສີມການຂະຫຍາຍ ແລະ ການຄຸ້ມຄອງໄມ້ປະດັບໃນ ສປປ ລາວ,,,,playwright,200,raw/la/la_771/20260921T0305Z__scanned.pdf.headers.json,application/pdf,9a982a509744ba9afa19a67db955fda97350c59b772ec1540637e4148d0a3321,205277,3,,,,corpus LA_corpus_2026-09-21: from LA_ws_2026-09-21; flags no_text_layer,2015-03-17,,,in_force
0.2.0,,la-la772-001,LA,"https://laoofficialgazette.gov.la/kcfinder/upload/files/ຄຳສັ່ງ ວ່າດ້ວຍການຫັນປ່ຽນທີ່ດິນເຂດຊົນລະປະທານ  ນ້ຳເທີນ2, ເມືອງຍົມມະລາດ, ແຂວງຄຳມ່ວນ .pdf",2026-09-21T03:05:00Z,pdf_scanned,true,raw/la/la_772/20260921T0305Z__scanned.pdf,"ຄຳສັ່ງ ວ່າດ້ວຍການຫ້າມຫັນປ່ຽນທີ່ດິນ ເຂດຊົນລະປະທານ ປະຕູນ້ຳປ່ອງ3 ຕາມຄອງລະບາຍເຂື່ອນໄຟຟ້ານ້ຳຕົກ ນ້ຳເທີນ2, ເມືອງຍົມມະລາດ, ແຂວງຄຳມ່ວນ ໄປເປັນທີ່ດິນປະເພດອື່ນ",,,,requests,200,raw/la/la_772/20260921T0305Z__scanned.pdf.headers.json,application/pdf,0d9f6f840165bee863c9f6044134b5c3200b06901bafc3fe72a0ca3d5262d375,170223,2,,,,corpus LA_corpus_2026-09-21: from LA_ws_2026-09-21; flags no_text_layer,2015-03-17,,,in_force
0.2.0,,la-la773-001,LA,https://laoofficialgazette.gov.la/kcfinder/upload/files/ລັດຖະບັນຍັດຂອງປະທານປະເທດ ວ່າດ້ວຍການແບ່ງປັນລາຍຮັບຈາກການຂາຍໄມ້ ທີ່ຂຸດຄົ້ນໃນເຂດປ່າຜະລິດ.pdf,2026-09-21T02:04:42Z,pdf_scanned,true,raw/la/la_773/20260921T0204Z__scanned.pdf,ລັດຖະບັນຍັດຂອງປະທານປະເທດ ວ່າດ້ວຍ ການແບ່ງປັນລາຍຮັບຈາກການຂາຍໄມ້ ທີ່ຂຸດຄົ້ນໃນເຂດປ່າຜະລິດ,,,,requests,200,raw/la/la_773/20260921T0204Z__scanned.pdf.headers.json,application/pdf,f089425d39f20c675fb91fd5852f5b2c02c8f32d51f2135d3faf8a18e51c6792,212979,4,,,,"corpus LA_corpus_2026-09-21: from LA_ws_2026-09-21; flags no_text_layer,short_principal",2015-03-17,,,in_force
0.2.0,,la-la774-001,LA,https://laoofficialgazette.gov.la/kcfinder/upload/files/ດຳລັດ ວ່າດ້ວຍການຄຸ້ມຄອງປ່າຜະລິດແບບຍືນຍາວ .pdf,2026-09-21T02:38:27Z,pdf_scanned,true,raw/la/la_774/20260921T0238Z__scanned.pdf,ດຳລັດ ວ່າດ້ວຍການຄຸ້ມຄອງປ່າຜະລິດ ແບບຍືນຍາວ,,,,requests,200,raw/la/la_774/20260921T0238Z__scanned.pdf.headers.json,application/pdf,915703c65bc1e20fdf25d487f46ea17f76c4fd4588c11bf17b2da24662f50b79,453691,8,,,,corpus LA_corpus_2026-09-21: from LA_ws_2026-09-21; flags no_text_layer,2015-03-17,,,repealed
0.2.0,,la-la775-001,LA,"https://laoofficialgazette.gov.la/kcfinder/upload/files/ດຳລັດ ວ່າດ້ວຍການປະມູນຈັດຊື້ ສິນຄ້າ, ການກໍ່ສ້າງ, ການສ້ອມແປງ ດ້ວຍທຶນຂອງລັດ.pdf",2026-09-21T02:31:42Z,pdf_native,false,raw/la/la_775/20260921T0231Z__native.pdf,"ດຳລັດ ວ່າດ້ວຍການປະມູນຈັດຊື້ ສິນຄ້າ, ການກໍ່ສ້າງ, ການສ້ອມແປງ ແລະ ການ ບໍລິການດ້ວຍທຶນຂອງລັດ (ສະບັບປັບປຸງ)",,,,requests,200,raw/la/la_775/20260921T0231Z__native.pdf.headers.json,application/pdf,b6fbaf06e8d78ffefba3d818ec8fbadd9f50b6a3d63f28923e9e1c12437fb8a1,164532,18,,,,corpus LA_corpus_2026-09-21: from LA_ws_2026-09-21,2015-03-19,,,in_force
0.2.0,,la-la776-001,LA,https://laoofficialgazette.gov.la/kcfinder/upload/files/ດຳລັດ ວ່າດ້ວຍການຈົດທະບຽນເອກະສານ.pdf,2026-09-21T00:41:05Z,pdf_native,false,raw/la/la_776/20260921T0041Z__native.pdf,ດຳລັດ ວ່າດ້ວຍການຈົດທະບຽນ ເອກະສານ,,,,requests,200,raw/la/la_776/20260921T0041Z__native.pdf.headers.json,application/pdf,b956b2c4b7224cc7e6822b152cd2aa9228c21d582f7ccf2d05c3fcc8a246b5e4,128727,7,,,,corpus LA_corpus_2026-09-21: from LA_ws_2026-09-21,2015-03-19,,,in_force
0.2.0,,la-la777-001,LA,https://laoofficialgazette.gov.la/kcfinder/upload/files/ມະຕິຕົກລົງ ຂອງສະພາລັດຖະມົນຕີ ກ່ຽວກັບການພິມຈຳໜ່າຍໃບຫວຍພັດທະນາ.pdf,2026-09-21T05:27:45Z,pdf_native,false,raw/la/la_777/20260921T0527Z__native.pdf,ມະຕິຕົກລົງຂອງສະພາລັດຖະມົນຕີ ກ່ຽວກັບການພິມຈຳໜ່າຍ ໃບຫວຍພັດທະນາ,,,,requests,200,raw/la/la_777/20260921T0527Z__native.pdf.headers.json,application/pdf,175c4581f1fc2f0f2c3f875f4043a5f2befff4e8ea5838adae698593206b4208,60180,2,,,,corpus LA_corpus_2026-09-21: from LA_ws_2026-09-21,2015-03-19,,,in_force
0.2.0,,la-la778-001,LA,https://laoofficialgazette.gov.la/kcfinder/upload/files/ຄຳສັ່ງແນະນຳ ການຈັດຕັ້ງປະຕິບັດດຳລັດ 54.ນຍ ວ່າດ້ວຍ ລະບອບການຄຸ້ມຄອງວິສາຫະກິດລັດມີການລົງທຶນ.pdf,2026-09-21T03:04:52Z,pdf_native,false,raw/la/la_778/20260921T0304Z__native.pdf,ຄຳສັ່ງແນະນຳ ກ່ຽວກັບການຈັດຕັ້ງ ປະຕິບັດດຳລັດເລກທີ 54/ນຍ ວ່າດ້ວຍລະບອບການຄຸ້ມຄອງ ວິສາຫະກິດທີ່ລັດມີການລົງທຶນ,,,,requests,200,raw/la/la_778/20260921T0304Z__native.pdf.headers.json,application/pdf,e198c27e32bc199e16be2874a73716c174241b3ee6c731772680f3f64c6ee363,173874,11,,,,corpus LA_corpus_2026-09-21: from LA_ws_2026-09-21,2015-03-19,,,in_force
0.2.0,,la-la779-001,LA,"https://laoofficialgazette.gov.la/kcfinder/upload/files/ຄຳສັ່ງຂອງນາຍົກລັດຖະມົນຕີ ວ່າດ້ວຍການຫັນວຽກງານພາສີ, ສ່ວຍສາອາກອນ ແລະ ຄັງເງິນແຫ່ງຊາດ .pdf",2026-09-21T03:04:44Z,pdf_native,false,raw/la/la_779/20260921T0304Z__native.pdf,"ຄຳສັ່ງຂອງນາຍົກລັດຖະມົນຕີ ວ່າດ້ວຍ ການຫັນວຽກງານພາສີ, ສ່ວຍ ສາອາກອນ ແລະ ຄັງເງິນແຫ່ງຊາດ ລວມສູນຕາມສາຍຕັ້ງຂຶ້ນໂດຍກົງກັບ ກະຊວງການເງິນ",,,,playwright,200,raw/la/la_779/20260921T0304Z__native.pdf.headers.json,application/pdf,3b192f87b64325de72fe9deaa27691a16c6d4f55d925cab16af0ba39719eb5bc,99413,3,,,,corpus LA_corpus_2026-09-21: from LA_ws_2026-09-21,2015-03-19,,,in_force
0.2.0,,la-la785-001,LA,https://laoofficialgazette.gov.la/kcfinder/upload/files/ຂໍ້ຕົກລົງ ວ່າດ້ວຍການຍົກຍ້າຍເມືອງກະລຶມເກົ່າໄປຢູ່ເມືອງກະລຶມໃໝ່.pdf,2026-09-21T04:40:44Z,pdf_scanned,true,raw/la/la_785/20260921T0440Z__scanned.pdf,ຂໍ້ຕົກລົງ ວ່າດ້ວຍການຍົກຍ້າຍ ເມືອງກະລຶມເກົ່າ ໄປຢູ່ເມືອງກະລຶມໃໝ່,,,,requests,200,raw/la/la_785/20260921T0440Z__scanned.pdf.headers.json,application/pdf,e57bcd3ca19987be1d2071a0b367c2be1d65c6265f02b711d07fa05e949dd81b,393216,1,,,,corpus LA_corpus_2026-09-21: from LA_ws_2026-09-21; flags no_text_layer,2015-04-01,,,in_force
0.2.0,,la-la788-001,LA,https://laoofficialgazette.gov.la/kcfinder/upload/files/ຂໍ້ຕົກລົງ ວ່າດ້ວຍການໂຈະໂຄງການທີ່ຂະແໜງການ ແລະ ເມືອງສະເໜີມາປະຕິບັດ ໃນສົກປີ 2012-13 .pdf,2026-09-21T04:40:37Z,pdf_scanned,true,raw/la/la_788/20260921T0440Z__scanned.pdf,ຂໍ້ຕົກລົງ ວ່າດ້ວຍການໂຈະໂຄງການ ທີ່ຂະແໜງການ ແລະ ເມືອງສະເໜີມາ ປະຕິບັດໃນສົກປີ 2012-13 ໄປປະຕິບັດ ໃນສົກປີຕໍ່ໜ້າ,,,,requests,200,raw/la/la_788/20260921T0440Z__scanned.pdf.headers.json,application/pdf,42a5ebb5753566702ae1dd9911f304ac40f7c9d065df1517b8bce8a751f80c66,406786,1,,,,corpus LA_corpus_2026-09-21: from LA_ws_2026-09-21; flags no_text_layer,2015-04-09,,,in_force
0.2.0,,la-la789-001,LA,https://laoofficialgazette.gov.la/kcfinder/upload/files/ຄຳສັ່ງແນະນຳ ກ່ຽວກັບການຈັດຕັ້ງປະຕິບັດການເກັບເງິນພັນທະກອງທຶນພັດທະນາການທ່ອງທ່ຽວຂັ້ນແຂວງ.pdf,2026-09-21T03:04:38Z,pdf_scanned,true,raw/la/la_789/20260921T0304Z__scanned.pdf,ຄຳສັ່ງແນະນຳ ຂອງເຈົ້າແຂວງ ກ່ຽວກັບການຈັດຕັ້ງປະຕິບັດ ການເກັບເງິນພັນທະ ກອງທຶນພັດທະນາ ການທ່ອງທ່ຽວຂັ້ນແຂວງ ຢູ່ດ່ານສາກົນພູເກືອ,,,,requests,200,raw/la/la_789/20260921T0304Z__scanned.pdf.headers.json,application/pdf,ceaee68dd7b4d226c372cb13e10c172a0f74d7d5460dce381edaf43fe8f003de,1012809,2,,,,corpus LA_corpus_2026-09-21: from LA_ws_2026-09-21; flags no_text_layer,2015-04-09,,,in_force
0.2.0,,la-la790-001,LA,https://laoofficialgazette.gov.la/kcfinder/upload/files/ຄຳສັ່ງ ວ່າດ້ວຍການຫ້າມຫັກເງິນຄ້ຳປະກັນເງິນກູ້ ຂອງສະຖາບັນການເງິນຈຸລະພາກ .pdf,2026-09-21T00:44:52Z,pdf_scanned,true,raw/la/la_790/20260921T0044Z__scanned.pdf,ຄຳສັ່ງ ວ່າດ້ວຍການຫ້າມຫັກ ເງິນຄ້ຳປະກັນເງິນກູ້ ຂອງສະຖາບັນການເງິນຈຸລະພາກ ແລະ ການຮັບເງິນຝາກ ຂອງສະຖາບັນການເງິນຈຸລະພາກ ທີ່ບໍ່ຮັບເງິນຝາກ,,,,playwright,200,raw/la/la_790/20260921T0044Z__scanned.pdf.headers.json,application/pdf,0ab22e766b162bf0dceeba635447c1ae9941fc978e32c5c004ecb255e88dc3e7,843831,2,,,,corpus LA_corpus_2026-09-21: from LA_ws_2026-09-21; flags no_text_layer,2015-04-23,,,in_force
0.2.0,,la-la791-001,LA,https://laoofficialgazette.gov.la/kcfinder/upload/files/ຄຳສັ່ງກ່ຽວກັບ.pdf,2026-09-21T03:04:23Z,pdf_scanned,true,raw/la/la_791/20260921T0304Z__scanned.pdf,ຄຳສັ່ງ ຂອງທ່ານເຈົ້າແຂວງໆວຽງຈັນ ກ່ຽວກັບການຈັດຕັ້ງປະຕິບັດ ການປ້ອງກັນ ແລະ ສະກັດກັ້ນການລະບາດ ຂອງພະຍາດໄຂ້ຍຸງລາຍ,,,,requests,200,raw/la/la_791/20260921T0304Z__scanned.pdf.headers.json,application/pdf,3f26f8a55ea0f75981889199b7615b21e6a9e0b5fab1611e062307434e2a62c9,104869,2,,,,corpus LA_corpus_2026-09-21: from LA_ws_2026-09-21; flags no_text_layer,2015-05-06,,,in_force
0.2.0,,la-la792-001,LA,https://laoofficialgazette.gov.la/kcfinder/upload/files/khammoun.pdf,2026-09-21T03:04:32Z,pdf_scanned,true,raw/la/la_792/20260921T0304Z__scanned.pdf,ຄຳສັ່ງແນະນຳ ຂອງເຈົ້າແຂວງໆຄຳມ່ວນ ກ່ຽວກັບການເພີ່ມທະວີ ຄວາມເຂັ້ມງວດໃນການຄຸ້ມຄອງ ປົກປັກຮັກສາ ຊັບພະຍາກອນ ປ່າໄມ້ ແລະ ການຂຸດຄົ້ນໄມ້,,,,requests,200,raw/la/la_792/20260921T0304Z__scanned.pdf.headers.json,application/pdf,a75c097b1d3754f7ea4e6ed4e408923b55e0a17dcda2d891459e7bc031c72133,534110,5,,,,corpus LA_corpus_2026-09-21: from LA_ws_2026-09-21; flags no_text_layer,2015-05-06,,,in_force
0.2.0,,la-la793-001,LA,https://laoofficialgazette.gov.la/kcfinder/upload/files/ຄໍາສັ່ງ 793.pdf,2026-09-21T00:44:44Z,pdf_scanned,true,raw/la/la_793/20260921T0044Z__scanned.pdf,"ຄຳສັ່ງແນະນຳ ຂອງເຈົ້າແຂວງໆຄຳມ່ວນ ກ່ຽວກັບການເພີ່ມທະວີ ຄວາມເອົາໃຈໃສ່ ຂອງລວມໝູ່ ແລະ ບຸກຄົນ ໃນການປະຕິບັດຂໍ້ກຳນົດ ເລກທີ 829/ຄຂປກ, ລົງວັນທີ 15 ມິຖຸນາ 2006 ວ່າດ້ວຍ ການຂຶ້ນທະບຽນ ແລະ ຄຸ້ມຄອງ ຍານພາຫະນະຂົນສົ່ງ ທາງບົກ ໃນ ສປປ ລາວ",,,,requests,200,raw/la/la_793/20260921T0044Z__scanned.pdf.headers.json,application/pdf,e7b49898e7a443bea3ad41638d9557a96f8bc331554e0d9dd0ea2b326ad59718,654169,2,,,,corpus LA_corpus_2026-09-21: from LA_ws_2026-09-21; flags no_text_layer,2015-05-06,,,in_force
0.2.0,,la-la794-001,LA,https://laoofficialgazette.gov.la/kcfinder/upload/files/ກົດໝາຍ ວ່າດ້ວຍ ການຄວບຄຸມເຄື່ອງດື່ມທີ່ມີທາດເຫຼົ້າ.pdf,2026-09-21T01:35:22Z,pdf_scanned,true,raw/la/la_794/20260921T0135Z__scanned.pdf,ກົດໝາຍ ວ່າດ້ວຍການຄວບຄຸມ ເຄື່ອງດື່ມທີ່ມີທາດເຫຼົ້າ,,,,requests,200,raw/la/la_794/20260921T0135Z__scanned.pdf.headers.json,application/pdf,55008ac0daa10ca186b5a03de00121e23ca2250e909a538669ae4b104bcd61bb,2369460,28,,,,corpus LA_corpus_2026-09-21: from LA_ws_2026-09-21; flags no_text_layer,2015-05-09,,,in_force
0.2.0,,la-la795-001,LA,https://laoofficialgazette.gov.la/kcfinder/upload/files/ກົດໝາຍ ວ່າດ້ວຍ ການປິ່ນປົວ (ສະບັບປັບປຸງ).pdf,2026-09-21T00:33:42Z,pdf_scanned,true,raw/la/la_795/20260921T0033Z__scanned.pdf,ກົດໝາຍ ວ່າດ້ວຍການປິ່ນປົວ (ສະບັບປັບປຸງ),,,,requests,200,raw/la/la_795/20260921T0033Z__scanned.pdf.headers.json,application/pdf,4338f7bce644dcebd9e81db97b10b3f68a1350bbf48ec1ada5ed7fa2656d0990,2445889,24,,,,corpus LA_corpus_2026-09-21: from LA_ws_2026-09-21; flags no_text_layer,2015-05-09,,,repealed
0.2.0,,la-la796-001,LA,https://laoofficialgazette.gov.la/kcfinder/upload/files/ຄຳສັ່ງແນະນຳ ໄຍຍະບູລີ.pdf,2026-09-21T03:04:18Z,pdf_scanned,true,raw/la/la_796/20260921T0304Z__scanned.pdf,ຄຳສັ່ງແນະນຳກ່ຽວກັບ ການປະຕິບັດນະໂຍບາຍ ການເກີດລູກ ແລະ ປິ່ນປົວເດັກລຸ່ມ 5 ປີ ບໍ່ເສັຍຄ່າ,,,,requests,200,raw/la/la_796/20260921T0304Z__scanned.pdf.headers.json,application/pdf,70b83be478cfc0f90bd1ca19480d00398de0e8a3f6b02f28287c1ae3e24d321c,93198,2,,,,corpus LA_corpus_2026-09-21: from LA_ws_2026-09-21; flags no_text_layer,2015-05-12,,,in_force
0.2.0,,la-la797-001,LA,https://laoofficialgazette.gov.la/kcfinder/upload/files/ກົດໝາຍວ່າດ້ວຍ ພາສີ (ສະບັບປັບປຸງບາງມາດຕາ).pdf,2026-09-21T01:44:46Z,pdf_scanned,true,raw/la/la_797/20260921T0144Z__scanned.pdf,ກົດໝາຍວ່າດ້ວຍ ພາສີ (ສະບັບປັບປຸງບາງມາດຕາ),,,,requests,200,raw/la/la_797/20260921T0144Z__scanned.pdf.headers.json,application/pdf,6f3e1fce552fa7d1c96d81f0b7d44004c7a54eeec4da3a3ffde6134821c739ed,1660913,8,,,,corpus LA_corpus_2026-09-21: from LA_ws_2026-09-21; flags no_text_layer,2015-05-21,,,repealed
0.2.0,,la-la798-001,LA,https://laoofficialgazette.gov.la/kcfinder/upload/files/ດຳລັດ ວ່າດ້ວຍການປະຢັດ ແລະ ຕ້ານການຟູມເຟືອຍ.pdf,2026-09-21T02:38:20Z,pdf_scanned,true,raw/la/la_798/20260921T0238Z__scanned.pdf,ດຳລັດວ່າດ້ວຍ ການປະຢັດ ແລະ ການຕ້ານການຟູມເຟືອຍ,,,,requests,200,raw/la/la_798/20260921T0238Z__scanned.pdf.headers.json,application/pdf,bf63023160393bd9f7ebdd297e28cb04093515823f236b7140358ae56191ead4,1258825,16,,,,corpus LA_corpus_2026-09-21: from LA_ws_2026-09-21; flags no_text_layer,2015-05-21,,,repealed
0.2.0,,la-la800-001,LA,https://laoofficialgazette.gov.la/kcfinder/upload/files/ກົດໝາຍວ່າດ້ວຍ ການຕ້ານ ແລະ ສະກັດກັ້ນການໃຊ້ຄວາມຮຸນແຮງຕໍ່ແມ່ຍິງ ແລະ ເດັກ.pdf,2026-09-21T01:35:05Z,pdf_scanned,true,raw/la/la_800/20260921T0135Z__scanned.pdf,ກົດໝາຍວ່າດ້ວຍ ການຕ້ານ ແລະ ສະກັດກັ້ນການໃຊ້ຄວາມຮຸນແຮງ ຕໍ່ແມ່ຍິງ ແລະ ເດັກ,,,,requests,200,raw/la/la_800/20260921T0135Z__scanned.pdf.headers.json,application/pdf,3f55ebc9a7f691d6b19988ff8107caf4bbdfd90deb6f5e899e40b49392b16e98,2719760,32,,,,corpus LA_corpus_2026-09-21: from LA_ws_2026-09-21; flags no_text_layer,2015-05-25,,,in_force
0.2.0,,la-la801-001,LA,"https://laoofficialgazette.gov.la/kcfinder/upload/files/ຄຳສັ່ງ ວ່າດ້ວຍການຫ້າມບຸກຄົນ, ນິຕິບຸກຄົນ, ການຈັດຕັ້ງບຸກລຸກ ແລະ ນຳໃຊ້ທີ່ດິນຂອງລັດ .pdf",2026-09-21T03:03:14Z,pdf_scanned,true,raw/la/la_801/20260921T0303Z__scanned.pdf,"ຄຳສັ່ງຂອງທ່ານເຈົ້າແຂວງຊຽງຂວາງ ວ່າດ້ວຍການຫ້າມ ບຸກຄົນ, ນິຕິບຸກຄົນ, ການຈັດຕັ້ງ ບຸກລຸກ ແລະ ນຳໃຊ້ທີ່ດິນຂອງລັດ ຢູ່ເຂດຄວາມຮັບຜິດຊອບ ຂອງສູນປັບປຸງ ແລະ ຂະຫຍາຍພັນສັດ (ພູຂີ້ເຫຼົ້າ) ເມືອງແປກ ແຂວງຊຽງຂວາງ",,,,requests,200,raw/la/la_801/20260921T0303Z__scanned.pdf.headers.json,application/pdf,467d9cea97ed0dd5362823477fcdc442defce501fb358b680d68a39844212ead,95477,2,,,,corpus LA_corpus_2026-09-21: from LA_ws_2026-09-21; flags no_text_layer,2015-05-26,,,in_force
0.2.0,,la-la802-001,LA,https://laoofficialgazette.gov.la/kcfinder/upload/files/ຄຳສັ່ງແນະນຳ ວ່າດ້ວຍການເພີ່ມທະວີວຽກງານສະກັດກັ້ນ ແລະ ແກ້ໄຂປະກົດການຫຍໍ້ທໍ້ໃນສັງຄົມ.pdf,2026-09-21T03:03:22Z,pdf_scanned,true,raw/la/la_802/20260921T0303Z__scanned.pdf,ຄຳສັ່ງແນະນຳ ວ່າດ້ວຍການເພີ່ມທະວີວຽກງານ ສະກັດກັ້ນ ແລະ ແກ້ໄຂປະກົດການຫຍໍ້ທໍ້ ໃນສັງຄົມ ທົ່ວແຂວງຊຽງຂວາງ,,,,requests,200,raw/la/la_802/20260921T0303Z__scanned.pdf.headers.json,application/pdf,32a94d98df29b1e3636d8f1e30c908ef757106b544bc1fbaf26718ff03859aaf,277948,4,,,,corpus LA_corpus_2026-09-21: from LA_ws_2026-09-21; flags no_text_layer,2015-05-26,,,in_force
0.2.0,,la-la803-001,LA,"https://laoofficialgazette.gov.la/kcfinder/upload/files/ຄຳສັ່ງ ວ່າດ້ວຍການເພີ່ມທະວີເອົາໃຈໃສ່ເຝົ້າລະວັງ ແລະ ສະກັດກັ້ນການລະບາດຂອງພະຍາດ  H5N1,H7N9.pdf",2026-09-21T03:03:31Z,pdf_scanned,true,raw/la/la_803/20260921T0303Z__scanned.pdf,"ຄຳສັ່ງ ວ່າດ້ວຍການເພີ້ມທະວີເອົາໃຈໃສ່ ການຕິດຕາມເຝົ້າລະວັງ ແລະ ສະກັດກັ້ນ ການລະບາດຂອງພະຍາດ ໄຂ້ຫວັດສັດປີກ ສາຍພັນໃໝ່ H5N1,H7N9 ແລະ ພະຍາດສັດຕາມລະດູການ",,,,requests,200,raw/la/la_803/20260921T0303Z__scanned.pdf.headers.json,application/pdf,412cda70d22fe3b42e3d08995ed062e661e55c56548a45215bae266a5cd68558,1662147,3,,,,corpus LA_corpus_2026-09-21: from LA_ws_2026-09-21; flags no_text_layer,2015-05-26,,,in_force
0.2.0,,la-la804-001,LA,https://laoofficialgazette.gov.la/kcfinder/upload/files/ຄຳສັ່ງຂອງເຈົ້າແຂວງ ວ່າດ້ວຍການຫ້າມປູກກ້ວຍໃສ່ດິນນາ.pdf,2026-09-21T03:03:39Z,pdf_scanned,true,raw/la/la_804/20260921T0303Z__scanned.pdf,ຄຳສັ່ງຂອງເຈົ້າແຂວງ ວ່າດ້ວຍການຫ້າມປູກກ້ວຍໃສ່ດິນນາ,,,,requests,200,raw/la/la_804/20260921T0303Z__scanned.pdf.headers.json,application/pdf,f79d0fb710222cd230f528318b4313f6de2c4818b4dddf383974186434005ae7,1111713,2,,,,corpus LA_corpus_2026-09-21: from LA_ws_2026-09-21; flags no_text_layer,2015-05-26,,,in_force
0.2.0,,la-la805-001,LA,"https://laoofficialgazette.gov.la/kcfinder/upload/files/ຄຳສັ່ງ ວ່າດ້ວຍການນຳເອົາ ນິຕິກຳ, ເອກະສານ ແລະ ສັນຍາປະເພດຕ່າງໆມາຢັ້ງຢືນຄວາມຖືກຕ້ອງ .pdf",2026-09-21T03:03:44Z,pdf_scanned,true,raw/la/la_805/20260921T0303Z__scanned.pdf,"ຄຳສັ່ງ ວ່າດ້ວຍການນຳເອົາ ນິຕິກຳ, ເອກະສານ ແລະ ສັນຍາປະເພດຕ່າງໆ ມາຢັ້ງຢືນຄວາມຖືກຕ້ອງ ທາງດ້ານກົດໝາຍ",,,,requests,200,raw/la/la_805/20260921T0303Z__scanned.pdf.headers.json,application/pdf,983144e93c56c63deed093a31e7434563e0b3fdd7bbff6cddb83cc3fdf14bccb,308460,5,,,,corpus LA_corpus_2026-09-21: from LA_ws_2026-09-21; flags no_text_layer,2015-05-26,,,in_force
0.2.0,,la-la806-001,LA,https://laoofficialgazette.gov.la/kcfinder/upload/files/ຄຳສັ່ງແນະນຳ ວ່າດ້ວຍການເພີ່ມທະວີການສ້າງຂະບວນການຮັກສາຄວາມສະອາດຈົບງາມໃນທົ່ວແຂວງ.pdf,2026-09-21T03:03:51Z,pdf_scanned,true,raw/la/la_806/20260921T0303Z__scanned.pdf,ຄຳສັ່ງແນະນຳ ຂອງເຈົ້າແຂວງ ວ່າດ້ວຍການເພີ່ມທະວີ ການສ້າງຂະບວນການ ຮັກສາຄວາມສະອາດ ຈົບງາມໃນທົ່ວແຂວງ,,,,requests,200,raw/la/la_806/20260921T0303Z__scanned.pdf.headers.json,application/pdf,a911d11ea8a47139bfab6e7c32115c009a7b0cc8dac2610af243d5288ec64a36,261168,4,,,,corpus LA_corpus_2026-09-21: from LA_ws_2026-09-21; flags no_text_layer,2015-05-26,,,in_force
0.2.0,,la-la807-001,LA,https://laoofficialgazette.gov.la/kcfinder/upload/files/ຄຳສັ່ງ ວ່າດ້ວຍການໂຈະການພິຈາລະນາ ແລະ ອະນຸຍາດໂຄງການລົງທຶນໃໝ່ສຳລັບການປູກກວ້ຍຫອມ.pdf,2026-09-21T03:04:00Z,pdf_scanned,true,raw/la/la_807/20260921T0304Z__scanned.pdf,ຄຳສັ່ງຂອງເຈົ້າແຂວງບໍ່ແກ້ວ ວ່າດ້ວຍການໂຈະການພິຈາລະນາ ແລະ ອະນຸຍາດໂຄງການລົງທຶນໃໝ່ ສຳລັບການປູກກ້ວຍຫອມ ໃນຂອບເຂດທົ່ວແຂວງ,,,,requests,200,raw/la/la_807/20260921T0304Z__scanned.pdf.headers.json,application/pdf,f8b02fe8067e1dd6c01313edd7c65bd3933f8c9c1af8f41e13536295051ed4d8,1179738,2,,,,corpus LA_corpus_2026-09-21: from LA_ws_2026-09-21; flags no_text_layer,2015-05-26,,,in_force
0.2.0,,la-la808-001,LA,"https://laoofficialgazette.gov.la/kcfinder/upload/files/ຄຳສັ່ງກ່ຽວກັບການເພີ່ມທະວີຄວາມເຂັ້ມງວດໃນການຄຸ້ມຄອງ, ກວດກາຝຸ່ນ, ແນວພັນພືດ, .pdf",2026-09-21T03:04:15Z,pdf_scanned,true,raw/la/la_808/20260921T0304Z__scanned.pdf,"ຄຳສັ່ງ ກ່ຽວກັບການເພີ່ມທະວີ ຄວາມເຂັ້ມງວດ ໃນການຄຸ້ມຄອງ, ກວດກາຝຸ່ນ, ແນວພັນພືດ, ຢາຂ້າຫຍ້າ ແລະ ຢາປາບສັດຕູພືດອື່ນໆ ພາຍໃນແຂວງຫຼວງພະບາງ",,,,requests,200,raw/la/la_808/20260921T0304Z__scanned.pdf.headers.json,application/pdf,de16b811e7410b31c5c323c8d3f8f03bc375f902511b4539fdff23d40ea30225,1610552,3,,,,corpus LA_corpus_2026-09-21: from LA_ws_2026-09-21; flags no_text_layer,2015-05-26,,,in_force
0.2.0,,la-la809-001,LA,https://laoofficialgazette.gov.la/kcfinder/upload/files/ຄຳສັ່ງແນະນຳ ກ່ຽວກັບວຽກງານການຄຸ້ມຄອງ ແລະ ບໍລິຫານທີ່ດິນຢູ່ພາຍໃນແຂວງຊຽງຂວາງ.pdf,2026-09-21T03:10:43Z,pdf_scanned,true,raw/la/la_809/20260921T0310Z__scanned.pdf,ຄຳສັ່ງແນະນຳ ກ່ຽວກັບວຽກງານການຄຸ້ມຄອງ ແລະ ບໍລິຫານທີ່ດິນ ຢູ່ພາຍໃນແຂວງຊຽງຂວາງ,,,,requests,200,raw/la/la_809/20260921T0310Z__scanned.pdf.headers.json,application/pdf,8cfd004d480ed7da5fc5ff091d39e5a92570a16c887d62787bd2393b177cd569,451169,6,,,,corpus LA_corpus_2026-09-21: from LA_ws_2026-09-21; flags no_text_layer,2015-05-26,,,repealed
0.2.0,,la-la812-001,LA,https://laoofficialgazette.gov.la/kcfinder/upload/files/ຄຳແນະນຳການສົ່ງອອກຜະລິດຕະພັນໄມ້ສຳເລັດຮູບ ທີ່ຊື້ຢູ່ງານວາງສະແດງ.pdf,2026-09-21T05:23:11Z,pdf_scanned,true,raw/la/la_812/20260921T0523Z__scanned.pdf,ຄຳແນະນຳ ວ່າດ້ວຍ ການສົ່ງອອກຜະລິດຕະພັນໄມ້ສຳເລັດຮູບ ທີ່ຊື້ຢູ່ງານວາງສະແດງ,,,,requests,200,raw/la/la_812/20260921T0523Z__scanned.pdf.headers.json,application/pdf,95878fc77ee7e75a6b0681eb84e42e3d0f3502946d7baa79a5afbaf907c553c9,1247752,3,,,,corpus LA_corpus_2026-09-21: from LA_ws_2026-09-21; flags no_text_layer,2015-05-27,,,in_force
0.2.0,,la-la813-001,LA,https://laoofficialgazette.gov.la/kcfinder/upload/files/ກົດໝາຍວ່າດ້ວຍ ການຄຸ້ມຄອງເງິນຕາຕ່າງປະເທດ.pdf,2026-09-21T00:33:34Z,pdf_scanned,true,raw/la/la_813/20260921T0033Z__scanned.pdf,ກົດໝາຍວ່າດ້ວຍ ການຄຸ້ມຄອງເງິນຕາຕ່າງປະເທດ,,,,requests,200,raw/la/la_813/20260921T0033Z__scanned.pdf.headers.json,application/pdf,6348e09e8d8a0d90d7d51044490694f94fcbeeb2066262a8a38586346d193d73,2052820,21,,,,corpus LA_corpus_2026-09-21: from LA_ws_2026-09-21; flags no_text_layer,2015-06-03,,,repealed
0.2.0,,la-la814-001,LA,https://laoofficialgazette.gov.la/kcfinder/upload/files/ຄຳສັ່ງກ່ຽວກັບການຄວບຄຸມລາຄາຜະລິດຕະພັນຢາສູບ ດວ້ຍການກຳນົດລາຄາຂາຍຍ່ອຍຕ່ຳສຸດ.pdf,2026-09-21T03:03:05Z,pdf_scanned,true,raw/la/la_814/20260921T0303Z__scanned.pdf,ຄຳສັ່ງ ກ່ຽວກັບການຄວບຄຸມລາຄາ ຜະລິດຕະພັນຢາສູບ ດວ້ຍການກຳນົດລາຄາ ຂາຍຍ່ອຍຕ່ຳສຸດ,,,,requests,200,raw/la/la_814/20260921T0303Z__scanned.pdf.headers.json,application/pdf,6d806f2745fa97561080685d416a14a12a09edafdf8fc85680ffe1992293ad0e,1338242,3,,,,corpus LA_corpus_2026-09-21: from LA_ws_2026-09-21; flags no_text_layer,2015-06-05,,,in_force
0.2.0,,la-la815-001,LA,https://laoofficialgazette.gov.la/kcfinder/upload/files/ກົດໝາຍວ່າດ້ວຍ ອາກອນມູນຄ່າເພີ່ມ (ສະບັບປັບປຸ).pdf,2026-09-21T01:44:42Z,pdf_scanned,true,raw/la/la_815/20260921T0144Z__scanned.pdf,ກົດໝາຍວ່າດ້ວຍ ອາກອນມູນຄ່າເພີ່ມ (ສະບັບປັບປຸງ),,,,requests,200,raw/la/la_815/20260921T0144Z__scanned.pdf.headers.json,application/pdf,46f326719370fc4206f5f4590a7ed900aaba80c84b1abea865c7c00ac2f02ff9,2625030,31,,,,corpus LA_corpus_2026-09-21: from LA_ws_2026-09-21; flags no_text_layer,2015-06-18,,,repealed
0.2.0,,la-la816-001,LA,"https://laoofficialgazette.gov.la/kcfinder/upload/files/1, ຄຳແນະນຳການຈັດຕັ້ງປະຕິບັດນຳພາປະຊາຊົນໃນການປົກປັກຮັກສາເສັ້ນທາງຫຼວງທ້ອງຖິ່ນ.pdf",2026-09-21T05:23:04Z,pdf_scanned,true,raw/la/la_816/20260921T0523Z__scanned.pdf,ຄຳແນະນຳ ກ່ຽວກັບການຈັດຕັ້ງປະຕິບັດ ນຳພາປະຊາຊົນໃຫ້ມີສ່ວນຮ່ວມ ໃນການປົກປັກຮັກສາ ເສັ້ນທາງຫຼວງທ້ອງຖິ່ນ,,,,requests,200,raw/la/la_816/20260921T0523Z__scanned.pdf.headers.json,application/pdf,08d35c4d8e1d60fac61f2ccb8bc788b3af572a6242683c7e733675770ab7996f,678544,2,,,,corpus LA_corpus_2026-09-21: from LA_ws_2026-09-21; flags no_text_layer,2015-06-19,,,in_force
0.2.0,,la-la817-001,LA,"https://laoofficialgazette.gov.la/kcfinder/upload/files/2, ຂໍ້ຕົກລົງ ວ່າດ້ວຍການຫັນປ່ຽນທີ່ດິນປ່າໄມ້ (ປ່າປ້ອງກັນແຫ່ງຊາດ) ເປັນດິນປຸກສ້າງ.pdf",2026-09-21T04:40:27Z,pdf_scanned,true,raw/la/la_817/20260921T0440Z__scanned.pdf,ຂໍ້ຕົກລົງ ວ່າດ້ວຍການຫັນປ່ຽນ ທີ່ດິນປ່າໄມ້ (ປ່າປ້ອງກັນແຫ່ງຊາດ) ເປັນດິນປຸກສ້າງ,,,,requests,200,raw/la/la_817/20260921T0440Z__scanned.pdf.headers.json,application/pdf,dc2289ea96f6c71206c4dbbf9f8c868bc86fccfdcecee628806b316df043ea93,410765,1,,,,corpus LA_corpus_2026-09-21: from LA_ws_2026-09-21; flags no_text_layer,2015-06-19,,,in_force
0.2.0,,la-la818-001,LA,https://laoofficialgazette.gov.la/kcfinder/upload/files/ກົດໝາຍວ່າດ້ວຍ ການແກ້ໄຂຄຳຮ້ອງທຸກ (ສະບັບປັບປຸງ).pdf,2026-09-21T01:44:36Z,pdf_scanned,true,raw/la/la_818/20260921T0144Z__scanned.pdf,ກົດໝາຍວ່າດ້ວຍ ການແກ້ໄຂຄຳຮ້ອງທຸກ (ສະບັບປັບປຸງ),,,,requests,200,raw/la/la_818/20260921T0144Z__scanned.pdf.headers.json,application/pdf,87b0ee3481d0378921ce9e48f006da7097a604c7c087addc075b579cccee5353,12074219,24,,,,corpus LA_corpus_2026-09-21: from LA_ws_2026-09-21; flags no_text_layer,2015-06-23,,,repealed
0.2.0,,la-la819-001,LA,https://laoofficialgazette.gov.la/kcfinder/upload/files/ກົດໝາຍວ່າດ້ວຍ ການເຂົ້າ-ອອກ ແລະ ຄຸ້ມຄອງຄົນຕ່າງປະເທດ ຢູ່ ສປປ ລາວ...pdf,2026-09-21T01:35:03Z,pdf_scanned,true,raw/la/la_819/20260921T0135Z__scanned.pdf,ກົດໝາຍ ວ່າດ້ວຍ ການເຂົ້າ-ອອກ ແລະ ຄຸ້ມຄອງ ຄົນຕ່າງປະເທດ ຢູ່ ສປປ ລາວ,,,,requests,200,raw/la/la_819/20260921T0135Z__scanned.pdf.headers.json,application/pdf,84c0f7b7461cdd63b173691befc8cc8c5d31ebdebb3a8689fdbf5b382673c77f,5653305,40,,,,corpus LA_corpus_2026-09-21: from LA_ws_2026-09-21; flags no_text_layer,2015-06-23,,,in_force
0.2.0,,la-la820-001,LA,https://laoofficialgazette.gov.la/kcfinder/upload/files/ຂໍ້ຕົກລົງ ວ່າດ້ວຍທຸລະກິດການຄ້າຂາຍຍົກ ແລະ ການຄ້າຂາຍຍ່ອຍ.pdf,2026-09-21T04:40:25Z,pdf_scanned,true,raw/la/la_820/20260921T0440Z__scanned.pdf,ຂໍ້ຕົກລົງ ວ່າດ້ວຍທຸລະກິດ ການຄ້າຂາຍຍົກ ແລະ ການຄ້າຂາຍຍ່ອຍ,,,,requests,200,raw/la/la_820/20260921T0440Z__scanned.pdf.headers.json,application/pdf,a02062e56e639c8ab4f671849915996fd234f318607f7f6ca7a0a11d87b31bd5,5211398,10,,,,corpus LA_corpus_2026-09-21: from LA_ws_2026-09-21; flags no_text_layer,2015-06-24,,,in_force
0.2.0,,la-la821-001,LA,https://laoofficialgazette.gov.la/kcfinder/upload/files/ຂໍ້ຕົກລົງ ວ່າດ້ວຍການສ້າງຕັ້ງສະພາການຄ້າຕ່າງປະເທດ ປະຈຳ ສປປ ລາວ.pdf,2026-09-21T04:40:17Z,pdf_scanned,true,raw/la/la_821/20260921T0440Z__scanned.pdf,ຂໍ້ຕົກລົງ ວ່າດ້ວຍການສ້າງຕັ້ງ ສະພາການຄ້າຕ່າງປະເທດ ປະຈຳ ສປປ ລາວ,,,,requests,200,raw/la/la_821/20260921T0440Z__scanned.pdf.headers.json,application/pdf,1e0c7bf2ee3fff7afc4dfe1ecb4389f0763107afd6ecc0f4e973c2eeaeb8cb72,4181102,9,,,,corpus LA_corpus_2026-09-21: from LA_ws_2026-09-21; flags no_text_layer,2015-06-24,,,in_force
0.2.0,,la-la824-001,LA,https://laoofficialgazette.gov.la/kcfinder/upload/files/ຂໍ້ຕົກລົງ ວ່າດ້ວຍການນຳເຂົ້າເພື່ອສົ່ງອອກຕໍ່ ແລະ ການສົ່ງອອກຊົ່ວຄາວສິນຄ້າຄຸ້ມຄອງ.pdf,2026-09-21T05:01:16Z,pdf_scanned,true,raw/la/la_824/20260921T0501Z__scanned.pdf,ຂໍ້ຕົກລົງ ວ່າດ້ວຍການນຳເຂົ້າ ເພື່ອສົ່ງອອກຕໍ່ ແລະ ການສົ່ງອອກຊົ່ວຄາວ ສິນຄ້າຄຸ້ມຄອງ,,,,requests,200,raw/la/la_824/20260921T0501Z__scanned.pdf.headers.json,application/pdf,6bf5f502039ac1a893fb8744be7858cb8ec59850a85a2745e6516d6ea8f0fc5d,2116395,6,,,,corpus LA_corpus_2026-09-21: from LA_ws_2026-09-21; flags no_text_layer,2015-07-02,,,repealed
0.2.0,,la-la825-001,LA,https://laoofficialgazette.gov.la/kcfinder/upload/files/ຂໍ້ຕົກລົງ ວ່າດ້ວຍການເຄື່ອນຍ້າຍສິນຄ້າຄຸ້ມຄອງຜ່ານແດນ ສປປ ລາວ.pdf,2026-09-21T05:01:10Z,pdf_scanned,true,raw/la/la_825/20260921T0501Z__scanned.pdf,ຂໍ້ຕົກລົງ ວ່າດ້ວຍການເຄື່ອນຍ້າຍສິນຄ້າ ຄຸ້ມຄອງຜ່ານແດນ ສປປ ລາວ,,,,requests,200,raw/la/la_825/20260921T0501Z__scanned.pdf.headers.json,application/pdf,c1c87fdbc0f71497a9c60d8caef43dd43da9ff65f91e1e89be0b479aeba1be83,1876879,6,,,,corpus LA_corpus_2026-09-21: from LA_ws_2026-09-21; flags no_text_layer,2015-07-02,,,repealed
0.2.0,,la-la826-001,LA,https://laoofficialgazette.gov.la/kcfinder/upload/files/ຂໍ້ຕົກລົງ  ວ່າດ້ວຍການລາຍງານທຸລະກຳເງິນສົດ ທີ່ມີມູນຄ່າເກີນກຳນົດ.pdf,2026-09-21T05:01:03Z,pdf_scanned,true,raw/la/la_826/20260921T0501Z__scanned.pdf,ຂໍ້ຕົກລົງ ວ່າດ້ວຍການລາຍງານ ທຸລະກຳເງິນສົດ ທີ່ມີມູນຄ່າເກີນກຳນົດ,,,,requests,200,raw/la/la_826/20260921T0501Z__scanned.pdf.headers.json,application/pdf,c78e1fe41e859a6b5b333e5cfc012d27c14645c62522dc57d336076163a8e568,696555,2,,,,corpus LA_corpus_2026-09-21: from LA_ws_2026-09-21; flags no_text_layer,2015-07-02,,,repealed
0.2.0,,la-la828-001,LA,https://laoofficialgazette.gov.la/kcfinder/upload/files/ດຳລັດ ຈັດຕັ້ງປະຕິບັດກົດໝາຍ ວ່າດ້ວຍການຄ້ຳປະກັນການປະຕິບັດສັນຍາ.pdf,2026-09-21T02:31:42Z,pdf_scanned,true,raw/la/la_828/20260921T0231Z__scanned.pdf,ດຳລັດຈັດຕັ້ງປະຕິບັດ ກົດໝາຍວ່າດ້ວຍ ການຄ້ຳປະກັນ ການປະຕິບັດສັນຍາ,,,,requests,200,raw/la/la_828/20260921T0231Z__scanned.pdf.headers.json,application/pdf,b1543f2507785186cc2e33c547006dfc4a277bf59b7431a0af80facc5223800b,8756434,22,,,,corpus LA_corpus_2026-09-21: from LA_ws_2026-09-21; flags no_text_layer,2015-07-07,,,in_force
0.2.0,,la-la829-001,LA,https://laoofficialgazette.gov.la/kcfinder/upload/files/ດຳລັດ ວ່າດ້ວຍການສຶກສາຊັ້ນສູງ.pdf,2026-09-21T02:31:22Z,pdf_scanned,true,raw/la/la_829/20260921T0231Z__scanned.pdf,ດຳລັດ ວ່າດ້ວຍການສຶກສາຊັ້ນສູງ,,,,requests,200,raw/la/la_829/20260921T0231Z__scanned.pdf.headers.json,application/pdf,6026df9bb4de6283c6e8beee0f3fe2b8e3260c3c50338b89b063f8503a744370,1547301,28,,,,corpus LA_corpus_2026-09-21: from LA_ws_2026-09-21; flags no_text_layer,2015-07-10,,,in_force
0.2.0,,la-la830-001,LA,https://laoofficialgazette.gov.la/kcfinder/upload/files/ຄຳແນະນຳ ວ່າດ້ວຍການຢັ້ງຢືນຄວາມຖືກຕ້ອງຂອງບັນດາເອກະສານ ແລະ ນິຕິກຳຕ່າງໆ.pdf,2026-09-21T01:12:42Z,pdf_scanned,true,raw/la/la_830/20260921T0112Z__scanned.pdf,ຄຳແນະນຳ ວ່າດ້ວຍການຢັ້ງຢືນຄວາມຖືກຕ້ອງ ຂອງບັນດາເອກະສານ ແລະ ນິຕິກຳຕ່າງໆ ທີ່ຕ້ອງຜ່ານ ຫ້ອງການທະບຽນສານ,,,,requests,200,raw/la/la_830/20260921T0112Z__scanned.pdf.headers.json,application/pdf,e20c39e15843282d154da88b778546752ed53030bb5b1729e84d82e32f57110b,686062,2,,,,corpus LA_corpus_2026-09-21: from LA_ws_2026-09-21; flags no_text_layer,2015-08-05,,,in_force
0.2.0,,la-la831-001,LA,https://laoofficialgazette.gov.la/kcfinder/upload/files/ດຳລັດ ວ່າດ້ວຍສິລະປະການສະແດງ.pdf,2026-09-21T02:38:14Z,pdf_scanned,true,raw/la/la_831/20260921T0238Z__scanned.pdf,ດຳລັດ ວ່າດ້ວຍສິລະປະ ການສະແດງ,,,,requests,200,raw/la/la_831/20260921T0238Z__scanned.pdf.headers.json,application/pdf,3c79ce5a409758449ceb3fb66b93b29e4b01785834189d905569c22349ad0cf2,1030644,18,,,,corpus LA_corpus_2026-09-21: from LA_ws_2026-09-21; flags no_text_layer,2015-08-05,,,repealed
0.2.0,,la-la833-001,LA,https://laoofficialgazette.gov.la/kcfinder/upload/files/SME.pdf,2026-09-21T02:38:06Z,pdf_scanned,true,raw/la/la_833/20260921T0238Z__scanned.pdf,ດຳລັດ ວ່າດ້ວຍກອງທຶນ ສົ່ງເສີມ ແລະ ພັດທະນາ ວິສາຫະກິດ ຂະໜາດນ້ອຍ ແລະ ກາງ,,,,requests,200,raw/la/la_833/20260921T0238Z__scanned.pdf.headers.json,application/pdf,72e2fed61365c8ea4ee12ef151b08ca4e0c0dc851b299ace5f4b66339eabd412,1038926,7,,,,corpus LA_corpus_2026-09-21: from LA_ws_2026-09-21; flags no_text_layer,2015-08-07,,,repealed
0.2.0,,la-la835-001,LA,https://laoofficialgazette.gov.la/kcfinder/upload/files/Decision of Implementation for Lao National Single Window(upload).pdf,2026-09-21T04:40:06Z,pdf_scanned,true,raw/la/la_835/20260921T0440Z__scanned.pdf,"ຂໍ້ຕົກລົງວ່າດ້ວຍການຈັດຕັ້ງ ປະຕິບັດ ແລະ ເຄື່ອນໄຫວວຽກ ສຳລັບການພັດທະນາ, ຈັດຕັ້ງປະ ຕິບັດ ແລະ ດຳເນີນງານລະບົບ ແຈ້ງພາສີປະຕູດຽວ",,,,requests,200,raw/la/la_835/20260921T0440Z__scanned.pdf.headers.json,application/pdf,401c2f31427d041b923fb02955facd8a9a5a8328cc3132a46d01450b0bc2b0d9,1918736,11,,,,corpus LA_corpus_2026-09-21: from LA_ws_2026-09-21; flags no_text_layer,2015-08-11,,,in_force
0.2.0,,la-la837-001,LA,https://laoofficialgazette.gov.la/kcfinder/upload/files/Official Documents.pdf,2026-09-21T02:31:16Z,pdf_scanned,true,raw/la/la_837/20260921T0231Z__scanned.pdf,ດຳລັດວ່າດ້ວຍ ເອກະສານທາງການ,,,,requests,200,raw/la/la_837/20260921T0231Z__scanned.pdf.headers.json,application/pdf,1901ba1ab67c68efa3a8d266130fbb89c719ffc0ddcb77a009735c28d4b3562f,1312819,8,,,,corpus LA_corpus_2026-09-21: from LA_ws_2026-09-21; flags no_text_layer,2015-08-25,,,in_force
0.2.0,,la-la839-001,LA,https://laoofficialgazette.gov.la/kcfinder/upload/files/Decree on Survey and GIS Mapping.pdf,2026-09-21T02:31:12Z,pdf_scanned,true,raw/la/la_839/20260921T0231Z__scanned.pdf,"ດຳລັດ ວ່າດ້ວຍການສຳຫຼວດ ວັດແທກ, ຖ່າຍພາບທາງອາກາດ ແລະ ສ້າງແຜນທີ່",,,,requests,200,raw/la/la_839/20260921T0231Z__scanned.pdf.headers.json,application/pdf,e14160e5ac7ce72d6373ca70dcd14bfc5e8629cfd0df9f162d8e5f45eb281a5f,800297,11,,,,corpus LA_corpus_2026-09-21: from LA_ws_2026-09-21; flags no_text_layer,2015-09-07,,,in_force
0.2.0,,la-la844-001,LA,https://laoofficialgazette.gov.la/kcfinder/upload/files/1. ກົດໝາຍວ່າດ້ວຍ ການສຶກສາ(ສະບັບປັບປຸງ).pdf,2026-09-21T01:44:02Z,pdf_scanned,true,raw/la/la_844/20260921T0144Z__scanned.pdf,ກົດໝາຍວ່າດ້ວຍ ການສຶກສາ (ສະບັບປັບປຸງ),,,,requests,200,raw/la/la_844/20260921T0144Z__scanned.pdf.headers.json,application/pdf,8002c74fc724d35d0060405f0fa880e4d3b096d9ad865dd855d358db914bb850,1471465,34,,,,corpus LA_corpus_2026-09-21: from LA_ws_2026-09-21; flags no_text_layer,2015-09-18,,,repealed
0.2.0,,la-la845-001,LA,https://laoofficialgazette.gov.la/kcfinder/upload/files/ຄຳແນະນຳ ກ່ຽວກັບການຈັດຕັ້ງປະຕິບັດ ກົດໝາຍວ່າດ້ວຍການປະກັນສັງຄົມ(ສະບັບປັບປຸງ).pdf,2026-09-21T05:22:58Z,pdf_scanned,true,raw/la/la_845/20260921T0522Z__scanned.pdf,ຄຳແນະນຳກ່ຽວກັບ ການຈັດຕັ້ງປະຕິບັດ ກົດໝາຍວ່າດ້ວຍ ການປະກັນສັງຄົມ (ສະບັບປັບປຸງ),,,,requests,200,raw/la/la_845/20260921T0522Z__scanned.pdf.headers.json,application/pdf,115da1b5f70371c56f366bcffe86343694d0f5ad9fd2da1be92439119fe41fbf,1441843,23,,,,corpus LA_corpus_2026-09-21: from LA_ws_2026-09-21; flags no_text_layer,2015-09-25,,,in_force
0.2.0,,la-la846-001,LA,"https://laoofficialgazette.gov.la/kcfinder/upload/files/1, ຂໍ້ຕົກລົງ ວ່າດ້ວຍສູນການຄ້າ ແລະ ຮ້ານສັບພະສິນຄ້າ.pdf",2026-09-21T04:39:57Z,pdf_scanned,true,raw/la/la_846/20260921T0439Z__scanned.pdf,ຂໍ້ຕົກລົງວ່າດ້ວຍ ສູນການຄ້າ ແລະ ຮ້ານສັບພະສິນຄ້າ,,,,requests,200,raw/la/la_846/20260921T0439Z__scanned.pdf.headers.json,application/pdf,1189af5794656a3b1904334e41ef01b13f005cec388f22bd64dfab331360cb29,1845342,12,,,,corpus LA_corpus_2026-09-21: from LA_ws_2026-09-21; flags no_text_layer,2015-09-28,,,in_force
0.2.0,,la-la854-001,LA,https://laoofficialgazette.gov.la/kcfinder/upload/files/2. ລັດຖະບັນຍັດ ຂອງປະທານປະເທດ ວ່າດ້ວຍອັດຕາຄ່າຊັບພະຍາກອນທຳມະຊາດ.pdf,2026-09-21T02:04:57Z,pdf_scanned,true,raw/la/la_854/20260921T0204Z__scanned.pdf,ລັດຖະບັນຍັດ ຂອງປະທານປະເທດ ວ່າດ້ວຍອັດຕາຄ່າຊັບພະຍາກອນທຳມະຊາດ,,,,requests,200,raw/la/la_854/20260921T0204Z__scanned.pdf.headers.json,application/pdf,2bb3b6677ee4e16a574b7452148879d484422c7fe94251b976a03c14612cab17,2142612,7,,,,corpus LA_corpus_2026-09-21: from LA_ws_2026-09-21; flags no_text_layer,2015-12-30,,,repealed
0.2.0,,la-la855-001,LA,https://laoofficialgazette.gov.la/kcfinder/upload/files/3. ດຳລັດ ວ່າດ້ວຍການເຄື່ອນໄຫວດ້ານການຂ່າວຂອງອົງການສື່ມວນຊົນຕ່າງປະເທດ.pdf,2026-09-21T00:40:58Z,pdf_scanned,true,raw/la/la_855/20260921T0040Z__scanned.pdf,"ດຳລັດ ວ່າດ້ວຍການເຄື່ອນໄຫວດ້ານການຂ່າວຂອງອົງການສື່ມວນຊົນຕ່າງປະເທດ, ສຳນັກງານການທູດຕ່າງປະເທດ ແລະ ອົງການຈັດຕັ້ງສາກົນຢູ່ ສປປ ລາວ",,,,requests,200,raw/la/la_855/20260921T0040Z__scanned.pdf.headers.json,application/pdf,70eddb97a2697a097089a39551a3b1a413c93d42505423df43410f6c81de6040,545685,6,,,,corpus LA_corpus_2026-09-21: from LA_ws_2026-09-21; flags no_text_layer,2015-12-30,,,in_force
0.2.0,,la-la856-001,LA,https://laoofficialgazette.gov.la/kcfinder/upload/files/ດຳລັັດ ວ່າດ້ວຍການປະຕິບັດນະໂຍບາຍຕໍ່ຜູ່ມີຜົນງານ ແລະ ຄຸນງາມຄວາມດີ.pdf,2026-09-21T02:37:59Z,pdf_scanned,true,raw/la/la_856/20260921T0237Z__scanned.pdf,ດຳລັດວ່າດ້ວຍ ການປະຕິບັດນະໂຍບາຍຕໍ່ຜູ້ມີຜົນງານ ແລະ ຄຸນງາມຄວາມດີ ໃນພາລະກິດ ຮັບໃຊ້ການປະຕິວັດຊາດ ປະຊາທິປະໄຕ,,,,requests,200,raw/la/la_856/20260921T0237Z__scanned.pdf.headers.json,application/pdf,7e05abb1008a5c7ff42c89811a0ae0acbea037148aa70894845c90182145a8c9,1922121,8,,,,corpus LA_corpus_2026-09-21: from LA_ws_2026-09-21; flags no_text_layer,2015-10-14,,,repealed
0.2.0,,la-la858-001,LA,https://laoofficialgazette.gov.la/kcfinder/upload/files/35. ຂໍ້ຕົກລົງ ວ່າດ້ວຍຜະລິດຕະພັນໄມ້111.pdf,2026-09-21T04:39:51Z,pdf_scanned,true,raw/la/la_858/20260921T0439Z__scanned.pdf,ຂໍ້ຕົກລົງວ່າດ້ວຍ ຜະລິດຕະພັນໄມ້,,,,requests,200,raw/la/la_858/20260921T0439Z__scanned.pdf.headers.json,application/pdf,ffb499cf5e258bb7b33fd22eb4536b7d4abbdfe884deacd98537210cb8ce839d,3503694,16,,,,corpus LA_corpus_2026-09-21: from LA_ws_2026-09-21; flags no_text_layer,2015-10-09,,,in_force
0.2.0,,la-la859-001,LA,https://laoofficialgazette.gov.la/kcfinder/upload/files/ຂໍ້ຕົກລົງ ວ່າດ້ວຍແຜນຜັງຄື້ນຄວາມຖີ່ແຫ່ງຊາດ.pdf,2026-09-21T01:01:44Z,pdf_scanned,true,raw/la/la_859/20260921T0101Z__scanned.pdf,ຂໍ້ຕົກລົງວ່າດ້ວຍ ແຜນຜັງຄື້ນຄວາມຖີ່ແຫ່ງຊາດ,,,,requests,200,raw/la/la_859/20260921T0101Z__scanned.pdf.headers.json,application/pdf,f856c4b56e3a703d532e693c5ec80a0c21009aa125ceb47f412d9f9cbdf75b38,7049234,187,,,,corpus LA_corpus_2026-09-21: from LA_ws_2026-09-21; flags no_text_layer,2015-11-04,,,in_force
0.2.0,,la-la860-001,LA,https://laoofficialgazette.gov.la/kcfinder/upload/files/ຂໍ້ຕົກລົງ ວ່າດ້ວຍ ການອະນຸມັດໃຫ້ປະຕິບັດ ເກັບຄ່າຄຸ້ມຄອງ ໝໍ້ແທກນ້ຳປະປາ ຢູ່ແຂວາງຊຽງຂວາງ.pdf,2026-09-21T04:39:22Z,pdf_scanned,true,raw/la/la_860/20260921T0439Z__scanned.pdf,ຂໍ້ຕົກລົງວ່າດ້ວຍ ການອະນຸມັດໃຫ້ປະຕິບັດ ເກັບຄ່າຄຸ້ມຄອງໝໍ້ແທກນ້ຳປະປາ ຢູ່ແຂວງຊຽງຂວາງ,,,,requests,200,raw/la/la_860/20260921T0439Z__scanned.pdf.headers.json,application/pdf,e3ca964400ca18dbb80b6dcd5a13e710353f5104b1322a4d36fa00f310f23e7a,379898,2,,,,corpus LA_corpus_2026-09-21: from LA_ws_2026-09-21; flags no_text_layer,2016-01-22,,,in_force
0.2.0,,la-la861-001,LA,https://laoofficialgazette.gov.la/kcfinder/upload/files/1. Law on cyber crime.pdf,2026-09-21T00:29:26Z,pdf_scanned,true,raw/la/la_861/20260921T0029Z__scanned.pdf,ກົດໝາຍ ວ່າດ້ວຍ ການຕ້ານ ແລະ ສະກັດກັ້ນອາຊະຍາກຳທາງລະບົບຄອມພິວເຕີ,,P7,"P7-I2,P7-I5",requests,200,raw/la/la_861/20260921T0029Z__scanned.pdf.headers.json,application/pdf,95920117405fb4a32079c3e75451c66cba6a269bd3b86db7ab216b339fa455ad,1871984,24,,,,corpus LA_corpus_2026-09-21: from LA_ws_2026-09-21; flags no_text_layer,2015-11-17,,,in_force
0.2.0,,la-la862-001,LA,https://laoofficialgazette.gov.la/kcfinder/upload/files/18. ຂໍ້ຕົກລົງ ວ່າດ້ວຍ ທຸລະກຳໂອນເງິນ ທີ່ມີມູນຄ່າເກີນກຳນົດ.pdf,2026-09-21T05:00:53Z,pdf_scanned,true,raw/la/la_862/20260921T0500Z__scanned.pdf,ຂໍ້​ຕົກ​ລົງ ວ່າ​ດ້ວຍ​ທຸ​ລະ​ກຳ​ໂອ​ນ​ເງິນ ທີ່​ມີ​ມູນ​ຄ່າ​ເກີນ​ກຳ​ນົດ,,,,requests,200,raw/la/la_862/20260921T0500Z__scanned.pdf.headers.json,application/pdf,a5e5498b7eb4dab09f500a9af1fa4b785d39b7283d3e54ff8fcbf30acf35839a,1916122,6,,,,corpus LA_corpus_2026-09-21: from LA_ws_2026-09-21; flags no_text_layer,2016-01-04,,,repealed
0.2.0,,la-la863-001,LA,https://laoofficialgazette.gov.la/kcfinder/upload/files/6. ຂໍ້ຕົກລົງ ວ່າດ້ວຍການເຊື່ອມເຄືອຂ່າຍໂທລະຄົມມະນາຄົມ.pdf,2026-09-21T01:01:22Z,pdf_scanned,true,raw/la/la_863/20260921T0101Z__scanned.pdf,ຂໍ້ຕົກລົງ ວ່າດ້ວຍການເຊື່ອມເຄືອຂ່າຍໂທລະຄົມມະນາຄົມ,,,,requests,200,raw/la/la_863/20260921T0101Z__scanned.pdf.headers.json,application/pdf,c143bc07c0fbc2ee7f24a447e1296fe483cad8d8ac65b5c277f9f85dbbb30117,648571,7,,,,corpus LA_corpus_2026-09-21: from LA_ws_2026-09-21; flags no_text_layer,2016-01-29,,,in_force
0.2.0,,la-la864-001,LA,"https://laoofficialgazette.gov.la/kcfinder/upload/files/2. ຄຳສັ່ງ ວ່າດ້ວຍການກັກ, ການຍຶດ ຫຼື ການອາຍັດ ທຶນທີ່ພົວພັນກັບ ຜູ່ກໍ່ການຮ້າຍ.pdf",2026-09-21T03:02:56Z,pdf_scanned,true,raw/la/la_864/20260921T0302Z__scanned.pdf,"ຄຳ​ສັ່ງວ່າ​ດ້ວຍ ການ​ກັກ, ການ​ຍຶດ ຫຼື ການ​ອາ​ຍັດ ທຶນ​ທີ່​ພົວ​ພັນ​ກັບ ຜູ່ກໍ່​ການ​ຮ້າຍ",,,,requests,200,raw/la/la_864/20260921T0302Z__scanned.pdf.headers.json,application/pdf,453d647c297c7386674e9a8a3e5f4e4ee23449fff6643135fb5c2bda3332f401,696544,6,,,,corpus LA_corpus_2026-09-21: from LA_ws_2026-09-21; flags no_text_layer,2016-01-04,,,in_force
0.2.0,,la-la866-001,LA,https://laoofficialgazette.gov.la/kcfinder/upload/files/ຄຳສັ່ງ ກ່ຽວກັບການຕິດສະຫຼາກສິນຄ້າ ເປັນພາສາລາວ.pdf,2026-09-21T03:03:00Z,pdf_scanned,true,raw/la/la_866/20260921T0303Z__scanned.pdf,ຄຳສັ່ງກ່ຽວກັບ ການຕິດສະຫຼາກສິນຄ້າ ເປັນພາສາລາວ,,,,requests,200,raw/la/la_866/20260921T0303Z__scanned.pdf.headers.json,application/pdf,d84437adf8e8b0dd61dc520d5e8576b30c50d1561fd14807e0083a8dbdcaadb7,1677137,3,,,,corpus LA_corpus_2026-09-21: from LA_ws_2026-09-21; flags no_text_layer,2015-12-24,,,in_force
0.2.0,,la-la867-001,LA,https://laoofficialgazette.gov.la/kcfinder/upload/files/ຂໍ້​ຕົກ​ລົງ​ວ່າ​ດ້ວຍ​ການ​ສ້າງ​ຕັ້ງ​ທະ​ນາ​ຄານ​ທຸ​ລະ​ກິດ ແລະ ສາ​ຂາ​ທ​ະ​ນາ​ຄານ​ທຸ​ລະ​ກິດ.pdf,2026-09-21T04:39:14Z,pdf_scanned,true,raw/la/la_867/20260921T0439Z__scanned.pdf,ຂໍ້​ຕົກ​ລົງ​ວ່າ​ດ້ວຍ ການ​ສ້າງ​ຕັ້ງ​ ທະ​ນາ​ຄານ​ທຸ​ລະ​ກິດ ແລະ ສາ​ຂາ​ທະ​ນາ​ຄານ​ທຸ​ລະ​ກິດ,,,,requests,200,raw/la/la_867/20260921T0439Z__scanned.pdf.headers.json,application/pdf,1acc78123f7d0f00d2f34da3791315ec636f55966d4e9debc771f89f2eb10b92,880425,11,,,,corpus LA_corpus_2026-09-21: from LA_ws_2026-09-21; flags no_text_layer,2016-01-29,,,in_force
0.2.0,,la-la868-001,LA,https://laoofficialgazette.gov.la/kcfinder/upload/files/11-12-2015.pdf,2026-09-21T04:39:46Z,pdf_scanned,true,raw/la/la_868/20260921T0439Z__scanned.pdf,ຂໍ້ຕົກລົງວ່າດ້ວຍ ກອງທຶນໝູນວຽນ ທາດໂປຕາດຊຽມຟຣູອໍໄຣ,,,,requests,200,raw/la/la_868/20260921T0439Z__scanned.pdf.headers.json,application/pdf,0d1d25b11e563522052531c12d854d37ce710478ebd249393260a7e2e69bbec0,2502126,8,,,,corpus LA_corpus_2026-09-21: from LA_ws_2026-09-21; flags no_text_layer,2015-12-30,,,in_force
0.2.0,,la-la869-001,LA,https://laoofficialgazette.gov.la/kcfinder/upload/files/ຄຳສັ່ງ ສະກັດກັ້ນການລັກລອບປູກຝິ່ນຂອງປະຊາຊົນ.pdf,2026-09-21T03:01:46Z,pdf_scanned,true,raw/la/la_869/20260921T0301Z__scanned.pdf,ຄຳສັ່ງ ສະກັດກັ້ນ ການລັກລອບປູກຝິ່ນຂອງປະຊາຊົນ,,,,requests,200,raw/la/la_869/20260921T0301Z__scanned.pdf.headers.json,application/pdf,33ff4c75d6c40209af91427d583ebf142d27364429809c2a52f899b7b6dd2fe9,595982,2,,,,corpus LA_corpus_2026-09-21: from LA_ws_2026-09-21; flags no_text_layer,2016-01-25,,,in_force
0.2.0,,la-la870-001,LA,https://laoofficialgazette.gov.la/kcfinder/upload/files/ຄຳແນະນຳ ວ່າດ້ວຍການຈັດຕັ້ງປະຕິບັດ ກົດໝາຍວ່າດ້ວຍຊັບສິນຂອງລັດ.pdf,2026-09-21T05:22:49Z,pdf_scanned,true,raw/la/la_870/20260921T0522Z__scanned.pdf,ຄຳແນະນຳ ວ່າດ້ວຍການຈັດຕັ້ງປະຕິບັດ ກົດໝາຍວ່າດ້ວຍ ຊັບສິນຂອງລັດ,,,,requests,200,raw/la/la_870/20260921T0522Z__scanned.pdf.headers.json,application/pdf,bda66eaa8d7ca047d870669bc93dbeb89a322e74ee194f6fb2bc966643292471,1280167,15,,,,corpus LA_corpus_2026-09-21: from LA_ws_2026-09-21; flags no_text_layer,2015-12-04,,,in_force
0.2.0,,la-la871-001,LA,https://laoofficialgazette.gov.la/kcfinder/upload/files/ຂໍ້​ຕົກ​ລົງ​ວ່າ​ດ້ວຍ​ການ​ສະ​ໜອງ​ຂໍ້​ມູນ​ຂອງ​ສະ​ຖາ​ບັນ​ການ​ເງິນ.pdf,2026-09-21T04:39:04Z,pdf_scanned,true,raw/la/la_871/20260921T0439Z__scanned.pdf,ຂໍ້​ຕົກ​ລົງວ່າ​ດ້ວຍ ການ​ສະ​ໜອງ​ຂໍ້​ມູນ​ເພີ່ມ​ເຕີມ ຂອງ​ສະ​ຖາ​ບັນ​ການ​ເງິນ,,,,requests,200,raw/la/la_871/20260921T0439Z__scanned.pdf.headers.json,application/pdf,5953577a889d7666cf7c12482aa4101f8ce7bf676a62070bb4b0305d3c5d4f0b,1037063,4,,,,corpus LA_corpus_2026-09-21: from LA_ws_2026-09-21; flags no_text_layer,2016-01-29,,,in_force
0.2.0,,la-la872-001,LA,https://laoofficialgazette.gov.la/kcfinder/upload/files/3. ຄຳສັ່ງແນະນຳ ການສະກັດກັ້ນກຸ່ມຄົນບໍ່ດີທີ່ລັກອຸປະກອນສາຍສົ່ງໄຟ້າ.pdf,2026-09-21T03:01:55Z,pdf_scanned,true,raw/la/la_872/20260921T0301Z__scanned.pdf,"ຄຳສັ່ງແນະນຳ ການສະກັດກັ້ນກຸ່ມຄົນບໍ່ດີ ທີ່ລັກອຸປະກອນສາຍສົ່ງໄຟຟ້າແຮງສູງ ແລະ ບໍ່ໃຫ້ປູກຕົ້ນໄມ້, ປຸກສ້າງສິ່ງທີ່ຢູ່ອາໃສ ຢູ່ກ້ອງແລວສາຍສົ່ງໄຟຟ້າແຮງສູງ ໃນຂອບເຂດແຂວງຊຽງຂວາງ",,,,requests,200,raw/la/la_872/20260921T0301Z__scanned.pdf.headers.json,application/pdf,7b4e790a30070b4724cb1b387ec7f42576706656da4259706a45f4325534ca8e,485165,2,,,,corpus LA_corpus_2026-09-21: from LA_ws_2026-09-21; flags no_text_layer,2016-01-25,,,in_force
0.2.0,,la-la873-001,LA,https://laoofficialgazette.gov.la/kcfinder/upload/files/4. ຄຳສັ່ງແນະນຳ ວ່າດ້ວຍການຈັດຕັ້ງປະຕິບັດ ແຈ້ງການຂອງຫ້ອງວ່າການລັດຖະບານ.pdf,2026-09-21T03:02:02Z,pdf_scanned,true,raw/la/la_873/20260921T0302Z__scanned.pdf,ຄຳສັ່ງແນະນຳ ວ່າດ້ວຍການຈັດຕັ້ງປະຕິບັດ ແຈ້ງການຂອງຫ້ອງວ່າການລັດຖະບານ,,,,requests,200,raw/la/la_873/20260921T0302Z__scanned.pdf.headers.json,application/pdf,f95d5f78a93e942f637597043245a8f1df91b0cfae7119b061dd90bb78647ff7,364824,1,,,,corpus LA_corpus_2026-09-21: from LA_ws_2026-09-21; flags no_text_layer,2016-01-25,,,in_force
0.2.0,,la-la874-001,LA,https://laoofficialgazette.gov.la/kcfinder/upload/files/5. ຄຳສັ່ງແນະນຳ ໃຫ້ເອົາໃຈໃສ່ການຕອບໂຕ້ ຕໍ່ການແຜ່ລະບາດ ຂອງພະຍາດໂປລິໂອ.pdf,2026-09-21T03:02:08Z,pdf_scanned,true,raw/la/la_874/20260921T0302Z__scanned.pdf,ຄຳສັ່ງແນະນຳ ຂອງເຈົ້າແຂວງ ໃຫ້ເອົາໃຈໃສ່ການຕອບໂຕ້ ຕໍ່ການແຜ່ລະບາດ ຂອງພະຍາດໂປລີໂອ,,,,requests,200,raw/la/la_874/20260921T0302Z__scanned.pdf.headers.json,application/pdf,06ca9e601593932c431d36d045779555ef5cf0abb3f40b1f5cb681c2176da4c1,758109,2,,,,corpus LA_corpus_2026-09-21: from LA_ws_2026-09-21; flags no_text_layer,2016-01-25,,,in_force
0.2.0,,la-la875-001,LA,https://laoofficialgazette.gov.la/kcfinder/upload/files/6. ຄຳສັ່ງແນະນຳ ກ່ຽວກັບວຽກງານຄຸ້ມຄອງ ແລະ ບໍລິຫານທີ່ດິນຢູ່ພາຍໃນແຂວາງຊຽງຂວາງ.pdf,2026-09-21T03:02:16Z,pdf_scanned,true,raw/la/la_875/20260921T0302Z__scanned.pdf,ຄຳສັ່ງແນະນຳ ກ່ຽວກັບວຽກງານຄຸ້ມຄອງ ແລະ ບໍລິຫານທີ່ດິນ ຢູ່ພາຍໃນແຂວງຊຽງຂວາງ,,,,requests,200,raw/la/la_875/20260921T0302Z__scanned.pdf.headers.json,application/pdf,d7240afae9994e7d80a0113ed35acbfda7037af0e382ccc7758fdad7187afa61,791478,7,,,,corpus LA_corpus_2026-09-21: from LA_ws_2026-09-21; flags no_text_layer,2016-01-25,,,in_force
0.2.0,,la-la876-001,LA,https://laoofficialgazette.gov.la/kcfinder/upload/files/7.​ ຄຳສັ່ງແນະນຳ ວ່າດ້ວຍການຄຸ້ມຄອງຊັບພະຍາກອນແຮ່ທາດຢູ່ແຂວາງຊຽງຂວາງ.pdf,2026-09-21T03:02:33Z,pdf_scanned,true,raw/la/la_876/20260921T0302Z__scanned.pdf,ຄຳສັ່ງແນະນຳ ວ່າດ້ວຍການຄຸ້ມຄອງຊັບພະຍາກອນແຮ່ທາດ ຢູ່ແຂວງຊຽງຂວາງ,,,,requests,200,raw/la/la_876/20260921T0302Z__scanned.pdf.headers.json,application/pdf,fa491266d761aecbd0e8da6b8ef9ec5b6be8e930527c02d2f7189afb8519c3e0,1252059,3,,,,corpus LA_corpus_2026-09-21: from LA_ws_2026-09-21; flags no_text_layer,2016-01-25,,,in_force
0.2.0,,la-la878-001,LA,https://laoofficialgazette.gov.la/kcfinder/upload/files/9. ຄຳສັ່ງແນະນຳ ວ່າດ້ວຍການຄຸ້ມຄອງ ແລະ ປົກປັກຮັກສາສິ່ງແວດລ້ອມ.pdf,2026-09-21T03:02:34Z,pdf_scanned,true,raw/la/la_878/20260921T0302Z__scanned.pdf,ຄຳສັ່ງແນະນຳ ວ່າດ້ວຍການຄຸ້ມຄອງ ແລະ ປົກປັກຮັກສາສິ່ງແວດລ້ອມ,,,,requests,200,raw/la/la_878/20260921T0302Z__scanned.pdf.headers.json,application/pdf,a43da1b510527270f752ba033a64762dfc3d112dc2a48cf45d0459dd289b485d,468271,4,,,,corpus LA_corpus_2026-09-21: from LA_ws_2026-09-21; flags no_text_layer,2016-01-25,,,in_force
0.2.0,,la-la879-001,LA,https://laoofficialgazette.gov.la/kcfinder/upload/files/10. ຄຳສັ່ງແນະນຳ ວ່າດ້ວຍການແກ້ໄຂການນຳໃຊ້ພາຫະນະທຸກປະເພດ.pdf,2026-09-21T03:01:37Z,pdf_scanned,true,raw/la/la_879/20260921T0301Z__scanned.pdf,ຄຳສັ່ງແນະນຳວ່າດ້ວຍ ການແກ້ໄຂການນຳໃຊ້ພາຫະນະທຸກປະເພດ ທີ່ນຳເຂົ້າບໍ່ຖືກຕ້ອງຕາມກົດໝາຍ ແລະ ລະບຽບການ ພາຍໃນແຂວງຊຽງຂວາງ,,,,requests,200,raw/la/la_879/20260921T0301Z__scanned.pdf.headers.json,application/pdf,410482ddc0235efdf08258e21294f1c923153b4edaaf08c6afab3f261eeb4c5c,645180,2,,,,corpus LA_corpus_2026-09-21: from LA_ws_2026-09-21; flags no_text_layer,2016-01-26,,,in_force
0.2.0,,la-la880-001,LA,https://laoofficialgazette.gov.la/kcfinder/upload/files/ກົດໝາຍ ວ່າດ້ວຍການແຂ່ງຂັນທາງທຸລະກີດ.pdf,2026-09-21T00:29:15Z,pdf_scanned,true,raw/la/la_880/20260921T0029Z__scanned.pdf,ກົດໝາຍ ວ່າດ້ວຍແຂ່ງຂັນທາງທຸລະກິດ,,P6,P6-I4,requests,200,raw/la/la_880/20260921T0029Z__scanned.pdf.headers.json,application/pdf,0c26ca8506c89f8ca43691f6574292c4a05fea9625e478ab61cf7978adbe894c,1867297,30,,,,corpus LA_corpus_2026-09-21: from LA_ws_2026-09-21; flags no_text_layer,2015-11-24,,,in_force
0.2.0,,la-la886-001,LA,https://laoofficialgazette.gov.la/kcfinder/upload/files/ລັດຖະທຳມະນູນ ແຫ່ງ ສປປ ລາວ.pdf,2026-09-21T01:14:03Z,pdf_scanned,true,raw/la/la_886/20260921T0114Z__scanned.pdf,ລັດຖະທຳມະນູນ ແຫ່ງ ສາທາລະນະລັດ ປະຊາທິປະໄຕ ປະຊາຊົນລາວ (ສະບັບປັບປຸງ),,,,requests,200,raw/la/la_886/20260921T0114Z__scanned.pdf.headers.json,application/pdf,e0862a2995e32a9415ba178f02e425ec6ea339e70f41df52df5cf70ce9eb4d90,2108556,36,,,,corpus LA_corpus_2026-09-21: from LA_ws_2026-09-21; flags no_text_layer,2016-02-04,,,repealed
0.2.0,,la-la887-001,LA,https://laoofficialgazette.gov.la/kcfinder/upload/files/ຂໍ້ຕົກລົງ ວ່າດ້ວຍການນຳເຂົ້າ ແລະ ສົ່ງອອກ ເພັດຫຍາບ.pdf,2026-09-21T04:38:58Z,pdf_scanned,true,raw/la/la_887/20260921T0438Z__scanned.pdf,ຂໍ້ຕົກລົງ ວ່າດ້ວຍການນຳເຂົ້າ ແລະ ສົ່ງອອກ ເພັດຫຍາບ,,,,requests,200,raw/la/la_887/20260921T0438Z__scanned.pdf.headers.json,application/pdf,9f624ddcc9064a465ee33b2c61eb4ca296387221d0acb2cf8c16d54c58fc1ee3,764801,5,,,,corpus LA_corpus_2026-09-21: from LA_ws_2026-09-21; flags no_text_layer,2016-02-12,,,in_force
0.2.0,,la-la894-001,LA,https://laoofficialgazette.gov.la/kcfinder/upload/files/8. ຄຳສັ່ງແນະນຳ ການຄຸ້ມຄອງປ່າສະຫງວນ ແລະ ປ່າປ້ອງກັນ.pdf,2026-09-21T03:02:43Z,pdf_scanned,true,raw/la/la_894/20260921T0302Z__scanned.pdf,ຄຳສັ່ງແນະນຳ ການຄຸ້ມຄອງປ່າສະຫງວນ ແລະ ປ່າປ້ອງກັນ ໃນທົ່ວແຂວງຊຽງຂວາງ,,,,requests,200,raw/la/la_894/20260921T0302Z__scanned.pdf.headers.json,application/pdf,6e41506799f761cdce1a5447214d36ade553fc81d67be55829dc574ed7f9ad07,411238,3,,,,corpus LA_corpus_2026-09-21: from LA_ws_2026-09-21; flags no_text_layer,2016-01-25,,,in_force
0.2.0,,la-la895-001,LA,https://laoofficialgazette.gov.la/kcfinder/upload/files/ດຳລັດ ວ່າດ້ວຍປ້າຍ.pdf,2026-09-21T02:37:50Z,pdf_scanned,true,raw/la/la_895/20260921T0237Z__scanned.pdf,ດຳລັດວ່າດ້ວຍ ປ້າຍ,,,,requests,200,raw/la/la_895/20260921T0237Z__scanned.pdf.headers.json,application/pdf,91c4321196b031ed2732f76e3f3eeaedfc7a202c98b317c040f487cecba3aca5,551966,11,,,,corpus LA_corpus_2026-09-21: from LA_ws_2026-09-21; flags no_text_layer,2016-02-19,,,repealed
0.2.0,,la-la900-001,LA,https://laoofficialgazette.gov.la/kcfinder/upload/files/Decision on electronic issuance of certificate.pdf,2026-09-21T01:01:20Z,pdf_scanned,true,raw/la/la_900/20260921T0101Z__scanned.pdf,ຂໍ້ຕົກລົງ ວ່າດ້ວຍການອອກໃບຢັ້ງຢືນແຫຼ່ງກຳເນີດສິນຄ້າທາງເອເລັກໂຕຣນິກ,,,,requests,200,raw/la/la_900/20260921T0101Z__scanned.pdf.headers.json,application/pdf,0498014f50e704a27ccbe344131d40b6cf2ee514bad43620e9e70b48632d8c52,556281,6,,,,corpus LA_corpus_2026-09-21: from LA_ws_2026-09-21; flags no_text_layer,2016-03-14,,,in_force
0.2.0,,la-la904-001,LA,https://laoofficialgazette.gov.la/kcfinder/upload/files/ຂໍ້ຕົກລົງ ວ່າດ້ວຍ ການອະນຸຍາດດຳເນີນກິດຈະການ.pdf,2026-09-21T01:08:08Z,pdf_scanned,true,raw/la/la_904/20260921T0108Z__scanned.pdf,ຂໍ້ຕົກລົງວ່າດ້ວຍ ການອະນຸຍາດດຳເນີນກິດຈະການ ສູນຂໍ້ມູນຂ່າວສານຜ່ານອິນເຕີເນັດ,,,,requests,200,raw/la/la_904/20260921T0108Z__scanned.pdf.headers.json,application/pdf,f22f3f217e79de44cd993c7129d13444e65b3d4bf96640cb3edacc8fd231a9c4,896188,12,,,,corpus LA_corpus_2026-09-21: from LA_ws_2026-09-21; flags no_text_layer,2016-03-28,,,repealed
0.2.0,,la-la906-001,LA,https://laoofficialgazette.gov.la/kcfinder/upload/files/ດຳລັດ ມູນນິທິ.pdf,2026-09-21T02:30:35Z,pdf_scanned,true,raw/la/la_906/20260921T0230Z__scanned.pdf,ດຳລັດວ່າດ້ວຍ ມູນນິທິ,,,,requests,200,raw/la/la_906/20260921T0230Z__scanned.pdf.headers.json,application/pdf,5d500ba2e31a66b7580d2e181fca95eec537e9716d07ad5e0efa267502e39332,750629,15,,,,corpus LA_corpus_2026-09-21: from LA_ws_2026-09-21; flags no_text_layer,2016-03-28,,,in_force
0.2.0,,la-la907-001,LA,https://laoofficialgazette.gov.la/kcfinder/upload/files/ຄຳແນະນຳ ກ່ຽວກັບການຈັດຕັ້ງປະຕິບັດ ດຳລັດວ່າດ້ວຍມູນນິທິ.pdf,2026-09-21T05:22:32Z,pdf_scanned,true,raw/la/la_907/20260921T0522Z__scanned.pdf,ຄຳແນະນຳ ກ່ຽວກັບການຈັດຕັ້ງປະຕິບັດ ດຳລັດວ່າດ້ວຍ ມູນນິທິ,,,,requests,200,raw/la/la_907/20260921T0522Z__scanned.pdf.headers.json,application/pdf,e48c12b5792727bc1c25c2c9d5c47804b93a98aada70d7b32244d9260f1edbb0,727091,9,,,,corpus LA_corpus_2026-09-21: from LA_ws_2026-09-21; flags no_text_layer,2016-03-28,,,in_force
0.2.0,,la-la908-001,LA,https://laoofficialgazette.gov.la/kcfinder/upload/files/ຂໍ້ຕົກລົງ ວ່າດ້ວຍການເພີ່ມທະວີການຈັດຕັ້ງປະຕິບັດ.pdf,2026-09-21T04:38:51Z,pdf_scanned,true,raw/la/la_908/20260921T0438Z__scanned.pdf,"ຂໍ້ຕົກລົງ ຂອງນາຍົກລັດຖະມົນຕີວ່າດ້ວຍ ການຈັດຕັ້ງປະຕິບັດກົນໄກ ""ການບໍລິການຜ່ານປະຕູດຽວ"" ຢູ່ອົງການບໍລິຫານລັດ",,,,requests,200,raw/la/la_908/20260921T0438Z__scanned.pdf.headers.json,application/pdf,388779a787b700b782c950b221b5304bf7ae459d206da64bc6ea120f88ffe18c,355542,5,,,,corpus LA_corpus_2026-09-21: from LA_ws_2026-09-21; flags no_text_layer,2016-03-28,,,in_force
0.2.0,,la-la909-001,LA,https://laoofficialgazette.gov.la/kcfinder/upload/files/ຄຳສັ່ງ  ວ່າດ້ວຍການເພີ່ມທະວີການຈັດຕັ້ງປະຕິບັດ.pdf,2026-09-21T03:01:32Z,pdf_scanned,true,raw/la/la_909/20260921T0301Z__scanned.pdf,ຄຳສັ່ງ ຂອງນາຍົກລັດຖະມົນຕີ ວ່າດ້ວຍການເພີ່ມທະວີການຈັດຕັ້ງປະຕິບັດ ກົນໄກການບໍລິການຜ່ານປະຕູດຽວ ໃນຂອບເຂດທົ່ວປະເທດ,,,,requests,200,raw/la/la_909/20260921T0301Z__scanned.pdf.headers.json,application/pdf,47c64576183f19bfe4b45c42fc28e3ff8cc11586a86dd3ec27284fce2bde326f,467211,4,,,,corpus LA_corpus_2026-09-21: from LA_ws_2026-09-21; flags no_text_layer,2016-03-28,,,in_force
0.2.0,,la-la910-001,LA,https://laoofficialgazette.gov.la/kcfinder/upload/files/ຄຳແນະນຳ ກ່ຽວກັບການຈັດຕັ້ງປະຕິບັດ ດຳລັດວ່າດ້ວຍສະມາຄົມ.pdf,2026-09-21T05:22:42Z,pdf_scanned,true,raw/la/la_910/20260921T0522Z__scanned.pdf,ຄຳແນະນຳ ກ່ຽວກັບການຈັດຕັ້ງປະຕິບັດ ດຳລັດວ່າດ້ວຍ ສະມາຄົມ,,,,requests,200,raw/la/la_910/20260921T0522Z__scanned.pdf.headers.json,application/pdf,487fcdf213792e9195641ae0d2e0d1d4f04c1eae40fc60e80c7f1d7af6862035,722159,13,,,,corpus LA_corpus_2026-09-21: from LA_ws_2026-09-21; flags no_text_layer,2016-03-28,,,in_force
0.2.0,,la-la911-001,LA,https://laoofficialgazette.gov.la/kcfinder/upload/files/ດຳລັດ ວ່າດ້ວຍການຄຸ້ມຄອງ ແລະ ນຳໃຊ້ກາປະທັບ.pdf,2026-09-21T02:37:41Z,pdf_scanned,true,raw/la/la_911/20260921T0237Z__scanned.pdf,ດຳລັດ ວ່າດ້ວຍການຄຸ້ມຄອງ ແລະ ນຳໃຊ້ກາປະທັບ,,,,requests,200,raw/la/la_911/20260921T0237Z__scanned.pdf.headers.json,application/pdf,dd98be43096aeb8386f29ec2c6111d1b8740ae853543ad0840561d609b4218ea,518995,12,,,,corpus LA_corpus_2026-09-21: from LA_ws_2026-09-21; flags no_text_layer,2016-03-28,,,repealed
0.2.0,,la-la913-001,LA,https://laoofficialgazette.gov.la/kcfinder/upload/files/ກົດໝາຍ ວ່າດ້ວຍການຕ້ານການຄ້າມະນຸດ.pdf,2026-09-21T01:34:48Z,pdf_scanned,true,raw/la/la_913/20260921T0134Z__scanned.pdf,ກົດໝາຍວ່າດ້ວຍ ການຕ້ານການຄ້າມະນຸດ,,,,requests,200,raw/la/la_913/20260921T0134Z__scanned.pdf.headers.json,application/pdf,7cad98cda41fdbb1e649c76f7419b7c728f57515532daa6a7e9c2e3149ac6246,1746210,33,,,,corpus LA_corpus_2026-09-21: from LA_ws_2026-09-21; flags no_text_layer,2016-03-31,,,in_force
0.2.0,,la-la915-001,LA,"https://laoofficialgazette.gov.la/kcfinder/upload/files/4, ຄຳແນະນຳ ວ່າດດ້ວຍການຈັດຕັ້ງປະຕິບັດກົດໝາຍວ່າດ້ວຍ ການບັນຊີ.pdf",2026-09-21T05:22:31Z,pdf_scanned,true,raw/la/la_915/20260921T0522Z__scanned.pdf,ຄຳແນະນຳວ່າດ້ວຍ ການຈັດຕັ້ງປະຕິບັດ ກົດໝາຍວ່າດ້ວຍ ການບັນຊີ,,,,requests,200,raw/la/la_915/20260921T0522Z__scanned.pdf.headers.json,application/pdf,c8ba18b082b56971d2ec9199c395c2fdbc94766cbbe3607c9fa4d3c1b017384d,6529847,16,,,,corpus LA_corpus_2026-09-21: from LA_ws_2026-09-21; flags no_text_layer,2016-04-07,,,in_force
0.2.0,,la-la916-001,LA,https://laoofficialgazette.gov.la/kcfinder/upload/files/Scanned1.pdf,2026-09-21T04:38:44Z,pdf_scanned,true,raw/la/la_916/20260921T0438Z__scanned.pdf,ຂໍ້ຕົກລົງ ຂອງລັດຖະມົນຕີວ່າການ ກະຊວງການເງິນວ່າດ້ວຍ ການນຳໃຊ້ມາດຕະຖານສາກົນ ດ້ານການບັນຊີແຫ່ງລັດ ຕາມພື້ນຖານເງິນສົດ,,,,playwright,200,raw/la/la_916/20260921T0438Z__scanned.pdf.headers.json,application/pdf,743d0a43c4a4b34e5a573352ff17c299a45510ece8d4420b131aae05edc40563,344069,1,,,,corpus LA_corpus_2026-09-21: from LA_ws_2026-09-21; flags no_text_layer,2016-04-07,,,in_force
0.2.0,,la-la917-001,LA,https://laoofficialgazette.gov.la/kcfinder/upload/files/Scanned2.pdf,2026-09-21T04:38:42Z,pdf_scanned,true,raw/la/la_917/20260921T0438Z__scanned.pdf,ຂໍ້ຕົກລົງ ຂອງລັດຖະມົນຕີວ່າການ ກະຊວງການເງິນວ່າດ້ວຍ ການຮັບຮອງ ມາດຕະຖານການລາຍງານການເງິນ ສຳລັບວິສາຫະກິດທີ່ບໍ່ຮັບໃຊ້ຜົນປະໂຫຍດສາທາລະນະ,,,,requests,200,raw/la/la_917/20260921T0438Z__scanned.pdf.headers.json,application/pdf,76d605d6e69f463e809ba2cdda83e24e61405a5c4939fe1d57d1e6fb6185dd38,315347,1,,,,corpus LA_corpus_2026-09-21: from LA_ws_2026-09-21; flags no_text_layer,2016-04-07,,,in_force
0.2.0,,la-la918-001,LA,https://laoofficialgazette.gov.la/kcfinder/upload/files/ກົດໝາຍວ່າດ້ວຍ ການປ້ອງກັນຊາດ.pdf,2026-09-21T01:34:32Z,pdf_scanned,true,raw/la/la_918/20260921T0134Z__scanned.pdf,ກົດໝາຍວ່າດ້ວຍ ການປ້ອງກັນຊາດ,,,,requests,200,raw/la/la_918/20260921T0134Z__scanned.pdf.headers.json,application/pdf,943ff1d89c5eff8af4c71a1f84ceeae29ce4450e45dbf750580d3bc86e2ccf51,1732374,29,,,,corpus LA_corpus_2026-09-21: from LA_ws_2026-09-21; flags no_text_layer,2016-04-19,,,in_force
0.2.0,,la-la920-001,LA,https://laoofficialgazette.gov.la/kcfinder/upload/files/ລັດຖະບັນຍັດ ວ່າດ້ວຍ ການດັດແກ້ຄຳສັບໃນກົດໝາຍ.pdf,2026-09-21T02:04:36Z,pdf_scanned,true,raw/la/la_920/20260921T0204Z__scanned.pdf,ລັດຖະບັນຍັດ ຂອງປະທານປະເທດ ແຫ່ງ ສປປ ລາວ ວ່າດ້ວຍ ການດັດແກ້ຄຳສັບໃນກົດໝາຍ,,,,requests,200,raw/la/la_920/20260921T0204Z__scanned.pdf.headers.json,application/pdf,277722f03ce0509b2cd8757c5f89b2a217e929df7fdf4981bfe58ce23756cea4,454925,2,,,,"corpus LA_corpus_2026-09-21: from LA_ws_2026-09-21; flags no_text_layer,short_principal",2016-04-21,,,in_force
0.2.0,,la-la923-001,LA,https://laoofficialgazette.gov.la/kcfinder/upload/files/ກົດໝາຍວ່າດ້ວຍ ພະນັກງານ-ລັດຖະກອນ.pdf,2026-09-21T01:43:54Z,pdf_scanned,true,raw/la/la_923/20260921T0143Z__scanned.pdf,ກົດໝາຍວ່າດ້ວຍ ພະນັກງານ-ລັດຖະກອນ,,,,requests,200,raw/la/la_923/20260921T0143Z__scanned.pdf.headers.json,application/pdf,adfd92b0f0bfb64f13da9d8dba974de772435bcf8d68ddf57be501b98634ce28,1811478,34,,,,corpus LA_corpus_2026-09-21: from LA_ws_2026-09-21; flags no_text_layer,2016-04-29,,,repealed
0.2.0,,la-la924-001,LA,https://laoofficialgazette.gov.la/kcfinder/upload/files/ກົດໝາຍ ວ່າດ້ວຍການປົກຄອງທ້ອງຖິ່ນ.pdf,2026-09-21T01:43:48Z,pdf_scanned,true,raw/la/la_924/20260921T0143Z__scanned.pdf,ກົດໝາຍວ່າດ້ວຍ ການປົກຄອງທ້ອງຖິ່ນ (ສະບັບປັງປຸງ),,,,requests,200,raw/la/la_924/20260921T0143Z__scanned.pdf.headers.json,application/pdf,712546f671418d6a7d94f5a68e42d954c2e8110e7e9acbfe7862aa34aabec8ea,2162564,35,,,,corpus LA_corpus_2026-09-21: from LA_ws_2026-09-21; flags no_text_layer,2016-04-29,,,repealed
0.2.0,,la-la925-001,LA,https://laoofficialgazette.gov.la/kcfinder/upload/files/ກົດໝາຍ ວ່າດ້ວຍສ່ວຍສາອາກອນ.pdf,2026-09-21T01:43:43Z,pdf_scanned,true,raw/la/la_925/20260921T0143Z__scanned.pdf,ກົດໝາຍວ່າດ້ວຍ ສ່ວຍສາອາກອນ (ສະບັບປັບປຸງ),,,,requests,200,raw/la/la_925/20260921T0143Z__scanned.pdf.headers.json,application/pdf,017a17d99111500e7fb78fc6a4ad03744a5f13a8adce4304e663212a2811767e,2761620,54,,,,corpus LA_corpus_2026-09-21: from LA_ws_2026-09-21; flags no_text_layer,2016-05-09,,,repealed
0.2.0,,la-la927-001,LA,https://laoofficialgazette.gov.la/kcfinder/upload/files/ຄຳແນະນຳ ວ່າດ້ວຍເອກະສານທາງການ.pdf,2026-09-21T05:22:25Z,pdf_scanned,true,raw/la/la_927/20260921T0522Z__scanned.pdf,ຄຳແນະນຳ ກ່ຽວກັບການຈັດຕັ້ງປະຕິບັດດຳລັດວ່າດ້ວຍ ເອກະສານທາງການ,,,,requests,200,raw/la/la_927/20260921T0522Z__scanned.pdf.headers.json,application/pdf,37d3ffd5875b62ed7cda3cf11ac8e8221bf51fe94b378bbf8b9220b583c9b164,5715298,37,,,,corpus LA_corpus_2026-09-21: from LA_ws_2026-09-21; flags no_text_layer,2016-05-11,,,in_force
0.2.0,,la-la928-001,LA,https://laoofficialgazette.gov.la/kcfinder/upload/files/ງົບປະມານແຫ່ງລັດ(ສະບັບປັບປຸງ).pdf,2026-09-21T01:34:24Z,pdf_scanned,true,raw/la/la_928/20260921T0134Z__scanned.pdf,ກົດໝາຍວ່າດ້ວຍ ງົບປະມານແຫ່ງລັດ (ສະບັບປັບປຸງ),,,,requests,200,raw/la/la_928/20260921T0134Z__scanned.pdf.headers.json,application/pdf,b938c7c39af9582f46917f7f4d71f3562539b84408c17b9737dbcf0d763bdc7a,1709890,37,,,,corpus LA_corpus_2026-09-21: from LA_ws_2026-09-21; flags no_text_layer,2016-05-11,,,in_force
0.2.0,,la-la929-001,LA,https://laoofficialgazette.gov.la/kcfinder/upload/files/ຂໍ້ຕົກລົງ ວ່າດ້ວຍການປິດສະໜາມຂີ້ເຫຍື້ອແຫ່ງເກົ່າ.pdf,2026-09-21T04:38:27Z,pdf_scanned,true,raw/la/la_929/20260921T0438Z__scanned.pdf,ຂໍ້ຕົກລົງ ວ່າດ້ວຍການປິດສະໜາມຂີ້ເຫຍື້ອແຫ່ງເກົ່າຢູ່ບ້ານນາໂອ ແລະ ໄປນຳໃຊ້ສະໜາມຊົ່ວຄາວຢູ່ບ້ານມ່ວງພາ,,,,requests,200,raw/la/la_929/20260921T0438Z__scanned.pdf.headers.json,application/pdf,b0886496c87fd6ab2d9a2b4ec4bd861c5a7e780f2e7b054f361282a957629295,321579,1,,,,corpus LA_corpus_2026-09-21: from LA_ws_2026-09-21; flags no_text_layer,2016-05-11,,,in_force
0.2.0,,la-la930-001,LA,https://laoofficialgazette.gov.la/kcfinder/upload/files/ຄຳແນະນຳ ວ່າດ້ວຍການອຳນວຍຄວາມສະດວກ.pdf,2026-09-21T01:12:34Z,pdf_scanned,true,raw/la/la_930/20260921T0112Z__scanned.pdf,ຄຳແນະນຳ ວ່າດ້ວຍການອຳນວຍຄວາມສະດວກ ແລະ ໃຫ້ການຮ່ວມມື ໃນການຂຶ້ນທະບຽນ ແລະ ອອກບັດອະນຸຍາດເຄື່ອນໄຫວຊົ່ວຄາວໃຫ້ຄົນຕ່າງປະເທດ,,,,requests,200,raw/la/la_930/20260921T0112Z__scanned.pdf.headers.json,application/pdf,52fd1b13c52c4e9ab76f2d9a91b15af993825fb67e7708d38133a361685a9a63,1214263,3,,,,corpus LA_corpus_2026-09-21: from LA_ws_2026-09-21; flags no_text_layer,2016-05-12,,,in_force
0.2.0,,la-la931-001,LA,https://laoofficialgazette.gov.la/kcfinder/upload/files/ຄຳສັ່ງແນະນຳ ວ່າດ້ວຍການສະກັດກັ້ນ ແລະ ຫ້າມຕັດປ້ຳ.pdf,2026-09-21T03:01:14Z,pdf_scanned,true,raw/la/la_931/20260921T0301Z__scanned.pdf,"ຄຳສັ່ງແນະນຳ ວ່າດ້ວຍການ ສະກັດກັ້ນ ແລະ ຫ້າມຕັດປ້ຳ, ຈູດປ່າໄມ້, ໄຟໄໝ້ລາມ ຫຼັງຈາກປ່າໄມ້ໄດ້ຮັບຜົນກະທົບຈາກໄພໜາວ",,,,requests,200,raw/la/la_931/20260921T0301Z__scanned.pdf.headers.json,application/pdf,5eb97fdae960529db7adab81e9ad70f9b349319057cbcc5b53f2ba16d38e37a7,415103,2,,,,corpus LA_corpus_2026-09-21: from LA_ws_2026-09-21; flags no_text_layer,2016-05-12,,,in_force
0.2.0,,la-la932-001,LA,"https://laoofficialgazette.gov.la/kcfinder/upload/files/ຄຳສັ່ງແນະນຳເພີ່ມເຕີມ ວ່າດ້ວຍການເພີ່ມທະວີການຄງບຄຸມ, ສະກັດກັ້ນ.pdf",2026-09-21T03:01:17Z,pdf_scanned,true,raw/la/la_932/20260921T0301Z__scanned.pdf,"ຄຳສັງແນະນຳເພີ່ມເຕີມ ກ່ຽວກັບການຈັດຕັ້ງປະຕິບັດ ຄຳສັ່ງຂອງນາຍົກລັດຖະມົນຕີ ວ່າດ້ວຍການເພີ່ມທະວີ ການຄວບຄຸມ, ສະກັດກັ້ນ ແລະ ຕ້ານຢາເສບຕິດຕ້ານການລັກລອບປູກຝິ່ນຄືນໃໝ່",,,,requests,200,raw/la/la_932/20260921T0301Z__scanned.pdf.headers.json,application/pdf,9a044b184fd56e89e319079ef66d3a88aef227ab6dfaa01e0b1af668aae3a718,679596,3,,,,corpus LA_corpus_2026-09-21: from LA_ws_2026-09-21; flags no_text_layer,2016-05-12,,,in_force
0.2.0,,la-la933-001,LA,https://laoofficialgazette.gov.la/kcfinder/upload/files/ຄຳສັ່ງ ວ່າດ້ວຍການຕອບໂຕ້ການລະບາດພະຍາດໂປລີໂອ.pdf,2026-09-21T03:01:24Z,pdf_scanned,true,raw/la/la_933/20260921T0301Z__scanned.pdf,ຄຳສັ່ງ ຂອງເຈົ້າແຂວງ ວ່າດ້ວຍການຕອບໂຕ້ການລະບາດຂອງພະຍາດໂປລິໂອ ແລະ ສົ່ງເສີມການຢອດຢາ-ສັກຢາກັນພະຍາດ,,,,requests,200,raw/la/la_933/20260921T0301Z__scanned.pdf.headers.json,application/pdf,51c40b0cb0e682f3b3340d3e747f989518c139daeec22237137d889c1eb618b2,507353,2,,,,corpus LA_corpus_2026-09-21: from LA_ws_2026-09-21; flags no_text_layer,2016-05-12,,,in_force
0.2.0,,la-la934-001,LA,"https://laoofficialgazette.gov.la/kcfinder/upload/files/2,ຄຳສັ່ງ ວ່າດ້ວຍການອຳນວຍຄວາມສະດວກ ແລະ ໃຫ້ການຮ່ວມມື ໃນການຂຶ້ນທະບຽນຄົນຕ່າງປະເທດ.pdf",2026-09-21T00:44:37Z,pdf_scanned,true,raw/la/la_934/20260921T0044Z__scanned.pdf,ຄຳສັ່ງ ຂອງເຈົ້າແຂວງ ວ່າດ້ວຍການອຳນວຍຄວາມສະດວກ ແລະ ໃຫ້ການຮ່ວມມື ໃນການຂຶ້ນທະບຽນ ແລະ ອອກບັດອະນຸຍາດເຄື່ອນໄຫວຊົ່ວຄາວ ໃຫ້ຄົນຕ່າງປະເທດ,,,,requests,200,raw/la/la_934/20260921T0044Z__scanned.pdf.headers.json,application/pdf,7d760a40daa89953f7bab99c6227f538e07a1e0a586c9ab5084afa1d430d7009,1199586,3,,,,corpus LA_corpus_2026-09-21: from LA_ws_2026-09-21; flags no_text_layer,2016-05-12,,,in_force
0.2.0,,la-la935-001,LA,https://laoofficialgazette.gov.la/kcfinder/upload/files/ຂໍ້ຕົກລົງ ວ່າດ້ວຍການຮັບຮອງການກຳນົດຂອບເຂດ.pdf,2026-09-21T04:38:21Z,pdf_scanned,true,raw/la/la_935/20260921T0438Z__scanned.pdf,ຂໍ້ຕົກລົງ ວ່າດ້ວຍການຮັບຮອງການກຳນົດຂອບເຂດສະຫງວນທາງຫຼວງພາຍໃນແຂວງຫົວພັນ,,,,requests,200,raw/la/la_935/20260921T0438Z__scanned.pdf.headers.json,application/pdf,19a9a7aa1692a6f5767ed33789f2ce39239c9f9d1f06ebee2b38520edb09c905,671089,2,,,,corpus LA_corpus_2026-09-21: from LA_ws_2026-09-21; flags no_text_layer,2016-05-12,,,in_force
0.2.0,,la-la936-001,LA,"https://laoofficialgazette.gov.la/kcfinder/upload/files/4,ຄຳສັ່ງດ່ວນ ວ່າດ້ວຍການຢຸດຕິການຂຸດຂົ້ນໄມ້ຕູບໂຄງການຕ່າງໆຢູ່ທຸກໆເມືອງທົ່ວແຂວງ.pdf",2026-09-21T03:00:00Z,pdf_scanned,true,raw/la/la_936/20260921T0300Z__scanned.pdf,ຄຳສັ່ງ ວ່າດ້ວຍການຢຸດຕິການຂຸດຄົ້ນໄມ້ຕູບໂຄງການຕ່າງໆຢູ່ທຸກໆເມືອງທົ່ວແຂວງ,,,,playwright,200,raw/la/la_936/20260921T0300Z__scanned.pdf.headers.json,application/pdf,6a032f22ef27249bbad316bbf829e6ebf677775ae92cbe9527226076d19a2c74,525950,2,,,,corpus LA_corpus_2026-09-21: from LA_ws_2026-09-21; flags no_text_layer,2016-05-13,,,in_force
0.2.0,,la-la937-001,LA,"https://laoofficialgazette.gov.la/kcfinder/upload/files/5,ຄຳສັ່ງແນະນຳ ເພີ່ມທະວີຄວາມເອົາໃຈໃສ່ໃນການປ້ອງກັນ, ສະກັດກັ້ນ ແລະ ດັບມອດໄຟລາມປ່າ.pdf",2026-09-21T03:00:07Z,pdf_scanned,true,raw/la/la_937/20260921T0300Z__scanned.pdf,"ຄຳສັ່ງແນະນຳ ເພີ່ມທະວີຄວາມເອົາໃຈໃສ່ ການປ້ອງກັນ, ສະກັດກັ້ນ ແລະ ດັບມອດໄຟໄໝ້ລາມປ່າ",,,,requests,200,raw/la/la_937/20260921T0300Z__scanned.pdf.headers.json,application/pdf,f16321d2b5752fc2894d9824c2e5649bb477e67f60b075a22f8cd62e0996fd6e,495909,2,,,,corpus LA_corpus_2026-09-21: from LA_ws_2026-09-21; flags no_text_layer,2016-05-13,,,in_force
0.2.0,,la-la938-001,LA,"https://laoofficialgazette.gov.la/kcfinder/upload/files/1,ຄຳສັ່ງ ກ່ຽວກັບການແກ້ໄຂປະກົດການຫຍໍ້ທໍ້ກ່ຽວກັບໄມ້.pdf",2026-09-21T03:00:22Z,pdf_scanned,true,raw/la/la_938/20260921T0300Z__scanned.pdf,ຄຳສັ່ງ ວ່າດ້ວຍການແກ້ໄຂປະກົດການຫຍໍ້ທໍ້ກ່ຽວກັບໄມ້,,,,requests,200,raw/la/la_938/20260921T0300Z__scanned.pdf.headers.json,application/pdf,a5b471bf97a207d8c231147823c2de41fc4006b63b0eaafcc04e21187a36a444,602809,2,,,,corpus LA_corpus_2026-09-21: from LA_ws_2026-09-21; flags no_text_layer,2016-05-13,,,in_force
0.2.0,,la-la939-001,LA,"https://laoofficialgazette.gov.la/kcfinder/upload/files/6, ຄຳສັ່ງ ໃຫ້ເອົາໃຈໃສ່ສະກັດກັ້ນການລະເມີດປູກຝິ່ນ ແລະ ການແກ້ໄຂປະກົດການຢາເສບຕິດ.pdf",2026-09-21T03:00:29Z,pdf_scanned,true,raw/la/la_939/20260921T0300Z__scanned.pdf,ຄຳສັ່ງ ໃຫ້ເອົາໃຈໃສ່ສະກັດກັ້ນການລະເມີດປູກຝິ່ນ ແລະ ການແກ້ໄຂປະກົດການຫຍໍ້ທໍ້ຂອງຢາເສບຕິດພາຍໃນແຂວງ,,,,requests,200,raw/la/la_939/20260921T0300Z__scanned.pdf.headers.json,application/pdf,46046e2d80bbcc79111cdb7c38113b54131d8481622d32eac12769837aa91dbd,999112,3,,,,corpus LA_corpus_2026-09-21: from LA_ws_2026-09-21; flags no_text_layer,2016-05-13,,,in_force
0.2.0,,la-la940-001,LA,"https://laoofficialgazette.gov.la/kcfinder/upload/files/3,ຄຳສັ່ງ ວ່າດ້ວຍການເພີ່ມທະວີວຽກງານສະກັດກັ້ນ ແລະ ແກ້ໄຂປະກົດການຫຍໍ້ທໍ້ທົ່ວແຂວງຫົວພັນ.pdf",2026-09-21T03:00:51Z,pdf_scanned,true,raw/la/la_940/20260921T0300Z__scanned.pdf,ຄຳສັ່ງ ວ່າດ້ວຍການເພີ່ມທະວີວຽກງານສະກັດກັ້ນ ແລະ ແກ້ໄຂປະກົດການຫຍໍ້ທໍ້ໃນສັງຄົມທົ່ວແຂວງຫົວພັນ,,,,requests,200,raw/la/la_940/20260921T0300Z__scanned.pdf.headers.json,application/pdf,48f88c94c493d04ce3def37c18f36589917be35b8d5babd2441a4ab007df27bd,2299034,5,,,,corpus LA_corpus_2026-09-21: from LA_ws_2026-09-21; flags no_text_layer,2016-05-13,,,in_force
0.2.0,,la-la941-001,LA,"https://laoofficialgazette.gov.la/kcfinder/upload/files/7,ຄຳສັ່ງແນະນຳ ຫ້າມນຳໃຊ້ອາວຸດທຸກປະເພດ ແລະ ເຄື່ອງມືອຸປະກອນຕ່າງໆ ເພື່ອລ່າສັດ.pdf",2026-09-21T03:00:52Z,pdf_scanned,true,raw/la/la_941/20260921T0300Z__scanned.pdf,ຄຳສັ່ງແນະນຳ ຫ້າມນຳໃຊ້ອາວຸດທຸກປະເພດ ແລະ ເຄື່ອງມືອຸປະກອນຕ່າງໆ ເພື່ອລ່າສັດນ້ຳ-ສັດປ່າ ແບບດັບສູນ,,,,requests,200,raw/la/la_941/20260921T0300Z__scanned.pdf.headers.json,application/pdf,8cebdfea216f9ba459637ec2e9ae5e083a9c67d4de169394a5119523e6082b0d,633386,2,,,,corpus LA_corpus_2026-09-21: from LA_ws_2026-09-21; flags no_text_layer,2016-05-13,,,in_force
0.2.0,,la-la942-001,LA,"https://laoofficialgazette.gov.la/kcfinder/upload/files/8, ຄຳສັ່ງ ໃຫ້ຄຸ້ມຄອງການເກັບຊື້ ( ງົວ, ຄວາຍ ) ຢູ່ພາຍໃນແຂວງຫົວພັນ.pdf",2026-09-21T03:01:00Z,pdf_scanned,true,raw/la/la_942/20260921T0301Z__scanned.pdf,"ຄຳສັ່ງ ໃຫ້ຄຸ້ມຄອງການເກັບຊື້ສັດ(ງົວ, ຄວາຍ) ຢູ່ ພາຍໃນແຂວງຫົວພັນ",,,,requests,200,raw/la/la_942/20260921T0301Z__scanned.pdf.headers.json,application/pdf,92a8d9f18e84caf65b07c6488d9d5196ab58eca13dc97bc009aae7652cdab335,653893,2,,,,corpus LA_corpus_2026-09-21: from LA_ws_2026-09-21; flags no_text_layer,2016-05-13,,,in_force
0.2.0,,la-la944-001,LA,https://laoofficialgazette.gov.la/kcfinder/upload/files/ຄຳສັ່ງ ເພີ່ມທະວີຄວາມເອົາໃຈໃສ່ຕໍ່ວຽກງານທະບຽນສານ.pdf,2026-09-21T00:44:28Z,pdf_scanned,true,raw/la/la_944/20260921T0044Z__scanned.pdf,ຄຳສັ່ງ ຂອງນາຍົກລັດຖະມົນຕີ ວ່າດ້ວຍ ການເພີ່ມທະວີຄວາມເອົາໃຈໃສ່ຕໍ່ວຽກງານທະບຽນສານ,,,,requests,200,raw/la/la_944/20260921T0044Z__scanned.pdf.headers.json,application/pdf,bbad4bddd7f0077cfc911f38e0c3e816ab91c1252b9ca77f66d0e001e843e291,508856,3,,,,corpus LA_corpus_2026-09-21: from LA_ws_2026-09-21; flags no_text_layer,2016-05-16,,,in_force
0.2.0,,la-la945-001,LA,https://laoofficialgazette.gov.la/kcfinder/upload/files/ກົດໝາຍ ວ່າດ້ວຍລັດຖະບານ(ສະບັບປັບປຸງ).pdf,2026-09-21T01:43:29Z,pdf_scanned,true,raw/la/la_945/20260921T0143Z__scanned.pdf,ກົດໝາຍວ່າດ້ວຍ ລັດຖະບານ (ສະບັບປັບປຸງ),,,,requests,200,raw/la/la_945/20260921T0143Z__scanned.pdf.headers.json,application/pdf,eab103f447df7c32194e24afd8bf6198361e0ec912bd1536524467483b587d08,1524581,19,,,,corpus LA_corpus_2026-09-21: from LA_ws_2026-09-21; flags no_text_layer,2016-05-17,,,repealed
0.2.0,,la-la946-001,LA,https://laoofficialgazette.gov.la/kcfinder/upload/files/ກົດໝາຍ ການລົງທຶນຂອງລັດ.pdf,2026-09-21T01:34:18Z,pdf_scanned,true,raw/la/la_946/20260921T0134Z__scanned.pdf,ກົດໝາຍວ່າດ້ວຍ ການລົງທຶນຂອງລັດ (ສະບັບປັບປຸງ),,,,requests,200,raw/la/la_946/20260921T0134Z__scanned.pdf.headers.json,application/pdf,81b389b6383e7da94620723db018d0612da4e690d374ac0360475eae5a22ba22,1731005,34,,,,corpus LA_corpus_2026-09-21: from LA_ws_2026-09-21; flags no_text_layer,2016-05-23,,,in_force
0.2.0,,la-la947-001,LA,https://laoofficialgazette.gov.la/kcfinder/upload/files/ຄຳສັ່ງ ວ່າດ້ວຍການຄຸ້ມຄອງ ແລະ ກວດກາ.pdf,2026-09-21T02:59:53Z,pdf_scanned,true,raw/la/la_947/20260921T0259Z__scanned.pdf,"ຄຳສັ່ງ ວ່າດ້ວຍການເພີ່ມທະວີຄວາມເຂັ້ມງວດ ໃນການຄຸ້ມຄອງ ແລະ ກວດກາ ການຂຸດຄົ້ນໄມ້, ເຄື່ອນຍ້າຍໄມ້ ແລະ ທຸລະກິດໄມ້",,,,requests,200,raw/la/la_947/20260921T0259Z__scanned.pdf.headers.json,application/pdf,ef12a84aafa801f86853e248c2c294808f88846e129b82d4f2a5a96757ad6819,758959,4,,,,corpus LA_corpus_2026-09-21: from LA_ws_2026-09-21; flags no_text_layer,2016-05-24,,,in_force
0.2.0,,la-la948-001,LA,https://laoofficialgazette.gov.la/kcfinder/upload/files/ດຳລັດ ການທົດແທນຄ່າເສຍຫາຍ.pdf,2026-09-21T02:30:32Z,pdf_scanned,true,raw/la/la_948/20260921T0230Z__scanned.pdf,ດຳລັດ ວ່າດ້ວຍ ການທົດແທນຄ່າເສຍຫາຍ ແລະ ການຈັດສັນຍົກຍ້າຍປະຊາຊົນ ຈາກໂຄງການພັດທະນາ,,,,requests,200,raw/la/la_948/20260921T0230Z__scanned.pdf.headers.json,application/pdf,c132bb38ad3ee7122b65a543313266fbdcfa95b1b12dd9787f63455a597f3c19,900317,19,,,,corpus LA_corpus_2026-09-21: from LA_ws_2026-09-21; flags no_text_layer,2016-05-30,,,in_force
0.2.0,,la-la951-001,LA,https://laoofficialgazette.gov.la/kcfinder/upload/files/ຄຳແນະນຳ ດຳລັດສະຖາບັນການເງິນຈຸລະພາກ.pdf,2026-09-21T01:12:26Z,pdf_scanned,true,raw/la/la_951/20260921T0112Z__scanned.pdf,ຄຳແນະນຳການຈັດຕັ້ງປະຕິບັດ ດຳລັດວ່າດ້ວຍສະຖາບັນການເງິນຈຸລະພາກ,,,,requests,200,raw/la/la_951/20260921T0112Z__scanned.pdf.headers.json,application/pdf,09f58ee0d2dd97385be6425910840ace46f81cc5208f5781e090d111a4ddfb66,943420,13,,,,corpus LA_corpus_2026-09-21: from LA_ws_2026-09-21; flags no_text_layer,2016-05-30,,,in_force
0.2.0,,la-la953-001,LA,https://laoofficialgazette.gov.la/kcfinder/upload/files/ກົດໝາຍ ສະພາແຫ່ງຊາດ(ສະບັບປັບປຸງ).pdf,2026-09-21T01:43:22Z,pdf_scanned,true,raw/la/la_953/20260921T0143Z__scanned.pdf,ກົດໝາຍວ່າດ້ວຍ ສະພາແຫ່ງຊາດ (ສະບັບປັບປຸງ),,,,requests,200,raw/la/la_953/20260921T0143Z__scanned.pdf.headers.json,application/pdf,ccf325c02f827c430197dc8f340bed832598d975c18e114b3348cc1dd67d914b,2171332,43,,,,corpus LA_corpus_2026-09-21: from LA_ws_2026-09-21; flags no_text_layer,2016-05-31,,,repealed
0.2.0,,la-la954-001,LA,https://laoofficialgazette.gov.la/kcfinder/upload/files/ກົດໝາຍ ການເລືອດຕັ້ງສະມາຊິກ ສະພາແຫ່ງຊາດ ແລະ ສະພາປະຊາຊົນຂັ້ນແຂວງ(ສະບັບປັບປຸງ).pdf,2026-09-21T01:43:16Z,pdf_scanned,true,raw/la/la_954/20260921T0143Z__scanned.pdf,ກົດໝາຍວ່າດ້ວຍ ການເລືອກຕັ້ງສະມາຊິກ ສະພາແຫ່ງຊາດ ແລະ ສະພາປະຊາຊົນຂັ້ນແຂວງ (ສະບັບປັບປຸງ),,,,requests,200,raw/la/la_954/20260921T0143Z__scanned.pdf.headers.json,application/pdf,06e797062bd5916c9882d6c98bd382895cfbc806e76c6d156e770b56456dfe9f,1621316,23,,,,corpus LA_corpus_2026-09-21: from LA_ws_2026-09-21; flags no_text_layer,2016-05-31,,,repealed
0.2.0,,la-la955-001,LA,https://laoofficialgazette.gov.la/kcfinder/upload/files/ກົດໝາຍ ສະພາປະຊາຊົນຂັ້ນແຂວງ.pdf,2026-09-21T01:43:07Z,pdf_scanned,true,raw/la/la_955/20260921T0143Z__scanned.pdf,ກົດໝາຍວ່າດ້ວຍ ສະພາປະຊາຊົນຂັ້ນແຂວງ,,,,requests,200,raw/la/la_955/20260921T0143Z__scanned.pdf.headers.json,application/pdf,6818141a585a3dc28086519faab0d639f90b97b8449ebbce70eaa77e1c9d0f22,2139953,39,,,,corpus LA_corpus_2026-09-21: from LA_ws_2026-09-21; flags no_text_layer,2016-05-31,,,repealed
0.2.0,,la-la957-001,LA,https://laoofficialgazette.gov.la/kcfinder/upload/files/ຂໍ້ຕົກລົງ ກ່ຽວກັບການຈັດຕັ້ງປະຕິບັດກົດໝາຍ ການຄວບຄຸມຢາສູບ.pdf,2026-09-21T04:38:09Z,pdf_scanned,true,raw/la/la_957/20260921T0438Z__scanned.pdf,ຂໍ້ຕົກລົງ ກ່ຽວກັບ ການຈັດຕັ້ງປະຕິບັດກົດໝາຍວ່າດ້ວຍການຄວບຄຸມຢາສູບ,,,,requests,200,raw/la/la_957/20260921T0438Z__scanned.pdf.headers.json,application/pdf,1458093edeed60e2e729eb3893383c31df2576b8fb164cdde938c23603c2706f,979842,10,,,,corpus LA_corpus_2026-09-21: from LA_ws_2026-09-21; flags no_text_layer,2016-06-03,,,in_force
0.2.0,,la-la973-001,LA,https://laoofficialgazette.gov.la/kcfinder/upload/files/ຄຳສັ່ງ ກ່ຽວກັບການຫ້າມປຸກສ້າງກິດຈະການ496.pdf,2026-09-21T02:59:45Z,pdf_scanned,true,raw/la/la_973/20260921T0259Z__scanned.pdf,ຄຳສັ່ງ ກ່ຽວກັບການຫ້າມປຸກສ້າງກິດຈະການຕ່າງໆລຽບຕາມແຄມແມ່ນ້ຳຂອງ ແລະ ລຽບຕາມເຂດສະຫງວນທາງເວັ້ນຕົວເມືອງ,,,,requests,200,raw/la/la_973/20260921T0259Z__scanned.pdf.headers.json,application/pdf,2f81e7cecd68235f2f1662e4e894dc34de60405dfff8683cfb1b85461ee6de8c,644631,2,,,,corpus LA_corpus_2026-09-21: from LA_ws_2026-09-21; flags no_text_layer,2016-06-21,,,in_force
0.2.0,,la-la974-001,LA,https://laoofficialgazette.gov.la/kcfinder/upload/files/ຄຳສັ່ງແນະນຳ ວ່າດ້ວຍການເພີ່ມທະວີຄຸ້ມຄອງ181.pdf,2026-09-21T02:59:41Z,pdf_scanned,true,raw/la/la_974/20260921T0259Z__scanned.pdf,"ຄຳສັ່ງແນະນຳ ວ່າດ້ວຍການເພີ່ມທະວີການຄຸ້ມຄອງ,​ປົກປັກຮັກສາປ່າສະຫງວນແຫ່ງຊາດ ນ້ຳກ່ານ ແຂວງບໍ່ແກ້ວ",,,,requests,200,raw/la/la_974/20260921T0259Z__scanned.pdf.headers.json,application/pdf,a9ed0275e70cddd8dbabba8a17d981e4d46830c608a1613e55858fcf5bf6fcd7,836866,2,,,,corpus LA_corpus_2026-09-21: from LA_ws_2026-09-21; flags no_text_layer,2016-06-21,,,in_force
0.2.0,,la-la975-001,LA,https://laoofficialgazette.gov.la/kcfinder/upload/files/ຄຳສັ່ງແນະນຳ ວ່າດ້ວຍການຄຸ້ມຄອງ179.pdf,2026-09-21T02:59:28Z,pdf_scanned,true,raw/la/la_975/20260921T0259Z__scanned.pdf,ຄຳສັ່ງ ວ່າດ້ວຍການຄຸ້ມຄອງນຳໃຊ້ການບໍລິການຈອດຢູ່ໃນດ່ານສາກົນຂົວມິດຕະພາບ 4,,,,requests,200,raw/la/la_975/20260921T0259Z__scanned.pdf.headers.json,application/pdf,cfb6f90ddd7bf0224766ce5d9a96a94c8cc4ce7edd73b83b9c4b27e0f1ac4af4,662856,2,,,,corpus LA_corpus_2026-09-21: from LA_ws_2026-09-21; flags no_text_layer,2016-06-21,,,in_force
0.2.0,,la-la977-001,LA,https://laoofficialgazette.gov.la/kcfinder/upload/files/ຄຳສັ່ງແນະນຳ.pdf,2026-09-21T02:59:19Z,pdf_scanned,true,raw/la/la_977/20260921T0259Z__scanned.pdf,ຄຳສັ່ງແນະນຳ ການເພີ້ມທະວີຄວາມເອົາໃຈໃສ່ໃນການຈັດຕັ້ງປະຕິບັດ ວຽກງານການຄຸ້ມຄອງສັດນ້ຳ ແລະ ສັດປ່າໃນຂອບເຂດທົ່ວປະເທດ,,,,requests,200,raw/la/la_977/20260921T0259Z__scanned.pdf.headers.json,application/pdf,5a061936101f959ba8db30060e4b216acde9e97e3d9abbe33cc27fffaedf5fdc,657487,4,,,,corpus LA_corpus_2026-09-21: from LA_ws_2026-09-21; flags no_text_layer,2016-07-04,,,in_force
0.2.0,,la-la980-001,LA,https://laoofficialgazette.gov.la/kcfinder/upload/files/ຄຳສັ່ງ ວ່າດ້ວຍ ການຫ້າມບຸກລຸກຈັບຈອງພື້ນທີ່ແຫຼ່ງທ່ອງທ໋ຽວຕາດຫົວຄົນ ບ້ານໃຫຍ່ໝື່ນຫົວເມືອງ.pdf,2026-09-21T02:59:11Z,pdf_scanned,true,raw/la/la_980/20260921T0259Z__scanned.pdf,ຄຳສັ່ງວ່າດ້ວຍ ການຫ້າມບຸກລຸກຈັບຈອງພື້ນທີ່ແຫຼ່ງທ່ອງທ່ຽວຕາດຫົວຄົນ ບ້ານໃຫຍ່ໝື່ນຫົວເມືອງ ແລະ ວັດພູສະພອງ ບ້ານສີວິໄລ,,,,requests,200,raw/la/la_980/20260921T0259Z__scanned.pdf.headers.json,application/pdf,3a77b0e5c48e794e22630b3689d75124129a96435679c1865c5305d6b83b3332,518936,2,,,,corpus LA_corpus_2026-09-21: from LA_ws_2026-09-21; flags no_text_layer,2016-07-08,,,in_force
0.2.0,,la-la981-001,LA,https://laoofficialgazette.gov.la/kcfinder/upload/files/ຄຳສັ່ງແນະນຳ ວ່າດ້ວຍການສະກັດກັ້ນກຸ່ມຄົນບໍ່ດີທີ່ລັກເອົາອຸປະກອນສາຍສົ່ງໄຟຟ້າແຮງສູງ.pdf,2026-09-21T02:59:04Z,pdf_scanned,true,raw/la/la_981/20260921T0259Z__scanned.pdf,"ຄຳສັ່ງແນະນຳ ວ່າດ້ວຍການສະກັດກັ້ນກຸ່ມຄົນບໍ່ດີທີ່ລັກເອົາອຸປະກອນສາຍສົ່ງໄຟຟ້າແຮງສູງ ແລະ ຫ້າມບໍ່ໃຫ້ປູກຕົ້ນໄມ້, ສິ່ງປຸກສ້າງຢູ່ກ້ອງແລວສາຍສົ່ງໄຟຟ້າແຮງສູງ ໃນຂອບເຂດແຂວງອັດຕະປື",,,,requests,200,raw/la/la_981/20260921T0259Z__scanned.pdf.headers.json,application/pdf,e4ce71fe39efcbf5b6829e7d9a893c5e50be32e160c20bda38bd469ae92657e0,644589,2,,,,corpus LA_corpus_2026-09-21: from LA_ws_2026-09-21; flags no_text_layer,2016-07-08,,,in_force
0.2.0,,la-la982-001,LA,https://laoofficialgazette.gov.la/kcfinder/upload/files/ຂໍ້ຕົກລົງ ວ່າດ້ວຍການຮັບຮອງເອົາຕົ້ນໝາກຂາມ ເປັນຕົ້ນໄມ້ປະຈຳແຂວງອັດຕະປື.pdf,2026-09-21T04:37:31Z,pdf_scanned,true,raw/la/la_982/20260921T0437Z__scanned.pdf,ຂໍ້ຕົກລົງ ວ່າດ້ວຍການຮັບຮອງເອົາຕົ້ນໝາກຂາມ ເປັນຕົ້ນໄມ້ປະຈຳແຂວງອັດຕະປື,,,,requests,200,raw/la/la_982/20260921T0437Z__scanned.pdf.headers.json,application/pdf,dd8bce3fbd007c6e735de91080fbb5b5b67feb5c16e7db36752d050d141e12e2,290205,1,,,,corpus LA_corpus_2026-09-21: from LA_ws_2026-09-21; flags no_text_layer,2016-07-08,,,in_force
0.2.0,,la-la983-001,LA,https://laoofficialgazette.gov.la/kcfinder/upload/files/ຄຳແນະນຳ ກ່ຽວກັບການຈັດຕັ້ງປະຕິບັດ ຄຳສັ່ງ ເລກທີ 15 ນຍ.pdf,2026-09-21T05:22:06Z,pdf_scanned,true,raw/la/la_983/20260921T0522Z__scanned.pdf,ຄຳແນະນຳ ກ່ຽວກັບການຈັດຕັ້ງປະຕິບັດຄຳສັ່ງ ເລກທີ 15/ນຍ ວ່າດ້ວຍ ການເພີ່ມທະວີຄວາມເຂັ້ມງວດໃນການຄຸ້ມຄອງ ແລະ ກວດກາການຂຸດຄົ້ນໄມ້ ເຄື່ອນຍ້າຍໄມ້ ແລະ ທຸລະກິດໄມ້,,,,requests,200,raw/la/la_983/20260921T0522Z__scanned.pdf.headers.json,application/pdf,f96c622caafb1733f9128f980e4354039410b9fbf7474f9cbd51733f56080378,1646525,4,,,,corpus LA_corpus_2026-09-21: from LA_ws_2026-09-21; flags no_text_layer,2016-07-08,,,in_force
0.2.0,,la-la984-001,LA,"https://laoofficialgazette.gov.la/kcfinder/upload/files/ຄຳສັ່ງ ເຖິງບັນດາເມືອງ, ພະແນກ, ກົມກອງ-ອົງການທຽບເທົ່າ ແຂວງສາລະວັນ.pdf",2026-09-21T02:58:55Z,pdf_scanned,true,raw/la/la_984/20260921T0258Z__scanned.pdf,"ຄຳສັ່ງ ວ່າດ້ວຍຫ້າມປູກຕົ້ນໄມ້ ແລະ ປຸກສິ່ງຕ່າງໆຢູ່ກ້ອງແລວສາຍໄຟຟ້າແຮງສູງ, ສາຍຈຳໜ່າຍໄຟຟ້າ ແລະ ສະກັດກັ້ນກຸ່ມຄົນບໍ່ດີທີ່ລັກລອບເອົາອຸປະກອນສາຍສົ່ງໄຟຟ້າແຮງສູງ, ສາຍຈຳໜ່າຍໄຟຟ້າ ໃນຂົງເຂດແຂວງສາລະວັນ",,,,requests,200,raw/la/la_984/20260921T0258Z__scanned.pdf.headers.json,application/pdf,ccf6e94f77b1c35a6dc0cdf8ae5898182f1b91399950d84a85157c3ebe40a51d,615441,2,,,,corpus LA_corpus_2026-09-21: from LA_ws_2026-09-21; flags no_text_layer,2016-07-08,,,in_force
0.2.0,,la-la985-001,LA,"https://laoofficialgazette.gov.la/kcfinder/upload/files/ຄຳສັ່ງແນະນຳ ຄະນະຮັບຜິດຊອບຂັ້ນແຂວງ, ຫົວໜ້າພະແນກກະຊິກຳ-ປ່າໄມ້.pdf",2026-09-21T02:58:47Z,pdf_scanned,true,raw/la/la_985/20260921T0258Z__scanned.pdf,ຄຳສັ່ງແນະນຳ ວ່າດ້ວຍການແກ້ໄຂສະພາບການພົ້ນເດັ່ນກ່ຽວກັບທຸລະກິດໄມ້ຢູ່ແຂວງສາລະວັນ,,,,requests,200,raw/la/la_985/20260921T0258Z__scanned.pdf.headers.json,application/pdf,7d39a9c7bf834f507ec1981812ca8cffe351abb8e294aebfd675b287532527b8,1323699,3,,,,corpus LA_corpus_2026-09-21: from LA_ws_2026-09-21; flags no_text_layer,2016-07-08,,,in_force
0.2.0,,la-la986-001,LA,"https://laoofficialgazette.gov.la/kcfinder/upload/files/ຄຳແນະນຳ ຫົວໜ້າພະແນກ, ອົງການທຽບເທົ່າຂັ້ນແຂວງ.pdf",2026-09-21T01:12:21Z,pdf_native,false,raw/la/la_986/20260921T0112Z__native.pdf,ຄຳແນະນຳ ວ່າດ້ວຍການອຳນວຍຄວາມສະດວກໃນການຂຶ້ນທະບຽນ ແລະ ອອກບັດອະນຸຍາດເຄື່ອນໄຫວຊົ່ວຄາວໃຫ້ຄົນຕ່າງປະເທດ,,,,requests,200,raw/la/la_986/20260921T0112Z__native.pdf.headers.json,application/pdf,2cd49eb77bb327c9b868091f94ad03538757ccf5e1dc3c3d618b7ba158e6eece,3040476,3,,,,corpus LA_corpus_2026-09-21: from LA_ws_2026-09-21,2016-07-08,,,in_force
0.2.0,,la-la987-001,LA,https://laoofficialgazette.gov.la/kcfinder/upload/files/ຂໍ້ຕົກລົງ ວ່າດ້ວຍການດຳເນີນທຸລະກິດແລກປ່ຽນເງິນຕາ.pdf,2026-09-21T01:08:02Z,pdf_scanned,true,raw/la/la_987/20260921T0108Z__scanned.pdf,ຂໍ້ຕົກລົງ ວ່າດ້ວຍການດຳເນີນທຸລະກິດແລກປ່ຽນເງິນຕາ,,,,requests,200,raw/la/la_987/20260921T0108Z__scanned.pdf.headers.json,application/pdf,b17f41797e49bd0a6db852c85caa38c1e94b85e7f831ce1b412238f46b60acb5,2671355,8,,,,corpus LA_corpus_2026-09-21: from LA_ws_2026-09-21; flags no_text_layer,2016-07-08,,,repealed
0.2.0,,la-la999-001,LA,https://laoofficialgazette.gov.la/kcfinder/upload/files/ຄຳສັ່ງ ວ່າດ້ວຍການຄຸ້ມຄອງ ແລະ ພັດທະນາທີ່ດິນກະສິກຳ ໃນເຂດຊົນລະປະທານ.pdf,2026-09-21T02:58:30Z,pdf_scanned,true,raw/la/la_999/20260921T0258Z__scanned.pdf,ຄຳສັ່ງວ່າດ້ວຍ ການຄຸ້ມຄອງ ແລະ ພັດທະນາທີ່ດິນກະສິກຳ ໃນເຂດຊົນລະປະທານ,,,,requests,200,raw/la/la_999/20260921T0258Z__scanned.pdf.headers.json,application/pdf,41b5cb496131c3d58dfe98686c3936009278c9893cefc8e5ea8b22281a490e0c,549610,3,,,,corpus LA_corpus_2026-09-21: from LA_ws_2026-09-21; flags no_text_layer,2016-08-01,,,in_force
