Economy,Law Name,Law Number / Ref,Last Amended,Indicator ID,Article / Section,Discovery Tag,Location Reference,Verbatim Snippet,Mapping Rationale,Source URL,Confidence,Notes,Language of Source
Timor-Leste,Operações Petrolíferas Offshore em Timor-Leste,32/2016,,6.2,Art. 167(4),NEW,"CAPÍTULO XXI, SECÇÃO V, Art. 167, p.69",A pessoa autorizada deve conservar os registos nos respetivos escritórios em Timor-Leste,Sector-specific (petroleum operations) local storage-location requirement for records; single sectoral measure -> 0.5 under 6.2 scoring tree.,http://www.mj.gov.tl/jornal/public/docs/2016/serie_1/SERIE_I_NO_32.pdf,0.75,"instrument-level NEW: no law match in cell; English title (machine-rendered, not official): Offshore Petroleum Operations in Timor-Leste; CITATION CAVEAT: the source file is a gazette issue containing 4 separate acts, and the upstream extraction records one title for the whole file rather than one per act. The article, quoted text and URL are verified. This provision is in the first act of the issue, which is normally the act the file's title names — so the Law Name is probably right, but that ordering is an inference we have not confirmed against the source",Portuguese
Timor-Leste,Regulamenta a prestação de serviços de telecomunicações na rede móvel,9/2008,,7.3,Art. 8(1),NEW,"Capítulo III, Art. 8, p.6","os dados de tráfego devem ser conservados pelo operador, por um período mínimo de um ano, contado a partir data em que foram originados",Explicit minimum retention period (one year) for traffic data by telecom operators satisfies 7.3's minimum-duration test; sectoral (telecom) scope.,https://www.mj.gov.tl/jornal/public/docs/2008/serie_1/serie1_no14.pdf,0.95,"instrument-level NEW: no law match in cell; English title (machine-rendered, not official): Regulation of Telecommunications Services in the Mobile Network; CITATION CAVEAT: the source file is a gazette issue containing 4 separate acts, and the upstream extraction records one title for the whole file rather than one per act. The article, quoted text and URL are verified. Which act this provision belongs to was not recorded, so the Law Name cannot be checked against it at all; confirm against the source before relying on this row",Portuguese
Timor-Leste,Regulamenta a prestação de serviços de telecomunicações na rede móvel,9/2008,,7.3,Art. 7(4),NEW,"Capítulo III, Art. 7, p.6","os dados de tráfego devem ser conservados pelo operador, por um período mínimo de um ano, contado a partir data em que foram originados",Explicit minimum retention period (1 year) specified for traffic data by telecom operators - satisfies minimum-duration branch of scoring tree.,https://www.mj.gov.tl/jornal/public/docs/2008/serie_1/serie1_no14.pdf,0.95,"instrument-level NEW: no law match in cell; English title (machine-rendered, not official): Regulation of Telecommunications Services in the Mobile Network; CITATION CAVEAT: the source file is a gazette issue containing 4 separate acts, and the upstream extraction records one title for the whole file rather than one per act. The article, quoted text and URL are verified. Which act this provision belongs to was not recorded, so the Law Name cannot be checked against it at all; confirm against the source before relying on this row",Portuguese
Timor-Leste,Regime Jurídico da Classificação e Qualificação do Solo,12/2021,,7.3,Art. 110(1),NEW,"CAPÍTULO XIII, Secção II, Art. 110, p.34","todos os registos, incluindo os registos relativos ao cálculo de royalty mineiro, por um período mínimo de cinco anos","Explicit minimum retention period (5 years, 'mínimo') for mining sector records; qualifies under 7.3 minimum-period rule, sectoral scope.",https://www.mj.gov.tl/jornal/public/docs/2021/serie_1/SERIE_I_NO_27.pdf,0.92,"instrument-level NEW: no law match in cell; English title (machine-rendered, not official): Legal Regime for the Classification and Qualification of Soil; CITATION CAVEAT: the source file is a gazette issue containing 4 separate acts, and the upstream extraction records one title for the whole file rather than one per act. The article, quoted text and URL are verified. This provision is in the first act of the issue, which is normally the act the file's title names — so the Law Name is probably right, but that ordering is an inference we have not confirmed against the source",Portuguese
Timor-Leste,Regime Jurídico Geral do Comércio Eletrónico e de Assinaturas Eletrónicas,12/2024,,7.3,Art. 44(2),NEW,"CAPÍTULO III, Secção II, Art. 44, p.33",conserva as informações referentes aos certificados durante um prazo não inferior a 20 anos a contar da suspensão ou revogação de cada certificado,Explicit minimum retention period ('não inferior a 20 anos') for certificate information; sectoral (e-signature certification) scope.,https://www.mj.gov.tl/jornal/public/docs/2024/serie_1/SERIE_I_NO_7.pdf,0.9,"instrument-level NEW: no law match in cell; English title (machine-rendered, not official): General Legal Regime for Electronic Commerce and Electronic Signatures; CITATION CAVEAT: the source file is a gazette issue containing 4 separate acts, and the upstream extraction records one title for the whole file rather than one per act. The article, quoted text and URL are verified. This provision is in act 4 of 4, so the Law Name most likely belongs to a different act in the same issue and must be confirmed against the source before this row is relied on",Portuguese
Timor-Leste,"Primeira alteração da Lei n.º 3/2006, de 12 de Abril (Estatuto dos Combatentes da Libertação Nacional)",5/2009,,7.3,Art. 16(2),NEW,"CAPÍTULO III, SECÇÃO II, Art. 16, p.19",deve ser conservada no Sistema de Informação de Registo de Crédito por um período de tempo não inferior a dez anos,Explicit minimum retention period (not less than ten years) for adverse credit data in a credit registry system; sectoral (credit/financial data) but meets the 'at least N years' floor rule.,https://www.mj.gov.tl/jornal/public/docs/2009/serie_1/serie1_no27.pdf,0.9,"instrument-level NEW: no law match in cell; English title (machine-rendered, not official): To establish the monthly value of the food allowance for Agents and Officers of the National Police of Timor-Leste (PNTL); CITATION CAVEAT: the source file is a gazette issue containing 3 separate acts, and the upstream extraction records one title for the whole file rather than one per act. The article, quoted text and URL are verified. This provision is in act 3 of 3, so the Law Name most likely belongs to a different act in the same issue and must be confirmed against the source before this row is relied on",Portuguese
Timor-Leste,Conselho Contabilístico de Timor-Leste,10/2026,,7.3,Art. 78(3),NEW,"TÍTULO I, CAPÍTULO VI, Art. 78, p.26",preservando-os por um período de cinco anos,"Specifies explicit minimum retention duration (5 years) for bank client communication records, a sectoral (banking) retention floor.",https://www.mj.gov.tl/jornal/public/docs/2026/serie_1/SERIE_I_NO_32.pdf,0.9,"instrument-level NEW: no law match in cell; English title (machine-rendered, not official): Timor-Leste Accounting Council; CITATION CAVEAT: the source file is a gazette issue containing 6 separate acts, and the upstream extraction records one title for the whole file rather than one per act. The article, quoted text and URL are verified. This provision is in the first act of the issue, which is normally the act the file's title names — so the Law Name is probably right, but that ordering is an inference we have not confirmed against the source",Portuguese
Timor-Leste,Operações Petrolíferas Offshore em Timor-Leste,32/2016,,7.3,Art. 42(3),NEW,"CAPÍTULO V, Art. 42, p.25",por um prazo que não pode ser inferior a 10 anos após a conclusão das Operações de Sondagem ou de Restauração,Explicit minimum retention period of 10 years for drilling reports; sectoral (offshore petroleum operations).,http://www.mj.gov.tl/jornal/public/docs/2016/serie_1/SERIE_I_NO_32.pdf,0.9,"instrument-level NEW: no law match in cell; English title (machine-rendered, not official): Offshore Petroleum Operations in Timor-Leste; CITATION CAVEAT: the source file is a gazette issue containing 4 separate acts, and the upstream extraction records one title for the whole file rather than one per act. The article, quoted text and URL are verified. This provision is in the first act of the issue, which is normally the act the file's title names — so the Law Name is probably right, but that ordering is an inference we have not confirmed against the source",Portuguese
Timor-Leste,Regulamenta a prestação de serviços de telecomunicações na rede móvel,9/2008,,7.3,Art. 6(1),NEW,"Capítulo III, Art. 6, p.6","por um período mínimo de cinco anos, contado a partir da data da celebração do contrato, os elementos de identificação do utilizador","Explicit minimum retention period (5 years) for user identification data by mobile telecom operators — sectoral (telecom) minimum-duration retention mandate, scores 1 per 7.3 tree.",https://www.mj.gov.tl/jornal/public/docs/2008/serie_1/serie1_no14.pdf,0.9,"instrument-level NEW: no law match in cell; English title (machine-rendered, not official): Regulation of Telecommunications Services in the Mobile Network; CITATION CAVEAT: the source file is a gazette issue containing 4 separate acts, and the upstream extraction records one title for the whole file rather than one per act. The article, quoted text and URL are verified. Which act this provision belongs to was not recorded, so the Law Name cannot be checked against it at all; confirm against the source before relying on this row",Portuguese
Timor-Leste,Nova Lei das Sociedades Comerciais (Ver Suplemento),,,7.3,Art. 296(1),NEW,"CAPÍTULO V, Secção I, Art. 296, p.54",A sociedade deve conservar a informação recolhida pelo período mínimo de 5 anos.,"Explicit minimum retention period (5 years, 'período mínimo') applies horizontally to all commercial companies for beneficial ownership data.",https://www.mj.gov.tl/jornal/public/docs/2017/serie_1/SERIE_I_NO_19_SUPLEMENTO.pdf,0.9,"instrument-level NEW: no law match in cell; English title (machine-rendered, not official): New Commercial Companies Law (See Supplement)",Portuguese
Timor-Leste,Orgânica do Ministério da Agricultura e Pescas.,14/2015,,7.3,Art. 15(1),NEW,"CAPÍTULO IV, SECÇÃO II, Art. 15, p.25",devem conservar os registos obtidos por si no decurso das suas operações e administração por um período mínimo de cinco anos desde a data da criação do registo,"Explicit minimum retention period of five years for records held by banks/payment operators - sectoral scope, binary indicator scores 1 regardless of breadth",https://www.mj.gov.tl/jornal/public/docs/2015/serie_1/SERIE_I_NO_23.pdf,0.9,"instrument-level NEW: no law match in cell; English title (machine-rendered, not official): Organic Law of the Ministry of Agriculture and Fisheries.; CITATION CAVEAT: the source file is a gazette issue containing 6 separate acts, and the upstream extraction records one title for the whole file rather than one per act. The article, quoted text and URL are verified. Which act this provision belongs to was not recorded, so the Law Name cannot be checked against it at all; confirm against the source before relying on this row",Portuguese
Timor-Leste,Que Aprova o Código de Processo Penal,,,7.5,Art. 56(1),NEW,"TÍTULO HI, CAPÍTULO V, SECÇÃO VI ., Art. 56, p.17","A polícia pode efectuar buscas, revistas ou apreensões, sem mandado Judicial","Police may search/seize without judicial warrant in flagrante delicto or urgent suspicion cases; only ex-post reporting to Ministério Público (prosecutor, not an independent judicial body) is required — no prior court authorization.",https://www.mj.gov.tl/jornal/public/docs/2002_2005/decreto_lei_governo/13_2005.pdf,0.8,"instrument-level NEW: no law match in cell; English title (machine-rendered, not official): Approval of the Criminal Procedure Code",Portuguese
Timor-Leste,"Medidas de Execução da Declaração do Estado de Emergência efetuada pelo Decreto do Presidente da República n.o 70/2020, de 30 de dezembro",21/2020,,7.5,Art. 21(2),NEW,"Art. 21, p.6","Os serviços de saúde informam as forças e os serviços de segurança acerca da identidade de todos os indivíduos que se encontrem sujeitos a isolamento obrigatório, bem como acerca do local onde os mesmos devem permanecer em isolamento.",Mandatory transfer of personal identity/location data from health services to security forces with no court order or independent judicial authorization required.,https://www.mj.gov.tl/jornal/public/docs/2020/serie_1/SERIE_I_NO_53A.pdf,0.75,"instrument-level NEW: no law match in cell; English title (machine-rendered, not official): Measures for the Implementation of the State of Emergency Declaration by Presidential Decree No. 70/2020 of December 30; CITATION CAVEAT: the source file is a gazette issue containing 2 separate acts, and the upstream extraction records one title for the whole file rather than one per act. The article, quoted text and URL are verified. This provision is in the first act of the issue, which is normally the act the file's title names — so the Law Name is probably right, but that ordering is an inference we have not confirmed against the source",Portuguese
Timor-Leste,Lei Orgânica do Serviço de Migração,30/2009,,7.5,Art. 7(2),NEW,"CAPÍTULO I, SECÇÃO II, Art. 7, p.21",As autoridades de polícia criminal referidas no artigo 4º têm acesso directo à informação de identificação civil e criminal constante dos ficheiros informáticos de identificação civil e criminal,Criminal police granted direct access to biometric/identification data with no mention of court order or independent judicial authorization; falls under 7.5 standing-access-without-warrant branch.,https://www.mj.gov.tl/jornal/public/docs/2009/serie_1/serie1_no41.pdf,0.75,"instrument-level NEW: no law match in cell; English title (machine-rendered, not official): Organic Law of the Migration Service; CITATION CAVEAT: the source file is a gazette issue containing 6 separate acts, and the upstream extraction records one title for the whole file rather than one per act. The article, quoted text and URL are verified. Which act this provision belongs to was not recorded, so the Law Name cannot be checked against it at all; confirm against the source before relying on this row",Portuguese
Timor-Leste,"Que Aprova a Articulação entre as Autoridades Administrativas e os Tribunais na Execução de Actos Processuais, Nomeadamente Notificações, Citações e Ordens de Comparência",4/2006,,7.5,Art. 1,NEW,"CAPÍTULO I, p.6","a dispensa de autorização judicial prévia nos casos de buscas domiciliárias, revistas, apreensões e detenções fora de flagrante delito, assim como a previsão de um regime especial de controle das comunicações","Dispenses with prior judicial authorization for searches, seizures, detention, and communications interception (which necessarily includes personal data) in terrorism/organized-crime cases, allowing government access without independent judicial order.",https://www.mj.gov.tl/jornal/public/docs/2006/serie_1/serie1_no5.pdf,0.75,"instrument-level NEW: no law match in cell; English title (machine-rendered, not official): Commercial Registration Code; CITATION CAVEAT: the source file is a gazette issue containing 6 separate acts, and the upstream extraction records one title for the whole file rather than one per act. The article, quoted text and URL are verified. This provision is in act 3 of 6, so the Law Name most likely belongs to a different act in the same issue and must be confirmed against the source before this row is relied on",Portuguese
Timor-Leste,Regime Jurídico de Investigação Científica Marinha Internacional .,27/2025,,7.5,Art. 9(2),NEW,"CAPÍTULO I, Secção II, Art. 9, p.14",As autoridades de polícia criminal referidas no artigo 7.º têm acesso direto à informação de identificação civil e criminal constante dos ficheiros informáticos de identificação civil e criminal do departamento governamental responsável pela justiça,"Criminal police get direct access to civil/criminal identification data via administrative protocol, not a judicial warrant/court order, satisfying the 7.5 no-independent-authorization branch.",https://www.mj.gov.tl/jornal/public/docs/2025/serie_1/SERIE_I_NO_33.pdf,0.75,"instrument-level NEW: no law match in cell; English title (machine-rendered, not official): Legal Framework for International Marine Scientific Research; CITATION CAVEAT: the source file is a gazette issue containing 3 separate acts, and the upstream extraction records one title for the whole file rather than one per act. The article, quoted text and URL are verified. This provision is in act 3 of 3, so the Law Name most likely belongs to a different act in the same issue and must be confirmed against the source before this row is relied on",Portuguese
Timor-Leste,Lei de Combate ao Tráfico Ilícito de Drogas,2/2017,,7.5,Art. 38(2),NEW,"CAPÍTULO V, Art. 38, p.10","O pedido das informações ou da apresentação dos documentos não pode ser recusado por quaisquer entidades, públicas ou privadas, nomeadamente pelas instituições bancárias ou financeiras, por sociedades civis ou comerciais","Public Prosecutor (Ministério Público), a non-judicial authority, can compel disclosure of personal/financial data without independent judicial/court authorization or warrant.",https://www.mj.gov.tl/jornal/public/docs/2017/serie_1/SERIE_I_NO_4.pdf,0.75,"instrument-level NEW: no law match in cell; English title (machine-rendered, not official): Law on Prevention and Fight against Human Trafficking and Fourth Amendment to the Penal Code; CITATION CAVEAT: the source file is a gazette issue containing 2 separate acts, and the upstream extraction records one title for the whole file rather than one per act. The article, quoted text and URL are verified. This provision is in the first act of the issue, which is normally the act the file's title names — so the Law Name is probably right, but that ordering is an inference we have not confirmed against the source",Portuguese
Timor-Leste,"Primeira alteração ao Decreto-Lei n.º 73/2023, de 14 de setembro, Orgânica do Ministério do Interior",7/2026,,7.5,Art. 9(2),NEW,"CAPÍTULO I, Secção II, Art. 9, p.27",têm acesso direto à informação de identificação civil e criminal constante dos ficheiros informáticos de identificação civil e criminal do departamento governamental responsável pela justiça,"Criminal police get direct access to civil/criminal identification data via inter-ministerial protocol, not judicial warrant/court order — non-judicial authorization triggers score 1.",https://www.mj.gov.tl/jornal/public/docs/2026/serie_1/SERIE_I_NO_6.pdf,0.75,"instrument-level NEW: no law match in cell; English title (machine-rendered, not official): First Amendment to Decree-Law No. 73/2023 of September 14, Organic Law of the Ministry of the Interior; CITATION CAVEAT: the source file is a gazette issue containing 9 separate acts, and the upstream extraction records one title for the whole file rather than one per act. The article, quoted text and URL are verified. This provision is in act 7 of 9, so the Law Name most likely belongs to a different act in the same issue and must be confirmed against the source before this row is relied on",Portuguese
Timor-Leste,Serviço Nacional de Inteligência Estratégica,23/2025,,7.5,Art. 8(5),NEW,"CAPÍTULO I, Art. 8, p.4","a facultar ao SNIE, a pedido deste, as notícias e os elementos de informação de que tenham conhecimento, direta ou indiretamente","Security services must supply information to the intelligence service upon request, with no judicial warrant or independent court authorization mentioned, satisfying the 7.5 disqualifier-free branch for government access without judicial oversight.",https://www.mj.gov.tl/jornal/public/docs/2025/serie_1/SERIE_I_NO_31.pdf,0.8,"instrument-level NEW: no law match in cell; English title (machine-rendered, not official): Higher Education Access and Admission Law; CITATION CAVEAT: the source file is a gazette issue containing 2 separate acts, and the upstream extraction records one title for the whole file rather than one per act. The article, quoted text and URL are verified. This provision is in the first act of the issue, which is normally the act the file's title names — so the Law Name is probably right, but that ordering is an inference we have not confirmed against the source",Portuguese
Timor-Leste,Sistema Nacional de Inteligência da República Democrática de Timor-Leste,9/2008,,7.5,Art. 17,NEW,"CAPÍTULO III, SECÇÃO III, p.3",só podem ter acesso a dados e informações do Sistema Nacional de Inteligência desde que autorizados por despacho do competente membro do Governo,"Access to intelligence data/personal information is authorized by ministerial dispatch, not by a court order or independent judicial body — non-judicial authorization triggers 7.5 score 1.",https://www.mj.gov.tl/jornal/public/docs/2008/serie_1/serie1_no27.pdf,0.8,"instrument-level NEW: no law match in cell; English title (machine-rendered, not official): National Intelligence System of the Democratic Republic of Timor-Leste; CITATION CAVEAT: the source file is a gazette issue containing 3 separate acts, and the upstream extraction records one title for the whole file rather than one per act. The article, quoted text and URL are verified. This provision is in the first act of the issue, which is normally the act the file's title names — so the Law Name is probably right, but that ordering is an inference we have not confirmed against the source",Portuguese
Timor-Leste,Regime Jurídico dos Inquéritos Parlamentares,8/2009,,7.5,Art. 42(3),NEW,"CAPÍTULO V, SECÇÃO II, Art. 42, p.49","Revelar de forma verdadeira, franca e cabal informações de que tenha conhecimento","Ombudsman can compel disclosure of information/electronic data from any person based solely on own relevance assessment, no court order or independent judicial authorization required.",https://www.mj.gov.tl/jornal/public/docs/2009/serie_1/serie1_no25.pdf,0.75,"instrument-level NEW: no law match in cell; English title (machine-rendered, not official): Reduction of the Interruption of the Normal Operating Period of the Second Legislative Session of the Second Legislature; CITATION CAVEAT: the source file is a gazette issue containing 6 separate acts, and the upstream extraction records one title for the whole file rather than one per act. The article, quoted text and URL are verified. This provision is in act 5 of 6, so the Law Name most likely belongs to a different act in the same issue and must be confirmed against the source before this row is relied on",Portuguese
Timor-Leste,Timor-Leste — no governing instrument identified,,,6.1,n/a,,,No provision found,No qualifying measure identified in the corpus for this indicator,"n/a — 2,879 Timor-Leste instruments from www.mj.gov.tl searched, none governing this indicator",,"no-provision row: no complete cross-border transfer-prohibition measure found; no 2025 baseline row exists for this economy and indicator; Discovery Tag left blank because the row is neither a discovery nor a baseline reproduction; no governing instrument is named because none was identified: naming the economy's largest statute would assert a legal relationship we did not find; Language of Source is the economy's language of legislation, not a per-document reading: this row cites no document",Portuguese
Timor-Leste,Timor-Leste — no governing instrument identified,,,6.3,n/a,,,No provision found,No qualifying measure identified in the corpus for this indicator,"n/a — 2,879 Timor-Leste instruments from www.mj.gov.tl searched, none governing this indicator",,"no-provision row: no local data-processing or infrastructure-localization requirement found in the corpus; no 2025 baseline row exists for this economy and indicator; Discovery Tag left blank because the row is neither a discovery nor a baseline reproduction; no governing instrument is named because none was identified: naming the economy's largest statute would assert a legal relationship we did not find; Language of Source is the economy's language of legislation, not a per-document reading: this row cites no document",Portuguese
Timor-Leste,Timor-Leste — no governing instrument identified,,,6.4,n/a,,,No provision found,No qualifying measure identified in the corpus for this indicator,"n/a — 2,879 Timor-Leste instruments from www.mj.gov.tl searched, none governing this indicator",,"no-provision row: no conditional cross-border transfer measure found in the corpus; no 2025 baseline row exists for this economy and indicator; Discovery Tag left blank because the row is neither a discovery nor a baseline reproduction; no governing instrument is named because none was identified: naming the economy's largest statute would assert a legal relationship we did not find; Language of Source is the economy's language of legislation, not a per-document reading: this row cites no document",Portuguese
Timor-Leste,Timor-Leste — no governing instrument identified,,,7.1,n/a,,,No provision found,No qualifying measure identified in the corpus for this indicator,"n/a — 2,879 Timor-Leste instruments from www.mj.gov.tl searched, none governing this indicator",,"no-provision row: no personal-data-protection framework evidence collected; no 2025 baseline row exists for this economy and indicator; Discovery Tag left blank because the row is neither a discovery nor a baseline reproduction; no governing instrument is named because none was identified: naming the economy's largest statute would assert a legal relationship we did not find; Language of Source is the economy's language of legislation, not a per-document reading: this row cites no document",Portuguese
Timor-Leste,Timor-Leste — no governing instrument identified,,,7.2,n/a,,,No provision found,No qualifying measure identified in the corpus for this indicator,"n/a — 2,879 Timor-Leste instruments from www.mj.gov.tl searched, none governing this indicator",,"no-provision row: no cybersecurity framework evidence collected; no 2025 baseline row exists for this economy and indicator; Discovery Tag left blank because the row is neither a discovery nor a baseline reproduction; no governing instrument is named because none was identified: naming the economy's largest statute would assert a legal relationship we did not find; Language of Source is the economy's language of legislation, not a per-document reading: this row cites no document",Portuguese
Timor-Leste,Timor-Leste — no governing instrument identified,,,7.4,n/a,,,No provision found,No qualifying measure identified in the corpus for this indicator,"n/a — 2,879 Timor-Leste instruments from www.mj.gov.tl searched, none governing this indicator",,"no-provision row: no statutory DPO-appointment or DPIA mandate found in the corpus (guidance-only instruments are non-binding and not scored); no 2025 baseline row exists for this economy and indicator; Discovery Tag left blank because the row is neither a discovery nor a baseline reproduction; no governing instrument is named because none was identified: naming the economy's largest statute would assert a legal relationship we did not find; Language of Source is the economy's language of legislation, not a per-document reading: this row cites no document",Portuguese
Timor-Leste,Orgânica do Ministério da Agricultura e Pescas.,14/2015,,12.4.4,Art. 7(2),NEW,"CAPÍTULO III, SECÇÃO II, Art. 7, p.23",um requerente pode ser sujeito à obrigação de manter fundos próprios a níveis especificados pelo Banco Central,Licensing requirement with restrictive condition (mandatory own-funds/capital level set by regulator) as precondition to obtain authorization to provide payment services or operate a payment system.,https://www.mj.gov.tl/jornal/public/docs/2015/serie_1/SERIE_I_NO_23.pdf,0.75,"instrument-level NEW: no law match in cell; Not automated. The result for this indicator may come from a source other than the legal dataset. Check it outside the tool. Reason: outside the automated scope.; English title (machine-rendered, not official): Organic Law of the Ministry of Agriculture and Fisheries.; CITATION CAVEAT: the source file is a gazette issue containing 6 separate acts, and the upstream extraction records one title for the whole file rather than one per act. The article, quoted text and URL are verified. Which act this provision belongs to was not recorded, so the Law Name cannot be checked against it at all; confirm against the source before relying on this row",Portuguese
Timor-Leste,Regulamento das Franquias Aduaneiras de Timor Leste,5/2006,,12.5,Art. 10(1),NEW,"Capítulo III, Art. 10, p.3",mercadorias cujo valor comercial não exceda USD 10 (dez dólares) por remessa,"De minimis threshold set at USD 10, well below USD 200, so falls in 'below <200 USD' branch scoring 0.5.",https://www.mj.gov.tl/jornal/public/docs/2006/serie_1/serie1_no6.pdf,0.9,"instrument-level NEW: no law match in cell; Not automated. The result for this indicator may come from a source other than the legal dataset. Check it outside the tool. Reason: outside the automated scope.; English title (machine-rendered, not official): Customs Duty Regulation of Timor-Leste; CITATION CAVEAT: the source file is a gazette issue containing 4 separate acts, and the upstream extraction records one title for the whole file rather than one per act. The article, quoted text and URL are verified. This provision is in act 2 of 4, so the Law Name most likely belongs to a different act in the same issue and must be confirmed against the source before this row is relied on",Portuguese
Timor-Leste,Regulamento das Franquias Aduaneiras de Timor Leste,5/2006,,12.5,Art. 11(3),NEW,"Capítulo III, Art. 11, p.3",Mercadorias cujo valor comercial não exceda USD 50 (cinquenta dólares) por remessa,"Sets a de minimis customs duty exemption threshold of USD 50 per shipment, which is below USD 200, triggering the 0.5 branch.",https://www.mj.gov.tl/jornal/public/docs/2006/serie_1/serie1_no6.pdf,0.85,"instrument-level NEW: no law match in cell; Not automated. The result for this indicator may come from a source other than the legal dataset. Check it outside the tool. Reason: outside the automated scope.; English title (machine-rendered, not official): Customs Duty Regulation of Timor-Leste; CITATION CAVEAT: the source file is a gazette issue containing 4 separate acts, and the upstream extraction records one title for the whole file rather than one per act. The article, quoted text and URL are verified. This provision is in act 2 of 4, so the Law Name most likely belongs to a different act in the same issue and must be confirmed against the source before this row is relied on",Portuguese
Timor-Leste,"Aprova, para adesão, o Acordo-Quadro da ASEAN sobre Serviços e respetivos Protocolos e o Acordo da ASEAN sobre Comércio de Serviços",45/2025,,12.8,Art. 9,NEW,"SECÇÃO II, p.84","Um Estado Membro não deverá exigir que um prestador de serviços de outro Estado Membro estabeleça ou mantenha um escritório de representação ou qualquer forma de pessoa coletiva, ou que tenha residência no seu território, como condição para a prestação transfronteiriça de um serviço.","This is a prohibition on imposing local presence/representative office requirements for cross-border service supply — the opposite of a 12.8 restriction; it removes rather than imposes such a requirement, so no restriction is evidenced (score 0).",https://www.mj.gov.tl/jornal/public/docs/2025/serie_1/SERIE_I_NO_42_A4.pdf,0.75,"instrument-level NEW: no law match in cell; Not automated. The result for this indicator may come from a source other than the legal dataset. Check it outside the tool. Reason: outside the automated scope.; English title (machine-rendered, not official): Approval for Adhesion to the ASEAN Framework Agreement on Services and its Protocols and the ASEAN Agreement on Trade in Services; CITATION CAVEAT: the source file is a gazette issue containing 2 separate acts, and the upstream extraction records one title for the whole file rather than one per act. The article, quoted text and URL are verified. This provision is in the first act of the issue, which is normally the act the file's title names — so the Law Name is probably right, but that ordering is an inference we have not confirmed against the source",Portuguese
Timor-Leste,Regime Jurídico Geral do Comércio Eletrónico e de Assinaturas Eletrónicas,12/2024,,12.9,Art. 53(2),NEW,"CAPÍTULO V, Secção II, Art. 53, p.36","são fornecidas ao comprador, antes da finalização da compra, as seguintes informações","E-commerce law provides consumer protection disclosures for online purchases (pricing, returns, refunds), so a consumer protection framework exists for online transactions.",https://www.mj.gov.tl/jornal/public/docs/2024/serie_1/SERIE_I_NO_7.pdf,0.85,"instrument-level NEW: no law match in cell; Not automated. The result for this indicator may come from a source other than the legal dataset. Check it outside the tool. Reason: outside the automated scope.; English title (machine-rendered, not official): General Legal Regime for Electronic Commerce and Electronic Signatures; CITATION CAVEAT: the source file is a gazette issue containing 4 separate acts, and the upstream extraction records one title for the whole file rather than one per act. The article, quoted text and URL are verified. This provision is in act 4 of 4, so the Law Name most likely belongs to a different act in the same issue and must be confirmed against the source before this row is relied on",Portuguese
Timor-Leste,Lei de Proteção ao Consumidores .,8/2016,,12.9,Art. 11(7),NEW,"Capítulo II, Art. 11, p.5","o consumidor pode exercer o seu direito de retratação, desistindo do contrato no prazo de dez dias úteis a contar da data da receção do bem ou da conclusão do contrato de prestação de serviços","General consumer protection law provision extends to distance contracts (correspondence/equivalent), covering online purchases; existence of framework scores 0 under inverted polarity.",http://www.mj.gov.tl/jornal/public/docs/2016/serie_1/SERIE_I_NO_26A.pdf,0.75,"instrument-level NEW: no law match in cell; Not automated. The result for this indicator may come from a source other than the legal dataset. Check it outside the tool. Reason: outside the automated scope.; English title (machine-rendered, not official): Consumer Protection Law; CITATION CAVEAT: the source file is a gazette issue containing 3 separate acts, and the upstream extraction records one title for the whole file rather than one per act. The article, quoted text and URL are verified. This provision is in the first act of the issue, which is normally the act the file's title names — so the Law Name is probably right, but that ordering is an inference we have not confirmed against the source",Portuguese
Timor-Leste,Lei de Proteção ao Consumidores .,8/2016,,12.9,Art. 15(1),NEW,"CAPÍTULO III, Art. 15, p.5","O consumidor a quem seja fornecido um bem ou prestado um serviço defeituosos, salvo se dele tivesse sido previamente informado e esclarecido antes da celebração do contrato, pode exigir, independentemente de culpa do fornecedor do bem, a reparação ou a sua substituição, a redução do preço ou a resolução do contrato.","General consumer protection law provides remedies for defective goods/services; a cross-sector consumer protection framework exists, so presence scores 0 under inverted-polarity lack indicator.",http://www.mj.gov.tl/jornal/public/docs/2016/serie_1/SERIE_I_NO_26A.pdf,0.75,"instrument-level NEW: no law match in cell; Not automated. The result for this indicator may come from a source other than the legal dataset. Check it outside the tool. Reason: outside the automated scope.; English title (machine-rendered, not official): Consumer Protection Law; CITATION CAVEAT: the source file is a gazette issue containing 3 separate acts, and the upstream extraction records one title for the whole file rather than one per act. The article, quoted text and URL are verified. This provision is in the first act of the issue, which is normally the act the file's title names — so the Law Name is probably right, but that ordering is an inference we have not confirmed against the source",Portuguese
Timor-Leste,Lei de Proteção ao Consumidores .,8/2016,,12.9,Art. 18(1),NEW,"Capítulo IV, Art. 18, p.6","No fornecimento de bens ou serviços que envolva a outorga de crédito ou concessão de financiamento ao consumidor, o fornecedor ou um seu representante e em seu nome deve, entre outros requisitos, e sem prejuízo do disposto em legislação especial, informá-lo prévia e adequadamente sobre","Consumer Protection Law provision setting disclosure obligations for consumer credit; a consumer protection legal framework exists, so 12.9 (lack indicator) scores 0.",http://www.mj.gov.tl/jornal/public/docs/2016/serie_1/SERIE_I_NO_26A.pdf,0.75,"instrument-level NEW: no law match in cell; Not automated. The result for this indicator may come from a source other than the legal dataset. Check it outside the tool. Reason: outside the automated scope.; English title (machine-rendered, not official): Consumer Protection Law; CITATION CAVEAT: the source file is a gazette issue containing 3 separate acts, and the upstream extraction records one title for the whole file rather than one per act. The article, quoted text and URL are verified. This provision is in the first act of the issue, which is normally the act the file's title names — so the Law Name is probably right, but that ordering is an inference we have not confirmed against the source",Portuguese
Timor-Leste,Lei de Proteção ao Consumidores .,8/2016,,12.9,Art. 27(3),NEW,"CAPÍTULO VII, Art. 27, p.8",o consumidor pode optar pela manutenção do contrato quando apenas algumas das suas cláusulas forem nulas,General consumer protection law exists and applies to contracts (including online); presence of framework means indicator (inverted polarity) scores 0.,http://www.mj.gov.tl/jornal/public/docs/2016/serie_1/SERIE_I_NO_26A.pdf,0.75,"instrument-level NEW: no law match in cell; Not automated. The result for this indicator may come from a source other than the legal dataset. Check it outside the tool. Reason: outside the automated scope.; English title (machine-rendered, not official): Consumer Protection Law; CITATION CAVEAT: the source file is a gazette issue containing 3 separate acts, and the upstream extraction records one title for the whole file rather than one per act. The article, quoted text and URL are verified. This provision is in the first act of the issue, which is normally the act the file's title names — so the Law Name is probably right, but that ordering is an inference we have not confirmed against the source",Portuguese
Timor-Leste,Lei de Proteção ao Consumidores .,8/2016,,12.9,Art. 10(2),NEW,"Capítulo II, Art. 10, p.4","A obrigação de informar impende também sobre o produtor, o fabricante, o importador, o distribuidor, o embalador e o armazenista","General consumer protection law imposes information disclosure duties on the full supply chain; a consumer protection framework exists, so inverted-polarity indicator scores 0 (presence of law).",http://www.mj.gov.tl/jornal/public/docs/2016/serie_1/SERIE_I_NO_26A.pdf,0.75,"instrument-level NEW: no law match in cell; Not automated. The result for this indicator may come from a source other than the legal dataset. Check it outside the tool. Reason: outside the automated scope.; English title (machine-rendered, not official): Consumer Protection Law; CITATION CAVEAT: the source file is a gazette issue containing 3 separate acts, and the upstream extraction records one title for the whole file rather than one per act. The article, quoted text and URL are verified. This provision is in the first act of the issue, which is normally the act the file's title names — so the Law Name is probably right, but that ordering is an inference we have not confirmed against the source",Portuguese
Timor-Leste,Lei de Proteção ao Consumidores .,8/2016,,12.9,Art. 1,NEW,"Capítulo I, p.1",aprova o regime jurídico de proteção e defesa,"General consumer protection law applying to goods and services from all persons, national/foreign, public/private; horizontal law satisfies 12.9 presence, scoring 0 (inverted polarity).",http://www.mj.gov.tl/jornal/public/docs/2016/serie_1/SERIE_I_NO_26A.pdf,0.75,"instrument-level NEW: no law match in cell; Not automated. The result for this indicator may come from a source other than the legal dataset. Check it outside the tool. Reason: outside the automated scope.; English title (machine-rendered, not official): Consumer Protection Law",Portuguese
Timor-Leste,Lei de Proteção ao Consumidores .,8/2016,,12.9,Art. 20(2),NEW,"Capítulo V, Art. 20, p.6",São proibidas as práticas comerciais abusivas.,"General consumer protection law establishing prohibited abusive commercial practices applicable to all consumer transactions, including online purchases; presence of framework scores 0 under inverted polarity.",http://www.mj.gov.tl/jornal/public/docs/2016/serie_1/SERIE_I_NO_26A.pdf,0.75,"instrument-level NEW: no law match in cell; Not automated. The result for this indicator may come from a source other than the legal dataset. Check it outside the tool. Reason: outside the automated scope.; English title (machine-rendered, not official): Consumer Protection Law; CITATION CAVEAT: the source file is a gazette issue containing 3 separate acts, and the upstream extraction records one title for the whole file rather than one per act. The article, quoted text and URL are verified. This provision is in the first act of the issue, which is normally the act the file's title names — so the Law Name is probably right, but that ordering is an inference we have not confirmed against the source",Portuguese
Timor-Leste,Aprovisionamento Especial para Projectos Prioritários,29/2009,,2.1,Art. 2(1),NEW,"Art. 2, p.1","Adjudicação exclusivamente a empresários nacionais, preferencialmente de carácter local.","Exclusive award to national (and preferably local) entrepreneurs excludes foreign firms entirely from this procurement regime, i.e. a full exclusion, not a mere preference.",https://www.mj.gov.tl/jornal/public/docs/2009/serie_1/serie1_no38.pdf,0.8,"instrument-level NEW: no law match in cell; Not automated. The result for this indicator may come from a source other than the legal dataset. Check it outside the tool. Reason: outside the automated scope.; English title (machine-rendered, not official): Special Provisioning for Priority Projects; CITATION CAVEAT: the source file is a gazette issue containing 2 separate acts, and the upstream extraction records one title for the whole file rather than one per act. The article, quoted text and URL are verified. This provision is in the first act of the issue, which is normally the act the file's title names — so the Law Name is probably right, but that ordering is an inference we have not confirmed against the source",Portuguese
Timor-Leste,Código do Aprovisionamento e dos Contratos Públicos,1/2025,,2.3,Art. 88,NEW,"TÍTULO II, CAPÍTULO III, Secção X, p.29","prever a aquisição de uma proporção mínima de bens e serviços a nível local ou nacional, assim como o emprego de um mínimo de trabalhadores nacionais","Local content/local employment requirement applicable to all bidders in public procurement is a limitation under 2.3, scored 0.5 as it applies equally to all suppliers.",https://www.mj.gov.tl/jornal/public/docs/2025/serie_1/SERIE_I_NO_2.pdf,0.8,"instrument-level NEW: no law match in cell; Not automated. The result for this indicator may come from a source other than the legal dataset. Check it outside the tool. Reason: outside the automated scope.; English title (machine-rendered, not official): Public Procurement and Contracts Code",Portuguese
Timor-Leste,"Regime Jurídico do Aprovisionamento, dos Contratos Públicos e das Respetivas Infrações",22/2022,,2.3,Art. 49(3),NEW,"TÍTULO III, CAPÍTULO V, Art. 49, p.18",prever a aquisição de uma proporção mínima de bens e serviços a nível local e ou nacional ou o emprego de um mínimo de trabalhadores nacionais,"Local content/local employment minimum condition applies equally to all bidders regardless of nationality — a limitation under 2.3, scored 0.5 as it applies to all suppliers alike, not discriminating specifically against foreign bidders by exclusion.",https://www.mj.gov.tl/jornal/public/docs/2022/serie_1/SERIE_I_NO_19.pdf,0.8,"instrument-level NEW: no law match in cell; Not automated. The result for this indicator may come from a source other than the legal dataset. Check it outside the tool. Reason: outside the automated scope.; English title (machine-rendered, not official): Budget Classifiers; CITATION CAVEAT: the source file is a gazette issue containing 6 separate acts, and the upstream extraction records one title for the whole file rather than one per act. The article, quoted text and URL are verified. This provision is in act 4 of 6, so the Law Name most likely belongs to a different act in the same issue and must be confirmed against the source before this row is relied on",Portuguese
Timor-Leste,Aprova o “Regulamento para a aplicação do Código do Aprovisionamento e dos Contratos Públicos” e a “Visão geral do quadro legal para contratação pública em Timor-Leste”,1/2026,,2.3,Art. 51(3),NEW,"Capítulo V, Ética nos Procedimentos de Aprovisionamento e Co, SECÇÃO 2 – QUADRO DE APROVISIONAMENTO, Art. 51, p.51",os fornecedores nacionais receberão um aumento de pontuação de até 10% da sua pontuação total de avaliação,"A price/scoring preferential margin explicitly favors national suppliers based on nationality status, discriminating directly against foreign bidders in procurement scoring/pricing - meets 2.3 top branch (discriminatory limitation).",https://www.mj.gov.tl/jornal/public/docs/2026/serie_1/SERIE_I_NO_3_B_LOOS.pdf,0.92,"instrument-level NEW: no law match in cell; Not automated. The result for this indicator may come from a source other than the legal dataset. Check it outside the tool. Reason: outside the automated scope.; English title (machine-rendered, not official): Approves the “Regulation for the Implementation of the Public Procurement and Contracts Code” and the “Overview of the Legal Framework for Public Procurement in Timor-Leste”",Portuguese
Timor-Leste,Código do Aprovisionamento e dos Contratos Públicos,1/2025,,2.3,Art. 86(1),NEW,"TÍTULO II, CAPÍTULO III, Secção X, Art. 86, p.29",a entidade adjudicante determina que os fornecedores nacionais que cumpram os requisitos estabelecidos no n.º 4 beneficiem de uma majoração na respetiva pontuação global ou no preço apresentado,"A price/scoring preference (majoração) favoring national suppliers in open, restricted and quotation procedures discriminates directly against foreign bidders based on nationality - scores 1 under 2.3 scoring tree.",https://www.mj.gov.tl/jornal/public/docs/2025/serie_1/SERIE_I_NO_2.pdf,0.85,"instrument-level NEW: no law match in cell; Not automated. The result for this indicator may come from a source other than the legal dataset. Check it outside the tool. Reason: outside the automated scope.; English title (machine-rendered, not official): Public Procurement and Contracts Code",Portuguese
Timor-Leste,Altera o Regime Jurídico do Aprovisionamento,24/2008,,2.3,Art. 91,NEW,"TÍTULO II, CAPÍTULO IV, SECÇÃO VII, p.23",sujeita a qualquer margem de preferência aplicada aos concorrentes nacionais ou para o benefício de propostas que envolvam produtos locais,Price preference margin applied to national bidders or local-content proposals discriminates against foreign bidders; falls under 2.3 branch score=1.,https://www.mj.gov.tl/jornal/public/docs/2008/serie_1/serie1_no31.pdf,0.85,"instrument-level NEW: no law match in cell; Not automated. The result for this indicator may come from a source other than the legal dataset. Check it outside the tool. Reason: outside the automated scope.; English title (machine-rendered, not official): Amending the Legal Regime of Procurement; CITATION CAVEAT: the source file is a gazette issue containing 6 separate acts, and the upstream extraction records one title for the whole file rather than one per act. The article, quoted text and URL are verified. Which act this provision belongs to was not recorded, so the Law Name cannot be checked against it at all; confirm against the source before relying on this row",Portuguese
Timor-Leste,Regime Jurídico do Aprovisionamento,,,2.3,Art. 86(2),NEW,"TÍTULO HI, CAPÍTULO I, Secção VII, Art. 86, p.40",A margem de preferência aplicada aos concorrentes nacionais ou para o benefício de propostas que envolvam produtos locais;,"A price/evaluation preference margin tied to nationality of bidders (national competitors) or local-content products directly discriminates against foreign bidders, meeting the 2.3 top-branch test.",https://www.mj.gov.tl/jornal/public/docs/2002_2005/decreto_lei_governo/10_2005.pdf,0.85,"instrument-level NEW: no law match in cell; Not automated. The result for this indicator may come from a source other than the legal dataset. Check it outside the tool. Reason: outside the automated scope.; English title (machine-rendered, not official): Legal Regime for Procurement",Portuguese
Timor-Leste,Altera o Regime Jurídico do Aprovisionamento,24/2008,,2.3,Art. 38(2),NEW,"TÍTULO II, CAPÍTULO I, SECÇÃO II, Art. 38, p.14","Caso o aprovisionamento seja relativo a bens, obras, ou serviços, por valor igual ou inferior a $ 100.000 USD (cem mil dólares norte-americanos) o concurso será obrigatoriamente nacional","Mandatory national-only tender below threshold plus preferential status for majority-Timorese-owned firms discriminates against foreign bidders; combined with preference clause in Art.38(1), scores 1 as direct discrimination against foreign bidders.",https://www.mj.gov.tl/jornal/public/docs/2008/serie_1/serie1_no31.pdf,0.75,"instrument-level NEW: no law match in cell; Not automated. The result for this indicator may come from a source other than the legal dataset. Check it outside the tool. Reason: outside the automated scope.; English title (machine-rendered, not official): Amending the Legal Regime of Procurement; CITATION CAVEAT: the source file is a gazette issue containing 6 separate acts, and the upstream extraction records one title for the whole file rather than one per act. The article, quoted text and URL are verified. Which act this provision belongs to was not recorded, so the Law Name cannot be checked against it at all; confirm against the source before relying on this row",Portuguese
Timor-Leste,Regime geral das regras de origem,94/2022,,2.3,Art. 21(4),NEW,"Capítulo II, Art. 21, p.7","As estruturas de suco do PNDS adotam como critério preferencial de adjudicação dos contratos de aquisição de bens, o fornecimento de produtos, bens, equipamentos ou materiais produzidos, manufaturados ou transformados, total ou parcialmente, em território nacional.","Local-content preferential award criterion in public procurement directly discriminates in favor of nationally-produced goods, meeting the 2.3 branch for a discriminatory limitation (preference tied to local origin/nationality of production).",https://www.mj.gov.tl/jornal/public/docs/2022/serie_1/SERIE_I_NO_52.pdf,0.75,"instrument-level NEW: no law match in cell; Not automated. The result for this indicator may come from a source other than the legal dataset. Check it outside the tool. Reason: outside the automated scope.; English title (machine-rendered, not official): General Law on Rules of Origin; CITATION CAVEAT: the source file is a gazette issue containing 5 separate acts, and the upstream extraction records one title for the whole file rather than one per act. The article, quoted text and URL are verified. This provision is in act 3 of 5, so the Law Name most likely belongs to a different act in the same issue and must be confirmed against the source before this row is relied on",Portuguese
Timor-Leste,"Lei de Regime de Licenciamento, Supervisão e Regulação de Companhias de Seguros e de Intermediários de Seguros",,,3.3,Art. 40(2),NEW,"CAPÍTULO VIII, Art. 40, p.35",Os membros do órgão de administração e do órgão de fiscalização das companhias de seguros e das sociedades de intermediação de seguros devem residir em território nacional.,Residency requirement for board/management and supervisory body members of insurance companies and intermediaries.,https://www.mj.gov.tl/jornal/public/docs/2002_2005/leis_parlamento_nacional/6_2005.pdf,0.95,"instrument-level NEW: no law match in cell; Not automated. The result for this indicator may come from a source other than the legal dataset. Check it outside the tool. Reason: outside the automated scope.; English title (machine-rendered, not official): Law on Licensing, Supervision and Regulation of Insurance Companies and Insurance Intermediaries",Portuguese
Timor-Leste,"Lei de Regime de Licenciamento, Supervisão e Regulação de Companhias de Seguros e de Intermediários de Seguros",,,3.3,Art. 42(1),NEW,"CAPÍTULO VIII, Art. 42, p.37",O administrador executivo deve ser residente em Timor-Leste.,Residency requirement for executive administrator of insurance companies/intermediaries meets 3.3's test for nationality/residency requirements for board/management members; sectoral (insurance) scope.,https://www.mj.gov.tl/jornal/public/docs/2002_2005/leis_parlamento_nacional/6_2005.pdf,0.9,"instrument-level NEW: no law match in cell; Not automated. The result for this indicator may come from a source other than the legal dataset. Check it outside the tool. Reason: outside the automated scope.; English title (machine-rendered, not official): Law on Licensing, Supervision and Regulation of Insurance Companies and Insurance Intermediaries",Portuguese
Timor-Leste,"Lei de Regime de Licenciamento, Supervisão e Regulação de Companhias de Seguros e de Intermediários de Seguros",,,3.3,Art. 41(2),NEW,"CAPÍTULO VIII, Art. 41, p.36",O administrador executivo deve ser residente em Timor-Leste.,Residency requirement for executive director of insurance companies/intermediaries meets 3.3 criteria.,https://www.mj.gov.tl/jornal/public/docs/2002_2005/leis_parlamento_nacional/6_2005.pdf,0.9,"instrument-level NEW: no law match in cell; Not automated. The result for this indicator may come from a source other than the legal dataset. Check it outside the tool. Reason: outside the automated scope.; English title (machine-rendered, not official): Law on Licensing, Supervision and Regulation of Insurance Companies and Insurance Intermediaries",Portuguese
Timor-Leste,"Aprova, para adesão, o Acordo-Quadro da ASEAN sobre Serviços e respetivos Protocolos e o Acordo da ASEAN sobre Comércio de Serviços",45/2025,,3.3,Art. 10(1),NEW,"SECÇÃO II, Art. 10, p.84",Um Estado Membro pode exigir que a maioria dos membros do conselho de administração de uma pessoa coletiva desse Estado Membro seja de uma determinada nacionalidade ou resida no território do Esta,Explicit nationality/residency requirement for majority of board of directors triggers 3.3 =1 branch.,https://www.mj.gov.tl/jornal/public/docs/2025/serie_1/SERIE_I_NO_42_A4.pdf,0.85,"instrument-level NEW: no law match in cell; Not automated. The result for this indicator may come from a source other than the legal dataset. Check it outside the tool. Reason: outside the automated scope.; English title (machine-rendered, not official): Approval for Adhesion to the ASEAN Framework Agreement on Services and its Protocols and the ASEAN Agreement on Trade in Services; CITATION CAVEAT: the source file is a gazette issue containing 2 separate acts, and the upstream extraction records one title for the whole file rather than one per act. The article, quoted text and URL are verified. This provision is in the first act of the issue, which is normally the act the file's title names — so the Law Name is probably right, but that ordering is an inference we have not confirmed against the source",Portuguese
Timor-Leste,"Aprova, para adesão, o Acordo Global de Investimento da ASEAN e respetivos Protocolos",51/2025,,3.3,Art. 8(2),NEW,"SECÇÃO A, Art. 8, p.67",Um Estado Membro pode exigir que a maioria dos membros do conselho de administração de uma pessoa colectiva desse Estado Membro seja de uma determinada nacionalidade ou resida no território do Estado Membro,"Allows nationality/residency requirement for majority of board of directors, matching 3.3 definition directly.",https://www.mj.gov.tl/jornal/public/docs/2025/serie_1/SERIE_I_NO_45.pdf,0.9,"instrument-level NEW: no law match in cell; Not automated. The result for this indicator may come from a source other than the legal dataset. Check it outside the tool. Reason: outside the automated scope.; English title (machine-rendered, not official): Approves for Adhesion the ASEAN Comprehensive Investment Agreement and its Protocols",Portuguese
Timor-Leste,"Lei de Regime de Licenciamento, Supervisão e Regulação de Companhias de Seguros e de Intermediários de Seguros",,,3.5,Art. 10(1),NEW,"CAPÍTULO III, Art. 10, p.13",constituídas fora de Timor-Leste podem exercer a actividade de seguros em Timor-Leste por intermédio de sucursal devidamente licenciada pela ABP.,"Foreign insurers must establish a locally licensed branch (commercial presence) to conduct insurance business in Timor-Leste, satisfying the 3.5 test for Mode 3 commercial presence requirement in a digital-trade-relevant sector.",https://www.mj.gov.tl/jornal/public/docs/2002_2005/leis_parlamento_nacional/6_2005.pdf,0.85,"instrument-level NEW: no law match in cell; Not automated. The result for this indicator may come from a source other than the legal dataset. Check it outside the tool. Reason: outside the automated scope.; English title (machine-rendered, not official): Law on Licensing, Supervision and Regulation of Insurance Companies and Insurance Intermediaries",Portuguese
Timor-Leste,Regime Transitório Subsídio Extraordinário aos Servidores do Estado (SESE),4/2007,,3.5,Art. 7(1),NEW,"Capítulo II, Art. 7, p.7",Os requerentes à emissão de uma licença para a abertura de uma sucursal de uma companhia de seguros estrangeira devem fornecer a seguinte informação adicional,Requires foreign insurers to establish a licensed branch (commercial presence) in Timor-Leste as a condition to operate; sectoral (insurance) commercial presence requirement.,https://www.mj.gov.tl/jornal/public/docs/2007/serie_1/serie1_no24.pdf,0.85,"instrument-level NEW: no law match in cell; Not automated. The result for this indicator may come from a source other than the legal dataset. Check it outside the tool. Reason: outside the automated scope.; English title (machine-rendered, not official): Transitional Extraordinary Subsidy Regime for State Servants (SESE); CITATION CAVEAT: the source file is a gazette issue containing 2 separate acts, and the upstream extraction records one title for the whole file rather than one per act. The article, quoted text and URL are verified. This provision is in act 2 of 2, so the Law Name most likely belongs to a different act in the same issue and must be confirmed against the source before this row is relied on",Portuguese
Timor-Leste,Regime Transitório Subsídio Extraordinário aos Servidores do Estado (SESE),4/2007,,3.5,Art. 4(1),NEW,"Capítulo I, Art. 4, p.11",Os requerentes à emissão de uma licença para a abertura de uma sucursal de um intermediário de seguros estrangeiro devem fornecer a seguinte informação adicional,"Requires foreign insurance intermediaries to establish a local branch (sucursal) as condition to operate in Timor-Leste, a commercial presence requirement in the insurance sector.",https://www.mj.gov.tl/jornal/public/docs/2007/serie_1/serie1_no24.pdf,0.85,"instrument-level NEW: no law match in cell; Not automated. The result for this indicator may come from a source other than the legal dataset. Check it outside the tool. Reason: outside the automated scope.; English title (machine-rendered, not official): Transitional Extraordinary Subsidy Regime for State Servants (SESE); CITATION CAVEAT: the source file is a gazette issue containing 2 separate acts, and the upstream extraction records one title for the whole file rather than one per act. The article, quoted text and URL are verified. This provision is in act 2 of 2, so the Law Name most likely belongs to a different act in the same issue and must be confirmed against the source before this row is relied on",Portuguese
Timor-Leste,"Cria a Autoridade de Turismo de Timor-Leste, I.P., e aprova os seus Estatutos",37/2023,,3.5,Art. 14(1),NEW,"CAPÍTULO II, Secção I, Art. 14, p.231",As sociedades com sede estatutária e administração principal no estrangeiro que exerçam atividade permanente em TimorLeste estão sujeitas às seguintes obrigações de registo,"Horizontal company-law rule requiring foreign companies to establish and register a permanent representation, branch, agency or other physical/operational presence to carry on permanent activity in Timor-Leste; this is a commercial presence requirement (Guide p.27).",https://www.mj.gov.tl/jornal/public/docs/2023/serie_1/SERIE I N. 20 NORMAL.pdf,0.75,"instrument-level NEW: no law match in cell; Not automated. The result for this indicator may come from a source other than the legal dataset. Check it outside the tool. Reason: outside the automated scope.; English title (machine-rendered, not official): Second Amendment to Government Decree No. 2/2015, of January 14, Approving Academic Grants, Leadership Bonuses and Extraordinary Complements for Teaching Staff of the National University of Timor-Lorosa'e - UNTL; CITATION CAVEAT: the source file is a gazette issue containing 22 separate acts, and the upstream extraction records one title for the whole file rather than one per act. The article, quoted text and URL are verified. This provision is in act 15 of 22, so the Law Name most likely belongs to a different act in the same issue and must be confirmed against the source before this row is relied on",Portuguese
Timor-Leste,Instituto de Petróleo e Geologia - Instituto Público (IPG),35/2012,,3.5,Art. 26(1),NEW,"TÍTULO III, CAPÍTULO III, Secção II, Art. 26, p.20","Para o registo da criação de representação permanente de sociedade comercial com sede no estrangeiro, é necessária a apresentação dos seguintes documentos","Requires foreign commercial companies to establish a permanent representation/establishment in Timor-Leste with a local representative and location, i.e. a commercial presence requirement, not mere registration.",https://www.mj.gov.tl/jornal/public/docs/2012/serie_1/serie1_no25a.pdf,0.75,"instrument-level NEW: no law match in cell; Not automated. The result for this indicator may come from a source other than the legal dataset. Check it outside the tool. Reason: outside the automated scope.; English title (machine-rendered, not official): Control of Imports and Exports of Substances that Deplete the Ozone Layer; CITATION CAVEAT: the source file is a gazette issue containing 4 separate acts, and the upstream extraction records one title for the whole file rather than one per act. The article, quoted text and URL are verified. This provision is in act 3 of 4, so the Law Name most likely belongs to a different act in the same issue and must be confirmed against the source before this row is relied on",Portuguese
Timor-Leste,Sobre a Regulamentação do Sector das Telecomunicações,15/2012,,3.5,Art. 30(4),NEW,"CAPÍTULO V, Art. 30, p.20","Não for uma pessoa colectiva constituída em TimorLeste, ou uma entidade à qual tenha sido concedida uma licença de espectro de radiofrequência, ainda que se encontre em processo de constituição ao abrigo da lei de Timor-Leste",Registration for telecom operation requires being a locally constituted legal entity - a commercial presence requirement in telecom sector.,https://www.mj.gov.tl/jornal/public/docs/2012/serie_1/serie1_no12.pdf,0.75,"instrument-level NEW: no law match in cell; Not automated. The result for this indicator may come from a source other than the legal dataset. Check it outside the tool. Reason: outside the automated scope.; English title (machine-rendered, not official): Approves the Settlement Agreement Between the State and Timor Telecom; CITATION CAVEAT: the source file is a gazette issue containing 11 separate acts, and the upstream extraction records one title for the whole file rather than one per act. The article, quoted text and URL are verified. This provision is in act 10 of 11, so the Law Name most likely belongs to a different act in the same issue and must be confirmed against the source before this row is relied on",Portuguese
Timor-Leste,Sobre a Regulamentação do Sector das Telecomunicações,15/2012,,5.1,Art. 71(4),NEW,"CAPÍTULO XV, Art. 71, p.37",As aprovações para utilização de terrenos para instalação de sítios da rede móvel dependem da disponibilização aos demais operadores móveis registados de uma oferta de partilha de sítes,Mandatory passive infrastructure (site) sharing obligation imposed as condition for land-use approval -> mandated sharing scores 0 (lack-of indicator).,https://www.mj.gov.tl/jornal/public/docs/2012/serie_1/serie1_no12.pdf,0.85,"instrument-level NEW: no law match in cell; Not automated. The result for this indicator may come from a source other than the legal dataset. Check it outside the tool. Reason: outside the automated scope.; English title (machine-rendered, not official): Approves the Settlement Agreement Between the State and Timor Telecom; CITATION CAVEAT: the source file is a gazette issue containing 11 separate acts, and the upstream extraction records one title for the whole file rather than one per act. The article, quoted text and URL are verified. This provision is in act 10 of 11, so the Law Name most likely belongs to a different act in the same issue and must be confirmed against the source before this row is relied on",Portuguese
Timor-Leste,Sobre a Regulamentação do Sector das Telecomunicações,15/2012,,5.1,Art. 40(11),NEW,"CAPÍTULO VIII, Art. 40, p.26","um operador proprietário e/ou que pretenda instalar um novo sítio, tem o direito de exigir, como contrapartida de um pedido de partilha apresentado por outro operador, que este último disponibilize para a partilha um número substancial dos seus sítios já construídos ou a construir","Provision establishes a mandated site-sharing (passive infrastructure sharing) regime with reciprocal obligations, indicating mandatory sharing, so scores 0 per inverted 'Lack of' scale.",https://www.mj.gov.tl/jornal/public/docs/2012/serie_1/serie1_no12.pdf,0.75,"instrument-level NEW: no law match in cell; Not automated. The result for this indicator may come from a source other than the legal dataset. Check it outside the tool. Reason: outside the automated scope.; English title (machine-rendered, not official): Approves the Settlement Agreement Between the State and Timor Telecom; CITATION CAVEAT: the source file is a gazette issue containing 11 separate acts, and the upstream extraction records one title for the whole file rather than one per act. The article, quoted text and URL are verified. This provision is in act 10 of 11, so the Law Name most likely belongs to a different act in the same issue and must be confirmed against the source before this row is relied on",Portuguese
Timor-Leste,Sobre a Regulamentação do Sector das Telecomunicações,15/2012,,5.4,Art. 37(1),NEW,"CAPÍTULO VII, Art. 37, p.24",A Autoridade pode exigir que um operador contabilize separadamente as suas receitas e custos com a prestação de serviços de telecomunicações nos mercados em que tenha sido considerado detentor de poder de mercado significativo,"Only accounting separation is mandated for SMP operators; no functional separation requirement is mentioned in this provision, matching the 'only accounting separation' branch.",https://www.mj.gov.tl/jornal/public/docs/2012/serie_1/serie1_no12.pdf,0.8,"instrument-level NEW: no law match in cell; Not automated. The result for this indicator may come from a source other than the legal dataset. Check it outside the tool. Reason: outside the automated scope.; English title (machine-rendered, not official): Approves the Settlement Agreement Between the State and Timor Telecom; CITATION CAVEAT: the source file is a gazette issue containing 11 separate acts, and the upstream extraction records one title for the whole file rather than one per act. The article, quoted text and URL are verified. This provision is in act 10 of 11, so the Law Name most likely belongs to a different act in the same issue and must be confirmed against the source before this row is relied on",Portuguese
Timor-Leste,Sobre a Regulamentação do Sector das Telecomunicações,15/2012,,5.7,Art. 17(1),NEW,"CAPÍTULO II, Art. 17, p.15","A Autoridade desempenha as suas competências ao abrigo do presente Decreto-Lei, de uma forma independente e separada de qualquer pessoa, incluindo: a) Qualquer operador; e b) Qualquer pessoa com um interesse financeiro ou outro, directo ou indirecto, em qualquer operador, incluindo o Governo.","Establishes an independent telecom authority separate from operators and government interests, satisfying the 'independent regulator exists' branch, scoring 0 (framework present).",https://www.mj.gov.tl/jornal/public/docs/2012/serie_1/serie1_no12.pdf,0.9,"instrument-level NEW: no law match in cell; Not automated. The result for this indicator may come from a source other than the legal dataset. Check it outside the tool. Reason: outside the automated scope.; English title (machine-rendered, not official): Approves the Settlement Agreement Between the State and Timor Telecom; CITATION CAVEAT: the source file is a gazette issue containing 11 separate acts, and the upstream extraction records one title for the whole file rather than one per act. The article, quoted text and URL are verified. This provision is in act 10 of 11, so the Law Name most likely belongs to a different act in the same issue and must be confirmed against the source before this row is relied on",Portuguese
Timor-Leste,"Aprova, para adesão, o Acordo-Quadro da ASEAN sobre Serviços e respetivos Protocolos e o Acordo da ASEAN sobre Comércio de Serviços",45/2025,,5.7,Art. 19(4),NEW,"SECÇÃO VI, Art. 19, p.143",O organismo regulador é independente e não presta contas a qualquer fornecedor de serviços básicos de telecomunicações.,"Provision establishes independent telecom regulator, so 'lack of independent regulator' indicator scores 0.",https://www.mj.gov.tl/jornal/public/docs/2025/serie_1/SERIE_I_NO_42_A4.pdf,0.85,"instrument-level NEW: no law match in cell; Not automated. The result for this indicator may come from a source other than the legal dataset. Check it outside the tool. Reason: outside the automated scope.; English title (machine-rendered, not official): Approval for Adhesion to the ASEAN Framework Agreement on Services and its Protocols and the ASEAN Agreement on Trade in Services; CITATION CAVEAT: the source file is a gazette issue containing 2 separate acts, and the upstream extraction records one title for the whole file rather than one per act. The article, quoted text and URL are verified. This provision is in the first act of the issue, which is normally the act the file's title names — so the Law Name is probably right, but that ordering is an inference we have not confirmed against the source",Portuguese
Timor-Leste,"Aprova, para adesão, o Acordo-Quadro da ASEAN sobre Serviços e respetivos Protocolos e o Acordo da ASEAN sobre Comércio de Serviços",45/2025,,5.7,Art. 11(2),NEW,"SECÇÃO VI, Art. 11, p.104",Cada Estado Membro garantirá que o seu organismo regulador das telecomunicações seja independente e não responsável perante qualquer fornecedor de serviços públicos de telecomunicações.,Requires independent telecom regulator not accountable to service providers - presence of independent authority scores 0 (inverted lack indicator).,https://www.mj.gov.tl/jornal/public/docs/2025/serie_1/SERIE_I_NO_42_A4.pdf,0.85,"instrument-level NEW: no law match in cell; Not automated. The result for this indicator may come from a source other than the legal dataset. Check it outside the tool. Reason: outside the automated scope.; English title (machine-rendered, not official): Approval for Adhesion to the ASEAN Framework Agreement on Services and its Protocols and the ASEAN Agreement on Trade in Services; CITATION CAVEAT: the source file is a gazette issue containing 2 separate acts, and the upstream extraction records one title for the whole file rather than one per act. The article, quoted text and URL are verified. This provision is in the first act of the issue, which is normally the act the file's title names — so the Law Name is probably right, but that ordering is an inference we have not confirmed against the source",Portuguese
Timor-Leste,Sobre a Regulamentação do Sector das Telecomunicações,15/2012,,5.7,Art. 4(2),NEW,"CAPÍTULO II, Art. 4, p.10","A Autoridade é um instituto público com personalidade jurídica, dotado de autonomia administrativa e financeira, de um orçamento e património próprios, que tem por objecto exercer as funções de entidade reguladora do sector das telecomunicações.","Establishes an independent telecom regulator with legal personality, administrative/financial autonomy -> independent authority exists, so score 0 (framework present).",https://www.mj.gov.tl/jornal/public/docs/2012/serie_1/serie1_no12.pdf,0.85,"instrument-level NEW: no law match in cell; Not automated. The result for this indicator may come from a source other than the legal dataset. Check it outside the tool. Reason: outside the automated scope.; English title (machine-rendered, not official): Approves the Settlement Agreement Between the State and Timor Telecom; CITATION CAVEAT: the source file is a gazette issue containing 11 separate acts, and the upstream extraction records one title for the whole file rather than one per act. The article, quoted text and URL are verified. This provision is in act 10 of 11, so the Law Name most likely belongs to a different act in the same issue and must be confirmed against the source before this row is relied on",Portuguese
Timor-Leste,Orgânica do Ministério dos Transportes e Comunicações,,,5.7,Art. 28(1),NEW,"CAPÍTULO II, Secção IV, Art. 28, p.13","Autoridade Nacional de Comunicações I.P., abreviadamente designada por ANC, é um Instituto Público com personalidade jurídica, dotado de autonomia administrativa e financeira, de um orçamento e património próprios, que visa exercer as funções de entidade reguladora do sector das telecomunicações","Establishes ANC as independent public institute with own legal personality, administrative/financial autonomy as telecom regulator - independent telecom authority exists, so score 0 (framework present).",https://www.mj.gov.tl/jornal/public/docs/2023/serie_1/SERIE_I_NO_34_D.pdf,0.75,"instrument-level NEW: no law match in cell; Not automated. The result for this indicator may come from a source other than the legal dataset. Check it outside the tool. Reason: outside the automated scope.; English title (machine-rendered, not official): Organic Law of the Ministry of Transport and Communications",Portuguese
Timor-Leste,Or gâ n i ca do Mi n i st ér i o dos T r a n spor t es e Comunicações,,,5.7,Art. 28(1),NEW,"CAPÍTULO II, Secção III, Art. 28, p.12","Autoridade Nacional de Comunicações I.P., abreviadamente designada pot ANC, é um Instituto Público com personalidade jurídica, dotado de autonomia administrativa e financeira, de um orçamento e património próprios, que tem por objeto exercer as funções de entidade reguladora do sector das telecomunicações.","Establishes ANC as an independent public institute with administrative/financial autonomy and its own budget as telecom sector regulator, evidencing an independent telecom authority; framework present so score 0 for 'lack of' indicator.",https://www.mj.gov.tl/jornal/public/docs/2019/serie_1/SERIE_I_NO_13.pdf,0.75,"instrument-level NEW: no law match in cell; Not automated. The result for this indicator may come from a source other than the legal dataset. Check it outside the tool. Reason: outside the automated scope.; English title (machine-rendered, not official): Organic Law of the Ministry of Transport and Communications; CITATION CAVEAT: the source file is a gazette issue containing 3 separate acts, and the upstream extraction records one title for the whole file rather than one per act. The article, quoted text and URL are verified. Which act this provision belongs to was not recorded, so the Law Name cannot be checked against it at all; confirm against the source before relying on this row",Portuguese
Timor-Leste,Sobre a Regulamentação do Sector das Telecomunicações,15/2012,,5.7,Art. 7(4),NEW,"CAPÍTULO II, Art. 7, p.11","Tenha, ou tiver tido nos últimos dois anos, qualquer interesse financeiro ou outro, directo ou indirecto, em qualquer operador de telecomunicações","Provision establishes independence safeguards (conflict-of-interest bars, no financial ties to operators, no government employment) for the telecom regulator's board, evidencing an independent telecom authority exists.",https://www.mj.gov.tl/jornal/public/docs/2012/serie_1/serie1_no12.pdf,0.75,"instrument-level NEW: no law match in cell; Not automated. The result for this indicator may come from a source other than the legal dataset. Check it outside the tool. Reason: outside the automated scope.; English title (machine-rendered, not official): Approves the Settlement Agreement Between the State and Timor Telecom; CITATION CAVEAT: the source file is a gazette issue containing 11 separate acts, and the upstream extraction records one title for the whole file rather than one per act. The article, quoted text and URL are verified. This provision is in act 10 of 11, so the Law Name most likely belongs to a different act in the same issue and must be confirmed against the source before this row is relied on",Portuguese
Timor-Leste,Regulamenta a prestação de serviços de telecomunicações na rede móvel,9/2008,,8.3,Art. 4(2),NEW,"Capítulo III, Art. 4, p.5","O contrato a celebrar com pessoas singulares, deve identificar o utilizador, mediante a apresentação de um documento actualizado, com fotografia aposta",Mandatory identification of subscriber (individual or corporate) before mobile telecom contract/SIM registration; sectoral SIM registration requirement scores 0.5 per Guide p.67.,https://www.mj.gov.tl/jornal/public/docs/2008/serie_1/serie1_no14.pdf,0.75,"instrument-level NEW: no law match in cell; Not automated. The result for this indicator may come from a source other than the legal dataset. Check it outside the tool. Reason: outside the automated scope.; English title (machine-rendered, not official): Regulation of Telecommunications Services in the Mobile Network; CITATION CAVEAT: the source file is a gazette issue containing 4 separate acts, and the upstream extraction records one title for the whole file rather than one per act. The article, quoted text and URL are verified. Which act this provision belongs to was not recorded, so the Law Name cannot be checked against it at all; confirm against the source before relying on this row",Portuguese
Timor-Leste,Aprova o Regime Jurídico das Pensões de Invalidez e Velhice no Âmbito do Regime Contributivo de Segurança Social,27/2017,,8.4,Art. 5,NEW,"Título de identificação de residente, Capítulo VI do PANC., Secção III, p.157",estabelecer processos eficazes para a monitorização e remoção de comentários publicados em menos de 24 horas,Duty on media/online outlets to monitor and remove user comments within 24h imposes both monitoring and removal obligations; sectoral (digital media outlets only).,https://www.mj.gov.tl/jornal/public/docs/2017/serie_1/SERIE_I_NO_20.pdf,0.75,"instrument-level NEW: no law match in cell; Not automated. The result for this indicator may come from a source other than the legal dataset. Check it outside the tool. Reason: outside the automated scope.; English title (machine-rendered, not official): Approval of the Legal Framework for Disability and Old Age Pensions within the Contributory Social Security System; CITATION CAVEAT: the source file is a gazette issue containing 10 separate acts, and the upstream extraction records one title for the whole file rather than one per act. The article, quoted text and URL are verified. This provision is in act 10 of 10, so the Law Name most likely belongs to a different act in the same issue and must be confirmed against the source before this row is relied on",Portuguese
Timor-Leste,Timor-Leste — no governing instrument identified,,,1.4,n/a,,,No provision found,No qualifying measure identified in the corpus for this indicator,"n/a — 2,879 Timor-Leste instruments from www.mj.gov.tl searched, none governing this indicator",,"no-provision row: no qualifying measure found; no 2025 baseline row exists for this economy and indicator; Discovery Tag left blank because the row is neither a discovery nor a baseline reproduction; no governing instrument is named because none was identified: naming the economy's largest statute would assert a legal relationship we did not find; Language of Source is the economy's language of legislation, not a per-document reading: this row cites no document; Not automated. The result for this indicator may come from a source other than the legal dataset. Check it outside the tool. Reason: outside the automated scope.",Portuguese
Timor-Leste,Timor-Leste — no governing instrument identified,,,10.1,n/a,,,No provision found,No qualifying measure identified in the corpus for this indicator,"n/a — 2,879 Timor-Leste instruments from www.mj.gov.tl searched, none governing this indicator",,"no-provision row: no qualifying measure found; no 2025 baseline row exists for this economy and indicator; Discovery Tag left blank because the row is neither a discovery nor a baseline reproduction; no governing instrument is named because none was identified: naming the economy's largest statute would assert a legal relationship we did not find; Language of Source is the economy's language of legislation, not a per-document reading: this row cites no document; Not automated. The result for this indicator may come from a source other than the legal dataset. Check it outside the tool. Reason: outside the automated scope.",Portuguese
Timor-Leste,Timor-Leste — no governing instrument identified,,,10.2,n/a,,,No provision found,No qualifying measure identified in the corpus for this indicator,"n/a — 2,879 Timor-Leste instruments from www.mj.gov.tl searched, none governing this indicator",,"no-provision row: no qualifying measure found; no 2025 baseline row exists for this economy and indicator; Discovery Tag left blank because the row is neither a discovery nor a baseline reproduction; no governing instrument is named because none was identified: naming the economy's largest statute would assert a legal relationship we did not find; Language of Source is the economy's language of legislation, not a per-document reading: this row cites no document; Not automated. The result for this indicator may come from a source other than the legal dataset. Check it outside the tool. Reason: outside the automated scope.",Portuguese
Timor-Leste,Timor-Leste — no governing instrument identified,,,10.3,n/a,,,No provision found,No qualifying measure identified in the corpus for this indicator,"n/a — 2,879 Timor-Leste instruments from www.mj.gov.tl searched, none governing this indicator",,"no-provision row: no qualifying measure found; no 2025 baseline row exists for this economy and indicator; Discovery Tag left blank because the row is neither a discovery nor a baseline reproduction; no governing instrument is named because none was identified: naming the economy's largest statute would assert a legal relationship we did not find; Language of Source is the economy's language of legislation, not a per-document reading: this row cites no document; Not automated. The result for this indicator may come from a source other than the legal dataset. Check it outside the tool. Reason: outside the automated scope.",Portuguese
Timor-Leste,Timor-Leste — no governing instrument identified,,,10.4,n/a,,,No provision found,No qualifying measure identified in the corpus for this indicator,"n/a — 2,879 Timor-Leste instruments from www.mj.gov.tl searched, none governing this indicator",,"no-provision row: no qualifying measure found; no 2025 baseline row exists for this economy and indicator; Discovery Tag left blank because the row is neither a discovery nor a baseline reproduction; no governing instrument is named because none was identified: naming the economy's largest statute would assert a legal relationship we did not find; Language of Source is the economy's language of legislation, not a per-document reading: this row cites no document; Not automated. The result for this indicator may come from a source other than the legal dataset. Check it outside the tool. Reason: outside the automated scope.",Portuguese
Timor-Leste,Timor-Leste — no governing instrument identified,,,11.1,n/a,,,No provision found,No qualifying measure identified in the corpus for this indicator,"n/a — 2,879 Timor-Leste instruments from www.mj.gov.tl searched, none governing this indicator",,"no-provision row: no qualifying measure found; no 2025 baseline row exists for this economy and indicator; Discovery Tag left blank because the row is neither a discovery nor a baseline reproduction; no governing instrument is named because none was identified: naming the economy's largest statute would assert a legal relationship we did not find; Language of Source is the economy's language of legislation, not a per-document reading: this row cites no document; Not automated. The result for this indicator may come from a source other than the legal dataset. Check it outside the tool. Reason: outside the automated scope.",Portuguese
Timor-Leste,Timor-Leste — no governing instrument identified,,,11.2,n/a,,,No provision found,No qualifying measure identified in the corpus for this indicator,"n/a — 2,879 Timor-Leste instruments from www.mj.gov.tl searched, none governing this indicator",,"no-provision row: no qualifying measure found; no 2025 baseline row exists for this economy and indicator; Discovery Tag left blank because the row is neither a discovery nor a baseline reproduction; no governing instrument is named because none was identified: naming the economy's largest statute would assert a legal relationship we did not find; Language of Source is the economy's language of legislation, not a per-document reading: this row cites no document; Not automated. The result for this indicator may come from a source other than the legal dataset. Check it outside the tool. Reason: outside the automated scope.",Portuguese
Timor-Leste,Timor-Leste — no governing instrument identified,,,11.3,n/a,,,No provision found,No qualifying measure identified in the corpus for this indicator,"n/a — 2,879 Timor-Leste instruments from www.mj.gov.tl searched, none governing this indicator",,"no-provision row: no qualifying measure found; no 2025 baseline row exists for this economy and indicator; Discovery Tag left blank because the row is neither a discovery nor a baseline reproduction; no governing instrument is named because none was identified: naming the economy's largest statute would assert a legal relationship we did not find; Language of Source is the economy's language of legislation, not a per-document reading: this row cites no document; Not automated. The result for this indicator may come from a source other than the legal dataset. Check it outside the tool. Reason: outside the automated scope.",Portuguese
Timor-Leste,Timor-Leste — no governing instrument identified,,,11.4,n/a,,,No provision found,No qualifying measure identified in the corpus for this indicator,"n/a — 2,879 Timor-Leste instruments from www.mj.gov.tl searched, none governing this indicator",,"no-provision row: no qualifying measure found; no 2025 baseline row exists for this economy and indicator; Discovery Tag left blank because the row is neither a discovery nor a baseline reproduction; no governing instrument is named because none was identified: naming the economy's largest statute would assert a legal relationship we did not find; Language of Source is the economy's language of legislation, not a per-document reading: this row cites no document; Not automated. The result for this indicator may come from a source other than the legal dataset. Check it outside the tool. Reason: outside the automated scope.",Portuguese
Timor-Leste,Timor-Leste — no governing instrument identified,,,12.01,n/a,,,No provision found,No qualifying measure identified in the corpus for this indicator,"n/a — 2,879 Timor-Leste instruments from www.mj.gov.tl searched, none governing this indicator",,"no-provision row: no qualifying measure found; no 2025 baseline row exists for this economy and indicator; Discovery Tag left blank because the row is neither a discovery nor a baseline reproduction; no governing instrument is named because none was identified: naming the economy's largest statute would assert a legal relationship we did not find; Language of Source is the economy's language of legislation, not a per-document reading: this row cites no document; Not automated. The result for this indicator may come from a source other than the legal dataset. Check it outside the tool. Reason: outside the automated scope.",Portuguese
Timor-Leste,Timor-Leste — no governing instrument identified,,,12.2,n/a,,,No provision found,No qualifying measure identified in the corpus for this indicator,"n/a — 2,879 Timor-Leste instruments from www.mj.gov.tl searched, none governing this indicator",,"no-provision row: no qualifying measure found; no 2025 baseline row exists for this economy and indicator; Discovery Tag left blank because the row is neither a discovery nor a baseline reproduction; no governing instrument is named because none was identified: naming the economy's largest statute would assert a legal relationship we did not find; Language of Source is the economy's language of legislation, not a per-document reading: this row cites no document; Not automated. The result for this indicator may come from a source other than the legal dataset. Check it outside the tool. Reason: outside the automated scope.",Portuguese
Timor-Leste,Timor-Leste — no governing instrument identified,,,12.3,n/a,,,No provision found,No qualifying measure identified in the corpus for this indicator,"n/a — 2,879 Timor-Leste instruments from www.mj.gov.tl searched, none governing this indicator",,"no-provision row: no qualifying measure found; no 2025 baseline row exists for this economy and indicator; Discovery Tag left blank because the row is neither a discovery nor a baseline reproduction; no governing instrument is named because none was identified: naming the economy's largest statute would assert a legal relationship we did not find; Language of Source is the economy's language of legislation, not a per-document reading: this row cites no document; Not automated. The result for this indicator may come from a source other than the legal dataset. Check it outside the tool. Reason: outside the automated scope.",Portuguese
Timor-Leste,Timor-Leste — no governing instrument identified,,,12.4.1,n/a,,,No provision found,No qualifying measure identified in the corpus for this indicator,"n/a — 2,879 Timor-Leste instruments from www.mj.gov.tl searched, none governing this indicator",,"no-provision row: no qualifying measure found; no 2025 baseline row exists for this economy and indicator; Discovery Tag left blank because the row is neither a discovery nor a baseline reproduction; no governing instrument is named because none was identified: naming the economy's largest statute would assert a legal relationship we did not find; Language of Source is the economy's language of legislation, not a per-document reading: this row cites no document; Not automated. The result for this indicator may come from a source other than the legal dataset. Check it outside the tool. Reason: outside the automated scope.",Portuguese
Timor-Leste,Timor-Leste — no governing instrument identified,,,12.4.2,n/a,,,No provision found,No qualifying measure identified in the corpus for this indicator,"n/a — 2,879 Timor-Leste instruments from www.mj.gov.tl searched, none governing this indicator",,"no-provision row: no qualifying measure found; no 2025 baseline row exists for this economy and indicator; Discovery Tag left blank because the row is neither a discovery nor a baseline reproduction; no governing instrument is named because none was identified: naming the economy's largest statute would assert a legal relationship we did not find; Language of Source is the economy's language of legislation, not a per-document reading: this row cites no document; Not automated. The result for this indicator may come from a source other than the legal dataset. Check it outside the tool. Reason: outside the automated scope.",Portuguese
Timor-Leste,Timor-Leste — no governing instrument identified,,,12.4.3,n/a,,,No provision found,No qualifying measure identified in the corpus for this indicator,"n/a — 2,879 Timor-Leste instruments from www.mj.gov.tl searched, none governing this indicator",,"no-provision row: no qualifying measure found; no 2025 baseline row exists for this economy and indicator; Discovery Tag left blank because the row is neither a discovery nor a baseline reproduction; no governing instrument is named because none was identified: naming the economy's largest statute would assert a legal relationship we did not find; Language of Source is the economy's language of legislation, not a per-document reading: this row cites no document; Not automated. The result for this indicator may come from a source other than the legal dataset. Check it outside the tool. Reason: outside the automated scope.",Portuguese
Timor-Leste,Timor-Leste — no governing instrument identified,,,12.4.5,n/a,,,No provision found,No qualifying measure identified in the corpus for this indicator,"n/a — 2,879 Timor-Leste instruments from www.mj.gov.tl searched, none governing this indicator",,"no-provision row: no qualifying measure found; no 2025 baseline row exists for this economy and indicator; Discovery Tag left blank because the row is neither a discovery nor a baseline reproduction; no governing instrument is named because none was identified: naming the economy's largest statute would assert a legal relationship we did not find; Language of Source is the economy's language of legislation, not a per-document reading: this row cites no document; Not automated. The result for this indicator may come from a source other than the legal dataset. Check it outside the tool. Reason: outside the automated scope.",Portuguese
Timor-Leste,Timor-Leste — no governing instrument identified,,,12.4.6,n/a,,,No provision found,No qualifying measure identified in the corpus for this indicator,"n/a — 2,879 Timor-Leste instruments from www.mj.gov.tl searched, none governing this indicator",,"no-provision row: no qualifying measure found; no 2025 baseline row exists for this economy and indicator; Discovery Tag left blank because the row is neither a discovery nor a baseline reproduction; no governing instrument is named because none was identified: naming the economy's largest statute would assert a legal relationship we did not find; Language of Source is the economy's language of legislation, not a per-document reading: this row cites no document; Not automated. The result for this indicator may come from a source other than the legal dataset. Check it outside the tool. Reason: outside the automated scope.",Portuguese
Timor-Leste,Timor-Leste — no governing instrument identified,,,12.4.7,n/a,,,No provision found,No qualifying measure identified in the corpus for this indicator,"n/a — 2,879 Timor-Leste instruments from www.mj.gov.tl searched, none governing this indicator",,"no-provision row: no qualifying measure found; no 2025 baseline row exists for this economy and indicator; Discovery Tag left blank because the row is neither a discovery nor a baseline reproduction; no governing instrument is named because none was identified: naming the economy's largest statute would assert a legal relationship we did not find; Language of Source is the economy's language of legislation, not a per-document reading: this row cites no document; Not automated. The result for this indicator may come from a source other than the legal dataset. Check it outside the tool. Reason: outside the automated scope.",Portuguese
Timor-Leste,Timor-Leste — no governing instrument identified,,,12.6,n/a,,,No provision found,No qualifying measure identified in the corpus for this indicator,"n/a — 2,879 Timor-Leste instruments from www.mj.gov.tl searched, none governing this indicator",,"no-provision row: no qualifying measure found; no 2025 baseline row exists for this economy and indicator; Discovery Tag left blank because the row is neither a discovery nor a baseline reproduction; no governing instrument is named because none was identified: naming the economy's largest statute would assert a legal relationship we did not find; Language of Source is the economy's language of legislation, not a per-document reading: this row cites no document; Not automated. The result for this indicator may come from a source other than the legal dataset. Check it outside the tool. Reason: outside the automated scope.",Portuguese
Timor-Leste,Timor-Leste — no governing instrument identified,,,12.7,n/a,,,No provision found,No qualifying measure identified in the corpus for this indicator,"n/a — 2,879 Timor-Leste instruments from www.mj.gov.tl searched, none governing this indicator",,"no-provision row: no qualifying measure found; no 2025 baseline row exists for this economy and indicator; Discovery Tag left blank because the row is neither a discovery nor a baseline reproduction; no governing instrument is named because none was identified: naming the economy's largest statute would assert a legal relationship we did not find; Language of Source is the economy's language of legislation, not a per-document reading: this row cites no document; Not automated. The result for this indicator may come from a source other than the legal dataset. Check it outside the tool. Reason: outside the automated scope.",Portuguese
Timor-Leste,Timor-Leste — no governing instrument identified,,,2.2,n/a,,,No provision found,No qualifying measure identified in the corpus for this indicator,"n/a — 2,879 Timor-Leste instruments from www.mj.gov.tl searched, none governing this indicator",,"no-provision row: no qualifying measure found; no 2025 baseline row exists for this economy and indicator; Discovery Tag left blank because the row is neither a discovery nor a baseline reproduction; no governing instrument is named because none was identified: naming the economy's largest statute would assert a legal relationship we did not find; Language of Source is the economy's language of legislation, not a per-document reading: this row cites no document; Not automated. The result for this indicator may come from a source other than the legal dataset. Check it outside the tool. Reason: outside the automated scope.",Portuguese
Timor-Leste,Timor-Leste — no governing instrument identified,,,3.1,n/a,,,No provision found,No qualifying measure identified in the corpus for this indicator,"n/a — 2,879 Timor-Leste instruments from www.mj.gov.tl searched, none governing this indicator",,"no-provision row: no qualifying measure found; no 2025 baseline row exists for this economy and indicator; Discovery Tag left blank because the row is neither a discovery nor a baseline reproduction; no governing instrument is named because none was identified: naming the economy's largest statute would assert a legal relationship we did not find; Language of Source is the economy's language of legislation, not a per-document reading: this row cites no document; Not automated. The result for this indicator may come from a source other than the legal dataset. Check it outside the tool. Reason: outside the automated scope.",Portuguese
Timor-Leste,Timor-Leste — no governing instrument identified,,,3.2,n/a,,,No provision found,No qualifying measure identified in the corpus for this indicator,"n/a — 2,879 Timor-Leste instruments from www.mj.gov.tl searched, none governing this indicator",,"no-provision row: no qualifying measure found; no 2025 baseline row exists for this economy and indicator; Discovery Tag left blank because the row is neither a discovery nor a baseline reproduction; no governing instrument is named because none was identified: naming the economy's largest statute would assert a legal relationship we did not find; Language of Source is the economy's language of legislation, not a per-document reading: this row cites no document; Not automated. The result for this indicator may come from a source other than the legal dataset. Check it outside the tool. Reason: outside the automated scope.",Portuguese
Timor-Leste,Timor-Leste — no governing instrument identified,,,3.4,n/a,,,No provision found,No qualifying measure identified in the corpus for this indicator,"n/a — 2,879 Timor-Leste instruments from www.mj.gov.tl searched, none governing this indicator",,"no-provision row: no qualifying measure found; no 2025 baseline row exists for this economy and indicator; Discovery Tag left blank because the row is neither a discovery nor a baseline reproduction; no governing instrument is named because none was identified: naming the economy's largest statute would assert a legal relationship we did not find; Language of Source is the economy's language of legislation, not a per-document reading: this row cites no document; Not automated. The result for this indicator may come from a source other than the legal dataset. Check it outside the tool. Reason: practice or external evidence.",Portuguese
Timor-Leste,Timor-Leste — no governing instrument identified,,,4.01,n/a,,,No provision found,No qualifying measure identified in the corpus for this indicator,"n/a — 2,879 Timor-Leste instruments from www.mj.gov.tl searched, none governing this indicator",,"no-provision row: no qualifying measure found; no 2025 baseline row exists for this economy and indicator; Discovery Tag left blank because the row is neither a discovery nor a baseline reproduction; no governing instrument is named because none was identified: naming the economy's largest statute would assert a legal relationship we did not find; Language of Source is the economy's language of legislation, not a per-document reading: this row cites no document; Not automated. The result for this indicator may come from a source other than the legal dataset. Check it outside the tool. Reason: outside the automated scope.",Portuguese
Timor-Leste,Timor-Leste — no governing instrument identified,,,4.1,n/a,,,No provision found,No qualifying measure identified in the corpus for this indicator,"n/a — 2,879 Timor-Leste instruments from www.mj.gov.tl searched, none governing this indicator",,"no-provision row: no qualifying measure found; no 2025 baseline row exists for this economy and indicator; Discovery Tag left blank because the row is neither a discovery nor a baseline reproduction; no governing instrument is named because none was identified: naming the economy's largest statute would assert a legal relationship we did not find; Language of Source is the economy's language of legislation, not a per-document reading: this row cites no document; Not automated. The result for this indicator may come from a source other than the legal dataset. Check it outside the tool. Reason: outside the automated scope.",Portuguese
Timor-Leste,Timor-Leste — no governing instrument identified,,,4.2,n/a,,,No provision found,No qualifying measure identified in the corpus for this indicator,"n/a — 2,879 Timor-Leste instruments from www.mj.gov.tl searched, none governing this indicator",,"no-provision row: no qualifying measure found; no 2025 baseline row exists for this economy and indicator; Discovery Tag left blank because the row is neither a discovery nor a baseline reproduction; no governing instrument is named because none was identified: naming the economy's largest statute would assert a legal relationship we did not find; Language of Source is the economy's language of legislation, not a per-document reading: this row cites no document; Not automated. The result for this indicator may come from a source other than the legal dataset. Check it outside the tool. Reason: outside the automated scope.",Portuguese
Timor-Leste,Timor-Leste — no governing instrument identified,,,4.3,n/a,,,No provision found,No qualifying measure identified in the corpus for this indicator,"n/a — 2,879 Timor-Leste instruments from www.mj.gov.tl searched, none governing this indicator",,"no-provision row: no qualifying measure found; no 2025 baseline row exists for this economy and indicator; Discovery Tag left blank because the row is neither a discovery nor a baseline reproduction; no governing instrument is named because none was identified: naming the economy's largest statute would assert a legal relationship we did not find; Language of Source is the economy's language of legislation, not a per-document reading: this row cites no document; Not automated. The result for this indicator may come from a source other than the legal dataset. Check it outside the tool. Reason: outside the automated scope.",Portuguese
Timor-Leste,Timor-Leste — no governing instrument identified,,,4.5,n/a,,,No provision found,No qualifying measure identified in the corpus for this indicator,"n/a — 2,879 Timor-Leste instruments from www.mj.gov.tl searched, none governing this indicator",,"no-provision row: no qualifying measure found; no 2025 baseline row exists for this economy and indicator; Discovery Tag left blank because the row is neither a discovery nor a baseline reproduction; no governing instrument is named because none was identified: naming the economy's largest statute would assert a legal relationship we did not find; Language of Source is the economy's language of legislation, not a per-document reading: this row cites no document; Not automated. The result for this indicator may come from a source other than the legal dataset. Check it outside the tool. Reason: outside the automated scope.",Portuguese
Timor-Leste,Timor-Leste — no governing instrument identified,,,4.6,n/a,,,No provision found,No qualifying measure identified in the corpus for this indicator,"n/a — 2,879 Timor-Leste instruments from www.mj.gov.tl searched, none governing this indicator",,"no-provision row: no qualifying measure found; no 2025 baseline row exists for this economy and indicator; Discovery Tag left blank because the row is neither a discovery nor a baseline reproduction; no governing instrument is named because none was identified: naming the economy's largest statute would assert a legal relationship we did not find; Language of Source is the economy's language of legislation, not a per-document reading: this row cites no document; Not automated. The result for this indicator may come from a source other than the legal dataset. Check it outside the tool. Reason: outside the automated scope.",Portuguese
Timor-Leste,Timor-Leste — no governing instrument identified,,,4.9,n/a,,,No provision found,No qualifying measure identified in the corpus for this indicator,"n/a — 2,879 Timor-Leste instruments from www.mj.gov.tl searched, none governing this indicator",,"no-provision row: no qualifying measure found; no 2025 baseline row exists for this economy and indicator; Discovery Tag left blank because the row is neither a discovery nor a baseline reproduction; no governing instrument is named because none was identified: naming the economy's largest statute would assert a legal relationship we did not find; Language of Source is the economy's language of legislation, not a per-document reading: this row cites no document; Not automated. The result for this indicator may come from a source other than the legal dataset. Check it outside the tool. Reason: outside the automated scope.",Portuguese
Timor-Leste,Timor-Leste — no governing instrument identified,,,5.2,n/a,,,No provision found,No qualifying measure identified in the corpus for this indicator,"n/a — 2,879 Timor-Leste instruments from www.mj.gov.tl searched, none governing this indicator",,"no-provision row: no qualifying measure found; no 2025 baseline row exists for this economy and indicator; Discovery Tag left blank because the row is neither a discovery nor a baseline reproduction; no governing instrument is named because none was identified: naming the economy's largest statute would assert a legal relationship we did not find; Language of Source is the economy's language of legislation, not a per-document reading: this row cites no document; Not automated. The result for this indicator may come from a source other than the legal dataset. Check it outside the tool. Reason: outside the automated scope.",Portuguese
Timor-Leste,Timor-Leste — no governing instrument identified,,,5.3,n/a,,,No provision found,No qualifying measure identified in the corpus for this indicator,"n/a — 2,879 Timor-Leste instruments from www.mj.gov.tl searched, none governing this indicator",,"no-provision row: no qualifying measure found; no 2025 baseline row exists for this economy and indicator; Discovery Tag left blank because the row is neither a discovery nor a baseline reproduction; no governing instrument is named because none was identified: naming the economy's largest statute would assert a legal relationship we did not find; Language of Source is the economy's language of legislation, not a per-document reading: this row cites no document; Not automated. The result for this indicator may come from a source other than the legal dataset. Check it outside the tool. Reason: practice or external evidence.",Portuguese
Timor-Leste,Timor-Leste — no governing instrument identified,,,5.5,n/a,,,No provision found,No qualifying measure identified in the corpus for this indicator,"n/a — 2,879 Timor-Leste instruments from www.mj.gov.tl searched, none governing this indicator",,"no-provision row: no qualifying measure found; no 2025 baseline row exists for this economy and indicator; Discovery Tag left blank because the row is neither a discovery nor a baseline reproduction; no governing instrument is named because none was identified: naming the economy's largest statute would assert a legal relationship we did not find; Language of Source is the economy's language of legislation, not a per-document reading: this row cites no document; Not automated. The result for this indicator may come from a source other than the legal dataset. Check it outside the tool. Reason: outside the automated scope.",Portuguese
Timor-Leste,Timor-Leste — no governing instrument identified,,,8.1,n/a,,,No provision found,No qualifying measure identified in the corpus for this indicator,"n/a — 2,879 Timor-Leste instruments from www.mj.gov.tl searched, none governing this indicator",,"no-provision row: no qualifying measure found; no 2025 baseline row exists for this economy and indicator; Discovery Tag left blank because the row is neither a discovery nor a baseline reproduction; no governing instrument is named because none was identified: naming the economy's largest statute would assert a legal relationship we did not find; Language of Source is the economy's language of legislation, not a per-document reading: this row cites no document; Not automated. The result for this indicator may come from a source other than the legal dataset. Check it outside the tool. Reason: outside the automated scope.",Portuguese
Timor-Leste,Timor-Leste — no governing instrument identified,,,8.2,n/a,,,No provision found,No qualifying measure identified in the corpus for this indicator,"n/a — 2,879 Timor-Leste instruments from www.mj.gov.tl searched, none governing this indicator",,"no-provision row: no qualifying measure found; no 2025 baseline row exists for this economy and indicator; Discovery Tag left blank because the row is neither a discovery nor a baseline reproduction; no governing instrument is named because none was identified: naming the economy's largest statute would assert a legal relationship we did not find; Language of Source is the economy's language of legislation, not a per-document reading: this row cites no document; Not automated. The result for this indicator may come from a source other than the legal dataset. Check it outside the tool. Reason: outside the automated scope.",Portuguese
Timor-Leste,Timor-Leste — no governing instrument identified,,,9.1,n/a,,,No provision found,No qualifying measure identified in the corpus for this indicator,"n/a — 2,879 Timor-Leste instruments from www.mj.gov.tl searched, none governing this indicator",,"no-provision row: no qualifying measure found; no 2025 baseline row exists for this economy and indicator; Discovery Tag left blank because the row is neither a discovery nor a baseline reproduction; no governing instrument is named because none was identified: naming the economy's largest statute would assert a legal relationship we did not find; Language of Source is the economy's language of legislation, not a per-document reading: this row cites no document; Not automated. The result for this indicator may come from a source other than the legal dataset. Check it outside the tool. Reason: practice or external evidence.",Portuguese
Timor-Leste,Timor-Leste — no governing instrument identified,,,9.3,n/a,,,No provision found,No qualifying measure identified in the corpus for this indicator,"n/a — 2,879 Timor-Leste instruments from www.mj.gov.tl searched, none governing this indicator",,"no-provision row: no qualifying measure found; no 2025 baseline row exists for this economy and indicator; Discovery Tag left blank because the row is neither a discovery nor a baseline reproduction; no governing instrument is named because none was identified: naming the economy's largest statute would assert a legal relationship we did not find; Language of Source is the economy's language of legislation, not a per-document reading: this row cites no document; Not automated. The result for this indicator may come from a source other than the legal dataset. Check it outside the tool. Reason: outside the automated scope.",Portuguese
Timor-Leste,Timor-Leste — no governing instrument identified,,,9.4,n/a,,,No provision found,No qualifying measure identified in the corpus for this indicator,"n/a — 2,879 Timor-Leste instruments from www.mj.gov.tl searched, none governing this indicator",,"no-provision row: no qualifying measure found; no 2025 baseline row exists for this economy and indicator; Discovery Tag left blank because the row is neither a discovery nor a baseline reproduction; no governing instrument is named because none was identified: naming the economy's largest statute would assert a legal relationship we did not find; Language of Source is the economy's language of legislation, not a per-document reading: this row cites no document; Not automated. The result for this indicator may come from a source other than the legal dataset. Check it outside the tool. Reason: outside the automated scope.",Portuguese
