order,scopes,url,document_kind,law_number_guess,law_name_guess,portal_id,principal_law_number,language,version_as_at,text_version,legal_status,last_amending_instrument,discovery_path,seed_provenance,indicator_hints,crawl_flags,review_flags
1,"seed,relevant,all",https://sso.agc.gov.sg/Act/PDPA2012?ViewType=Pdf,principal_act,Act 26 of 2012,Personal Data Protection Act 2012,PDPA2012,,eng,2025-12-05,consolidation,in_force,Act 19 of 2025,seed,,"P6-I1,P6-I3,P6-I4,P7-I1,P7-I3,P7-I4,P7-I5",,
2,"seed,relevant,all",https://sso.agc.gov.sg/SL/PDPA2012-S65-2021?DocDate=20240705&ViewType=Pdf,subsidiary_legislation,S 65/2021,Personal Data Protection (Appeal) Regulations 2021,PDPA2012-S65-2021,Act 26 of 2012,eng,2024-07-05,consolidation,in_force,,subsidiary_list,,,,
3,"seed,relevant,all",https://sso.agc.gov.sg/SL/PDPA2012-S70-2021?DocDate=20210129&ViewType=Pdf,subsidiary_legislation,S 70/2021,Personal Data Protection (Composition of Offences) Regulations 2021,PDPA2012-S70-2021,Act 26 of 2012,eng,2021-01-29,consolidation,in_force,,subsidiary_list,,,,
4,"seed,relevant,all",https://sso.agc.gov.sg/SL/PDPA2012-S709-2013?DocDate=20210129&ViewType=Pdf,subsidiary_legislation,S 709/2013,Personal Data Protection (Do Not Call Registry) Regulations 2013,PDPA2012-S709-2013,Act 26 of 2012,eng,2021-01-29,consolidation,in_force,,subsidiary_list,,,,
5,"seed,relevant,all",https://sso.agc.gov.sg/SL/PDPA2012-S62-2021?DocDate=20220930&ViewType=Pdf,subsidiary_legislation,S 62/2021,Personal Data Protection (Enforcement) Regulations 2021,PDPA2012-S62-2021,Act 26 of 2012,eng,2022-09-30,consolidation,in_force,,subsidiary_list,,,,
6,"seed,relevant,all",https://sso.agc.gov.sg/SL/PDPA2012-S64-2021?DocDate=20241014&ViewType=Pdf,subsidiary_legislation,S 64/2021,Personal Data Protection (Notification of Data Breaches) Regulations 2021,PDPA2012-S64-2021,Act 26 of 2012,eng,2024-10-14,consolidation,in_force,,subsidiary_list,,,,
7,"seed,relevant,all",https://sso.agc.gov.sg/SL/PDPA2012-S90-2015?DocDate=20210129&ViewType=Pdf,subsidiary_legislation,S 90/2015,Personal Data Protection (Prescribed Healthcare Bodies) Notification 2015,PDPA2012-S90-2015,Act 26 of 2012,eng,2021-01-29,consolidation,in_force,,subsidiary_list,,,,
8,"seed,relevant,all",https://sso.agc.gov.sg/SL/PDPA2012-S368-2014?DocDate=20210129&ViewType=Pdf,subsidiary_legislation,S 368/2014,Personal Data Protection (Prescribed Law Enforcement Agencies) Notification 2014,PDPA2012-S368-2014,Act 26 of 2012,eng,2021-01-29,consolidation,in_force,,subsidiary_list,,,,
9,"seed,relevant,all",https://sso.agc.gov.sg/SL/PDPA2012-S272-2020?DocDate=20210205&ViewType=Pdf,subsidiary_legislation,S 272/2020,Personal Data Protection (Prescribed Law Enforcement Agency) Notification 2020,PDPA2012-S272-2020,Act 26 of 2012,eng,2021-02-05,consolidation,in_force,,subsidiary_list,,,,
10,"seed,relevant,all",https://sso.agc.gov.sg/SL/PDPA2012-S149-2013?DocDate=20260626&ViewType=Pdf,subsidiary_legislation,S 149/2013,Personal Data Protection (Statutory Bodies) Notification 2013,PDPA2012-S149-2013,Act 26 of 2012,eng,2026-06-26,consolidation,in_force,,subsidiary_list,,,,
11,"seed,relevant,all",https://sso.agc.gov.sg/SL/PDPA2012-S63-2021?DocDate=20260831&ViewType=Pdf,subsidiary_legislation,S 63/2021,Personal Data Protection Regulations 2021,PDPA2012-S63-2021,Act 26 of 2012,eng,2026-08-31,consolidation,in_force,,subsidiary_list,,,,
12,"seed,relevant,all",https://sso.agc.gov.sg/Act/CA2018?ViewType=Pdf,principal_act,Act 9 of 2018,Cybersecurity Act 2018,CA2018,,eng,2025-10-31,consolidation,in_force,Act 19 of 2024,seed,,P7-I2,,
13,"seed,relevant,all",https://sso.agc.gov.sg/SL/CA2018-S679-2025?DocDate=20251015&ViewType=Pdf,subsidiary_legislation,S 679/2025,Cybersecurity (Appeals) Regulations 2025,CA2018-S679-2025,Act 9 of 2018,eng,2025-10-15,consolidation,in_force,,subsidiary_list,,,,
14,"seed,relevant,all",https://sso.agc.gov.sg/SL/CA2018-S305-2022?DocDate=20220408&ViewType=Pdf,subsidiary_legislation,S 305/2022,Cybersecurity (Composition of Offences) Regulations 2022,CA2018-S305-2022,Act 9 of 2018,eng,2022-04-08,consolidation,in_force,,subsidiary_list,,,,
15,"seed,relevant,all",https://sso.agc.gov.sg/SL/CA2018-S520-2018?DocDate=20180830&ViewType=Pdf,subsidiary_legislation,S 520/2018,Cybersecurity (Confidential Treatment of Information) Regulations 2018,CA2018-S520-2018,Act 9 of 2018,eng,2018-08-30,consolidation,in_force,,subsidiary_list,,,,
16,"seed,relevant,all",https://sso.agc.gov.sg/SL/CA2018-S304-2022?DocDate=20260710&ViewType=Pdf,subsidiary_legislation,S 304/2022,Cybersecurity (Cybersecurity Service Providers) Regulations 2022,CA2018-S304-2022,Act 9 of 2018,eng,2026-07-10,consolidation,in_force,,subsidiary_list,,,,
17,"seed,relevant,all",https://sso.agc.gov.sg/SL/CA2018-S519-2018?DocDate=20251015&ViewType=Pdf,subsidiary_legislation,S 519/2018,Cybersecurity (Provider-Owned Critical Information Infrastructure) Regulations 2018,CA2018-S519-2018,Act 9 of 2018,eng,2025-10-15,consolidation,in_force,,subsidiary_list,,,,
18,"seed,relevant,all",https://sso.agc.gov.sg/SL/CA2018-S490-2026?DocDate=20260710&ViewType=Pdf,subsidiary_legislation,S 490/2026,Cybersecurity (Providers of Essential Service Responsible for Cybersecurity of Third-Party-Owned Critical Information Infrastructure) Regulations 2026,CA2018-S490-2026,Act 9 of 2018,eng,2026-07-10,consolidation,in_force,,subsidiary_list,,,,
19,"seed,relevant,all",https://sso.agc.gov.sg/SL/CA2018-S680-2025?DocDate=20251015&ViewType=Pdf,subsidiary_legislation,S 680/2025,Cybersecurity (Systems of Temporary Cybersecurity Concern) Regulations 2025,CA2018-S680-2025,Act 9 of 2018,eng,2025-10-15,consolidation,in_force,,subsidiary_list,,,,
20,"seed,relevant,all",https://sso.agc.gov.sg/Act/CPC2010?ViewType=Pdf,principal_act,Act 15 of 2010,Criminal Procedure Code 2010,CPC2010,,eng,2026-09-15,consolidation,in_force,Act 10 of 2025,seed,,P7-I5,,
21,"seed,relevant,all",https://sso.agc.gov.sg/SL/CPC2010-S759-2025?DocDate=20251128&ViewType=Pdf,subsidiary_legislation,S 759/2025,Criminal Procedure (Expert Opinion) Rules 2025,CPC2010-S759-2025,Act 15 of 2010,eng,2025-11-28,consolidation,in_force,,subsidiary_list,,,,
22,"seed,relevant,all",https://sso.agc.gov.sg/SL/CPC2010-S571-2018?DocDate=20250425&ViewType=Pdf,subsidiary_legislation,S 571/2018,Criminal Procedure Code (Audiovisual Recording) Regulations 2018,CPC2010-S571-2018,Act 15 of 2010,eng,2025-04-25,consolidation,in_force,,subsidiary_list,,,,
23,"seed,relevant,all",https://sso.agc.gov.sg/SL/CPC2010-S628-2024?DocDate=20240731&ViewType=Pdf,subsidiary_legislation,S 628/2024,Criminal Procedure Code (Compensation Order) Rules 2024,CPC2010-S628-2024,Act 15 of 2010,eng,2024-07-31,consolidation,in_force,,subsidiary_list,,,,
24,"seed,relevant,all",https://sso.agc.gov.sg/SL/CPC2010-S448-2013?DocDate=20140930&ViewType=Pdf,subsidiary_legislation,S 448/2013,Criminal Procedure Code (Electronic Filing and Service for State Courts and Youth Courts) Regulations 2013,CPC2010-S448-2013,Act 15 of 2010,eng,2014-09-30,consolidation,in_force,,subsidiary_list,,,,
25,"seed,relevant,all",https://sso.agc.gov.sg/SL/CPC2010-S259-2022?DocDate=20220331&ViewType=Pdf,subsidiary_legislation,S 259/2022,Criminal Procedure Code (Electronic Filing and Service for Supreme Court) Rules 2022,CPC2010-S259-2022,Act 15 of 2010,eng,2022-03-31,consolidation,in_force,,subsidiary_list,,,,
26,"seed,relevant,all",https://sso.agc.gov.sg/SL/CPC2010-S38-2011?DocDate=20221031&ViewType=Pdf,subsidiary_legislation,S 38/2011,Criminal Procedure Code (Fees for First Information and Accused’s Criminal Records) Regulations 2011,CPC2010-S38-2011,Act 15 of 2010,eng,2022-10-31,consolidation,in_force,,subsidiary_list,,,,
27,"seed,relevant,all",https://sso.agc.gov.sg/SL/CPC2010-S336-2012?DocDate=20120716&ViewType=Pdf,subsidiary_legislation,S 336/2012,Criminal Procedure Code (Notice Requirements to Admit Hearsay Evidence) Regulations 2012,CPC2010-S336-2012,Act 15 of 2010,eng,2012-07-16,consolidation,in_force,,subsidiary_list,,,,
28,"seed,relevant,all",https://sso.agc.gov.sg/SL/CPC2010-S804-2010?DocDate=20101228&ViewType=Pdf,subsidiary_legislation,S 804/2010,Criminal Procedure Code (Pleading Guilty by Electronic Means) Regulations 2010,CPC2010-S804-2010,Act 15 of 2010,eng,2010-12-28,consolidation,in_force,,subsidiary_list,,,,
29,"seed,relevant,all",https://sso.agc.gov.sg/SL/CPC2010-S364-2013?DocDate=20201222&ViewType=Pdf,subsidiary_legislation,S 364/2013,Criminal Procedure Code (Prescribed Fees) Regulations 2013,CPC2010-S364-2013,Act 15 of 2010,eng,2020-12-22,consolidation,in_force,,subsidiary_list,,,,
30,"seed,relevant,all",https://sso.agc.gov.sg/SL/CPC2010-S568-2018?DocDate=20180914&ViewType=Pdf,subsidiary_legislation,S 568/2018,Criminal Procedure Code (Prescribed Forms) (Revocation) Regulations 2018,CPC2010-S568-2018,Act 15 of 2010,eng,2018-09-14,consolidation,in_force,,subsidiary_list,,,,
31,"seed,relevant,all",https://sso.agc.gov.sg/SL/CPC2010-S553-2025?DocDate=20250829&ViewType=Pdf,subsidiary_legislation,S 553/2025,Criminal Procedure Code (Prescribed Law Enforcement Agencies) Order 2025,CPC2010-S553-2025,Act 15 of 2010,eng,2025-08-29,consolidation,in_force,,subsidiary_list,,,,
32,"seed,relevant,all",https://sso.agc.gov.sg/SL/CPC2010-S641-2022?DocDate=20220729&ViewType=Pdf,subsidiary_legislation,S 641/2022,Criminal Procedure Code (Prescribed Law Enforcement Agency — Computer Access) Order 2022,CPC2010-S641-2022,Act 15 of 2010,eng,2022-07-29,consolidation,in_force,,subsidiary_list,,,,
33,"seed,relevant,all",https://sso.agc.gov.sg/SL/CPC2010-S706-2024?DocDate=20240912&ViewType=Pdf,subsidiary_legislation,S 706/2024,Criminal Procedure Code (Prescribed Law Enforcement Agency — Lawful Custody of Persons) Notification 2024,CPC2010-S706-2024,Act 15 of 2010,eng,2024-09-12,consolidation,in_force,,subsidiary_list,,,,
34,"seed,relevant,all",https://sso.agc.gov.sg/SL/CPC2010-S673-2011?DocDate=20111223&ViewType=Pdf,subsidiary_legislation,S 673/2011,Criminal Procedure Code (Prescribed Law Enforcement Agency) (No. 2) Notification 2011,CPC2010-S673-2011,Act 15 of 2010,eng,2011-12-23,consolidation,in_force,,subsidiary_list,,,,
35,"seed,relevant,all",https://sso.agc.gov.sg/SL/CPC2010-S408-2011?DocDate=20110718&ViewType=Pdf,subsidiary_legislation,S 408/2011,Criminal Procedure Code (Prescribed Law Enforcement Agency) Notification 2011,CPC2010-S408-2011,Act 15 of 2010,eng,2011-07-18,consolidation,in_force,,subsidiary_list,,,,
36,"seed,relevant,all",https://sso.agc.gov.sg/SL/CPC2010-S682-2014?DocDate=20141002&ViewType=Pdf,subsidiary_legislation,S 682/2014,Criminal Procedure Code (Prescribed Law Enforcement Agency) Notification 2014,CPC2010-S682-2014,Act 15 of 2010,eng,2014-10-02,consolidation,in_force,,subsidiary_list,,,,
37,"seed,relevant,all",https://sso.agc.gov.sg/SL/CPC2010-S206-2017?DocDate=20170504&ViewType=Pdf,subsidiary_legislation,S 206/2017,Criminal Procedure Code (Prescribed Law Enforcement Agency) Notification 2017,CPC2010-S206-2017,Act 15 of 2010,eng,2017-05-04,consolidation,in_force,,subsidiary_list,,,,
38,"seed,relevant,all",https://sso.agc.gov.sg/SL/CPC2010-S16-2019?DocDate=20190103&ViewType=Pdf,subsidiary_legislation,S 16/2019,Criminal Procedure Code (Prescribed Law Enforcement Agency) Notification 2019,CPC2010-S16-2019,Act 15 of 2010,eng,2019-01-03,consolidation,in_force,,subsidiary_list,,,,
39,"seed,relevant,all",https://sso.agc.gov.sg/SL/CPC2010-S65-2026?DocDate=20260211&ViewType=Pdf,subsidiary_legislation,S 65/2026,Criminal Procedure Code (Prescribed Law Enforcement Agency) Notification 2026,CPC2010-S65-2026,Act 15 of 2010,eng,2026-02-11,consolidation,in_force,,subsidiary_list,,,,
40,"seed,relevant,all",https://sso.agc.gov.sg/SL/CPC2010-S747-2018?DocDate=20191227&ViewType=Pdf,subsidiary_legislation,S 747/2018,Criminal Procedure Code (Prescribed Offences for Mandatory Treatment Orders) Regulations 2018,CPC2010-S747-2018,Act 15 of 2010,eng,2019-12-27,consolidation,in_force,,subsidiary_list,,,,
41,"seed,relevant,all",https://sso.agc.gov.sg/SL/CPC2010-S56-2019?DocDate=20190130&ViewType=Pdf,subsidiary_legislation,S 56/2019,Criminal Procedure Code (Production of Document or Other Thing) Regulations 2019,CPC2010-S56-2019,Act 15 of 2010,eng,2019-01-30,consolidation,in_force,,subsidiary_list,,,,
42,"seed,relevant,all",https://sso.agc.gov.sg/SL/CPC2010-S801-2010?DocDate=20250630&ViewType=Pdf,subsidiary_legislation,S 801/2010,Criminal Procedure Code (Qualified Persons) Notification 2010,CPC2010-S801-2010,Act 15 of 2010,eng,2025-06-30,consolidation,in_force,,subsidiary_list,,,,
43,"seed,relevant,all",https://sso.agc.gov.sg/SL/CPC2010-S723-2018?DocDate=20251218&ViewType=Pdf,subsidiary_legislation,S 723/2018,Criminal Procedure Code (Reformative Training) Regulations 2018,CPC2010-S723-2018,Act 15 of 2010,eng,2025-12-18,consolidation,in_force,,subsidiary_list,,,,
44,"seed,relevant,all",https://sso.agc.gov.sg/SL/CPC2010-S554-2025?DocDate=20250829&ViewType=Pdf,subsidiary_legislation,S 554/2025,Criminal Procedure Code (Relevant Law Enforcement Agencies) Order 2025,CPC2010-S554-2025,Act 15 of 2010,eng,2025-08-29,consolidation,in_force,,subsidiary_list,,,,
45,"seed,relevant,all",https://sso.agc.gov.sg/SL/CPC2010-S534-2024?DocDate=20240626&ViewType=Pdf,subsidiary_legislation,S 534/2024,Criminal Procedure Code (Service on Singapore Prison Service for Application relating to Stay of Execution) Regulations 2024,CPC2010-S534-2024,Act 15 of 2010,eng,2024-06-26,consolidation,in_force,,subsidiary_list,,,,
46,"seed,relevant,all",https://sso.agc.gov.sg/SL/CPC2010-S321-2025?DocDate=20250523&ViewType=Pdf,subsidiary_legislation,S 321/2025,Criminal Procedure Code (Viewing of Exhibits) Regulations 2025,CPC2010-S321-2025,Act 15 of 2010,eng,2025-05-23,consolidation,in_force,,subsidiary_list,,,,
47,"seed,relevant,all",https://sso.agc.gov.sg/SL/CPC2010-S805-2010?DocDate=20140930&ViewType=Pdf,subsidiary_legislation,S 805/2010,Criminal Procedure Code (Witnesses’ Allowances) Regulations 2010,CPC2010-S805-2010,Act 15 of 2010,eng,2014-09-30,consolidation,in_force,,subsidiary_list,,,,
48,"seed,relevant,all",https://sso.agc.gov.sg/SL/CPC2010-S727-2018?DocDate=20250829&ViewType=Pdf,subsidiary_legislation,S 727/2018,Criminal Procedure Rules 2018,CPC2010-S727-2018,Act 15 of 2010,eng,2025-08-29,consolidation,in_force,,subsidiary_list,,,,
49,"seed,relevant,all",https://sso.agc.gov.sg/Act/BA1970?ViewType=Pdf,principal_act,,Banking Act 1970,BA1970,,eng,2025-06-20,consolidation,in_force,Act 42 of 2024,seed,,P7-I1,,
50,"seed,relevant,all",https://sso.agc.gov.sg/SL/BA1970-S583-2005?DocDate=20220628&ViewType=Pdf,subsidiary_legislation,S 583/2005,Banking (Corporate Governance) Regulations 2005,BA1970-S583-2005,,eng,2022-06-28,consolidation,in_force,,subsidiary_list,,,,
51,"seed,relevant,all",https://sso.agc.gov.sg/SL/BA1970-S729-2013?DocDate=20250904&ViewType=Pdf,subsidiary_legislation,S 729/2013,Banking (Credit Card and Charge Card) Regulations 2013,BA1970-S729-2013,,eng,2025-09-04,consolidation,in_force,,subsidiary_list,,,,
52,"seed,relevant,all",https://sso.agc.gov.sg/SL/BA1970-S761-2018?DocDate=20181119&ViewType=Pdf,subsidiary_legislation,S 761/2018,Banking (Exemption from Sections 15A and 15B) (No. 2) Order 2018,BA1970-S761-2018,,eng,2018-11-19,consolidation,in_force,,subsidiary_list,,,,
53,"seed,relevant,all",https://sso.agc.gov.sg/SL/BA1970-S788-2004?DocDate=20220623&ViewType=Pdf,subsidiary_legislation,S 788/2004,Banking (Exemption from Sections 15A and 15B) Order 2004,BA1970-S788-2004,,eng,2022-06-23,consolidation,in_force,,subsidiary_list,,,,
54,"seed,relevant,all",https://sso.agc.gov.sg/SL/BA1970-S638-2013?DocDate=20211101&ViewType=Pdf,subsidiary_legislation,S 638/2013,Banking (Exemption from Sections 15A and 15B) Order 2013,BA1970-S638-2013,,eng,2021-11-01,consolidation,in_force,,subsidiary_list,,,,
55,"seed,relevant,all",https://sso.agc.gov.sg/SL/BA1970-S738-2018?DocDate=20181102&ViewType=Pdf,subsidiary_legislation,S 738/2018,Banking (Exemption from Sections 15A and 15B) Order 2018,BA1970-S738-2018,,eng,2018-11-02,consolidation,in_force,,subsidiary_list,,,,
56,"seed,relevant,all",https://sso.agc.gov.sg/SL/BA1970-S1084-2020?DocDate=20201229&ViewType=Pdf,subsidiary_legislation,S 1084/2020,Banking (Exemption from Sections 15A and 15B) Order 2020,BA1970-S1084-2020,,eng,2020-12-29,consolidation,in_force,,subsidiary_list,,,,
57,"seed,relevant,all",https://sso.agc.gov.sg/SL/BA1970-N1?DocDate=20210831&ViewType=Pdf,subsidiary_legislation,,Banking (Fees) Notification,BA1970-N1,,eng,2021-08-31,consolidation,in_force,,subsidiary_list,,,,
58,"seed,relevant,all",https://sso.agc.gov.sg/SL/BA1970-S1001-2024?DocDate=20241223&ViewType=Pdf,subsidiary_legislation,S 1001/2024,Banking (Financial Penalties under Sections 38 and 39) Order 2024,BA1970-S1001-2024,,eng,2024-12-23,consolidation,in_force,,subsidiary_list,,,,
59,"seed,relevant,all",https://sso.agc.gov.sg/SL/BA1970-S472-2021?DocDate=20210630&ViewType=Pdf,subsidiary_legislation,S 472/2021,Banking (Merchant Banks) Regulations 2021,BA1970-S472-2021,,eng,2021-06-30,consolidation,in_force,,subsidiary_list,,,,
60,"seed,relevant,all",https://sso.agc.gov.sg/SL/BA1970-RG2?DocDate=20200921&ViewType=Pdf,subsidiary_legislation,,Banking (Publication and Provision of Accounts) Regulations,BA1970-RG2,,eng,2020-09-21,consolidation,in_force,,subsidiary_list,,,,
61,"seed,relevant,all",https://sso.agc.gov.sg/SL/BA1970-RG5?DocDate=20210630&ViewType=Pdf,subsidiary_legislation,,Banking Regulations,BA1970-RG5,,eng,2021-06-30,consolidation,in_force,,subsidiary_list,,,,
62,"seed,relevant,all",https://sso.agc.gov.sg/Act/CoA1967?ViewType=Pdf,principal_act,,Companies Act 1967,CoA1967,,eng,2026-05-06,consolidation,in_force,Act 24 of 2025,seed,,"P6-I2,P7-I3",,
63,"seed,relevant,all",https://sso.agc.gov.sg/SL/CoA1967-S386-2023?DocDate=20230621&ViewType=Pdf,subsidiary_legislation,S 386/2023,Companies (Commonwealth War Graves Commission (Singapore Branch) — Exemption from Section 379) Regulations 2023,CoA1967-S386-2023,,eng,2023-06-21,consolidation,in_force,,subsidiary_list,,,,
64,"seed,relevant,all",https://sso.agc.gov.sg/SL/CoA1967-S838-2015?DocDate=20241206&ViewType=Pdf,subsidiary_legislation,S 838/2015,Companies (Composition of Offences) Regulations 2015,CoA1967-S838-2015,,eng,2024-12-06,consolidation,in_force,,subsidiary_list,,,,
65,"seed,relevant,all",https://sso.agc.gov.sg/SL/CoA1967-S626-2020?DocDate=20200728&ViewType=Pdf,subsidiary_legislation,S 626/2020,Companies (Direction under Section 386AN(1)) Notification 2020,CoA1967-S626-2020,,eng,2020-07-28,consolidation,in_force,,subsidiary_list,,,,
66,"seed,relevant,all",https://sso.agc.gov.sg/SL/CoA1967-S295-2024?DocDate=20240411&ViewType=Pdf,subsidiary_legislation,S 295/2024,Companies (Exempt Private Companies) Notification 2024,CoA1967-S295-2024,,eng,2024-04-11,consolidation,in_force,,subsidiary_list,,,,
67,"seed,relevant,all",https://sso.agc.gov.sg/SL/CoA1967-S835-2015?DocDate=20260406&ViewType=Pdf,subsidiary_legislation,S 835/2015,Companies (Fees and Late Lodgment Penalties) Regulations 2015,CoA1967-S835-2015,,eng,2026-04-06,consolidation,in_force,,subsidiary_list,,,,
68,"seed,relevant,all",https://sso.agc.gov.sg/SL/CoA1967-RG7?DocDate=20260406&ViewType=Pdf,subsidiary_legislation,,Companies (Filing of Documents) Regulations,CoA1967-RG7,,eng,2026-04-06,consolidation,in_force,,subsidiary_list,,,,
69,"seed,relevant,all",https://sso.agc.gov.sg/SL/CoA1967-S837-2015?DocDate=20151231&ViewType=Pdf,subsidiary_legislation,S 837/2015,Companies (Identical Names) Regulations 2015,CoA1967-S837-2015,,eng,2015-12-31,consolidation,in_force,,subsidiary_list,,,,
70,"seed,relevant,all",https://sso.agc.gov.sg/SL/CoA1967-S385-2023?DocDate=20230621&ViewType=Pdf,subsidiary_legislation,S 385/2023,Companies (Listed Foreign Companies — Exemption from Section 379) Regulations 2023,CoA1967-S385-2023,,eng,2023-06-21,consolidation,in_force,,subsidiary_list,,,,
71,"seed,relevant,all",https://sso.agc.gov.sg/SL/CoA1967-S833-2015?DocDate=20241206&ViewType=Pdf,subsidiary_legislation,S 833/2015,Companies (Model Constitutions) Regulations 2015,CoA1967-S833-2015,,eng,2024-12-06,consolidation,in_force,,subsidiary_list,,,,
72,"seed,relevant,all",https://sso.agc.gov.sg/SL/CoA1967-S629-2013?DocDate=20130930&ViewType=Pdf,subsidiary_legislation,S 629/2013,Companies (Prescribed Percentage under Section 76B(3) and (3B)) Notification 2013,CoA1967-S629-2013,,eng,2013-09-30,consolidation,in_force,,subsidiary_list,,,,
73,"seed,relevant,all",https://sso.agc.gov.sg/SL/CoA1967-S116-2017?DocDate=20250602&ViewType=Pdf,subsidiary_legislation,S 116/2017,"Companies (Registers of Controllers, Nominee Directors, Nominee Shareholders, and Members of Foreign Companies) Regulations 2017",CoA1967-S116-2017,,eng,2025-06-02,consolidation,in_force,,subsidiary_list,,,,
74,"seed,relevant,all",https://sso.agc.gov.sg/SL/CoA1967-S218-2018?DocDate=20260406&ViewType=Pdf,subsidiary_legislation,S 218/2018,"Companies (Revision of Defective Financial Statements, or Consolidated Financial Statements or Balance-sheet) Regulations 2018",CoA1967-S218-2018,,eng,2026-04-06,consolidation,in_force,,subsidiary_list,,,,
75,"seed,relevant,all",https://sso.agc.gov.sg/SL/CoA1967-S848-2022?DocDate=20221031&ViewType=Pdf,subsidiary_legislation,S 848/2022,Companies (Revocation of Appointments of Approved Liquidators) Order 2022,CoA1967-S848-2022,,eng,2022-10-31,consolidation,in_force,,subsidiary_list,,,,
76,"seed,relevant,all",https://sso.agc.gov.sg/SL/CoA1967-S384-2023?DocDate=20250602&ViewType=Pdf,subsidiary_legislation,S 384/2023,Companies (Specified Companies — Exemption from Part 11A) Order 2023,CoA1967-S384-2023,,eng,2025-06-02,consolidation,in_force,,subsidiary_list,,,,
77,"seed,relevant,all",https://sso.agc.gov.sg/SL/CoA1967-S834-2015?DocDate=20200729&ViewType=Pdf,subsidiary_legislation,S 834/2015,Companies (Striking Off) Regulations 2015,CoA1967-S834-2015,,eng,2020-07-29,consolidation,in_force,,subsidiary_list,,,,
78,"seed,relevant,all",https://sso.agc.gov.sg/SL/CoA1967-RG4?DocDate=20180830&ViewType=Pdf,subsidiary_legislation,,Companies (Summary Financial Statement) Regulations,CoA1967-RG4,,eng,2018-08-30,consolidation,in_force,,subsidiary_list,,,,
79,"seed,relevant,all",https://sso.agc.gov.sg/SL/CoA1967-S579-2017?DocDate=20250508&ViewType=Pdf,subsidiary_legislation,S 579/2017,Companies (Transfer of Registration) Regulations 2017,CoA1967-S579-2017,,eng,2025-05-08,consolidation,in_force,,subsidiary_list,,,,
80,"seed,relevant,all",https://sso.agc.gov.sg/SL/CoA1967-RG1?DocDate=20260406&ViewType=Pdf,subsidiary_legislation,,Companies Regulations,CoA1967-RG1,,eng,2026-04-06,consolidation,in_force,,subsidiary_list,,,,
81,"seed,relevant,all",https://sso.agc.gov.sg/Act/EmA1968?ViewType=Pdf,principal_act,,Employment Act 1968,EmA1968,,eng,2025-12-05,consolidation,in_force,Act 19 of 2025,seed,,P7-I3,,
82,"seed,relevant,all",https://sso.agc.gov.sg/SL/EmA1968-S149-2016?DocDate=20220330&ViewType=Pdf,subsidiary_legislation,S 149/2016,Employment (Administrative Penalties) Regulations 2016,EmA1968-S149-2016,,eng,2022-03-30,consolidation,in_force,,subsidiary_list,,,,
83,"seed,relevant,all",https://sso.agc.gov.sg/SL/EmA1968-S668-2008?DocDate=20181217&ViewType=Pdf,subsidiary_legislation,S 668/2008,Employment (Approved Medical Institutions) Notification 2008,EmA1968-S668-2008,,eng,2018-12-17,consolidation,in_force,,subsidiary_list,,,,
84,"seed,relevant,all",https://sso.agc.gov.sg/SL/EmA1968-S248-2014?DocDate=20140331&ViewType=Pdf,subsidiary_legislation,S 248/2014,Employment (Bail and Personal Bond) Regulations 2014,EmA1968-S248-2014,,eng,2014-03-31,consolidation,in_force,,subsidiary_list,,,,
85,"seed,relevant,all",https://sso.agc.gov.sg/SL/EmA1968-S339-2009?DocDate=20170331&ViewType=Pdf,subsidiary_legislation,S 339/2009,Employment (Composition of Offences) Regulations 2009,EmA1968-S339-2009,,eng,2017-03-31,consolidation,in_force,,subsidiary_list,,,,
86,"seed,relevant,all",https://sso.agc.gov.sg/SL/EmA1968-S148-2016?DocDate=20160401&ViewType=Pdf,subsidiary_legislation,S 148/2016,"Employment (Employment Records, Key Employment Terms and Pay Slips) Regulations 2016",EmA1968-S148-2016,,eng,2016-04-01,consolidation,in_force,,subsidiary_list,,,,
87,"seed,relevant,all",https://sso.agc.gov.sg/SL/EmA1968-RG7?DocDate=20140331190000&ViewType=Pdf,subsidiary_legislation,,Employment (Female Workmen) Regulations,EmA1968-RG7,,eng,2014-03-31,consolidation,in_force,,subsidiary_list,,,,
88,"seed,relevant,all",https://sso.agc.gov.sg/SL/EmA1968-RG8?DocDate=20190329&ViewType=Pdf,subsidiary_legislation,,Employment (Part-Time Employees) Regulations,EmA1968-RG8,,eng,2019-03-29,consolidation,in_force,,subsidiary_list,,,,
89,"seed,relevant,all",https://sso.agc.gov.sg/SL/EmA1968-S137-2017?DocDate=20170331&ViewType=Pdf,subsidiary_legislation,S 137/2017,Employment (Prescribed Disputes) Regulations 2017,EmA1968-S137-2017,,eng,2017-03-31,consolidation,in_force,,subsidiary_list,,,,
90,"seed,relevant,all",https://sso.agc.gov.sg/SL/EmA1968-RG5?DocDate=20140304170000&ViewType=Pdf,subsidiary_legislation,,Employment (Procedure-Reciprocal Provisions) Regulations,EmA1968-RG5,,eng,2014-03-04,consolidation,in_force,,subsidiary_list,,,,
91,"seed,relevant,all",https://sso.agc.gov.sg/SL/EmA1968-S340-2011?DocDate=20110624&ViewType=Pdf,subsidiary_legislation,S 340/2011,Employment (Recommendations for Annual Wage Adjustment) Notification 2011,EmA1968-S340-2011,,eng,2011-06-24,consolidation,in_force,,subsidiary_list,,,,
92,"seed,relevant,all",https://sso.agc.gov.sg/SL/EmA1968-S417-2014?DocDate=20140625&ViewType=Pdf,subsidiary_legislation,S 417/2014,Employment (Recommendations for Annual Wage Adjustment) Notification 2014,EmA1968-S417-2014,,eng,2014-06-25,consolidation,in_force,,subsidiary_list,,,,
93,"seed,relevant,all",https://sso.agc.gov.sg/SL/EmA1968-S200-2019?DocDate=20211015&ViewType=Pdf,subsidiary_legislation,S 200/2019,Employment (Retrenchment Reporting) Notification 2019,EmA1968-S200-2019,,eng,2021-10-15,consolidation,in_force,,subsidiary_list,,,,
94,"seed,relevant,all",https://sso.agc.gov.sg/SL/EmA1968-S199-2019?DocDate=20190329&ViewType=Pdf,subsidiary_legislation,S 199/2019,Employment (Sick Leave — Hospitalisation) Regulations 2019,EmA1968-S199-2019,,eng,2019-03-29,consolidation,in_force,,subsidiary_list,,,,
95,"seed,relevant,all",https://sso.agc.gov.sg/Act/ITA1947?ViewType=Pdf,principal_act,,Income Tax Act 1947,ITA1947,,eng,2026-09-11,consolidation,in_force,S 588/2026,seed,,P7-I3,,
96,"seed,relevant,all",https://sso.agc.gov.sg/SL/ITA1947-S247-2011?DocDate=20110504&ViewType=Pdf,subsidiary_legislation,S 247/2011,Income Tax (Exemption of Foreign Income) Order 2011,ITA1947-S247-2011,,eng,2011-05-04,consolidation,in_force,,subsidiary_list,,,,
97,"seed,relevant,all",https://sso.agc.gov.sg/SL/ITA1947-S206-2011?DocDate=20110420&ViewType=Pdf,subsidiary_legislation,S 206/2011,Income Tax (Exemption of Interest and Other Payments for Economic and Technological Development) Notification 2011,ITA1947-S206-2011,,eng,2011-04-20,consolidation,in_force,,subsidiary_list,,,,
98,"seed,relevant,all",https://sso.agc.gov.sg/SL/ITA1947-S337-2011?DocDate=20110623&ViewType=Pdf,subsidiary_legislation,S 337/2011,Income Tax (Exemption of Payments for Economic and Technological Development) (No. 2) Notification 2011,ITA1947-S337-2011,,eng,2011-06-23,consolidation,in_force,,subsidiary_list,,,,
99,"seed,relevant,all",https://sso.agc.gov.sg/SL/ITA1947-S184-2011?DocDate=20110408&ViewType=Pdf,subsidiary_legislation,S 184/2011,Income Tax (Singapore — Ireland) (Avoidance of Double Taxation Agreement) Order 2011,ITA1947-S184-2011,,eng,2011-04-08,consolidation,in_force,,subsidiary_list,,,,
100,"seed,relevant,all",https://sso.agc.gov.sg/SL/ITA1947-S261-2011?DocDate=20110526&ViewType=Pdf,subsidiary_legislation,S 261/2011,Income Tax (Singapore — Saudi Arabia) (Avoidance of Double Taxation Agreement) Order 2011,ITA1947-S261-2011,,eng,2011-05-26,consolidation,in_force,,subsidiary_list,,,,
101,"seed,relevant,all",https://sso.agc.gov.sg/SL/ITA1947-S191-2011?DocDate=20110414&ViewType=Pdf,subsidiary_legislation,S 191/2011,Income Tax (Transfer of Undertaking by Bank or Finance Company) Order 2011,ITA1947-S191-2011,,eng,2011-04-14,consolidation,in_force,,subsidiary_list,,,,
102,"seed,relevant,all",https://sso.agc.gov.sg/SL/ITA1947-S6-2020?DocDate=20200106&ViewType=Pdf,subsidiary_legislation,S 6/2020,Income Tax (ABC One Pte. Ltd. — Section 13(4) Exemption) Notification 2020,ITA1947-S6-2020,,eng,2020-01-06,consolidation,in_force,,subsidiary_list,,,,
103,"seed,relevant,all",https://sso.agc.gov.sg/SL/ITA1947-S10-2022?DocDate=20220107&ViewType=Pdf,subsidiary_legislation,S 10/2022,Income Tax (Accuron Industrial Technologies Limited — Section 13(12) Exemption) Order 2022,ITA1947-S10-2022,,eng,2022-01-07,consolidation,in_force,,subsidiary_list,,,,
104,"seed,relevant,all",https://sso.agc.gov.sg/SL/ITA1947-S879-2022?DocDate=20230330&ViewType=Pdf,subsidiary_legislation,S 879/2022,"Income Tax (Adjustment for Change of Basis of Computing Profit, Loss or Expense from Financial Instruments of Insurers) Regulations 2022",ITA1947-S879-2022,,eng,2023-03-30,consolidation,in_force,,subsidiary_list,,,,
105,"seed,relevant,all",https://sso.agc.gov.sg/SL/ITA1947-S4-2020?DocDate=20230330&ViewType=Pdf,subsidiary_legislation,S 4/2020,"Income Tax (Adjustment for Change of Basis of Computing Profit, Loss or Expense of Financial Instruments resulting from FRS 109 or SFRS(I) 9) Regulations 2020",ITA1947-S4-2020,,eng,2023-03-30,consolidation,in_force,,subsidiary_list,,,,
106,"seed,relevant,all",https://sso.agc.gov.sg/SL/ITA1947-S813-2023?DocDate=20231212&ViewType=Pdf,subsidiary_legislation,S 813/2023,Income Tax (Agrocorp International Pte Ltd — Section 13(4) Exemption) Notification 2023,ITA1947-S813-2023,,eng,2023-12-12,consolidation,in_force,,subsidiary_list,,,,
107,"seed,relevant,all",https://sso.agc.gov.sg/SL/ITA1947-S154-2011?DocDate=20251127&ViewType=Pdf,subsidiary_legislation,S 154/2011,Income Tax (Amalgamation of Companies) Regulations 2011,ITA1947-S154-2011,,eng,2025-11-27,consolidation,in_force,,subsidiary_list,,,,
108,"seed,relevant,all",https://sso.agc.gov.sg/SL/ITA1947-S578-2023?DocDate=20250224&ViewType=Pdf,subsidiary_legislation,S 578/2023,Income Tax (Appeals Procedure for Board of Review) Regulations 2023,ITA1947-S578-2023,,eng,2025-02-24,consolidation,in_force,,subsidiary_list,,,,
109,"seed,relevant,all",https://sso.agc.gov.sg/SL/ITA1947-S499-2019?DocDate=20190716&ViewType=Pdf,subsidiary_legislation,S 499/2019,Income Tax (Applied Materials South East Asia Pte Ltd — Section 19B(10B) Exemption) Order 2019,ITA1947-S499-2019,,eng,2019-07-16,consolidation,in_force,,subsidiary_list,,,,
110,"seed,relevant,all",https://sso.agc.gov.sg/SL/ITA1947-RG12?DocDate=19930401&ViewType=Pdf,subsidiary_legislation,,Income Tax (Approved Unit Trust) Regulations,ITA1947-RG12,,eng,1993-04-01,consolidation,in_force,,subsidiary_list,,,,
111,"seed,relevant,all",https://sso.agc.gov.sg/SL/ITA1947-S489-2019?DocDate=20190709&ViewType=Pdf,subsidiary_legislation,S 489/2019,Income Tax (APTIV Safety & Mobility Services Singapore Pte Ltd — Section 13(12) Exemption) Order 2019,ITA1947-S489-2019,,eng,2019-07-09,consolidation,in_force,,subsidiary_list,,,,
112,"seed,relevant,all",https://sso.agc.gov.sg/SL/ITA1947-S614-2022?DocDate=20220726&ViewType=Pdf,subsidiary_legislation,S 614/2022,"Income Tax (ARA LOGOS Logistics Trust, etc. — Section 13(12) Exemption) Order 2022",ITA1947-S614-2022,,eng,2022-07-26,consolidation,in_force,,subsidiary_list,,,,
113,"seed,relevant,all",https://sso.agc.gov.sg/SL/ITA1947-S231-2023?DocDate=20230426&ViewType=Pdf,subsidiary_legislation,S 231/2023,Income Tax (Argosy Pte. Ltd. — Section 13(4) Exemption) (No. 2) Notification 2023,ITA1947-S231-2023,,eng,2023-04-26,consolidation,in_force,,subsidiary_list,,,,
114,"seed,relevant,all",https://sso.agc.gov.sg/SL/ITA1947-S204-2023?DocDate=20230418&ViewType=Pdf,subsidiary_legislation,S 204/2023,Income Tax (Argosy Pte. Ltd. — Section 13(4) Exemption) Notification 2023,ITA1947-S204-2023,,eng,2023-04-18,consolidation,in_force,,subsidiary_list,,,,
115,"seed,relevant,all",https://sso.agc.gov.sg/SL/ITA1947-S596-2026?DocDate=20260914&ViewType=Pdf,subsidiary_legislation,S 596/2026,Income Tax (Armada 98/2 Pte. Ltd. — Section 13(4) Exemption) Notification 2026,ITA1947-S596-2026,,eng,2026-09-14,consolidation,in_force,,subsidiary_list,,,,
116,"seed,relevant,all",https://sso.agc.gov.sg/SL/ITA1947-S383-2020?DocDate=20200519&ViewType=Pdf,subsidiary_legislation,S 383/2020,Income Tax (Armada Kraken Pte. Ltd. — Section 13(4) Exemption) Notification 2020,ITA1947-S383-2020,,eng,2020-05-19,consolidation,in_force,,subsidiary_list,,,,
117,"seed,relevant,all",https://sso.agc.gov.sg/SL/ITA1947-S510-2025?DocDate=20250729&ViewType=Pdf,subsidiary_legislation,S 510/2025,Income Tax (Ascott REIT (Europe) Pte. Ltd. — Section 13(12) Exemption) Order 2025,ITA1947-S510-2025,,eng,2025-07-29,consolidation,in_force,,subsidiary_list,,,,
118,"seed,relevant,all",https://sso.agc.gov.sg/SL/ITA1947-S448-2020?DocDate=20200609&ViewType=Pdf,subsidiary_legislation,S 448/2020,Income Tax (Ascott Residence Trust — Section 13(12) Exemption) Order 2020,ITA1947-S448-2020,,eng,2020-06-09,consolidation,in_force,,subsidiary_list,,,,
119,"seed,relevant,all",https://sso.agc.gov.sg/SL/ITA1947-S160-2022?DocDate=20220304&ViewType=Pdf,subsidiary_legislation,S 160/2022,"Income Tax (Asia Liberty Pte. Ltd., etc. — Section 13(4) Exemption) Notification 2022",ITA1947-S160-2022,,eng,2022-03-04,consolidation,in_force,,subsidiary_list,,,,
120,"seed,relevant,all",https://sso.agc.gov.sg/SL/ITA1947-S313-2024?DocDate=20240412&ViewType=Pdf,subsidiary_legislation,S 313/2024,Income Tax (Assignment of Functions under Section 3A — Building and Construction Authority) Notification 2024,ITA1947-S313-2024,,eng,2024-04-12,consolidation,in_force,,subsidiary_list,,,,
121,"seed,relevant,all",https://sso.agc.gov.sg/SL/ITA1947-S314-2024?DocDate=20260331&ViewType=Pdf,subsidiary_legislation,S 314/2024,Income Tax (Assignment of Functions under Section 3A — Economic Development Board) Notification 2024,ITA1947-S314-2024,,eng,2026-03-31,consolidation,in_force,,subsidiary_list,,,,
122,"seed,relevant,all",https://sso.agc.gov.sg/SL/ITA1947-S315-2024?DocDate=20260331&ViewType=Pdf,subsidiary_legislation,S 315/2024,Income Tax (Assignment of Functions under Section 3A — Enterprise Singapore Board) Notification 2024,ITA1947-S315-2024,,eng,2026-03-31,consolidation,in_force,,subsidiary_list,,,,
123,"seed,relevant,all",https://sso.agc.gov.sg/SL/ITA1947-S316-2024?DocDate=20251209&ViewType=Pdf,subsidiary_legislation,S 316/2024,Income Tax (Assignment of Functions under Section 3A — Maritime and Port Authority of Singapore) Notification 2024,ITA1947-S316-2024,,eng,2025-12-09,consolidation,in_force,,subsidiary_list,,,,
124,"seed,relevant,all",https://sso.agc.gov.sg/SL/ITA1947-S317-2024?DocDate=20240412&ViewType=Pdf,subsidiary_legislation,S 317/2024,Income Tax (Assignment of Functions under Section 3A — Singapore Tourism Board) Notification 2024,ITA1947-S317-2024,,eng,2024-04-12,consolidation,in_force,,subsidiary_list,,,,
125,"seed,relevant,all",https://sso.agc.gov.sg/SL/ITA1947-S943-2022?DocDate=20260223&ViewType=Pdf,subsidiary_legislation,S 943/2022,Income Tax (Assignment of Functions under Section 3A — Monetary Authority of Singapore) Notification 2022,ITA1947-S943-2022,,eng,2026-02-23,consolidation,in_force,,subsidiary_list,,,,
126,"seed,relevant,all",https://sso.agc.gov.sg/SL/ITA1947-S8-2020?DocDate=20200106&ViewType=Pdf,subsidiary_legislation,S 8/2020,Income Tax (AT Holdings Pte. Ltd. — Section 13(12) Exemption) Order 2020,ITA1947-S8-2020,,eng,2020-01-06,consolidation,in_force,,subsidiary_list,,,,
127,"seed,relevant,all",https://sso.agc.gov.sg/SL/ITA1947-S677-2021?DocDate=20210907&ViewType=Pdf,subsidiary_legislation,S 677/2021,Income Tax (AT Holdings Pte. Ltd. — Section 13(12) Exemption) Order 2021,ITA1947-S677-2021,,eng,2021-09-07,consolidation,in_force,,subsidiary_list,,,,
128,"seed,relevant,all",https://sso.agc.gov.sg/SL/ITA1947-S846-2024?DocDate=20241101&ViewType=Pdf,subsidiary_legislation,S 846/2024,Income Tax (AT Holdings Pte. Ltd. — Section 13(12) Exemption) Order 2024,ITA1947-S846-2024,,eng,2024-11-01,consolidation,in_force,,subsidiary_list,,,,
129,"seed,relevant,all",https://sso.agc.gov.sg/SL/ITA1947-S5-2020?DocDate=20200106&ViewType=Pdf,subsidiary_legislation,S 5/2020,"Income Tax (Azure Sky Investments 10 Pte Ltd, etc. — Section 13(4) Exemption) Notification 2020",ITA1947-S5-2020,,eng,2020-01-06,consolidation,in_force,,subsidiary_list,,,,
130,"seed,relevant,all",https://sso.agc.gov.sg/SL/ITA1947-S558-2019?DocDate=20190819&ViewType=Pdf,subsidiary_legislation,S 558/2019,Income Tax (Bail and Personal Bond) Rules 2019,ITA1947-S558-2019,,eng,2019-08-19,consolidation,in_force,,subsidiary_list,,,,
131,"seed,relevant,all",https://sso.agc.gov.sg/SL/ITA1947-S334-2025?DocDate=20250529&ViewType=Pdf,subsidiary_legislation,S 334/2025,Income Tax (Baohua Steel International Pte. Limited — Section 13(12) Exemption) Order 2025,ITA1947-S334-2025,,eng,2025-05-29,consolidation,in_force,,subsidiary_list,,,,
132,"seed,relevant,all",https://sso.agc.gov.sg/SL/ITA1947-S602-2025?DocDate=20250917&ViewType=Pdf,subsidiary_legislation,S 602/2025,Income Tax (Boardroom Pte. Ltd. — Section 13(12) Exemption) Order 2025,ITA1947-S602-2025,,eng,2025-09-17,consolidation,in_force,,subsidiary_list,,,,
133,"seed,relevant,all",https://sso.agc.gov.sg/SL/ITA1947-S613-2022?DocDate=20220726&ViewType=Pdf,subsidiary_legislation,S 613/2022,"Income Tax (CapitaLand Commercial Trust, etc. — Section 13(12) Exemption) Order 2022",ITA1947-S613-2022,,eng,2022-07-26,consolidation,in_force,,subsidiary_list,,,,
134,"seed,relevant,all",https://sso.agc.gov.sg/SL/ITA1947-S634-2019?DocDate=20190919&ViewType=Pdf,subsidiary_legislation,S 634/2019,Income Tax (Caterpillar Propulsion Pte Ltd — Section 13(12) Exemption) Order 2019,ITA1947-S634-2019,,eng,2019-09-19,consolidation,in_force,,subsidiary_list,,,,
135,"seed,relevant,all",https://sso.agc.gov.sg/SL/ITA1947-S88-2023?DocDate=20230221&ViewType=Pdf,subsidiary_legislation,S 88/2023,Income Tax (Concerto Singapore Pte. Ltd. — Section 13(4) Exemption) Notification 2023,ITA1947-S88-2023,,eng,2023-02-21,consolidation,in_force,,subsidiary_list,,,,
136,"seed,relevant,all",https://sso.agc.gov.sg/SL/ITA1947-S566-2008?DocDate=20200228&ViewType=Pdf,subsidiary_legislation,S 566/2008,Income Tax (Concessionary Rate of Tax for Aircraft Leasing Company) (Prescribed Activities) Regulations 2008,ITA1947-S566-2008,,eng,2020-02-28,consolidation,in_force,,subsidiary_list,,,,
137,"seed,relevant,all",https://sso.agc.gov.sg/SL/ITA1947-RG18?DocDate=20210630&ViewType=Pdf,subsidiary_legislation,,Income Tax (Concessionary Rate of Tax for Approved Finance and Treasury Centre) Regulations,ITA1947-RG18,,eng,2021-06-30,consolidation,in_force,,subsidiary_list,,,,
138,"seed,relevant,all",https://sso.agc.gov.sg/SL/ITA1947-S88-2017?DocDate=20240412&ViewType=Pdf,subsidiary_legislation,S 88/2017,Income Tax (Concessionary Rate of Tax for Approved Finance and Treasury Centre) Regulations 2017,ITA1947-S88-2017,,eng,2024-04-12,consolidation,in_force,,subsidiary_list,,,,
139,"seed,relevant,all",https://sso.agc.gov.sg/SL/ITA1947-RG6?DocDate=20130813&ViewType=Pdf,subsidiary_legislation,,Income Tax (Concessionary Rate of Tax for Approved Headquarters Company) Regulations,ITA1947-RG6,,eng,2013-08-13,consolidation,in_force,,subsidiary_list,,,,
140,"seed,relevant,all",https://sso.agc.gov.sg/SL/ITA1947-S136-2009?DocDate=20221206&ViewType=Pdf,subsidiary_legislation,S 136/2009,Income Tax (Concessionary Rate of Tax for Approved Insurance Brokers) Regulations 2009,ITA1947-S136-2009,,eng,2022-12-06,consolidation,in_force,,subsidiary_list,,,,
141,"seed,relevant,all",https://sso.agc.gov.sg/SL/ITA1947-S610-2017?DocDate=20251230&ViewType=Pdf,subsidiary_legislation,S 610/2017,Income Tax (Concessionary Rate of Tax for Approved Insurance Brokers) Regulations 2017,ITA1947-S610-2017,,eng,2025-12-30,consolidation,in_force,,subsidiary_list,,,,
142,"seed,relevant,all",https://sso.agc.gov.sg/SL/ITA1947-S731-2013?DocDate=20240412&ViewType=Pdf,subsidiary_legislation,S 731/2013,Income Tax (Concessionary Rate of Tax for Approved Qualifying Companies) Regulations 2013,ITA1947-S731-2013,,eng,2024-04-12,consolidation,in_force,,subsidiary_list,,,,
143,"seed,relevant,all",https://sso.agc.gov.sg/SL/ITA1947-RG21?DocDate=20171228&ViewType=Pdf,subsidiary_legislation,,Income Tax (Concessionary Rate of Tax for Approved Trustee Companies) Regulations,ITA1947-RG21,,eng,2017-12-28,consolidation,in_force,,subsidiary_list,,,,
144,"seed,relevant,all",https://sso.agc.gov.sg/SL/ITA1947-S735-2005?DocDate=20250609&ViewType=Pdf,subsidiary_legislation,S 735/2005,Income Tax (Concessionary Rate of Tax for Financial Sector Incentive Companies) Regulations 2005,ITA1947-S735-2005,,eng,2025-06-09,consolidation,in_force,,subsidiary_list,,,,
145,"seed,relevant,all",https://sso.agc.gov.sg/SL/ITA1947-S239-2017?DocDate=20250609&ViewType=Pdf,subsidiary_legislation,S 239/2017,Income Tax (Concessionary Rate of Tax for Financial Sector Incentive Companies) Regulations 2017,ITA1947-S239-2017,,eng,2025-06-09,consolidation,in_force,,subsidiary_list,,,,
146,"seed,relevant,all",https://sso.agc.gov.sg/SL/ITA1947-S289-2017?DocDate=20230201&ViewType=Pdf,subsidiary_legislation,S 289/2017,Income Tax (Concessionary Rate of Tax for Foreign Income of Approved Container Investment Enterprise) Order 2017,ITA1947-S289-2017,,eng,2023-02-01,consolidation,in_force,,subsidiary_list,,,,
147,"seed,relevant,all",https://sso.agc.gov.sg/SL/ITA1947-S33-2023?DocDate=20240412&ViewType=Pdf,subsidiary_legislation,S 33/2023,Income Tax (Concessionary Rate of Tax for Foreign Income of Approved Container Investment Enterprise) Order 2023,ITA1947-S33-2023,,eng,2024-04-12,consolidation,in_force,,subsidiary_list,,,,
148,"seed,relevant,all",https://sso.agc.gov.sg/SL/ITA1947-S341-2016?DocDate=20251128&ViewType=Pdf,subsidiary_legislation,S 341/2016,Income Tax (Concessionary Rate of Tax for Global Trading Companies) Regulations 2016,ITA1947-S341-2016,,eng,2025-11-28,consolidation,in_force,,subsidiary_list,,,,
149,"seed,relevant,all",https://sso.agc.gov.sg/SL/ITA1947-S155-2009?DocDate=20221206&ViewType=Pdf,subsidiary_legislation,S 155/2009,Income Tax (Concessionary Rate of Tax for Income Derived from Managing Qualifying Registered Business Trust or Company) Regulations 2009,ITA1947-S155-2009,,eng,2022-12-06,consolidation,in_force,,subsidiary_list,,,,
150,"seed,relevant,all",https://sso.agc.gov.sg/SL/ITA1947-S36-2021?DocDate=20230807&ViewType=Pdf,subsidiary_legislation,S 36/2021,Income Tax (Concessionary Rate of Tax for Intellectual Property Income) Regulations 2021,ITA1947-S36-2021,,eng,2023-08-07,consolidation,in_force,,subsidiary_list,,,,
151,"seed,relevant,all",https://sso.agc.gov.sg/SL/ITA1947-S595-2017?DocDate=20171025&ViewType=Pdf,subsidiary_legislation,S 595/2017,Income Tax (Concessionary Rate of Tax for International Growth Company) Regulations 2017,ITA1947-S595-2017,,eng,2017-10-25,consolidation,in_force,,subsidiary_list,,,,
152,"seed,relevant,all",https://sso.agc.gov.sg/SL/ITA1947-S4-2012?DocDate=20120106&ViewType=Pdf,subsidiary_legislation,S 4/2012,Income Tax (Concessionary Rate of Tax for Shipping-related Support Services) Regulations 2012,ITA1947-S4-2012,,eng,2012-01-06,consolidation,in_force,,subsidiary_list,,,,
153,"seed,relevant,all",https://sso.agc.gov.sg/SL/ITA1947-S673-2020?DocDate=20240412&ViewType=Pdf,subsidiary_legislation,S 673/2020,Income Tax (Concessionary Rate of Tax on Dividends — Aircraft Leasing Company) Order 2020,ITA1947-S673-2020,,eng,2024-04-12,consolidation,in_force,,subsidiary_list,,,,
154,"seed,relevant,all",https://sso.agc.gov.sg/SL/ITA1947-RG32?DocDate=20260402&ViewType=Pdf,subsidiary_legislation,,Income Tax (Concessionary Rate of Tax or Exemption for Income Derived from Debt Securities) Regulations,ITA1947-RG32,,eng,2026-04-02,consolidation,in_force,,subsidiary_list,,,,
155,"seed,relevant,all",https://sso.agc.gov.sg/SL/ITA1947-S356-2024?DocDate=20240429&ViewType=Pdf,subsidiary_legislation,S 356/2024,Income Tax (Cromwell European Real Estate Investment Trust — Section 13(12) Exemption) (No. 2) Order 2024,ITA1947-S356-2024,,eng,2024-04-29,consolidation,in_force,,subsidiary_list,,,,
156,"seed,relevant,all",https://sso.agc.gov.sg/SL/ITA1947-S184-2024?DocDate=20240305&ViewType=Pdf,subsidiary_legislation,S 184/2024,Income Tax (Cromwell European Real Estate Investment Trust — Section 13(12) Exemption) Order 2024,ITA1947-S184-2024,,eng,2024-03-05,consolidation,in_force,,subsidiary_list,,,,
157,"seed,relevant,all",https://sso.agc.gov.sg/SL/ITA1947-S625-2021?DocDate=20210819&ViewType=Pdf,subsidiary_legislation,S 625/2021,Income Tax (Cromwell SG SPV 5 Pte Ltd — Section 13(12) Exemption) Order 2021,ITA1947-S625-2021,,eng,2021-08-19,consolidation,in_force,,subsidiary_list,,,,
158,"seed,relevant,all",https://sso.agc.gov.sg/SL/ITA1947-S615-2022?DocDate=20220726&ViewType=Pdf,subsidiary_legislation,S 615/2022,Income Tax (Cromwell SG SPV 5 Pte. Ltd. — Section 13(12) Exemption) Order 2022,ITA1947-S615-2022,,eng,2022-07-26,consolidation,in_force,,subsidiary_list,,,,
159,"seed,relevant,all",https://sso.agc.gov.sg/SL/ITA1947-S584-2012?DocDate=20210512&ViewType=Pdf,subsidiary_legislation,S 584/2012,Income Tax (Deduction for Acquisition of Shares of Companies) Regulations 2012,ITA1947-S584-2012,,eng,2021-05-12,consolidation,in_force,,subsidiary_list,,,,
160,"seed,relevant,all",https://sso.agc.gov.sg/SL/ITA1947-S793-2019?DocDate=20191202&ViewType=Pdf,subsidiary_legislation,S 793/2019,Income Tax (Deduction for Expenditure for Services or Secondment to Institutions of a Public Character) Rules 2019,ITA1947-S793-2019,,eng,2019-12-02,consolidation,in_force,,subsidiary_list,,,,
161,"seed,relevant,all",https://sso.agc.gov.sg/SL/ITA1947-S794-2019?DocDate=20191202&ViewType=Pdf,subsidiary_legislation,S 794/2019,Income Tax (Deduction for Expenditure of Qualifying Individual under Section 14ZD) Rules 2019,ITA1947-S794-2019,,eng,2019-12-02,consolidation,in_force,,subsidiary_list,,,,
162,"seed,relevant,all",https://sso.agc.gov.sg/SL/ITA1947-S599-2013?DocDate=20130918&ViewType=Pdf,subsidiary_legislation,S 599/2013,Income Tax (Deduction for Qualifying Training Expenditure) (Prescribed Classes of Individuals) Rules 2013,ITA1947-S599-2013,,eng,2013-09-18,consolidation,in_force,,subsidiary_list,,,,
163,"seed,relevant,all",https://sso.agc.gov.sg/SL/ITA1947-S148-2012?DocDate=20130403&ViewType=Pdf,subsidiary_legislation,S 148/2012,Income Tax (Deduction for Resident Individual) (Prescribed Payment) Regulations 2012,ITA1947-S148-2012,,eng,2013-04-03,consolidation,in_force,,subsidiary_list,,,,
164,"seed,relevant,all",https://sso.agc.gov.sg/SL/ITA1947-S885-2023?DocDate=20231226&ViewType=Pdf,subsidiary_legislation,S 885/2023,Income Tax (Deduction under Section 14ZH) (Prescribed Percentages) Rules 2023,ITA1947-S885-2023,,eng,2023-12-26,consolidation,in_force,,subsidiary_list,,,,
165,"seed,relevant,all",https://sso.agc.gov.sg/SL/ITA1947-S520-2015?DocDate=20150831&ViewType=Pdf,subsidiary_legislation,S 520/2015,Income Tax (Definition of Designated Unit Trust) Rules 2015,ITA1947-S520-2015,,eng,2015-08-31,consolidation,in_force,,subsidiary_list,,,,
166,"seed,relevant,all",https://sso.agc.gov.sg/SL/ITA1947-S286-2026?DocDate=20260506&ViewType=Pdf,subsidiary_legislation,S 286/2026,Income Tax (Digital Core REIT — Section 13(12) Exemption) Order 2026,ITA1947-S286-2026,,eng,2026-05-06,consolidation,in_force,,subsidiary_list,,,,
167,"seed,relevant,all",https://sso.agc.gov.sg/SL/ITA1947-S965-2022?DocDate=20221216&ViewType=Pdf,subsidiary_legislation,S 965/2022,Income Tax (Dreymoor Fertilizers Overseas Pte. Ltd. — Section 13(4) Exemption) Notification 2022,ITA1947-S965-2022,,eng,2022-12-16,consolidation,in_force,,subsidiary_list,,,,
168,"seed,relevant,all",https://sso.agc.gov.sg/SL/ITA1947-S408-2018?DocDate=20180618&ViewType=Pdf,subsidiary_legislation,S 408/2018,Income Tax (Electronic Service) Regulations 2018,ITA1947-S408-2018,,eng,2018-06-18,consolidation,in_force,,subsidiary_list,,,,
169,"seed,relevant,all",https://sso.agc.gov.sg/SL/ITA1947-S354-2024?DocDate=20250327&ViewType=Pdf,subsidiary_legislation,S 354/2024,Income Tax (Eligible Courses in Section 14ZG(5)) Rules 2024,ITA1947-S354-2024,,eng,2025-03-27,consolidation,in_force,,subsidiary_list,,,,
170,"seed,relevant,all",https://sso.agc.gov.sg/SL/ITA1947-S611-2022?DocDate=20220726&ViewType=Pdf,subsidiary_legislation,S 611/2022,Income Tax (Elite Commercial REIT — Section 13(12) Exemption) (No. 2) Order 2022,ITA1947-S611-2022,,eng,2022-07-26,consolidation,in_force,,subsidiary_list,,,,
171,"seed,relevant,all",https://sso.agc.gov.sg/SL/ITA1947-S612-2022?DocDate=20220726&ViewType=Pdf,subsidiary_legislation,S 612/2022,Income Tax (Elite Commercial REIT — Section 13(12) Exemption) (No. 3) Order 2022,ITA1947-S612-2022,,eng,2022-07-26,consolidation,in_force,,subsidiary_list,,,,
172,"seed,relevant,all",https://sso.agc.gov.sg/SL/ITA1947-S610-2022?DocDate=20220726&ViewType=Pdf,subsidiary_legislation,S 610/2022,Income Tax (Elite Commercial REIT — Section 13(12) Exemption) Order 2022,ITA1947-S610-2022,,eng,2022-07-26,consolidation,in_force,,subsidiary_list,,,,
173,"seed,relevant,all",https://sso.agc.gov.sg/SL/ITA1947-S9-2015?DocDate=20150114&ViewType=Pdf,subsidiary_legislation,S 9/2015,Income Tax (Employment Gains or Profits — Furniture and Fittings in Place of Residence) Regulations 2015,ITA1947-S9-2015,,eng,2015-01-14,consolidation,in_force,,subsidiary_list,,,,
174,"seed,relevant,all",https://sso.agc.gov.sg/SL/ITA1947-S9-2026?DocDate=20260112&ViewType=Pdf,subsidiary_legislation,S 9/2026,Income Tax (Ennovi Plastic Industries Pte. Ltd. — Section 13(12) Exemption) Order 2026,ITA1947-S9-2026,,eng,2026-01-12,consolidation,in_force,,subsidiary_list,,,,
175,"seed,relevant,all",https://sso.agc.gov.sg/SL/ITA1947-S85-2020?DocDate=20200206&ViewType=Pdf,subsidiary_legislation,S 85/2020,Income Tax (Exchange of Information Arrangement) (United States of America) Order 2020,ITA1947-S85-2020,,eng,2020-02-06,consolidation,in_force,,subsidiary_list,,,,
176,"seed,relevant,all",https://sso.agc.gov.sg/Act/TA1999?ViewType=Pdf,principal_act,Act 43 of 1999,Telecommunications Act 1999,TA1999,,eng,2025-10-01,consolidation,in_force,Act 12 of 2020,seed,,"P7-I3,P7-I5",,
177,"seed,relevant,all",https://sso.agc.gov.sg/SL/TA1999-RG1?DocDate=20161003&ViewType=Pdf,subsidiary_legislation,,Telecommunications (Certificates of Competency for Ship Station Operators) Regulations,TA1999-RG1,Act 43 of 1999,eng,2016-10-03,consolidation,in_force,,subsidiary_list,,,,
178,"seed,relevant,all",https://sso.agc.gov.sg/SL/TA1999-RG3?DocDate=20161003&ViewType=Pdf,subsidiary_legislation,,Telecommunications (Class Licences) Regulations,TA1999-RG3,Act 43 of 1999,eng,2016-10-03,consolidation,in_force,,subsidiary_list,,,,
179,"seed,relevant,all",https://sso.agc.gov.sg/SL/TA1999-S706-2005?DocDate=20240628&ViewType=Pdf,subsidiary_legislation,S 706/2005,Telecommunications (Composition of Offences) Regulations 2005,TA1999-S706-2005,Act 43 of 1999,eng,2024-06-28,consolidation,in_force,,subsidiary_list,,,,
180,"seed,relevant,all",https://sso.agc.gov.sg/SL/TA1999-RG6?DocDate=20230829&ViewType=Pdf,subsidiary_legislation,,Telecommunications (Dealers) Regulations,TA1999-RG6,Act 43 of 1999,eng,2023-08-29,consolidation,in_force,,subsidiary_list,,,,
181,"seed,relevant,all",https://sso.agc.gov.sg/SL/TA1999-S405-2017?DocDate=20170718&ViewType=Pdf,subsidiary_legislation,S 405/2017,Telecommunications (Designated Business Trust) Notification 2017,TA1999-S405-2017,Act 43 of 1999,eng,2017-07-18,consolidation,in_force,,subsidiary_list,,,,
182,"seed,relevant,all",https://sso.agc.gov.sg/SL/TA1999-S35-2012?DocDate=20170920&ViewType=Pdf,subsidiary_legislation,S 35/2012,Telecommunications (Designated Telecommunication Licensees) Notification 2012,TA1999-S35-2012,Act 43 of 1999,eng,2017-09-20,consolidation,in_force,,subsidiary_list,,,,
183,"seed,relevant,all",https://sso.agc.gov.sg/SL/TA1999-S404-2017?DocDate=20170718&ViewType=Pdf,subsidiary_legislation,S 404/2017,Telecommunications (Designated Trust) Notification 2017,TA1999-S404-2017,Act 43 of 1999,eng,2017-07-18,consolidation,in_force,,subsidiary_list,,,,
184,"seed,relevant,all",https://sso.agc.gov.sg/SL/TA1999-S242-2022?DocDate=20220331&ViewType=Pdf,subsidiary_legislation,S 242/2022,Telecommunications (Dispute Resolution Scheme) Regulations 2022,TA1999-S242-2022,Act 43 of 1999,eng,2022-03-31,consolidation,in_force,,subsidiary_list,,,,
185,"seed,relevant,all",https://sso.agc.gov.sg/SL/TA1999-S381-2024?DocDate=20240430&ViewType=Pdf,subsidiary_legislation,S 381/2024,Telecommunications (Exemption from Section 54(1)(a) and Telecommunications (Dealers) Regulations) Notification 2024,TA1999-S381-2024,Act 43 of 1999,eng,2024-04-30,consolidation,in_force,,subsidiary_list,,,,
186,"seed,relevant,all",https://sso.agc.gov.sg/SL/TA1999-N1?DocDate=20230828&ViewType=Pdf,subsidiary_legislation,,"Telecommunications (Exemption from sections 53, 54(1)(b) and 55) Notification",TA1999-N1,Act 43 of 1999,eng,2023-08-28,consolidation,in_force,,subsidiary_list,,,,
187,"seed,relevant,all",https://sso.agc.gov.sg/SL/TA1999-S34-2012?DocDate=20120131&ViewType=Pdf,subsidiary_legislation,S 34/2012,Telecommunications (Prescribed Transactions) Order 2012,TA1999-S34-2012,Act 43 of 1999,eng,2012-01-31,consolidation,in_force,,subsidiary_list,,,,
188,"seed,relevant,all",https://sso.agc.gov.sg/SL/TA1999-S403-2017?DocDate=20170718&ViewType=Pdf,subsidiary_legislation,S 403/2017,Telecommunications (Prescribed Trusts) Regulations 2017,TA1999-S403-2017,Act 43 of 1999,eng,2017-07-18,consolidation,in_force,,subsidiary_list,,,,
189,"seed,relevant,all",https://sso.agc.gov.sg/SL/TA1999-RG5?DocDate=20020930&ViewType=Pdf,subsidiary_legislation,,Telecommunications (Radio-communication) Regulations,TA1999-RG5,Act 43 of 1999,eng,2002-09-30,consolidation,in_force,,subsidiary_list,,,,
190,"seed,relevant,all",https://sso.agc.gov.sg/SL/TA1999-S559-2024?DocDate=20241108&ViewType=Pdf,subsidiary_legislation,S 559/2024,Telecommunications (Wiring Work) Regulations 2024,TA1999-S559-2024,Act 43 of 1999,eng,2024-11-08,consolidation,in_force,,subsidiary_list,,,,
191,"seed,relevant,all",https://sso.agc.gov.sg/Acts-Supp/40-2020/,amending_act,Act 40 of 2020,Personal Data Protection (Amendment) Act 2020,,,eng,,,unknown,,seed,,"P6-I1,P6-I3,P6-I4,P7-I1,P7-I3,P7-I5",,status_unknown
192,"seed,relevant,all",https://www.pdpc.gov.sg/-/media/Files/PDPC/PDF-Files/Other-Guides/DPIA/Guide-to-Data-Protection-Impact-Assessments-14-Sep-2021.pdf,agency_or_other,,Guide to Data Protection Impact Assessments (PDPC),,,eng,,,unknown,,seed,,P7-I4,,status_unknown
193,"seed,relevant,all",https://sso.agc.gov.sg/Acts-Supp/19-2024/Published/20240704,amending_act,Act 19 of 2024,Cybersecurity (Amendment) Act 2024,,,eng,,,unknown,,seed,,P7-I2,,status_unknown
194,"seed,relevant,all",https://sso.agc.gov.sg/SL-Supp/S677-2025/Published/20251015,subsidiary_legislation,S 677/2025,Cybersecurity (Amendment) Act 2024 (Commencement) Notification 2025,,,eng,,,unknown,,seed,,P7-I2,,status_unknown
195,"seed,relevant,all",https://sso.agc.gov.sg/SL-Supp/S217-2025/Published/20250328,subsidiary_legislation,S 217/2025,Personal Data Protection (Statutory Bodies) (Amendment) Notification 2025,,,eng,,,unknown,,seed,,P7-I1,,status_unknown
196,"seed,relevant,all",https://sso.agc.gov.sg/SL/PDPA2012-S63-2021,subsidiary_legislation,S 63/2021,Personal Data Protection Regulations 2021,,,eng,,,unknown,,seed,,"P6-I4,P7-I1",,status_unknown
197,"seed,relevant,all",https://www.pdpc.gov.sg/-/media/files/pdpc/pdf-files/advisory-guidelines/advisory-guidelines-on-the-pdpa-for-children%27s-personal-data-in-the-digital-environment_mar24.pdf,agency_or_other,,"Advisory Guidelines on the PDPA for Children's Personal Data (PDPC, 2024)",,,eng,,,unknown,,seed,,P7-I4,,status_unknown
198,"seed,relevant,all",https://www.mas.gov.sg/-/media/mas-media-library/regulation/notices/trpd/notice-fsm-n16/mas-notice-fsm-n16.pdf?sc_lang=en,agency_or_other,FSM-N16,MAS Notice FSM-N16 Cyber Hygiene,,,eng,,,unknown,,seed,,P7-I2,,status_unknown
199,"seed,relevant,all",https://sso.agc.gov.sg/SL/PDPA2012-S64-2021,subsidiary_legislation,S 64/2021,Personal Data Protection (Notification of Data Breaches) Regulations 2021,,,eng,,,unknown,,seed,,P7-I1,,status_unknown
200,"seed,relevant,all",https://sso.agc.gov.sg/SL/CA2018-S519-2018,subsidiary_legislation,S 519/2018,Cybersecurity (Critical Information Infrastructure) Regulations 2018,,,eng,,,unknown,,seed,,P7-I2,,status_unknown
201,"seed,relevant,all",https://sso.agc.gov.sg/SL-Supp/S678-2025/Published/20251015,subsidiary_legislation,S 678/2025,Cybersecurity (Critical Information Infrastructure) (Amendment) Regulations 2025,,,eng,,,unknown,,seed,,P7-I2,,status_unknown
202,"seed,relevant,all",https://isomer-user-content.by.gov.sg/36/2df750a7-a3bc-4d77-a492-d64f0ff4db5a/CCoP---Second-Edition_Revision-One.pdf,agency_or_other,CCoP 2.0 Rev 1,Cybersecurity Code of Practice for Critical Information Infrastructure (Second Edition),,,eng,,,unknown,,seed,,P7-I2,,status_unknown
203,"seed,relevant,all",https://www.mas.gov.sg/-/media/MAS/Regulations-and-Financial-Stability/Regulatory-and-Supervisory-Framework/Risk-Management/TRM-Guidelines-18-January-2021.pdf,agency_or_other,,MAS Technology Risk Management Guidelines (2021),,,eng,,,unknown,,seed,,P7-I2,,status_unknown
204,"relevant,all",https://sso.agc.gov.sg/Act/CMA1993?ViewType=Pdf,principal_act,,Computer Misuse Act 1993,CMA1993,,eng,,consolidation,in_force,,browse_listing,,,,amendment_check_incomplete
205,all,https://sso.agc.gov.sg/Act/AA2004?ViewType=Pdf,principal_act,Act 4 of 2004,Accountants Act 2004,AA2004,,eng,2026-05-06,consolidation,in_force,Act 24 of 2025,browse_listing,,,,
206,all,https://sso.agc.gov.sg/Act/ACRAA2004?ViewType=Pdf,principal_act,Act 3 of 2004,Accounting and Corporate Regulatory Authority Act 2004,ACRAA2004,,eng,2026-05-06,consolidation,in_force,Act 24 of 2025,browse_listing,,,,
207,all,https://sso.agc.gov.sg/Act/ASA2007?ViewType=Pdf,principal_act,Act 39 of 2007,Accounting Standards Act 2007,ASA2007,,eng,2026-07-01,consolidation,in_force,Act 17 of 2026,browse_listing,,,,
208,all,https://sso.agc.gov.sg/Act/AMA2017?ViewType=Pdf,principal_act,Act 3 of 2017,Active Mobility Act 2017,AMA2017,,eng,2026-06-01,consolidation,in_force,Act 5 of 2026,browse_listing,,,,
209,all,https://sso.agc.gov.sg/Act/AJPA2016?ViewType=Pdf,principal_act,Act 19 of 2016,Administration of Justice (Protection) Act 2016,AJPA2016,,eng,2025-01-28,consolidation,in_force,Act 45 of 2024,browse_listing,,,,
210,all,https://sso.agc.gov.sg/Act/AMLA1966?ViewType=Pdf,principal_act,,Administration of Muslim Law Act 1966,AMLA1966,,eng,2025-10-01,consolidation,in_force,Act 4 of 2024,browse_listing,,,,
211,all,https://sso.agc.gov.sg/Act/ACA2022?ViewType=Pdf,principal_act,Act 20 of 2022,Adoption of Children Act 2022,ACA2022,,eng,2024-10-15,consolidation,in_force,Act 31 of 2022,browse_listing,,,,
212,all,https://sso.agc.gov.sg/Act/AMDA1996?ViewType=Pdf,principal_act,Act 16 of 1996,Advance Medical Directive Act 1996,AMDA1996,,eng,2023-05-01,consolidation,in_force,Act 11 of 2023,browse_listing,,,,
213,all,https://sso.agc.gov.sg/Act/ASTRA1990?ViewType=Pdf,principal_act,Act 24 of 1990,"Agency for Science, Technology and Research Act 1990",ASTRA1990,,eng,2021-12-31,consolidation,in_force,Act 5 of 2018,browse_listing,,,,
214,all,https://sso.agc.gov.sg/Act/ANA1966?ViewType=Pdf,principal_act,,Air Navigation Act 1966,ANA1966,,eng,2025-07-01,consolidation,in_force,Act 3 of 2021,browse_listing,,,,
215,all,https://sso.agc.gov.sg/Act/AHPA2011?ViewType=Pdf,principal_act,Act 1 of 2011,Allied Health Professions Act 2011,AHPA2011,,eng,2025-12-05,consolidation,in_force,Act 19 of 2025,browse_listing,,,,
216,all,https://sso.agc.gov.sg/Act/ARSA2011?ViewType=Pdf,principal_act,Act 6 of 2011,Amusement Rides Safety Act 2011,ARSA2011,,eng,2023-12-18,consolidation,in_force,Act 23 of 2023,browse_listing,,,,
217,all,https://sso.agc.gov.sg/Act/ABA1965?ViewType=Pdf,principal_act,,Animals and Birds Act 1965,ABA1965,,eng,2022-03-01,consolidation,in_force,Act 23 of 2021,browse_listing,,,,
218,all,https://sso.agc.gov.sg/Act/AA2020?ViewType=Pdf,principal_act,Act 38 of 2020,Apostille Act 2020,AA2020,,eng,2021-12-31,consolidation,in_force,,browse_listing,,,,
219,all,https://sso.agc.gov.sg/Act/AELA1993?ViewType=Pdf,principal_act,Act 35 of 1993,Application of English Law Act 1993,AELA1993,,eng,2021-12-31,consolidation,in_force,Act 4 of 2021,browse_listing,,,,
220,all,https://sso.agc.gov.sg/Act/AA1928?ViewType=Pdf,principal_act,,Apportionment Act 1928,AA1928,,eng,2021-12-31,consolidation,in_force,,browse_listing,,,,
221,all,https://sso.agc.gov.sg/Act/ARA1909?ViewType=Pdf,principal_act,,Apportionment of Rents Act 1909,ARA1909,,eng,2021-12-31,consolidation,in_force,Act 17 of 2001,browse_listing,,,,
222,all,https://sso.agc.gov.sg/Act/AA1906?ViewType=Pdf,principal_act,,Appraisers Act 1906,AA1906,,eng,2021-12-31,consolidation,in_force,Act 4 of 2021,browse_listing,,,,
223,all,https://sso.agc.gov.sg/Act/AIIDA1968?ViewType=Pdf,principal_act,,Arbitration (International Investment Disputes) Act 1968,AIIDA1968,,eng,2022-04-01,consolidation,in_force,Act 25 of 2021,browse_listing,,,,
224,all,https://sso.agc.gov.sg/Act/AA2001?ViewType=Pdf,principal_act,Act 37 of 2001,Arbitration Act 2001,AA2001,,eng,2025-03-09,consolidation,in_force,Act 5 of 2025,browse_listing,,,,
225,all,https://sso.agc.gov.sg/Act/AA1991?ViewType=Pdf,principal_act,Act 22 of 1991,Architects Act 1991,AA1991,,eng,2026-05-01,consolidation,in_force,Act 15 of 2026,browse_listing,,,,
226,all,https://sso.agc.gov.sg/Act/AOA1973?ViewType=Pdf,principal_act,,Arms Offences Act 1973,AOA1973,,eng,2025-07-01,consolidation,in_force,Act 3 of 2021,browse_listing,,,,
227,all,https://sso.agc.gov.sg/Act/ADBA1966?ViewType=Pdf,principal_act,,Asian Development Bank Act 1966,ADBA1966,,eng,2021-12-31,consolidation,in_force,Act 11 of 1991,browse_listing,,,,
228,all,https://sso.agc.gov.sg/Act/AIIBA2015?ViewType=Pdf,principal_act,Act 24 of 2015,Asian Infrastructure Investment Bank Act 2015,AIIBA2015,,eng,2021-12-31,consolidation,in_force,,browse_listing,,,,
229,all,https://sso.agc.gov.sg/Act/AGAFA2014?ViewType=Pdf,principal_act,Act 25 of 2014,Attorney-General (Additional Functions) Act 2014,AGAFA2014,,eng,2026-07-01,consolidation,in_force,Act 17 of 2026,browse_listing,,,,
230,all,https://sso.agc.gov.sg/Act/AA1966?ViewType=Pdf,principal_act,,Audit Act 1966,AA1966,,eng,2021-12-31,consolidation,in_force,Act 42 of 2017,browse_listing,,,,
231,all,https://sso.agc.gov.sg/Act/BEA1949?ViewType=Pdf,principal_act,,Bills of Exchange Act 1949,BEA1949,,eng,2021-12-31,consolidation,in_force,Act 7 of 2009,browse_listing,,,,
232,all,https://sso.agc.gov.sg/Act/BLA1992?ViewType=Pdf,principal_act,,Bills of Lading Act 1992,BLA1992,,eng,2021-12-31,consolidation,in_force,Act 5 of 2021,browse_listing,,,,
233,all,https://sso.agc.gov.sg/Act/BSA1886?ViewType=Pdf,principal_act,,Bills of Sale Act 1886,BSA1886,,eng,2022-04-01,consolidation,in_force,Act 25 of 2021,browse_listing,,,,
234,all,https://sso.agc.gov.sg/Act/BATA2005?ViewType=Pdf,principal_act,Act 36 of 2005,Biological Agents and Toxins Act 2005,BATA2005,,eng,2023-10-09,consolidation,in_force,S 657/2023,browse_listing,,,,
235,all,https://sso.agc.gov.sg/Act/BSO1911?ViewType=Pdf,principal_act,,Bishop of Singapore Ordinance 1911,BSO1911,,eng,2021-12-31,consolidation,in_force,Act 7 of 1997,browse_listing,,,,
236,all,https://sso.agc.gov.sg/Act/BSMA1998?ViewType=Pdf,principal_act,Act 35 of 1998,Boundaries and Survey Maps Act 1998,BSMA1998,,eng,2025-10-01,consolidation,in_force,Act 25 of 2024,browse_listing,,,,
237,all,https://sso.agc.gov.sg/Act/BSAA1926?ViewType=Pdf,principal_act,,Boy Scouts Association Act 1926,BSAA1926,,eng,2021-12-31,consolidation,in_force,,browse_listing,,,,
238,all,https://sso.agc.gov.sg/Act/BWAA1966?ViewType=Pdf,principal_act,,Bretton Woods Agreements Act 1966,BWAA1966,,eng,2023-12-11,consolidation,in_force,Act 20 of 2023,browse_listing,,,,
239,all,https://sso.agc.gov.sg/Act/BA1994?ViewType=Pdf,principal_act,Act 15 of 1994,Broadcasting Act 1994,BA1994,,eng,2024-09-25,consolidation,in_force,S 738/2024,browse_listing,,,,
240,all,https://sso.agc.gov.sg/Act/BSGO1950?ViewType=Pdf,principal_act,,Brothers of St. Gabriel Ordinance 1950,BSGO1950,,eng,,consolidation,in_force,,browse_listing,,,,amendment_check_incomplete
241,all,https://sso.agc.gov.sg/Act/BSMA2004?ViewType=Pdf,principal_act,,Building (Strata Management) Act 2004,BSMA2004,,eng,,consolidation,in_force,,browse_listing,,,,amendment_check_incomplete
242,all,https://sso.agc.gov.sg/Act/BCAA1999?ViewType=Pdf,principal_act,,Building and Construction Authority Act 1999,BCAA1999,,eng,,consolidation,in_force,,browse_listing,,,,amendment_check_incomplete
243,all,https://sso.agc.gov.sg/Act/BCISPA2004?ViewType=Pdf,principal_act,,Building and Construction Industry Security of Payment Act 2004,BCISPA2004,,eng,,consolidation,in_force,,browse_listing,,,,amendment_check_incomplete
244,all,https://sso.agc.gov.sg/Act/BCA1989?ViewType=Pdf,principal_act,,Building Control Act 1989,BCA1989,,eng,,consolidation,in_force,,browse_listing,,,,amendment_check_incomplete
245,all,https://sso.agc.gov.sg/Act/BSIA2015?ViewType=Pdf,principal_act,,Bus Services Industry Act 2015,BSIA2015,,eng,,consolidation,in_force,,browse_listing,,,,amendment_check_incomplete
246,all,https://sso.agc.gov.sg/Act/BNRA2014?ViewType=Pdf,principal_act,,Business Names Registration Act 2014,BNRA2014,,eng,,consolidation,in_force,,browse_listing,,,,amendment_check_incomplete
247,all,https://sso.agc.gov.sg/Act/BTA2004?ViewType=Pdf,principal_act,,Business Trusts Act 2004,BTA2004,,eng,,consolidation,in_force,,browse_listing,,,,amendment_check_incomplete
248,all,https://sso.agc.gov.sg/Act/CPA2018?ViewType=Pdf,principal_act,,Carbon Pricing Act 2018,CPA2018,,eng,,consolidation,in_force,,browse_listing,,,,amendment_check_incomplete
249,all,https://sso.agc.gov.sg/Act/CLLTCA2019?ViewType=Pdf,principal_act,,CareShield Life and Long-Term Care Act 2019,CLLTCA2019,,eng,,consolidation,in_force,,browse_listing,,,,amendment_check_incomplete
250,all,https://sso.agc.gov.sg/Act/CAMC1999A2007?ViewType=Pdf,principal_act,,"Carriage by Air (Montreal Convention, 1999) Act 2007",CAMC1999A2007,,eng,,consolidation,in_force,,browse_listing,,,,amendment_check_incomplete
251,all,https://sso.agc.gov.sg/Act/CAA1988?ViewType=Pdf,principal_act,,Carriage by Air Act 1988,CAA1988,,eng,,consolidation,in_force,,browse_listing,,,,amendment_check_incomplete
252,all,https://sso.agc.gov.sg/Act/CGSA1972?ViewType=Pdf,principal_act,,Carriage of Goods by Sea Act 1972,CGSA1972,,eng,,consolidation,in_force,,browse_listing,,,,amendment_check_incomplete
253,all,https://sso.agc.gov.sg/Act/CCA2006?ViewType=Pdf,principal_act,,Casino Control Act 2006,CCA2006,,eng,,consolidation,in_force,,browse_listing,,,,amendment_check_incomplete
254,all,https://sso.agc.gov.sg/Act/CA1973?ViewType=Pdf,principal_act,,Census Act 1973,CA1973,,eng,,consolidation,in_force,,browse_listing,,,,amendment_check_incomplete
255,all,https://sso.agc.gov.sg/Act/CPFA1953?ViewType=Pdf,principal_act,,Central Provident Fund Act 1953,CPFA1953,,eng,,consolidation,in_force,,browse_listing,,,,amendment_check_incomplete
256,all,https://sso.agc.gov.sg/Act/CSGBA1981?ViewType=Pdf,principal_act,,Central Sikh Gurdwara Board Act 1981,CSGBA1981,,eng,,consolidation,in_force,,browse_listing,,,,amendment_check_incomplete
257,all,https://sso.agc.gov.sg/Act/CA1994?ViewType=Pdf,principal_act,,Charities Act 1994,CA1994,,eng,,consolidation,in_force,,browse_listing,,,,amendment_check_incomplete
258,all,https://sso.agc.gov.sg/Act/CWPA2000?ViewType=Pdf,principal_act,,Chemical Weapons (Prohibition) Act 2000,CWPA2000,,eng,,consolidation,in_force,,browse_listing,,,,amendment_check_incomplete
259,all,https://sso.agc.gov.sg/Act/CDCSA2001?ViewType=Pdf,principal_act,,Child Development Co-Savings Act 2001,CDCSA2001,,eng,,consolidation,in_force,,browse_listing,,,,amendment_check_incomplete
260,all,https://sso.agc.gov.sg/Act/CYPA1993?ViewType=Pdf,principal_act,,Children and Young Persons Act 1993,CYPA1993,,eng,,consolidation,in_force,,browse_listing,,,,amendment_check_incomplete
261,all,https://sso.agc.gov.sg/Act/CFA1971?ViewType=Pdf,principal_act,,Chit Funds Act 1971,CFA1971,,eng,,consolidation,in_force,,browse_listing,,,,amendment_check_incomplete
262,all,https://sso.agc.gov.sg/Act/CCAA2016?ViewType=Pdf,principal_act,,Choice of Court Agreements Act 2016,CCAA2016,,eng,,consolidation,in_force,,browse_listing,,,,amendment_check_incomplete
263,all,https://sso.agc.gov.sg/Act/CBSVO1915?ViewType=Pdf,principal_act,,Christian Brothers’ Schools Visitor Ordinance 1915,CBSVO1915,,eng,,consolidation,in_force,,browse_listing,,,,amendment_check_incomplete
264,all,https://sso.agc.gov.sg/Act/CAASA2009?ViewType=Pdf,principal_act,,Civil Aviation Authority of Singapore Act 2009,CAASA2009,,eng,,consolidation,in_force,,browse_listing,,,,amendment_check_incomplete
265,all,https://sso.agc.gov.sg/Act/CDA1986?ViewType=Pdf,principal_act,,Civil Defence Act 1986,CDA1986,,eng,,consolidation,in_force,,browse_listing,,,,amendment_check_incomplete
266,all,https://sso.agc.gov.sg/Act/CDSA1997?ViewType=Pdf,principal_act,,Civil Defence Shelter Act 1997,CDSA1997,,eng,,consolidation,in_force,,browse_listing,,,,amendment_check_incomplete
267,all,https://sso.agc.gov.sg/Act/CLA1909?ViewType=Pdf,principal_act,,Civil Law Act 1909,CLA1909,,eng,,consolidation,in_force,,browse_listing,,,,amendment_check_incomplete
268,all,https://sso.agc.gov.sg/Act/CLGA1970?ViewType=Pdf,principal_act,,Civil List and Gratuity Act 1970,CLGA1970,,eng,,consolidation,in_force,,browse_listing,,,,amendment_check_incomplete
269,all,https://sso.agc.gov.sg/Act/CSCA2001?ViewType=Pdf,principal_act,,Civil Service College Act 2001,CSCA2001,,eng,,consolidation,in_force,,browse_listing,,,,amendment_check_incomplete
270,all,https://sso.agc.gov.sg/Act/CTA1992?ViewType=Pdf,principal_act,,Commodity Trading Act 1992,CTA1992,,eng,,consolidation,in_force,,browse_listing,,,,amendment_check_incomplete
271,all,https://sso.agc.gov.sg/Act/CSTA2018?ViewType=Pdf,principal_act,,Common Services Tunnels Act 2018,CSTA2018,,eng,,consolidation,in_force,,browse_listing,,,,amendment_check_incomplete
272,all,https://sso.agc.gov.sg/Act/CDAA2025?ViewType=Pdf,principal_act,,Communicable Diseases Agency Act 2025,CDAA2025,,eng,,consolidation,in_force,,browse_listing,,,,amendment_check_incomplete
273,all,https://sso.agc.gov.sg/Act/CCEFA2005?ViewType=Pdf,principal_act,,Community Care Endowment Fund Act 2005,CCEFA2005,,eng,,consolidation,in_force,,browse_listing,,,,amendment_check_incomplete
274,all,https://sso.agc.gov.sg/Act/CDRA2015?ViewType=Pdf,principal_act,,Community Disputes Resolution Act 2015,CDRA2015,,eng,,consolidation,in_force,,browse_listing,,,,amendment_check_incomplete
275,all,https://sso.agc.gov.sg/Act/CMCA1997?ViewType=Pdf,principal_act,,Community Mediation Centres Act 1997,CMCA1997,,eng,,consolidation,in_force,,browse_listing,,,,amendment_check_incomplete
276,all,https://sso.agc.gov.sg/Act/CA2004?ViewType=Pdf,principal_act,,Competition Act 2004,CA2004,,eng,,consolidation,in_force,,browse_listing,,,,amendment_check_incomplete
277,all,https://sso.agc.gov.sg/Act/CEA2000?ViewType=Pdf,principal_act,,Compulsory Education Act 2000,CEA2000,,eng,,consolidation,in_force,,browse_listing,,,,amendment_check_incomplete
278,all,https://sso.agc.gov.sg/Act/CONS1963?ViewType=Pdf,principal_act,,Constitution of the Republic of Singapore,CONS1963,,eng,,consolidation,in_force,,browse_listing,,,,amendment_check_incomplete
279,all,https://sso.agc.gov.sg/Act/CPFTA2003?ViewType=Pdf,principal_act,,Consumer Protection (Fair Trading) Act 2003,CPFTA2003,,eng,,consolidation,in_force,,browse_listing,,,,amendment_check_incomplete
280,all,https://sso.agc.gov.sg/Act/CPTDSRA1975?ViewType=Pdf,principal_act,,Consumer Protection (Trade Descriptions and Safety Requirements) Act 1975,CPTDSRA1975,,eng,2025-07-01,consolidation,in_force,Act 13 of 2025,browse_listing,,,,
281,all,https://sso.agc.gov.sg/Act/CRTPA2001?ViewType=Pdf,principal_act,Act 39 of 2001,Contracts (Rights of Third Parties) Act 2001,CRTPA2001,,eng,2021-12-31,consolidation,in_force,Act 5 of 2021,browse_listing,,,,
282,all,https://sso.agc.gov.sg/Act/CNPIA1953?ViewType=Pdf,principal_act,,Contributory Negligence and Personal Injuries Act 1953,CNPIA1953,,eng,2021-12-31,consolidation,in_force,Act 45 of 1998,browse_listing,,,,
283,all,https://sso.agc.gov.sg/Act/CESA1973?ViewType=Pdf,principal_act,,Control of Essential Supplies Act 1973,CESA1973,,eng,2021-12-31,consolidation,in_force,Act 15 of 2010,browse_listing,,,,
284,all,https://sso.agc.gov.sg/Act/CMA1959?ViewType=Pdf,principal_act,,Control of Manufacture Act 1959,CMA1959,,eng,2025-03-09,consolidation,in_force,Act 5 of 2025,browse_listing,,,,
285,all,https://sso.agc.gov.sg/Act/CPA1993?ViewType=Pdf,principal_act,Act 18 of 1993,Control of Plants Act 1993,CPA1993,,eng,2022-04-01,consolidation,in_force,Act 25 of 2021,browse_listing,,,,
286,all,https://sso.agc.gov.sg/Act/CVPA1998?ViewType=Pdf,principal_act,Act 24 of 1998,Control of Vectors and Pesticides Act 1998,CVPA1998,,eng,2026-07-01,consolidation,in_force,Act 15 of 2026,browse_listing,,,,
287,all,https://sso.agc.gov.sg/Act/CLPA1886?ViewType=Pdf,principal_act,,Conveyancing and Law of Property Act 1886,CLPA1886,,eng,2022-04-01,consolidation,in_force,Act 25 of 2021,browse_listing,,,,
288,all,https://sso.agc.gov.sg/Act/CSA1979?ViewType=Pdf,principal_act,,Co-operative Societies Act 1979,CSA1979,,eng,2025-03-09,consolidation,in_force,Act 5 of 2025,browse_listing,,,,
289,all,https://sso.agc.gov.sg/Act/CA2021?ViewType=Pdf,principal_act,Act 22 of 2021,Copyright Act 2021,CA2021,,eng,2025-03-09,consolidation,in_force,Act 5 of 2025,browse_listing,,,,
290,all,https://sso.agc.gov.sg/Act/CA2010?ViewType=Pdf,principal_act,Act 14 of 2010,Coroners Act 2010,CA2010,,eng,2024-06-28,consolidation,in_force,Act 41 of 2022,browse_listing,,,,
291,all,https://sso.agc.gov.sg/Act/CBCA1960?ViewType=Pdf,principal_act,,Corporate Bodies’ Contracts Act 1960,CBCA1960,,eng,2022-01-13,consolidation,in_force,S 26/2022,browse_listing,,,,
292,all,https://sso.agc.gov.sg/Act/CSPA2024?ViewType=Pdf,principal_act,Act 22 of 2024,Corporate Service Providers Act 2024,CSPA2024,,eng,2025-06-09,consolidation,in_force,,browse_listing,,,,
293,all,https://sso.agc.gov.sg/Act/CESOWA1958?ViewType=Pdf,principal_act,,Corrosive and Explosive Substances and Offensive Weapons Act 1958,CESOWA1958,,eng,2026-08-17,consolidation,in_force,Act 21 of 2025,browse_listing,,,,
294,all,https://sso.agc.gov.sg/Act/CDTOSCCBA1992?ViewType=Pdf,principal_act,Act 29 of 1992,"Corruption, Drug Trafficking and Other Serious Crimes (Confiscation of Benefits) Act 1992",CDTOSCCBA1992,,eng,2026-08-17,consolidation,in_force,S 556/2026,browse_listing,,,,
295,all,https://sso.agc.gov.sg/Act/CADDA1996?ViewType=Pdf,principal_act,Act 33 of 1996,Countervailing and Anti-Dumping Duties Act 1996,CADDA1996,,eng,2021-12-31,consolidation,in_force,Act 21 of 2008,browse_listing,,,,
296,all,https://sso.agc.gov.sg/Act/COVID19TMA2020?ViewType=Pdf,principal_act,Act 14 of 2020,COVID-19 (Temporary Measures) Act 2020,COVID19TMA2020,,eng,2026-07-01,consolidation,in_force,Act 15 of 2026,browse_listing,,,,
297,all,https://sso.agc.gov.sg/Act/CBA2016?ViewType=Pdf,principal_act,Act 27 of 2016,Credit Bureau Act 2016,CBA2016,,eng,2025-03-09,consolidation,in_force,Act 5 of 2025,browse_listing,,,,
298,all,https://sso.agc.gov.sg/Act/CLTPA1955?ViewType=Pdf,principal_act,,Criminal Law (Temporary Provisions) Act 1955,CLTPA1955,,eng,2025-07-01,consolidation,in_force,Act 3 of 2021,browse_listing,,,,
299,all,https://sso.agc.gov.sg/Act/CBRA2018?ViewType=Pdf,principal_act,Act 21 of 2018,Cross-Border Railways Act 2018,CBRA2018,,eng,2025-07-01,consolidation,in_force,Act 3 of 2021,browse_listing,,,,
300,all,https://sso.agc.gov.sg/Act/CA1967?ViewType=Pdf,principal_act,,Currency Act 1967,CA1967,,eng,2021-12-31,consolidation,in_force,Act 4 of 2021,browse_listing,,,,
301,all,https://sso.agc.gov.sg/Act/CA1960?ViewType=Pdf,principal_act,,Customs Act 1960,CA1960,,eng,2025-04-01,consolidation,in_force,Act 6 of 2025,browse_listing,,,,
302,all,https://sso.agc.gov.sg/Act/DCCIIO1949?ViewType=Pdf,principal_act,,Daughters of Charity of the Canossian Institute Incorporation Ordinance 1949,DCCIIO1949,,eng,2021-12-31,consolidation,in_force,Act 7 of 1997,browse_listing,,,,
303,all,https://sso.agc.gov.sg/Act/DCA2022?ViewType=Pdf,principal_act,Act 27 of 2022,Debt Collection Act 2022,DCA2022,,eng,2023-12-01,consolidation,in_force,S 723/2023,browse_listing,,,,
304,all,https://sso.agc.gov.sg/Act/DeA1934?ViewType=Pdf,principal_act,,Debtors Act 1934,DeA1934,,eng,2022-04-01,consolidation,in_force,Act 25 of 2021,browse_listing,,,,
305,all,https://sso.agc.gov.sg/Act/DUA1922?ViewType=Pdf,principal_act,,Decorations and Uniforms Act 1922,DUA1922,,eng,2021-12-31,consolidation,in_force,,browse_listing,,,,
306,all,https://sso.agc.gov.sg/Act/DSMA2015?ViewType=Pdf,principal_act,Act 6 of 2015,Deep Seabed Mining Act 2015,DSMA2015,,eng,2021-12-31,consolidation,in_force,Act 40 of 2019,browse_listing,,,,
307,all,https://sso.agc.gov.sg/Act/DA1957?ViewType=Pdf,principal_act,,Defamation Act 1957,DA1957,,eng,2022-04-01,consolidation,in_force,Act 25 of 2021,browse_listing,,,,
308,all,https://sso.agc.gov.sg/Act/DSTAA2000?ViewType=Pdf,principal_act,Act 9 of 2000,Defence Science and Technology Agency Act 2000,DSTAA2000,,eng,2021-12-31,consolidation,in_force,Act 5 of 2018,browse_listing,,,,
309,all,https://sso.agc.gov.sg/Act/DRA1999?ViewType=Pdf,principal_act,Act 24 of 1999,Dental Registration Act 1999,DRA1999,,eng,2026-09-03,consolidation,in_force,S 583/2026,browse_listing,,,,
310,all,https://sso.agc.gov.sg/Act/DTAA1950?ViewType=Pdf,principal_act,,Departmental Titles (Alteration) Act 1950,DTAA1950,,eng,2024-07-08,consolidation,in_force,S 571/2024,browse_listing,,,,
311,all,https://sso.agc.gov.sg/Act/DIPOPSA2011?ViewType=Pdf,principal_act,Act 15 of 2011,Deposit Insurance and Policy Owners’ Protection Schemes Act 2011,DIPOPSA2011,,eng,2025-03-09,consolidation,in_force,Act 5 of 2025,browse_listing,,,,
312,all,https://sso.agc.gov.sg/Act/DPA1989?ViewType=Pdf,principal_act,Act 8 of 1989,Destitute Persons Act 1989,DPA1989,,eng,2026-07-01,consolidation,in_force,Act 14 of 2025,browse_listing,,,,
313,all,https://sso.agc.gov.sg/Act/DFA1959?ViewType=Pdf,principal_act,,Development Fund Act 1959,DFA1959,,eng,2025-12-05,consolidation,in_force,Act 19 of 2025,browse_listing,,,,
314,all,https://sso.agc.gov.sg/Act/DIFA2000?ViewType=Pdf,principal_act,Act 6 of 2000,Developmental Investment Fund Act 2000,DIFA2000,,eng,2022-01-31,consolidation,in_force,Act 35 of 2021,browse_listing,,,,
315,all,https://sso.agc.gov.sg/Act/DCOOFA1968?ViewType=Pdf,principal_act,,Diplomatic and Consular Officers (Oaths and Fees) Act 1968,DCOOFA1968,,eng,2021-12-31,consolidation,in_force,Act 15 of 2010,browse_listing,,,,
316,all,https://sso.agc.gov.sg/Act/DCRA2005?ViewType=Pdf,principal_act,Act 8 of 2005,Diplomatic and Consular Relations Act 2005,DCRA2005,,eng,2021-12-31,consolidation,in_force,Act 27 of 2014,browse_listing,,,,
317,all,https://sso.agc.gov.sg/Act/DA1934?ViewType=Pdf,principal_act,,Distress Act 1934,DA1934,,eng,2022-04-01,consolidation,in_force,Act 25 of 2021,browse_listing,,,,
318,all,https://sso.agc.gov.sg/Act/DCA2001?ViewType=Pdf,principal_act,Act 12 of 2001,District Cooling Act 2001,DCA2001,,eng,2022-04-01,consolidation,in_force,Act 25 of 2021,browse_listing,,,,
319,all,https://sso.agc.gov.sg/Act/DGMEAO1939?ViewType=Pdf,principal_act,,District Grand Master of the Eastern Archipelago Ordinance 1939,DGMEAO1939,,eng,2021-12-31,consolidation,in_force,Act 7 of 1997,browse_listing,,,,
320,all,https://sso.agc.gov.sg/Act/ECDCA2017?ViewType=Pdf,principal_act,Act 19 of 2017,Early Childhood Development Centres Act 2017,ECDCA2017,,eng,2026-07-01,consolidation,in_force,Act 14 of 2025,browse_listing,,,,
321,all,https://sso.agc.gov.sg/Act/EDBA1961?ViewType=Pdf,principal_act,,Economic Development Board Act 1961,EDBA1961,,eng,2022-04-01,consolidation,in_force,Act 25 of 2021,browse_listing,,,,
322,all,https://sso.agc.gov.sg/Act/EEIRITA1967?ViewType=Pdf,principal_act,,Economic Expansion Incentives (Relief from Income Tax) Act 1967,EEIRITA1967,,eng,2024-12-25,consolidation,in_force,Act 41 of 2024,browse_listing,,,,
323,all,https://sso.agc.gov.sg/Act/EA1957?ViewType=Pdf,principal_act,,Education Act 1957,EA1957,,eng,2025-03-09,consolidation,in_force,Act 5 of 2025,browse_listing,,,,
324,all,https://sso.agc.gov.sg/Act/EESSA1992?ViewType=Pdf,principal_act,Act 33 of 1992,Education Endowment and Savings Schemes Act 1992,EESSA1992,,eng,2022-01-01,consolidation,in_force,Act 39 of 2021,browse_listing,,,,
325,all,https://sso.agc.gov.sg/Act/ESIPA2001?ViewType=Pdf,principal_act,Act 36 of 2001,Education Service Incentive Payment Act 2001,ESIPA2001,,eng,2021-12-31,consolidation,in_force,Act 40 of 2018,browse_listing,,,,
326,all,https://sso.agc.gov.sg/Act/EVCA2022?ViewType=Pdf,principal_act,Act 43 of 2022,Electric Vehicles Charging Act 2022,EVCA2022,,eng,2026-07-01,consolidation,in_force,Act 15 of 2026,browse_listing,,,,
327,all,https://sso.agc.gov.sg/Act/EA2001?ViewType=Pdf,principal_act,Act 10 of 2001,Electricity Act 2001,EA2001,,eng,2025-09-01,consolidation,in_force,Act 27 of 2024,browse_listing,,,,
328,all,https://sso.agc.gov.sg/Act/ETA2010?ViewType=Pdf,principal_act,Act 16 of 2010,Electronic Transactions Act 2010,ETA2010,,eng,2025-01-08,consolidation,in_force,S 10/2025,browse_listing,,,,
329,all,https://sso.agc.gov.sg/Act/EAA1958?ViewType=Pdf,principal_act,,Employment Agencies Act 1958,EAA1958,,eng,2021-12-31,consolidation,in_force,Act 5 of 2015,browse_listing,,,,
330,all,https://sso.agc.gov.sg/Act/ECA2016?ViewType=Pdf,principal_act,Act 21 of 2016,Employment Claims Act 2016,ECA2016,,eng,2025-04-01,consolidation,in_force,S 228/2025,browse_listing,,,,
331,all,https://sso.agc.gov.sg/Act/EFMA1990?ViewType=Pdf,principal_act,Act 21 of 1990,Employment of Foreign Manpower Act 1990,EFMA1990,,eng,2025-12-01,consolidation,in_force,Act 31 of 2023,browse_listing,,,,
332,all,https://sso.agc.gov.sg/Act/ESIEA2006?ViewType=Pdf,principal_act,Act 5 of 2006,Endangered Species (Import and Export) Act 2006,ESIEA2006,,eng,2026-07-01,consolidation,in_force,Act 15 of 2026,browse_listing,,,,
333,all,https://sso.agc.gov.sg/Act/ECA2012?ViewType=Pdf,principal_act,Act 11 of 2012,Energy Conservation Act 2012,ECA2012,,eng,2026-07-01,consolidation,in_force,Act 10 of 2026,browse_listing,,,,
334,all,https://sso.agc.gov.sg/Act/EMASA2001?ViewType=Pdf,principal_act,Act 9 of 2001,Energy Market Authority of Singapore Act 2001,EMASA2001,,eng,2025-07-01,consolidation,in_force,Act 27 of 2024,browse_listing,,,,
335,all,https://sso.agc.gov.sg/Act/EA1970?ViewType=Pdf,principal_act,,Enlistment Act 1970,EA1970,,eng,2025-12-01,consolidation,in_force,Act 31 of 2023,browse_listing,,,,
336,all,https://sso.agc.gov.sg/Act/ESBA2018?ViewType=Pdf,principal_act,Act 10 of 2018,Enterprise Singapore Board Act 2018,ESBA2018,,eng,2026-07-01,consolidation,in_force,Act 17 of 2026,browse_listing,,,,
337,all,https://sso.agc.gov.sg/Act/EPMA1999?ViewType=Pdf,principal_act,Act 9 of 1999,Environmental Protection and Management Act 1999,EPMA1999,,eng,2026-07-01,consolidation,in_force,Act 15 of 2026,browse_listing,,,,
338,all,https://sso.agc.gov.sg/Act/EPHA1987?ViewType=Pdf,principal_act,Act 14 of 1987,Environmental Public Health Act 1987,EPHA1987,,eng,2026-07-01,consolidation,in_force,Act 15 of 2026,browse_listing,,,,
339,all,https://sso.agc.gov.sg/Act/EAA2010?ViewType=Pdf,principal_act,Act 25 of 2010,Estate Agents Act 2010,EAA2010,,eng,2025-07-01,consolidation,in_force,Act 15 of 2025,browse_listing,,,,
340,all,https://sso.agc.gov.sg/Act/EDA1929?ViewType=Pdf,principal_act,,Estate Duty Act 1929,EDA1929,,eng,2025-03-09,consolidation,in_force,Act 5 of 2025,browse_listing,,,,
341,all,https://sso.agc.gov.sg/Act/ECPOJA1979?ViewType=Pdf,principal_act,,Evidence (Civil Proceedings in Other Jurisdictions) Act 1979,ECPOJA1979,,eng,2021-12-31,consolidation,in_force,Act 40 of 2019,browse_listing,,,,
342,all,https://sso.agc.gov.sg/Act/EA1893?ViewType=Pdf,principal_act,,Evidence Act 1893,EA1893,,eng,2025-03-09,consolidation,in_force,Act 5 of 2025,browse_listing,,,,
343,all,https://sso.agc.gov.sg/Act/ECA1953?ViewType=Pdf,principal_act,,Exchange Control Act 1953,ECA1953,,eng,2022-04-01,consolidation,in_force,Act 25 of 2021,browse_listing,,,,
344,all,https://sso.agc.gov.sg/Act/EDMA1999?ViewType=Pdf,principal_act,Act 27 of 1999,Exchanges (Demutualisation and Merger) Act 1999,EDMA1999,,eng,2022-03-21,consolidation,in_force,Act 4 of 2022,browse_listing,,,,
345,all,https://sso.agc.gov.sg/Act/ECHSA1996?ViewType=Pdf,principal_act,Act 10 of 1996,Executive Condominium Housing Scheme Act 1996,ECHSA1996,,eng,2025-12-01,consolidation,in_force,Act 31 of 2023,browse_listing,,,,
346,all,https://sso.agc.gov.sg/Act/EA1968?ViewType=Pdf,principal_act,,Extradition Act 1968,EA1968,,eng,2026-07-01,consolidation,in_force,Act 15 of 2026,browse_listing,,,,
347,all,https://sso.agc.gov.sg/Act/FA1889?ViewType=Pdf,principal_act,,Factors Act 1889,FA1889,,eng,2021-12-31,consolidation,in_force,,browse_listing,,,,
348,all,https://sso.agc.gov.sg/Act/FJA2014?ViewType=Pdf,principal_act,Act 27 of 2014,Family Justice Act 2014,FJA2014,,eng,2024-10-15,consolidation,in_force,Act 18 of 2023,browse_listing,,,,
349,all,https://sso.agc.gov.sg/Act/FLCMIA1959?ViewType=Pdf,principal_act,,"Federal Lands Commissioner, Malaysia (Incorporation) Act 1959",FLCMIA1959,,eng,2021-12-31,consolidation,in_force,,browse_listing,,,,
350,all,https://sso.agc.gov.sg/Act/FSA1965?ViewType=Pdf,principal_act,,Feeding Stuffs Act 1965,FSA1965,,eng,2021-12-31,consolidation,in_force,Act 11 of 2019,browse_listing,,,,
351,all,https://sso.agc.gov.sg/Act/FeA1920?ViewType=Pdf,principal_act,,Fees Act 1920,FeA1920,,eng,2024-04-01,consolidation,in_force,Act 4 of 2008,browse_listing,,,,
352,all,https://sso.agc.gov.sg/Act/FA1981?ViewType=Pdf,principal_act,,Films Act 1981,FA1981,,eng,2021-12-31,consolidation,in_force,Act 30 of 2019,browse_listing,,,,
353,all,https://sso.agc.gov.sg/Act/FCA1967?ViewType=Pdf,principal_act,,Finance Companies Act 1967,FCA1967,,eng,2024-07-31,consolidation,in_force,Act 18 of 2022,browse_listing,,,,
354,all,https://sso.agc.gov.sg/Act/FAA2001?ViewType=Pdf,principal_act,Act 43 of 2001,Financial Advisers Act 2001,FAA2001,,eng,2025-03-09,consolidation,in_force,Act 5 of 2025,browse_listing,,,,
355,all,https://sso.agc.gov.sg/Act/FHCA2013?ViewType=Pdf,principal_act,Act 13 of 2013,Financial Holding Companies Act 2013,FHCA2013,,eng,2025-03-09,consolidation,in_force,Act 5 of 2025,browse_listing,,,,
356,all,https://sso.agc.gov.sg/Act/FPA1966?ViewType=Pdf,principal_act,,Financial Procedure Act 1966,FPA1966,,eng,2024-02-26,consolidation,in_force,Act 3 of 2024,browse_listing,,,,
357,all,https://sso.agc.gov.sg/Act/FSMA2022?ViewType=Pdf,principal_act,Act 18 of 2022,Financial Services and Markets Act 2022,FSMA2022,,eng,2025-06-30,consolidation,in_force,Act 5 of 2025,browse_listing,,,,
358,all,https://sso.agc.gov.sg/Act/FSA1993?ViewType=Pdf,principal_act,Act 39 of 1993,Fire Safety Act 1993,FSA1993,,eng,2023-12-18,consolidation,in_force,Act 23 of 2023,browse_listing,,,,
359,all,https://sso.agc.gov.sg/Act/FA1966?ViewType=Pdf,principal_act,,Fisheries Act 1966,FA1966,,eng,2021-12-31,consolidation,in_force,Act 15 of 2019,browse_listing,,,,
360,all,https://sso.agc.gov.sg/Act/FSSA2025?ViewType=Pdf,principal_act,Act 7 of 2025,Food Safety and Security Act 2025,FSSA2025,,eng,2026-07-01,consolidation,in_force,Act 15 of 2026,browse_listing,,,,
361,all,https://sso.agc.gov.sg/Act/FEDA2015?ViewType=Pdf,principal_act,Act 3 of 2015,Foreign Employee Dormitories Act 2015,FEDA2015,,eng,2025-12-01,consolidation,in_force,Act 31 of 2023,browse_listing,,,,
362,all,https://sso.agc.gov.sg/Act/FICA2021?ViewType=Pdf,principal_act,Act 28 of 2021,Foreign Interference (Countermeasures) Act 2021,FICA2021,,eng,2025-12-05,consolidation,in_force,Act 19 of 2025,browse_listing,,,,
363,all,https://sso.agc.gov.sg/Act/FLPA2012?ViewType=Pdf,principal_act,Act 13 of 2012,Foreign Limitation Periods Act 2012,FLPA2012,,eng,2021-12-31,consolidation,in_force,,browse_listing,,,,
364,all,https://sso.agc.gov.sg/Act/FNECDA1949?ViewType=Pdf,principal_act,,Foreign National Emblems (Control of Display) Act 1949,FNECDA1949,,eng,2023-08-01,consolidation,in_force,Act 29 of 2022,browse_listing,,,,
365,all,https://sso.agc.gov.sg/Act/FRA1875?ViewType=Pdf,principal_act,,Foreign Recruiting Act 1875,FRA1875,,eng,2021-12-31,consolidation,in_force,,browse_listing,,,,
366,all,https://sso.agc.gov.sg/Act/FA1920?ViewType=Pdf,principal_act,,Foreshores Act 1920,FA1920,,eng,2021-12-31,consolidation,in_force,Act 16 of 2016,browse_listing,,,,
367,all,https://sso.agc.gov.sg/Act/FMDMO1954?ViewType=Pdf,principal_act,,Franciscan Missionaries of the Divine Motherhood Ordinance 1954,FMDMO1954,,eng,2021-12-31,consolidation,in_force,Act 7 of 1997,browse_listing,,,,
368,all,https://sso.agc.gov.sg/Act/FTZA1966?ViewType=Pdf,principal_act,,Free Trade Zones Act 1966,FTZA1966,,eng,2024-11-25,consolidation,in_force,Act 33 of 2023,browse_listing,,,,
369,all,https://sso.agc.gov.sg/Act/FCA1959?ViewType=Pdf,principal_act,,Frustrated Contracts Act 1959,FCA1959,,eng,2021-12-31,consolidation,in_force,Act 7 of 1997,browse_listing,,,,
370,all,https://sso.agc.gov.sg/Act/GCA2022?ViewType=Pdf,principal_act,Act 15 of 2022,Gambling Control Act 2022,GCA2022,,eng,2025-12-01,consolidation,in_force,Act 31 of 2023,browse_listing,,,,
371,all,https://sso.agc.gov.sg/Act/GDA2022?ViewType=Pdf,principal_act,Act 1 of 2022,Gambling Duties Act 2022,GDA2022,,eng,2022-07-29,consolidation,in_force,Act 14 of 2022,browse_listing,,,,
372,all,https://sso.agc.gov.sg/Act/GRASA2022?ViewType=Pdf,principal_act,Act 14 of 2022,Gambling Regulatory Authority of Singapore Act 2022,GRASA2022,,eng,2024-10-30,consolidation,in_force,Act 29 of 2024,browse_listing,,,,
373,all,https://sso.agc.gov.sg/Act/GA2001?ViewType=Pdf,principal_act,Act 11 of 2001,Gas Act 2001,GA2001,,eng,2025-09-01,consolidation,in_force,Act 27 of 2024,browse_listing,,,,
374,all,https://sso.agc.gov.sg/Act/GCA1973?ViewType=Pdf,principal_act,,Geneva Conventions Act 1973,GCA1973,,eng,2021-12-31,consolidation,in_force,Act 40 of 2019,browse_listing,,,,
375,all,https://sso.agc.gov.sg/Act/GIA2014?ViewType=Pdf,principal_act,Act 19 of 2014,Geographical Indications Act 2014,GIA2014,,eng,2026-08-01,consolidation,in_force,S 523/2026,browse_listing,,,,
376,all,https://sso.agc.gov.sg/Act/GSFDA2024?ViewType=Pdf,principal_act,Act 26 of 2024,Good Samaritan Food Donation Act 2024,GSFDA2024,,eng,2025-11-28,consolidation,in_force,Act 7 of 2025,browse_listing,,,,
377,all,https://sso.agc.gov.sg/Act/GSNO1958?ViewType=Pdf,principal_act,,Good Shepherd Nuns Ordinance 1958,GSNO1958,,eng,2021-12-31,consolidation,in_force,Act 7 of 1997,browse_listing,,,,
378,all,https://sso.agc.gov.sg/Act/GSTA1993?ViewType=Pdf,principal_act,Act 31 of 1993,Goods and Services Tax Act 1993,GSTA1993,,eng,2026-09-11,consolidation,in_force,S 590/2026,browse_listing,,,,
379,all,https://sso.agc.gov.sg/Act/GSTVFA2012?ViewType=Pdf,principal_act,Act 31 of 2012,Goods and Services Tax Voucher Fund Act 2012,GSTVFA2012,,eng,2025-03-09,consolidation,in_force,Act 5 of 2025,browse_listing,,,,
380,all,https://sso.agc.gov.sg/Act/GCA1966?ViewType=Pdf,principal_act,,Government Contracts Act 1966,GCA1966,,eng,2021-12-31,consolidation,in_force,Act 5 of 2018,browse_listing,,,,
381,all,https://sso.agc.gov.sg/Act/GPA1956?ViewType=Pdf,principal_act,,Government Proceedings Act 1956,GPA1956,,eng,2026-05-29,consolidation,in_force,Act 8 of 2026,browse_listing,,,,
382,all,https://sso.agc.gov.sg/Act/GPA1997?ViewType=Pdf,principal_act,Act 14 of 1997,Government Procurement Act 1997,GPA1997,,eng,2021-12-31,consolidation,in_force,Act 40 of 2019,browse_listing,,,,
383,all,https://sso.agc.gov.sg/Act/GSDMIA1992?ViewType=Pdf,principal_act,Act 1 of 1992,Government Securities (Debt Market and Investment) Act 1992,GSDMIA1992,,eng,2022-02-21,consolidation,in_force,Act 5 of 2022,browse_listing,,,,
384,all,https://sso.agc.gov.sg/Act/GTAA2016?ViewType=Pdf,principal_act,Act 23 of 2016,Government Technology Agency Act 2016,GTAA2016,,eng,2021-12-31,consolidation,in_force,S 461/2020,browse_listing,,,,
385,all,https://sso.agc.gov.sg/Act/GIA1934?ViewType=Pdf,principal_act,,Guardianship of Infants Act 1934,GIA1934,,eng,2025-01-02,consolidation,in_force,Act 18 of 2023,browse_listing,,,,
386,all,https://sso.agc.gov.sg/Act/GEWCA2021?ViewType=Pdf,principal_act,Act 3 of 2021,"Guns, Explosives and Weapons Control Act 2021",GEWCA2021,,eng,2025-07-01,consolidation,in_force,S 355/2025,browse_listing,,,,
387,all,https://sso.agc.gov.sg/Act/HWCEITA1997?ViewType=Pdf,principal_act,Act 13 of 1997,"Hazardous Waste (Control of Export, Import and Transit) Act 1997",HWCEITA1997,,eng,2025-01-01,consolidation,in_force,S 871/2024,browse_listing,,,,
388,all,https://sso.agc.gov.sg/Act/HPA2007?ViewType=Pdf,principal_act,Act 15 of 2007,Health Products Act 2007,HPA2007,,eng,2025-12-05,consolidation,in_force,Act 19 of 2025,browse_listing,,,,
389,all,https://sso.agc.gov.sg/Act/HPBA2001?ViewType=Pdf,principal_act,Act 5 of 2001,Health Promotion Board Act 2001,HPBA2001,,eng,2021-12-31,consolidation,in_force,Act 11 of 2019,browse_listing,,,,
390,all,https://sso.agc.gov.sg/Act/HSAA2001?ViewType=Pdf,principal_act,Act 4 of 2001,Health Sciences Authority Act 2001,HSAA2001,,eng,2021-12-31,consolidation,in_force,Act 5 of 2018,browse_listing,,,,
391,all,https://sso.agc.gov.sg/Act/HSA2020?ViewType=Pdf,principal_act,Act 3 of 2020,Healthcare Services Act 2020,HSA2020,,eng,2023-12-18,consolidation,in_force,S 800/2023,browse_listing,,,,
392,all,https://sso.agc.gov.sg/Act/HCAJA1961?ViewType=Pdf,principal_act,,High Court (Admiralty Jurisdiction) Act 1961,HCAJA1961,,eng,2022-04-01,consolidation,in_force,Act 25 of 2021,browse_listing,,,,
393,all,https://sso.agc.gov.sg/Act/HAPAIAA1978?ViewType=Pdf,principal_act,,Hijacking of Aircraft and Protection of Aircraft and International Airports Act 1978,HAPAIAA1978,,eng,2025-07-01,consolidation,in_force,Act 3 of 2021,browse_listing,,,,
394,all,https://sso.agc.gov.sg/Act/HEA1968?ViewType=Pdf,principal_act,,Hindu Endowments Act 1968,HEA1968,,eng,2022-04-01,consolidation,in_force,Act 25 of 2021,browse_listing,,,,
395,all,https://sso.agc.gov.sg/Act/HPA1969?ViewType=Pdf,principal_act,,Hire-Purchase Act 1969,HPA1969,,eng,2021-12-31,consolidation,in_force,Act 11 of 2013,browse_listing,,,,
396,all,https://sso.agc.gov.sg/Act/HA1998?ViewType=Pdf,principal_act,Act 8 of 1998,Holidays Act 1998,HA1998,,eng,2021-12-31,consolidation,in_force,,browse_listing,,,,
397,all,https://sso.agc.gov.sg/Act/HAUSSA2001?ViewType=Pdf,principal_act,Act 33 of 2001,Home Affairs Uniformed Services Superannuation Act 2001,HAUSSA2001,,eng,2021-12-31,consolidation,in_force,Act 40 of 2018,browse_listing,,,,
398,all,https://sso.agc.gov.sg/Act/HTCA2017?ViewType=Pdf,principal_act,Act 32 of 2017,Home Team Corps Act 2017,HTCA2017,,eng,2025-12-01,consolidation,in_force,Act 31 of 2023,browse_listing,,,,
399,all,https://sso.agc.gov.sg/Act/HTSTAA2019?ViewType=Pdf,principal_act,Act 21 of 2019,Home Team Science and Technology Agency Act 2019,HTSTAA2019,,eng,2022-01-13,consolidation,in_force,S 26/2022,browse_listing,,,,
400,all,https://sso.agc.gov.sg/Act/HTA2010?ViewType=Pdf,principal_act,Act 19 of 2010,Hostage-Taking Act 2010,HTA2010,,eng,2022-07-01,consolidation,in_force,Act 17 of 2022,browse_listing,,,,
401,all,https://sso.agc.gov.sg/Act/HA1954?ViewType=Pdf,principal_act,,Hotels Act 1954,HA1954,,eng,2021-12-31,consolidation,in_force,Act 7 of 1996,browse_listing,,,,
402,all,https://sso.agc.gov.sg/Act/HHSCA1947?ViewType=Pdf,principal_act,,House to House and Street Collections Act 1947,HHSCA1947,,eng,2021-12-31,consolidation,in_force,,browse_listing,,,,
403,all,https://sso.agc.gov.sg/Act/HDA1959?ViewType=Pdf,principal_act,,Housing and Development Act 1959,HDA1959,,eng,2026-07-15,consolidation,in_force,Act 15 of 2026,browse_listing,,,,
404,all,https://sso.agc.gov.sg/Act/HDCLA1965?ViewType=Pdf,principal_act,,Housing Developers (Control and Licensing) Act 1965,HDCLA1965,,eng,2025-07-01,consolidation,in_force,Act 15 of 2025,browse_listing,,,,
405,all,https://sso.agc.gov.sg/Act/HBRA2015?ViewType=Pdf,principal_act,Act 29 of 2015,Human Biomedical Research Act 2015,HBRA2015,,eng,2025-12-05,consolidation,in_force,Act 19 of 2025,browse_listing,,,,
406,all,https://sso.agc.gov.sg/Act/HCOPPA2004?ViewType=Pdf,principal_act,Act 35 of 2004,Human Cloning and Other Prohibited Practices Act 2004,HCOPPA2004,,eng,2023-05-01,consolidation,in_force,Act 11 of 2023,browse_listing,,,,
407,all,https://sso.agc.gov.sg/Act/HOTA1987?ViewType=Pdf,principal_act,Act 15 of 1987,Human Organ Transplant Act 1987,HOTA1987,,eng,2025-12-05,consolidation,in_force,Act 19 of 2025,browse_listing,,,,
408,all,https://sso.agc.gov.sg/Act/HCFA1947?ViewType=Pdf,principal_act,,Hydrogen Cyanide (Fumigation) Act 1947,HCFA1947,,eng,2021-12-31,consolidation,in_force,Act 40 of 2019,browse_listing,,,,
409,all,https://sso.agc.gov.sg/Act/IA1959?ViewType=Pdf,principal_act,,Immigration Act 1959,IA1959,,eng,2025-12-05,consolidation,in_force,Act 19 of 2025,browse_listing,,,,
410,all,https://sso.agc.gov.sg/Act/ISA1965?ViewType=Pdf,principal_act,,Independence of Singapore Agreement 1965,ISA1965,,eng,2021-12-31,consolidation,in_force,,browse_listing,,,,
411,all,https://sso.agc.gov.sg/Act/IRA1960?ViewType=Pdf,principal_act,,Industrial Relations Act 1960,IRA1960,,eng,2025-03-09,consolidation,in_force,Act 5 of 2025,browse_listing,,,,
412,all,https://sso.agc.gov.sg/Act/IDA1976?ViewType=Pdf,principal_act,,Infectious Diseases Act 1976,IDA1976,,eng,2025-04-01,consolidation,in_force,Act 4 of 2025,browse_listing,,,,
413,all,https://sso.agc.gov.sg/Act/IMDAA2016?ViewType=Pdf,principal_act,Act 22 of 2016,Info-communications Media Development Authority Act 2016,IMDAA2016,,eng,2026-06-29,consolidation,in_force,Act 23 of 2025,browse_listing,,,,
414,all,https://sso.agc.gov.sg/Act/IPA2017?ViewType=Pdf,principal_act,Act 41 of 2017,Infrastructure Protection Act 2017,IPA2017,,eng,2025-07-01,consolidation,in_force,Act 3 of 2021,browse_listing,,,,
415,all,https://sso.agc.gov.sg/Act/IFPA1966?ViewType=Pdf,principal_act,,Inheritance (Family Provision) Act 1966,IFPA1966,,eng,2021-12-31,consolidation,in_force,Act 40 of 2019,browse_listing,,,,
416,all,https://sso.agc.gov.sg/Act/IRASA1992?ViewType=Pdf,principal_act,Act 25 of 1992,Inland Revenue Authority of Singapore Act 1992,IRASA1992,,eng,2026-09-11,consolidation,in_force,S 589/2026,browse_listing,,,,
417,all,https://sso.agc.gov.sg/Act/IA1970?ViewType=Pdf,principal_act,,Innkeepers Act 1970,IA1970,,eng,2021-12-31,consolidation,in_force,,browse_listing,,,,
418,all,https://sso.agc.gov.sg/Act/IA2007?ViewType=Pdf,principal_act,Act 43 of 2007,Inquiries Act 2007,IA2007,,eng,2022-04-01,consolidation,in_force,Act 25 of 2021,browse_listing,,,,
419,all,https://sso.agc.gov.sg/Act/IRDA2018?ViewType=Pdf,principal_act,Act 40 of 2018,"Insolvency, Restructuring and Dissolution Act 2018",IRDA2018,,eng,2026-05-29,consolidation,in_force,Act 8 of 2026,browse_listing,,,,
420,all,https://sso.agc.gov.sg/Act/ITEA1992?ViewType=Pdf,principal_act,Act 8 of 1992,Institute of Technical Education Act 1992,ITEA1992,,eng,2026-07-01,consolidation,in_force,Act 17 of 2026,browse_listing,,,,
421,all,https://sso.agc.gov.sg/Act/IA1966?ViewType=Pdf,principal_act,,Insurance Act 1966,IA1966,,eng,2025-03-09,consolidation,in_force,Act 5 of 2025,browse_listing,,,,
422,all,https://sso.agc.gov.sg/Act/IPOSA2001?ViewType=Pdf,principal_act,Act 3 of 2001,Intellectual Property Office of Singapore Act 2001,IPOSA2001,,eng,2024-05-01,consolidation,in_force,Act 22 of 2021,browse_listing,,,,
423,all,https://sso.agc.gov.sg/Act/ISA1960?ViewType=Pdf,principal_act,,Internal Security Act 1960,ISA1960,,eng,2025-07-01,consolidation,in_force,Act 3 of 2021,browse_listing,,,,
424,all,https://sso.agc.gov.sg/Act/IAA1994?ViewType=Pdf,principal_act,Act 23 of 1994,International Arbitration Act 1994,IAA1994,,eng,2025-03-09,consolidation,in_force,Act 5 of 2025,browse_listing,,,,
425,all,https://sso.agc.gov.sg/Act/ICAA2010?ViewType=Pdf,principal_act,Act 27 of 2010,International Child Abduction Act 2010,ICAA2010,,eng,2022-04-01,consolidation,in_force,Act 25 of 2021,browse_listing,,,,
426,all,https://sso.agc.gov.sg/Act/IDAA2002?ViewType=Pdf,principal_act,Act 11 of 2002,International Development Association Act 2002,IDAA2002,,eng,2022-12-23,consolidation,in_force,Act 34 of 2022,browse_listing,,,,
427,all,https://sso.agc.gov.sg/Act/IFCA1968?ViewType=Pdf,principal_act,,International Finance Corporation Act 1968,IFCA1968,,eng,2021-12-31,consolidation,in_force,Act 11 of 1991,browse_listing,,,,
428,all,https://sso.agc.gov.sg/Act/IIAEA2009?ViewType=Pdf,principal_act,Act 5 of 2009,International Interests in Aircraft Equipment Act 2009,IIAEA2009,,eng,2021-12-31,consolidation,in_force,Act 40 of 2019,browse_listing,,,,
429,all,https://sso.agc.gov.sg/Act/IOIPA1948?ViewType=Pdf,principal_act,,International Organisations (Immunities and Privileges) Act 1948,IOIPA1948,,eng,2025-01-06,consolidation,in_force,S 4/2025,browse_listing,,,,
430,all,https://sso.agc.gov.sg/Act/IPPA2008?ViewType=Pdf,principal_act,Act 8 of 2008,Internationally Protected Persons Act 2008,IPPA2008,,eng,2025-07-01,consolidation,in_force,Act 3 of 2021,browse_listing,,,,
431,all,https://sso.agc.gov.sg/Act/IA1965?ViewType=Pdf,principal_act,,Interpretation Act 1965,IA1965,,eng,2025-12-05,consolidation,in_force,Act 19 of 2025,browse_listing,,,,
432,all,https://sso.agc.gov.sg/Act/ISA1967?ViewType=Pdf,principal_act,,Intestate Succession Act 1967,ISA1967,,eng,2021-12-31,consolidation,in_force,,browse_listing,,,,
433,all,https://sso.agc.gov.sg/Act/ISA1987?ViewType=Pdf,principal_act,Act 24 of 1987,Intoxicating Substances Act 1987,ISA1987,,eng,2025-03-09,consolidation,in_force,Act 5 of 2025,browse_listing,,,,
434,all,https://sso.agc.gov.sg/Act/ISEASYIIA1968?ViewType=Pdf,principal_act,,ISEAS – Yusof Ishak Institute Act 1968,ISEASYIIA1968,,eng,2021-12-31,consolidation,in_force,Act 5 of 2018,browse_listing,,,,
435,all,https://sso.agc.gov.sg/Act/JSO1878?ViewType=Pdf,principal_act,,Jewish Synagogue Ordinance 1878,JSO1878,,eng,2022-04-01,consolidation,in_force,Act 25 of 2021,browse_listing,,,,
436,all,https://sso.agc.gov.sg/Act/JRA1994?ViewType=Pdf,principal_act,Act 7 of 1994,Judges’ Remuneration Act 1994,JRA1994,,eng,2021-12-31,consolidation,in_force,Act 39 of 2019,browse_listing,,,,
437,all,https://sso.agc.gov.sg/Act/JPRRA1960?ViewType=Pdf,principal_act,,Judicial Proceedings (Regulation of Reports) Act 1960,JPRRA1960,,eng,2021-12-31,consolidation,in_force,Act 15 of 2010,browse_listing,,,,
438,all,https://sso.agc.gov.sg/Act/JTCA1968?ViewType=Pdf,principal_act,,Jurong Town Corporation Act 1968,JTCA1968,,eng,2021-12-31,consolidation,in_force,Act 27 of 2019,browse_listing,,,,
439,all,https://sso.agc.gov.sg/Act/KA1961?ViewType=Pdf,principal_act,,Kidnapping Act 1961,KA1961,,eng,2021-12-31,consolidation,in_force,Act 42 of 1999,browse_listing,,,,
440,all,https://sso.agc.gov.sg/Act/LAA1966?ViewType=Pdf,principal_act,,Land Acquisition Act 1966,LAA1966,,eng,2025-10-01,consolidation,in_force,Act 12 of 2020,browse_listing,,,,
441,all,https://sso.agc.gov.sg/Act/LBCA2021?ViewType=Pdf,principal_act,Act 11 of 2021,Land Betterment Charge Act 2021,LBCA2021,,eng,2023-12-18,consolidation,in_force,Act 23 of 2023,browse_listing,,,,
442,all,https://sso.agc.gov.sg/Act/LRCA1940?ViewType=Pdf,principal_act,,Land Revenue Collection Act 1940,LRCA1940,,eng,2022-04-01,consolidation,in_force,Act 25 of 2021,browse_listing,,,,
443,all,https://sso.agc.gov.sg/Act/LSA1991?ViewType=Pdf,principal_act,Act 24 of 1991,Land Surveyors Act 1991,LSA1991,,eng,2025-10-01,consolidation,in_force,Act 25 of 2024,browse_listing,,,,
444,all,https://sso.agc.gov.sg/Act/LTSA1967?ViewType=Pdf,principal_act,,Land Titles (Strata) Act 1967,LTSA1967,,eng,2025-10-01,consolidation,in_force,Act 25 of 2024,browse_listing,,,,
445,all,https://sso.agc.gov.sg/Act/LTA1993?ViewType=Pdf,principal_act,Act 27 of 1993,Land Titles Act 1993,LTA1993,,eng,2026-05-29,consolidation,in_force,Act 8 of 2026,browse_listing,,,,
446,all,https://sso.agc.gov.sg/Act/LTASA1995?ViewType=Pdf,principal_act,Act 28 of 1995,Land Transport Authority of Singapore Act 1995,LTASA1995,,eng,2026-06-01,consolidation,in_force,Act 5 of 2026,browse_listing,,,,
447,all,https://sso.agc.gov.sg/Act/LDICA1999?ViewType=Pdf,principal_act,Act 3 of 1999,Layout-Designs of Integrated Circuits Act 1999,LDICA1999,,eng,2022-04-01,consolidation,in_force,Act 25 of 2021,browse_listing,,,,
448,all,https://sso.agc.gov.sg/Act/LARPA2023?ViewType=Pdf,principal_act,Act 28 of 2023,Lease Agreements for Retail Premises Act 2023,LARPA2023,,eng,2024-02-01,consolidation,in_force,,browse_listing,,,,
449,all,https://sso.agc.gov.sg/Act/LAAA1995?ViewType=Pdf,principal_act,Act 20 of 1995,Legal Aid and Advice Act 1995,LAAA1995,,eng,2025-12-01,consolidation,in_force,Act 31 of 2023,browse_listing,,,,
450,all,https://sso.agc.gov.sg/Act/LPA1966?ViewType=Pdf,principal_act,,Legal Profession Act 1966,LPA1966,,eng,2025-04-17,consolidation,in_force,Act 37 of 2023,browse_listing,,,,
451,all,https://sso.agc.gov.sg/Act/LA1934?ViewType=Pdf,principal_act,,Legitimacy Act 1934,LA1934,,eng,2025-12-05,consolidation,in_force,Act 19 of 2025,browse_listing,,,,
452,all,https://sso.agc.gov.sg/Act/LLEFA2001?ViewType=Pdf,principal_act,Act 1 of 2001,Lifelong Learning Endowment Fund Act 2001,LLEFA2001,,eng,2021-12-31,consolidation,in_force,,browse_listing,,,,
453,all,https://sso.agc.gov.sg/Act/LA1959?ViewType=Pdf,principal_act,,Limitation Act 1959,LA1959,,eng,2022-04-01,consolidation,in_force,Act 25 of 2021,browse_listing,,,,
454,all,https://sso.agc.gov.sg/Act/LLPA2005?ViewType=Pdf,principal_act,Act 5 of 2005,Limited Liability Partnerships Act 2005,LLPA2005,,eng,2026-05-06,consolidation,in_force,Act 24 of 2025,browse_listing,,,,
455,all,https://sso.agc.gov.sg/Act/LPA2008?ViewType=Pdf,principal_act,Act 37 of 2008,Limited Partnerships Act 2008,LPA2008,,eng,2026-05-06,consolidation,in_force,Act 24 of 2025,browse_listing,,,,
456,all,https://sso.agc.gov.sg/Act/LCSCA2015?ViewType=Pdf,principal_act,Act 5 of 2015,Liquor Control (Supply and Consumption) Act 2015,LCSCA2015,,eng,2021-12-31,consolidation,in_force,Act 28 of 2017,browse_listing,,,,
457,all,https://sso.agc.gov.sg/Act/LSPO1957?ViewType=Pdf,principal_act,,Little Sisters of the Poor Ordinance 1957,LSPO1957,,eng,2021-12-31,consolidation,in_force,Act 7 of 1997,browse_listing,,,,
458,all,https://sso.agc.gov.sg/Act/LIBA1958?ViewType=Pdf,principal_act,,Loans (International Banks) Act 1958,LIBA1958,,eng,2021-12-31,consolidation,in_force,Act 11 of 1991,browse_listing,,,,
459,all,https://sso.agc.gov.sg/Act/LFRFHA1953?ViewType=Pdf,principal_act,,Local Forces (Relief of Financial Hardship) Act 1953,LFRFHA1953,,eng,2021-12-31,consolidation,in_force,Act 24 of 2004,browse_listing,,,,
460,all,https://sso.agc.gov.sg/Act/MPA1995?ViewType=Pdf,principal_act,Act 35 of 1995,Maintenance of Parents Act 1995,MPA1995,,eng,2025-12-05,consolidation,in_force,Act 19 of 2025,browse_listing,,,,
461,all,https://sso.agc.gov.sg/Act/MRHA2025?ViewType=Pdf,principal_act,,Maintenance of Racial Harmony Act 2025,MRHA2025,,eng,2026-09-15,consolidation,in_force,,browse_listing,,,,
462,all,https://sso.agc.gov.sg/Act/MRHA1990?ViewType=Pdf,principal_act,Act 26 of 1990,Maintenance of Religious Harmony Act 1990,MRHA1990,,eng,2026-09-15,consolidation,in_force,Act 10 of 2025,browse_listing,,,,
463,all,https://sso.agc.gov.sg/Act/MOREA1975?ViewType=Pdf,principal_act,,Maintenance Orders (Reciprocal Enforcement) Act 1975,MOREA1975,,eng,2025-01-16,consolidation,in_force,Act 18 of 2023,browse_listing,,,,
464,all,https://sso.agc.gov.sg/Act/MODA2004?ViewType=Pdf,principal_act,Act 25 of 2004,Manufacture of Optical Discs Act 2004,MODA2004,,eng,2021-12-31,consolidation,in_force,Act 9 of 2018,browse_listing,,,,
465,all,https://sso.agc.gov.sg/Act/MIA1906?ViewType=Pdf,principal_act,,Marine Insurance Act 1906,MIA1906,,eng,2021-12-31,consolidation,in_force,,browse_listing,,,,
466,all,https://sso.agc.gov.sg/Act/MPASA1996?ViewType=Pdf,principal_act,Act 7 of 1996,Maritime and Port Authority of Singapore Act 1996,MPASA1996,,eng,2026-02-01,consolidation,in_force,Act 17 of 2025,browse_listing,,,,
467,all,https://sso.agc.gov.sg/Act/MCA1911?ViewType=Pdf,principal_act,,Maritime Conventions Act 1911,MCA1911,,eng,2021-12-31,consolidation,in_force,Act 3 of 2019,browse_listing,,,,
468,all,https://sso.agc.gov.sg/Act/MOA2003?ViewType=Pdf,principal_act,Act 26 of 2003,Maritime Offences Act 2003,MOA2003,,eng,2025-07-01,consolidation,in_force,Act 3 of 2021,browse_listing,,,,
469,all,https://sso.agc.gov.sg/Act/MEA2017?ViewType=Pdf,principal_act,Act 45 of 2017,Massage Establishments Act 2017,MEA2017,,eng,2026-08-17,consolidation,in_force,S 557/2026,browse_listing,,,,
470,all,https://sso.agc.gov.sg/Act/MA2017?ViewType=Pdf,principal_act,Act 1 of 2017,Mediation Act 2017,MA2017,,eng,2022-04-01,consolidation,in_force,Act 25 of 2021,browse_listing,,,,
471,all,https://sso.agc.gov.sg/Act/MTERA1972?ViewType=Pdf,principal_act,,"Medical (Therapy, Education and Research) Act 1972",MTERA1972,,eng,2023-05-01,consolidation,in_force,Act 11 of 2023,browse_listing,,,,
472,all,https://sso.agc.gov.sg/Act/MECESA2000?ViewType=Pdf,principal_act,Act 13 of 2000,Medical and Elderly Care Endowment Schemes Act 2000,MECESA2000,,eng,2025-12-05,consolidation,in_force,Act 19 of 2025,browse_listing,,,,
473,all,https://sso.agc.gov.sg/Act/MRA1997?ViewType=Pdf,principal_act,Act 5 of 1997,Medical Registration Act 1997,MRA1997,,eng,2026-02-01,consolidation,in_force,S 31/2026,browse_listing,,,,
474,all,https://sso.agc.gov.sg/Act/MASA1955?ViewType=Pdf,principal_act,,Medicines (Advertisement and Sale) Act 1955,MASA1955,,eng,2023-06-26,consolidation,in_force,Act 11 of 2023,browse_listing,,,,
475,all,https://sso.agc.gov.sg/Act/MA1975?ViewType=Pdf,principal_act,,Medicines Act 1975,MA1975,,eng,2022-11-01,consolidation,in_force,Act 31 of 2022,browse_listing,,,,
476,all,https://sso.agc.gov.sg/Act/MLSA2015?ViewType=Pdf,principal_act,Act 4 of 2015,MediShield Life Scheme Act 2015,MLSA2015,,eng,2025-04-01,consolidation,in_force,Act 40 of 2024,browse_listing,,,,
477,all,https://sso.agc.gov.sg/Act/MCA2008?ViewType=Pdf,principal_act,Act 22 of 2008,Mental Capacity Act 2008,MCA2008,,eng,2025-03-09,consolidation,in_force,Act 5 of 2025,browse_listing,,,,
478,all,https://sso.agc.gov.sg/Act/MHCTA2008?ViewType=Pdf,principal_act,Act 21 of 2008,Mental Health (Care and Treatment) Act 2008,MHCTA2008,,eng,2025-01-01,consolidation,in_force,Act 16 of 2024,browse_listing,,,,
479,all,https://sso.agc.gov.sg/Act/MLAA1856?ViewType=Pdf,principal_act,,Mercantile Law Amendment Act 1856,MLAA1856,,eng,2021-12-31,consolidation,in_force,,browse_listing,,,,
480,all,https://sso.agc.gov.sg/Act/MSCLCBOPA2008?ViewType=Pdf,principal_act,Act 24 of 2008,Merchant Shipping (Civil Liability and Compensation for Bunker Oil Pollution) Act 2008,MSCLCBOPA2008,,eng,2022-04-01,consolidation,in_force,Act 25 of 2021,browse_listing,,,,
481,all,https://sso.agc.gov.sg/Act/MSCLCOPA1998?ViewType=Pdf,principal_act,Act 33 of 1998,Merchant Shipping (Civil Liability and Compensation for Oil Pollution) Act 1998,MSCLCOPA1998,,eng,2022-04-01,consolidation,in_force,Act 25 of 2021,browse_listing,,,,
482,all,https://sso.agc.gov.sg/Act/MSMLCA2014?ViewType=Pdf,principal_act,Act 6 of 2014,Merchant Shipping (Maritime Labour Convention) Act 2014,MSMLCA2014,,eng,2021-12-31,consolidation,in_force,Act 16 of 2020,browse_listing,,,,
483,all,https://sso.agc.gov.sg/Act/MSWRA2017?ViewType=Pdf,principal_act,Act 25 of 2017,Merchant Shipping (Wreck Removal) Act 2017,MSWRA2017,,eng,2021-12-31,consolidation,in_force,,browse_listing,,,,
484,all,https://sso.agc.gov.sg/Act/MSA1995?ViewType=Pdf,principal_act,Act 19 of 1995,Merchant Shipping Act 1995,MSA1995,,eng,2026-05-01,consolidation,in_force,Act 9 of 2026,browse_listing,,,,
485,all,https://sso.agc.gov.sg/Act/MELBO1908?ViewType=Pdf,principal_act,,Methodist Episcopal Location Board Ordinance 1908,MELBO1908,,eng,2021-12-31,consolidation,in_force,Act 7 of 1997,browse_listing,,,,
486,all,https://sso.agc.gov.sg/Act/MA1970?ViewType=Pdf,principal_act,,Metrication Act 1970,MA1970,,eng,2021-12-31,consolidation,in_force,,browse_listing,,,,
487,all,https://sso.agc.gov.sg/Act/MMA1905?ViewType=Pdf,principal_act,,Military Manoeuvres Act 1905,MMA1905,,eng,2022-10-28,consolidation,in_force,Act 24 of 2022,browse_listing,,,,
488,all,https://sso.agc.gov.sg/Act/MFIA1959?ViewType=Pdf,principal_act,,Minister for Finance (Incorporation) Act 1959,MFIA1959,,eng,2021-12-31,consolidation,in_force,,browse_listing,,,,
489,all,https://sso.agc.gov.sg/Act/MCA1987?ViewType=Pdf,principal_act,,Minors’ Contracts Act 1987,MCA1987,,eng,2022-04-01,consolidation,in_force,Act 25 of 2021,browse_listing,,,,
490,all,https://sso.agc.gov.sg/Act/MOPONA1906?ViewType=Pdf,principal_act,,Miscellaneous Offences (Public Order and Nuisance) Act 1906,MOPONA1906,,eng,2026-08-17,consolidation,in_force,Act 21 of 2025,browse_listing,,,,
491,all,https://sso.agc.gov.sg/Act/MA1967?ViewType=Pdf,principal_act,,Misrepresentation Act 1967,MA1967,,eng,2021-12-31,consolidation,in_force,,browse_listing,,,,
492,all,https://sso.agc.gov.sg/Act/MEO1891?ViewType=Pdf,principal_act,,Missions Étrangères Ordinance 1891,MEO1891,,eng,2021-12-31,consolidation,in_force,Act 7 of 1997,browse_listing,,,,
493,all,https://sso.agc.gov.sg/Act/MDA1973?ViewType=Pdf,principal_act,,Misuse of Drugs Act 1973,MDA1973,,eng,2026-06-01,consolidation,in_force,S 321/2026,browse_listing,,,,
494,all,https://sso.agc.gov.sg/Act/MASA1970?ViewType=Pdf,principal_act,,Monetary Authority of Singapore Act 1970,MASA1970,,eng,2024-08-30,consolidation,in_force,Act 12 of 2024,browse_listing,,,,
495,all,https://sso.agc.gov.sg/Act/MA2008?ViewType=Pdf,principal_act,Act 31 of 2008,Moneylenders Act 2008,MA2008,,eng,2024-11-25,consolidation,in_force,Act 32 of 2024,browse_listing,,,,
496,all,https://sso.agc.gov.sg/Act/MVTPRCA1960?ViewType=Pdf,principal_act,,Motor Vehicles (Third-Party Risks and Compensation) Act 1960,MVTPRCA1960,,eng,2026-01-01,consolidation,in_force,Act 2 of 2025,browse_listing,,,,
497,all,https://sso.agc.gov.sg/Act/MLMPSPA1973?ViewType=Pdf,principal_act,,Multi-Level Marketing and Pyramid Selling (Prohibition) Act 1973,MLMPSPA1973,,eng,2021-12-31,consolidation,in_force,Act 29 of 2014,browse_listing,,,,
498,all,https://sso.agc.gov.sg/Act/MTA2021?ViewType=Pdf,principal_act,Act 2 of 2021,Multimodal Transport Act 2021,MTA2021,,eng,2021-12-31,consolidation,in_force,,browse_listing,,,,
499,all,https://sso.agc.gov.sg/Act/MEMTA2024?ViewType=Pdf,principal_act,Act 36 of 2024,Multinational Enterprise (Minimum Tax) Act 2024,MEMTA2024,,eng,2025-03-20,consolidation,in_force,Act 25 of 2025,browse_listing,,,,
500,all,https://sso.agc.gov.sg/Act/MACMA2000?ViewType=Pdf,principal_act,Act 12 of 2000,Mutual Assistance in Criminal Matters Act 2000,MACMA2000,,eng,2026-09-15,consolidation,in_force,Act 10 of 2025,browse_listing,,,,
501,all,https://sso.agc.gov.sg/Act/MBOA1960?ViewType=Pdf,principal_act,,Mutual Benefit Organisations Act 1960,MBOA1960,,eng,2024-11-01,consolidation,in_force,Act 30 of 2024,browse_listing,,,,
502,all,https://sso.agc.gov.sg/Act/NPA1992?ViewType=Pdf,principal_act,Act 11 of 1992,Nanyang Polytechnic Act 1992,NPA1992,,eng,2024-04-01,consolidation,in_force,Act 4 of 2008,browse_listing,,,,
503,all,https://sso.agc.gov.sg/Act/NTUCA2005?ViewType=Pdf,principal_act,Act 46 of 2005,Nanyang Technological University (Corporatisation) Act 2005,NTUCA2005,,eng,2021-12-31,consolidation,in_force,Act 40 of 2018,browse_listing,,,,
504,all,https://sso.agc.gov.sg/Act/NACA1991?ViewType=Pdf,principal_act,Act 26 of 1991,National Arts Council Act 1991,NACA1991,,eng,2021-12-31,consolidation,in_force,Act 2 of 2020,browse_listing,,,,
505,all,https://sso.agc.gov.sg/Act/NCCA1972?ViewType=Pdf,principal_act,,National Cadet Corps Act 1972,NCCA1972,,eng,2025-12-01,consolidation,in_force,Act 31 of 2023,browse_listing,,,,
506,all,https://sso.agc.gov.sg/Act/NCSSA1992?ViewType=Pdf,principal_act,Act 14 of 1992,National Council of Social Service Act 1992,NCSSA1992,,eng,2026-08-01,consolidation,in_force,Act 3 of 2026,browse_listing,,,,
507,all,https://sso.agc.gov.sg/Act/NEAA2002?ViewType=Pdf,principal_act,Act 4 of 2002,National Environment Agency Act 2002,NEAA2002,,eng,2021-12-31,consolidation,in_force,Act 7 of 2020,browse_listing,,,,
508,all,https://sso.agc.gov.sg/Act/NHBA1993?ViewType=Pdf,principal_act,Act 13 of 1993,National Heritage Board Act 1993,NHBA1993,,eng,2021-12-31,consolidation,in_force,Act 36 of 2021,browse_listing,,,,
509,all,https://sso.agc.gov.sg/Act/NLBA1995?ViewType=Pdf,principal_act,Act 5 of 1995,National Library Board Act 1995,NLBA1995,,eng,2023-12-01,consolidation,in_force,Act 25 of 2023,browse_listing,,,,
510,all,https://sso.agc.gov.sg/Act/NPBA1996?ViewType=Pdf,principal_act,Act 22 of 1996,National Parks Board Act 1996,NPBA1996,,eng,2021-12-31,consolidation,in_force,Act 10 of 2019,browse_listing,,,,
511,all,https://sso.agc.gov.sg/Act/NPFA2010?ViewType=Pdf,principal_act,Act 26 of 2010,National Productivity Fund Act 2010,NPFA2010,,eng,2023-09-18,consolidation,in_force,Act 29 of 2023,browse_listing,,,,
512,all,https://sso.agc.gov.sg/Act/NRA1965?ViewType=Pdf,principal_act,,National Registration Act 1965,NRA1965,,eng,2024-06-17,consolidation,in_force,Act 16 of 2024,browse_listing,,,,
513,all,https://sso.agc.gov.sg/Act/NRDA2007?ViewType=Pdf,principal_act,Act 56 of 2007,National Registry of Diseases Act 2007,NRDA2007,,eng,2025-12-05,consolidation,in_force,Act 19 of 2025,browse_listing,,,,
514,all,https://sso.agc.gov.sg/Act/NRFA2006?ViewType=Pdf,principal_act,Act 17 of 2006,National Research Fund Act 2006,NRFA2006,,eng,2021-12-31,consolidation,in_force,,browse_listing,,,,
515,all,https://sso.agc.gov.sg/Act/NSEA1970?ViewType=Pdf,principal_act,,National Servicemen (Employment) Act 1970,NSEA1970,,eng,2021-12-31,consolidation,in_force,,browse_listing,,,,
516,all,https://sso.agc.gov.sg/Act/NSA2022?ViewType=Pdf,principal_act,Act 29 of 2022,National Symbols Act 2022,NSA2022,,eng,2025-10-10,consolidation,in_force,S 671/2025,browse_listing,,,,
517,all,https://sso.agc.gov.sg/Act/NUSCA2005?ViewType=Pdf,principal_act,Act 45 of 2005,National University of Singapore (Corporatisation) Act 2005,NUSCA2005,,eng,2021-12-31,consolidation,in_force,Act 40 of 2018,browse_listing,,,,
518,all,https://sso.agc.gov.sg/Act/NPPA1974?ViewType=Pdf,principal_act,,Newspaper and Printing Presses Act 1974,NPPA1974,,eng,2022-11-01,consolidation,in_force,Act 31 of 2022,browse_listing,,,,
519,all,https://sso.agc.gov.sg/Act/NAKIO1933?ViewType=Pdf,principal_act,,Ngee Ann Kongsi (Incorporation) Ordinance 1933,NAKIO1933,,eng,2022-04-01,consolidation,in_force,Act 25 of 2021,browse_listing,,,,
520,all,https://sso.agc.gov.sg/Act/NAPA1967?ViewType=Pdf,principal_act,,Ngee Ann Polytechnic Act 1967,NAPA1967,,eng,2024-04-01,consolidation,in_force,Act 4 of 2008,browse_listing,,,,
521,all,https://sso.agc.gov.sg/Act/NPA1959?ViewType=Pdf,principal_act,,Notaries Public Act 1959,NPA1959,,eng,2021-12-31,consolidation,in_force,Act 20 of 2007,browse_listing,,,,
522,all,https://sso.agc.gov.sg/Act/NMA1999?ViewType=Pdf,principal_act,Act 46 of 1999,Nurses and Midwives Act 1999,NMA1999,,eng,2025-12-05,consolidation,in_force,Act 19 of 2025,browse_listing,,,,
523,all,https://sso.agc.gov.sg/Act/ODA2000?ViewType=Pdf,principal_act,Act 38 of 2000,Oaths and Declarations Act 2000,ODA2000,,eng,2023-12-01,consolidation,in_force,Act 25 of 2023,browse_listing,,,,
524,all,https://sso.agc.gov.sg/Act/OSA1935?ViewType=Pdf,principal_act,,Official Secrets Act 1935,OSA1935,,eng,2026-07-01,consolidation,in_force,Act 17 of 2026,browse_listing,,,,
525,all,https://sso.agc.gov.sg/Act/OCHA2023?ViewType=Pdf,principal_act,Act 24 of 2023,Online Criminal Harms Act 2023,OCHA2023,,eng,2026-09-15,consolidation,in_force,Act 10 of 2025,browse_listing,,,,
526,all,https://sso.agc.gov.sg/Act/OSRAA2025?ViewType=Pdf,principal_act,Act 23 of 2025,Online Safety (Relief and Accountability) Act 2025,OSRAA2025,,eng,2026-06-29,consolidation,in_force,,browse_listing,,,,
527,all,https://sso.agc.gov.sg/Act/OOA2007?ViewType=Pdf,principal_act,Act 36 of 2007,Optometrists and Opticians Act 2007,OOA2007,,eng,2025-12-05,consolidation,in_force,Act 19 of 2025,browse_listing,,,,
528,all,https://sso.agc.gov.sg/Act/OCA2015?ViewType=Pdf,principal_act,Act 26 of 2015,Organised Crime Act 2015,OCA2015,,eng,2026-08-17,consolidation,in_force,S 560/2026,browse_listing,,,,
529,all,https://sso.agc.gov.sg/Act/PPSA1975?ViewType=Pdf,principal_act,,Parking Places (Surcharge) Act 1975,PPSA1975,,eng,2021-12-31,consolidation,in_force,Act 24 of 2018,browse_listing,,,,
530,all,https://sso.agc.gov.sg/Act/PPA1974?ViewType=Pdf,principal_act,,Parking Places Act 1974,PPA1974,,eng,2021-12-31,consolidation,in_force,Act 12 of 2021,browse_listing,,,,
531,all,https://sso.agc.gov.sg/Act/PTA2005?ViewType=Pdf,principal_act,Act 4 of 2005,Parks and Trees Act 2005,PTA2005,,eng,2024-11-01,consolidation,in_force,Act 42 of 2022,browse_listing,,,,
532,all,https://sso.agc.gov.sg/Act/PPIPA1962?ViewType=Pdf,principal_act,,"Parliament (Privileges, Immunities and Powers) Act 1962",PPIPA1962,,eng,2025-03-09,consolidation,in_force,Act 5 of 2025,browse_listing,,,,
533,all,https://sso.agc.gov.sg/Act/PEA1954?ViewType=Pdf,principal_act,,Parliamentary Elections Act 1954,PEA1954,,eng,2025-03-28,consolidation,in_force,S 200/2025,browse_listing,,,,
534,all,https://sso.agc.gov.sg/Act/PPAA2012?ViewType=Pdf,principal_act,Act 21 of 2012,Parliamentary Pensions (Abolition) Act 2012,PPAA2012,,eng,2021-12-31,consolidation,in_force,,browse_listing,,,,
535,all,https://sso.agc.gov.sg/Act/PPA1978?ViewType=Pdf,principal_act,,Parliamentary Pensions Act 1978,PPA1978,,eng,2021-12-31,consolidation,in_force,Act 21 of 2012,browse_listing,,,,
536,all,https://sso.agc.gov.sg/Act/PA1890?ViewType=Pdf,principal_act,,Partnership Act 1890,PA1890,,eng,2022-04-01,consolidation,in_force,Act 25 of 2021,browse_listing,,,,
537,all,https://sso.agc.gov.sg/Act/PA2007?ViewType=Pdf,principal_act,Act 33 of 2007,Passports Act 2007,PA2007,,eng,2024-06-17,consolidation,in_force,Act 16 of 2024,browse_listing,,,,
538,all,https://sso.agc.gov.sg/Act/PA1994?ViewType=Pdf,principal_act,Act 21 of 1994,Patents Act 1994,PA1994,,eng,2025-03-09,consolidation,in_force,Act 5 of 2025,browse_listing,,,,
539,all,https://sso.agc.gov.sg/Act/PA2015?ViewType=Pdf,principal_act,Act 2 of 2015,Pawnbrokers Act 2015,PA2015,,eng,2024-11-25,consolidation,in_force,Act 32 of 2024,browse_listing,,,,
540,all,https://sso.agc.gov.sg/Act/PSSFNA2002?ViewType=Pdf,principal_act,Act 39 of 2002,Payment and Settlement Systems (Finality and Netting) Act 2002,PSSFNA2002,,eng,2025-03-09,consolidation,in_force,Act 5 of 2025,browse_listing,,,,
541,all,https://sso.agc.gov.sg/Act/PSA2019?ViewType=Pdf,principal_act,Act 2 of 2019,Payment Services Act 2019,PSA2019,,eng,2025-03-09,consolidation,in_force,Act 5 of 2025,browse_listing,,,,
542,all,https://sso.agc.gov.sg/Act/PTA1965?ViewType=Pdf,principal_act,,Payroll Tax Act 1965,PTA1965,,eng,2025-03-09,consolidation,in_force,Act 5 of 2025,browse_listing,,,,
543,all,https://sso.agc.gov.sg/Act/PC1871?ViewType=Pdf,principal_act,,Penal Code 1871,PC1871,,eng,2026-09-15,consolidation,in_force,Act 10 of 2025,browse_listing,,,,
544,all,https://sso.agc.gov.sg/Act/PFA1995?ViewType=Pdf,principal_act,Act 8 of 1995,Pension Fund Act 1995,PFA1995,,eng,2021-12-31,consolidation,in_force,Act 4 of 2021,browse_listing,,,,
545,all,https://sso.agc.gov.sg/Act/PEOA1976?ViewType=Pdf,principal_act,,Pensions (Expatriate Officers) Act,PEOA1976,,eng,1987-03-30,consolidation,in_force,,browse_listing,,,,
546,all,https://sso.agc.gov.sg/Act/PA1956?ViewType=Pdf,principal_act,,Pensions Act 1956,PA1956,,eng,2022-01-14,consolidation,in_force,Act 33 of 2021,browse_listing,,,,
547,all,https://sso.agc.gov.sg/Act/PAA1960?ViewType=Pdf,principal_act,,People’s Association Act 1960,PAA1960,,eng,2025-04-14,consolidation,in_force,S 267/2025,browse_listing,,,,
548,all,https://sso.agc.gov.sg/Act/PRA2007?ViewType=Pdf,principal_act,Act 48 of 2007,Pharmacists Registration Act 2007,PRA2007,,eng,2025-12-05,consolidation,in_force,Act 19 of 2025,browse_listing,,,,
549,all,https://sso.agc.gov.sg/Act/PGMGFA2014?ViewType=Pdf,principal_act,Act 43 of 2014,Pioneer Generation and Merdeka Generation Funds Act 2014,PGMGFA2014,,eng,2022-11-01,consolidation,in_force,Act 31 of 2022,browse_listing,,,,
550,all,https://sso.agc.gov.sg/Act/PA1998?ViewType=Pdf,principal_act,Act 3 of 1998,Planning Act 1998,PA1998,,eng,2025-10-01,consolidation,in_force,Act 25 of 2024,browse_listing,,,,
551,all,https://sso.agc.gov.sg/Act/PVPA2004?ViewType=Pdf,principal_act,Act 22 of 2004,Plant Varieties Protection Act 2004,PVPA2004,,eng,2022-06-10,consolidation,in_force,Act 23 of 2019,browse_listing,,,,
552,all,https://sso.agc.gov.sg/Act/PWA2024?ViewType=Pdf,principal_act,Act 30 of 2024,Platform Workers Act 2024,PWA2024,,eng,2026-05-04,consolidation,in_force,S 282/2026,browse_listing,,,,
553,all,https://sso.agc.gov.sg/Act/PPPTIA2019?ViewType=Pdf,principal_act,Act 20 of 2019,Point-to-Point Passenger Transport Industry Act 2019,PPPTIA2019,,eng,2026-05-04,consolidation,in_force,Act 5 of 2026,browse_listing,,,,
554,all,https://sso.agc.gov.sg/Act/PA1938?ViewType=Pdf,principal_act,,Poisons Act 1938,PA1938,,eng,2026-05-01,consolidation,in_force,Act 9 of 2026,browse_listing,,,,
555,all,https://sso.agc.gov.sg/Act/PFA2004?ViewType=Pdf,principal_act,Act 24 of 2004,Police Force Act 2004,PFA2004,,eng,2025-03-24,consolidation,in_force,Act 43 of 2024,browse_listing,,,,
556,all,https://sso.agc.gov.sg/Act/PAA1867?ViewType=Pdf,principal_act,,Policies of Assurance Act 1867,PAA1867,,eng,2021-12-31,consolidation,in_force,,browse_listing,,,,
557,all,https://sso.agc.gov.sg/Act/PMO1910?ViewType=Pdf,principal_act,,Portuguese Missions Ordinance 1910,PMO1910,,eng,2022-04-01,consolidation,in_force,Act 25 of 2021,browse_listing,,,,
558,all,https://sso.agc.gov.sg/Act/PSA1999?ViewType=Pdf,principal_act,Act 42 of 1999,Postal Services Act 1999,PSA1999,,eng,2026-07-01,consolidation,in_force,Act 15 of 2026,browse_listing,,,,
559,all,https://sso.agc.gov.sg/Act/PSPMPMLTFPFA2019?ViewType=Pdf,principal_act,Act 7 of 2019,"Precious Stones and Precious Metals (Prevention of Money Laundering, Terrorism Financing and Proliferation Financing) Act 2019",PSPMPMLTFPFA2019,,eng,2024-05-01,consolidation,in_force,Act 6 of 2024,browse_listing,,,,
560,all,https://sso.agc.gov.sg/Act/PCEMO1903?ViewType=Pdf,principal_act,,Presbyterian Church of England Mission Ordinance 1903,PCEMO1903,,eng,2021-12-31,consolidation,in_force,Act 7 of 1997,browse_listing,,,,
561,all,https://sso.agc.gov.sg/Act/PCO1876?ViewType=Pdf,principal_act,,Presbyterian Church Ordinance 1876,PCO1876,,eng,2021-12-31,consolidation,in_force,,browse_listing,,,,
562,all,https://sso.agc.gov.sg/Act/PMA2009?ViewType=Pdf,principal_act,Act 16 of 2009,Preservation of Monuments Act 2009,PMA2009,,eng,2021-12-31,consolidation,in_force,Act 36 of 2021,browse_listing,,,,
563,all,https://sso.agc.gov.sg/Act/PrEA1991?ViewType=Pdf,principal_act,Act 27 of 1991,Presidential Elections Act 1991,PrEA1991,,eng,2025-01-22,consolidation,in_force,Act 34 of 2024,browse_listing,,,,
564,all,https://sso.agc.gov.sg/Act/PCA1960?ViewType=Pdf,principal_act,,Prevention of Corruption Act 1960,PCA1960,,eng,2021-12-31,consolidation,in_force,Act 40 of 2018,browse_listing,,,,
565,all,https://sso.agc.gov.sg/Act/PHTA2014?ViewType=Pdf,principal_act,Act 45 of 2014,Prevention of Human Trafficking Act 2014,PHTA2014,,eng,2026-08-17,consolidation,in_force,Act 21 of 2025,browse_listing,,,,
566,all,https://sso.agc.gov.sg/Act/PPSA1990?ViewType=Pdf,principal_act,Act 18 of 1990,Prevention of Pollution of the Sea Act 1990,PPSA1990,,eng,2021-12-31,consolidation,in_force,Act 26 of 2017,browse_listing,,,,
567,all,https://sso.agc.gov.sg/Act/PCA1950?ViewType=Pdf,principal_act,,Price Control Act 1950,PCA1950,,eng,2021-12-31,consolidation,in_force,Act 15 of 2010,browse_listing,,,,
568,all,https://sso.agc.gov.sg/Act/PA1933?ViewType=Pdf,principal_act,,Prisons Act 1933,PA1933,,eng,2026-08-17,consolidation,in_force,S 561/2026,browse_listing,,,,
569,all,https://sso.agc.gov.sg/Act/PEA2009?ViewType=Pdf,principal_act,Act 21 of 2009,Private Education Act 2009,PEA2009,,eng,2026-07-01,consolidation,in_force,Act 17 of 2026,browse_listing,,,,
570,all,https://sso.agc.gov.sg/Act/PSIA2007?ViewType=Pdf,principal_act,Act 38 of 2007,Private Security Industry Act 2007,PSIA2007,,eng,2026-06-29,consolidation,in_force,Act 23 of 2025,browse_listing,,,,
571,all,https://sso.agc.gov.sg/Act/PAA1934?ViewType=Pdf,principal_act,,Probate and Administration Act 1934,PAA1934,,eng,2024-10-15,consolidation,in_force,Act 18 of 2023,browse_listing,,,,
572,all,https://sso.agc.gov.sg/Act/POA1951?ViewType=Pdf,principal_act,,Probation of Offenders Act 1951,POA1951,,eng,2025-12-30,consolidation,in_force,Act 30 of 2019,browse_listing,,,,
573,all,https://sso.agc.gov.sg/Act/PEA1991?ViewType=Pdf,principal_act,Act 23 of 1991,Professional Engineers Act 1991,PEA1991,,eng,2026-01-01,consolidation,in_force,Act 15 of 2026,browse_listing,,,,
574,all,https://sso.agc.gov.sg/Act/PTA1960?ViewType=Pdf,principal_act,,Property Tax Act 1960,PTA1960,,eng,2025-04-01,consolidation,in_force,Act 3 of 2024,browse_listing,,,,
575,all,https://sso.agc.gov.sg/Act/PHA2014?ViewType=Pdf,principal_act,Act 17 of 2014,Protection from Harassment Act 2014,PHA2014,,eng,2026-08-17,consolidation,in_force,Act 21 of 2025,browse_listing,,,,
576,all,https://sso.agc.gov.sg/Act/POFMA2019?ViewType=Pdf,principal_act,Act 18 of 2019,Protection from Online Falsehoods and Manipulation Act 2019,POFMA2019,,eng,2021-12-31,consolidation,in_force,Act 40 of 2019,browse_listing,,,,
577,all,https://sso.agc.gov.sg/Act/PSA2025?ViewType=Pdf,principal_act,Act 1 of 2025,Protection from Scams Act 2025,PSA2025,,eng,2025-07-01,consolidation,in_force,,browse_listing,,,,
578,all,https://sso.agc.gov.sg/Act/PDA2022?ViewType=Pdf,principal_act,Act 23 of 2022,Public Defenders Act 2022,PDA2022,,eng,2026-05-01,consolidation,in_force,S 247/2026,browse_listing,,,,
579,all,https://sso.agc.gov.sg/Act/PEA1958?ViewType=Pdf,principal_act,,Public Entertainments Act 1958,PEA1958,,eng,2026-05-01,consolidation,in_force,S 260/2026,browse_listing,,,,
580,all,https://sso.agc.gov.sg/Act/POA2009?ViewType=Pdf,principal_act,Act 15 of 2009,Public Order Act 2009,POA2009,,eng,2025-10-01,consolidation,in_force,Act 12 of 2020,browse_listing,,,,
581,all,https://sso.agc.gov.sg/Act/POSSPA2018?ViewType=Pdf,principal_act,Act 26 of 2018,Public Order and Safety (Special Powers) Act 2018,POSSPA2018,,eng,2025-07-01,consolidation,in_force,Act 3 of 2021,browse_listing,,,,
582,all,https://sso.agc.gov.sg/Act/PSGA2018?ViewType=Pdf,principal_act,Act 5 of 2018,Public Sector (Governance) Act 2018,PSGA2018,,eng,2026-08-01,consolidation,in_force,Act 3 of 2026,browse_listing,,,,
583,all,https://sso.agc.gov.sg/Act/PSMVCNAAA1988?ViewType=Pdf,principal_act,Act 14 of 1988,Public Service (Monthly Variable Component and Non-pensionable Annual Allowance) Act 1988,PSMVCNAAA1988,,eng,2021-12-31,consolidation,in_force,,browse_listing,,,,
584,all,https://sso.agc.gov.sg/Act/PSSCA1956?ViewType=Pdf,principal_act,,Public Service (Service Commissions) Act 1956,PSSCA1956,,eng,2022-01-14,consolidation,in_force,Act 33 of 2021,browse_listing,,,,
585,all,https://sso.agc.gov.sg/Act/PTCA1987?ViewType=Pdf,principal_act,Act 18 of 1987,Public Transport Council Act 1987,PTCA1987,,eng,2025-10-09,consolidation,in_force,S 669/2025,browse_listing,,,,
586,all,https://sso.agc.gov.sg/Act/PTA1915?ViewType=Pdf,principal_act,,Public Trustee Act 1915,PTA1915,,eng,2022-11-01,consolidation,in_force,Act 31 of 2022,browse_listing,,,,
587,all,https://sso.agc.gov.sg/Act/PUA2001?ViewType=Pdf,principal_act,Act 8 of 2001,Public Utilities Act 2001,PUA2001,,eng,2026-05-29,consolidation,in_force,Act 8 of 2026,browse_listing,,,,
588,all,https://sso.agc.gov.sg/Act/RPA2007?ViewType=Pdf,principal_act,Act 27 of 2007,Radiation Protection Act 2007,RPA2007,,eng,2022-07-01,consolidation,in_force,Act 17 of 2022,browse_listing,,,,
589,all,https://sso.agc.gov.sg/Act/RA1905?ViewType=Pdf,principal_act,,Railways Act 1905,RA1905,,eng,2026-08-17,consolidation,in_force,Act 21 of 2025,browse_listing,,,,
590,all,https://sso.agc.gov.sg/Act/RTSA1995?ViewType=Pdf,principal_act,Act 29 of 1995,Rapid Transit Systems Act 1995,RTSA1995,,eng,2026-05-04,consolidation,in_force,Act 5 of 2026,browse_listing,,,,
591,all,https://sso.agc.gov.sg/Act/RECJRA2019?ViewType=Pdf,principal_act,Act 24 of 2019,Reciprocal Enforcement of Commonwealth Judgments (Repeal) Act 2019,RECJRA2019,,eng,2023-03-01,consolidation,in_force,,browse_listing,,,,
592,all,https://sso.agc.gov.sg/Act/REFJA1959?ViewType=Pdf,principal_act,,Reciprocal Enforcement of Foreign Judgments Act 1959,REFJA1959,,eng,2023-03-01,consolidation,in_force,Act 24 of 2019,browse_listing,,,,
593,all,https://sso.agc.gov.sg/Act/RFO1948?ViewType=Pdf,principal_act,,Redemptorist Fathers Ordinance 1948,RFO1948,,eng,2021-12-31,consolidation,in_force,Act 7 of 1997,browse_listing,,,,
594,all,https://sso.agc.gov.sg/Act/RDA2000?ViewType=Pdf,principal_act,Act 25 of 2000,Registered Designs Act 2000,RDA2000,,eng,2025-03-09,consolidation,in_force,Act 5 of 2025,browse_listing,,,,
595,all,https://sso.agc.gov.sg/Act/RBDA2021?ViewType=Pdf,principal_act,Act 17 of 2021,Registration of Births and Deaths Act 2021,RBDA2021,,eng,2024-10-15,consolidation,in_force,Act 20 of 2022,browse_listing,,,,
596,all,https://sso.agc.gov.sg/Act/RCA1949?ViewType=Pdf,principal_act,,Registration of Criminals Act 1949,RCA1949,,eng,2026-09-15,consolidation,in_force,S 608/2026,browse_listing,,,,
597,all,https://sso.agc.gov.sg/Act/RDA1988?ViewType=Pdf,principal_act,Act 13 of 1988,Registration of Deeds Act 1988,RDA1988,,eng,2025-10-01,consolidation,in_force,Act 25 of 2024,browse_listing,,,,
598,all,https://sso.agc.gov.sg/Act/RIEA1995?ViewType=Pdf,principal_act,Act 24 of 1995,Regulation of Imports and Exports Act 1995,RIEA1995,,eng,2025-03-09,consolidation,in_force,Act 5 of 2025,browse_listing,,,,
599,all,https://sso.agc.gov.sg/Act/RSIA1965?ViewType=Pdf,principal_act,,Republic of Singapore Independence Act 1965,RSIA1965,,eng,2021-12-31,consolidation,in_force,,browse_listing,,,,
600,all,https://sso.agc.gov.sg/Act/RPA2002?ViewType=Pdf,principal_act,Act 14 of 2002,Republic Polytechnic Act 2002,RPA2002,,eng,2024-04-01,consolidation,in_force,Act 4 of 2008,browse_listing,,,,
601,all,https://sso.agc.gov.sg/Act/RRA1985?ViewType=Pdf,principal_act,Act 8 of 1985,Requisition of Resources Act 1985,RRA1985,,eng,2025-03-09,consolidation,in_force,Act 5 of 2025,browse_listing,,,,
602,all,https://sso.agc.gov.sg/Act/RPA1976?ViewType=Pdf,principal_act,,Residential Property Act 1976,RPA1976,,eng,2022-04-01,consolidation,in_force,Act 25 of 2021,browse_listing,,,,
603,all,https://sso.agc.gov.sg/Act/RSA2019?ViewType=Pdf,principal_act,Act 29 of 2019,Resource Sustainability Act 2019,RSA2019,,eng,2024-07-12,consolidation,in_force,S 582/2024,browse_listing,,,,
604,all,https://sso.agc.gov.sg/Act/RRA1993?ViewType=Pdf,principal_act,Act 14 of 1993,Retirement and Re-employment Act 1993,RRA1993,,eng,2022-07-01,consolidation,in_force,Act 38 of 2021,browse_listing,,,,
605,all,https://sso.agc.gov.sg/Act/RELA1983?ViewType=Pdf,principal_act,,Revised Edition of the Laws Act 1983,RELA1983,,eng,2025-03-09,consolidation,in_force,Act 5 of 2025,browse_listing,,,,
606,all,https://sso.agc.gov.sg/Act/RTA1961?ViewType=Pdf,principal_act,,Road Traffic Act 1961,RTA1961,,eng,2026-08-17,consolidation,in_force,Act 21 of 2025,browse_listing,,,,
607,all,https://sso.agc.gov.sg/Act/RVSPA1960?ViewType=Pdf,principal_act,,Road Vehicles (Special Powers) Act 1960,RVSPA1960,,eng,2026-04-14,consolidation,in_force,Act 5 of 2026,browse_listing,,,,
608,all,https://sso.agc.gov.sg/Act/RCAA1975?ViewType=Pdf,principal_act,,Roman Catholic Archbishop Act 1975,RCAA1975,,eng,2021-12-31,consolidation,in_force,,browse_listing,,,,
609,all,https://sso.agc.gov.sg/Act/RIA1992?ViewType=Pdf,principal_act,Act 15 of 1992,Rubber Industry Act 1992,RIA1992,,eng,2021-12-31,consolidation,in_force,Act 40 of 2019,browse_listing,,,,
610,all,https://sso.agc.gov.sg/Act/SAMHO1934?ViewType=Pdf,principal_act,,Saint Andrew’s Mission Hospital Ordinance 1934,SAMHO1934,,eng,2021-12-31,consolidation,in_force,Act 40 of 2019,browse_listing,,,,
611,all,https://sso.agc.gov.sg/Act/SCPA1979?ViewType=Pdf,principal_act,,Sale of Commercial Properties Act 1979,SCPA1979,,eng,2025-07-01,consolidation,in_force,Act 15 of 2025,browse_listing,,,,
612,all,https://sso.agc.gov.sg/Act/SFA1973?ViewType=Pdf,principal_act,,Sale of Food Act 1973,SFA1973,,eng,2026-05-01,consolidation,in_force,Act 9 of 2026,browse_listing,,,,
613,all,https://sso.agc.gov.sg/Act/SGUNCA1995?ViewType=Pdf,principal_act,Act 14 of 1995,Sale of Goods (United Nations Convention) Act 1995,SGUNCA1995,,eng,2021-12-31,consolidation,in_force,,browse_listing,,,,
614,all,https://sso.agc.gov.sg/Act/SGA1979?ViewType=Pdf,principal_act,Act 393 of 1994,Sale of Goods Act 1979,SGA1979,,eng,2022-04-01,consolidation,in_force,Act 25 of 2021,browse_listing,,,,
615,all,https://sso.agc.gov.sg/Act/SAO1939?ViewType=Pdf,principal_act,,Salvation Army Ordinance 1939,SAO1939,,eng,2022-04-01,consolidation,in_force,Act 25 of 2021,browse_listing,,,,
616,all,https://sso.agc.gov.sg/Act/SGQA1970?ViewType=Pdf,principal_act,,Sand and Granite Quarries Act 1970,SGQA1970,,eng,2025-03-09,consolidation,in_force,Act 5 of 2025,browse_listing,,,,
617,all,https://sso.agc.gov.sg/Act/SMO1938?ViewType=Pdf,principal_act,,Scheut Missions Ordinance 1938,SMO1938,,eng,2021-12-31,consolidation,in_force,Act 7 of 1997,browse_listing,,,,
618,all,https://sso.agc.gov.sg/Act/SBIA1990?ViewType=Pdf,principal_act,Act 4 of 1990,School Boards (Incorporation) Act 1990,SBIA1990,,eng,2021-12-31,consolidation,in_force,,browse_listing,,,,
619,all,https://sso.agc.gov.sg/Act/ScCA1970?ViewType=Pdf,principal_act,,Science Centre Act 1970,ScCA1970,,eng,2021-12-31,consolidation,in_force,Act 5 of 2018,browse_listing,,,,
620,all,https://sso.agc.gov.sg/Act/SGDA2007?ViewType=Pdf,principal_act,Act 4 of 2007,Secondhand Goods Dealers Act 2007,SGDA2007,,eng,2025-03-09,consolidation,in_force,Act 5 of 2025,browse_listing,,,,
621,all,https://sso.agc.gov.sg/Act/SSDSO1959?ViewType=Pdf,principal_act,,Secretary of the Synod of the Diocese of Singapore Ordinance 1959,SSDSO1959,,eng,2021-12-31,consolidation,in_force,Act 7 of 1997,browse_listing,,,,
622,all,https://sso.agc.gov.sg/Act/SFA2001?ViewType=Pdf,principal_act,Act 42 of 2001,Securities and Futures Act 2001,SFA2001,,eng,2026-06-29,consolidation,in_force,Act 12 of 2026,browse_listing,,,,
623,all,https://sso.agc.gov.sg/Act/SDCA1972?ViewType=Pdf,principal_act,,Sentosa Development Corporation Act 1972,SDCA1972,,eng,2022-11-01,consolidation,in_force,Act 31 of 2022,browse_listing,,,,
624,all,https://sso.agc.gov.sg/Act/SLA1963?ViewType=Pdf,principal_act,,Service Lands Act 1963,SLA1963,,eng,2021-12-31,consolidation,in_force,,browse_listing,,,,
625,all,https://sso.agc.gov.sg/Act/SEA1934?ViewType=Pdf,principal_act,,Settled Estates Act 1934,SEA1934,,eng,2022-04-01,consolidation,in_force,Act 25 of 2021,browse_listing,,,,
626,all,https://sso.agc.gov.sg/Act/SDCPA1999?ViewType=Pdf,principal_act,Act 10 of 1999,"Sewerage, Drainage and Coastal Protection Act 1999",SDCPA1999,,eng,2026-07-01,consolidation,in_force,Act 15 of 2026,browse_listing,,,,
627,all,https://sso.agc.gov.sg/Act/SMECLA2020?ViewType=Pdf,principal_act,Act 8 of 2020,Shared Mobility Enterprises (Control and Licensing) Act 2020,SMECLA2020,,eng,2026-05-04,consolidation,in_force,Act 5 of 2026,browse_listing,,,,
628,all,https://sso.agc.gov.sg/Act/SIGLA2021?ViewType=Pdf,principal_act,Act 15 of 2021,Significant Infrastructure Government Loan Act 2021,SIGLA2021,,eng,2026-05-29,consolidation,in_force,Act 8 of 2026,browse_listing,,,,
629,all,https://sso.agc.gov.sg/Act/SIRA2024?ViewType=Pdf,principal_act,Act 1 of 2024,Significant Investments Review Act 2024,SIRA2024,,eng,2024-03-28,consolidation,in_force,,browse_listing,,,,
630,all,https://sso.agc.gov.sg/Act/SSSA2015?ViewType=Pdf,principal_act,Act 28 of 2015,Silver Support Scheme Act 2015,SSSA2015,,eng,2025-12-01,consolidation,in_force,Act 31 of 2023,browse_listing,,,,
631,all,https://sso.agc.gov.sg/Act/SALA1988?ViewType=Pdf,principal_act,Act 18 of 1988,Singapore Academy of Law Act 1988,SALA1988,,eng,2025-04-17,consolidation,in_force,Act 37 of 2023,browse_listing,,,,
632,all,https://sso.agc.gov.sg/Act/SAFA1972?ViewType=Pdf,principal_act,,Singapore Armed Forces Act 1972,SAFA1972,,eng,2026-05-01,consolidation,in_force,Act 9 of 2026,browse_listing,,,,
633,all,https://sso.agc.gov.sg/Act/SBFA2001?ViewType=Pdf,principal_act,Act 40 of 2001,Singapore Business Federation Act 2001,SBFA2001,,eng,2021-12-31,consolidation,in_force,Act 33 of 2018,browse_listing,,,,
634,all,https://sso.agc.gov.sg/Act/SCMA2020?ViewType=Pdf,principal_act,Act 4 of 2020,Singapore Convention on Mediation Act 2020,SCMA2020,,eng,2022-04-01,consolidation,in_force,Act 25 of 2021,browse_listing,,,,
635,all,https://sso.agc.gov.sg/Act/SCREA1975?ViewType=Pdf,principal_act,,Singapore Corporation of Rehabilitative Enterprises Act 1975,SCREA1975,,eng,2024-06-17,consolidation,in_force,Act 16 of 2024,browse_listing,,,,
636,all,https://sso.agc.gov.sg/Act/SEABA2003?ViewType=Pdf,principal_act,Act 32 of 2003,Singapore Examinations and Assessment Board Act 2003,SEABA2003,,eng,2024-04-01,consolidation,in_force,Act 4 of 2008,browse_listing,,,,
637,all,https://sso.agc.gov.sg/Act/SFAA2019?ViewType=Pdf,principal_act,Act 11 of 2019,Singapore Food Agency Act 2019,SFAA2019,,eng,2022-01-13,consolidation,in_force,S 26/2022,browse_listing,,,,
638,all,https://sso.agc.gov.sg/Act/SITA2014?ViewType=Pdf,principal_act,Act 11 of 2014,Singapore Institute of Technology Act 2014,SITA2014,,eng,2021-12-31,consolidation,in_force,Act 40 of 2018,browse_listing,,,,
639,all,https://sso.agc.gov.sg/Act/SLFA1977?ViewType=Pdf,principal_act,,Singapore Labour Foundation Act 1977,SLFA1977,,eng,2024-11-01,consolidation,in_force,Act 30 of 2024,browse_listing,,,,
640,all,https://sso.agc.gov.sg/Act/SLAA2001?ViewType=Pdf,principal_act,Act 17 of 2001,Singapore Land Authority Act 2001,SLAA2001,,eng,2024-11-01,consolidation,in_force,Act 42 of 2022,browse_listing,,,,
641,all,https://sso.agc.gov.sg/Act/SMUA2000?ViewType=Pdf,principal_act,Act 7 of 2000,Singapore Management University Act 2000,SMUA2000,,eng,2021-12-31,consolidation,in_force,Act 40 of 2018,browse_listing,,,,
642,all,https://sso.agc.gov.sg/Act/SPA1954?ViewType=Pdf,principal_act,,Singapore Polytechnic Act 1954,SPA1954,,eng,2024-04-01,consolidation,in_force,Act 4 of 2008,browse_listing,,,,
643,all,https://sso.agc.gov.sg/Act/SRTO1918?ViewType=Pdf,principal_act,,Singapore Railway Transfer Ordinance 1918,SRTO1918,,eng,2021-12-31,consolidation,in_force,,browse_listing,,,,
644,all,https://sso.agc.gov.sg/Act/SRCSA1973?ViewType=Pdf,principal_act,,Singapore Red Cross Society Act 1973,SRCSA1973,,eng,2023-05-01,consolidation,in_force,Act 11 of 2023,browse_listing,,,,
645,all,https://sso.agc.gov.sg/Act/SSCA1973?ViewType=Pdf,principal_act,,Singapore Sports Council Act 1973,SSCA1973,,eng,2026-04-01,consolidation,in_force,Act 4 of 2026,browse_listing,,,,
646,all,https://sso.agc.gov.sg/Act/STBA1987?ViewType=Pdf,principal_act,Act 29 of 1987,Singapore Totalisator Board Act 1987,STBA1987,,eng,2022-08-01,consolidation,in_force,Act 14 of 2022,browse_listing,,,,
647,all,https://sso.agc.gov.sg/Act/STCCA1972?ViewType=Pdf,principal_act,,Singapore Tourism (Cess Collection) Act 1972,STCCA1972,,eng,2022-04-01,consolidation,in_force,Act 25 of 2021,browse_listing,,,,
648,all,https://sso.agc.gov.sg/Act/STBA1963?ViewType=Pdf,principal_act,,Singapore Tourism Board Act 1963,STBA1963,,eng,2023-04-01,consolidation,in_force,Act 28 of 2022,browse_listing,,,,
649,all,https://sso.agc.gov.sg/Act/SUSSA2017?ViewType=Pdf,principal_act,Act 30 of 2017,Singapore University of Social Sciences Act 2017,SUSSA2017,,eng,2021-12-31,consolidation,in_force,Act 40 of 2018,browse_listing,,,,
650,all,https://sso.agc.gov.sg/Act/SUTDA2011?ViewType=Pdf,principal_act,Act 14 of 2011,Singapore University of Technology and Design Act 2011,SUTDA2011,,eng,2021-12-31,consolidation,in_force,Act 40 of 2018,browse_listing,,,,
651,all,https://sso.agc.gov.sg/Act/SWDAA2026?ViewType=Pdf,principal_act,Act 17 of 2026,Skills and Workforce Development Agency Act 2026,SWDAA2026,,eng,2026-07-01,consolidation,in_force,,browse_listing,,,,
652,all,https://sso.agc.gov.sg/Act/SDLA1979?ViewType=Pdf,principal_act,,Skills Development Levy Act 1979,SDLA1979,,eng,2026-07-01,consolidation,in_force,Act 17 of 2026,browse_listing,,,,
653,all,https://sso.agc.gov.sg/Act/SCTA1984?ViewType=Pdf,principal_act,,Small Claims Tribunals Act 1984,SCTA1984,,eng,2025-10-01,consolidation,in_force,Act 12 of 2020,browse_listing,,,,
654,all,https://sso.agc.gov.sg/Act/SMVSA2020?ViewType=Pdf,principal_act,Act 25 of 2020,Small Motorised Vehicles (Safety) Act 2020,SMVSA2020,,eng,2026-06-01,consolidation,in_force,Act 5 of 2026,browse_listing,,,,
655,all,https://sso.agc.gov.sg/Act/SPCPA1992?ViewType=Pdf,principal_act,Act 6 of 1992,Smoking (Prohibition in Certain Places) Act 1992,SPCPA1992,,eng,2026-05-01,consolidation,in_force,Act 9 of 2026,browse_listing,,,,
656,all,https://sso.agc.gov.sg/Act/SRHA2025?ViewType=Pdf,principal_act,Act 14 of 2025,Social Residential Homes Act 2025,SRHA2025,,eng,2026-07-01,consolidation,in_force,S 471/2026,browse_listing,,,,
657,all,https://sso.agc.gov.sg/Act/SA1966?ViewType=Pdf,principal_act,,Societies Act 1966,SA1966,,eng,2024-11-01,consolidation,in_force,Act 30 of 2024,browse_listing,,,,
658,all,https://sso.agc.gov.sg/Act/SSMIO1923?ViewType=Pdf,principal_act,,Society of Saint Maur Incorporation Ordinance 1923,SSMIO1923,,eng,2024-03-25,consolidation,in_force,Act 7 of 2024,browse_listing,,,,
659,all,https://sso.agc.gov.sg/Act/SCA2007?ViewType=Pdf,principal_act,Act 21 of 2007,Spam Control Act 2007,SCA2007,,eng,2022-04-01,consolidation,in_force,Act 25 of 2021,browse_listing,,,,
660,all,https://sso.agc.gov.sg/Act/SDA1929?ViewType=Pdf,principal_act,,Stamp Duties Act 1929,SDA1929,,eng,2025-10-01,consolidation,in_force,Act 12 of 2020,browse_listing,,,,
661,all,https://sso.agc.gov.sg/Act/SCA1970?ViewType=Pdf,principal_act,,State Courts Act 1970,SCA1970,,eng,2023-12-01,consolidation,in_force,Act 25 of 2023,browse_listing,,,,
662,all,https://sso.agc.gov.sg/Act/SIA1979?ViewType=Pdf,principal_act,,State Immunity Act 1979,SIA1979,,eng,2022-04-01,consolidation,in_force,Act 25 of 2021,browse_listing,,,,
663,all,https://sso.agc.gov.sg/Act/SLA1920?ViewType=Pdf,principal_act,,State Lands Act 1920,SLA1920,,eng,2021-12-31,consolidation,in_force,Act 11 of 2015,browse_listing,,,,
664,all,https://sso.agc.gov.sg/Act/SLPA2022?ViewType=Pdf,principal_act,Act 42 of 2022,State Lands Protection Act 2022,SLPA2022,,eng,2026-05-29,consolidation,in_force,Act 8 of 2026,browse_listing,,,,
665,all,https://sso.agc.gov.sg/Act/SMCDCA1958?ViewType=Pdf,principal_act,,States of Malaya Customs Duties Collection Act 1958,SMCDCA1958,,eng,2021-12-31,consolidation,in_force,Act 15 of 2010,browse_listing,,,,
666,all,https://sso.agc.gov.sg/Act/SA1973?ViewType=Pdf,principal_act,,Statistics Act 1973,SA1973,,eng,2026-06-30,consolidation,in_force,S 439/2026,browse_listing,,,,
667,all,https://sso.agc.gov.sg/Act/SCARTA2013?ViewType=Pdf,principal_act,Act 16 of 2013,Status of Children (Assisted Reproduction Technology) Act 2013,SCARTA2013,,eng,2024-10-15,consolidation,in_force,Act 25 of 2021,browse_listing,,,,
668,all,https://sso.agc.gov.sg/Act/SBTSA1968?ViewType=Pdf,principal_act,,Statutory Boards (Taxable Services) Act 1968,SBTSA1968,,eng,2024-04-01,consolidation,in_force,Act 4 of 2008,browse_listing,,,,
669,all,https://sso.agc.gov.sg/Act/SBGCPSA1983?ViewType=Pdf,principal_act,,Statutory Bodies and Government Companies (Protection of Secrecy) Act 1983,SBGCPSA1983,,eng,2026-07-01,consolidation,in_force,Act 17 of 2026,browse_listing,,,,
670,all,https://sso.agc.gov.sg/Act/SCCCFA1989?ViewType=Pdf,principal_act,Act 22 of 1989,Statutory Corporations (Contributions to Consolidated Fund) Act 1989,SCCCFA1989,,eng,2026-07-01,consolidation,in_force,Act 17 of 2026,browse_listing,,,,
671,all,https://sso.agc.gov.sg/Act/SSJTWAA1928?ViewType=Pdf,principal_act,,Straits Settlements and Johore Territorial Waters (Agreement) Act 1928,SSJTWAA1928,,eng,2021-12-31,consolidation,in_force,,browse_listing,,,,
672,all,https://sso.agc.gov.sg/Act/SGCA2002?ViewType=Pdf,principal_act,Act 40 of 2002,Strategic Goods (Control) Act 2002,SGCA2002,,eng,2025-07-01,consolidation,in_force,Act 3 of 2021,browse_listing,,,,
673,all,https://sso.agc.gov.sg/Act/SWA1995?ViewType=Pdf,principal_act,Act 30 of 1995,Street Works Act 1995,SWA1995,,eng,2024-11-01,consolidation,in_force,Act 42 of 2022,browse_listing,,,,
674,all,https://sso.agc.gov.sg/Act/SHO1904?ViewType=Pdf,principal_act,,Sultan Hussain Ordinance 1904,SHO1904,,eng,2021-12-31,consolidation,in_force,S 61/2000,browse_listing,,,,
675,all,https://sso.agc.gov.sg/Act/SSFY2025A2026?ViewType=Pdf,principal_act,Act 7 of 2026,Supplementary Supply (FY 2025) Act 2026,SSFY2025A2026,,eng,2026-03-20,consolidation,in_force,,browse_listing,,,,
676,all,https://sso.agc.gov.sg/Act/SA2025?ViewType=Pdf,principal_act,Act 11 of 2025,Supply Act 2025,SA2025,,eng,2025-04-01,consolidation,in_force,,browse_listing,,,,
677,all,https://sso.agc.gov.sg/Act/SA2026?ViewType=Pdf,principal_act,Act 6 of 2026,Supply Act 2026,SA2026,,eng,2026-04-01,consolidation,in_force,,browse_listing,,,,
678,all,https://sso.agc.gov.sg/Act/SGA1982?ViewType=Pdf,principal_act,,Supply of Goods Act 1982,SGA1982,,eng,2021-12-31,consolidation,in_force,Act 44 of 1996,browse_listing,,,,
679,all,https://sso.agc.gov.sg/Act/SCJA1969?ViewType=Pdf,principal_act,,Supreme Court of Judicature Act 1969,SCJA1969,,eng,2024-07-01,consolidation,in_force,S 505/2024,browse_listing,,,,
680,all,https://sso.agc.gov.sg/Act/TPA1990?ViewType=Pdf,principal_act,Act 5 of 1990,Temasek Polytechnic Act 1990,TPA1990,,eng,2024-04-01,consolidation,in_force,Act 4 of 2008,browse_listing,,,,
681,all,https://sso.agc.gov.sg/Act/TPA1974?ViewType=Pdf,principal_act,,Termination of Pregnancy Act 1974,TPA1974,,eng,2025-12-05,consolidation,in_force,Act 19 of 2025,browse_listing,,,,
682,all,https://sso.agc.gov.sg/Act/TSBA2007?ViewType=Pdf,principal_act,Act 50 of 2007,Terrorism (Suppression of Bombings) Act 2007,TSBA2007,,eng,2022-07-01,consolidation,in_force,Act 17 of 2022,browse_listing,,,,
683,all,https://sso.agc.gov.sg/Act/TSFA2002?ViewType=Pdf,principal_act,Act 16 of 2002,Terrorism (Suppression of Financing) Act 2002,TSFA2002,,eng,2026-08-26,consolidation,in_force,S 568/2026,browse_listing,,,,
684,all,https://sso.agc.gov.sg/Act/TSMRMA2017?ViewType=Pdf,principal_act,Act 27 of 2017,Terrorism (Suppression of Misuse of Radioactive Material) Act 2017,TSMRMA2017,,eng,2022-07-01,consolidation,in_force,Act 17 of 2022,browse_listing,,,,
685,all,https://sso.agc.gov.sg/Act/TKWSFHTUDA2017?ViewType=Pdf,principal_act,Act 21 of 2017,The Kwong-Wai-Shiu Free Hospital (Transfer of Undertaking and Dissolution) Act 2017,TKWSFHTUDA2017,,eng,2017-07-02,consolidation,in_force,,browse_listing,,,,
686,all,https://sso.agc.gov.sg/Act/TPRAIA1930?ViewType=Pdf,principal_act,,Third Parties (Rights Against Insurers) Act 1930,TPRAIA1930,,eng,2021-12-31,consolidation,in_force,Act 27 of 2019,browse_listing,,,,
687,all,https://sso.agc.gov.sg/Act/TVCA1993?ViewType=Pdf,principal_act,Act 10 of 1993,Tobacco and Vaporisers Control Act 1993,TVCA1993,,eng,2026-05-01,consolidation,in_force,Act 9 of 2026,browse_listing,,,,
688,all,https://sso.agc.gov.sg/Act/TCA1971?ViewType=Pdf,principal_act,,Tokyo Convention Act 1971,TCA1971,,eng,2021-12-31,consolidation,in_force,Act 32 of 2018,browse_listing,,,,
689,all,https://sso.agc.gov.sg/Act/TCA1988?ViewType=Pdf,principal_act,Act 12 of 1988,Town Councils Act 1988,TCA1988,,eng,2026-07-01,consolidation,in_force,Act 15 of 2026,browse_listing,,,,
690,all,https://sso.agc.gov.sg/Act/TDA1941?ViewType=Pdf,principal_act,,Trade Disputes Act 1941,TDA1941,,eng,2026-09-15,consolidation,in_force,Act 10 of 2025,browse_listing,,,,
691,all,https://sso.agc.gov.sg/Act/TMA1998?ViewType=Pdf,principal_act,Act 46 of 1998,Trade Marks Act 1998,TMA1998,,eng,2025-03-09,consolidation,in_force,Act 5 of 2025,browse_listing,,,,
692,all,https://sso.agc.gov.sg/Act/TUA1940?ViewType=Pdf,principal_act,,Trade Unions Act 1940,TUA1940,,eng,2025-01-01,consolidation,in_force,Act 30 of 2024,browse_listing,,,,
693,all,https://sso.agc.gov.sg/Act/TCMPA2000?ViewType=Pdf,principal_act,Act 34 of 2000,Traditional Chinese Medicine Practitioners Act 2000,TCMPA2000,,eng,2025-12-05,consolidation,in_force,Act 19 of 2025,browse_listing,,,,
694,all,https://sso.agc.gov.sg/Act/THPA2014?ViewType=Pdf,principal_act,Act 24 of 2014,Transboundary Haze Pollution Act 2014,THPA2014,,eng,2022-11-01,consolidation,in_force,Act 31 of 2022,browse_listing,,,,
695,all,https://sso.agc.gov.sg/Act/TSIA2018?ViewType=Pdf,principal_act,Act 36 of 2018,Transport Safety Investigations Act 2018,TSIA2018,,eng,2025-01-10,consolidation,in_force,Act 40 of 2019,browse_listing,,,,
696,all,https://sso.agc.gov.sg/Act/WSHA2006?ViewType=Pdf,principal_act,Act 7 of 2006,Workplace Safety and Health Act 2006,WSHA2006,,eng,2025-12-01,consolidation,in_force,S 754/2025,browse_listing,,,,
697,all,https://sso.agc.gov.sg/Act/WICA2019?ViewType=Pdf,principal_act,Act 27 of 2019,Work Injury Compensation Act 2019,WICA2019,,eng,2025-12-01,consolidation,in_force,S 751/2025,browse_listing,,,,
698,all,https://sso.agc.gov.sg/Act/WC1961?ViewType=Pdf,principal_act,,Women’s Charter 1961,WC1961,,eng,2026-08-17,consolidation,in_force,Act 21 of 2025,browse_listing,,,,
699,all,https://sso.agc.gov.sg/Act/WA1838?ViewType=Pdf,principal_act,,Wills Act 1838,WA1838,,eng,2022-10-28,consolidation,in_force,Act 24 of 2022,browse_listing,,,,
700,all,https://sso.agc.gov.sg/Act/WA1965?ViewType=Pdf,principal_act,,Wildlife Act 1965,WA1965,,eng,2026-07-01,consolidation,in_force,Act 15 of 2026,browse_listing,,,,
701,all,https://sso.agc.gov.sg/Act/WOPA1904?ViewType=Pdf,principal_act,,Widows’ and Orphans’ Pension Act 1904,WOPA1904,,eng,2021-12-31,consolidation,in_force,Act 8 of 1995,browse_listing,,,,
702,all,https://sso.agc.gov.sg/Act/WMFA1999?ViewType=Pdf,principal_act,Act 5 of 1999,Wholesome Meat and Fish Act 1999,WMFA1999,,eng,2022-04-01,consolidation,in_force,Act 25 of 2021,browse_listing,,,,
703,all,https://sso.agc.gov.sg/Act/WMA1975?ViewType=Pdf,principal_act,,Weights and Measures Act 1975,WMA1975,,eng,2025-11-28,consolidation,in_force,Act 7 of 2025,browse_listing,,,,
704,all,https://sso.agc.gov.sg/Act/VAA2018?ViewType=Pdf,principal_act,Act 27 of 2018,Vulnerable Adults Act 2018,VAA2018,,eng,2025-01-02,consolidation,in_force,Act 21 of 2023,browse_listing,,,,
705,all,https://sso.agc.gov.sg/Act/VSA1974?ViewType=Pdf,principal_act,,Voluntary Sterilisation Act 1974,VSA1974,,eng,2025-12-05,consolidation,in_force,Act 19 of 2025,browse_listing,,,,
706,all,https://sso.agc.gov.sg/Act/VFA1960?ViewType=Pdf,principal_act,,Visiting Forces Act 1960,VFA1960,,eng,2021-12-31,consolidation,in_force,,browse_listing,,,,
707,all,https://sso.agc.gov.sg/Act/VCA1967?ViewType=Pdf,principal_act,,Vigilante Corps Act 1967,VCA1967,,eng,2021-12-31,consolidation,in_force,,browse_listing,,,,
708,all,https://sso.agc.gov.sg/Act/VTA1903?ViewType=Pdf,principal_act,,Victoria Theatre Act 1903,VTA1903,,eng,2021-12-31,consolidation,in_force,,browse_listing,,,,
709,all,https://sso.agc.gov.sg/Act/VPA2026?ViewType=Pdf,principal_act,Act 11 of 2026,Veterinary Practice Act 2026,VPA2026,,eng,2026-08-01,consolidation,in_force,,browse_listing,,,,
710,all,https://sso.agc.gov.sg/Act/VCCA2018?ViewType=Pdf,principal_act,Act 44 of 2018,Variable Capital Companies Act 2018,VCCA2018,,eng,2026-05-06,consolidation,in_force,Act 24 of 2025,browse_listing,,,,
711,all,https://sso.agc.gov.sg/Act/VA1966?ViewType=Pdf,principal_act,,Vandalism Act 1966,VA1966,,eng,2021-12-31,consolidation,in_force,Act 15 of 2010,browse_listing,,,,
712,all,https://sso.agc.gov.sg/Act/URAA1989?ViewType=Pdf,principal_act,,Urban Redevelopment Authority Act 1989,URAA1989,,eng,,consolidation,in_force,,browse_listing,,,,amendment_check_incomplete
713,all,https://sso.agc.gov.sg/Act/UNPA2011?ViewType=Pdf,principal_act,,United Nations Personnel Act 2011,UNPA2011,,eng,,consolidation,in_force,,browse_listing,,,,amendment_check_incomplete
714,all,https://sso.agc.gov.sg/Act/UNA2001?ViewType=Pdf,principal_act,,United Nations Act 2001,UNA2001,,eng,,consolidation,in_force,,browse_listing,,,,amendment_check_incomplete
715,all,https://sso.agc.gov.sg/Act/UCTA1977?ViewType=Pdf,principal_act,,Unfair Contract Terms Act 1977,UCTA1977,,eng,,consolidation,in_force,,browse_listing,,,,amendment_check_incomplete
716,all,https://sso.agc.gov.sg/Act/UPA1967?ViewType=Pdf,principal_act,,Undesirable Publications Act 1967,UPA1967,,eng,,consolidation,in_force,,browse_listing,,,,amendment_check_incomplete
717,all,https://sso.agc.gov.sg/Act/TA1967?ViewType=Pdf,principal_act,,Trustees Act 1967,TA1967,,eng,,consolidation,in_force,,browse_listing,,,,amendment_check_incomplete
718,all,https://sso.agc.gov.sg/Act/TCA2005?ViewType=Pdf,principal_act,,Trust Companies Act 2005,TCA2005,,eng,,consolidation,in_force,,browse_listing,,,,amendment_check_incomplete
719,all,https://sso.agc.gov.sg/Act/TPCSO1899?ViewType=Pdf,principal_act,,"Treasurer of Presbyterian Church, Singapore Ordinance 1899",TPCSO1899,,eng,,consolidation,in_force,,browse_listing,,,,amendment_check_incomplete
720,all,https://sso.agc.gov.sg/Act/TAA1975?ViewType=Pdf,principal_act,,Travel Agents Act 1975,TAA1975,,eng,,consolidation,in_force,,browse_listing,,,,amendment_check_incomplete
721,all,https://sso.agc.gov.sg/Act/AA1963/Repealed/19890211?DocDate=19870330&ViewType=Pdf,principal_act,,Accountants Act (Repealed),AA1963,,eng,1987-03-30,consolidation,repealed,,browse_listing,,,,
722,all,https://sso.agc.gov.sg/Act/AA1987/Repealed/20040401?DocDate=20101014&ViewType=Pdf,principal_act,,Accountants Act (Repealed),AA1987,,eng,2010-10-14,consolidation,repealed,,browse_listing,,,,
723,all,https://sso.agc.gov.sg/Act/ACA1939/Repealed/20241015?DocDate=20220616&ViewType=Pdf,principal_act,,Adoption of Children Act 1939 (Repealed),ACA1939,,eng,2022-06-16,consolidation,repealed,,browse_listing,,,,
724,all,https://sso.agc.gov.sg/Act/APA1918/Repealed/19940218?DocDate=19870330&ViewType=Pdf,principal_act,,Agricultural Pests Act (Repealed),APA1918,,eng,1987-03-30,consolidation,repealed,,browse_listing,,,,
725,all,https://sso.agc.gov.sg/Act/AFVAA2000/Repealed/20190402?DocDate=20121231&ViewType=Pdf,principal_act,,Agri-Food and Veterinary Authority Act (Repealed),AFVAA2000,,eng,2012-12-31,consolidation,repealed,,browse_listing,,,,
726,all,https://sso.agc.gov.sg/Act/AFAA1985/Repealed/19950127?DocDate=19870330&ViewType=Pdf,principal_act,,Arbitration (Foreign Awards) Act (Repealed),AFAA1985,,eng,1987-03-30,consolidation,repealed,,browse_listing,,,,
727,all,https://sso.agc.gov.sg/Act/AA1953/Repealed/20020301?DocDate=19870330&ViewType=Pdf,principal_act,,Arbitration Act (Repealed),AA1953,,eng,1987-03-30,consolidation,repealed,,browse_listing,,,,
728,all,https://sso.agc.gov.sg/Act/AA1976/Repealed/19910830?DocDate=19870330&ViewType=Pdf,principal_act,,Architects Act (Repealed),AA1976,,eng,1987-03-30,consolidation,repealed,,browse_listing,,,,
729,all,https://sso.agc.gov.sg/Act/AEA1913/Repealed/20250701?DocDate=20210222&ViewType=Pdf,principal_act,,Arms and Explosives Act 1913 (Repealed),AEA1913,,eng,2021-02-22,consolidation,repealed,,browse_listing,,,,
730,all,https://sso.agc.gov.sg/Act/BA1959/Repealed/20250530?DocDate=20231030&ViewType=Pdf,principal_act,,Banishment Act 1959 (Repealed),BA1959,,eng,2023-10-30,consolidation,repealed,,browse_listing,,,,
731,all,https://sso.agc.gov.sg/Act/BA1995/Repealed/20200730?DocDate=20200921&ViewType=Pdf,principal_act,,Bankruptcy Act (Repealed),BA1995,,eng,2020-09-21,consolidation,repealed,,browse_listing,,,,
732,all,https://sso.agc.gov.sg/Act/BA1888/Repealed/19950715?DocDate=19870330&ViewType=Pdf,principal_act,,Bankruptcy Act (Repealed),BA1888,,eng,1987-03-30,consolidation,repealed,,browse_listing,,,,
733,all,https://sso.agc.gov.sg/Act/BA1960/Repealed/20220801?DocDate=20220404&ViewType=Pdf,principal_act,,Betting Act 1960 (Repealed),BA1960,,eng,2022-04-04,consolidation,repealed,,browse_listing,,,,
734,all,https://sso.agc.gov.sg/Act/BSDA1950/Repealed/20220729?DocDate=20220216&ViewType=Pdf,principal_act,,Betting and Sweepstake Duties Act 1950 (Repealed),BSDA1950,,eng,2022-02-16,consolidation,repealed,,browse_listing,,,,
735,all,https://sso.agc.gov.sg/Act/BSMA1884/Repealed/19981016?DocDate=19870330&ViewType=Pdf,principal_act,,Boundaries and Survey Maps Act (Repealed),BSMA1884,,eng,1987-03-30,consolidation,repealed,,browse_listing,,,,
736,all,https://sso.agc.gov.sg/Act/BTA1994/Repealed/19941001?DocDate=19870330&ViewType=Pdf,principal_act,,Broadcasting and Television Act (Repealed),BTA1994,,eng,1987-03-30,consolidation,repealed,,browse_listing,,,,
737,all,https://sso.agc.gov.sg/Act/BCA1973/Repealed/19890501?DocDate=19870330&ViewType=Pdf,principal_act,,Building Control Act (Repealed),BCA1973,,eng,1987-03-30,consolidation,repealed,,browse_listing,,,,
738,all,https://sso.agc.gov.sg/Act/BCPMMA1973/Repealed/20050401?DocDate=20000701&ViewType=Pdf,principal_act,,Buildings and Common Property (Maintenance and Management) Act (Repealed),BCPMMA1973,,eng,2000-07-01,consolidation,repealed,,browse_listing,,,,
739,all,https://sso.agc.gov.sg/Act/BSLAA1971/Repealed/19870814?DocDate=19870330&ViewType=Pdf,principal_act,,Bus Services Licensing Authority Act (Repealed),BSLAA1971,,eng,1987-03-30,consolidation,repealed,,browse_listing,,,,
740,all,https://sso.agc.gov.sg/Act/BRA1973/Repealed/20160103?DocDate=20040731&ViewType=Pdf,principal_act,,Business Registration Act (Repealed),BRA1973,,eng,2004-07-31,consolidation,repealed,,browse_listing,,,,
741,all,https://sso.agc.gov.sg/Act/CA1964/Repealed/20190601?DocDate=20021231&ViewType=Pdf,principal_act,,Cattle Act (Repealed),CA1964,,eng,2002-12-31,consolidation,repealed,,browse_listing,,,,
742,all,https://sso.agc.gov.sg/Act/CA1982/Repealed/19950101?DocDate=19870330&ViewType=Pdf,principal_act,,Charities Act (Repealed),CA1982,,eng,1987-03-30,consolidation,repealed,,browse_listing,,,,
743,all,https://sso.agc.gov.sg/Act/CCCA1988/Repealed/20190102?DocDate=20120331&ViewType=Pdf,principal_act,,Child Care Centres Act (Repealed),CCCA1988,,eng,2012-03-31,consolidation,repealed,,browse_listing,,,,
744,all,https://sso.agc.gov.sg/Act/CYPA1949/Repealed/19930321?DocDate=19870330&ViewType=Pdf,principal_act,,Children and Young Persons Act (Repealed),CYPA1949,,eng,1987-03-30,consolidation,repealed,,browse_listing,,,,
745,all,https://sso.agc.gov.sg/Act/CFHDA1966/Repealed/20210301?DocDate=20210218&ViewType=Pdf,principal_act,,Cinematograph Film Hire Duty Act (Repealed),CFHDA1966,,eng,2021-02-18,consolidation,repealed,,browse_listing,,,,
746,all,https://sso.agc.gov.sg/Act/CISCODA2005/Repealed/20211228?DocDate=20220907&ViewType=Pdf,principal_act,,CISCO (Dissolution) Act (Spent),CISCODA2005,,eng,2022-09-07,consolidation,repealed,,browse_listing,,,,
747,all,https://sso.agc.gov.sg/Act/CAASA1984/Repealed/20090701?DocDate=19870330&ViewType=Pdf,principal_act,,Civil Aviation Authority of Singapore Act (Repealed),CAASA1984,,eng,1987-03-30,consolidation,repealed,,browse_listing,,,,
748,all,https://sso.agc.gov.sg/Act/CAA1971/Repealed/19990401?DocDate=19990302&ViewType=Pdf,principal_act,,Clean Air Act (Repealed),CAA1971,,eng,1999-03-02,consolidation,repealed,,browse_listing,,,,
749,all,https://sso.agc.gov.sg/Act/CA1903/Repealed/20010901?DocDate=19870330&ViewType=Pdf,principal_act,,Coin Act (Repealed),CA1903,,eng,1987-03-30,consolidation,repealed,,browse_listing,,,,
750,all,https://sso.agc.gov.sg/Act/CISCA1972/Repealed/20050610?DocDate=19980530&ViewType=Pdf,principal_act,,Commercial and Industrial Security Corporation Act (Repealed),CISCA1972,,eng,1998-05-30,consolidation,repealed,,browse_listing,,,,
751,all,https://sso.agc.gov.sg/Act/CIA1941/Repealed/20071101?DocDate=19870330&ViewType=Pdf,principal_act,,Commissions of Inquiry Act (Repealed),CIA1941,,eng,1987-03-30,consolidation,repealed,,browse_listing,,,,
752,all,https://sso.agc.gov.sg/Act/CGHA1961/Repealed/20220801?DocDate=20220404&ViewType=Pdf,principal_act,,Common Gaming Houses Act 1961 (Repealed),CGHA1961,,eng,2022-04-04,consolidation,repealed,,browse_listing,,,,
753,all,https://sso.agc.gov.sg/Act/CIDBA1984/Repealed/19990401?DocDate=19870330&ViewType=Pdf,principal_act,,Construction Industry Development Board Act (Repealed),CIDBA1984,,eng,1987-03-30,consolidation,repealed,,browse_listing,,,,
754,all,https://sso.agc.gov.sg/Act/CCA1951/Repealed/20050501?DocDate=19870330&ViewType=Pdf,principal_act,,Consular Conventions Act (Repealed),CCA1951,,eng,1987-03-30,consolidation,repealed,,browse_listing,,,,
755,all,https://sso.agc.gov.sg/Act/CLPA1995/Repealed/20080222?DocDate=20021231&ViewType=Pdf,principal_act,,Contact Lens Practitioners Act (Repealed),CLPA1995,,eng,2002-12-31,consolidation,repealed,,browse_listing,,,,
756,all,https://sso.agc.gov.sg/Act/CIEA1950/Repealed/19951201?DocDate=19870330&ViewType=Pdf,principal_act,,Control of Imports and Exports Act (Repealed),CIEA1950,,eng,1987-03-30,consolidation,repealed,,browse_listing,,,,
757,all,https://sso.agc.gov.sg/Act/CRA1953/Repealed/20010401?DocDate=19870330&ViewType=Pdf,principal_act,,Control of Rent Act (Repealed),CRA1953,,eng,1987-03-30,consolidation,repealed,,browse_listing,,,,
758,all,https://sso.agc.gov.sg/Act/CPA1941/Repealed/19940218?DocDate=19870330&ViewType=Pdf,principal_act,,Controlled Plants Act (Repealed),CPA1941,,eng,1987-03-30,consolidation,repealed,,browse_listing,,,,
759,all,https://sso.agc.gov.sg/Act/CPSPA1969/Repealed/20020331?DocDate=19950315&ViewType=Pdf,principal_act,,Controlled Premises (Special Provisions) Act (Repealed),CPSPA1969,,eng,1995-03-15,consolidation,repealed,,browse_listing,,,,
760,all,https://sso.agc.gov.sg/Act/CGRGBA1968/Repealed/19870410?DocDate=20101103&ViewType=Pdf,principal_act,,Copyright (Gramophone Records and Government Broadcasting) Act (Repealed),CGRGBA1968,,eng,2010-11-03,consolidation,repealed,,browse_listing,,,,
761,all,https://sso.agc.gov.sg/Act/CA1987/Repealed/20211121?DocDate=20211007&ViewType=Pdf,principal_act,,Copyright Act (Repealed),CA1987,,eng,2021-10-07,consolidation,repealed,,browse_listing,,,,
762,all,https://sso.agc.gov.sg/Act/CA1914/Repealed/19870410?DocDate=19870330&ViewType=Pdf,principal_act,,Copyright Act (Repealed),CA1914,,eng,1987-03-30,consolidation,repealed,,browse_listing,,,,
763,all,https://sso.agc.gov.sg/Act/CCBA1989/Repealed/19990913?DocDate=19900315&ViewType=Pdf,principal_act,,Corruption (Confiscation of Benefits) Act (Repealed),CCBA1989,,eng,1990-03-15,consolidation,repealed,,browse_listing,,,,
764,all,https://sso.agc.gov.sg/Act/COVID19TMSRMA2020/Repealed/20230925?DocDate=20220214&ViewType=Pdf,principal_act,,COVID-19 (Temporary Measures for Solemnization and Registration of Marriages) Act 2020 (Repealed),COVID19TMSRMA2020,,eng,2022-02-14,consolidation,repealed,,browse_listing,,,,
765,all,https://sso.agc.gov.sg/Act/CEA1973/Repealed/19880701?DocDate=19870330&ViewType=Pdf,principal_act,,Creche Establishments Act (Repealed),CEA1973,,eng,1987-03-30,consolidation,repealed,,browse_listing,,,,
766,all,https://sso.agc.gov.sg/Act/CPCR1955/Repealed/20110102?DocDate=19870330&ViewType=Pdf,principal_act,,Criminal Procedure Code (Repealed),CPCR1955,,eng,1987-03-30,consolidation,repealed,,browse_listing,,,,
767,all,https://sso.agc.gov.sg/Act/CDSA1996/Repealed/19961101?DocDate=19870330&ViewType=Pdf,principal_act,,Customs (Dumping and Subsidies) Act (Repealed),CDSA1996,,eng,1987-03-30,consolidation,repealed,,browse_listing,,,,
768,all,https://sso.agc.gov.sg/Act/DFA1972/Repealed/20250701?DocDate=20210222&ViewType=Pdf,principal_act,,Dangerous Fireworks Act 1972 (Repealed),DFA1972,,eng,2021-02-22,consolidation,repealed,,browse_listing,,,,
769,all,https://sso.agc.gov.sg/Act/DA1948/Repealed/19991015?DocDate=19870330&ViewType=Pdf,principal_act,,Dentists Act (Repealed),DA1948,,eng,1987-03-30,consolidation,repealed,,browse_listing,,,,
770,all,https://sso.agc.gov.sg/Act/DIA2005/Repealed/20110501?DocDate=20061231&ViewType=Pdf,principal_act,,Deposit Insurance Act (Repealed),DIA2005,,eng,2006-12-31,consolidation,repealed,,browse_listing,,,,
771,all,https://sso.agc.gov.sg/Act/DPA1965/Repealed/19890501?DocDate=19870330&ViewType=Pdf,principal_act,,Destitute Persons Act (Repealed),DPA1965,,eng,1987-03-30,consolidation,repealed,,browse_listing,,,,
772,all,https://sso.agc.gov.sg/Act/DDBIA1968/Repealed/19980901?DocDate=19680901&ViewType=Pdf,principal_act,,Destruction of Disease-Bearing Insects Act (Repealed),DDBIA1968,,eng,1968-09-01,consolidation,repealed,,browse_listing,,,,
773,all,https://sso.agc.gov.sg/Act/DL1987A1987/Repealed/20210803?DocDate=20210628&ViewType=Pdf,principal_act,,Development Loan (1987) Act (Repealed),DL1987A1987,,eng,2021-06-28,consolidation,repealed,,browse_listing,,,,
774,all,https://sso.agc.gov.sg/Act/DLA1983/Repealed/20210803?DocDate=20210628&ViewType=Pdf,principal_act,,Development Loan Act (Repealed),DLA1983,,eng,2021-06-28,consolidation,repealed,,browse_listing,,,,
775,all,https://sso.agc.gov.sg/Act/DPCCRIA1957/Repealed/20050501?DocDate=19870330&ViewType=Pdf,principal_act,,Diplomatic Privileges (Commonwealth Countries and Republic of Ireland) Act (Repealed),DPCCRIA1957,,eng,1987-03-30,consolidation,repealed,,browse_listing,,,,
776,all,https://sso.agc.gov.sg/Act/ELEAA1936/Repealed/19870220?DocDate=19870330&ViewType=Pdf,principal_act,,Electric Lamp and Electric Appliances Act (Repealed),ELEAA1936,,eng,1987-03-30,consolidation,repealed,,browse_listing,,,,
777,all,https://sso.agc.gov.sg/Act/EWCLA1974/Repealed/20021201?DocDate=19870330&ViewType=Pdf,principal_act,,Electrical Workers and Contractors Licensing Act (Repealed),EWCLA1974,,eng,1987-03-30,consolidation,repealed,,browse_listing,,,,
778,all,https://sso.agc.gov.sg/Act/ETA1998/Repealed/20100701?DocDate=19991230&ViewType=Pdf,principal_act,,Electronic Transactions Act (Repealed),ETA1998,,eng,1999-12-30,consolidation,repealed,,browse_listing,,,,
779,all,https://sso.agc.gov.sg/Act/EEPA1964/Repealed/20210301?DocDate=20210218&ViewType=Pdf,principal_act,,Emergency (Essential Powers) Act (Repealed),EEPA1964,,eng,2021-02-18,consolidation,repealed,,browse_listing,,,,
780,all,https://sso.agc.gov.sg/Act/ESIEA1989/Repealed/20060301?DocDate=20060213&ViewType=Pdf,principal_act,,Endangered Species (Import and Export) Act (Repealed),ESIEA1989,,eng,2006-02-13,consolidation,repealed,,browse_listing,,,,
781,all,https://sso.agc.gov.sg/Act/EDA1950/Repealed/20210301?DocDate=20210218&ViewType=Pdf,principal_act,,Entertainments Duty Act (Repealed),EDA1950,,eng,2021-02-18,consolidation,repealed,,browse_listing,,,,
782,all,https://sso.agc.gov.sg/Act/EPHA1968/Repealed/19870701?DocDate=19870330&ViewType=Pdf,principal_act,,Environmental Public Health Act (Repealed),EPHA1968,,eng,1987-03-30,consolidation,repealed,,browse_listing,,,,
783,all,https://sso.agc.gov.sg/Act/ESA1924/Repealed/20250701?DocDate=20210222&ViewType=Pdf,principal_act,,Explosive Substances Act 1924 (Repealed),ESA1924,,eng,2021-02-22,consolidation,repealed,,browse_listing,,,,
784,all,https://sso.agc.gov.sg/Act/EPCA1939/Repealed/19940218?DocDate=19870330&ViewType=Pdf,principal_act,,Export of Plants (Control) Act (Repealed),EPCA1939,,eng,1987-03-30,consolidation,repealed,,browse_listing,,,,
785,all,https://sso.agc.gov.sg/Act/ELA1968/Repealed/20220131?DocDate=20211215&ViewType=Pdf,principal_act,,External Loans Act 1968 (Repealed),ELA1968,,eng,2021-12-15,consolidation,repealed,,browse_listing,,,,
786,all,https://sso.agc.gov.sg/Act/FA1973/Repealed/20060301?DocDate=19980530&ViewType=Pdf,principal_act,,Factories Act (Repealed),FA1973,,eng,1998-05-30,consolidation,repealed,,browse_listing,,,,
787,all,https://sso.agc.gov.sg/Act/FSFY2001A2002/Repealed/20030401?DocDate=20220909&ViewType=Pdf,principal_act,,Final Supply (FY 2001) Act 2002 (Spent),FSFY2001A2002,,eng,2022-09-09,consolidation,repealed,,browse_listing,,,,
788,all,https://sso.agc.gov.sg/Act/FSFY2015A2016/Repealed/20170401?DocDate=20220908&ViewType=Pdf,principal_act,,Final Supply (FY 2015) Act 2016 (Spent),FSFY2015A2016,,eng,2022-09-08,consolidation,repealed,,browse_listing,,,,
789,all,https://sso.agc.gov.sg/Act/FSFY1996A1997/Repealed/19980401?DocDate=20220909&ViewType=Pdf,principal_act,,Final Supply (FY1996) Act 1997 (Spent),FSFY1996A1997,,eng,2022-09-09,consolidation,repealed,,browse_listing,,,,
790,all,https://sso.agc.gov.sg/Act/FSFY1998A1999/Repealed/20000401?DocDate=20210309&ViewType=Pdf,principal_act,,Final Supply (FY1998) Act 1999 (Spent),FSFY1998A1999,,eng,2021-03-09,consolidation,repealed,,browse_listing,,,,
791,all,https://sso.agc.gov.sg/Act/FSA1980/Repealed/19940429?DocDate=19870330&ViewType=Pdf,principal_act,,Fire Service Act (Repealed),FSA1980,,eng,1987-03-30,consolidation,repealed,,browse_listing,,,,
792,all,https://sso.agc.gov.sg/Act/FSSFY2020A2021/Repealed/20210401?DocDate=20240626&ViewType=Pdf,principal_act,,Fourth Supplementary Supply (FY 2020) Act 2021 (Spent),FSSFY2020A2021,,eng,2024-06-26,consolidation,repealed,,browse_listing,,,,
793,all,https://sso.agc.gov.sg/Act/FTA1986/Repealed/20020101?DocDate=19961227&ViewType=Pdf,principal_act,,Futures Trading Act (Repealed),FTA1986,,eng,1996-12-27,consolidation,repealed,,browse_listing,,,,
794,all,https://sso.agc.gov.sg/Act/GIA1998/Repealed/20190401?DocDate=20140523&ViewType=Pdf,principal_act,,Geographical Indications Act (Repealed),GIA1998,,eng,2014-05-23,consolidation,repealed,,browse_listing,,,,
795,all,https://sso.agc.gov.sg/Act/GHA1960/Repealed/20050715?DocDate=19870330&ViewType=Pdf,principal_act,,Government Hospitals Act (Repealed),GHA1960,,eng,1987-03-30,consolidation,repealed,,browse_listing,,,,
796,all,https://sso.agc.gov.sg/Act/GLCMPA1948/Repealed/19980522?DocDate=19870330&ViewType=Pdf,principal_act,,Government Loans (Conversion and Miscellaneous Provisions) Act (Omitted),GLCMPA1948,,eng,1987-03-30,consolidation,repealed,,browse_listing,,,,
797,all,https://sso.agc.gov.sg/Act/HA1967/Repealed/19980410?DocDate=19870330&ViewType=Pdf,principal_act,,Holidays Act (Repealed),HA1967,,eng,1987-03-30,consolidation,repealed,,browse_listing,,,,
798,all,https://sso.agc.gov.sg/Act/HAA1988/Repealed/20260701?DocDate=20250415&ViewType=Pdf,principal_act,,Homes for the Aged Act 1988 (Repealed),HAA1988,,eng,2025-04-15,consolidation,repealed,,browse_listing,,,,
799,all,https://sso.agc.gov.sg/Act/HUDCHEA1984/Repealed/20210301?DocDate=20210218&ViewType=Pdf,principal_act,,HUDC Housing Estates Act (Repealed),HUDCHEA1984,,eng,2021-02-18,consolidation,repealed,,browse_listing,,,,
800,all,https://sso.agc.gov.sg/Act/IAA1941/Repealed/20210301?DocDate=20210218&ViewType=Pdf,principal_act,,Indecent Advertisements Act (Repealed),IAA1941,,eng,2021-02-18,consolidation,repealed,,browse_listing,,,,
801,all,https://sso.agc.gov.sg/Act/IDASA1999/Repealed/20161002?DocDate=20160929&ViewType=Pdf,principal_act,,Info-communications Development Authority of Singapore Act (Repealed),IDASA1999,,eng,2016-09-29,consolidation,repealed,,browse_listing,,,,
802,all,https://sso.agc.gov.sg/Act/IEA1970/Repealed/19961108?DocDate=19870330&ViewType=Pdf,principal_act,,Institute Of Education Act (Repealed),IEA1970,,eng,1987-03-30,consolidation,repealed,,browse_listing,,,,
803,all,https://sso.agc.gov.sg/Act/IIA1999/Repealed/20021001?DocDate=20001230&ViewType=Pdf,principal_act,,Insurance Intermediaries Act (Repealed),IIA1999,,eng,2000-12-30,consolidation,repealed,,browse_listing,,,,
804,all,https://sso.agc.gov.sg/Act/IESBA1982/Repealed/20180402?DocDate=20021231&ViewType=Pdf,principal_act,,International Enterprise Singapore Board Act (Repealed),IESBA1982,,eng,2002-12-31,consolidation,repealed,,browse_listing,,,,
805,all,https://sso.agc.gov.sg/Act/JRA1963/Repealed/19940901?DocDate=19870330&ViewType=Pdf,principal_act,,Judges’ Remuneration Act (Repealed),JRA1963,,eng,1987-03-30,consolidation,repealed,,browse_listing,,,,
806,all,https://sso.agc.gov.sg/Act/JCA1966/Repealed/19940408?DocDate=19870330&ViewType=Pdf,principal_act,,Judicial Committee Act (Repealed),JCA1966,,eng,1987-03-30,consolidation,repealed,,browse_listing,,,,
807,all,https://sso.agc.gov.sg/Act/KWSHO1910/Repealed/20170702?DocDate=19870330&ViewType=Pdf,principal_act,,Kwong-Wai-Shiu Hospital Ordinance (Repealed),KWSHO1910,,eng,1987-03-30,consolidation,repealed,,browse_listing,,,,
808,all,https://sso.agc.gov.sg/Act/LIA1901/Repealed/19990401?DocDate=19870330&ViewType=Pdf,principal_act,,Land Improvement Act (Repealed),LIA1901,,eng,1987-03-30,consolidation,repealed,,browse_listing,,,,
809,all,https://sso.agc.gov.sg/Act/LOPA1926/Repealed/20001101?DocDate=19870330&ViewType=Pdf,principal_act,,Land Officers Powers Act (Repealed),LOPA1926,,eng,1987-03-30,consolidation,repealed,,browse_listing,,,,
810,all,https://sso.agc.gov.sg/Act/LSA1970/Repealed/19910830?DocDate=19870330&ViewType=Pdf,principal_act,,Land Surveyors Act (Repealed),LSA1970,,eng,1987-03-30,consolidation,repealed,,browse_listing,,,,
811,all,https://sso.agc.gov.sg/Act/LTA1956/Repealed/19940301?DocDate=19870330&ViewType=Pdf,principal_act,,Land Titles Act (Repealed),LTA1956,,eng,1987-03-30,consolidation,repealed,,browse_listing,,,,
812,all,https://sso.agc.gov.sg/Act/LA1882/Repealed/19981016?DocDate=19870330&ViewType=Pdf,principal_act,,Landmarks Act (Repealed),LA1882,,eng,1987-03-30,consolidation,repealed,,browse_listing,,,,
813,all,https://sso.agc.gov.sg/Act/LAAA1956/Repealed/19951001?DocDate=19870330&ViewType=Pdf,principal_act,,Legal Aid and Advice Act (Repealed),LAAA1956,,eng,1987-03-30,consolidation,repealed,,browse_listing,,,,
814,all,https://sso.agc.gov.sg/Act/LGIA1963/Repealed/19950901?DocDate=19870330&ViewType=Pdf,principal_act,,Local Government Integration Act (Repealed),LGIA1963,,eng,1987-03-30,consolidation,repealed,,browse_listing,,,,
815,all,https://sso.agc.gov.sg/Act/LTBA1923/Repealed/20220131?DocDate=20211215&ViewType=Pdf,principal_act,,Local Treasury Bills Act 1923 (Repealed),LTBA1923,,eng,2021-12-15,consolidation,repealed,,browse_listing,,,,
816,all,https://sso.agc.gov.sg/Act/MOFEA1921/Repealed/20170101?DocDate=19870330&ViewType=Pdf,principal_act,,Maintenance Orders (Facilities for Enforcement) Act (Repealed),MOFEA1921,,eng,1987-03-30,consolidation,repealed,,browse_listing,,,,
817,all,https://sso.agc.gov.sg/Act/MRVA1929/Repealed/20210301?DocDate=20210218&ViewType=Pdf,principal_act,,Malaysia Revenue Vessels Act (Repealed),MRVA1929,,eng,2021-02-18,consolidation,repealed,,browse_listing,,,,
818,all,https://sso.agc.gov.sg/Act/MAIA1974/Repealed/20031222?DocDate=19870330&ViewType=Pdf,principal_act,,Martial Arts Instruction Act (Repealed),MAIA1974,,eng,1987-03-30,consolidation,repealed,,browse_listing,,,,
819,all,https://sso.agc.gov.sg/Act/MRTCA1983/Repealed/19950901?DocDate=19880430&ViewType=Pdf,principal_act,,Mass Rapid Transit Corporation Act (Repealed),MRTCA1983,,eng,1988-04-30,consolidation,repealed,,browse_listing,,,,
820,all,https://sso.agc.gov.sg/Act/MEA1959/Repealed/20180301?DocDate=20131031&ViewType=Pdf,principal_act,,Massage Establishments Act (Repealed),MEA1959,,eng,2013-10-31,consolidation,repealed,,browse_listing,,,,
821,all,https://sso.agc.gov.sg/Act/MDASA2002/Repealed/20161002?DocDate=20160929&ViewType=Pdf,principal_act,,Media Development Authority of Singapore Act (Repealed),MDASA2002,,eng,2016-09-29,consolidation,repealed,,browse_listing,,,,
822,all,https://sso.agc.gov.sg/Act/MESA1993/Repealed/20000327?DocDate=19940315&ViewType=Pdf,principal_act,,Medical Endowment Scheme Act (Repealed),MESA1993,,eng,1994-03-15,consolidation,repealed,,browse_listing,,,,
823,all,https://sso.agc.gov.sg/Act/MRA1953/Repealed/19980403?DocDate=19870330&ViewType=Pdf,principal_act,,Medical Registration Act (Repealed),MRA1953,,eng,1987-03-30,consolidation,repealed,,browse_listing,,,,
824,all,https://sso.agc.gov.sg/Act/MDTA1952/Repealed/20100301?DocDate=19870330&ViewType=Pdf,principal_act,,Mental Disorders and Treatment Act (Repealed),MDTA1952,,eng,1987-03-30,consolidation,repealed,,browse_listing,,,,
825,all,https://sso.agc.gov.sg/Act/MSOPA1981/Repealed/19980918?DocDate=19870330&ViewType=Pdf,principal_act,,Merchant Shipping (Oil Pollution) Act (Repealed),MSOPA1981,,eng,1987-03-30,consolidation,repealed,,browse_listing,,,,
826,all,https://sso.agc.gov.sg/Act/MSA1910/Repealed/19960202?DocDate=19950804&ViewType=Pdf,principal_act,,Merchant Shipping Act (Repealed),MSA1910,,eng,1995-08-04,consolidation,repealed,,browse_listing,,,,
827,all,https://sso.agc.gov.sg/Act/MRBA1979/Repealed/20200128?DocDate=20080101&ViewType=Pdf,principal_act,,Money-changing and Remittance Businesses Act (Repealed),MRBA1979,,eng,2008-01-01,consolidation,repealed,,browse_listing,,,,
828,all,https://sso.agc.gov.sg/Act/MA1959/Repealed/20090301?DocDate=19870330&ViewType=Pdf,principal_act,,Moneylenders Act (Repealed),MA1959,,eng,1987-03-30,consolidation,repealed,,browse_listing,,,,
829,all,https://sso.agc.gov.sg/Act/NTIA1981/Repealed/19910701?DocDate=19870330&ViewType=Pdf,principal_act,,Nanyang Technological Institute Act (Repealed),NTIA1981,,eng,1987-03-30,consolidation,repealed,,browse_listing,,,,
830,all,https://sso.agc.gov.sg/Act/NTUA1991/Repealed/20060401?DocDate=19920309&ViewType=Pdf,principal_act,,Nanyang Technological University Act (Repealed),NTUA1991,,eng,1992-03-09,consolidation,repealed,,browse_listing,,,,
831,all,https://sso.agc.gov.sg/Act/NARCA1967/Repealed/19930801?DocDate=19870330&ViewType=Pdf,principal_act,,National Archives and Records Centre Act (Repealed),NARCA1967,,eng,1987-03-30,consolidation,repealed,,browse_listing,,,,
832,all,https://sso.agc.gov.sg/Act/NCBA1981/Repealed/19991201?DocDate=19870330&ViewType=Pdf,principal_act,,National Computer Board Act (Repealed),NCBA1981,,eng,1987-03-30,consolidation,repealed,,browse_listing,,,,
833,all,https://sso.agc.gov.sg/Act/NLBA1957/Repealed/19950901?DocDate=19870330&ViewType=Pdf,principal_act,,National Library Board Act (Repealed),NLBA1957,,eng,1987-03-30,consolidation,repealed,,browse_listing,,,,
834,all,https://sso.agc.gov.sg/Act/NMBA1972/Repealed/19960202?DocDate=19870330&ViewType=Pdf,principal_act,,National Maritime Board Act (Repealed),NMBA1972,,eng,1987-03-30,consolidation,repealed,,browse_listing,,,,
835,all,https://sso.agc.gov.sg/Act/NPA1990/Repealed/19960701?DocDate=19910301&ViewType=Pdf,principal_act,,National Parks Act (Repealed),NPA1990,,eng,1991-03-01,consolidation,repealed,,browse_listing,,,,
836,all,https://sso.agc.gov.sg/Act/NPCCA1974/Repealed/20180301?DocDate=20141031&ViewType=Pdf,principal_act,,National Police Cadet Corps Act (Repealed),NPCCA1974,,eng,2014-10-31,consolidation,repealed,,browse_listing,,,,
837,all,https://sso.agc.gov.sg/Act/NPBA1972/Repealed/19960401?DocDate=19920309&ViewType=Pdf,principal_act,,National Productivity Board Act (Repealed),NPBA1972,,eng,1992-03-09,consolidation,repealed,,browse_listing,,,,
838,all,https://sso.agc.gov.sg/Act/NTTA1960/Repealed/19910817?DocDate=19870330&ViewType=Pdf,principal_act,,National Theatre Trust Act (Repealed),NTTA1960,,eng,1987-03-30,consolidation,repealed,,browse_listing,,,,
839,all,https://sso.agc.gov.sg/Act/NUSA1980/Repealed/20060401?DocDate=20021231&ViewType=Pdf,principal_act,,National University of Singapore Act (Repealed),NUSA1980,,eng,2002-12-31,consolidation,repealed,,browse_listing,,,,
840,all,https://sso.agc.gov.sg/Act/NRA1990/Repealed/19900606?DocDate=19870330&ViewType=Pdf,principal_act,,Nature Reserves Act (Repealed),NRA1990,,eng,1987-03-30,consolidation,repealed,,browse_listing,,,,
841,all,https://sso.agc.gov.sg/Act/NMA1975/Repealed/20000501?DocDate=19870330&ViewType=Pdf,principal_act,,Nurses and Midwives Act (Repealed),NMA1975,,eng,1987-03-30,consolidation,repealed,,browse_listing,,,,
842,all,https://sso.agc.gov.sg/Act/NHMHRA1959/Repealed/19930101?DocDate=19870330&ViewType=Pdf,principal_act,,Nursing Homes and Maternity Homes Registration Act (Repealed),NHMHRA1959,,eng,1987-03-30,consolidation,repealed,,browse_listing,,,,
843,all,https://sso.agc.gov.sg/Act/OA1890/Repealed/20010101?DocDate=19870330&ViewType=Pdf,principal_act,,Oaths Act (Repealed),OA1890,,eng,1987-03-30,consolidation,repealed,,browse_listing,,,,
844,all,https://sso.agc.gov.sg/Act/OOAA1869/Repealed/20010101?DocDate=19870330&ViewType=Pdf,principal_act,,Oaths of Office and Allegiance Act (Repealed),OOAA1869,,eng,1987-03-30,consolidation,repealed,,browse_listing,,,,
845,all,https://sso.agc.gov.sg/Act/PTA1975/Repealed/20050801?DocDate=19961227&ViewType=Pdf,principal_act,,Parks and Trees Act (Repealed),PTA1975,,eng,1996-12-27,consolidation,repealed,,browse_listing,,,,
846,all,https://sso.agc.gov.sg/Act/PECOVID19SAA2020/Repealed/20211228?DocDate=20220906&ViewType=Pdf,principal_act,,Parliamentary Elections (COVID-19 Special Arrangements) Act 2020 (Spent),PECOVID19SAA2020,,eng,2022-09-06,consolidation,repealed,,browse_listing,,,,
847,all,https://sso.agc.gov.sg/Act/PA1970/Repealed/20071201?DocDate=19870330&ViewType=Pdf,principal_act,,Passports Act (Repealed),PA1970,,eng,1987-03-30,consolidation,repealed,,browse_listing,,,,
848,all,https://sso.agc.gov.sg/Act/PCLA1968/Repealed/19950223?DocDate=19870330&ViewType=Pdf,principal_act,,Patents (Compulsory Licensing) Act (Repealed),PCLA1968,,eng,1987-03-30,consolidation,repealed,,browse_listing,,,,
849,all,https://sso.agc.gov.sg/Act/PA1898/Repealed/20150401?DocDate=20101014&ViewType=Pdf,principal_act,,Pawnbrokers Act (Repealed),PA1898,,eng,2010-10-14,consolidation,repealed,,browse_listing,,,,
850,all,https://sso.agc.gov.sg/Act/PSOA2006/Repealed/20200128?DocDate=20190220&ViewType=Pdf,principal_act,,Payment Systems (Oversight) Act (Repealed),PSOA2006,,eng,2019-02-20,consolidation,repealed,,browse_listing,,,,
851,all,https://sso.agc.gov.sg/Act/PIEPA1941/Repealed/20210301?DocDate=20210218&ViewType=Pdf,principal_act,,Personal Injuries (Emergency Provisions) Act (Repealed),PIEPA1941,,eng,2021-02-18,consolidation,repealed,,browse_listing,,,,
852,all,https://sso.agc.gov.sg/Act/PA1908/Repealed/20050216?DocDate=20000701&ViewType=Pdf,principal_act,,Petroleum Act (Repealed),PA1908,,eng,2000-07-01,consolidation,repealed,,browse_listing,,,,
853,all,https://sso.agc.gov.sg/Act/PRA1979/Repealed/20080901?DocDate=19870330&ViewType=Pdf,principal_act,,Pharmacists Registration Act (Repealed),PRA1979,,eng,1987-03-30,consolidation,repealed,,browse_listing,,,,
854,all,https://sso.agc.gov.sg/Act/PIA1957/Repealed/19870220?DocDate=19870220&ViewType=Pdf,principal_act,,Pineapple Industry Act (Repealed),PIA1957,,eng,1987-02-20,consolidation,repealed,,browse_listing,,,,
855,all,https://sso.agc.gov.sg/Act/PCPA1974/Repealed/20001208?DocDate=19870330&ViewType=Pdf,principal_act,,Planning (Cancellation of Permission) Act (Omitted),PCPA1974,,eng,1987-03-30,consolidation,repealed,,browse_listing,,,,
856,all,https://sso.agc.gov.sg/Act/PA1959/Repealed/19980401?DocDate=19900315&ViewType=Pdf,principal_act,,Planning Act (Repealed),PA1959,,eng,1990-03-15,consolidation,repealed,,browse_listing,,,,
857,all,https://sso.agc.gov.sg/Act/PFA1958/Repealed/20041012?DocDate=19870330&ViewType=Pdf,principal_act,,Police Force Act (Repealed),PFA1958,,eng,1987-03-30,consolidation,repealed,,browse_listing,,,,
858,all,https://sso.agc.gov.sg/Act/PDA2000/Repealed/20231229?DocDate=20211231&ViewType=Pdf,principal_act,,Political Donations Act 2000 (Repealed),PDA2000,,eng,2021-12-31,consolidation,repealed,,browse_listing,,,,
859,all,https://sso.agc.gov.sg/Act/PSAA1963/Repealed/19971001?DocDate=19870330&ViewType=Pdf,principal_act,,Port of Singapore Authority Act (Repealed),PSAA1963,,eng,1987-03-30,consolidation,repealed,,browse_listing,,,,
860,all,https://sso.agc.gov.sg/Act/POSBSTUDA1998/Repealed/20211228?DocDate=20220907&ViewType=Pdf,principal_act,,Post Office Savings Bank of Singapore (Transfer of Undertakings and Dissolution) Act (Spent),POSBSTUDA1998,,eng,2022-09-07,consolidation,repealed,,browse_listing,,,,
861,all,https://sso.agc.gov.sg/Act/POSBSA1971/Repealed/19990521?DocDate=19870330&ViewType=Pdf,principal_act,,Post Office Savings Bank of Singapore Act (Repealed),POSBSA1971,,eng,1987-03-30,consolidation,repealed,,browse_listing,,,,
862,all,https://sso.agc.gov.sg/Act/PLA1922/Repealed/20010401?DocDate=19870330&ViewType=Pdf,principal_act,,Premiums on Leases Act (Repealed),PLA1922,,eng,1987-03-30,consolidation,repealed,,browse_listing,,,,
863,all,https://sso.agc.gov.sg/Act/PMA1970/Repealed/20090701?DocDate=19870330&ViewType=Pdf,principal_act,,Preservation of Monuments Act (Repealed),PMA1970,,eng,1987-03-30,consolidation,repealed,,browse_listing,,,,
864,all,https://sso.agc.gov.sg/Act/PPA1872/Repealed/20001101?DocDate=19870330&ViewType=Pdf,principal_act,,Preservation of the Peace Act (Repealed),PPA1872,,eng,1987-03-30,consolidation,repealed,,browse_listing,,,,
865,all,https://sso.agc.gov.sg/Act/PCA1939/Repealed/20001101?DocDate=19870330&ViewType=Pdf,principal_act,,Prevention of Crimes Act (Repealed),PCA1939,,eng,1987-03-30,consolidation,repealed,,browse_listing,,,,
866,all,https://sso.agc.gov.sg/Act/PPSA1971/Repealed/19910201?DocDate=19870330&ViewType=Pdf,principal_act,,Prevention of Pollution of the Sea Act (Repealed),PPSA1971,,eng,1987-03-30,consolidation,repealed,,browse_listing,,,,
867,all,https://sso.agc.gov.sg/Act/PEFA1949/Repealed/19980515?DocDate=19870330&ViewType=Pdf,principal_act,,Princess Elizabeth Fund Act (Repealed),PEFA1949,,eng,1987-03-30,consolidation,repealed,,browse_listing,,,,
868,all,https://sso.agc.gov.sg/Act/PPA1835/Repealed/19950901?DocDate=19870330&ViewType=Pdf,principal_act,,Printers and Publishers Act (Repealed),PPA1835,,eng,1987-03-30,consolidation,repealed,,browse_listing,,,,
869,all,https://sso.agc.gov.sg/Act/PHMCA1980/Repealed/20231218?DocDate=20200312&ViewType=Pdf,principal_act,,Private Hospitals and Medical Clinics Act 1980 (Repealed),PHMCA1980,,eng,2020-03-12,consolidation,repealed,,browse_listing,,,,
870,all,https://sso.agc.gov.sg/Act/PISAA1973/Repealed/20090427?DocDate=19870330&ViewType=Pdf,principal_act,,Private Investigation and Security Agencies Act (Repealed),PISAA1973,,eng,1987-03-30,consolidation,repealed,,browse_listing,,,,
871,all,https://sso.agc.gov.sg/Act/PLA1952/Repealed/20110401?DocDate=19870330&ViewType=Pdf,principal_act,,Private Lotteries Act (Repealed),PLA1952,,eng,1987-03-30,consolidation,repealed,,browse_listing,,,,
872,all,https://sso.agc.gov.sg/Act/PLA2011/Repealed/20220801?DocDate=20220404&ViewType=Pdf,principal_act,,Private Lotteries Act 2011 (Repealed),PLA2011,,eng,2022-04-04,consolidation,repealed,,browse_listing,,,,
873,all,https://sso.agc.gov.sg/Act/PEA1970/Repealed/19910830?DocDate=19870330&ViewType=Pdf,principal_act,,Professional Engineers Act (Repealed),PEA1970,,eng,1987-03-30,consolidation,repealed,,browse_listing,,,,
874,all,https://sso.agc.gov.sg/Act/PTSA1974/Repealed/20060701?DocDate=19870330&ViewType=Pdf,principal_act,,Property Tax (Surcharge) Act (Repealed),PTSA1974,,eng,1987-03-30,consolidation,repealed,,browse_listing,,,,
875,all,https://sso.agc.gov.sg/Act/PAPPA1959/Repealed/20181218?DocDate=20131231&ViewType=Pdf,principal_act,,Protected Areas and Protected Places Act (Repealed),PAPPA1959,,eng,2013-12-31,consolidation,repealed,,browse_listing,,,,
876,all,https://sso.agc.gov.sg/Act/POATMA2014/Repealed/20150401?DocDate=20210309&ViewType=Pdf,principal_act,,Public Order (Additional Temporary Measures) Act 2014 (Spent),POATMA2014,,eng,2021-03-09,consolidation,repealed,,browse_listing,,,,
877,all,https://sso.agc.gov.sg/Act/POPA1958/Repealed/20180516?DocDate=19870330&ViewType=Pdf,principal_act,,Public Order (Preservation) Act (Repealed),POPA1958,,eng,1987-03-30,consolidation,repealed,,browse_listing,,,,
878,all,https://sso.agc.gov.sg/Act/PSV1984AWIA1987/Repealed/19880701?DocDate=19880430&ViewType=Pdf,principal_act,,Public Service (Variation of 1984 Annual Wage Increases) Act (Repealed),PSV1984AWIA1987,,eng,1988-04-30,consolidation,repealed,,browse_listing,,,,
879,all,https://sso.agc.gov.sg/Act/PUA1963/Repealed/19951001?DocDate=19950804&ViewType=Pdf,principal_act,,Public Utilities Act (Repealed),PUA1963,,eng,1995-08-04,consolidation,repealed,,browse_listing,,,,
880,all,https://sso.agc.gov.sg/Act/PUA1995/Repealed/20010401?DocDate=19960430&ViewType=Pdf,principal_act,,Public Utilities Act (Repealed),PUA1995,,eng,1996-04-30,consolidation,repealed,,browse_listing,,,,
881,all,https://sso.agc.gov.sg/Act/RPA1973/Repealed/19920201?DocDate=19870330&ViewType=Pdf,principal_act,,Radiation Protection Act (Repealed),RPA1973,,eng,1987-03-30,consolidation,repealed,,browse_listing,,,,
882,all,https://sso.agc.gov.sg/Act/RPA1991/Repealed/20070701?DocDate=19920309&ViewType=Pdf,principal_act,,Radiation Protection Act (Repealed),RPA1991,,eng,1992-03-09,consolidation,repealed,,browse_listing,,,,
883,all,https://sso.agc.gov.sg/Act/RECJA1921/Repealed/20230301?DocDate=20191001&ViewType=Pdf,principal_act,,Reciprocal Enforcement of Commonwealth Judgments Act 1921 (Repealed),RECJA1921,,eng,2019-10-01,consolidation,repealed,,browse_listing,,,,
884,all,https://sso.agc.gov.sg/Act/RPFA1968/Repealed/19920828?DocDate=19870330&ViewType=Pdf,principal_act,,Redundancy Payments Fund Act (Repealed),RPFA1968,,eng,1987-03-30,consolidation,repealed,,browse_listing,,,,
885,all,https://sso.agc.gov.sg/Act/RBDA1937/Repealed/20220529?DocDate=20210803&ViewType=Pdf,principal_act,,Registration of Births and Deaths Act 1937 (Repealed),RBDA1937,,eng,2021-08-03,consolidation,repealed,,browse_listing,,,,
886,all,https://sso.agc.gov.sg/Act/RDA1915/Repealed/19881130?DocDate=19870330&ViewType=Pdf,principal_act,,Registration of Deeds Act (Repealed),RDA1915,,eng,1987-03-30,consolidation,repealed,,browse_listing,,,,
887,all,https://sso.agc.gov.sg/Act/RIEA1934/Repealed/19951201?DocDate=19870330&ViewType=Pdf,principal_act,,Registration of Imports and Exports Act (Repealed),RIEA1934,,eng,1987-03-30,consolidation,repealed,,browse_listing,,,,
888,all,https://sso.agc.gov.sg/Act/RUKPA1937/Repealed/19950223?DocDate=19870330&ViewType=Pdf,principal_act,,Registration of United Kingdom Patents Act (Repealed),RUKPA1937,,eng,1987-03-30,consolidation,repealed,,browse_listing,,,,
889,all,https://sso.agc.gov.sg/Act/REA1965/Repealed/19910101?DocDate=19870330&ViewType=Pdf,principal_act,,Regulation of Employment Act (Repealed),REA1965,,eng,1987-03-30,consolidation,repealed,,browse_listing,,,,
890,all,https://sso.agc.gov.sg/Act/RGA2014/Repealed/20220801?DocDate=20220404&ViewType=Pdf,principal_act,,Remote Gambling Act 2014 (Repealed),RGA2014,,eng,2022-04-04,consolidation,repealed,,browse_listing,,,,
891,all,https://sso.agc.gov.sg/Act/RSSFY2020A2020/Repealed/20210401?DocDate=20220907&ViewType=Pdf,principal_act,,Revised Supplementary Supply (FY 2020) Act 2020 (Spent),RSSFY2020A2020,,eng,2022-09-07,consolidation,repealed,,browse_listing,,,,
892,all,https://sso.agc.gov.sg/Act/RASIA1967/Repealed/19920527?DocDate=19920522&ViewType=Pdf,principal_act,,Rubber Association of Singapore (Incorporation) Act (Repealed),RASIA1967,,eng,1992-05-22,consolidation,repealed,,browse_listing,,,,
893,all,https://sso.agc.gov.sg/Act/RDA1921/Repealed/19920527?DocDate=19920522&ViewType=Pdf,principal_act,,Rubber Dealers Act (Repealed),RDA1921,,eng,1992-05-22,consolidation,repealed,,browse_listing,,,,
894,all,https://sso.agc.gov.sg/Act/RIA1973/Repealed/19920527?DocDate=19870330&ViewType=Pdf,principal_act,,Rubber Industry Act (Repealed),RIA1973,,eng,1987-03-30,consolidation,repealed,,browse_listing,,,,
895,all,https://sso.agc.gov.sg/Act/SDA1914/Repealed/20240601?DocDate=20221028&ViewType=Pdf,principal_act,,Sale of Drugs Act 1914 (Repealed),SDA1914,,eng,2022-10-28,consolidation,repealed,,browse_listing,,,,
896,all,https://sso.agc.gov.sg/Act/SCPA1955/Repealed/20250612?DocDate=20250217&ViewType=Pdf,principal_act,,School Crossing Patrols Act 1955 (Repealed),SCPA1955,,eng,2025-02-17,consolidation,repealed,,browse_listing,,,,
897,all,https://sso.agc.gov.sg/Act/SCSA1967/Repealed/19910111?DocDate=19870330&ViewType=Pdf,principal_act,,Science Council of Singapore Act (Repealed),SCSA1967,,eng,1987-03-30,consolidation,repealed,,browse_listing,,,,
898,all,https://sso.agc.gov.sg/Act/SSSFY2020A2020/Repealed/20210401?DocDate=20220907&ViewType=Pdf,principal_act,,Second Supplementary Supply (FY 2020) Act 2020 (Spent),SSSFY2020A2020,,eng,2022-09-07,consolidation,repealed,,browse_listing,,,,
899,all,https://sso.agc.gov.sg/Act/SSSFY2021A2022/Repealed/20220401?DocDate=20240626&ViewType=Pdf,principal_act,,Second Supplementary Supply (FY 2021) Act 2022 (Spent),SSSFY2021A2022,,eng,2024-06-26,consolidation,repealed,,browse_listing,,,,
900,all,https://sso.agc.gov.sg/Act/SDA1917/Repealed/20071201?DocDate=19870330&ViewType=Pdf,principal_act,,Secondhand Dealers Act (Repealed),SDA1917,,eng,1987-03-30,consolidation,repealed,,browse_listing,,,,
901,all,https://sso.agc.gov.sg/Act/SIA1986/Repealed/20020101?DocDate=19870330&ViewType=Pdf,principal_act,,Securities Industry Act (Repealed),SIA1986,,eng,1987-03-30,consolidation,repealed,,browse_listing,,,,
902,all,https://sso.agc.gov.sg/Act/SRA2021/Repealed/20221103?DocDate=20240314&ViewType=Pdf,principal_act,,Sedition (Repeal) Act 2021 (Spent),SRA2021,,eng,2024-03-14,consolidation,repealed,,browse_listing,,,,
903,all,https://sso.agc.gov.sg/Act/SA1948/Repealed/20221102?DocDate=20211111&ViewType=Pdf,principal_act,,Sedition Act 1948 (Repealed),SA1948,,eng,2021-11-11,consolidation,repealed,,browse_listing,,,,
904,all,https://sso.agc.gov.sg/Act/SJFSA1936/Repealed/20010331?DocDate=19870330&ViewType=Pdf,principal_act,,Silver Jubilee Fund (Singapore) Act (Repealed),SJFSA1936,,eng,1987-03-30,consolidation,repealed,,browse_listing,,,,
905,all,https://sso.agc.gov.sg/Act/SACA2013/Repealed/20230401?DocDate=20230203&ViewType=Pdf,principal_act,,Singapore Accountancy Commission Act 2013 (Repealed),SACA2013,,eng,2023-02-03,consolidation,repealed,,browse_listing,,,,
906,all,https://sso.agc.gov.sg/Act/SAFNAA1959/Repealed/20230801?DocDate=20221005&ViewType=Pdf,principal_act,,Singapore Arms and Flag and National Anthem Act 1959 (Repealed),SAFNAA1959,,eng,2022-10-05,consolidation,repealed,,browse_listing,,,,
907,all,https://sso.agc.gov.sg/Act/SBCA1979/Repealed/19941001?DocDate=19870330&ViewType=Pdf,principal_act,,Singapore Broadcasting Corporation Act (Repealed),SBCA1979,,eng,1987-03-30,consolidation,repealed,,browse_listing,,,,
908,all,https://sso.agc.gov.sg/Act/SCSSA1968/Repealed/19920501?DocDate=19870330&ViewType=Pdf,principal_act,,Singapore Council of Social Service Act (Repealed),SCSSA1968,,eng,1987-03-30,consolidation,repealed,,browse_listing,,,,
909,all,https://sso.agc.gov.sg/Act/SFPPBRA1986/Repealed/20030731?DocDate=20201209&ViewType=Pdf,principal_act,,Singapore Family Planning and Population Board (Repeal) Act (Spent),SFPPBRA1986,,eng,2020-12-09,consolidation,repealed,,browse_listing,,,,
910,all,https://sso.agc.gov.sg/Act/SISIRA1973/Repealed/19960401?DocDate=19930315&ViewType=Pdf,principal_act,,Singapore Institute of Standards and Industrial Research Act (Repealed),SISIRA1973,,eng,1993-03-15,consolidation,repealed,,browse_listing,,,,
911,all,https://sso.agc.gov.sg/Act/SSAA2016/Repealed/20260701?DocDate=20260605&ViewType=Pdf,principal_act,,SkillsFuture Singapore Agency Act 2016 (Repealed),SSAA2016,,eng,2026-06-05,consolidation,repealed,,browse_listing,,,,
912,all,https://sso.agc.gov.sg/Act/SMPFA1965/Repealed/19991210?DocDate=19870330&ViewType=Pdf,principal_act,,Slaughter-houses and Meat Processing Factories Act (Repealed),SMPFA1965,,eng,1987-03-30,consolidation,repealed,,browse_listing,,,,
913,all,https://sso.agc.gov.sg/Act/SPCPA1970/Repealed/19920406?DocDate=19870330&ViewType=Pdf,principal_act,,Smoking (Prohibition in Certain Places) Act (Repealed),SPCPA1970,,eng,1987-03-30,consolidation,repealed,,browse_listing,,,,
914,all,https://sso.agc.gov.sg/Act/SPAA1970/Repealed/19930531?DocDate=19900315&ViewType=Pdf,principal_act,,Smoking (Prohibition on Advertisements) Act (Repealed),SPAA1970,,eng,1990-03-15,consolidation,repealed,,browse_listing,,,,
915,all,https://sso.agc.gov.sg/Act/SPIBA1996/Repealed/20180402?DocDate=20021231&ViewType=Pdf,principal_act,,"Standards, Productivity and Innovation Board Act (Repealed)",SPIBA1996,,eng,2002-12-31,consolidation,repealed,,browse_listing,,,,
916,all,https://sso.agc.gov.sg/Act/SLEA1883/Repealed/20241101?DocDate=20221230&ViewType=Pdf,principal_act,,State Lands Encroachments Act 1883 (Repealed),SLEA1883,,eng,2022-12-30,consolidation,repealed,,browse_listing,,,,
917,all,https://sso.agc.gov.sg/Act/SDA1885/Repealed/20010101?DocDate=19870330&ViewType=Pdf,principal_act,,Statutory Declarations Act (Repealed),SDA1885,,eng,1987-03-30,consolidation,repealed,,browse_listing,,,,
918,all,https://sso.agc.gov.sg/Act/SSFY2002A2002/Repealed/20030401?DocDate=20210308&ViewType=Pdf,principal_act,,Supplementary Supply (FY 2002) Act 2002 (Spent),SSFY2002A2002,,eng,2021-03-08,consolidation,repealed,,browse_listing,,,,
919,all,https://sso.agc.gov.sg/Act/SSFY2002A2003/Repealed/20030401?DocDate=20210309&ViewType=Pdf,principal_act,,Supplementary Supply (FY 2002) Act 2003 (Spent),SSFY2002A2003,,eng,2021-03-09,consolidation,repealed,,browse_listing,,,,
920,all,https://sso.agc.gov.sg/Act/SSFY2003A2004/Repealed/20040401?DocDate=20210308&ViewType=Pdf,principal_act,,Supplementary Supply (FY 2003) Act 2004 (Spent),SSFY2003A2004,,eng,2021-03-08,consolidation,repealed,,browse_listing,,,,
921,all,https://sso.agc.gov.sg/Act/SSFY2004A2005/Repealed/20050401?DocDate=20210308&ViewType=Pdf,principal_act,,Supplementary Supply (FY 2004) Act 2005 (Spent),SSFY2004A2005,,eng,2021-03-08,consolidation,repealed,,browse_listing,,,,
922,all,https://sso.agc.gov.sg/Act/SSFY2005A2006/Repealed/20060401?DocDate=20060402&ViewType=Pdf,principal_act,,Supplementary Supply (FY 2005) Act 2006 (Spent),SSFY2005A2006,,eng,2006-04-02,consolidation,repealed,,browse_listing,,,,
923,all,https://sso.agc.gov.sg/Act/SSFY2006A2007/Repealed/20070401?DocDate=20070402&ViewType=Pdf,principal_act,,Supplementary Supply (FY 2006) Act 2007 (Spent),SSFY2006A2007,,eng,2007-04-02,consolidation,repealed,,browse_listing,,,,
924,all,https://sso.agc.gov.sg/Act/SSFY2007A2008/Repealed/20080401?DocDate=20210308&ViewType=Pdf,principal_act,,Supplementary Supply (FY 2007) Act 2008 (Spent),SSFY2007A2008,,eng,2021-03-08,consolidation,repealed,,browse_listing,,,,
925,all,https://sso.agc.gov.sg/Act/SSFY2008A2009/Repealed/20090401?DocDate=20210308&ViewType=Pdf,principal_act,,Supplementary Supply (FY 2008) Act 2009 (Spent),SSFY2008A2009,,eng,2021-03-08,consolidation,repealed,,browse_listing,,,,
926,all,https://sso.agc.gov.sg/Act/SSFY2009A2010/Repealed/20100401?DocDate=20100324&ViewType=Pdf,principal_act,,Supplementary Supply (FY 2009) Act 2010 (Spent),SSFY2009A2010,,eng,2010-03-24,consolidation,repealed,,browse_listing,,,,
927,all,https://sso.agc.gov.sg/Act/SSFY2010A2011/Repealed/20110401?DocDate=20110317&ViewType=Pdf,principal_act,,Supplementary Supply (FY 2010) Act 2011 (Spent),SSFY2010A2011,,eng,2011-03-17,consolidation,repealed,,browse_listing,,,,
928,all,https://sso.agc.gov.sg/Act/SSFY2011A2012/Repealed/20120401?DocDate=20210308&ViewType=Pdf,principal_act,,Supplementary Supply (FY 2011) Act 2012 (Spent),SSFY2011A2012,,eng,2021-03-08,consolidation,repealed,,browse_listing,,,,
929,all,https://sso.agc.gov.sg/Act/SSFY2012A2013/Repealed/20130401?DocDate=20210308&ViewType=Pdf,principal_act,,Supplementary Supply (FY 2012) Act 2013 (Spent),SSFY2012A2013,,eng,2021-03-08,consolidation,repealed,,browse_listing,,,,
930,all,https://sso.agc.gov.sg/Act/SSFY2013A2014/Repealed/20140401?DocDate=20140401&ViewType=Pdf,principal_act,,Supplementary Supply (FY 2013) Act 2014 (Spent),SSFY2013A2014,,eng,2014-04-01,consolidation,repealed,,browse_listing,,,,
931,all,https://sso.agc.gov.sg/Act/SSFY2014A2015/Repealed/20150401?DocDate=20210308&ViewType=Pdf,principal_act,,Supplementary Supply (FY 2014) Act 2015 (Spent),SSFY2014A2015,,eng,2021-03-08,consolidation,repealed,,browse_listing,,,,
932,all,https://sso.agc.gov.sg/Act/SSFY2016A2017/Repealed/20170401?DocDate=20220907&ViewType=Pdf,principal_act,,Supplementary Supply (FY 2016) Act 2017 (Spent),SSFY2016A2017,,eng,2022-09-07,consolidation,repealed,,browse_listing,,,,
933,all,https://sso.agc.gov.sg/Act/SSFY2017A2018/Repealed/20180401?DocDate=20220907&ViewType=Pdf,principal_act,,Supplementary Supply (FY 2017) Act 2018 (Spent),SSFY2017A2018,,eng,2022-09-07,consolidation,repealed,,browse_listing,,,,
934,all,https://sso.agc.gov.sg/Act/SSFY2018A2019/Repealed/20190401?DocDate=20220907&ViewType=Pdf,principal_act,,Supplementary Supply (FY 2018) Act 2019 (Spent),SSFY2018A2019,,eng,2022-09-07,consolidation,repealed,,browse_listing,,,,
935,all,https://sso.agc.gov.sg/Act/SSFY2019A2020/Repealed/20200401?DocDate=20220907&ViewType=Pdf,principal_act,,Supplementary Supply (FY 2019) Act 2020 (Spent),SSFY2019A2020,,eng,2022-09-07,consolidation,repealed,,browse_listing,,,,
936,all,https://sso.agc.gov.sg/Act/SSFY2022A2023/Repealed/20230401?DocDate=20240626&ViewType=Pdf,principal_act,,Supplementary Supply (FY 2022) Act 2023 (Spent),SSFY2022A2023,,eng,2024-06-26,consolidation,repealed,,browse_listing,,,,
937,all,https://sso.agc.gov.sg/Act/SSFY2023A2024/Repealed/20240401?DocDate=20250408&ViewType=Pdf,principal_act,,Supplementary Supply (FY 2023) Act 2024 (Spent),SSFY2023A2024,,eng,2025-04-08,consolidation,repealed,,browse_listing,,,,
938,all,https://sso.agc.gov.sg/Act/SSFY2024A2025/Repealed/20250401?DocDate=20260427&ViewType=Pdf,principal_act,,Supplementary Supply (FY 2024) Act 2025 (Spent),SSFY2024A2025,,eng,2026-04-27,consolidation,repealed,,browse_listing,,,,
939,all,https://sso.agc.gov.sg/Act/SSNA1994/Repealed/19950401?DocDate=19950401&ViewType=Pdf,principal_act,,Supplementary Supply (No. 2) Act 1994 (Spent),SSNA1994,,eng,1995-04-01,consolidation,repealed,,browse_listing,,,,
940,all,https://sso.agc.gov.sg/Act/SSNA1996/Repealed/19970401?DocDate=19970401&ViewType=Pdf,principal_act,,Supplementary Supply (No. 2) Act 1996 (Spent),SSNA1996,,eng,1997-04-01,consolidation,repealed,,browse_listing,,,,
941,all,https://sso.agc.gov.sg/Act/SSNA2000/Repealed/20010401?DocDate=20010401&ViewType=Pdf,principal_act,,Supplementary Supply (No. 2) Act 2000 (Spent),SSNA2000,,eng,2001-04-01,consolidation,repealed,,browse_listing,,,,
942,all,https://sso.agc.gov.sg/Act/SSNA2001/Repealed/20020401?DocDate=20020401&ViewType=Pdf,principal_act,,Supplementary Supply (No. 2) Act 2001 (Spent),SSNA2001,,eng,2002-04-01,consolidation,repealed,,browse_listing,,,,
943,all,https://sso.agc.gov.sg/Act/SSA1985/Repealed/19860401?DocDate=19850401&ViewType=Pdf,principal_act,,Supplementary Supply Act 1985 (Spent),SSA1985,,eng,1985-04-01,consolidation,repealed,,browse_listing,,,,
944,all,https://sso.agc.gov.sg/Act/SSA1986/Repealed/19860401?DocDate=20210308&ViewType=Pdf,principal_act,,Supplementary Supply Act 1986 (Spent),SSA1986,,eng,2021-03-08,consolidation,repealed,,browse_listing,,,,
945,all,https://sso.agc.gov.sg/Act/SSA1987/Repealed/19870401?DocDate=20210308&ViewType=Pdf,principal_act,,Supplementary Supply Act 1987 (Spent),SSA1987,,eng,2021-03-08,consolidation,repealed,,browse_listing,,,,
946,all,https://sso.agc.gov.sg/Act/SSA1988/Repealed/19880401?DocDate=20210308&ViewType=Pdf,principal_act,,Supplementary Supply Act 1988 (Spent),SSA1988,,eng,2021-03-08,consolidation,repealed,,browse_listing,,,,
947,all,https://sso.agc.gov.sg/Act/SSA1989/Repealed/19890401?DocDate=20210308&ViewType=Pdf,principal_act,,Supplementary Supply Act 1989 (Spent),SSA1989,,eng,2021-03-08,consolidation,repealed,,browse_listing,,,,
948,all,https://sso.agc.gov.sg/Act/SSA1990/Repealed/19900401?DocDate=20210308&ViewType=Pdf,principal_act,,Supplementary Supply Act 1990 (Spent),SSA1990,,eng,2021-03-08,consolidation,repealed,,browse_listing,,,,
949,all,https://sso.agc.gov.sg/Act/SSA1991/Repealed/19910401?DocDate=20210308&ViewType=Pdf,principal_act,,Supplementary Supply Act 1991 (Spent),SSA1991,,eng,2021-03-08,consolidation,repealed,,browse_listing,,,,
950,all,https://sso.agc.gov.sg/Act/SSA1992/Repealed/19920401?DocDate=20210308&ViewType=Pdf,principal_act,,Supplementary Supply Act 1992 (Spent),SSA1992,,eng,2021-03-08,consolidation,repealed,,browse_listing,,,,
951,all,https://sso.agc.gov.sg/Act/SSA1993/Repealed/19940401?DocDate=20220907&ViewType=Pdf,principal_act,,Supplementary Supply Act 1993 (Spent),SSA1993,,eng,2022-09-07,consolidation,repealed,,browse_listing,,,,
952,all,https://sso.agc.gov.sg/Act/SSA1994/Repealed/19940401?DocDate=20210308&ViewType=Pdf,principal_act,,Supplementary Supply Act 1994 (Spent),SSA1994,,eng,2021-03-08,consolidation,repealed,,browse_listing,,,,
953,all,https://sso.agc.gov.sg/Act/SSA1995/Repealed/19950401?DocDate=20220907&ViewType=Pdf,principal_act,,Supplementary Supply Act 1995 (Spent),SSA1995,,eng,2022-09-07,consolidation,repealed,,browse_listing,,,,
954,all,https://sso.agc.gov.sg/Act/SSA1996/Repealed/19960401?DocDate=19960401&ViewType=Pdf,principal_act,,Supplementary Supply Act 1996 (Spent),SSA1996,,eng,1996-04-01,consolidation,repealed,,browse_listing,,,,
955,all,https://sso.agc.gov.sg/Act/SSA1998/Repealed/19990401?DocDate=20220908&ViewType=Pdf,principal_act,,Supplementary Supply Act 1998 (Spent),SSA1998,,eng,2022-09-08,consolidation,repealed,,browse_listing,,,,
956,all,https://sso.agc.gov.sg/Act/SSA1999/Repealed/20000401?DocDate=20000401&ViewType=Pdf,principal_act,,Supplementary Supply Act 1999 (Spent),SSA1999,,eng,2000-04-01,consolidation,repealed,,browse_listing,,,,
957,all,https://sso.agc.gov.sg/Act/SSA2000/Repealed/20000401?DocDate=20000401&ViewType=Pdf,principal_act,,Supplementary Supply Act 2000 (Spent),SSA2000,,eng,2000-04-01,consolidation,repealed,,browse_listing,,,,
958,all,https://sso.agc.gov.sg/Act/SSA2001/Repealed/20010401?DocDate=20210308&ViewType=Pdf,principal_act,,Supplementary Supply Act 2001 (Spent),SSA2001,,eng,2021-03-08,consolidation,repealed,,browse_listing,,,,
959,all,https://sso.agc.gov.sg/Act/SSBAFY2021A2021/Repealed/20220401?DocDate=20240626&ViewType=Pdf,principal_act,,Supplementary Supply and Budget Adjustments (FY 2021) Act 2021 (Spent),SSBAFY2021A2021,,eng,2024-06-26,consolidation,repealed,,browse_listing,,,,
960,all,https://sso.agc.gov.sg/Act/SA1985/Repealed/19860401?DocDate=20240620&ViewType=Pdf,principal_act,,Supply Act 1985 (Spent),SA1985,,eng,2024-06-20,consolidation,repealed,,browse_listing,,,,
961,all,https://sso.agc.gov.sg/Act/SA1986/Repealed/19870401?DocDate=20210308&ViewType=Pdf,principal_act,,Supply Act 1986 (Spent),SA1986,,eng,2021-03-08,consolidation,repealed,,browse_listing,,,,
962,all,https://sso.agc.gov.sg/Act/SA1987/Repealed/19880401?DocDate=20210308&ViewType=Pdf,principal_act,,Supply Act 1987 (Spent),SA1987,,eng,2021-03-08,consolidation,repealed,,browse_listing,,,,
963,all,https://sso.agc.gov.sg/Act/SA1988/Repealed/19890401?DocDate=20210308&ViewType=Pdf,principal_act,,Supply Act 1988 (Spent),SA1988,,eng,2021-03-08,consolidation,repealed,,browse_listing,,,,
964,all,https://sso.agc.gov.sg/Act/SA1989/Repealed/19900401?DocDate=20210308&ViewType=Pdf,principal_act,,Supply Act 1989 (Spent),SA1989,,eng,2021-03-08,consolidation,repealed,,browse_listing,,,,
965,all,https://sso.agc.gov.sg/Act/SA1990/Repealed/19910401?DocDate=19910401&ViewType=Pdf,principal_act,,Supply Act 1990 (Spent),SA1990,,eng,1991-04-01,consolidation,repealed,,browse_listing,,,,
966,all,https://sso.agc.gov.sg/Act/SA1991/Repealed/19920401?DocDate=19920401&ViewType=Pdf,principal_act,,Supply Act 1991 (Spent),SA1991,,eng,1992-04-01,consolidation,repealed,,browse_listing,,,,
967,all,https://sso.agc.gov.sg/Act/SA1992/Repealed/19930401?DocDate=19930401&ViewType=Pdf,principal_act,,Supply Act 1992 (Spent),SA1992,,eng,1993-04-01,consolidation,repealed,,browse_listing,,,,
968,all,https://sso.agc.gov.sg/Act/SA1993/Repealed/19940401?DocDate=19940401&ViewType=Pdf,principal_act,,Supply Act 1993 (Spent),SA1993,,eng,1994-04-01,consolidation,repealed,,browse_listing,,,,
969,all,https://sso.agc.gov.sg/Act/SA1994/Repealed/19950401?DocDate=19950401&ViewType=Pdf,principal_act,,Supply Act 1994 (Spent),SA1994,,eng,1995-04-01,consolidation,repealed,,browse_listing,,,,
970,all,https://sso.agc.gov.sg/Act/SA1995/Repealed/19960401?DocDate=19960401&ViewType=Pdf,principal_act,,Supply Act 1995 (Spent),SA1995,,eng,1996-04-01,consolidation,repealed,,browse_listing,,,,
971,all,https://sso.agc.gov.sg/Act/SA1996/Repealed/19970401?DocDate=19970401&ViewType=Pdf,principal_act,,Supply Act 1996 (Spent),SA1996,,eng,1997-04-01,consolidation,repealed,,browse_listing,,,,
972,all,https://sso.agc.gov.sg/Act/SA1997/Repealed/19980401?DocDate=19980401&ViewType=Pdf,principal_act,,Supply Act 1997 (Spent),SA1997,,eng,1998-04-01,consolidation,repealed,,browse_listing,,,,
973,all,https://sso.agc.gov.sg/Act/SA1998/Repealed/19990401?DocDate=19990401&ViewType=Pdf,principal_act,,Supply Act 1998 (Spent),SA1998,,eng,1999-04-01,consolidation,repealed,,browse_listing,,,,
974,all,https://sso.agc.gov.sg/Act/SA1999/Repealed/20000401?DocDate=20000401&ViewType=Pdf,principal_act,,Supply Act 1999 (Spent),SA1999,,eng,2000-04-01,consolidation,repealed,,browse_listing,,,,
975,all,https://sso.agc.gov.sg/Act/SA2000/Repealed/20010401?DocDate=20010401&ViewType=Pdf,principal_act,,Supply Act 2000 (Spent),SA2000,,eng,2001-04-01,consolidation,repealed,,browse_listing,,,,
976,all,https://sso.agc.gov.sg/Act/SA2001/Repealed/20020401?DocDate=20020401&ViewType=Pdf,principal_act,,Supply Act 2001 (Spent),SA2001,,eng,2002-04-01,consolidation,repealed,,browse_listing,,,,
977,all,https://sso.agc.gov.sg/Act/SA2002/Repealed/20030401?DocDate=20030401&ViewType=Pdf,principal_act,,Supply Act 2002 (Spent),SA2002,,eng,2003-04-01,consolidation,repealed,,browse_listing,,,,
978,all,https://sso.agc.gov.sg/Act/SA2003/Repealed/20040401?DocDate=20040401&ViewType=Pdf,principal_act,,Supply Act 2003 (Spent),SA2003,,eng,2004-04-01,consolidation,repealed,,browse_listing,,,,
979,all,https://sso.agc.gov.sg/Act/SA2004/Repealed/20050401?DocDate=20050401&ViewType=Pdf,principal_act,,Supply Act 2004 (Spent),SA2004,,eng,2005-04-01,consolidation,repealed,,browse_listing,,,,
980,all,https://sso.agc.gov.sg/Act/SA2005/Repealed/20060401?DocDate=20060401&ViewType=Pdf,principal_act,,Supply Act 2005 (Spent),SA2005,,eng,2006-04-01,consolidation,repealed,,browse_listing,,,,
981,all,https://sso.agc.gov.sg/Act/SA2006/Repealed/20070401?DocDate=20070401&ViewType=Pdf,principal_act,,Supply Act 2006 (Spent),SA2006,,eng,2007-04-01,consolidation,repealed,,browse_listing,,,,
982,all,https://sso.agc.gov.sg/Act/SA2007/Repealed/20080401?DocDate=20080401&ViewType=Pdf,principal_act,,Supply Act 2007 (Spent),SA2007,,eng,2008-04-01,consolidation,repealed,,browse_listing,,,,
983,all,https://sso.agc.gov.sg/Act/SA2008/Repealed/20090401?DocDate=20090401&ViewType=Pdf,principal_act,,Supply Act 2008 (Spent),SA2008,,eng,2009-04-01,consolidation,repealed,,browse_listing,,,,
984,all,https://sso.agc.gov.sg/Act/SA2009/Repealed/20100401?DocDate=20210308&ViewType=Pdf,principal_act,,Supply Act 2009 (Spent),SA2009,,eng,2021-03-08,consolidation,repealed,,browse_listing,,,,
985,all,https://sso.agc.gov.sg/Act/SA2010/Repealed/20110401?DocDate=20110401&ViewType=Pdf,principal_act,,Supply Act 2010 (Spent),SA2010,,eng,2011-04-01,consolidation,repealed,,browse_listing,,,,
986,all,https://sso.agc.gov.sg/Act/SA2011/Repealed/20120401?DocDate=20120401&ViewType=Pdf,principal_act,,Supply Act 2011 (Spent),SA2011,,eng,2012-04-01,consolidation,repealed,,browse_listing,,,,
987,all,https://sso.agc.gov.sg/Act/SA2012/Repealed/20130401?DocDate=20210308&ViewType=Pdf,principal_act,,Supply Act 2012 (Spent),SA2012,,eng,2021-03-08,consolidation,repealed,,browse_listing,,,,
988,all,https://sso.agc.gov.sg/Act/SA2013/Repealed/20140401?DocDate=20210308&ViewType=Pdf,principal_act,,Supply Act 2013 (Spent),SA2013,,eng,2021-03-08,consolidation,repealed,,browse_listing,,,,
989,all,https://sso.agc.gov.sg/Act/SA2014/Repealed/20150401?DocDate=20210308&ViewType=Pdf,principal_act,,Supply Act 2014 (Spent),SA2014,,eng,2021-03-08,consolidation,repealed,,browse_listing,,,,
990,all,https://sso.agc.gov.sg/Act/SA2015/Repealed/20160401?DocDate=20210308&ViewType=Pdf,principal_act,,Supply Act 2015 (Spent),SA2015,,eng,2021-03-08,consolidation,repealed,,browse_listing,,,,
991,all,https://sso.agc.gov.sg/Act/SA2016/Repealed/20170401?DocDate=20220908&ViewType=Pdf,principal_act,,Supply Act 2016 (Spent),SA2016,,eng,2022-09-08,consolidation,repealed,,browse_listing,,,,
992,all,https://sso.agc.gov.sg/Act/SA2017/Repealed/20180401?DocDate=20220908&ViewType=Pdf,principal_act,,Supply Act 2017 (Spent),SA2017,,eng,2022-09-08,consolidation,repealed,,browse_listing,,,,
993,all,https://sso.agc.gov.sg/Act/SA2018/Repealed/20190401?DocDate=20220908&ViewType=Pdf,principal_act,,Supply Act 2018 (Spent),SA2018,,eng,2022-09-08,consolidation,repealed,,browse_listing,,,,
994,all,https://sso.agc.gov.sg/Act/SA2019/Repealed/20200401?DocDate=20220908&ViewType=Pdf,principal_act,,Supply Act 2019 (Spent),SA2019,,eng,2022-09-08,consolidation,repealed,,browse_listing,,,,
995,all,https://sso.agc.gov.sg/Act/SA2020/Repealed/20210401?DocDate=20220908&ViewType=Pdf,principal_act,,Supply Act 2020 (Spent),SA2020,,eng,2022-09-08,consolidation,repealed,,browse_listing,,,,
996,all,https://sso.agc.gov.sg/Act/SA2021/Repealed/20220401?DocDate=20240626&ViewType=Pdf,principal_act,,Supply Act 2021 (Spent),SA2021,,eng,2024-06-26,consolidation,repealed,,browse_listing,,,,
997,all,https://sso.agc.gov.sg/Act/SA2022/Repealed/20230401?DocDate=20240626&ViewType=Pdf,principal_act,,Supply Act 2022 (Spent),SA2022,,eng,2024-06-26,consolidation,repealed,,browse_listing,,,,
998,all,https://sso.agc.gov.sg/Act/SA2023/Repealed/20240401?DocDate=20250408&ViewType=Pdf,principal_act,,Supply Act 2023 (Spent),SA2023,,eng,2025-04-08,consolidation,repealed,,browse_listing,,,,
999,all,https://sso.agc.gov.sg/Act/SA2024/Repealed/20250401?DocDate=20260427&ViewType=Pdf,principal_act,,Supply Act 2024 (Spent),SA2024,,eng,2026-04-27,consolidation,repealed,,browse_listing,,,,
1000,all,https://sso.agc.gov.sg/Act/TASA1982/Repealed/19920401?DocDate=19870330&ViewType=Pdf,principal_act,,Telecommunication Authority of Singapore Act (Repealed),TASA1982,,eng,1987-03-30,consolidation,repealed,,browse_listing,,,,
1001,all,https://sso.agc.gov.sg/Act/TASA1992/Repealed/19991201?DocDate=19991201&ViewType=Pdf,principal_act,,Telecommunication Authority of Singapore Act (Repealed),TASA1992,,eng,1999-12-01,consolidation,repealed,,browse_listing,,,,
1002,all,https://sso.agc.gov.sg/Act/TWJA1878/Repealed/20210301?DocDate=20210305&ViewType=Pdf,principal_act,,Territorial Waters Jurisdiction Act 1878 (Spent),TWJA1878,,eng,2021-03-05,consolidation,repealed,,browse_listing,,,,
1003,all,https://sso.agc.gov.sg/Act/TSSBAFY2020A2020/Repealed/20210401?DocDate=20220908&ViewType=Pdf,principal_act,,Third Supplementary Supply and Budget Adjustments (FY 2020) Act 2020 (Spent),TSSBAFY2020A2020,,eng,2022-09-08,consolidation,repealed,,browse_listing,,,,
1004,all,https://sso.agc.gov.sg/Act/TPTBSPA2015/Repealed/20201030?DocDate=20150629&ViewType=Pdf,principal_act,,Third-Party Taxi Booking Service Providers Act 2015 (Repealed),TPTBSPA2015,,eng,2015-06-29,consolidation,repealed,,browse_listing,,,,
1005,all,https://sso.agc.gov.sg/Act/TIA1973/Repealed/20010801?DocDate=19870330&ViewType=Pdf,principal_act,,Timber Industry Act (Repealed),TIA1973,,eng,1987-03-30,consolidation,repealed,,browse_listing,,,,
1006,all,https://sso.agc.gov.sg/Act/TTODSSA1934/Repealed/20001101?DocDate=19870330&ViewType=Pdf,principal_act,,Tin and Tin-Ore (Disclosure of Smelters’ Stocks) Act (Repealed),TTODSSA1934,,eng,1987-03-30,consolidation,repealed,,browse_listing,,,,
1007,all,https://sso.agc.gov.sg/Act/TPCESSCA1972/Repealed/19970102?DocDate=20210309&ViewType=Pdf,principal_act,,Tourist Promotion (CESS Collection) Act (Replaced) (Spent),TPCESSCA1972,,eng,2021-03-09,consolidation,repealed,,browse_listing,,,,
1008,all,https://sso.agc.gov.sg/Act/STBA1963/Repealed/19970102?DocDate=20210309&ViewType=Pdf,principal_act,,Tourist Promotion Board Act (Renamed) (Spent),STBA1963,,eng,2021-03-09,consolidation,repealed,,browse_listing,,,,
1009,all,https://sso.agc.gov.sg/Act/TMA1938/Repealed/19990115?DocDate=19920309&ViewType=Pdf,principal_act,,Trade Marks Act (Repealed),TMA1938,,eng,1992-03-09,consolidation,repealed,,browse_listing,,,,
1010,all,https://sso.agc.gov.sg/Act/TDRA1960/Repealed/20220131?DocDate=20211215&ViewType=Pdf,principal_act,,Treasury Deposit Receipts Act 1960 (Repealed),TDRA1960,,eng,2021-12-15,consolidation,repealed,,browse_listing,,,,
1011,all,https://sso.agc.gov.sg/Act/TCA1926/Repealed/20060201?DocDate=19870330&ViewType=Pdf,principal_act,,Trust Companies Act (Repealed),TCA1926,,eng,1987-03-30,consolidation,repealed,,browse_listing,,,,
1012,all,https://sso.agc.gov.sg/Act/UKDPA1938/Repealed/20001113?DocDate=19870330&ViewType=Pdf,principal_act,,United Kingdom Designs (Protection) Act (Repealed),UKDPA1938,,eng,1987-03-30,consolidation,repealed,,browse_listing,,,,
1013,all,https://sso.agc.gov.sg/Act/URAA1973/Repealed/19890901?DocDate=19870330&ViewType=Pdf,principal_act,,Urban Redevelopment Authority Act (Repealed),URAA1973,,eng,1987-03-30,consolidation,repealed,,browse_listing,,,,
1014,all,https://sso.agc.gov.sg/Act/VITBA1979/Repealed/19920327?DocDate=19870330&ViewType=Pdf,principal_act,,Vocational and Industrial Training Board Act (Repealed),VITBA1979,,eng,1987-03-30,consolidation,repealed,,browse_listing,,,,
1015,all,https://sso.agc.gov.sg/Act/VCA1915/Repealed/19931112?DocDate=19870330&ViewType=Pdf,principal_act,,Voluntary Conveyances Act (Repealed),VCA1915,,eng,1987-03-30,consolidation,repealed,,browse_listing,,,,
1016,all,https://sso.agc.gov.sg/Act/WPCDA1975/Repealed/19990401?DocDate=19870330&ViewType=Pdf,principal_act,,Water Pollution Control and Drainage Act (Repealed),WPCDA1975,,eng,1987-03-30,consolidation,repealed,,browse_listing,,,,
1017,all,https://sso.agc.gov.sg/Act/WICA1975/Repealed/20200901?DocDate=20191111&ViewType=Pdf,principal_act,,Work Injury Compensation Act (Repealed),WICA1975,,eng,2019-11-11,consolidation,repealed,,browse_listing,,,,
1018,all,https://sso.agc.gov.sg/Act/WSAA2003/Repealed/20260701?DocDate=20260605&ViewType=Pdf,principal_act,,Workforce Singapore Agency Act 2003 (Repealed),WSAA2003,,eng,2026-06-05,consolidation,repealed,,browse_listing,,,,
1019,all,https://sso.agc.gov.sg/Acts-Supp/14-2026/Published/20260615?DocDate=20260615&ViewType=Pdf,amending_act,Act 14 of 2026,Central Provident Fund (Amendment) Act 2026,14-2026,,eng,,as_enacted,unknown,,acts_supplement,,,,principal_unlinked
1020,all,https://sso.agc.gov.sg/Acts-Supp/8-2026/Published/20260427?DocDate=20260427&ViewType=Pdf,amending_act,Act 8 of 2026,Coastal Protection and Other Amendments Act 2026,8-2026,,eng,,as_enacted,unknown,,acts_supplement,,,,principal_unlinked
1021,all,https://sso.agc.gov.sg/Acts-Supp/10-2026/Published/20260511?DocDate=20260511&ViewType=Pdf,amending_act,Act 10 of 2026,Energy Conservation (Amendment) Act 2026,10-2026,,eng,,as_enacted,unknown,,acts_supplement,,,,principal_unlinked
1022,all,https://sso.agc.gov.sg/Acts-Supp/13-2026/Published/20260605?DocDate=20260605&ViewType=Pdf,amending_act,Act 13 of 2026,Info-communications Media Development Authority (Amendment) Act 2026,13-2026,,eng,,as_enacted,unknown,,acts_supplement,,,,principal_unlinked
1023,all,https://sso.agc.gov.sg/Acts-Supp/3-2026/Published/20260302?DocDate=20260302&ViewType=Pdf,amending_act,Act 3 of 2026,National Council of Social Service (Amendment) Act 2026,3-2026,,eng,,as_enacted,unknown,,acts_supplement,,,,principal_unlinked
1024,all,https://sso.agc.gov.sg/Acts-Supp/2-2026/Published/20260216?DocDate=20260216&ViewType=Pdf,amending_act,Act 2 of 2026,Public Sector (Governance) (Amendment) Act 2026,2-2026,,eng,,as_enacted,unknown,,acts_supplement,,,,principal_unlinked
1025,all,https://sso.agc.gov.sg/Acts-Supp/18-2026/Published/20260908?DocDate=20260908&ViewType=Pdf,amending_act,Act 18 of 2026,Road Traffic (Miscellaneous Amendments) Act 2026,18-2026,,eng,,as_enacted,unknown,,acts_supplement,,,,principal_unlinked
1026,all,https://sso.agc.gov.sg/Acts-Supp/12-2026/Published/20260612?DocDate=20260612&ViewType=Pdf,amending_act,Act 12 of 2026,Securities and Futures (Amendment) Act 2026,12-2026,,eng,,as_enacted,unknown,,acts_supplement,,,,principal_unlinked
1027,all,https://sso.agc.gov.sg/Acts-Supp/4-2026/Published/20260216?DocDate=20260216&ViewType=Pdf,amending_act,Act 4 of 2026,Singapore Sports Council (Amendment) Act 2026,4-2026,,eng,,as_enacted,unknown,,acts_supplement,,,,principal_unlinked
1028,all,https://sso.agc.gov.sg/Acts-Supp/15-2026/Published/20260608?DocDate=20260608&ViewType=Pdf,amending_act,Act 15 of 2026,Statutes (Miscellaneous Amendments) Act 2026,15-2026,,eng,,as_enacted,unknown,,acts_supplement,,,,principal_unlinked
1029,all,https://sso.agc.gov.sg/Acts-Supp/9-2026/Published/20260330?DocDate=20260330&ViewType=Pdf,amending_act,Act 9 of 2026,Tobacco (Control of Advertisements and Sale) (Amendment) and Other Matters Act 2026,9-2026,,eng,,as_enacted,unknown,,acts_supplement,,,,principal_unlinked
1030,all,https://sso.agc.gov.sg/Acts-Supp/18-2025/Published/20251126?DocDate=20251126&ViewType=Pdf,amending_act,Act 18 of 2025,CareShield Life and Long-Term Care (Amendment) Act 2025,18-2025,,eng,,as_enacted,unknown,,acts_supplement,,,,principal_unlinked
1031,all,https://sso.agc.gov.sg/Acts-Supp/16-2025/Published/20251119?DocDate=20251119&ViewType=Pdf,amending_act,Act 16 of 2025,Civil Aviation Authority of Singapore (Amendment) Act 2025,16-2025,,eng,,as_enacted,unknown,,acts_supplement,,,,principal_unlinked
1032,all,https://sso.agc.gov.sg/Acts-Supp/13-2025/Published/20250415?DocDate=20250415&ViewType=Pdf,amending_act,Act 13 of 2025,Competition (Amendment) Act 2025,13-2025,,eng,,as_enacted,unknown,,acts_supplement,,,,principal_unlinked
1033,all,https://sso.agc.gov.sg/Acts-Supp/9-2025/Published/20250305?DocDate=20250305&ViewType=Pdf,amending_act,Act 9 of 2025,Constitution of the Republic of Singapore (Amendment) Act 2025,9-2025,,eng,,as_enacted,unknown,,acts_supplement,,,,principal_unlinked
1034,all,https://sso.agc.gov.sg/Acts-Supp/24-2025/Published/20251203?DocDate=20251203&ViewType=Pdf,amending_act,Act 24 of 2025,Corporate and Accounting Laws (Amendment) Act 2025,24-2025,,eng,,as_enacted,unknown,,acts_supplement,,,,principal_unlinked
1035,all,https://sso.agc.gov.sg/Acts-Supp/21-2025/Published/20251203?DocDate=20251203&ViewType=Pdf,amending_act,Act 21 of 2025,Criminal Law (Miscellaneous Amendments) Act 2025,21-2025,,eng,,as_enacted,unknown,,acts_supplement,,,,principal_unlinked
1036,all,https://sso.agc.gov.sg/Acts-Supp/6-2025/Published/20250217?DocDate=20250217&ViewType=Pdf,amending_act,Act 6 of 2025,Customs (Amendment) Act 2025,6-2025,,eng,,as_enacted,unknown,,acts_supplement,,,,principal_unlinked
1037,all,https://sso.agc.gov.sg/Acts-Supp/3-2025/Published/20250211?DocDate=20250211&ViewType=Pdf,amending_act,Act 3 of 2025,"Insolvency, Restructuring and Dissolution (Amendment) Act 2025",3-2025,,eng,,as_enacted,unknown,,acts_supplement,,,,principal_unlinked
1038,all,https://sso.agc.gov.sg/Acts-Supp/26-2025/Published/20260413?DocDate=20260413&ViewType=Pdf,amending_act,Act 26 of 2025,Regulation of Imports and Exports (Amendment) Act 2025,26-2025,,eng,,as_enacted,unknown,,acts_supplement,,,,principal_unlinked
1039,all,https://sso.agc.gov.sg/Acts-Supp/2-2025/Published/20250217?DocDate=20250217&ViewType=Pdf,amending_act,Act 2 of 2025,Road Traffic (Miscellaneous Amendments) Act 2025,2-2025,,eng,,as_enacted,unknown,,acts_supplement,,,,principal_unlinked
1040,all,https://sso.agc.gov.sg/Acts-Supp/19-2025/Published/20251128?DocDate=20251128&ViewType=Pdf,amending_act,Act 19 of 2025,Statutes (Miscellaneous Amendments) Act 2025,19-2025,,eng,,as_enacted,unknown,,acts_supplement,,,,principal_unlinked
1041,all,https://sso.agc.gov.sg/Acts-Supp/17-2025/Published/20251119?DocDate=20251119&ViewType=Pdf,amending_act,Act 17 of 2025,Transport Sector (Miscellaneous Amendments) Act 2025,17-2025,,eng,,as_enacted,unknown,,acts_supplement,,,,principal_unlinked
