legal_type,legal_type_label,listing,portal_id,title,agency,made_on,gazetted_on,legal_status,status_word,document_kind,is_revised_version,also_listed_under,lao_url,english_url,has_translation,in_seed,in_relevant,in_all,not_crawled_reason
13,Constitution,legaltype=13&old=0,LA-2353,ລັດຖະທຳມະນູນ ແຫ່ງ ສາທາລະນະລັດ ປະຊາທິປະໄຕ ປະຊາຊົນລາວ (ສະບັບປັບປຸງ ປີ 2025),ສະພາແຫ່ງຊາດ,2025-03-20,2025-03-28,in_force,ປັດຈຸບັນ,principal_act,true,,"https://laoofficialgazette.gov.la/kcfinder/upload/files/77,20,3,2025.pdf",,false,false,false,true,
13,Constitution,legaltype=13&old=1,LA-1192,ລັດຖະທຳມະນູນ ແຫ່ງ ສາທາລະນະລັດ ປະຊາທິປະໄຕ ປະຊາຊົນລາວ,ສະພາແຫ່ງຊາດ,1991-08-15,2017-03-23,repealed,ສະບັບເກົ່າ,principal_act,false,,https://laoofficialgazette.gov.la/kcfinder/upload/files/ລັດຖະທຳມະນູນ1991.pdf,,false,false,false,true,
13,Constitution,legaltype=13&old=1,LA-886,ລັດຖະທຳມະນູນ ແຫ່ງ ສາທາລະນະລັດ ປະຊາທິປະໄຕ ປະຊາຊົນລາວ (ສະບັບປັບປຸງ),ສະພາແຫ່ງຊາດ,2015-12-15,2016-02-04,repealed,ສະບັບເກົ່າ,principal_act,true,,https://laoofficialgazette.gov.la/kcfinder/upload/files/ລັດຖະທຳມະນູນ ແຫ່ງ ສປປ ລາວ.pdf,,false,false,false,true,
13,Constitution,legaltype=13&old=1,LA-487,ລັດຖະທຳມະນູນ ແຫ່ງ ສາທາລະນະລັດ ປະຊາທິປະໄຕ ປະຊາຊົນລາວ,ສະພາແຫ່ງຊາດ,2003-05-06,2014-02-04,repealed,ສະບັບເກົ່າ,principal_act,false,,https://laoofficialgazette.gov.la/kcfinder/upload/files/Constitution of Lao PDR.pdf,,false,false,false,true,
1,Civil Code,legaltype=1&old=0,LA-1619,ປະມວນກົດໝາຍແພ່ງ,ກະຊວງ ຍຸຕິທຳ,2018-12-06,2020-05-11,in_force,ປັດຈຸບັນ,principal_act,false,6,https://laoofficialgazette.gov.la/kcfinder/upload/files/null.pdf,https://laoofficialgazette.gov.la/kcfinder/upload/files/ilovepdf_merged (4).pdf,true,false,false,true,
10,Penal Code,legaltype=10&old=0,LA-1402,ປະມວນກົດໝາຍອາຍາ,ກະຊວງ ຍຸຕິທຳ,2017-05-17,2018-10-17,in_force,ປັດຈຸບັນ,principal_act,false,6,https://laoofficialgazette.gov.la/kcfinder/upload/files/26ສພຊ2018.pdf,https://laoofficialgazette.gov.la/kcfinder/upload/files/1Oct2020_Lao Penal Code_English version.pdf,true,false,false,true,
6,Law,legaltype=6&old=0,LA-2597,ກົດໝາຍວ່າດ້ວຍ ອາກອນລາຍໄດ້ (ສະບັບປັບປຸງ),ກະຊວງ ການເງິນ,2025-06-25,2026-06-19,in_force,ປັດຈຸບັນ,principal_act,true,,https://laoofficialgazette.gov.la/kcfinder/upload/files/88-25-6-2025_0001.pdf,,false,true,true,true,
6,Law,legaltype=6&old=0,LA-2537,ກົດໝາຍວ່າດ້ວຍ ຄວາມປອດໄພໄຊເບີ,ກະຊວງ ເຕັກໂນໂລຊີ ແລະ ການສື່ສານ,2025-06-25,2026-03-20,in_force,ປັດຈຸບັນ,principal_act,false,,https://laoofficialgazette.gov.la/kcfinder/upload/files/87.25.6.2025_0001.pdf,,false,true,true,true,
6,Law,legaltype=6&old=0,LA-2515,ກົດໝາຍວ່າດ້ວຍ ສາມັນສຶກສາ,ກະຊວງ ສຶກສາທິການ ແລະ ກິລາ,2025-06-25,2026-03-10,in_force,ປັດຈຸບັນ,principal_act,false,,"https://laoofficialgazette.gov.la/kcfinder/upload/files/83,25,6,2025_0001.pdf",,false,false,false,true,
6,Law,legaltype=6&old=0,LA-2505,ກົດໝາຍວ່າດ້ວຍ ປ້າຍ (ສະບັບປັບປຸງ),ກະຊວງ ວັດທະນະທຳ ແລະ ການທ່ອງທ່ຽວ,2025-06-25,2026-02-18,in_force,ປັດຈຸບັນ,principal_act,true,,"https://laoofficialgazette.gov.la/kcfinder/upload/files/89,25,6,2025_0001.pdf",,false,false,false,true,
6,Law,legaltype=6&old=0,LA-2503,ກົດໝາຍວ່າດ້ວຍ ການປູກຝັງ,ກະຊວງ ກະສິກຳ ແລະ ສິ່ງແວດລ້ອມ,2025-06-25,2026-02-16,in_force,ປັດຈຸບັນ,principal_act,false,,"https://laoofficialgazette.gov.la/kcfinder/upload/files/84,25,6,2025_0001.pdf",,false,false,false,true,
6,Law,legaltype=6&old=0,LA-2473,ກົດໝາຍວ່າດ້ວຍ ຢາ ແລະ ຜະລິດຕະພັນການແພດ (ສະບັບປັບປຸງ),ກະຊວງ ສາທາລະນະສຸກ,2025-06-25,2025-10-30,in_force,ປັດຈຸບັນ,principal_act,true,,https://laoofficialgazette.gov.la/kcfinder/upload/files/85.25.6.2025.pdf,,false,false,false,true,
6,Law,legaltype=6&old=0,LA-2469,ກົດໝາຍວ່າດ້ວຍ ສະພາປະຊາຊົນຂັ້ນແຂວງ (ສະບັບປັບປຸງ),ສະພາແຫ່ງຊາດ,2024-06-28,2025-10-15,in_force,ປັດຈຸບັນ,principal_act,true,,"https://laoofficialgazette.gov.la/kcfinder/upload/files/57,28,6,2024.pdf",,false,false,false,true,
6,Law,legaltype=6&old=0,LA-2470,ກົດໝາຍວ່າດ້ວຍ ການເລືອກຕັ້ງສະມາຊິກສະພາແຫ່ງຊາດ ແລະ ສະພາປະຊາຊົນຂັ້ນແຂວງ (ສະບັບປັບປຸງ),ສະພາແຫ່ງຊາດ,2024-06-28,2025-10-15,in_force,ປັດຈຸບັນ,principal_act,true,,"https://laoofficialgazette.gov.la/kcfinder/upload/files/58,28,6,2024.pdf",,false,false,false,true,
6,Law,legaltype=6&old=0,LA-2468,ກົດໝາຍວ່າດ້ວຍ ສະພາແຫ່ງຊາດ (ສະບັບປັບປຸງ),ສະພາແຫ່ງຊາດ,2024-06-28,2025-10-15,in_force,ປັດຈຸບັນ,principal_act,true,,"https://laoofficialgazette.gov.la/kcfinder/upload/files/56,28,6,2024.pdf",,false,false,false,true,
6,Law,legaltype=6&old=0,LA-2465,ກົດໝາຍວ່າດ້ວຍ ຊົນລະປະທານ (ສະບັບປັບປຸງ),ກະຊວງ ກະສິກຳ ແລະ ສິ່ງແວດລ້ອມ,2025-06-25,2025-10-06,in_force,ປັດຈຸບັນ,principal_act,true,,"https://laoofficialgazette.gov.la/kcfinder/upload/files/86, 25,6,2025.pdf",,false,false,false,true,
6,Law,legaltype=6&old=0,LA-2462,ກົດໝາຍວ່າດ້ວຍ ພະນັກງານໄອຍະການ,ອົງການ ໄອຍະການປະຊາຊົນສູງສຸດ,2025-06-25,2025-10-02,in_force,ປັດຈຸບັນ,principal_act,false,,"https://laoofficialgazette.gov.la/kcfinder/upload/files/80,25,6,2025.pdf",,false,false,false,true,
6,Law,legaltype=6&old=0,LA-2455,ກົດໝາຍວ່າດ້ວຍການປັບປຸງບາງມາດຕາຂອງກົດໝາຍວ່າດ້ວຍສານປະຊາຊົນ,ສານປະຊາຊົນສູງສຸດ,2025-06-25,2025-09-25,in_force,ປັດຈຸບັນ,amending_act,false,,"https://laoofficialgazette.gov.la/kcfinder/upload/files/81,25,6,2025.pdf",,false,false,false,true,
6,Law,legaltype=6&old=0,LA-2454,ກົດໝາຍວ່າດ້ວຍ ສັງຄົມສົງເຄາະ,ກະຊວງ ແຮງງານ ແລະ ສະຫວັດດີການສັງຄົມ,2025-06-25,2025-09-23,in_force,ປັດຈຸບັນ,principal_act,false,,"https://laoofficialgazette.gov.la/kcfinder/upload/files/82,25,6,2025.pdf",,false,false,false,true,
6,Law,legaltype=6&old=0,LA-2443,ກົດໝາຍວ່າດ້ວຍ ອົງການໄອຍະການປະຊາຊົນ (ສະບັບປັບປຸງ),ອົງການ ໄອຍະການປະຊາຊົນສູງສຸດ,2024-12-11,2025-09-17,in_force,ປັດຈຸບັນ,principal_act,true,,"https://laoofficialgazette.gov.la/kcfinder/upload/files/68,11,12,2024.pdf",,false,false,false,true,
6,Law,legaltype=6&old=0,LA-2436,ກົດໝາຍວ່າດ້ວຍ ພະນັກງານ-ລັດຖະກອນ (ສະບັບປັບປຸງ),ຄະນະຈັດຕັ້ງສູນກາງພັກ,2025-03-20,2025-09-03,in_force,ປັດຈຸບັນ,principal_act,true,,"https://laoofficialgazette.gov.la/kcfinder/upload/files/79,20,3,2025.pdf",,false,false,false,true,
6,Law,legaltype=6&old=0,LA-2423,ກົດໝາຍວ່າດ້ວຍ ການດຳເນີນຄະດີແພ່ງ (ສະບັບປັບປຸງ),ສານປະຊາຊົນສູງສຸດ,2024-12-11,2025-08-11,in_force,ປັດຈຸບັນ,principal_act,true,,https://laoofficialgazette.gov.la/kcfinder/upload/files/ກົດໝາຍວ່າດ້ວຍ ການດໍາເນີນຄະດີແພ່ງ.pdf,,false,false,false,true,
6,Law,legaltype=6&old=0,LA-2405,ກົດໝາຍວ່າດ້ວຍ ການປົກຄອງທ້ອງຖິ່ນ (ສະບັບປັບປຸງ),ຄະນະຈັດຕັ້ງສູນກາງພັກ,2025-03-20,2025-07-14,in_force,ປັດຈຸບັນ,principal_act,true,,https://laoofficialgazette.gov.la/kcfinder/upload/files/ກົດໝາຍປົກຄອງທ້ອງຖິ່ນ.pdf,,false,false,false,true,
6,Law,legaltype=6&old=0,LA-2398,ກົດໝາຍວ່າດ້ວຍ ທີ່ຢູ່ອາໄສ,ກະຊວງ ໂຍທາທິການ ແລະ ຂົນສົ່ງ,2024-12-11,2025-06-26,in_force,ປັດຈຸບັນ,principal_act,false,,https://laoofficialgazette.gov.la/kcfinder/upload/files/71. 11.12.2024.pdf,,false,false,false,true,
6,Law,legaltype=6&old=0,LA-2395,ກົດໝາຍວ່າດ້ວຍ ການກວດສອບອິດສະລະ (ສະບັບປັບປຸງ),ກະຊວງ ການເງິນ,2024-12-11,2025-06-20,in_force,ປັດຈຸບັນ,principal_act,true,,"https://laoofficialgazette.gov.la/kcfinder/upload/files/73 ສພຊ,11,12,2024.pdf",,false,false,false,true,
6,Law,legaltype=6&old=0,LA-2386,ກົດໝາຍວ່າດ້ວຍ ການສຶກສາ (ສະບັບປັບປຸງ),ກະຊວງ ສຶກສາທິການ ແລະ ກິລາ,2024-12-11,2025-06-12,in_force,ປັດຈຸບັນ,principal_act,true,,https://laoofficialgazette.gov.la/kcfinder/upload/files/ 69. 11.12.2024.pdf,https://laoofficialgazette.gov.la/kcfinder/upload/files/Education Law Eng version 20250715.pdf,true,false,false,true,
6,Law,legaltype=6&old=0,LA-2383,ກົດໝາຍວ່າດ້ວຍ ທະນາຄານແຫ່ງ ສາທາລະນະລັດ ປະຊາທິປະໄຕ ປະຊາຊົນລາວ (ສະບັບປັບປຸງ),ທະນາຄານແຫ່ງ ສປປ ລາວ,2024-12-11,2025-06-11,in_force,ປັດຈຸບັນ,principal_act,true,,https://laoofficialgazette.gov.la/kcfinder/upload/files/ 66. 11.12.2024.pdf,,false,false,true,true,
6,Law,legaltype=6&old=0,LA-2370,ກົດໝາຍວ່າດ້ວຍ ການພັດທະນາ ແລະ ປົກປ້ອງແມ່ຍິງ (ສະບັບປັບປຸງ),ສູນກາງ ສະຫະພັນແມ່ຍິງລາວ,2024-12-11,2025-05-30,in_force,ປັດຈຸບັນ,principal_act,true,,https://laoofficialgazette.gov.la/kcfinder/upload/files/72.11.12.2025.pdf,,false,false,false,true,
6,Law,legaltype=6&old=0,LA-2369,ກົດໝາຍວ່າດ້ວຍ ການພັດທະນາສີມືແຮງງານ,ກະຊວງ ແຮງງານ ແລະ ສະຫວັດດີການສັງຄົມ,2024-12-11,2025-05-30,in_force,ປັດຈຸບັນ,principal_act,false,,https://laoofficialgazette.gov.la/kcfinder/upload/files/70.11.12.2025.pdf,,false,false,true,true,
6,Law,legaltype=6&old=0,LA-2366,ກົດໝາຍວ່າດ້ວຍ ສະຫະພັນແມ່ຍິງລາວ (ສະບັບປັບປຸງ),ສູນກາງ ສະຫະພັນແມ່ຍິງລາວ,2024-12-11,2025-05-28,in_force,ປັດຈຸບັນ,principal_act,true,,https://laoofficialgazette.gov.la/kcfinder/upload/files/65. 11.12.2024.pdf,,false,false,false,true,
6,Law,legaltype=6&old=0,LA-2345,ກົດໝາຍວ່າດ້ວຍ ອາກອນມູນຄ່າເພີ່ມ (ສະບັບປັບປຸງ),ກະຊວງ ການເງິນ,2024-06-28,2025-03-11,in_force,ປັດຈຸບັນ,principal_act,true,,https://laoofficialgazette.gov.la/kcfinder/upload/files/ 60.28.6.2024.pdf,,false,false,false,true,
6,Law,legaltype=6&old=0,LA-2331,ກົດໝາຍວ່າດ້ວຍ ການສະກັດກັ້ນ ແລະ ຕ້ານອັກຄີໄພ (ສະບັບປັບປຸງ),ກະຊວງ ປ້ອງກັນຄວາມສະຫງົບ,2024-06-28,2025-02-10,in_force,ປັດຈຸບັນ,principal_act,true,,https://laoofficialgazette.gov.la/kcfinder/upload/files/61.280624.pdf,,false,false,false,true,
6,Law,legaltype=6&old=0,LA-2326,ກົດໝາຍວ່າດ້ວຍ ການຕ້ານການສໍ້ລາດບັງຫຼວງ (ສະບັບປັບປຸງ),ອົງການກວດກາແຫ່ງລັດ,2024-06-28,2025-01-16,in_force,ປັດຈຸບັນ,principal_act,true,,https://laoofficialgazette.gov.la/kcfinder/upload/files/52 .28.6.2024.pdf,,false,false,false,true,
6,Law,legaltype=6&old=0,LA-2323,ກົດໝາຍວ່າດ້ວຍ ການປັບປຸງມາດຕາ 18 ຂອງກົດໝາຍວ່າດ້ວຍການລົງທຶນຂອງລັດ ສະບັບປັບປຸງປີ 2015,ກະຊວງ ການເງິນ,2024-12-12,2025-01-08,in_force,ປັດຈຸບັນ,amending_act,false,,https://laoofficialgazette.gov.la/kcfinder/upload/files/74.12-12-2024.pdf,,false,false,false,true,
6,Law,legaltype=6&old=0,LA-2311,ກົດໝາຍ ວ່າດ້ວຍການສົ່ງເສີມການລົງທຶນ (ສະບັບປັບປຸງ),ກະຊວງ ການເງິນ,2024-06-28,2024-12-16,in_force,ປັດຈຸບັນ,principal_act,true,,https://laoofficialgazette.gov.la/kcfinder/upload/files/62 ກົດໝາຍ ວ່າດ້ວຍການສົ່ງເສີມການລົງທຶນ ສະບັບປັບປຸງ 28-06-2024.pdf,,false,false,false,true,
6,Law,legaltype=6&old=0,LA-2312,ກົດໝາຍ ວ່າດ້ວຍການປົກປັກຮັກສາສິ່ງແວດລ້ອມ (ສະບັບປັບປຸງ),ກະຊວງ ກະສິກຳ ແລະ ສິ່ງແວດລ້ອມ,2024-06-28,2024-12-16,in_force,ປັດຈຸບັນ,principal_act,true,,https://laoofficialgazette.gov.la/kcfinder/upload/files/53 ກົດໝາຍ ວ່າດ້ວຍການປົກປັກຮັກສາສິ່ງແວດລ້ອມ (ສະບັບປັບປຸງ)28-6-2024.pdf,,false,false,false,true,
6,Law,legaltype=6&old=0,LA-2310,ກົດໝາຍ ວ່າດ້ວຍການກັນ ແລະ ຄວບຄຸມ ເຊື້ອເຮສໄອວີ/ພະຍາດເອດ(ສະບັບປັບປຸງ),ກະຊວງ ສາທາລະນະສຸກ,2024-06-28,2024-12-16,in_force,ປັດຈຸບັນ,principal_act,true,,https://laoofficialgazette.gov.la/kcfinder/upload/files/59 ກົດໝາຍ ວ່າດ້ວຍການກັນ ແລະ ຄວບຄຸມ ເຊື້ອເຮສໄອວີ:ພະຍາດເອດ ສະບັບປັບປຸງ28-6-2024.pdf,,false,false,false,true,
6,Law,legaltype=6&old=0,LA-2306,ກົດໝາຍວ່າດ້ວຍ ຊັບພະຍາກອນທີ່ເປັນຢາ,ກະຊວງ ສາທາລະນະສຸກ,2024-06-28,2024-12-12,in_force,ປັດຈຸບັນ,principal_act,false,,https://laoofficialgazette.gov.la/kcfinder/upload/files/55-28-6-2024.pdf,,false,false,false,true,
6,Law,legaltype=6&old=0,LA-2304,ກົດໝາຍວ່າດ້ວຍ ການຕ້ານ ການຟອກເງິນ ແລະ ການສະໜອງທຶນໃຫ້ແກ່ການກໍ່ການຮ້າຍ(ສະບັບປັບປຸງ),ທະນາຄານແຫ່ງ ສປປ ລາວ,2024-11-01,2024-12-12,in_force,ປັດຈຸບັນ,principal_act,true,,https://laoofficialgazette.gov.la/kcfinder/upload/files/ກົດໝາຍວ່າດ້ວຍ ການຟອກເງິນ ແລະ ການສະໜອງທຶນໃຫ້ແກ່ການກໍ່ການຣ້າຍ(ສະບັບປັບປຸງ)64.01.07.2024.pdf,https://laoofficialgazette.gov.la/kcfinder/upload/files/01 JULY 2024 Law on AML - CFT (Amended) - No 64 - NA.pdf,true,false,true,true,
6,Law,legaltype=6&old=0,LA-2302,ກົດໝາຍວ່າດ້ວຍ ການທ່ອງທ່ຽວ (ສະບັບປັບປຸງ),ກະຊວງ ວັດທະນະທຳ ແລະ ການທ່ອງທ່ຽວ,2024-07-01,2024-12-11,in_force,ປັດຈຸບັນ,principal_act,true,,"https://laoofficialgazette.gov.la/kcfinder/upload/files/ກົດໝາຍວ່າດ້ວຍການທ່ອງທ່ຽວ 63, 01.07.2024.pdf",,false,false,false,true,
6,Law,legaltype=6&old=0,LA-2301,ກົດໝາຍວ່າດ້ວຍ ສະຫະກອນ,ກະຊວງ ກະສິກຳ ແລະ ສິ່ງແວດລ້ອມ,2024-06-28,2024-12-09,in_force,ປັດຈຸບັນ,principal_act,false,,https://laoofficialgazette.gov.la/kcfinder/upload/files/ກົດໝາຍວ່າດ້ວຍສະຫະກອນ 54. 28 ມິຖຸນາ 2024.pdf,https://laoofficialgazette.gov.la/kcfinder/upload/files/2024 Law on Cooperatives Final Edited 54ສ_ພ_ຊ.pdf,true,false,false,true,
6,Law,legaltype=6&old=0,LA-2214,ກົດໝາຍວ່າດ້ວຍ ຊັບສິນທາງປັນຍາ (ສະບັບປັບປຸງ),ກະຊວງ ອຸດສາຫະກຳ ແລະ ການຄ້າ,2023-11-20,2024-03-01,in_force,ປັດຈຸບັນ,principal_act,true,,https://laoofficialgazette.gov.la/kcfinder/upload/files/50 ສພຊ 20.11.2023.pdf,,false,false,true,true,
6,Law,legaltype=6&old=0,LA-2207,ກົດໝາຍວ່າດ້ວຍ ການບັນຊີ (ສະບັບປັບປຸງ),ກະຊວງ ການເງິນ,2023-11-20,2024-02-22,in_force,ປັດຈຸບັນ,principal_act,true,,https://laoofficialgazette.gov.la/kcfinder/upload/files/46ສພຊ20.11.2023.pdf,,false,false,false,true,
6,Law,legaltype=6&old=0,LA-2206,ກົດໝາຍວ່າດ້ວຍ ການຮັກສາສຸຂະພາບຂັ້ນຕົ້ນ,ກະຊວງ ສາທາລະນະສຸກ,2023-11-20,2024-02-21,in_force,ປັດຈຸບັນ,principal_act,false,,https://laoofficialgazette.gov.la/kcfinder/upload/files/49 ສພຊ20.11.2024.pdf,,false,false,false,true,
6,Law,legaltype=6&old=0,LA-2205,ກົດໝາຍວ່າດ້ວຍ ການປິ່ນປົວ (ສະບັບປັບປຸງ),ກະຊວງ ສາທາລະນະສຸກ,2023-11-20,2024-02-21,in_force,ປັດຈຸບັນ,principal_act,true,,https://laoofficialgazette.gov.la/kcfinder/upload/files/48 ສພຊ20.11.2024.pdf,,false,false,true,true,
6,Law,legaltype=6&old=0,LA-2204,ກົດໝາຍວ່າດ້ວຍ ຜູ້ພິພາກສາ (ສະບັບປັບປຸງ),ສານປະຊາຊົນສູງສຸດ,2023-11-20,2024-02-16,in_force,ປັດຈຸບັນ,principal_act,true,,https://laoofficialgazette.gov.la/kcfinder/upload/files/51ສພຊ20.11.2024.pdf,,false,false,false,true,
6,Law,legaltype=6&old=0,LA-2202,ກົດໝາຍວ່າດ້ວຍ ລະບົບການຊຳລະ (ສະບັບປັບປຸງ),ທະນາຄານແຫ່ງ ສປປ ລາວ,2023-11-20,2024-02-13,in_force,ປັດຈຸບັນ,principal_act,true,,https://laoofficialgazette.gov.la/kcfinder/upload/files/45 ສພຊ20.11.2023.pdf,https://laoofficialgazette.gov.la/kcfinder/upload/files/20 NOV 2023 - 45 - NA Law On Payment System (Amended).pdf,true,true,true,true,
6,Law,legaltype=6&old=0,LA-2203,ກົດໝາຍວ່າດ້ວຍ ການຕິດຕາມກວດກາຂອງສະພາແຫ່ງຊາດ ແລະ ສະພາປະຊາຊົນຂັ້ນແຂວງ (ສະບັບປັບປຸງ),ສະພາແຫ່ງຊາດ,2023-11-20,2024-02-13,in_force,ປັດຈຸບັນ,principal_act,true,,https://laoofficialgazette.gov.la/kcfinder/upload/files/47 ສພຊ20.11.2023 1.pdf,,false,false,false,true,
6,Law,legaltype=6&old=0,LA-2154,ກົດໝາຍວ່າດ້ວຍ ການຈັດຫາງານ,ກະຊວງ ແຮງງານ ແລະ ສະຫວັດດີການສັງຄົມ,2023-07-17,2023-11-02,in_force,ປັດຈຸບັນ,principal_act,false,,https://laoofficialgazette.gov.la/kcfinder/upload/files/37ສພຊ2023.pdf,,false,false,false,true,
6,Law,legaltype=6&old=0,LA-2142,ກົດໝາຍວ່າດ້ວຍ ສານທະຫານ (ສະບັບປັບປຸງ),ກະຊວງ ປ້ອງກັນປະເທດ,2023-07-17,2023-11-01,in_force,ປັດຈຸບັນ,principal_act,true,,https://laoofficialgazette.gov.la/kcfinder/upload/files/40ສພຊ17.7.2023.pdf,,false,false,false,true,
6,Law,legaltype=6&old=0,LA-2146,ກົດໝາຍວ່າດ້ວຍ ສັດນ້ຳ ແລະ ການປະມົງ (ສະບັບປັບປຸງ),ກະຊວງ ກະສິກຳ ແລະ ສິ່ງແວດລ້ອມ,2023-07-17,2023-11-01,in_force,ປັດຈຸບັນ,principal_act,true,,https://laoofficialgazette.gov.la/kcfinder/upload/files/41ສພຊ17.7.2023.pdf,,false,false,false,true,
6,Law,legaltype=6&old=0,LA-2149,ກົດໝາຍວ່າດ້ວຍ ເຍົາວະຊົນລາວ,ສູນກາງຊາວໜຸ່ມປະຊາຊົນປະຕິວັດລາວ,2023-07-17,2023-11-01,in_force,ປັດຈຸບັນ,principal_act,false,,https://laoofficialgazette.gov.la/kcfinder/upload/files/36ສພຊ17.7.2023.pdf,,false,false,false,true,
6,Law,legaltype=6&old=0,LA-2150,ກົດໝາຍວ່າດ້ວຍ ອາກອນທີ່ດິນ,ກະຊວງ ການເງິນ,2023-07-17,2023-11-01,in_force,ປັດຈຸບັນ,principal_act,false,,https://laoofficialgazette.gov.la/kcfinder/upload/files/35ສພຊ2023.pdf,,false,false,false,true,
6,Law,legaltype=6&old=0,LA-2137,ກົດໝາຍວ່າດ້ວຍ ສາທາລະນະສຸກ,ກະຊວງ ສາທາລະນະສຸກ,2023-07-17,2023-10-24,in_force,ປັດຈຸບັນ,principal_act,false,,https://laoofficialgazette.gov.la/kcfinder/upload/files/38ສພຊ17.7.2023.pdf,,false,false,true,true,
6,Law,legaltype=6&old=0,LA-2138,ກົດໝາຍວ່າດ້ວຍ ການປົກປ້ອງສິດ ແລະ ຜົນປະໂຫຍດຂອງເດັກ ( ສະບັບປັບປງຸ ),ກະຊວງ ຍຸຕິທຳ,2023-07-17,2023-10-24,in_force,ປັດຈຸບັນ,principal_act,false,,https://laoofficialgazette.gov.la/kcfinder/upload/files/43ສພຊ17.7.2023.pdf,,false,false,false,true,
6,Law,legaltype=6&old=0,LA-2134,ກົດໝາຍວ່າດ້ວຍ ການພິມຈຳໜ່າຍ (ສະບັບປັບປຸງ),ກະຊວງ ວັດທະນະທຳ ແລະ ການທ່ອງທ່ຽວ,2023-07-17,2023-10-17,in_force,ປັດຈຸບັນ,principal_act,true,,https://laoofficialgazette.gov.la/kcfinder/upload/files/44-17-7-2023.pdf,,false,false,false,true,
6,Law,legaltype=6&old=0,LA-2131,ກົດໝາຍວ່າດ້ວຍ ສັດປ່າ ( ສະບັບປັບປຸງ ),ກະຊວງ ກະສິກຳ ແລະ ສິ່ງແວດລ້ອມ,2023-07-17,2023-10-13,in_force,ປັດຈຸບັນ,principal_act,true,,https://laoofficialgazette.gov.la/kcfinder/upload/files/42ສພຊ1772023.pdf,https://laoofficialgazette.gov.la/kcfinder/upload/files/ກົດໝາຍ ສັດປ່າ ສະບັບພາສາອັງກິດ.pdf,true,false,false,true,
6,Law,legaltype=6&old=0,LA-2130,ກົດໝາຍວ່າດ້ວຍ ທະນາຄານທຸລະກິດ ( ສະບັບປັບປຸງ ),ທະນາຄານແຫ່ງ ສປປ ລາວ,2023-07-17,2023-10-13,in_force,ປັດຈຸບັນ,principal_act,true,,https://laoofficialgazette.gov.la/kcfinder/upload/files/39ສພຊ1772023.pdf,https://laoofficialgazette.gov.la/kcfinder/upload/files/17 JUL 2023 - Law on Commercial Banks (Amended) No. 39 - NA.pdf,true,false,true,true,
6,Law,legaltype=6&old=0,LA-2055,ກົດໝາຍວ່າດ້ວຍ ວິທະຍາສາດ ແລະ ເຕັກໂນໂລຊີ (ສະບັບປັບປຸງ),ກະຊວງ ສຶກສາທິການ ແລະ ກິລາ,2022-12-29,2023-04-25,in_force,ປັດຈຸບັນ,principal_act,true,,https://laoofficialgazette.gov.la/kcfinder/upload/files/26ສພຊ2022.pdf,,false,false,true,true,
6,Law,legaltype=6&old=0,LA-2038,ກົດໝາຍວ່າດ້ວຍ ການກັນ ແລະ ຄວບຄຸມພະຍາດຕິດຕໍ່ (ສະບັບປັບປຸງ),ກະຊວງ ສາທາລະນະສຸກ,2022-12-29,2023-04-11,in_force,ປັດຈຸບັນ,principal_act,true,,https://laoofficialgazette.gov.la/kcfinder/upload/files/28ສພຊ2022.pdf,,false,false,false,true,
6,Law,legaltype=6&old=0,LA-2036,ກົດໝາຍວ່າດ້ວຍ ວິສາຫະກິດ (ສະບັບປັບປຸງ),ກະຊວງ ອຸດສາຫະກຳ ແລະ ການຄ້າ,2022-12-29,2023-04-05,in_force,ປັດຈຸບັນ,principal_act,true,,https://laoofficialgazette.gov.la/kcfinder/upload/files/33ສພຊ2022.pdf,https://laoofficialgazette.gov.la/kcfinder/upload/files/Eng_Enterprise Law_ Final.pdf,true,false,false,true,
6,Law,legaltype=6&old=0,LA-2035,ກົດໝາຍວ່າດ້ວຍ ອົງການໄອຍະການທະຫານ (ສະບັບປັບປຸງ),ກະຊວງ ປ້ອງກັນປະເທດ,2022-12-29,2023-04-04,in_force,ປັດຈຸບັນ,principal_act,true,,https://laoofficialgazette.gov.la/kcfinder/upload/files/30ສພຊ2022.pdf,,false,false,false,true,
6,Law,legaltype=6&old=0,LA-2033,ກົດໝາຍວ່າດ້ວຍ ການກວດສອບແຫ່ງລັດ (ສະບັບປັບປຸງ),ອົງການ ກວດສອບແຫ່ງລັດ,2022-12-29,2023-03-28,in_force,ປັດຈຸບັນ,principal_act,true,,https://laoofficialgazette.gov.la/kcfinder/upload/files/29ສພຊ2022.pdf,,false,false,false,true,
6,Law,legaltype=6&old=0,LA-2029,ກົດໝາຍວ່າດ້ວຍ ພິພິທະພັນ,ກະຊວງ ວັດທະນະທຳ ແລະ ການທ່ອງທ່ຽວ,2022-12-29,2023-03-24,in_force,ປັດຈຸບັນ,principal_act,false,,https://laoofficialgazette.gov.la/kcfinder/upload/files/27ສພຊ2022.pdf,,false,false,false,true,
6,Law,legaltype=6&old=0,LA-2030,ກົດໝາຍວ່າດ້ວຍ ການກວດກາລັດ (ສະບັບປັບປຸງ),ອົງການກວດກາແຫ່ງລັດ,2022-12-29,2023-03-24,in_force,ປັດຈຸບັນ,principal_act,true,,https://laoofficialgazette.gov.la/kcfinder/upload/files/202325ສພຊ2022.pdf,,false,false,false,true,
6,Law,legaltype=6&old=0,LA-2023,ກົດໝາຍວ່າດ້ວຍ ທຸລະກຳທາງເອເລັກໂຕຣນິກ (ສະບັບປັບປຸງ),ກະຊວງ ເຕັກໂນໂລຊີ ແລະ ການສື່ສານ,2022-12-29,2023-03-23,in_force,ປັດຈຸບັນ,principal_act,true,,https://laoofficialgazette.gov.la/kcfinder/upload/files/31ສພຊ2022.pdf,,false,true,true,true,
6,Law,legaltype=6&old=0,LA-2022,ກົດໝາຍວ່າດ້ວຍ ໜັງສືຜ່ານແດນ,ກະຊວງ ການຕ່າງປະເທດ,2022-12-29,2023-03-22,in_force,ປັດຈຸບັນ,principal_act,false,,https://laoofficialgazette.gov.la/kcfinder/upload/files/32ສພຊ2022.pdf,,false,false,false,true,
6,Law,legaltype=6&old=0,LA-2021,ກົດໝາຍວ່າດ້ວຍ ທະນາຍຄວາມ (ສະບັບປັບປຸງ),ກະຊວງ ຍຸຕິທຳ,2022-12-29,2023-03-22,in_force,ປັດຈຸບັນ,principal_act,true,,https://laoofficialgazette.gov.la/kcfinder/upload/files/23ສພຊ2022.pdf,,false,false,false,true,
6,Law,legaltype=6&old=0,LA-2017,ກົດໝາຍວ່າດ້ວຍ ການທາງນໍ້າ,ກະຊວງ ໂຍທາທິການ ແລະ ຂົນສົ່ງ,2022-12-29,2023-03-15,in_force,ປັດຈຸບັນ,principal_act,false,,https://laoofficialgazette.gov.la/kcfinder/upload/files/34ສພຊ2022.pdf,,false,false,false,true,
6,Law,legaltype=6&old=0,LA-2018,ກົດໝາຍວ່າດ້ວຍ ທະບຽນສານ (ສະບັບປັບປຸງ),ກະຊວງ ຍຸຕິທຳ,2022-12-29,2023-03-15,in_force,ປັດຈຸບັນ,principal_act,true,,https://laoofficialgazette.gov.la/kcfinder/upload/files/24ສພຊ2022.pdf,,false,false,true,true,
6,Law,legaltype=6&old=0,LA-1973,ກົດໝາຍ ວ່າດ້ວຍການແກ້ໄຂຄຳຮ້ອງທຸກ (ສະບັບປັບປຸງ),ສະພາແຫ່ງຊາດ,2022-07-07,2022-12-29,in_force,ປັດຈຸບັນ,principal_act,true,,https://laoofficialgazette.gov.la/kcfinder/upload/files/17ສພຊ 7-7-2022.pdf,,false,false,false,true,
6,Law,legaltype=6&old=0,LA-1972,"ກົດໝາຍ ວ່າດ້ວຍການສົ່ງເສີມຈຸນລະວິສາຫະກິດ, ວິສາຫະກິດຂະໜາດນ້ອຍ ແລະ ກາງ (ສະບັບປັບປຸງ)",ກະຊວງ ອຸດສາຫະກຳ ແລະ ການຄ້າ,2022-07-07,2022-12-28,in_force,ປັດຈຸບັນ,principal_act,true,,https://laoofficialgazette.gov.la/kcfinder/upload/files/16ສພຊ7-7-2022.pdf,,false,false,false,true,
6,Law,legaltype=6&old=0,LA-1971,ກົດໝາຍ ວ່າດ້ວຍວິຈິດສິນ,ກະຊວງ ວັດທະນະທຳ ແລະ ການທ່ອງທ່ຽວ,2022-07-07,2022-12-23,in_force,ປັດຈຸບັນ,principal_act,false,,https://laoofficialgazette.gov.la/kcfinder/upload/files/law 19 ສພຊ.pdf,,false,false,false,true,
6,Law,legaltype=6&old=0,LA-1970,ກົດໝາຍ ວ່າດ້ວຍການຄຸ້ມຄອງ ອາວຸດ ແລະ ວັດຖຸລະເບີດ,ກະຊວງ ປ້ອງກັນຄວາມສະຫງົບ,2022-07-07,2022-12-15,in_force,ປັດຈຸບັນ,principal_act,false,,https://laoofficialgazette.gov.la/kcfinder/upload/files/14.ສພຊ 7.7.2022.pdf,,false,false,false,true,
6,Law,legaltype=6&old=0,LA-1969,ກົດໝາຍ ວ່າດ້ວຍຊັບສິນຂອງລັດ ( ສະບັບປັບປຸງ ),ກະຊວງ ການເງິນ,2022-07-07,2022-12-06,in_force,ປັດຈຸບັນ,principal_act,true,,https://laoofficialgazette.gov.la/kcfinder/upload/files/18 ສພຊ 7.7.2022.pdf,,false,false,false,true,
6,Law,legaltype=6&old=0,LA-1968,ກົດໝາຍ ວ່າດ້ວຍການປັບປຸງບາງມາດຕາຂອງກົດໝາຍວ່າດ້ວຍ ສານປະຊາຊົນ,ສານປະຊາຊົນສູງສຸດ,2022-07-07,2022-12-01,in_force,ປັດຈຸບັນ,amending_act,false,,https://laoofficialgazette.gov.la/kcfinder/upload/files/22 ສພຊ. 7.7.2022.pdf,,false,false,false,true,
6,Law,legaltype=6&old=0,LA-1967,ກົດໝາຍ ວ່າດ້ວຍການຄຸ້ມຄອງເງິນຕາຕ່າງປະເທດ ( ສະບັບປັບປຸງ ),ທະນາຄານແຫ່ງ ສປປ ລາວ,2022-07-07,2022-11-30,in_force,ປັດຈຸບັນ,principal_act,true,,https://laoofficialgazette.gov.la/kcfinder/upload/files/15ສພຊ2022.pdf,https://laoofficialgazette.gov.la/kcfinder/upload/files/law on foreign exchange management  (Amended) No 15 - NA.pdf,true,false,true,true,
6,Law,legaltype=6&old=0,LA-1963,ກົດໝາຍ ວ່າດ້ວຍ ການປັບປຸງບາງມາດຕາຂອງກົດໝາຍວ່າດ້ວຍ ນໍ້າ ແລະ ຊັບພະຍາກອນນໍ້າ,ກະຊວງ ກະສິກຳ ແລະ ສິ່ງແວດລ້ອມ,2022-07-07,2022-11-21,in_force,ປັດຈຸບັນ,amending_act,false,,https://laoofficialgazette.gov.la/kcfinder/upload/files/21 ສພຊ 7.7.2022.pdf,,false,false,false,true,
6,Law,legaltype=6&old=0,LA-1938,ກົດໝາຍ ວ່າດ້ວຍຄວາມປອດໄພຂອງເຂື່ອນ,ກະຊວງ ອຸດສາຫະກຳ ແລະ ການຄ້າ,2022-07-07,2022-10-13,in_force,ປັດຈຸບັນ,principal_act,false,,https://laoofficialgazette.gov.la/kcfinder/upload/files/20 ສພຊ 7 ກໍລະກົດ 2022.pdf,,false,false,false,true,
6,Law,legaltype=6&old=0,LA-1881,ກົດໝາຍ ວ່າດ້ວຍການປັບປຸງບາງມາດຕາ ຂອງກົດໝາຍວ່າດ້ວຍງົບປະມານແຫ່ງລັດ,ກະຊວງ ການເງິນ,2021-11-17,2022-07-05,in_force,ປັດຈຸບັນ,amending_act,false,,https://laoofficialgazette.gov.la/kcfinder/upload/files/13ສພຊ2021.pdf,,false,false,false,true,
6,Law,legaltype=6&old=0,LA-2375,ກົດໝາຍວ່າດ້ວຍ ການສ້າງນິຕິກຳ (ສະບັບປັບປຸງ),ກະຊວງ ຍຸຕິທຳ,2021-11-16,2022-04-22,in_force,ປັດຈຸບັນ,principal_act,true,,https://laoofficialgazette.gov.la/kcfinder/upload/files/06ສພຊ2021.pdf,,false,false,false,true,
6,Law,legaltype=6&old=0,LA-1860,ກົດໝາຍ ວ່າດ້ວຍລັດຖະບານ (ສະບັບປັບປຸງ),ຫ້ອງວ່າການສຳນັກງານນາຍົກລັດຖະມົນຕີ,2021-11-16,2022-04-18,in_force,ປັດຈຸບັນ,principal_act,true,,https://laoofficialgazette.gov.la/kcfinder/upload/files/03ສພຊ2021.pdf,,false,false,false,true,
6,Law,legaltype=6&old=0,LA-1859,ກົດໝາຍ ວ່າດ້ວຍການປະຕິບັດຄຳຕັດສິນຂອງສານ (ສະບັບປັບປຸງ),ກະຊວງ ຍຸຕິທຳ,2021-11-17,2022-03-31,in_force,ປັດຈຸບັນ,principal_act,true,,https://laoofficialgazette.gov.la/kcfinder/upload/files/12ສພຊ2021.pdf,,false,false,false,true,
6,Law,legaltype=6&old=0,LA-1858,ກົດໝາຍ ວ່າດ້ວຍຊາຍແດນແຫ່ງຊາດ,ກະຊວງ ການຕ່າງປະເທດ,2021-11-16,2022-03-31,in_force,ປັດຈຸບັນ,principal_act,false,,https://laoofficialgazette.gov.la/kcfinder/upload/files/10ສພຊ2021.pdf,,false,false,false,true,
6,Law,legaltype=6&old=0,LA-1851,ກົດໝາຍ ວ່າດ້ວຍເຕັກໂນໂລຊີລະດັບສູງ,ກະຊວງ ເຕັກໂນໂລຊີ ແລະ ການສື່ສານ,2021-11-16,2022-03-23,in_force,ປັດຈຸບັນ,principal_act,false,,https://laoofficialgazette.gov.la/kcfinder/upload/files/07ສພຊ2021.pdf,,false,false,true,true,
6,Law,legaltype=6&old=0,LA-1852,ກົດໝາຍ ວ່າດ້ວຍການໂທລະຄົມມະນາຄົມ (ສະບັບປັບປຸງ),ກະຊວງ ເຕັກໂນໂລຊີ ແລະ ການສື່ສານ,2021-11-16,2022-03-23,in_force,ປັດຈຸບັນ,principal_act,true,,https://laoofficialgazette.gov.la/kcfinder/upload/files/05ສພຊ2021.pdf,,false,true,true,true,
6,Law,legaltype=6&old=0,LA-1850,ກົດໝາຍ ວ່າດ້ວຍມໍຣະດົກແຫ່ງຊາດ (ສະບັບປັບປຸງ),ກະຊວງ ວັດທະນະທຳ ແລະ ການທ່ອງທ່ຽວ,2021-11-16,2022-03-21,in_force,ປັດຈຸບັນ,principal_act,true,,https://laoofficialgazette.gov.la/kcfinder/upload/files/11ສພຊ2021.pdf,,false,false,false,true,
6,Law,legaltype=6&old=0,LA-1845,ກົດໝາຍ ວ່າດ້ວຍການຄວບຄຸມຢາສູບ (ສະບັບປັບປຸງ),ກະຊວງ ສາທາລະນະສຸກ,2021-11-16,2022-03-09,in_force,ປັດຈຸບັນ,principal_act,true,,https://laoofficialgazette.gov.la/kcfinder/upload/files/09ສພຊ2021.pdf,https://laoofficialgazette.gov.la/kcfinder/upload/files/Amended Tobacco Control Law approved Eng FINAL 2.pdf,true,false,false,true,
6,Law,legaltype=6&old=0,LA-1844,ກົດໝາຍ ວ່າດ້ວຍຍານພາຫະນະທາງບົກ,ກະຊວງ ໂຍທາທິການ ແລະ ຂົນສົ່ງ,2021-11-16,2022-03-04,in_force,ປັດຈຸບັນ,principal_act,false,,https://laoofficialgazette.gov.la/kcfinder/upload/files/04ສພຊ2021.pdf,,false,false,false,true,
6,Law,legaltype=6&old=0,LA-1843,ກົດໝາຍ ວ່າດ້ວຍການສຳຫຼວດວັດແທກ ແລະ ສ້າງແຜນທີ່,ກະຊວງ ພາຍໃນ,2021-11-16,2022-03-04,in_force,ປັດຈຸບັນ,principal_act,false,,https://laoofficialgazette.gov.la/kcfinder/upload/files/08ສພຊ2021.pdf,,false,false,false,true,
6,Law,legaltype=6&old=0,LA-1828,ກົດໝາຍ ວ່າດ້ວຍການປັບປຸງບາງມາດຕາຂອງກົດໝາຍກ່ຽວກັບສ່ວຍສາອາກອນ,ກະຊວງ ການເງິນ,2021-08-07,2021-12-28,in_force,ປັດຈຸບັນ,amending_act,false,,https://laoofficialgazette.gov.la/kcfinder/upload/files/01ສພຊ2021.pdf,,false,false,false,true,
6,Law,legaltype=6&old=0,LA-1825,ກົດໝາຍ ວ່າດ້ວຍການປັບປຸງບາງມາດຕາຂອງກົດໝາຍວ່າດ້ວຍຢາເສບຕິດ,ກະຊວງ ປ້ອງກັນຄວາມສະຫງົບ,2021-08-09,2021-12-21,in_force,ປັດຈຸບັນ,amending_act,false,,https://laoofficialgazette.gov.la/kcfinder/upload/files/02ສພຊ2021.pdf,,false,false,false,true,
6,Law,legaltype=6&old=0,LA-1743,ກົດໝາຍ ວ່າດ້ວຍຊາວໜຸ່ມລາວ,ສູນກາງຊາວໜຸ່ມປະຊາຊົນປະຕິວັດລາວ,2020-11-10,2021-03-17,in_force,ປັດຈຸບັນ,principal_act,false,,https://laoofficialgazette.gov.la/kcfinder/upload/files/86ສພຊ2020.pdf,,false,false,false,true,
6,Law,legaltype=6&old=0,LA-1733,ກົດໝາຍ ວ່າດ້ວຍການຮ່ວມມືລະຫວ່າງປະເທດທາງອາຍາ,ກະຊວງ ປ້ອງກັນຄວາມສະຫງົບ,2020-11-12,2021-02-22,in_force,ປັດຈຸບັນ,principal_act,false,,https://laoofficialgazette.gov.la/kcfinder/upload/files/88ສພຊ2020.pdf,,false,false,false,true,
6,Law,legaltype=6&old=0,LA-1731,ກົດໝາຍ ວ່າດ້ວຍການສຶກສາຊັ້ນສູງ,ກະຊວງ ສຶກສາທິການ ແລະ ກິລາ,2020-11-11,2021-02-17,in_force,ປັດຈຸບັນ,principal_act,false,,https://laoofficialgazette.gov.la/kcfinder/upload/files/87ສພຊ2020.pdf,,false,false,false,true,
6,Law,legaltype=6&old=0,LA-1729,ກົດໝາຍ ວ່າດ້ວຍຊັ້ນນັກການທູດ,ກະຊວງ ການຕ່າງປະເທດ,2020-11-09,2021-02-11,in_force,ປັດຈຸບັນ,principal_act,false,,https://laoofficialgazette.gov.la/kcfinder/upload/files/85ສພຊ2020.pdf,,false,false,false,true,
6,Law,legaltype=6&old=0,LA-1692,ກົດໝາຍ ວ່າດ້ວຍພາສີ (ສະບັບປັບປຸງ),ກະຊວງ ການເງິນ,2020-06-29,2020-11-23,in_force,ປັດຈຸບັນ,principal_act,true,,https://laoofficialgazette.gov.la/kcfinder/upload/files/81ສພຊ2020.pdf,,false,false,false,true,
6,Law,legaltype=6&old=0,LA-1656,ກົດໝາຍ ວ່າດ້ວຍທີ່ດິນ (ສະບັບປັບປຸງ),ກະຊວງ ກະສິກຳ ແລະ ສິ່ງແວດລ້ອມ,2019-06-21,2020-08-12,in_force,ປັດຈຸບັນ,principal_act,true,,https://laoofficialgazette.gov.la/kcfinder/upload/files/70ສພຊ2019.pdf,,false,false,false,true,
6,Law,legaltype=6&old=0,LA-1635,ກົດໝາຍ ວ່າດ້ວຍຫຼັກຊັບ (ສະບັບປັບປຸງ),ທະນາຄານແຫ່ງ ສປປ ລາວ,2019-12-03,2020-06-22,in_force,ປັດຈຸບັນ,principal_act,true,,https://laoofficialgazette.gov.la/kcfinder/upload/files/Securities.pdf,,false,false,true,true,
6,Law,legaltype=6&old=0,LA-1625,ກົດໝາຍ ວ່າດ້ວຍການຟື້ນຟູ ແລະ ການລົ້ມລະລາຍຂອງວິສາຫະກິດ (ສະບັບປັບປຸງ),ກະຊວງ ຍຸຕິທຳ,2019-12-26,2020-05-25,in_force,ປັດຈຸບັນ,principal_act,true,,https://laoofficialgazette.gov.la/kcfinder/upload/files/75ສພຊ2019 new.pdf,https://laoofficialgazette.gov.la/kcfinder/upload/files/Law Rehabilitation and Bankruptcy of Enterprise_promulgated_updated English version.pdf,true,false,false,true,
6,Law,legaltype=6&old=0,LA-1624,ກົດໝາຍ ວ່າດ້ວຍການອະນາໄມ ແລະ ສົ່ງເສີມສຸຂະພາບ (ສະບັບປັບປຸງ),ກະຊວງ ສາທາລະນະສຸກ,2019-11-22,2020-05-25,in_force,ປັດຈຸບັນ,principal_act,true,,https://laoofficialgazette.gov.la/kcfinder/upload/files/73ສພຊ2019.pdf,,false,false,false,true,
6,Law,legaltype=6&old=0,LA-1623,ກົດໝາຍ ວ່າດ້ວຍຮູບເງົາ,ກະຊວງ ວັດທະນະທຳ ແລະ ການທ່ອງທ່ຽວ,2019-11-27,2020-05-21,in_force,ປັດຈຸບັນ,principal_act,false,,https://laoofficialgazette.gov.la/kcfinder/upload/files/76ສພຊ2019.pdf,,false,false,false,true,
6,Law,legaltype=6&old=0,LA-1614,ກົດໝາຍ ວ່າດ້ວຍກິລາ-ກາຍຍະກຳ (ສະບັບປັບປຸງ),ກະຊວງ ສຶກສາທິການ ແລະ ກິລາ,2019-11-25,2020-04-29,in_force,ປັດຈຸບັນ,principal_act,true,,https://laoofficialgazette.gov.la/kcfinder/upload/files/ກົດໝາຍ ວ່າດ້ວຍກິລາ-ກາາຍະກຳ ປັບປຸງ.pdf,,false,false,false,true,
6,Law,legaltype=6&old=0,LA-1612,ກົດໝາຍ ວ່າດ້ວຍຄວາມສະເໝີພາບຍິງ-ຊາຍ,ສູນກາງ ສະຫະພັນແມ່ຍິງລາວ,2019-11-28,2020-03-31,in_force,ປັດຈຸບັນ,principal_act,false,,https://laoofficialgazette.gov.la/kcfinder/upload/files/ກົດໝາຍ ຄວາມສະເໝີພາຍ ຍິງ-ຊາຍ.pdf,,false,false,false,true,
6,Law,legaltype=6&old=0,LA-1611,ກົດໝາຍ ວ່າດ້ວຍການປະກັນໄພ (ສະບັບປັບປຸງ),ກະຊວງ ການເງິນ,2019-11-29,2020-03-30,in_force,ປັດຈຸບັນ,principal_act,true,,https://laoofficialgazette.gov.la/kcfinder/upload/files/78ສພຊ2019.pdf,,false,false,true,true,
6,Law,legaltype=6&old=0,LA-1582,ກົດໝາຍ ວ່າດ້ວຍການຄຸ້ມຄອງສ່ວຍສາອາກອນ (ສະບັບປັບປຸງ),ກະຊວງ ການເງິນ,2019-06-17,2020-02-03,in_force,ປັດຈຸບັນ,principal_act,true,,https://laoofficialgazette.gov.la/kcfinder/upload/files/ກໝ ຄຸ້ມຄອງສ່ວຍສາອາກອນ ປັບປຸງ.pdf,,false,false,false,true,
6,Law,legaltype=6&old=0,LA-1580,ກົດໝາຍ ວ່າດ້ວຍອາກອນຊົມໃຊ້,ກະຊວງ ການເງິນ,2019-06-19,2020-02-03,in_force,ປັດຈຸບັນ,principal_act,false,,https://laoofficialgazette.gov.la/kcfinder/upload/files/ກົດໝາຍ ວ່າດ້ວຍອາກອນຊົມໃຊ້.pdf,,false,false,false,true,
6,Law,legaltype=6&old=0,LA-1579,ກົດໝາຍ ວ່າດ້ວຍຄ່າທຳນຽມສານ (ສະບັບປັບປຸງ),ສານປະຊາຊົນສູງສຸດ,2019-06-25,2020-02-03,in_force,ປັດຈຸບັນ,principal_act,true,,https://laoofficialgazette.gov.la/kcfinder/upload/files/ກໝ ຄ່າທຳນຽມສານ ປັບປຸງ.pdf,,false,false,false,true,
6,Law,legaltype=6&old=0,LA-1554,ກົດໝາຍ ວ່າດ້ວຍການຕອບໂຕ້ ການທຸ່ມຕະຫຼາດ ແລະ ການຊ່ວຍໜູນ ຂອງປະເທດຜູ້ສົ່ງອອກ,ກະຊວງ ອຸດສາຫະກຳ ແລະ ການຄ້າ,2019-06-14,2019-11-01,in_force,ປັດຈຸບັນ,principal_act,false,,https://laoofficialgazette.gov.la/kcfinder/upload/files/65ສພຊ2019.pdf,https://laoofficialgazette.gov.la/kcfinder/upload/files/ADCVD  Law( Eng) (1).pdf,true,false,false,true,
6,Law,legaltype=6&old=0,LA-1552,ກົດໝາຍ ວ່າດ້ວຍອາຊີວະສຶກສາ (ສະບັບປັບປຸງ),ກະຊວງ ສຶກສາທິການ ແລະ ກິລາ,2019-06-12,2019-10-31,in_force,ປັດຈຸບັນ,principal_act,true,,https://laoofficialgazette.gov.la/kcfinder/upload/files/63ສພຊ2019.pdf,,false,false,false,true,
6,Law,legaltype=6&old=0,LA-1550,ກົດໝາຍ ວ່າດ້ວຍເອກະສານ,ກະຊວງ ພາຍໃນ,2019-06-20,2019-10-28,in_force,ປັດຈຸບັນ,principal_act,false,,https://laoofficialgazette.gov.la/kcfinder/upload/files/69 ສພຊ 2019.pdf,,false,false,false,true,
6,Law,legaltype=6&old=0,LA-1547,ກົດໝາຍ ວ່າດ້ວຍປ່າໄມ້ (ສະບັບປັບປຸງ),ກະຊວງ ກະສິກຳ ແລະ ສິ່ງແວດລ້ອມ,2019-06-13,2019-10-21,in_force,ປັດຈຸບັນ,principal_act,true,,https://laoofficialgazette.gov.la/kcfinder/upload/files/64ສພຊ2019.pdf,https://laoofficialgazette.gov.la/kcfinder/upload/files/2019 Forest Law 64NA.pdf,true,false,false,true,
6,Law,legaltype=6&old=0,LA-1546,ກົດໝາຍ ວ່າດ້ວຍການຄຸ້ມຄອງໄພພິບັດ,ກະຊວງ ແຮງງານ ແລະ ສະຫວັດດີການສັງຄົມ,2019-06-24,2019-10-21,in_force,ປັດຈຸບັນ,principal_act,false,,https://laoofficialgazette.gov.la/kcfinder/upload/files/71ສພຊ2019.pdf,,false,false,false,true,
6,Law,legaltype=6&old=0,LA-1524,ກົດໝາຍ ວ່າດ້ວຍຄວາມປອດໄພຈາກລັງສີ,ກະຊວງ ສຶກສາທິການ ແລະ ກິລາ,2018-12-14,2019-07-24,in_force,ປັດຈຸບັນ,principal_act,false,,https://laoofficialgazette.gov.la/kcfinder/upload/files/61ສພຊ2019.pdf,,false,false,false,true,
6,Law,legaltype=6&old=0,LA-1519,ກົດໝາຍ ວ່າດ້ວຍສຳນັກງານຜູ້ຕາງໜ້າ ແຫ່ງ ສາທາລະນະລັດ ປະຊາທິປະໄຕ ປະຊາຊົນລາວ ປະຈຳຢູ່ຕ່າງປະເທດ,ກະຊວງ ການຕ່າງປະເທດ,2018-12-11,2019-06-19,in_force,ປັດຈຸບັນ,principal_act,false,,https://laoofficialgazette.gov.la/kcfinder/upload/files/58ສພຊ2019.pdf,,false,false,false,true,
6,Law,legaltype=6&old=0,LA-1499,ກົດໝາຍ ວ່າດ້ວຍການປະກັນສຸຂະພາບ,ກະຊວງ ສາທາລະນະສຸກ,2018-12-13,2019-05-10,in_force,ປັດຈຸບັນ,principal_act,false,,https://laoofficialgazette.gov.la/kcfinder/upload/files/60ສພຊ2019.pdf,,false,false,false,true,
6,Law,legaltype=6&old=0,LA-1497,ກົດໝາຍ ວ່າດ້ວຍຄົນພິການ,ກະຊວງ ແຮງງານ ແລະ ສະຫວັດດີການສັງຄົມ,2018-12-10,2019-05-08,in_force,ປັດຈຸບັນ,principal_act,false,,https://laoofficialgazette.gov.la/kcfinder/upload/files/57ສພຊ2019.pdf,,false,false,false,true,
6,Law,legaltype=6&old=0,LA-1495,ກົດໝາຍ ວ່າດ້ວຍລາຍເຊັນເອເລັກໂຕຣນິກ,ກະຊວງ ເຕັກໂນໂລຊີ ແລະ ການສື່ສານ,2018-12-12,2019-05-02,in_force,ປັດຈຸບັນ,principal_act,false,,https://laoofficialgazette.gov.la/kcfinder/upload/files/59ສພຊ2019.pdf,,false,true,true,true,
6,Law,legaltype=6&old=0,LA-1491,ກົດໝາຍ ວ່າດ້ວຍການລົດໄຟ,ກະຊວງ ໂຍທາທິການ ແລະ ຂົນສົ່ງ,2018-12-17,2019-04-26,in_force,ປັດຈຸບັນ,principal_act,false,,https://laoofficialgazette.gov.la/kcfinder/upload/files/62ສພຊ2019.pdf,,false,false,false,true,
6,Law,legaltype=6&old=0,LA-1442,ກົດໝາຍວ່າດ້ວຍ ການປະກັນສັງຄົມ (ສະບັບປັບປຸງ),ກະຊວງ ແຮງງານ ແລະ ສະຫວັດດີການສັງຄົມ,2018-06-27,2018-12-25,in_force,ປັດຈຸບັນ,principal_act,true,,https://laoofficialgazette.gov.la/kcfinder/upload/files/Law54ສພຊ.pdf,,false,false,false,true,
6,Law,legaltype=6&old=0,LA-1423,ກົດໝາຍວ່າດ້ວຍ ການແກ້ໄຂຂໍ້ຂັດແຍ່ງທາງດ້ານເສດຖະກິດ (ສະບັບປັບປຸງ),ກະຊວງ ຍຸຕິທຳ,2018-06-22,2018-11-20,in_force,ປັດຈຸບັນ,principal_act,true,,https://laoofficialgazette.gov.la/kcfinder/upload/files/148ແກ້ໄຂຂໍ້ຂັດແຍ່ງ.pdf,,false,false,false,true,
6,Law,legaltype=6&old=0,LA-1420,ກົດໝາຍວ່າດ້ວຍ ການດຳເນີນຄະດີອາຍາ (ສະບັບປັບປຸງ),ອົງການ ໄອຍະການປະຊາຊົນສູງສຸດ,2017-11-14,2018-11-08,in_force,ປັດຈຸບັນ,principal_act,true,,https://laoofficialgazette.gov.la/kcfinder/upload/files/ດຳເນີນຄະດີອາຍາ37.pdf,,false,false,true,true,
6,Law,legaltype=6&old=0,LA-1421,ກົດໝາຍວ່າດ້ວຍ ການບິນພົນລະເຮືອນ (ສະບັບປັບປຸງ),ກະຊວງ ໂຍທາທິການ ແລະ ຂົນສົ່ງ,2018-06-26,2018-11-08,in_force,ປັດຈຸບັນ,principal_act,true,,https://laoofficialgazette.gov.la/kcfinder/upload/files/L145.pdf,,false,false,false,true,
6,Law,legaltype=6&old=0,LA-1412,ກົດໝາຍວ່າດ້ວຍ ແນວລາວສ້າງຊາດ (ສະບັບປັບປຸງ),ສູນກາງ ແນວລາວສ້າງຊາດ,2018-06-20,2018-10-29,in_force,ປັດຈຸບັນ,principal_act,true,,https://laoofficialgazette.gov.la/kcfinder/upload/files/ແນວລາວສ້າງຊາດ.pdf,,false,false,false,true,
6,Law,legaltype=6&old=0,LA-1411,ກົດໝາຍວ່າດ້ວຍ ການຈັດສັນພູມລຳເນົາ ແລະ ອາຊີບ,ກະຊວງ ກະສິກຳ ແລະ ສິ່ງແວດລ້ອມ,2018-06-15,2018-10-29,in_force,ປັດຈຸບັນ,principal_act,false,,https://laoofficialgazette.gov.la/kcfinder/upload/files/ຈັດສັນພູມລຳເນົາແລະອາຊີບ.pdf,https://laoofficialgazette.gov.la/kcfinder/upload/files/Law on Resettlement and Vocation [by Athirath][Final] 26 2 2024.pdf,true,false,false,true,
6,Law,legaltype=6&old=0,LA-1394,ກົດໝາຍວ່າດ້ວຍ ການຄຸ້ມຄອງໜີ້ສິນສາທາລະນະ,ກະຊວງ ການເງິນ,2018-06-18,2018-10-12,in_force,ປັດຈຸບັນ,principal_act,false,,https://laoofficialgazette.gov.la/kcfinder/upload/files/ຄຸ້ມຄອງໜີ້ສິນສາທາລະນະ.pdf,,false,false,false,true,
6,Law,legaltype=6&old=0,LA-1385,ກົດໝາຍ ວ່າດ້ວຍນາຍທະຫານກອງທັບປະຊາຊົນລາວ (ສະບັບປັບປຸງ),ກະຊວງ ປ້ອງກັນປະເທດ,2018-06-14,2018-09-27,in_force,ປັດຈຸບັນ,principal_act,true,,https://laoofficialgazette.gov.la/kcfinder/upload/files/The military commander of the Lao People's Army.pdf,,false,false,false,true,
6,Law,legaltype=6&old=0,LA-1381,ກົດໝາຍ ວ່າດ້ວຍສະຫະພັນນັກຮົບເກົ່າລາວ,ສະຫະພັນນັກຮົບເກົ່າແຫ່ງຊາດລາວ,2018-06-13,2018-09-19,in_force,ປັດຈຸບັນ,principal_act,false,,https://laoofficialgazette.gov.la/kcfinder/upload/files/Veterans Union.pdf,,false,false,false,true,
6,Law,legaltype=6&old=0,LA-1382,ກົດໝາຍ ວ່າດ້ວຍທະບຽນຄອບຄົວ (ສະບັບປັບປຸງ),ກະຊວງ ພາຍໃນ,2018-06-14,2018-09-19,in_force,ປັດຈຸບັນ,principal_act,true,,https://laoofficialgazette.gov.la/kcfinder/upload/files/Family registration.pdf,,false,false,true,true,
6,Law,legaltype=6&old=0,LA-1383,ກົດໝາຍ ວ່າດ້ວຍການໃຫ້ວັກຊີນກັນພະຍາດ,ກະຊວງ ສາທາລະນະສຸກ,2018-06-25,2018-09-19,in_force,ປັດຈຸບັນ,principal_act,false,,https://laoofficialgazette.gov.la/kcfinder/upload/files/555555555555.pdf,,false,false,false,true,
6,Law,legaltype=6&old=0,LA-1352,ກົດໝາຍວ່າດ້ວຍ ໄຟຟ້າ (ສະບັບປັບປຸງ),ກະຊວງ ອຸດສາຫະກຳ ແລະ ການຄ້າ,2017-05-09,2018-07-27,in_force,ປັດຈຸບັນ,principal_act,true,,https://laoofficialgazette.gov.la/kcfinder/upload/files/ກົດ​ໝາຍ​ວ່າ​ດ້ວຍ ໄຟ​ຟ້າ (ປັບ​ປຸງ).pdf,,false,false,false,true,
6,Law,legaltype=6&old=0,LA-1341,ກົດໝາຍວ່າດ້ວຍ ແຮ່ທາດ (ສະບັບປັບປຸງ),ກະຊວງ ອຸດສາຫະກຳ ແລະ ການຄ້າ,2017-11-03,2018-06-21,in_force,ປັດຈຸບັນ,principal_act,true,,https://laoofficialgazette.gov.la/kcfinder/upload/files/ກົດໝາຍວ່າດ້ວຍ ແຮ່ທາດ (ສະບັບປັບປຸງ).pdf,,false,false,false,true,
6,Law,legaltype=6&old=0,LA-1315,ກົດໝາຍ ວ່າດ້ວຍການຜັງເມືອງ (ສະບັບປັບປຸງ),ກະຊວງ ໂຍທາທິການ ແລະ ຂົນສົ່ງ,2017-11-16,2018-05-08,in_force,ປັດຈຸບັນ,principal_act,true,,https://laoofficialgazette.gov.la/kcfinder/upload/files/ກົດ​ໝາຍ ວ່າ​ດ້ວຍ​ການ​ຜັງ​ເມືອງ (ສະ​ບັບ​ປັບ​ປຸງ).pdf,,false,false,false,true,
6,Law,legaltype=6&old=0,LA-1309,ກົດໝາຍວ່າດ້ວຍ ການຖ່າຍທອດເຕັກໂນໂລຊີ,ກະຊວງ ເຕັກໂນໂລຊີ ແລະ ການສື່ສານ,2017-11-08,2018-05-03,in_force,ປັດຈຸບັນ,principal_act,false,,https://laoofficialgazette.gov.la/kcfinder/upload/files/ກົດ​ໝາຍ ວ່າ​ດ້ວຍ​ການ​ຖ່າຍ​ທອດ​ເຕັກ​ໂນ​ໂລ​ຊີ.pdf,,false,false,true,true,
6,Law,legaltype=6&old=0,LA-1281,ກົດໝາຍວ່າດ້ວຍ ການຈັດຊື້-ຈັດຈ້າງດ້ວຍທຶນຂອງລັດ,ກະຊວງ ການເງິນ,2017-11-02,2018-03-23,in_force,ປັດຈຸບັນ,principal_act,false,,https://laoofficialgazette.gov.la/kcfinder/upload/files/ກົດ​ໝາຍ ວ່າ​ດ້ວຍ​ການ​ຈັດ​ຊື້-ຈັດ​ຈ້າງ​ດ້ວຍ​ທຶນ​ຂອງ​ລັດ.pdf,,false,false,false,true,
6,Law,legaltype=6&old=0,LA-1280,ກົດໝາຍ ວ່າດ້ວຍການປົກປ້ອງຜູ້ຜະລິດທີ່ໄດ້ຮັບຜົນກະທົບຈາກການນຳເຂົ້າສິນຄ້າ,ກະຊວງ ອຸດສາຫະກຳ ແລະ ການຄ້າ,2017-10-30,2018-03-22,in_force,ປັດຈຸບັນ,principal_act,false,,https://laoofficialgazette.gov.la/kcfinder/upload/files/ກົດ​ໝາຍ​ວ່າ​ດ້ວຍ ການ​ປົກ​ປ້ອງ​ຜູ້​ຜະລິດ ທີ່​ໄດ້​ຮັບ​ຜົນ​ກະ​ທົບ​​ນຳ​ເຂົ້າ​ສິນ​ຄ້າ.pdf,https://laoofficialgazette.gov.la/kcfinder/upload/files/Law on Safeguards_Eng   Translation.pdf,true,false,false,true,
6,Law,legaltype=6&old=0,LA-1277,ກົດໝາຍວ່າດ້ວຍ ສັນຊາດລາວ (ສະບັບປັບປຸງ),ກະຊວງ ຍຸຕິທຳ,2017-11-01,2018-03-14,in_force,ປັດຈຸບັນ,principal_act,true,,https://laoofficialgazette.gov.la/kcfinder/upload/files/Law on Lao Nationality (Amended).pdf,,false,false,true,true,
6,Law,legaltype=6&old=0,LA-1275,ກົດໝາຍ ວ່າດ້ວຍວຽກງານກາແດງລາວ,ອົງການກາແດງແຫ່ງຊາດລາວ,2017-10-31,2018-03-14,in_force,ປັດຈຸບັນ,principal_act,false,,https://laoofficialgazette.gov.la/kcfinder/upload/files/ກົດໝາຍວ່າດ້ວຍ ວຽກງານກາແດງລາວ.pdf,,false,false,false,true,
6,Law,legaltype=6&old=0,LA-1273,ກົດໝາຍ ວ່າດ້ວຍກຳມະບານລາວ (ສະບັບປັບປຸງ),ສູນກາງສະຫະພັນກຳມະບານລາວ,2017-11-15,2018-03-12,in_force,ປັດຈຸບັນ,principal_act,true,,https://laoofficialgazette.gov.la/kcfinder/upload/files/ກົດ​ໝາຍ​ວ່າ​ດ້ວຍ ກຳ​ມະ​ບານ​ລາວ (ສ​ະ​ບັບ​ປັບ​ປຸງ).pdf,https://laoofficialgazette.gov.la/kcfinder/upload/files/Final-Amended LFTU Law 2018 - FINAL25102019_Edit (1).pdf,true,false,false,true,
6,Law,legaltype=6&old=0,LA-1274,ກົດໝາຍ ວ່າດ້ວຍອຸຕຸນິຍົມ ແລະ ອຸທົກກະສາດ,ກະຊວງ ກະສິກຳ ແລະ ສິ່ງແວດລ້ອມ,2017-11-13,2018-03-12,in_force,ປັດຈຸບັນ,principal_act,false,,https://laoofficialgazette.gov.la/kcfinder/upload/files/ກົດ​ໝາຍ ວ່າ​ດ້ວຍ​ອຸ​ຕຸ​ນິ​ຍົມ ແລະ ອຸ​ທົກ​ກະ​ສາດ.pdf,,false,false,false,true,
6,Law,legaltype=6&old=0,LA-1243,ກົດໝາຍ ວ່າດ້ວຍສານປະຊາຊົນ (ສະບັບປັບປຸງ),ສານປະຊາຊົນສູງສຸດ,2017-05-10,2017-12-25,in_force,ປັດຈຸບັນ,principal_act,true,,https://laoofficialgazette.gov.la/kcfinder/upload/files/ກົດໝາຍ ​ວ່າດ​ວ້ຍສານ​ປະ​ຊາ​ຊົນ (ປັບ​ປຸງ) .pdf,,false,false,false,true,
6,Law,legaltype=6&old=0,LA-1232,ກົດໝາຍ ວ່າດ້ວຍກຳລັງປ້ອງກັນຄວາມສະຫງົບປະຊາຊົນ (ສະບັບປັບປຸງ),ກະຊວງ ປ້ອງກັນຄວາມສະຫງົບ,2017-05-09,2017-11-24,in_force,ປັດຈຸບັນ,principal_act,true,,https://laoofficialgazette.gov.la/kcfinder/upload/files/Law on People Security Forces (Amended).pdf,,false,false,false,true,
6,Law,legaltype=6&old=0,LA-1228,ກົດໝາຍ ວ່າດ້ວຍສົນທິສັນຍາ ແລະ ສັນຍາສາກົນ,ກະຊວງ ການຕ່າງປະເທດ,2017-05-08,2017-11-02,in_force,ປັດຈຸບັນ,principal_act,false,,https://laoofficialgazette.gov.la/kcfinder/upload/files/0206579.pdf,,false,false,false,true,
6,Law,legaltype=6&old=0,LA-1224,ກົດໝາຍວ່າດ້ວຍ ນ້ຳ ແລະ ຊັບພະຍາກອນນ້ຳ (ສະບັບປັບປຸງ),ກະຊວງ ກະສິກຳ ແລະ ສິ່ງແວດລ້ອມ,2017-05-11,2017-10-30,in_force,ປັດຈຸບັນ,principal_act,true,,https://laoofficialgazette.gov.la/kcfinder/upload/files/ກົດໝາຍ ນ້ຳ ແລະ ຊັບພະຍາກອນນ້ຳ.pdf,,false,false,false,true,
6,Law,legaltype=6&old=0,LA-1216,ກົດໝາຍ ວ່າດ້ວຍການປົກປ້ອງຂໍ້ມູນເອເລັກໂຕຣນິກ,ກະຊວງ ເຕັກໂນໂລຊີ ແລະ ການສື່ສານ,2017-05-12,2017-10-05,in_force,ປັດຈຸບັນ,principal_act,false,,https://laoofficialgazette.gov.la/kcfinder/upload/files/0918570.pdf,,false,true,true,true,
6,Law,legaltype=6&old=0,LA-1217,ກົດໝາຍ ວ່າດ້ວຍຄື້ນຄວາມຖີ່ວິທະຍຸສື່ສານ,ກະຊວງ ເຕັກໂນໂລຊີ ແລະ ການສື່ສານ,2017-05-05,2017-10-05,in_force,ປັດຈຸບັນ,principal_act,false,,https://laoofficialgazette.gov.la/kcfinder/upload/files/0918571.pdf,,false,true,true,true,
6,Law,legaltype=6&old=0,LA-1195,ກົດໝາຍ ວ່າດ້ວຍສິລະປະການສະແດງ,ກະຊວງ ວັດທະນະທຳ ແລະ ການທ່ອງທ່ຽວ,2017-05-04,2017-09-13,in_force,ປັດຈຸບັນ,principal_act,false,,https://laoofficialgazette.gov.la/kcfinder/upload/files/Law on performing arts.pdf,,false,false,false,true,
6,Law,legaltype=6&old=0,LA-1191,ກົດໝາຍວ່າດ້ວຍ ຄະນະຊາວໜຸ່ມປະຊາຊົນປະຕິວັດລາວ (ສະບັບປັບປຸງ),ສູນກາງຊາວໜຸ່ມປະຊາຊົນປະຕິວັດລາວ,2017-05-03,2017-08-07,in_force,ປັດຈຸບັນ,principal_act,true,,https://laoofficialgazette.gov.la/kcfinder/upload/files/ກົດໝາຍຄະນະຊາວໜຸ່ມປະຊາຊົນປະຕິວັດລາວ.pdf,,false,false,false,true,
6,Law,legaltype=6&old=0,LA-1188,ກົດໝາຍວ່າດ້ວຍ ສະຖິຕິ (ສະບັບປັບປຸງ),ກະຊວງ ການເງິນ,2017-05-24,2017-07-21,in_force,ປັດຈຸບັນ,principal_act,true,,https://laoofficialgazette.gov.la/kcfinder/upload/files/ກົດໝາຍສະຖິຕິ(ປັບປຸງ).pdf,,false,true,true,true,
6,Law,legaltype=6&old=0,LA-1153,ກົດໝາຍ ວ່າດ້ວຍສື່ມວນຊົນ (ສະບັບປັບປຸງ),ກະຊວງ ວັດທະນະທຳ ແລະ ການທ່ອງທ່ຽວ,2016-11-04,2017-03-29,in_force,ປັດຈຸບັນ,principal_act,true,,https://laoofficialgazette.gov.la/kcfinder/upload/files/ກົດໝາຍສື່ມວນຊົນ.pdf,,false,false,true,true,
6,Law,legaltype=6&old=0,LA-1161,ກົດໝາຍວ່າດ້ວຍ ທາງຫຼວງ (ສະບັບປັບປຸງ),ກະຊວງ ໂຍທາທິການ ແລະ ຂົນສົ່ງ,2016-11-08,2017-03-28,in_force,ປັດຈຸບັນ,principal_act,true,,"https://laoofficialgazette.gov.la/kcfinder/upload/files/1, ກົດໝາຍວ່າດ້ວຍ ທາງຫຼວງ.pdf",,false,false,false,true,
6,Law,legaltype=6&old=0,LA-1152,ກົດໝາຍ ວ່າດ້ວຍການລ້ຽງສັດ ແລະ ການສັດຕະວະແພດ (ສະບັບປັບປຸງ),ກະຊວງ ກະສິກຳ ແລະ ສິ່ງແວດລ້ອມ,2016-11-11,2017-03-27,in_force,ປັດຈຸບັນ,principal_act,true,,https://laoofficialgazette.gov.la/kcfinder/upload/files/ກົດໝາຍ ການລ້ຽງສັດ ແລະ ສັດຕະວະແພດ.....pdf,,false,false,false,true,
6,Law,legaltype=6&old=0,LA-1142,ກົດໝາຍວ່າດ້ວຍ ການຄຸ້ມຄອງເຄມີ,ກະຊວງ ອຸດສາຫະກຳ ແລະ ການຄ້າ,2016-11-10,2017-03-06,in_force,ປັດຈຸບັນ,principal_act,false,,https://laoofficialgazette.gov.la/kcfinder/upload/files/ກົດໝາຍວ່າດ້ວຍການຄູ້ມຄອງເຄມີ.pdf,,false,false,false,true,
6,Law,legaltype=6&old=0,LA-1136,ກົດໝາຍວ່າດ້ວຍ ເຕັກໂນໂລຊີການສື່ສານ ຂໍ້ມູນ ຂ່າວສານ,ກະຊວງ ເຕັກໂນໂລຊີ ແລະ ການສື່ສານ,2016-11-07,2017-02-21,in_force,ປັດຈຸບັນ,principal_act,false,,https://laoofficialgazette.gov.la/kcfinder/upload/files/ກົດໝາຍເຕັກໂນໂລຊີການສື່ສານ.pdf,,false,true,true,true,
6,Law,legaltype=6&old=0,LA-1134,ກົດໝາຍວ່າດ້ວຍ ການປ້ອງກັນ ແລະ ການກັກກັນພືດ ( ສະບັບປັບປຸງ ),ກະຊວງ ກະສິກຳ ແລະ ສິ່ງແວດລ້ອມ,2016-11-15,2017-02-13,in_force,ປັດຈຸບັນ,principal_act,true,,https://laoofficialgazette.gov.la/kcfinder/upload/files/ກົດໝາຍກັກກັນພືດ.pdf,https://laoofficialgazette.gov.la/kcfinder/upload/files/2016 Law On Plant Protection And Quarantine  13NA.pdf,true,false,false,true,
6,Law,legaltype=6&old=0,LA-946,ກົດໝາຍວ່າດ້ວຍ ການລົງທຶນຂອງລັດ (ສະບັບປັບປຸງ),ກະຊວງ ການເງິນ,2015-12-15,2016-05-23,in_force,ປັດຈຸບັນ,principal_act,true,,https://laoofficialgazette.gov.la/kcfinder/upload/files/ກົດໝາຍ ການລົງທຶນຂອງລັດ.pdf,,false,false,false,true,
6,Law,legaltype=6&old=0,LA-928,ກົດໝາຍວ່າດ້ວຍ ງົບປະມານແຫ່ງລັດ (ສະບັບປັບປຸງ),ກະຊວງ ການເງິນ,2015-12-16,2016-05-11,in_force,ປັດຈຸບັນ,principal_act,true,,https://laoofficialgazette.gov.la/kcfinder/upload/files/ງົບປະມານແຫ່ງລັດ(ສະບັບປັບປຸງ).pdf,,false,false,false,true,
6,Law,legaltype=6&old=0,LA-918,ກົດໝາຍວ່າດ້ວຍ ການປ້ອງກັນຊາດ,ກະຊວງ ປ້ອງກັນປະເທດ,2015-12-11,2016-04-19,in_force,ປັດຈຸບັນ,principal_act,false,,https://laoofficialgazette.gov.la/kcfinder/upload/files/ກົດໝາຍວ່າດ້ວຍ ການປ້ອງກັນຊາດ.pdf,,false,false,false,true,
6,Law,legaltype=6&old=0,LA-913,ກົດໝາຍວ່າດ້ວຍ ການຕ້ານການຄ້າມະນຸດ,ກະຊວງ ປ້ອງກັນຄວາມສະຫງົບ,2015-12-17,2016-03-31,in_force,ປັດຈຸບັນ,principal_act,false,,https://laoofficialgazette.gov.la/kcfinder/upload/files/ກົດໝາຍ ວ່າດ້ວຍການຕ້ານການຄ້າມະນຸດ.pdf,https://laoofficialgazette.gov.la/kcfinder/upload/files/Promulgated TIP  Law.pdf,true,false,false,true,
6,Law,legaltype=6&old=0,LA-880,ກົດໝາຍ ວ່າດ້ວຍແຂ່ງຂັນທາງທຸລະກິດ,ກະຊວງ ອຸດສາຫະກຳ ແລະ ການຄ້າ,2015-08-28,2015-11-24,in_force,ປັດຈຸບັນ,principal_act,false,,https://laoofficialgazette.gov.la/kcfinder/upload/files/ກົດໝາຍ ວ່າດ້ວຍການແຂ່ງຂັນທາງທຸລະກີດ.pdf,https://laoofficialgazette.gov.la/kcfinder/upload/files/Law on Competition.pdf,true,true,true,true,
6,Law,legaltype=6&old=0,LA-861,ກົດໝາຍ ວ່າດ້ວຍ ການຕ້ານ ແລະ ສະກັດກັ້ນອາຊະຍາກຳທາງລະບົບຄອມພິວເຕີ,ກະຊວງ ເຕັກໂນໂລຊີ ແລະ ການສື່ສານ,2015-07-15,2015-11-17,in_force,ປັດຈຸບັນ,principal_act,false,,https://laoofficialgazette.gov.la/kcfinder/upload/files/1. Law on cyber crime.pdf,,false,true,true,true,
6,Law,legaltype=6&old=0,LA-819,ກົດໝາຍ ວ່າດ້ວຍ ການເຂົ້າ-ອອກ ແລະ ຄຸ້ມຄອງ ຄົນຕ່າງປະເທດ ຢູ່ ສປປ ລາວ,ກະຊວງ ປ້ອງກັນຄວາມສະຫງົບ,2014-12-26,2015-06-23,in_force,ປັດຈຸບັນ,principal_act,false,,https://laoofficialgazette.gov.la/kcfinder/upload/files/ກົດໝາຍວ່າດ້ວຍ ການເຂົ້າ-ອອກ ແລະ ຄຸ້ມຄອງຄົນຕ່າງປະເທດ ຢູ່ ສປປ ລາວ...pdf,,false,false,false,true,
6,Law,legaltype=6&old=0,LA-800,ກົດໝາຍວ່າດ້ວຍ ການຕ້ານ ແລະ ສະກັດກັ້ນການໃຊ້ຄວາມຮຸນແຮງ ຕໍ່ແມ່ຍິງ ແລະ ເດັກ,ສູນກາງ ສະຫະພັນແມ່ຍິງລາວ,2014-12-23,2015-05-25,in_force,ປັດຈຸບັນ,principal_act,false,,https://laoofficialgazette.gov.la/kcfinder/upload/files/ກົດໝາຍວ່າດ້ວຍ ການຕ້ານ ແລະ ສະກັດກັ້ນການໃຊ້ຄວາມຮຸນແຮງຕໍ່ແມ່ຍິງ ແລະ ເດັກ.pdf,,false,false,false,true,
6,Law,legaltype=6&old=0,LA-794,ກົດໝາຍ ວ່າດ້ວຍການຄວບຄຸມ ເຄື່ອງດື່ມທີ່ມີທາດເຫຼົ້າ,ກະຊວງ ສາທາລະນະສຸກ,2014-12-19,2015-05-09,in_force,ປັດຈຸບັນ,principal_act,false,,https://laoofficialgazette.gov.la/kcfinder/upload/files/ກົດໝາຍ ວ່າດ້ວຍ ການຄວບຄຸມເຄື່ອງດື່ມທີ່ມີທາດເຫຼົ້າ.pdf,,false,false,false,true,
6,Law,legaltype=6&old=0,LA-714,ກົດໝາຍ ວ່າດ້ວຍມາດຕະຖານ(ສະບັບປັບປຸງ),ກະຊວງ ອຸດສາຫະກຳ ແລະ ການຄ້າ,2014-09-10,2014-11-20,in_force,ປັດຈຸບັນ,principal_act,true,,https://laoofficialgazette.gov.la/kcfinder/upload/files/3. ກົດໝາຍ ວ່າດ້ວຍມາດຕະຖານ(ສະບັບປັບປຸງ).pdf,,false,false,false,true,
6,Law,legaltype=6&old=0,LA-667,ກົດ​ໝາຍ ວ່າ​ດ້ວຍ​ແຮງ​ງານ ສະ​ບັບ​ປັບ​ປຸງ,ກະຊວງ ແຮງງານ ແລະ ສະຫວັດດີການສັງຄົມ,2013-12-24,2014-10-14,in_force,ປັດຈຸບັນ,principal_act,false,,https://laoofficialgazette.gov.la/kcfinder/upload/files/ກົດໝາຍວ່າດ້ວຍແຮງງານ ສະບັບປັບປຸງ (2).pdf,,false,false,false,true,
6,Law,legaltype=6&old=0,LA-543,ກົດໝາຍວ່າດ້ວຍ ອຸດສາຫະກຳປຸງແຕ່ງ (ສະບັບປັບປຸງ),ກະຊວງ ອຸດສາຫະກຳ ແລະ ການຄ້າ,2013-12-27,2014-07-11,in_force,ປັດຈຸບັນ,principal_act,true,,https://laoofficialgazette.gov.la/kcfinder/upload/files/The Industrial Processing  Law ( Amended ) .pdf,,false,false,false,true,
6,Law,legaltype=6&old=0,LA-502,ກົດໝາຍວ່າດ້ວຍ ການໄປສະນີ ( ສະບັບປັບປຸງ ),ກະຊວງ ເຕັກໂນໂລຊີ ແລະ ການສື່ສານ,2013-12-25,2014-07-09,in_force,ປັດຈຸບັນ,principal_act,true,,https://laoofficialgazette.gov.la/kcfinder/upload/files/Postal Law( Amended ).pdf,,false,false,true,true,
6,Law,legaltype=6&old=0,LA-572,ກົດໝາຍວ່າດ້ວຍ ຄວາມປອດໄພດ້ານເຕັກໂນໂລຊີ ຊີວະພາບ,ກະຊວງ ກະສິກຳ ແລະ ສິ່ງແວດລ້ອມ,2013-12-18,2014-05-21,in_force,ປັດຈຸບັນ,principal_act,false,,https://laoofficialgazette.gov.la/kcfinder/upload/files/Bio  Technology Safety Law.pdf,,false,false,true,true,
6,Law,legaltype=6&old=0,LA-571,ກົດໝາຍວ່າດ້ວຍ ການດຳເນີນຄະດີເດັກ,ອົງການ ໄອຍະການປະຊາຊົນສູງສຸດ,2013-12-20,2014-05-21,in_force,ປັດຈຸບັນ,principal_act,false,,https://laoofficialgazette.gov.la/kcfinder/upload/files/Children Procedure   Law  .pdf,,false,false,false,true,
6,Law,legaltype=6&old=0,LA-536,ກົດໝາຍວ່າດ້ວຍ ການວັດແທກ ( ສະບັບປັບປຸງ ),ກະຊວງ ອຸດສາຫະກຳ ແລະ ການຄ້າ,2013-12-13,2014-05-02,in_force,ປັດຈຸບັນ,principal_act,true,,https://laoofficialgazette.gov.la/kcfinder/upload/files/Measure Law .pdf,,false,false,false,true,
6,Law,legaltype=6&old=0,LA-568,ກົດໝາຍວ່າດ້ວຍ ວຽກງານປ້ອງກັນຄວາມສະຫງົບແຫ່ງຊາດ,ກະຊວງ ປ້ອງກັນຄວາມສະຫງົບ,2013-12-19,2014-05-02,in_force,ປັດຈຸບັນ,principal_act,false,,https://laoofficialgazette.gov.la/kcfinder/upload/files/The protection of national security Law.pdf,,false,false,false,true,
6,Law,legaltype=6&old=0,LA-548,ກົດໝາຍວ່າດ້ວຍ ການຄໍ້າປະກັນ ການປະຕິບັດສັນຍາ ( ສະບັບປັບປຸງ ),ກະຊວງ ການເງິນ,2005-05-20,2014-02-21,in_force,ປັດຈຸບັນ,principal_act,true,,https://laoofficialgazette.gov.la/kcfinder/upload/files/The brown guaranteed performance contracts  Law.pdf,,false,false,false,true,
6,Law,legaltype=6&old=0,LA-557,ກົດໝາຍວ່າດ້ວຍ ການສົ່ງຜູ້ຮ້າຍຂ້າມແດນ,ກະຊວງ ການຕ່າງປະເທດ,2012-07-11,2014-02-21,in_force,ປັດຈຸບັນ,principal_act,false,,https://laoofficialgazette.gov.la/kcfinder/upload/files/Extradition Law .pdf,,false,false,false,true,
6,Law,legaltype=6&old=0,LA-540,ກົດໝາຍວ່າດ້ວຍ ຫັດຖະກຳ,ກະຊວງ ອຸດສາຫະກຳ ແລະ ການຄ້າ,2008-07-25,2014-02-18,in_force,ປັດຈຸບັນ,principal_act,false,,https://laoofficialgazette.gov.la/kcfinder/upload/files/Handicraft Law .pdf,,false,false,false,true,
6,Law,legaltype=6&old=0,LA-545,ກົດໝາຍວ່າດ້ວຍ ການປົກປ້ອງຜູ້ຊົມໃຊ້,ກະຊວງ ອຸດສາຫະກຳ ແລະ ການຄ້າ,2010-06-30,2014-02-18,in_force,ປັດຈຸບັນ,principal_act,false,,https://laoofficialgazette.gov.la/kcfinder/upload/files/Protecting consumers Law .pdf,https://laoofficialgazette.gov.la/kcfinder/upload/files/Law on Consumer Protection.pdf,true,false,false,true,
6,Law,legaltype=6&old=0,LA-532,ກົດໝາຍວ່າດ້ວຍ ຫໍສະໝຸດ,ກະຊວງ ວັດທະນະທຳ ແລະ ການທ່ອງທ່ຽວ,2011-12-21,2014-02-14,in_force,ປັດຈຸບັນ,principal_act,false,,https://laoofficialgazette.gov.la/kcfinder/upload/files/Library Law.pdf,,false,false,false,true,
6,Law,legaltype=6&old=0,LA-512,ກົດໝາຍວ່າດ້ວຍ ຢາເສບຕິດ,ກະຊວງ ປ້ອງກັນຄວາມສະຫງົບ,2007-12-25,2014-02-12,in_force,ປັດຈຸບັນ,principal_act,false,,https://laoofficialgazette.gov.la/kcfinder/upload/files/Drug Law.pdf,,false,false,false,true,
6,Law,legaltype=6&old=0,LA-500,ກົດໝາຍວ່າດ້ວຍ ພັນທະປ້ອງກັນຊາດ,ກະຊວງ ປ້ອງກັນປະເທດ,2012-12-13,2014-02-07,in_force,ປັດຈຸບັນ,principal_act,false,,https://laoofficialgazette.gov.la/kcfinder/upload/files/Defense obligations Law .pdf,,false,false,false,true,
6,Law,legaltype=6&old=0,LA-445,ກົດໝາຍວ່າດ້ວຍ ກະສິກຳ,ກະຊວງ ກະສິກຳ ແລະ ສິ່ງແວດລ້ອມ,1998-10-10,2013-12-16,in_force,ປັດຈຸບັນ,principal_act,false,,https://laoofficialgazette.gov.la/kcfinder/upload/files/ກົດ​ໝາຍ​ວ່າ​ດ້ວຍ ກະ​ສິ​ກຳ.pdf,,false,false,false,true,
6,Law,legaltype=6&old=0,LA-440,ກົດໝາຍ ວ່າດ້ວຍອາຫານ ( ສະບັບປັບປຸງ ),ກະຊວງ ສາທາລະນະສຸກ,2013-07-24,2013-12-09,in_force,ປັດຈຸບັນ,principal_act,true,,https://laoofficialgazette.gov.la/kcfinder/upload/files/Food Law.pdf,,false,false,false,true,
6,Law,legaltype=6&old=0,LA-436,ກົດໝາຍວ່າດ້ວຍ ນ້ຳປະປາ,ກະຊວງ ໂຍທາທິການ ແລະ ຂົນສົ່ງ,2009-07-09,2013-11-27,in_force,ປັດຈຸບັນ,principal_act,false,,https://laoofficialgazette.gov.la/kcfinder/upload/files/water suspry  Law.pdf,,false,false,false,true,
6,Law,legaltype=6&old=0,LA-434,ກົດໝາຍວ່າດ້ວຍ ການຂົນສົ່ງຫຼາຍຮູບແບບ,ກະຊວງ ໂຍທາທິການ ແລະ ຂົນສົ່ງ,2012-12-18,2013-11-27,in_force,ປັດຈຸບັນ,principal_act,false,,https://laoofficialgazette.gov.la/kcfinder/upload/files/Multi Transportation Law.pdf,,false,false,false,true,
6,Law,legaltype=6&old=0,LA-433,ກົດໝາຍວ່າດ້ວຍ ການຈະລາຈອນທາງບົກ (ສະບັບປັງປຸງ),ກະຊວງ ໂຍທາທິການ ແລະ ຂົນສົ່ງ,2012-12-12,2013-11-27,in_force,ປັດຈຸບັນ,principal_act,false,,https://laoofficialgazette.gov.la/kcfinder/upload/files/Traffic Raod Law .pdf,,false,false,false,true,
6,Law,legaltype=6&old=0,LA-432,ກົດໝາຍວ່າດ້ວຍ ການຂົນສົ່ງທາງບົກ ( ສະບັບປັບປຸງ ),ກະຊວງ ໂຍທາທິການ ແລະ ຂົນສົ່ງ,2012-12-12,2013-11-27,in_force,ປັດຈຸບັນ,principal_act,true,,https://laoofficialgazette.gov.la/kcfinder/upload/files/land Transportation Law.pdf,,false,false,false,true,
6,Law,legaltype=6&old=0,LA-435,ກົດໝາຍວ່າດ້ວຍ ການກໍ່ສ້າງ,ກະຊວງ ໂຍທາທິການ ແລະ ຂົນສົ່ງ,2009-11-26,2013-11-27,in_force,ປັດຈຸບັນ,principal_act,false,,https://laoofficialgazette.gov.la/kcfinder/upload/files/Construction Law.pdf,,false,false,false,true,
6,Law,legaltype=6&old=1,LA-1724,ກົດໝາຍ ວ່າດ້ວຍການປັບປຸງບາງມາດຕາຂອງກົດໝາຍວ່າດ້ວຍການກວດສອບແຫ່ງລັດ,ອົງການ ກວດສອບແຫ່ງລັດ,2020-11-13,2021-01-14,repealed,ສະບັບເກົ່າ,amending_act,false,,https://laoofficialgazette.gov.la/kcfinder/upload/files/89ສພຊ2020.pdf,,false,false,false,true,
6,Law,legaltype=6&old=1,LA-1676,ກົດໝາຍ ວ່າດ້ວຍການປັບປຸງບາງມາດຕາຂອງກົດໝາຍວ່າດ້ວຍນໍ້າ ແລະ ຊັບພະຍາກອນນໍ້າ ແລະ ກົດໝາຍວ່າດ້ວຍການປົກປັກຮັກສາສິ່ງແວດລ້ອມ,ກະຊວງ ກະສິກຳ ແລະ ສິ່ງແວດລ້ອມ,2020-07-01,2020-09-30,repealed,ສະບັບເກົ່າ,amending_act,false,,https://laoofficialgazette.gov.la/kcfinder/upload/files/84ສພຊ2020.pdf,,false,false,false,true,
6,Law,legaltype=6&old=1,LA-1654,ກົດໝາຍ ວ່າດ້ວຍການປັບປຸງບາງມາດຕາຂອງກົດໝາຍວ່າດ້ວຍການເລືອກຕັ້ງສະມາຊິກສະພາແຫ່ງຊາດ ແລະ ສະພາປະຊາຊົນຂັ້ນແຂວງ,ສະພາແຫ່ງຊາດ,2020-06-30,2020-08-11,repealed,ສະບັບເກົ່າ,amending_act,false,,https://laoofficialgazette.gov.la/kcfinder/upload/files/83ສພຊ2020.pdf,,false,false,false,true,
6,Law,legaltype=6&old=1,LA-1655,ກົດໝາຍ ວ່າດ້ວຍການປັບປຸງບາງມາດຕາຂອງກົດໝາຍວ່າດ້ວຍສະພາແຫ່ງຊາດ ແລະ ກົດໝາຍວ່າດ້ວຍສະພາປະຊາຊົນຂັ້ນແຂວງ,ສະພາແຫ່ງຊາດ,2020-06-30,2020-08-11,repealed,ສະບັບເກົ່າ,amending_act,false,,https://laoofficialgazette.gov.la/kcfinder/upload/files/82ສພຊ2020 (2).pdf,,false,false,false,true,
6,Law,legaltype=6&old=1,LA-1649,ກົດໝາຍ ວ່າດ້ວຍການດຳເນີນຄະດີແພ່ງ,ສານປະຊາຊົນສູງສຸດ,2004-05-17,2020-07-27,repealed,ສະບັບເກົ່າ,principal_act,false,,https://laoofficialgazette.gov.la/kcfinder/upload/files/ດຳເນີນຄະດີແພ່ງ 2004.pdf,,false,false,false,true,
6,Law,legaltype=6&old=1,LA-1650,ກົດໝາຍ ວ່າດ້ວຍການດຳເນີນຄະດີອາຍາ,ອົງການ ໄອຍະການປະຊາຊົນສູງສຸດ,2004-05-15,2020-07-27,repealed,ສະບັບເກົ່າ,principal_act,false,,https://laoofficialgazette.gov.la/kcfinder/upload/files/ດຳເນີນຄະດີອາຍາ 2004 LAST amended Criminal procedure 27.05.04.pdf,,false,false,true,true,
6,Law,legaltype=6&old=1,LA-1616,ກົດໝາຍວ່າດ້ວຍ ການປັບປຸງມາດຕາ 12 ຂອງກົດໝາຍວ່າດ້ວຍ ການສົ່ງເສີມການລົງທຶນ ສະບັບປັບປຸງ ປີ 2016,ກະຊວງ ການເງິນ,2019-12-04,2020-05-05,repealed,ສະບັບເກົ່າ,amending_act,false,,https://laoofficialgazette.gov.la/kcfinder/upload/files/80 ສພຊ 2019.pdf,,false,false,false,true,
6,Law,legaltype=6&old=1,LA-1581,ກົດໝາຍ ວ່າດ້ວຍອາກອນລາຍໄດ້,ກະຊວງ ການເງິນ,2019-06-18,2020-02-03,repealed,ສະບັບເກົ່າ,principal_act,false,,https://laoofficialgazette.gov.la/kcfinder/upload/files/ກົດໝາຍວ່າດ້ວຍອາກອນລາຍໄດ້.pdf,,false,false,false,true,
6,Law,legaltype=6&old=1,LA-1514,ກົດໝາຍ ວ່າດ້ວຍທະນາຄານທຸລະກິດ (ສະບັບປັບປຸງ),ທະນາຄານແຫ່ງ ສປປ ລາວ,2018-12-07,2019-06-07,repealed,ສະບັບເກົ່າ,principal_act,true,,https://laoofficialgazette.gov.la/kcfinder/upload/files/56ສພຊ2019.pdf,,false,false,true,true,
6,Law,legaltype=6&old=1,LA-1508,ກົດໝາຍວ່າດ້ວຍ ສານປະຊາຊົນ,ສານປະຊາຊົນສູງສຸດ,1989-11-23,2019-05-28,repealed,ສະບັບເກົ່າ,principal_act,false,,https://laoofficialgazette.gov.la/kcfinder/upload/files/People's Court Law.doc to EOG.pdf,,false,false,false,true,
6,Law,legaltype=6&old=1,LA-1455,ກົດໝາຍ ຄອບຄົວ,ກະຊວງ ຍຸຕິທຳ,1990-12-24,2019-02-13,repealed,ສະບັບເກົ່າ,principal_act,false,,https://laoofficialgazette.gov.la/kcfinder/upload/files/Family Law1990.pdf,,false,false,false,true,
6,Law,legaltype=6&old=1,LA-1433,ກົດໝາຍວ່າດ້ວຍ ອາກອນມູນຄ່າເພີ່ມ (ສະບັບປັບປຸງ),ກະຊວງ ການເງິນ,2018-06-20,2018-12-04,repealed,ສະບັບເກົ່າ,principal_act,true,,https://laoofficialgazette.gov.la/kcfinder/upload/files/ກົດໝາຍອາກອນມູນຄ່າເພີ່ມ.pdf,,false,false,false,true,
6,Law,legaltype=6&old=1,LA-1413,ກົດໝາຍວ່າດ້ວຍ ປ້າຍ,ກະຊວງ ວັດທະນະທຳ ແລະ ການທ່ອງທ່ຽວ,2018-06-21,2018-10-29,repealed,ສະບັບເກົ່າ,principal_act,false,,https://laoofficialgazette.gov.la/kcfinder/upload/files/ປ້າຍ.pdf,,false,false,false,true,
6,Law,legaltype=6&old=1,LA-1377,ກົດໝາຍ ວ່າດ້ວຍທະນາຄານ ແຫ່ງ ສາທາລະນະລັດ ປະຊາທິປະໄຕ ປະຊາຊົນລາວ (ສະບັບປັບປຸງ),ທະນາຄານແຫ່ງ ສປປ ລາວ,2018-06-19,2018-09-05,repealed,ສະບັບເກົ່າ,principal_act,true,,https://laoofficialgazette.gov.la/kcfinder/upload/files/47ສພຊ2018.pdf,,false,false,true,true,
6,Law,legaltype=6&old=1,LA-1376,ກົດໝາຍ ອາຍາ,ອົງການ ໄອຍະການປະຊາຊົນສູງສຸດ,1989-12-23,2018-09-03,repealed,ສະບັບເກົ່າ,principal_act,false,,https://laoofficialgazette.gov.la/kcfinder/upload/files/Penal Law 90.pdf,,false,false,false,true,
6,Law,legaltype=6&old=1,LA-1332,ກົດໝາຍວ່າດ້ວຍ ຊັບສິນທາງປັນຍາ (ສະບັບປັບປຸງ),ກະຊວງ ອຸດສາຫະກຳ ແລະ ການຄ້າ,2017-11-15,2018-05-25,repealed,ສະບັບເກົ່າ,principal_act,true,,https://laoofficialgazette.gov.la/kcfinder/upload/files/ກົດ​ໝາຍ​ວ່າ​ດ້ວຍ ຊັບ​ສິນ​ທາງ​ປັນ​ຍາ (ສະ​ບັບປັບ​ປຸງ).pdf,,false,false,true,true,
6,Law,legaltype=6&old=1,LA-1298,ກົດໝາຍ ວ່າດ້ວຍລະບົບການຊຳລະ,ທະນາຄານແຫ່ງ ສປປ ລາວ,2017-11-07,2018-04-09,repealed,ສະບັບເກົ່າ,principal_act,false,,https://laoofficialgazette.gov.la/kcfinder/upload/files/ກົດ​ໝາຍ ວ່າ​ດ້ວຍ​ລະ​ບົບ​ການ​ຊຳ​ລະ.pdf,,false,false,true,true,
6,Law,legaltype=6&old=1,LA-1296,ກົດໝາຍວ່າດ້ວຍ ຜູ້ພິພາກສາ,ສານປະຊາຊົນສູງສຸດ,2017-11-10,2018-04-06,repealed,ສະບັບເກົ່າ,principal_act,false,,https://laoofficialgazette.gov.la/kcfinder/upload/files/ກົດ​ໝາຍ ວ່າ​ດ້​ວຍ​ຜູ້​ພິ​ພາກ​ສາ.pdf,,false,false,false,true,
6,Law,legaltype=6&old=1,LA-1288,ກົດໝາຍ ວ່າດ້ວຍການກັນ ແລະ ຄວບຄຸມພະຍາດຕິດຕໍ່,ກະຊວງ ສາທາລະນະສຸກ,2017-11-09,2018-04-02,repealed,ສະບັບເກົ່າ,principal_act,false,,https://laoofficialgazette.gov.la/kcfinder/upload/files/ກົດ​ໝາຍ​ ວ່າ​ດ້​ວຍການ​ກັນ ແລະ ຄຸມ​ພະ​ຍາດ​ຕິດ​ຕໍ່.pdf,,false,false,false,true,
6,Law,legaltype=6&old=1,LA-1272,ກົດໝາຍ ວ່າດ້ວຍການກວດກາລັດ (ສະບັບປັບປຸງ),ອົງການກວດກາແຫ່ງລັດ,2017-11-16,2018-03-12,repealed,ສະບັບເກົ່າ,principal_act,true,,https://laoofficialgazette.gov.la/kcfinder/upload/files/ກົດ​ໝາຍ​ວ່າ​ດ້ວຍ ການກວດ​ກາ​ລັດ (ສະ​ບັບ​ປັບ​ປຸງ).pdf,,false,false,false,true,
6,Law,legaltype=6&old=1,LA-1240,ກົດໝາຍວ່າດ້ວຍ ອົງການໄອຍະການປະຊາຊົນ (ສະບັບປັບປຸງ),ອົງການ ໄອຍະການປະຊາຊົນສູງສຸດ,2017-05-10,2017-12-18,repealed,ສະບັບເກົ່າ,principal_act,true,,https://laoofficialgazette.gov.la/kcfinder/upload/files/​ກົດ​ໝາຍ ວ່າ​ດ້ວຍອົງ​ການ​ໄອ​ຍະ​ການ​ປະ​ຊາ​ຊົນ ປັບ​ປຸງ .pdf,,false,false,false,true,
6,Law,legaltype=6&old=1,LA-1238,ກົດໝາຍ ວ່າດ້ວຍການແກ້ໄຂຄຳຮ້ອງທຸກ (ສະບັບປັບປຸງ),ສະພາແຫ່ງຊາດ,2016-11-09,2017-12-13,repealed,ສະບັບເກົ່າ,principal_act,true,,https://laoofficialgazette.gov.la/kcfinder/upload/files/ກົດ​ໝາຍ ວ່າ​ດວຍ​ການ​ແກ້​ໄຂ​ຄຳ​ຮ້ອງ​ທຸກ.pdf,,false,false,false,true,
6,Law,legaltype=6&old=1,LA-1225,ກົດໝາຍວ່າດ້ວຍ ການປັບປຸງບາງມາດຕາ ຂອງກົດໝາຍວ່າດ້ວຍສະພາແຫ່ງຊາດ ສະບັບປີ 2015,ສະພາແຫ່ງຊາດ,2017-11-14,2017-10-30,repealed,ສະບັບເກົ່າ,amending_act,false,,https://laoofficialgazette.gov.la/kcfinder/upload/files/0201576.pdf,,false,false,false,true,
6,Law,legaltype=6&old=1,LA-1178,ປັບປຸງເນື້ອໃນ ມາດຕາ 41 ແລະ 42 ກົດໝາຍວ່າດ້ວຍ ການເລືອກຕັ້ງສະມາຊິກ ສະພາແຫ່ງຊາດ ແລະ ສະພາປະຊາຊົນຂັ້ນແຂວງ (ສະບັບປັບປຸງ 2015),ສະພາແຫ່ງຊາດ,2017-05-31,2017-06-13,repealed,ສະບັບເກົ່າ,amending_act,false,,https://laoofficialgazette.gov.la/kcfinder/upload/files/ປັບປຸງມາດຕາ41 ແລະ 42.pdf,,false,false,false,true,
6,Law,legaltype=6&old=1,LA-1171,ກົດໝາຍວ່າດ້ວຍ ການປັບປຸງບາງມາດຕາຂອງກົດໝາຍວ່າດ້ວຍ ສະພາປະຊາຊົນຂັ້ນແຂວງ (ສະບັບປີ 2015),ສະພາແຫ່ງຊາດ,2016-11-14,2017-05-16,repealed,ສະບັບເກົ່າ,amending_act,false,,https://laoofficialgazette.gov.la/kcfinder/upload/files/0201575.pdf,,false,false,false,true,
6,Law,legaltype=6&old=1,LA-1172,ກົດໝາຍວ່າດ້ວຍ ການຕິດຕາມກວດກາຂອງສະພາແຫ່ງຊາດ ແລະ ສະພາປະຊາຊົນຂັ້ນແຂວງ (ສະບັບປັບປຸງ),ສະພາແຫ່ງຊາດ,2016-11-15,2017-05-16,repealed,ສະບັບເກົ່າ,principal_act,true,,https://laoofficialgazette.gov.la/kcfinder/upload/files/1 ​ກົດ​ໝາຍ ວ່າ​ດ້ວຍ​ການ​ຕິດ​ຕາມກວດ​ກາ​ຂອງ​ສະ​ພາ​ແຫ່ງ​ຊາດ.pdf,,false,false,false,true,
6,Law,legaltype=6&old=1,LA-1154,ກົດໝາຍ ວ່າດ້ວຍການສົ່ງເສີມການລົງທຶນ (ສະບັບປັບປຸງ),ກະຊວງ ການເງິນ,2016-11-17,2017-04-04,repealed,ສະບັບເກົ່າ,principal_act,true,,https://laoofficialgazette.gov.la/kcfinder/upload/files/Investment Promotion Law (Amended).pdf,,false,false,false,true,
6,Law,legaltype=6&old=1,LA-1145,ກົດໝາຍ ວ່າດ້ວຍທະນາຍຄວາມ (ສະບັບປັບປຸງ),ກະຊວງ ຍຸຕິທຳ,2016-11-09,2017-03-07,repealed,ສະບັບເກົ່າ,principal_act,true,,https://laoofficialgazette.gov.la/kcfinder/upload/files/ກົດໝາຍທະນາຍຄວາມ.pdf,,false,false,false,true,
6,Law,legaltype=6&old=1,LA-1140,ກົດໝາຍ ວ່າດ້ວຍລັດຖະບານ (ສະບັບປັບປຸງ),ຫ້ອງວ່າການສຳນັກງານນາຍົກລັດຖະມົນຕີ,2016-11-08,2017-03-06,repealed,ສະບັບເກົ່າ,principal_act,true,,https://laoofficialgazette.gov.la/kcfinder/upload/files/ກົດໝາຍລັດຖະບານ.pdf,,false,false,false,true,
6,Law,legaltype=6&old=1,LA-1122,ກົດໝາຍ ວ່າດ້ວຍ ການກວດສອບແຫ່ງລັດ (ສະບັບປັບປຸງ),ອົງການ ກວດສອບແຫ່ງລັດ,2016-11-11,2017-02-07,repealed,ສະບັບເກົ່າ,principal_act,true,,https://laoofficialgazette.gov.la/kcfinder/upload/files/ກົດໝາຍວ່າດ້ວຍການກວດສອບແຫ່ງລັດ.pdf,,false,false,false,true,
6,Law,legaltype=6&old=1,LA-955,ກົດໝາຍວ່າດ້ວຍ ສະພາປະຊາຊົນຂັ້ນແຂວງ,ສະພາແຫ່ງຊາດ,2015-12-10,2016-05-31,repealed,ສະບັບເກົ່າ,principal_act,false,,https://laoofficialgazette.gov.la/kcfinder/upload/files/ກົດໝາຍ ສະພາປະຊາຊົນຂັ້ນແຂວງ.pdf,,false,false,false,true,
6,Law,legaltype=6&old=1,LA-954,ກົດໝາຍວ່າດ້ວຍ ການເລືອກຕັ້ງສະມາຊິກ ສະພາແຫ່ງຊາດ ແລະ ສະພາປະຊາຊົນຂັ້ນແຂວງ (ສະບັບປັບປຸງ),ສະພາແຫ່ງຊາດ,2015-12-14,2016-05-31,repealed,ສະບັບເກົ່າ,principal_act,true,,https://laoofficialgazette.gov.la/kcfinder/upload/files/ກົດໝາຍ ການເລືອດຕັ້ງສະມາຊິກ ສະພາແຫ່ງຊາດ ແລະ ສະພາປະຊາຊົນຂັ້ນແຂວງ(ສະບັບປັບປຸງ).pdf,,false,false,false,true,
6,Law,legaltype=6&old=1,LA-953,ກົດໝາຍວ່າດ້ວຍ ສະພາແຫ່ງຊາດ (ສະບັບປັບປຸງ),ສະພາແຫ່ງຊາດ,2015-12-09,2016-05-31,repealed,ສະບັບເກົ່າ,principal_act,true,,https://laoofficialgazette.gov.la/kcfinder/upload/files/ກົດໝາຍ ສະພາແຫ່ງຊາດ(ສະບັບປັບປຸງ).pdf,,false,false,false,true,
6,Law,legaltype=6&old=1,LA-945,ກົດໝາຍວ່າດ້ວຍ ລັດຖະບານ (ສະບັບປັບປຸງ),ຫ້ອງວ່າການສຳນັກງານນາຍົກລັດຖະມົນຕີ,2015-12-15,2016-05-17,repealed,ສະບັບເກົ່າ,principal_act,true,,https://laoofficialgazette.gov.la/kcfinder/upload/files/ກົດໝາຍ ວ່າດ້ວຍລັດຖະບານ(ສະບັບປັບປຸງ).pdf,,false,false,false,true,
6,Law,legaltype=6&old=1,LA-925,ກົດໝາຍວ່າດ້ວຍ ສ່ວຍສາອາກອນ (ສະບັບປັບປຸງ),ກະຊວງ ການເງິນ,2015-12-15,2016-05-09,repealed,ສະບັບເກົ່າ,principal_act,true,,https://laoofficialgazette.gov.la/kcfinder/upload/files/ກົດໝາຍ ວ່າດ້ວຍສ່ວຍສາອາກອນ.pdf,,false,false,false,true,
6,Law,legaltype=6&old=1,LA-924,ກົດໝາຍວ່າດ້ວຍ ການປົກຄອງທ້ອງຖິ່ນ (ສະບັບປັງປຸງ),ກະຊວງ ພາຍໃນ,2015-12-14,2016-04-29,repealed,ສະບັບເກົ່າ,principal_act,false,,https://laoofficialgazette.gov.la/kcfinder/upload/files/ກົດໝາຍ ວ່າດ້ວຍການປົກຄອງທ້ອງຖິ່ນ.pdf,,false,false,false,true,
6,Law,legaltype=6&old=1,LA-923,ກົດໝາຍວ່າດ້ວຍ ພະນັກງານ-ລັດຖະກອນ,ກະຊວງ ພາຍໃນ,2015-12-18,2016-04-29,repealed,ສະບັບເກົ່າ,principal_act,false,,https://laoofficialgazette.gov.la/kcfinder/upload/files/ກົດໝາຍວ່າດ້ວຍ ພະນັກງານ-ລັດຖະກອນ.pdf,,false,false,false,true,
6,Law,legaltype=6&old=1,LA-844,ກົດໝາຍວ່າດ້ວຍ ການສຶກສາ (ສະບັບປັບປຸງ),ກະຊວງ ສຶກສາທິການ ແລະ ກິລາ,2015-08-28,2015-09-18,repealed,ສະບັບເກົ່າ,principal_act,true,,https://laoofficialgazette.gov.la/kcfinder/upload/files/1. ກົດໝາຍວ່າດ້ວຍ ການສຶກສາ(ສະບັບປັບປຸງ).pdf,,false,false,false,true,
6,Law,legaltype=6&old=1,LA-818,ກົດໝາຍວ່າດ້ວຍ ການແກ້ໄຂຄຳຮ້ອງທຸກ (ສະບັບປັບປຸງ),ສະພາແຫ່ງຊາດ,2014-12-26,2015-06-23,repealed,ສະບັບເກົ່າ,principal_act,true,,https://laoofficialgazette.gov.la/kcfinder/upload/files/ກົດໝາຍວ່າດ້ວຍ ການແກ້ໄຂຄຳຮ້ອງທຸກ (ສະບັບປັບປຸງ).pdf,,false,false,false,true,
6,Law,legaltype=6&old=1,LA-815,ກົດໝາຍວ່າດ້ວຍ ອາກອນມູນຄ່າເພີ່ມ (ສະບັບປັບປຸງ),ກະຊວງ ການເງິນ,2014-07-23,2015-06-18,repealed,ສະບັບເກົ່າ,principal_act,true,,https://laoofficialgazette.gov.la/kcfinder/upload/files/ກົດໝາຍວ່າດ້ວຍ ອາກອນມູນຄ່າເພີ່ມ (ສະບັບປັບປຸ).pdf,,false,false,false,true,
6,Law,legaltype=6&old=1,LA-813,ກົດໝາຍວ່າດ້ວຍ ການຄຸ້ມຄອງເງິນຕາຕ່າງປະເທດ,ທະນາຄານແຫ່ງ ສປປ ລາວ,2014-12-22,2015-06-03,repealed,ສະບັບເກົ່າ,principal_act,false,,https://laoofficialgazette.gov.la/kcfinder/upload/files/ກົດໝາຍວ່າດ້ວຍ ການຄຸ້ມຄອງເງິນຕາຕ່າງປະເທດ.pdf,,false,false,true,true,
6,Law,legaltype=6&old=1,LA-797,ກົດໝາຍວ່າດ້ວຍ ພາສີ (ສະບັບປັບປຸງບາງມາດຕາ),ກະຊວງ ການເງິນ,2014-12-24,2015-05-21,repealed,ສະບັບເກົ່າ,amending_act,false,,https://laoofficialgazette.gov.la/kcfinder/upload/files/ກົດໝາຍວ່າດ້ວຍ ພາສີ (ສະບັບປັບປຸງບາງມາດຕາ).pdf,,false,false,false,true,
6,Law,legaltype=6&old=1,LA-795,ກົດໝາຍ ວ່າດ້ວຍການປິ່ນປົວ (ສະບັບປັບປຸງ),ກະຊວງ ສາທາລະນະສຸກ,2014-12-24,2015-05-09,repealed,ສະບັບເກົ່າ,principal_act,true,,https://laoofficialgazette.gov.la/kcfinder/upload/files/ກົດໝາຍ ວ່າດ້ວຍ ການປິ່ນປົວ (ສະບັບປັບປຸງ).pdf,,false,false,true,true,
6,Law,legaltype=6&old=1,LA-752,ກົດໝາຍວ່າດ້ວຍ ການຕ້ານ ສະກັດກັ້ນ ການຟອກເງິນ ແລະ ການສະໜອງທຶນ ໃຫ້ແກ່ການກໍ່ການຮ້າຍ,ທະນາຄານແຫ່ງ ສປປ ລາວ,2014-07-21,2015-02-10,repealed,ສະບັບເກົ່າ,principal_act,false,,https://laoofficialgazette.gov.la/kcfinder/upload/files/4. ກົດໝາຍ ວ່າດ້ວຍ ການຕ້ານ ສະກັດກັ້ນ ການຟອກເງິນ ແລະ ການສະໜອງທຶນ ໃຫ້ແກ່ການກໍ່ການຮ້າຍ.pdf,https://laoofficialgazette.gov.la/kcfinder/upload/files/Anti-Money Laundering and Counter-Financing of Terrorism Law .pdf,true,false,true,true,
6,Law,legaltype=6&old=1,LA-716,ກົດໝາຍວ່າດ້ວຍ ອົງການໄອຍະການທະຫານ,ກະຊວງ ປ້ອງກັນປະເທດ,2014-01-28,2014-11-26,repealed,ສະບັບເກົ່າ,principal_act,false,,https://laoofficialgazette.gov.la/kcfinder/upload/files/3. ກົດ​ໝາຍ ວ່າ​ດ້ວຍ​ອົງ​ການ​ໄອ​ຍະ​ການ​ທະ​ຫານ.pdf,,false,false,false,true,
6,Law,legaltype=6&old=1,LA-713,ກົດໝາຍ ວ່າດ້ວຍສານທະຫານ,ກະຊວງ ປ້ອງກັນປະເທດ,2013-12-17,2014-11-18,repealed,ສະບັບເກົ່າ,principal_act,false,,https://laoofficialgazette.gov.la/kcfinder/upload/files/ກົດໝາຍ ວ່າດ້ວຍສານທະຫານ.pdf,,false,false,false,true,
6,Law,legaltype=6&old=1,LA-670,ກົດໝາຍວ່າດ້ວຍ ການກວດສອບອິດສະລະ,ກະຊວງ ການເງິນ,2014-07-22,2014-10-23,repealed,ສະບັບເກົ່າ,principal_act,false,,"https://laoofficialgazette.gov.la/kcfinder/upload/files/ກົດໝາຍວ່າດ້ວຍການກວດສອບອິດສະລະ,,.pdf",https://laoofficialgazette.gov.la/kcfinder/upload/files/Independent Audit Law.pdf,true,false,false,true,
6,Law,legaltype=6&old=1,LA-597,ກົດໝາຍວ່າດ້ວຍ ວິສາຫະກິດ (ສະບັບປັບປຸງ),ກະຊວງ ອຸດສາຫະກຳ ແລະ ການຄ້າ,2013-12-26,2014-09-02,repealed,ສະບັບເກົ່າ,principal_act,true,,https://laoofficialgazette.gov.la/kcfinder/upload/files/ກົດ​ໝາຍ ວ່າ​ດ້ວຍ ວິ​ສາ​ຫະ​ກິດ(ສະ​ບັບ​ປັບ​ປຸງ).pdf,,false,false,false,true,
6,Law,legaltype=6&old=1,LA-528,ກົດໝາຍວ່າດ້ວຍ ມໍຣະດົກແຫ່ງຊາດ (ສະບັບປັບປຸງ),ກະຊວງ ວັດທະນະທຳ ແລະ ການທ່ອງທ່ຽວ,2013-12-24,2014-07-11,repealed,ສະບັບເກົ່າ,principal_act,true,,https://laoofficialgazette.gov.la/kcfinder/upload/files/Law on National Heritage ( Amended ) .pdf,,false,false,false,true,
6,Law,legaltype=6&old=1,LA-587,ກົດໝາຍວ່າດ້ວຍ ອາຊີວະສຶກສາ,ກະຊວງ ສຶກສາທິການ ແລະ ກິລາ,2013-12-23,2014-07-10,repealed,ສະບັບເກົ່າ,principal_act,false,,https://laoofficialgazette.gov.la/kcfinder/upload/files/Vocational Education Law.pdf,,false,false,false,true,
6,Law,legaltype=6&old=1,LA-585,ກົດໝາຍວ່າດ້ວຍ ການບັນຊີ ( ສະບັບປັບປຸງ ),ກະຊວງ ການເງິນ,2013-12-26,2014-06-27,repealed,ສະບັບເກົ່າ,principal_act,true,,https://laoofficialgazette.gov.la/kcfinder/upload/files/Accounting Law ( Amended ).pdf,https://laoofficialgazette.gov.la/kcfinder/upload/files/Accounting Law 2013- engl revised 5 nov 2014...pdf,true,false,false,true,
6,Law,legaltype=6&old=1,LA-562,ປັບປຸງ ມາດຕາ 19 ຂອງກົດໝາຍວ່າດ້ວຍ ອາກອນມູນຄ່າເພີ່ມ,ກະຊວງ ການເງິນ,2013-12-13,2014-03-04,repealed,ສະບັບເກົ່າ,amending_act,false,,https://laoofficialgazette.gov.la/kcfinder/upload/files/Amendment of article 19 of Value added tex Law.pdf,,false,false,false,true,
6,Law,legaltype=6&old=1,LA-551,ປັບປຸງ ມາດຕາ 54 ຂອງ ກົດໝາຍວ່າດ້ວຍ ງົບປະມານແຫ່ງລັດ,ກະຊວງ ການເງິນ,2011-12-07,2014-02-21,repealed,ສະບັບເກົ່າ,amending_act,false,,https://laoofficialgazette.gov.la/kcfinder/upload/files/State budget Update on Article 54 .pdf,,false,false,false,true,
6,Law,legaltype=6&old=1,LA-550,ກົດໝາຍວ່າດ້ວຍ ງົບປະມານແຫ່ງລັດ,ກະຊວງ ການເງິນ,2006-12-26,2014-02-21,repealed,ສະບັບເກົ່າ,principal_act,false,,https://laoofficialgazette.gov.la/kcfinder/upload/files/State budget Law .pdf,,false,false,false,true,
6,Law,legaltype=6&old=1,LA-549,ກົດໝາຍວ່າດ້ວຍ ການປະກັນໄພ ( ສະບັບປັບປຸງ ),ກະຊວງ ການເງິນ,2011-12-21,2014-02-21,repealed,ສະບັບເກົ່າ,principal_act,true,,https://laoofficialgazette.gov.la/kcfinder/upload/files/Insurance Law.pdf,https://laoofficialgazette.gov.la/kcfinder/upload/files/Insurance Law ( Amended ).pdf,true,false,true,true,
6,Law,legaltype=6&old=1,LA-547,ກົດໝາຍວ່າດ້ວຍ ທີ່ດິນ ( ສະບັບປັບປຸງ ),ກະຊວງ ກະສິກຳ ແລະ ສິ່ງແວດລ້ອມ,2003-10-21,2014-02-21,repealed,ສະບັບເກົ່າ,principal_act,true,,https://laoofficialgazette.gov.la/kcfinder/upload/files/Land Law.pdf,,false,false,false,true,
6,Law,legaltype=6&old=1,LA-552,ກົດໝາຍວ່າດ້ວຍ ພາສີ,ກະຊວງ ການເງິນ,2011-12-20,2014-02-21,repealed,ສະບັບເກົ່າ,principal_act,false,,https://laoofficialgazette.gov.la/kcfinder/upload/files/Custom Law .pdf,,false,false,false,true,
6,Law,legaltype=6&old=1,LA-553,ກົດໝາຍວ່າດ້ວຍ ສ່ວຍສາອາກອນ,ກະຊວງ ການເງິນ,2011-12-20,2014-02-21,repealed,ສະບັບເກົ່າ,principal_act,false,,https://laoofficialgazette.gov.la/kcfinder/upload/files/Tax Law .pdf,,false,false,false,true,
6,Law,legaltype=6&old=1,LA-554,ກົດໝາຍວ່າດ້ວຍ ຊັບສິນຂອງລັດ,ກະຊວງ ການເງິນ,2012-07-05,2014-02-21,repealed,ສະບັບເກົ່າ,principal_act,false,,https://laoofficialgazette.gov.la/kcfinder/upload/files/State Property  law.pdf,,false,false,false,true,
6,Law,legaltype=6&old=1,LA-561,ກົດໝາຍ ອາຍາ ( ສະບັບປັບປຸງ ),ອົງການ ໄອຍະການປະຊາຊົນສູງສຸດ,2005-11-09,2014-02-21,repealed,ສະບັບເກົ່າ,principal_act,true,,https://laoofficialgazette.gov.la/kcfinder/upload/files/Penal Law .pdf,,false,false,false,true,
6,Law,legaltype=6&old=1,LA-560,ກົດໝາຍວ່າດ້ວຍ ການດຳເນີນຄະດີອາຍາ ( ສະບັບປັບປຸງ ),ອົງການ ໄອຍະການປະຊາຊົນສູງສຸດ,2012-07-10,2014-02-21,repealed,ສະບັບເກົ່າ,principal_act,true,,https://laoofficialgazette.gov.la/kcfinder/upload/files/Criminal proceedure Law.pdf,,false,false,true,true,
6,Law,legaltype=6&old=1,LA-559,"ກົດໝາຍວ່າດ້ວຍ ການປັບປຸງມາດຕາ 146 ຂອງກົດໝາຍ ອາຍາ ແລະ ມາດຕາ 75,76 ຂອງກົດໝາຍວ່າດ້ວຍ ຢາເສບຕິດ",ອົງການ ໄອຍະການປະຊາຊົນສູງສຸດ,2012-12-11,2014-02-21,repealed,ສະບັບເກົ່າ,amending_act,false,,"https://laoofficialgazette.gov.la/kcfinder/upload/files/Amendment of Art. 146 of Criminal Law & Art. 75, 76 of Narcotic Law .pdf",,false,false,false,true,
6,Law,legaltype=6&old=1,LA-558,ກົດໝາຍວ່າດ້ວຍ ອົງການໄອຍະການປະຊາຊົນ ( ສະບັບປັບປຸງ ),ອົງການ ໄອຍະການປະຊາຊົນສູງສຸດ,2009-11-26,2014-02-21,repealed,ສະບັບເກົ່າ,principal_act,true,,https://laoofficialgazette.gov.la/kcfinder/upload/files/people prosecutor organization Law.pdf,,false,false,false,true,
6,Law,legaltype=6&old=1,LA-555,ກົດໝາຍວ່າດ້ວຍ ອາກອນມູນຄ່າເພີ່ມ,ກະຊວງ ການເງິນ,2006-12-26,2014-02-21,repealed,ສະບັບເກົ່າ,principal_act,false,,https://laoofficialgazette.gov.la/kcfinder/upload/files/Value added tax Law .pdf,,false,false,false,true,
6,Law,legaltype=6&old=1,LA-546,ກົດໝາຍວ່າດ້ວຍ ຊັບສິນທາງປັນຍາ,ກະຊວງ ອຸດສາຫະກຳ ແລະ ການຄ້າ,2011-12-20,2014-02-18,repealed,ສະບັບເກົ່າ,principal_act,false,,https://laoofficialgazette.gov.la/kcfinder/upload/files/Intellectual Property law .pdf,,false,false,true,true,
6,Law,legaltype=6&old=1,LA-544,ກົດໝາຍວ່າດ້ວຍ ການສົ່ງເສີມວິສາຫະກິດຂະໜາດນ້ອຍ ແລະ ຂະໜາດກາງ,ກະຊວງ ອຸດສາຫະກຳ ແລະ ການຄ້າ,2011-12-21,2014-02-18,repealed,ສະບັບເກົ່າ,principal_act,false,,https://laoofficialgazette.gov.la/kcfinder/upload/files/Promoting enterprise and small and medium Law.pdf,https://laoofficialgazette.gov.la/kcfinder/upload/files/Law on the  Promotion of  Small and Medium Sized Enterprises.pdf,true,false,false,true,
6,Law,legaltype=6&old=1,LA-542,ກົດໝາຍວ່າດ້ວຍ ການລົ້ມລະລາຍຂອງວິສາຫະກິດ,ກະຊວງ ອຸດສາຫະກຳ ແລະ ການຄ້າ,1994-10-14,2014-02-18,repealed,ສະບັບເກົ່າ,principal_act,false,,https://laoofficialgazette.gov.la/kcfinder/upload/files/The bankruptcy of enterprises Law .pdf,,false,false,false,true,
6,Law,legaltype=6&old=1,LA-537,ກົດໝາຍວ່າດ້ວຍ ມາດຕະຖານ,ກະຊວງ ອຸດສາຫະກຳ ແລະ ການຄ້າ,2007-12-26,2014-02-17,repealed,ສະບັບເກົ່າ,principal_act,false,,https://laoofficialgazette.gov.la/kcfinder/upload/files/Standard Law .pdf,,false,false,false,true,
6,Law,legaltype=6&old=1,LA-535,ກົດໝາຍວ່າດ້ວຍ ການສະກັດກັ້ນ ແລະ ຕ້ານເຊື້ອເຮສໄອວີ/ພະຍາດເອດ,ກະຊວງ ສາທາລະນະສຸກ,2010-06-29,2014-02-17,repealed,ສະບັບເກົ່າ,principal_act,false,,"https://laoofficialgazette.gov.la/kcfinder/upload/files/HIV suppression below, AIDS  Law  .pdf",https://laoofficialgazette.gov.la/kcfinder/upload/files/HIVAIDS Control and Prevention  Law.pdf,true,false,false,true,
6,Law,legaltype=6&old=1,LA-534,ກົດໝາຍວ່າດ້ວຍ ການຄວບຄຸມຢາສູບ,ກະຊວງ ສາທາລະນະສຸກ,2009-11-26,2014-02-17,repealed,ສະບັບເກົ່າ,principal_act,false,,https://laoofficialgazette.gov.la/kcfinder/upload/files/Tobacco Control  Law .pdf,,false,false,false,true,
6,Law,legaltype=6&old=1,LA-533,ກົດໝາຍວ່າດ້ວຍ ການປິ່ນປົວ,ກະຊວງ ສາທາລະນະສຸກ,2005-11-09,2014-02-17,repealed,ສະບັບເກົ່າ,principal_act,false,,https://laoofficialgazette.gov.la/kcfinder/upload/files/Curative Law .pdf,,false,false,true,true,
6,Law,legaltype=6&old=1,LA-529,ກົດໝາຍວ່າດ້ວຍ ການທ່ອງທ່ຽວ ( ສະບັບປັບປຸງ ),ກະຊວງ ວັດທະນະທຳ ແລະ ການທ່ອງທ່ຽວ,2013-07-24,2014-02-14,repealed,ສະບັບເກົ່າ,principal_act,true,,https://laoofficialgazette.gov.la/kcfinder/upload/files/Tourism  Law.pdf,,false,false,false,true,
6,Law,legaltype=6&old=1,LA-530,ກົດໝາຍວ່າດ້ວຍ ສື່ມວນຊົນ,ກະຊວງ ວັດທະນະທຳ ແລະ ການທ່ອງທ່ຽວ,2008-07-25,2014-02-14,repealed,ສະບັບເກົ່າ,principal_act,false,,https://laoofficialgazette.gov.la/kcfinder/upload/files/Media Law .pdf,,false,false,true,true,
6,Law,legaltype=6&old=1,LA-531,ກົດໝາຍວ່າດ້ວຍ ການພິມຈຳໜ່າຍ,ກະຊວງ ວັດທະນະທຳ ແລະ ການທ່ອງທ່ຽວ,2008-12-09,2014-02-14,repealed,ສະບັບເກົ່າ,principal_act,false,,https://laoofficialgazette.gov.la/kcfinder/upload/files/Publishing LAW .pdf,,false,false,false,true,
6,Law,legaltype=6&old=1,LA-511,ກົດໝາຍວ່າດ້ວຍ ການສະກັດກັ້ນ ແລະ ຕ້ານອັກຄີໄພ,ກະຊວງ ປ້ອງກັນຄວາມສະຫງົບ,2007-12-24,2014-02-12,repealed,ສະບັບເກົ່າ,principal_act,false,,https://laoofficialgazette.gov.la/kcfinder/upload/files/Suppression and anti handbag Law .pdf,,false,false,false,true,
6,Law,legaltype=6&old=1,LA-513,ກົດໝາຍວ່າດ້ວຍ ກຳລັງປ້ອງກັນຄວາມສະຫງົບປະຊາຊົນ,ກະຊວງ ປ້ອງກັນຄວາມສະຫງົບ,2007-07-02,2014-02-12,repealed,ສະບັບເກົ່າ,principal_act,false,,https://laoofficialgazette.gov.la/kcfinder/upload/files/Security forces Law .pdf,,false,false,false,true,
6,Law,legaltype=6&old=1,LA-514,ກົດໝາຍວ່າດ້ວຍ ແນວລາວສ້າງຊາດ,ສູນກາງ ແນວລາວສ້າງຊາດ,2009-07-08,2014-02-12,repealed,ສະບັບເກົ່າ,principal_act,false,,https://laoofficialgazette.gov.la/kcfinder/upload/files/Lao Front For National Construction Law .pdf,,false,false,false,true,
6,Law,legaltype=6&old=1,LA-516,ກົດໝາຍວ່າດ້ວຍ ຄະນະຊາວໜຸ່ມປະຊາຊົນປະຕິວັດລາວ,ສູນກາງຊາວໜຸ່ມປະຊາຊົນປະຕິວັດລາວ,2009-11-26,2014-02-12,repealed,ສະບັບເກົ່າ,principal_act,false,,https://laoofficialgazette.gov.la/kcfinder/upload/files/The young people's revolution Law.pdf,,false,false,false,true,
6,Law,legaltype=6&old=1,LA-517,ກົດໝາຍວ່າດ້ວຍ ການສົ່ງເສີມການລົງທຶນ,ກະຊວງ ການເງິນ,2009-07-08,2014-02-12,repealed,ສະບັບເກົ່າ,principal_act,false,,https://laoofficialgazette.gov.la/kcfinder/upload/files/Promotion of Investment Law .pdf,,false,false,false,true,
6,Law,legaltype=6&old=1,LA-518,ກົດໝາຍວ່າດ້ວຍ ການລົງທຶນຂອງລັດ,ກະຊວງ ການເງິນ,2009-11-26,2014-02-12,repealed,ສະບັບເກົ່າ,principal_act,false,,https://laoofficialgazette.gov.la/kcfinder/upload/files/State investment law .pdf,,false,false,false,true,
6,Law,legaltype=6&old=1,LA-519,ກົດ​ໝາຍວ່າ​ດ້ວຍ ສະ​ຖິ​ຕິ,ກະຊວງ ການເງິນ,2010-06-30,2014-02-12,repealed,ສະບັບເກົ່າ,principal_act,false,,https://laoofficialgazette.gov.la/kcfinder/upload/files/Statistics Law .pdf,https://laoofficialgazette.gov.la/kcfinder/upload/files/Statistics Law.pdf,true,false,false,true,
6,Law,legaltype=6&old=1,LA-520,ກົດ​ໝາຍວ່າ​ດ້ວຍ​ ໄຟ​ຟ້າ ( ສະບັບປັບປຸງ ),ກະຊວງ ອຸດສາຫະກຳ ແລະ ການຄ້າ,2011-12-20,2014-02-12,repealed,ສະບັບເກົ່າ,principal_act,true,,https://laoofficialgazette.gov.la/kcfinder/upload/files/Electricity Law .pdf,,false,false,false,true,
6,Law,legaltype=6&old=1,LA-521,ກົດໝາຍວ່າດ້ວຍ ແຮ່ທາດ ( ສະບັບປັບປຸງ ),ກະຊວງ ອຸດສາຫະກຳ ແລະ ການຄ້າ,2011-12-20,2014-02-12,repealed,ສະບັບເກົ່າ,principal_act,true,,https://laoofficialgazette.gov.la/kcfinder/upload/files/Mineral Law .pdf,https://laoofficialgazette.gov.la/kcfinder/upload/files/LAW ON MINERALS.pdf,true,false,false,true,
6,Law,legaltype=6&old=1,LA-522,ກົດໝາຍວ່າດ້ວຍ ນ້ຳ-ຊັບພະຍາກອນແຫຼ່ງນ້ຳ,ກະຊວງ ກະສິກຳ ແລະ ສິ່ງແວດລ້ອມ,1996-10-11,2014-02-12,repealed,ສະບັບເກົ່າ,principal_act,false,,https://laoofficialgazette.gov.la/kcfinder/upload/files/Water and water  Resourse Law  .pdf,,false,false,false,true,
6,Law,legaltype=6&old=1,LA-523,ກົດໝາຍວ່າດ້ວຍ ການປົກປັກຮັກສາສິ່ງແວດລ້ອມ ( ສະບັບປັບປຸງ ),ກະຊວງ ກະສິກຳ ແລະ ສິ່ງແວດລ້ອມ,2012-12-18,2014-02-12,repealed,ສະບັບເກົ່າ,principal_act,true,,https://laoofficialgazette.gov.la/kcfinder/upload/files/Environmental Protection  Law.pdf,,false,false,false,true,
6,Law,legaltype=6&old=1,LA-506,ກົດໝາຍວ່າດ້ວຍ ກິລາ-ກາຍຍະກຳ ( ສະບັບປັບປຸງ ),ກະຊວງ ສຶກສາທິການ ແລະ ກິລາ,2012-07-06,2014-02-11,repealed,ສະບັບເກົ່າ,principal_act,true,,https://laoofficialgazette.gov.la/kcfinder/upload/files/Sport -Physical activity Law  .pdf,,false,false,false,true,
6,Law,legaltype=6&old=1,LA-507,ກົດໝາຍວ່າດ້ວຍ ການສຶກສາ,ກະຊວງ ສຶກສາທິການ ແລະ ກິລາ,2007-07-03,2014-02-11,repealed,ສະບັບເກົ່າ,principal_act,false,,https://laoofficialgazette.gov.la/kcfinder/upload/files/Education law .pdf,,false,false,false,true,
6,Law,legaltype=6&old=1,LA-508,ກົດໝາຍວ່າດ້ວຍ ທະນາຄານ ແຫ່ງ ສປປ ລາວ,ທະນາຄານແຫ່ງ ສປປ ລາວ,1995-10-14,2014-02-11,repealed,ສະບັບເກົ່າ,principal_act,false,,https://laoofficialgazette.gov.la/kcfinder/upload/files/Banking of Lao PDR Law .pdf,,false,false,true,true,
6,Law,legaltype=6&old=1,LA-509,ກົດໝາຍວ່າດ້ວຍ ທະນາຄານທຸລະກິດ,ທະນາຄານແຫ່ງ ສປປ ລາວ,2006-12-26,2014-02-11,repealed,ສະບັບເກົ່າ,principal_act,false,,https://laoofficialgazette.gov.la/kcfinder/upload/files/Commercial Bank Law .pdf,,false,false,true,true,
6,Law,legaltype=6&old=1,LA-510,ກົດໝາຍວ່າດ້ວຍ ຫຼັກຊັບ,ທະນາຄານແຫ່ງ ສປປ ລາວ,2012-12-10,2014-02-11,repealed,ສະບັບເກົ່າ,principal_act,false,,https://laoofficialgazette.gov.la/kcfinder/upload/files/Securities law .pdf,,false,false,true,true,
6,Law,legaltype=6&old=1,LA-505,ກົດໝາຍວ່າດ້ວຍ ແຮງງານ (ສະບັບປັບປຸງ),ກະຊວງ ແຮງງານ ແລະ ສະຫວັດດີການສັງຄົມ,2006-12-27,2014-02-10,repealed,ສະບັບເກົ່າ,principal_act,true,,https://laoofficialgazette.gov.la/kcfinder/upload/files/Labour Law .pdf,,false,false,true,true,
6,Law,legaltype=6&old=1,LA-504,ກົດໝາຍວ່າດ້ວຍ ກຳມະບານລາວ,ສູນກາງສະຫະພັນກຳມະບານລາວ,2007-12-25,2014-02-10,repealed,ສະບັບເກົ່າ,principal_act,false,,https://laoofficialgazette.gov.la/kcfinder/upload/files/Unions Law .pdf,,false,false,false,true,
6,Law,legaltype=6&old=1,LA-503,ກົດໝາຍວ່າດ້ວຍ ການພັດທະນາ ແລະ ປົກປ້ອງແມ່ຍິງ,ສູນກາງ ສະຫະພັນແມ່ຍິງລາວ,2004-10-22,2014-02-10,repealed,ສະບັບເກົ່າ,principal_act,false,,https://laoofficialgazette.gov.la/kcfinder/upload/files/Development and Protection of Women Law.pdf,,false,false,false,true,
6,Law,legaltype=6&old=1,LA-501,ກົດໝາຍວ່າດ້ວຍ ນາຍທະຫານກອງທັບປະຊາຊົນລາວ,ກະຊວງ ປ້ອງກັນປະເທດ,2004-10-22,2014-02-07,repealed,ສະບັບເກົ່າ,principal_act,false,,https://laoofficialgazette.gov.la/kcfinder/upload/files/Military army of Lao PDR  Law .pdf,,false,false,false,true,
6,Law,legaltype=6&old=1,LA-494,ກົດໝາຍວ່າດ້ວຍ ການປົກຄອງທ້ອງຖິ່ນ,ກະຊວງ ພາຍໃນ,2003-10-21,2014-02-05,repealed,ສະບັບເກົ່າ,principal_act,false,,https://laoofficialgazette.gov.la/kcfinder/upload/files/Local Administration  law .pdf,,false,false,false,true,
6,Law,legaltype=6&old=1,LA-495,ກົດໝາຍວ່າດ້ວຍ ລັດຖະບານ ແຫ່ງ ສາທາລະນະລັດ ປະຊາທິປະໄຕ ປະຊາຊົນລາວ,ຫ້ອງວ່າການສຳນັກງານນາຍົກລັດຖະມົນຕີ,2003-05-06,2014-02-05,repealed,ສະບັບເກົ່າ,principal_act,false,,https://laoofficialgazette.gov.la/kcfinder/upload/files/Government of Lao PDR Law.pdf,,false,false,false,true,
6,Law,legaltype=6&old=1,LA-496,ກົດໝາຍວ່າດ້ວຍ ການດຳເນີນຄະດີແພ່ງ ( ສະບັບປັບປຸງ ),ສານປະຊາຊົນສູງສຸດ,2012-07-04,2014-02-05,repealed,ສະບັບເກົ່າ,principal_act,true,,https://laoofficialgazette.gov.la/kcfinder/upload/files/Civil Procedure Law .pdf,,false,false,false,true,
6,Law,legaltype=6&old=1,LA-497,ກົດໝາຍວ່າດ້ວຍ ຄ່າທຳນຽມສານ ( ສະບັບປັບປຸງ ),ສານປະຊາຊົນສູງສຸດ,2006-12-27,2014-02-05,repealed,ສະບັບເກົ່າ,principal_act,true,,https://laoofficialgazette.gov.la/kcfinder/upload/files/Court Frees law .pdf,,false,false,false,true,
6,Law,legaltype=6&old=1,LA-498,ກົດໝາຍວ່າດ້ວຍ ສານປະຊາຊົນ ( ສະບັບປັບປຸງ ),ສານປະຊາຊົນສູງສຸດ,2009-11-26,2014-02-05,repealed,ສະບັບເກົ່າ,principal_act,true,,https://laoofficialgazette.gov.la/kcfinder/upload/files/Court people Law .pdf,,false,false,false,true,
6,Law,legaltype=6&old=1,LA-490,ກົດໝາຍວ່າດ້ວຍ ສະພາແຫ່ງຊາດ,ສະພາແຫ່ງຊາດ,2010-12-15,2014-02-04,repealed,ສະບັບເກົ່າ,principal_act,false,,https://laoofficialgazette.gov.la/kcfinder/upload/files/National assembly Law.pdf,,false,false,false,true,
6,Law,legaltype=6&old=1,LA-488,ກົດໝາຍວ່າດ້ວຍ ການຕິດຕາມກວດກາຂອງສະພາແຫ່ງຊາດ,ສະພາແຫ່ງຊາດ,2004-10-22,2014-02-04,repealed,ສະບັບເກົ່າ,principal_act,false,,https://laoofficialgazette.gov.la/kcfinder/upload/files/National assembly oversight Law.pdf,,false,false,false,true,
6,Law,legaltype=6&old=1,LA-489,ກົດໝາຍວ່າດ້ວຍ ການເລືອກຕັ້ງສະມາຊິກສະພາແຫ່ງຊາດ,ສະພາແຫ່ງຊາດ,2010-12-15,2014-02-04,repealed,ສະບັບເກົ່າ,principal_act,false,,https://laoofficialgazette.gov.la/kcfinder/upload/files/Election of National Assembly law .pdf,,false,false,false,true,
6,Law,legaltype=6&old=1,LA-493,ກົດໝາຍວ່າດ້ວຍ ການກວດກາລັດ,ອົງການກວດກາແຫ່ງລັດ,2007-07-02,2014-02-04,repealed,ສະບັບເກົ່າ,principal_act,false,,https://laoofficialgazette.gov.la/kcfinder/upload/files/Mornitoring State Law .pdf,,false,false,false,true,
6,Law,legaltype=6&old=1,LA-491,ກົດໝາຍວ່າດ້ວຍ ການແກ້ໄຂຄຳຮ້ອງທຸກ,ສະພາແຫ່ງຊາດ,2005-11-09,2014-02-04,repealed,ສະບັບເກົ່າ,principal_act,false,,https://laoofficialgazette.gov.la/kcfinder/upload/files/Resolving  Complaints  Law .pdf,,false,false,false,true,
6,Law,legaltype=6&old=1,LA-492,ກົດໝາຍວ່າດ້ວຍ ການກວດສອບແຫ່ງລັດ ( ສະບັບປັບປຸງ ),ອົງການ ກວດສອບແຫ່ງລັດ,2012-07-06,2014-02-04,repealed,ສະບັບເກົ່າ,principal_act,true,,https://laoofficialgazette.gov.la/kcfinder/upload/files/State Audit law  .pdf,,false,false,false,true,
6,Law,legaltype=6&old=1,LA-486,ກົດໝາຍວ່າດ້ວຍ ຄອບຄົວ ( ສະບັບປັບປຸງ ),ກະຊວງ ຍຸຕິທຳ,2008-07-26,2014-02-03,repealed,ສະບັບເກົ່າ,principal_act,true,,https://laoofficialgazette.gov.la/kcfinder/upload/files/Family Law.pdf,,false,false,false,true,
6,Law,legaltype=6&old=1,LA-485,ກົດໝາຍວ່າດ້ວຍ ກຳມະສິດ,ກະຊວງ ຍຸຕິທຳ,1990-06-27,2014-02-03,repealed,ສະບັບເກົ່າ,principal_act,false,,https://laoofficialgazette.gov.la/kcfinder/upload/files/Property Law .pdf,,false,false,false,true,
6,Law,legaltype=6&old=1,LA-484,ກົດໝາຍວ່າດ້ວຍ ທະນາຍຄວາມ,ກະຊວງ ຍຸຕິທຳ,2011-12-21,2014-02-03,repealed,ສະບັບເກົ່າ,principal_act,false,,https://laoofficialgazette.gov.la/kcfinder/upload/files/Attorney law .pdf,,false,false,false,true,
6,Law,legaltype=6&old=1,LA-483,ກົດໝາຍວ່າດ້ວຍ ສັນຊາດລາວ,ກະຊວງ ຍຸຕິທຳ,2004-05-17,2014-02-03,repealed,ສະບັບເກົ່າ,principal_act,false,,https://laoofficialgazette.gov.la/kcfinder/upload/files/Nationality Law .pdf,,false,false,true,true,
6,Law,legaltype=6&old=1,LA-480,ກົດໝາຍວ່າດ້ວຍ ການຕ້ານການສໍ້ລາດບັງຫຼວງ ( ສະບັບປັບປຸງ ),ອົງການກວດກາແຫ່ງລັດ,2012-12-18,2014-01-16,repealed,ສະບັບເກົ່າ,principal_act,true,,https://laoofficialgazette.gov.la/kcfinder/upload/files/Anti Corruption Law .pdf,,false,false,false,true,
6,Law,legaltype=6&old=1,LA-459,ກົດໝາຍວ່າດ້ວຍ ການໂທລະຄົມມະນາຄົມ ( ສະບັບປັບປຸງ ),ກະຊວງ ເຕັກໂນໂລຊີ ແລະ ການສື່ສານ,2011-12-21,2014-01-06,repealed,ສະບັບເກົ່າ,principal_act,true,,https://laoofficialgazette.gov.la/kcfinder/upload/files/1. ກົດໝາຍວ່າດ້ວຍ ການໂທລະຄົມມະນຄົມ.pdf,https://laoofficialgazette.gov.la/kcfinder/upload/files/Law on telecommuncation (Enlish Version).pdf,true,false,true,true,
6,Law,legaltype=6&old=1,LA-447,ກົດໝາຍວ່າດ້ວຍ ທຸລະກຳທາງເອເລັກໂຕຣນິກ,ກະຊວງ ເຕັກໂນໂລຊີ ແລະ ການສື່ສານ,2012-12-07,2013-12-18,repealed,ສະບັບເກົ່າ,principal_act,false,,https://laoofficialgazette.gov.la/kcfinder/upload/files/ກົດ​ໝາຍ ວ່າ​ດ້ວຍ​ທຸ​ລະ​ກຳ​ທາງ​ເອ​ເລັກ​ໂຕ​ຣ​ນິກ.pdf,https://laoofficialgazette.gov.la/kcfinder/upload/files/Law on Electronic Transactions .pdf,true,false,true,true,
6,Law,legaltype=6&old=1,LA-446,ກົດໝາຍວ່າດ້ວຍ ສະຫະພັນແມ່ຍິງລາວ,ສູນກາງ ສະຫະພັນແມ່ຍິງລາວ,2013-07-23,2013-12-17,repealed,ສະບັບເກົ່າ,principal_act,false,,https://laoofficialgazette.gov.la/kcfinder/upload/files/Women's_Union Law.pdf,,false,false,false,true,
6,Law,legaltype=6&old=1,LA-444,ກົດ​ໝາຍ​ວ່າ​ດ້ວຍ ຜັງເມືອງ,ກະຊວງ ໂຍທາທິການ ແລະ ຂົນສົ່ງ,1999-04-03,2013-12-16,repealed,ສະບັບເກົ່າ,principal_act,false,,https://laoofficialgazette.gov.la/kcfinder/upload/files/Urban Planning Law .pdf,,false,false,false,true,
6,Law,legaltype=6&old=1,LA-443,ກົດ​ໝາຍ​ວ່າ​ດ້ວຍ ທາງຫຼວງ,ກະຊວງ ໂຍທາທິການ ແລະ ຂົນສົ່ງ,1999-04-03,2013-12-16,repealed,ສະບັບເກົ່າ,principal_act,false,,https://laoofficialgazette.gov.la/kcfinder/upload/files/National Raod Law  .pdf,,false,false,false,true,
6,Law,legaltype=6&old=1,LA-442,"ກົດໝາຍ ວ່າດ້ວຍ ອະນາໄມ, ກັນພະຍາດ ແລະ ສົ່ງເສີມສຸຂະພາບ ( ສະບັບປັບປຸງ )",ກະຊວງ ສາທາລະນະສຸກ,2011-12-21,2013-12-09,repealed,ສະບັບເກົ່າ,principal_act,true,,https://laoofficialgazette.gov.la/kcfinder/upload/files/Hygien Law  .pdf,"https://laoofficialgazette.gov.la/kcfinder/upload/files/Hygiene, Disease Prevention and Health promotion Law  ( Amended ).pdf",true,false,false,true,
6,Law,legaltype=6&old=1,LA-441,ກົດໝາຍ ວ່າດ້ວຍ ຢາ ແລະ ຜະລິດຕະພັນການແພດ( ສະບັບປັບປຸງ ),ກະຊວງ ສາທາລະນະສຸກ,2011-12-21,2013-12-09,repealed,ສະບັບເກົ່າ,principal_act,true,,https://laoofficialgazette.gov.la/kcfinder/upload/files/Medicine and Medical   Product Law.pdf,https://laoofficialgazette.gov.la/kcfinder/upload/files/Medicine and Medical Product Law ( Amended ) .pdf,true,false,false,true,
6,Law,legaltype=6&old=1,LA-438,ກົດໝາຍ ວ່າດ້ວຍການປະກັນສັງຄົມ,ກະຊວງ ແຮງງານ ແລະ ສະຫວັດດີການສັງຄົມ,2013-07-26,2013-12-04,repealed,ສະບັບເກົ່າ,principal_act,false,,https://laoofficialgazette.gov.la/kcfinder/upload/files/The Social Security Law.pdf,,false,false,false,true,
6,Law,legaltype=6&old=1,LA-437,ກົດໝາຍວ່າດ້ວຍ ການບິນພົນລະເຮືອນ,ກະຊວງ ໂຍທາທິການ ແລະ ຂົນສົ່ງ,2005-05-19,2013-11-27,repealed,ສະບັບເກົ່າ,principal_act,false,,https://laoofficialgazette.gov.la/kcfinder/upload/files/Civil Aviation Law .pdf,,false,false,false,true,
6,Law,legaltype=6&old=1,LA-428,ກົດໝາຍວ່າດ້ວຍ ວິທະຍາສາດ ແລະ ເຕັກໂນໂລຊີ,ກະຊວງ ສຶກສາທິການ ແລະ ກິລາ,2013-07-19,2013-11-25,repealed,ສະບັບເກົ່າ,principal_act,false,,https://laoofficialgazette.gov.la/kcfinder/upload/files/Law on Science and Technology.pdf,https://laoofficialgazette.gov.la/kcfinder/upload/files/Science and Technology Law.pdf,true,false,true,true,
6,Law,legaltype=6&old=1,LA-424,ກົດໝາຍວ່າດ້ວຍ ປ່າໄມ້ ( ສະບັບປັບປຸງ ),ກະຊວງ ກະສິກຳ ແລະ ສິ່ງແວດລ້ອມ,2007-12-24,2013-11-01,repealed,ສະບັບເກົ່າ,principal_act,true,,https://laoofficialgazette.gov.la/kcfinder/upload/files/Forestry.pdf,,false,false,false,true,
6,Law,legaltype=6&old=1,LA-421,ກົດ​ໝາຍ ວ່າ​ດ້ວຍ​ການ​ປ້ອງ​ກັນ​ພືດ,ກະຊວງ ກະສິກຳ ແລະ ສິ່ງແວດລ້ອມ,2008-12-09,2013-10-31,repealed,ສະບັບເກົ່າ,principal_act,false,,https://laoofficialgazette.gov.la/kcfinder/upload/files/ກົດ​ໝາຍ ວ່າ​ດ້ວຍ​ການ​ປ້ອງ​ກັນ​ພືດ.pdf,,false,false,false,true,
6,Law,legaltype=6&old=1,LA-420,ກົດໝາຍ ວ່າດ້ວຍສັດນ້ຳ ແລະ ສັດປ່າ,ກະຊວງ ກະສິກຳ ແລະ ສິ່ງແວດລ້ອມ,2007-12-24,2013-10-31,repealed,ສະບັບເກົ່າ,principal_act,false,,https://laoofficialgazette.gov.la/kcfinder/upload/files/ກົດ​ໝາຍ ວ່າ​ດ້ວຍ​ສັດ​ນ້ຳ ແລະ ສັດ​ປ່າ.pdf,,false,false,false,true,
6,Law,legaltype=6&old=1,LA-419,ກົດໝາຍວ່າດ້ວຍ ຊົນລະປະທານ,ກະຊວງ ກະສິກຳ ແລະ ສິ່ງແວດລ້ອມ,2012-12-14,2013-10-31,repealed,ສະບັບເກົ່າ,principal_act,false,,https://laoofficialgazette.gov.la/kcfinder/upload/files/ກົດ​ໝາຍ ວ່າ​ດ້ວຍ​ຊົນ​ລະ​ປະ​ທານ.pdf,,false,false,false,true,
6,Law,legaltype=6&old=1,LA-418,ກົດ​ໝາຍ ວ່າ​ດ້ວຍ​ການ​ລ້ຽງ​ສັດ ແລະ ການ​ສັດ​ຕະ​ວະ​ແພດ,ກະຊວງ ກະສິກຳ ແລະ ສິ່ງແວດລ້ອມ,2008-07-25,2013-10-31,repealed,ສະບັບເກົ່າ,principal_act,false,,https://laoofficialgazette.gov.la/kcfinder/upload/files/ກົດ​ໝາຍ ວ່າ​ດ້ວຍ​ການ​ລ້ຽງ​ສັດ ແລະ ການ​ສັດ​ຕະ​ວະ​ແພດ.pdf,,false,false,false,true,
6,Law,legaltype=6&old=1,LA-417,ກົດໝາຍວ່າດ້ວຍ ການປະມົງ,ກະຊວງ ກະສິກຳ ແລະ ສິ່ງແວດລ້ອມ,2009-07-09,2013-10-31,repealed,ສະບັບເກົ່າ,principal_act,false,,https://laoofficialgazette.gov.la/kcfinder/upload/files/ກົດ​ໝາຍ ວ່າ​ດ້ວຍ​ການ​ປະ​ມົງ.pdf,,false,false,false,true,
6,Law,legaltype=6&old=1,LA-416,ກົດໝາຍວ່າດ້ວຍ ການຈັດຕັ້ງປະຕິບັດຄຳຕັດສິນຂອງສານ ( ສະບັບປັບປຸງ ),ກະຊວງ ຍຸຕິທຳ,2008-07-25,2013-10-15,repealed,ສະບັບເກົ່າ,principal_act,true,,https://laoofficialgazette.gov.la/kcfinder/upload/files/7 ກົດ​ໝາຍ​ວ່າ​ດ້ວຍ​ການ​ຈັດ​ຕັ້ງ​ປະ​ຕິ​ບັ​ດ​ຄຳ​ຕັດ​ສິນ​ຂອ​ງ​ສານ(ສ​ະ​ບັບ​ປັບ​ປູງ).pdf,,false,false,false,true,
6,Law,legaltype=6&old=1,LA-415,ກົດໝາຍວ່າດ້ວຍ ທະບຽນສານ (ສະບັບປັບປຸງ),ກະຊວງ ຍຸຕິທຳ,2009-11-26,2013-10-10,repealed,ສະບັບເກົ່າ,principal_act,true,,https://laoofficialgazette.gov.la/kcfinder/upload/files/ກົດ​ໝາຍ​ວ່າ​ດ້ວຍ ​ທ​ະ​ບຽນ​​ສານ(ສ​ະ​ບັບ​ປັບ​ປູງ).pdf,,false,false,true,true,
6,Law,legaltype=6&old=1,LA-412,ກົດໝາຍວ່າດ້ວຍ ການປົກປ້ອງສິດ ແລະ ຜົນປະໂຫຍດຂອງເດັກ,ກະຊວງ ຍຸຕິທຳ,2006-12-27,2013-10-09,repealed,ສະບັບເກົ່າ,principal_act,false,,https://laoofficialgazette.gov.la/kcfinder/upload/files/ກົດ​ໝາຍ​ວ່າ​ດ້ວຍ ​ການປົກ​ປ້​ອງ​ສິດ ແລະ ​ຜົ​ນ​ປ​ະ​ໂຫຍດ​ຂອງ​ເດັກ.pdf,,false,false,false,true,
6,Law,legaltype=6&old=1,LA-411,ກົດໝາຍວ່າດ້ວຍ ການແກ້ໄຂຂໍ້ຂັດແຍ່ງທາງດ້ານເສດຖະກິດ(ສະບັບປັບປຸງ),ກະຊວງ ຍຸຕິທຳ,2010-12-17,2013-10-04,repealed,ສະບັບເກົ່າ,principal_act,true,,https://laoofficialgazette.gov.la/kcfinder/upload/files/ກົດ​ໝາຍວ່າ​ດ້ວຍ ການ​ແກ້​ໄຂ​ຂໍ້​ຂັດ​ແຍ່ງ​ທາງ​ດ້ານ​ເສດ​ຖະ​ກິດ(ສະ​ບັບ​ປັບ​ປຸງ).pdf,,false,false,false,true,
6,Law,legaltype=6&old=1,LA-410,ກົດ​ໝາຍວ່າ​ດ້ວຍ ທະບຽນຄອບຄົວ ( ສະ​ບັບ​ປັບ​ປຸງ ),ກະຊວງ ພາຍໃນ,2009-11-27,2013-10-03,repealed,ສະບັບເກົ່າ,principal_act,false,,https://laoofficialgazette.gov.la/kcfinder/upload/files/ກົດ​ໝາຍ​ວ່າ​ດ້ວຍ ​ທ​ະ​ບຽນ​ຄອບ​ຄົວ(ສ​ະ​ບັບ​ປັບ​ປູງ).pdf,,false,false,true,true,
6,Law,legaltype=6&old=1,LA-404,ກົດໝາຍວ່າດ້ວຍ ຂໍ້ຜູກພັນໃນສັນຍາ ແລະ ນອກສັນຍາ ( ສະບັບປັບປຸງ ),ກະຊວງ ຍຸຕິທຳ,2008-12-08,2013-09-02,repealed,ສະບັບເກົ່າ,principal_act,true,,https://laoofficialgazette.gov.la/kcfinder/upload/files/ກົດ​ໝາຍ​ວ່າ​ດ້ວຍ ​ຂໍ້​ຜູກ​ພັນ​ໃນ​ສັນ​ຍາ ​ແລະ ນອກ​ສັນ​ຍາ.pdf,,false,false,false,true,
6,Law,legaltype=6&old=1,LA-403,ກົດໝາຍວ່າດ້ວຍ ການສືບທອດມູນມໍຣະດົກ,ກະຊວງ ຍຸຕິທຳ,2008-12-08,2013-08-27,repealed,ສະບັບເກົ່າ,principal_act,false,,https://laoofficialgazette.gov.la/kcfinder/upload/files/ກົດ​ໝາຍ​ວ່າ​ດ້ວຍ​ການ​ສືບ​ທອ​ດ​ມູນ​ມໍ​ລ​ະ​ດົກ(ສ​ະ​ບັບ​ປັບ​ປູງ).pdf,,false,false,false,true,
6,Law,legaltype=6&old=1,LA-2032,ກົດໝາຍ ວ່າດ້ວຍການສ້າງນິຕິກຳ,ກະຊວງ ຍຸຕິທຳ,2012-07-12,2013-07-27,repealed,ສະບັບເກົ່າ,principal_act,false,,https://laoofficialgazette.gov.la/kcfinder/upload/files/Making Legislation Law lao.pdf,https://laoofficialgazette.gov.la/kcfinder/upload/files/Making Legislation Law Eng.pdf,true,false,false,true,
9,Presidential Ordinance,legaltype=9&old=0,LA-2621,ລັດຖະບັນຍັດວ່າດ້ວຍ ເຂດຍຸດທະສາດປ້ອງກັນຊາດ,ກະຊວງ ປ້ອງກັນປະເທດ,2026-07-01,2026-08-25,in_force,ປັດຈຸບັນ,principal_act,false,,https://laoofficialgazette.gov.la/kcfinder/upload/files/001-1-7-2026_0002.pdf,,false,false,false,true,
9,Presidential Ordinance,legaltype=9&old=0,LA-2378,ລັດຖະບັນຍັດວ່າດ້ວຍ ການປັບປຸງ ມາດຕາ 34 ແລະ ມາດຕາ 38 ຂອງກົດໝາຍວ່າດ້ວຍ ການປະກັນສັງຄົມ,ຫ້ອງວ່າການສຳນັກງານປະທານປະເທດ,2025-06-02,2025-06-09,in_force,ປັດຈຸບັນ,amending_act,false,,https://laoofficialgazette.gov.la/kcfinder/upload/files/002. 2.6.2025.pdf,,false,false,false,true,
9,Presidential Ordinance,legaltype=9&old=0,LA-2367,ລັດຖະບັນຍັດວ່າດ້ວຍ ການຄຸ້ມຄອງອາກອນເດັດຖານ ແລະ ຄ່າທຳນຽມ ສຳລັບທຸລະກິດກາຊີໂນ,ກະຊວງ ການເງິນ,2025-05-07,2025-05-28,in_force,ປັດຈຸບັນ,principal_act,false,,https://laoofficialgazette.gov.la/kcfinder/upload/files/001.23.5.2025.pdf,,false,false,false,true,
9,Presidential Ordinance,legaltype=9&old=0,LA-2227,"ລັດຖະບັນຍັດ ວ່າດ້ວຍການປັບປຸງມາດຕາ 50 ຂອງລັດຖະບັນຍັດວ່າດ້ວຍ ຄ່າທຳນຽມ ແລະ ຄ່າບໍລິການ ສະບັບເລກທີ 002/ປປທ, ລົງວັນທີ 17 ມິຖຸນາ 2021",ກະຊວງ ການເງິນ,2024-02-13,2024-03-28,in_force,ປັດຈຸບັນ,amending_act,false,,https://laoofficialgazette.gov.la/kcfinder/upload/files/002 13.2.2024.pdf,,false,false,false,true,
9,Presidential Ordinance,legaltype=9&old=0,LA-2225,ລັດຖະບັນຍັດ ວ່າດ້ວຍການປັບປຸງອັດຕາອາກອນມູນຄ່າເພີ່ມ,ກະຊວງ ການເງິນ,2024-03-19,2024-03-26,in_force,ປັດຈຸບັນ,principal_act,false,,https://laoofficialgazette.gov.la/kcfinder/upload/files/003 19.3.2024.pdf,,false,false,false,true,
9,Presidential Ordinance,legaltype=9&old=0,LA-2208,"ລັດຖະບັນຍັດ ວ່າດ້ວຍການປັບປຸງບາງມາດຕາຂອງ ລັດຖະບັນຍັດວ່າດ້ວຍຄ່າທຳນຽມ ແລະ ຄ່າບໍລິການສະບັບເລກທີ 002/ປປທ, ລົງວັນທີ 17 ມິຖຸນາ 2021 ຂົງເຂດການຕ່າງປະເທດ",ກະຊວງ ການເງິນ,2024-01-26,2024-02-22,in_force,ປັດຈຸບັນ,amending_act,false,,https://laoofficialgazette.gov.la/kcfinder/upload/files/001ປປທ26.1.2024.pdf,,false,false,false,true,
9,Presidential Ordinance,legaltype=9&old=0,LA-2178,ລັດຖະບັນຍັດຂອງປະທານປະເທດ ວ່າດ້ວຍການປັບປຸງອັດຕາອາກອນຊົມໃຊ້ຂອງບາງປະເພດສິນຄ້າ,ກະຊວງ ການເງິນ,2023-10-09,2024-01-02,in_force,ປັດຈຸບັນ,principal_act,false,,https://laoofficialgazette.gov.la/kcfinder/upload/files/003.pdf,,false,false,false,true,
9,Presidential Ordinance,legaltype=9&old=0,LA-2151,ລັດຖະບັນຍັດວ່າດ້ວຍ ອັດຕາຄ່າຊັບພະຍາກອນທຳມະຊາດ,ກະຊວງ ການເງິນ,2023-09-28,2023-11-01,in_force,ປັດຈຸບັນ,principal_act,false,,https://laoofficialgazette.gov.la/kcfinder/upload/files/002.28.9.2023.pdf,,false,false,false,true,
9,Presidential Ordinance,legaltype=9&old=0,LA-2078,ລັດຖະບັນຍັດຂອງປະທານປະເທດ ວ່າດ້ວຍ ລາຍການສິນຄ້າ ແລະ ອັດຕາພາສີຂາອອກ,ກະຊວງ ການເງິນ,2023-08-28,2023-09-21,in_force,ປັດຈຸບັນ,principal_act,false,,"https://laoofficialgazette.gov.la/kcfinder/upload/files/001ປປທ 28,8,2023.pdf",,false,false,false,true,
9,Presidential Ordinance,legaltype=9&old=0,LA-1796,ລັດຖະບັນຍັດ ຂອງປະທານປະເທດ ວ່າດ້ວຍຄ່າທຳນຽມ ແລະ ຄ່າບໍລິການ,ກະຊວງ ການເງິນ,2021-06-17,2021-08-09,in_force,ປັດຈຸບັນ,principal_act,false,,https://laoofficialgazette.gov.la/kcfinder/upload/files/002ປປທ2021.pdf,,false,false,false,true,
9,Presidential Ordinance,legaltype=9&old=0,LA-1764,ລັດຖະບັນຍັດ ຂອງປະທານປະເທດ ວ່າດ້ວຍການດຳເນີນຄະດີປົກຄອງ,ສານປະຊາຊົນສູງສຸດ,2021-03-19,2021-04-06,in_force,ປັດຈຸບັນ,principal_act,false,,https://laoofficialgazette.gov.la/kcfinder/upload/files/001ປປທ2021.pdf,,false,false,false,true,
9,Presidential Ordinance,legaltype=9&old=0,LA-1297,ລັດຖະບັນຍັດ ຂອງປະທານປະເທດ ວ່າດ້ວຍການໃຫ້ອະໄພຍະໂທດ,ຫ້ອງວ່າການສຳນັກງານປະທານປະເທດ,2018-03-20,2018-04-06,in_force,ປັດຈຸບັນ,principal_act,false,,https://laoofficialgazette.gov.la/kcfinder/upload/files/ລັດ​ຖະ​ບັນ​ຍັດ ​ຂອງ​ປະ​ທານ​ປະ​ເທດວ່າ​ດ້ວຍ​ການ​ໃຫ້​ອະ​ໄພ​ຍະ​ໂທດ.pdf,,false,false,false,true,
9,Presidential Ordinance,legaltype=9&old=0,LA-1212,ລັດຖະບັນຍັດ ວ່າດ້ວຍຄ່າທຳນຽມທາງ,ກະຊວງ ການເງິນ,2017-09-20,2017-09-28,in_force,ປັດຈຸບັນ,principal_act,false,,https://laoofficialgazette.gov.la/kcfinder/upload/files/ລັດຖະບັນຍັດ ຄ່າທຳນຽມທາງ.pdf,,false,false,false,true,
9,Presidential Ordinance,legaltype=9&old=0,LA-920,ລັດຖະບັນຍັດ ຂອງປະທານປະເທດ ແຫ່ງ ສປປ ລາວ ວ່າດ້ວຍ ການດັດແກ້ຄຳສັບໃນກົດໝາຍ,ຫ້ອງວ່າການສຳນັກງານປະທານປະເທດ,2016-04-19,2016-04-21,in_force,ປັດຈຸບັນ,principal_act,false,,https://laoofficialgazette.gov.la/kcfinder/upload/files/ລັດຖະບັນຍັດ ວ່າດ້ວຍ ການດັດແກ້ຄຳສັບໃນກົດໝາຍ.pdf,,false,false,false,true,
9,Presidential Ordinance,legaltype=9&old=0,LA-773,ລັດຖະບັນຍັດຂອງປະທານປະເທດ ວ່າດ້ວຍ ການແບ່ງປັນລາຍຮັບຈາກການຂາຍໄມ້ ທີ່ຂຸດຄົ້ນໃນເຂດປ່າຜະລິດ,ກະຊວງ ກະສິກຳ ແລະ ສິ່ງແວດລ້ອມ,2012-01-31,2015-03-17,in_force,ປັດຈຸບັນ,principal_act,false,,https://laoofficialgazette.gov.la/kcfinder/upload/files/ລັດຖະບັນຍັດຂອງປະທານປະເທດ ວ່າດ້ວຍການແບ່ງປັນລາຍຮັບຈາກການຂາຍໄມ້ ທີ່ຂຸດຄົ້ນໃນເຂດປ່າຜະລິດ.pdf,,false,false,false,true,
9,Presidential Ordinance,legaltype=9&old=0,LA-583,"ລັດຖະບັນຍັດ ວ່າດ້ວຍ ການສ້າງ, ການເຂົ້າຮ່ວມເປັນພາຄີ ແລະ ການຈັດຕັ້ງປະຕິບັດ ສົນທິສັນຍາສາກົນ",ກະຊວງ ການຕ່າງປະເທດ,2009-10-07,2014-05-28,in_force,ປັດຈຸບັນ,principal_act,false,,https://laoofficialgazette.gov.la/kcfinder/upload/files/Ordinances of the President of Lao PDR.pdf,,false,false,false,true,
9,Presidential Ordinance,legaltype=9&old=0,LA-580,ລັດຖະບັນຍັດຂອງປະທານປະເທດ ວ່າດ້ວຍ ການຄຸ້ມຄອງເງິນຕາຕ່າງປະເທດ ແລະ ວັດຖຸມີຄ່າ,ທະນາຄານແຫ່ງ ສປປ ລາວ,2008-03-17,2014-05-26,in_force,ປັດຈຸບັນ,principal_act,false,,https://laoofficialgazette.gov.la/kcfinder/upload/files/Ordinances of the President on management of foreign currency and precious metals.pdf,,false,false,true,true,
9,Presidential Ordinance,legaltype=9&old=1,LA-854,ລັດຖະບັນຍັດ ຂອງປະທານປະເທດ ວ່າດ້ວຍອັດຕາຄ່າຊັບພະຍາກອນທຳມະຊາດ,ກະຊວງ ການເງິນ,2015-12-15,2015-12-30,repealed,ສະບັບເກົ່າ,principal_act,false,,https://laoofficialgazette.gov.la/kcfinder/upload/files/2. ລັດຖະບັນຍັດ ຂອງປະທານປະເທດ ວ່າດ້ວຍອັດຕາຄ່າຊັບພະຍາກອນທຳມະຊາດ.pdf,,false,false,false,true,
9,Presidential Ordinance,legaltype=9&old=1,LA-589,ລັັດຖະບັນຍັດ ຂອງປະທານປະເທດວ່າດ້ວຍ ຄ່າທຳນຽມ ແລະ ຄ່າບໍລິການ,ກະຊວງ ການເງິນ,2012-12-26,2014-07-22,repealed,ສະບັບເກົ່າ,principal_act,false,,https://laoofficialgazette.gov.la/kcfinder/upload/files/Ordinances of the President of the Republic on Fees and charges.pdf,,false,false,false,true,
3,Decree,legaltype=3&old=0,LA-2638,ດຳລັດວ່າດ້ວຍ ການຂົນສົ່ງສິນຄ້າອັນຕະລາຍ ທາງບົກ ແລະ ທາງລົດໄຟ,ກະຊວງ ໂຍທາທິການ ແລະ ຂົນສົ່ງ,2026-09-03,2026-09-08,in_force,ປັດຈຸບັນ,subsidiary_legislation,false,,https://laoofficialgazette.gov.la/kcfinder/upload/files/283-3-9-2026_0001.pdf,,false,false,false,true,
3,Decree,legaltype=3&old=0,LA-2590,ດຳລັດວ່າດ້ວຍ ອົງການຈັດຕັ້ງສາກົນທີ່ບໍ່ສັງກັດລັດຖະບານ,ກະຊວງ ການຕ່າງປະເທດ,2026-05-25,2026-06-11,in_force,ປັດຈຸບັນ,subsidiary_legislation,false,,https://laoofficialgazette.gov.la/kcfinder/upload/files/126-25-5-2026_0001.pdf,,false,false,false,true,
3,Decree,legaltype=3&old=0,LA-2588,ດຳລັດວ່າດ້ວຍ ຝຸ່ນ,ກະຊວງ ກະສິກຳ ແລະ ສິ່ງແວດລ້ອມ,2026-05-20,2026-06-03,in_force,ປັດຈຸບັນ,subsidiary_legislation,false,,https://laoofficialgazette.gov.la/kcfinder/upload/files/123-20-5-2026_0001.pdf,,false,false,false,true,
3,Decree,legaltype=3&old=0,LA-2587,ດຳລັດວ່າດ້ວຍ ກະສິກຳສະອາດ,ກະຊວງ ກະສິກຳ ແລະ ສິ່ງແວດລ້ອມ,2026-05-20,2026-06-03,in_force,ປັດຈຸບັນ,subsidiary_legislation,false,,https://laoofficialgazette.gov.la/kcfinder/upload/files/122-20-5-2026_0001.pdf,,false,false,false,true,
3,Decree,legaltype=3&old=0,LA-2561,ດຳລັດວ່າດ້ວຍ ການຄຸ້ມຄອງບໍລິເວນຊາຍແດນ,ກະຊວງ ການຕ່າງປະເທດ,2026-02-05,2026-03-30,in_force,ປັດຈຸບັນ,subsidiary_legislation,false,,https://laoofficialgazette.gov.la/kcfinder/upload/files/11.5.2.2026_0001.pdf,,false,false,false,true,
3,Decree,legaltype=3&old=0,LA-2562,ດຳລັດວ່າດ້ວຍ ພະນັກງານທ້ອງຖິ່ນ ທີ່ເຮັດວຽກນຳອົງການຕ່າງປະເທດ ປະຈຳຢູ່ ສປປ ລາວ,ກະຊວງ ການຕ່າງປະເທດ,2026-02-05,2026-03-30,in_force,ປັດຈຸບັນ,subsidiary_legislation,false,,https://laoofficialgazette.gov.la/kcfinder/upload/files/12.5.2.2026_0001.pdf,,false,false,false,true,
3,Decree,legaltype=3&old=0,LA-2553,ດຳລັດວ່າດ້ວຍ ການປັບໃໝ ແລະ ມາດຕະການອື່ນ ຕໍ່ຜູ້ລະເມີດກົດໝາຍ ແລະ ລະບຽບການ ກ່ຽວກັບການຄວບຄຸມຢາສູບ,ກະຊວງ ສາທາລະນະສຸກ,2026-01-27,2026-03-27,in_force,ປັດຈຸບັນ,subsidiary_legislation,false,,"https://laoofficialgazette.gov.la/kcfinder/upload/files/09,27,1,2026_0001.pdf",,false,false,false,true,
3,Decree,legaltype=3&old=0,LA-2534,ດຳລັດວ່າດ້ວຍ ການຈັດສັນທີ່ດິນປຸກສ້າງຂອງລັດ ເປັນບ່ອນຢູ່ອາໄສ ແລະ ຊື້ ຂາຍ ສິດນຳໃຊ້ທີ່ດິນແບບມີກຳນົດ,ກະຊວງ ກະສິກຳ ແລະ ສິ່ງແວດລ້ອມ,2026-02-26,2026-03-16,in_force,ປັດຈຸບັນ,subsidiary_legislation,false,,https://laoofficialgazette.gov.la/kcfinder/upload/files/ດຳລັດ17ລບ.pdf,,false,false,false,true,
3,Decree,legaltype=3&old=0,LA-2533,ດຳລັດວ່າດ້ວຍ ຢາງພາລາ,ກະຊວງ ກະສິກຳ ແລະ ສິ່ງແວດລ້ອມ,2026-02-26,2026-03-16,in_force,ປັດຈຸບັນ,subsidiary_legislation,false,,"https://laoofficialgazette.gov.la/kcfinder/upload/files/ດໍາລັດ ວ່າດ້ວຍຢາງພາລາ 18ລບ, 26 ກຸມພາ 2026.pdf",,false,false,false,true,
3,Decree,legaltype=3&old=0,LA-2509,ດຳລັດວ່າດ້ວຍ ນະໂຍບາຍຕໍ່ຄະນະກິລາທິມຊາດ,ກະຊວງ ສຶກສາທິການ ແລະ ກິລາ,2025-10-02,2026-03-10,in_force,ປັດຈຸບັນ,subsidiary_legislation,false,,"https://laoofficialgazette.gov.la/kcfinder/upload/files/623,2,10,2025_0001.pdf",,false,false,false,true,
3,Decree,legaltype=3&old=0,LA-2502,ດຳລັດວ່າດ້ວຍ ເຂດເຕັກໂນໂລຊີລະດັບສູງ,ກະຊວງ ເຕັກໂນໂລຊີ ແລະ ການສື່ສານ,2025-12-10,2026-02-13,in_force,ປັດຈຸບັນ,subsidiary_legislation,false,,https://laoofficialgazette.gov.la/kcfinder/upload/files/814.10.12.2025_0001.pdf,,false,false,true,true,
3,Decree,legaltype=3&old=0,LA-2499,ດຳລັດວ່າດ້ວຍ ການສະກັດກັ້ນ ແລະ ແກ້ໄຂ ວິກິດການຂອງລະບົບການເງິນ,ທະນາຄານແຫ່ງ ສປປ ລາວ,2026-01-12,2026-01-28,in_force,ປັດຈຸບັນ,subsidiary_legislation,false,,"https://laoofficialgazette.gov.la/kcfinder/upload/files/07,12,1,2026_0001.pdf",,false,false,false,true,
3,Decree,legaltype=3&old=0,LA-2498,ດຳລັດວ່າດ້ວຍ ການປັບໃໝ່ ແລະ ມາດຕະການອື່ນ ຕໍ່ຜູ້ລະເມີດກົດໝາຍ ແລະ ລະບຽບການ ກ່ຽວກັບການລົດໄຟ,ກະຊວງ ໂຍທາທິການ ແລະ ຂົນສົ່ງ,2025-12-29,2026-01-26,in_force,ປັດຈຸບັນ,subsidiary_legislation,false,,"https://laoofficialgazette.gov.la/kcfinder/upload/files/847,,29,12,2025_0001.pdf",,false,false,false,true,
3,Decree,legaltype=3&old=0,LA-2492,ດຳລັດວ່າດ້ວຍ ຄຸ້ມຄອງທະນະບັດ,ທະນາຄານແຫ່ງ ສປປ ລາວ,2025-12-31,2026-01-12,in_force,ປັດຈຸບັນ,subsidiary_legislation,false,,"https://laoofficialgazette.gov.la/kcfinder/upload/files/854,31,12,2025_0001.pdf",,false,false,false,true,
3,Decree,legaltype=3&old=0,LA-2491,ດຳລັດວ່າດ້ວຍ ການປະເມີນຜົນກະທົບຕໍ່ສຸຂະພາບ,ກະຊວງ ສາທາລະນະສຸກ,2025-12-17,2026-01-12,in_force,ປັດຈຸບັນ,subsidiary_legislation,false,,"https://laoofficialgazette.gov.la/kcfinder/upload/files/817,17,12,2025_0001.pdf",,false,false,false,true,
3,Decree,legaltype=3&old=0,LA-2475,ດຳລັດວ່າດ້ວຍ ໜຶ່ງເມືອງ ໜຶ່ງຜະລິດຕະພັນ,ກະຊວງ ອຸດສາຫະກຳ ແລະ ການຄ້າ,2025-10-17,2025-11-03,in_force,ປັດຈຸບັນ,subsidiary_legislation,false,,"https://laoofficialgazette.gov.la/kcfinder/upload/files/632,17,10,2025_0001.pdf",,false,false,false,true,
3,Decree,legaltype=3&old=0,LA-2474,ດຳລັດວ່າດ້ວຍ ນັກຄົ້ນຄວ້າວິທະຍາສາດ,ກະຊວງ ສຶກສາທິການ ແລະ ກິລາ,2025-05-09,2025-10-30,in_force,ປັດຈຸບັນ,subsidiary_legislation,false,,"https://laoofficialgazette.gov.la/kcfinder/upload/files/262,9,5,2025.pdf",,false,false,false,true,
3,Decree,legaltype=3&old=0,LA-2466,ດຳລັດວ່າດ້ວຍ ຖານຂໍ້ມູນພົນລະເມືອງ ແລະ ບັດປະຈຳຕົວ,ກະຊວງ ປ້ອງກັນຄວາມສະຫງົບ,2025-08-04,2025-10-06,in_force,ປັດຈຸບັນ,subsidiary_legislation,false,,"https://laoofficialgazette.gov.la/kcfinder/upload/files/526,4,8,2025.pdf",,false,false,true,true,
3,Decree,legaltype=3&old=0,LA-2456,ດຳລັດວ່າດ້ວຍ ທຸລະກິດນ້ຳມັນເຊື້ອໄຟ,ກະຊວງ ອຸດສາຫະກຳ ແລະ ການຄ້າ,2025-09-09,2025-09-25,in_force,ປັດຈຸບັນ,subsidiary_legislation,false,,"https://laoofficialgazette.gov.la/kcfinder/upload/files/559,9,9,2025.pdf",,false,false,false,true,
3,Decree,legaltype=3&old=0,LA-2453,ດຳລັດວ່າດ້ວຍ ການເອົາເດັກເປັນລູກລ້ຽງ,ກະຊວງ ຍຸຕິທຳ,2025-09-16,2025-09-22,in_force,ປັດຈຸບັນ,subsidiary_legislation,false,,https://laoofficialgazette.gov.la/kcfinder/upload/files/562-16-9-2025_0001.pdf,,false,false,false,true,
3,Decree,legaltype=3&old=0,LA-2451,"ດຳລັດວ່າດ້ວຍ ການກັກ, ຍຶດ ແລະ ອາຍັດທຶນ ຂອງຜູ້ຢູ່ໃນບັນຊີລາຍຊື່ທີ່ພົວພັນກັບ ການກໍ່ການຮ້າຍ ແລະ ການສະໜອງທຶນໃຫ້ແກ່ການກໍ່ການຮ້າຍ",ທະນາຄານແຫ່ງ ສປປ ລາວ,2025-09-04,2025-09-18,in_force,ປັດຈຸບັນ,subsidiary_legislation,false,,"https://laoofficialgazette.gov.la/kcfinder/upload/files/553,4,9,2025.pdf","https://laoofficialgazette.gov.la/kcfinder/upload/files/4 Sept 2025 - 553 - GOV - Decree on Witholding, Seizure or Freezing Funds Related to Terrorism and Financing of Terrorism No.pdf",true,false,true,true,
3,Decree,legaltype=3&old=0,LA-2452,ດຳລັດວ່າດ້ວຍ ການປັບໃໝ ແລະ ມາດຕະການອື່ນຕໍ່ຜູ້ລະເມີດກົດໝາຍ ແລະ ລະບຽບການ ກ່ຽວກັບການຕ້ານການຟອກເງິນ ແລະ ການສະໜອງທຶນໃຫ້ແກ່ການກໍ່ການຮ້າຍ ແລະ ການແຜ່ຜາຍອາວຸດທຳລາຍລ້າງຜານ,ທະນາຄານແຫ່ງ ສປປ ລາວ,2025-09-04,2025-09-18,in_force,ປັດຈຸບັນ,subsidiary_legislation,false,,"https://laoofficialgazette.gov.la/kcfinder/upload/files/555,4,9,2025.pdf",https://laoofficialgazette.gov.la/kcfinder/upload/files/4 Sep 2025 - 555 - GOV - Decree on Fines and other Measures Against violation of Laws and Regulations on AML. CFT and CPF  No.pdf,true,false,true,true,
3,Decree,legaltype=3&old=0,LA-2442,ດຳລັດວ່າດ້ວຍ ການຕ້ານການສະໜອງທຶນໃຫ້ແກ່ການແຜ່ຜາຍອາວຸດທຳລາຍລ້າງຜານ,ທະນາຄານແຫ່ງ ສປປ ລາວ,2025-09-04,2025-09-12,in_force,ປັດຈຸບັນ,subsidiary_legislation,false,,https://laoofficialgazette.gov.la/kcfinder/upload/files/554-04-09-2025_0001.pdf,https://laoofficialgazette.gov.la/kcfinder/upload/files/4 Sept 2025 - 554 - GOV - Decree on Countering the Financing of Proliferation No..pdf,true,false,false,true,
3,Decree,legaltype=3&old=0,LA-2439,ດຳລັດວ່າດ້ວຍ ມູນນິທິ,ຄະນະຈັດຕັ້ງສູນກາງພັກ,2025-08-18,2025-09-04,in_force,ປັດຈຸບັນ,subsidiary_legislation,false,,"https://laoofficialgazette.gov.la/kcfinder/upload/files/535,18,8,2025.pdf",,false,false,false,true,
3,Decree,legaltype=3&old=0,LA-2438,ດຳລັດວ່າດ້ວຍ ສະມາຄົມ,ຄະນະຈັດຕັ້ງສູນກາງພັກ,2025-08-18,2025-09-04,in_force,ປັດຈຸບັນ,subsidiary_legislation,false,,"https://laoofficialgazette.gov.la/kcfinder/upload/files/536,18,8,2025.pdf",,false,false,false,true,
3,Decree,legaltype=3&old=0,LA-2437,ດຳລັດວ່າດ້ວຍ ຕາປະທັບ,ຄະນະຈັດຕັ້ງສູນກາງພັກ,2025-08-26,2025-09-04,in_force,ປັດຈຸບັນ,subsidiary_legislation,false,,"https://laoofficialgazette.gov.la/kcfinder/upload/files/549,26,8,2025.pdf",,false,false,false,true,
3,Decree,legaltype=3&old=0,LA-2434,ດຳລັດວ່າດ້ວຍ ການກວດກາແຮງງານ,ກະຊວງ ແຮງງານ ແລະ ສະຫວັດດີການສັງຄົມ,2025-05-28,2025-09-01,in_force,ປັດຈຸບັນ,subsidiary_legislation,false,,"https://laoofficialgazette.gov.la/kcfinder/upload/files/289,28,5,2025.pdf",,false,false,true,true,
3,Decree,legaltype=3&old=0,LA-2417,ດຳລັດວ່າດ້ວຍ ການຄຸ້ມຄອງ ການກູ້ຢືມ ແລະ ການຄ້ຳປະກັນ,ກະຊວງ ການເງິນ,2025-07-10,2025-08-11,in_force,ປັດຈຸບັນ,subsidiary_legislation,false,,"https://laoofficialgazette.gov.la/kcfinder/upload/files/490,10,7,2025.pdf",,false,false,false,true,
3,Decree,legaltype=3&old=0,LA-2406,ດຳລັດວ່າດ້ວຍ ນິຄົມອຸດສາຫະກຳ,ກະຊວງ ອຸດສາຫະກຳ ແລະ ການຄ້າ,2025-06-06,2025-07-17,in_force,ປັດຈຸບັນ,subsidiary_legislation,false,,https://laoofficialgazette.gov.la/kcfinder/upload/files/313.6.6.2025.pdf,,false,false,false,true,
3,Decree,legaltype=3&old=0,LA-2402,ດຳລັດວ່າດ້ວຍ ຜູ້ອາຍຸສູງ,ກະຊວງ ແຮງງານ ແລະ ສະຫວັດດີການສັງຄົມ,2021-07-12,2025-06-30,in_force,ປັດຈຸບັນ,subsidiary_legislation,false,,https://laoofficialgazette.gov.la/kcfinder/upload/files/ 473.12.7.2021.pdf,,false,false,false,true,
3,Decree,legaltype=3&old=0,LA-2390,ດຳລັດວ່າດ້ວຍ ເຂດສະຫງວນທາງລົດໄຟແຫ່ງຊາດ,ກະຊວງ ໂຍທາທິການ ແລະ ຂົນສົ່ງ,2025-05-12,2025-06-18,in_force,ປັດຈຸບັນ,subsidiary_legislation,false,,https://laoofficialgazette.gov.la/kcfinder/upload/files/ 264. 12.5.2025.pdf,,false,false,false,true,
3,Decree,legaltype=3&old=0,LA-2389,ດຳລັດວ່າດ້ວຍ ກອງທຶນຄວາມປອດໄພທາງລົດໄຟ,ກະຊວງ ໂຍທາທິການ ແລະ ຂົນສົ່ງ,2025-05-09,2025-06-18,in_force,ປັດຈຸບັນ,subsidiary_legislation,false,,https://laoofficialgazette.gov.la/kcfinder/upload/files/ 263. 9.5.2025.pdf,,false,false,false,true,
3,Decree,legaltype=3&old=0,LA-2380,ດຳລັດວ່າດ້ວຍ ສິນເຊື່ອກາກບອນ,ກະຊວງ ກະສິກຳ ແລະ ສິ່ງແວດລ້ອມ,2025-05-28,2025-06-09,in_force,ປັດຈຸບັນ,subsidiary_legislation,false,,https://laoofficialgazette.gov.la/kcfinder/upload/files/292. 28.5.2025.pdf,,false,false,false,true,
3,Decree,legaltype=3&old=0,LA-2352,ດຳລັດວ່າດ້ວຍ ການແກ້ໄຂບັນຫາລະເບີດບໍ່ທັນແຕກທີ່ຕົກຄ້າງ,ກະຊວງ ການຕ່າງປະເທດ,2025-03-04,2025-03-27,in_force,ປັດຈຸບັນ,subsidiary_legislation,false,,https://laoofficialgazette.gov.la/kcfinder/upload/files/ດໍາລັດ ວ່າດ້ວຍ ການແກ້ໄຂບັນຫາລະເບີດບໍ່ທັນແຕກທີ່ຕົກຄ້າງ ປີ 2025 (166-ລບ).pdf,,false,false,false,true,
3,Decree,legaltype=3&old=0,LA-2350,ດຳລັດວ່າດ້ວຍ ການຈັດຕັ້ງ ແລະ ການເຄື່ອນໄຫວ ຂອງຄະນະກຳມະການແກ້ໄຂບັນຫາຢາເສບຕິດ,ກະຊວງ ປ້ອງກັນຄວາມສະຫງົບ,2024-12-17,2025-03-20,in_force,ປັດຈຸບັນ,subsidiary_legislation,false,,https://laoofficialgazette.gov.la/kcfinder/upload/files/701.pdf,,false,false,false,true,
3,Decree,legaltype=3&old=0,LA-2349,ດຳລັດວ່າດ້ວຍ ທີ່ດິນກະສິກຳ,ກະຊວງ ກະສິກຳ ແລະ ສິ່ງແວດລ້ອມ,2025-02-27,2025-03-13,in_force,ປັດຈຸບັນ,subsidiary_legislation,false,,https://laoofficialgazette.gov.la/kcfinder/upload/files/163. 27.2.2025.pdf,,false,false,false,true,
3,Decree,legaltype=3&old=0,LA-2344,ດຳລັດວ່າດ້ວຍ ການປະຕິບັດນະໂຍບາຍຕໍ່ຜູ້ມີຜົນງານ ແລະ ຄຸນງາມຄວາມດີໃນພາລະກິດ ການປະຕິວັດຊາດ ປະຊາທິປະໄຕ,ກະຊວງ ແຮງງານ ແລະ ສະຫວັດດີການສັງຄົມ,2025-01-27,2025-03-06,in_force,ປັດຈຸບັນ,subsidiary_legislation,false,,https://laoofficialgazette.gov.la/kcfinder/upload/files/ 57.27.1.2025.pdf,,false,false,false,true,
3,Decree,legaltype=3&old=0,LA-2341,"ດຳລັດວ່າດ້ວຍ ກອງທຶນຄວບຄຸມ, ສະກັດກັ້ນ ແລະ ຕ້ານຢາເສບຕິດ",ກະຊວງ ປ້ອງກັນຄວາມສະຫງົບ,2024-11-19,2025-02-28,in_force,ປັດຈຸບັນ,subsidiary_legislation,false,,https://laoofficialgazette.gov.la/kcfinder/upload/files/639 19.11.2024.pdf,,false,false,false,true,
3,Decree,legaltype=3&old=0,LA-2330,ດຳລັດວ່າດ້ວຍ ກະສິກຳແບບມີສັນຍາ,ກະຊວງ ກະສິກຳ ແລະ ສິ່ງແວດລ້ອມ,2025-01-27,2025-02-06,in_force,ປັດຈຸບັນ,subsidiary_legislation,false,,https://laoofficialgazette.gov.la/kcfinder/upload/files/56.270125.pdf,,false,false,false,true,
3,Decree,legaltype=3&old=0,LA-2317,"ດຳລັດວ່າດ້ວຍ ການເຄື່ອນຍ້າຍ, ນຳເຂົ້າ, ສົ່ງອອກ, ສົ່ງຜ່ານ ສັດ, ສັດນໍ້າ, ຜະລິດຕະພັນສັດ ແລະ ສັດນໍ້າ",ກະຊວງ ກະສິກຳ ແລະ ສິ່ງແວດລ້ອມ,2024-11-25,2024-12-26,in_force,ປັດຈຸບັນ,subsidiary_legislation,false,,"https://laoofficialgazette.gov.la/kcfinder/upload/files/644, 25.11.2024.pdf",,false,false,false,true,
3,Decree,legaltype=3&old=0,LA-2315,ດຳລັດວ່າດ້ວຍ ການດຳລົງຊິີວິດຢ່າງຖາວອນ ຢູ່ ສປປ ລາວ ຂອງຄົນເຊື້ອຊາດລາວຢູ່ຕ່າງປະເທດ,ກະຊວງ ການຕ່າງປະເທດ,2024-11-20,2024-12-23,in_force,ປັດຈຸບັນ,subsidiary_legislation,false,,https://laoofficialgazette.gov.la/kcfinder/upload/files/642.pdf,,false,false,false,true,
3,Decree,legaltype=3&old=0,LA-2307,ດຳລັດວ່າດ້ວຍ ການຫັນຫົວໜ່ວຍວິຊາການເປັນເຈົ້າຕົນເອງ,ກະຊວງ ພາຍໃນ,2024-05-22,2024-12-16,in_force,ປັດຈຸບັນ,subsidiary_legislation,false,,https://laoofficialgazette.gov.la/kcfinder/upload/files/282-22-5-2024.pdf,,false,false,false,true,
3,Decree,legaltype=3&old=0,LA-2308,ດຳລັດວ່າດ້ວຍ ພາລະກອນ,ກະຊວງ ພາຍໃນ,2024-05-22,2024-12-16,in_force,ປັດຈຸບັນ,subsidiary_legislation,false,,https://laoofficialgazette.gov.la/kcfinder/upload/files/283-22-5-2024.pdf,,false,false,false,true,
3,Decree,legaltype=3&old=0,LA-2299,ດຳລັດ ວ່າດ້ວຍດ່ານເຂົ້າ-ອອກ ສປປ ລາວ,ກະຊວງ ພາຍໃນ,2024-11-25,2024-12-09,in_force,ປັດຈຸບັນ,subsidiary_legislation,false,,https://laoofficialgazette.gov.la/kcfinder/upload/files/643.pdf,,false,false,false,true,
3,Decree,legaltype=3&old=0,LA-2276,ດຳລັດວ່າດ້ວຍ ການສຶກສາກ່ອນໄວຮຽນ,ກະຊວງ ສຶກສາທິການ ແລະ ກິລາ,2024-09-04,2024-09-30,in_force,ປັດຈຸບັນ,subsidiary_legislation,false,,https://laoofficialgazette.gov.la/kcfinder/upload/files/391.pdf,,false,false,false,true,
3,Decree,legaltype=3&old=0,LA-2275,ດຳລັດວ່າດ້ວຍ ການສຶກສາພາກເອກະຊົນ,ກະຊວງ ສຶກສາທິການ ແລະ ກິລາ,2024-07-19,2024-09-30,in_force,ປັດຈຸບັນ,subsidiary_legislation,false,,https://laoofficialgazette.gov.la/kcfinder/upload/files/332.pdf,,false,false,false,true,
3,Decree,legaltype=3&old=0,LA-2270,ດຳລັດວ່າດ້ວຍ ການປັບໃໝ ແລະ ມາດຕະການອື່ນຕໍ່ຜູ້ລະເມີດກົດໝາຍ ແລະ ລະບຽບການ ກ່ຽວກັບປ່າໄມ້,ກະຊວງ ກະສິກຳ ແລະ ສິ່ງແວດລ້ອມ,2024-08-21,2024-09-11,in_force,ປັດຈຸບັນ,subsidiary_legislation,false,,https://laoofficialgazette.gov.la/kcfinder/upload/files/365.pdf,,false,false,false,true,
3,Decree,legaltype=3&old=0,LA-2258,"ດຳລັດວ່າດ້ວຍ ການຄຸ້ມຄອງການຄ້າຂາຍ ສັດນ້ຳ, ສັດປ່າ ແລະ ພຶດປ່າ ທີ່ໃກ້ຈະສູນພັນ ລະຫວ່າງຊາດ",ກະຊວງ ກະສິກຳ ແລະ ສິ່ງແວດລ້ອມ,2024-06-05,2024-07-04,in_force,ປັດຈຸບັນ,subsidiary_legislation,false,,https://laoofficialgazette.gov.la/kcfinder/upload/files/299ລບ5.6.2024.pdf,,false,false,false,true,
3,Decree,legaltype=3&old=0,LA-2252,ດຳລັດວ່າດ້ວຍ ນະໂຍບາຍຕໍ່ຜູ້ມີຜົນງານ ແລະ ສະກັດກັ້ນການລະເມີດກົດໝາຍ ແລະ ລະບຽບການ ກ່ຽວກັບງົບປະມານແຫ່ງລັດ,ກະຊວງ ການເງິນ,2023-11-13,2024-06-18,in_force,ປັດຈຸບັນ,subsidiary_legislation,false,,https://laoofficialgazette.gov.la/kcfinder/upload/files/349. 18.6.2024.pdf,,false,false,false,true,
3,Decree,legaltype=3&old=0,LA-2250,ດຳລັດວ່າດ້ວຍ ທ່າບົກ,ກະຊວງ ໂຍທາທິການ ແລະ ຂົນສົ່ງ,2024-06-05,2024-06-13,in_force,ປັດຈຸບັນ,subsidiary_legislation,false,,https://laoofficialgazette.gov.la/kcfinder/upload/files/298.pdf,,false,false,false,true,
3,Decree,legaltype=3&old=0,LA-2245,ດຳລັດວ່າດວຍ ກອງທຶນພັດທະນາໂທລະຄົມມະນາຄົມ ແລະ ການຫັນເປັນດີຈີຕອນ,ກະຊວງ ເຕັກໂນໂລຊີ ແລະ ການສື່ສານ,2024-05-22,2024-06-07,in_force,ປັດຈຸບັນ,subsidiary_legislation,false,,https://laoofficialgazette.gov.la/kcfinder/upload/files/ 278. 5.6.2024.pdf,,false,false,true,true,
3,Decree,legaltype=3&old=0,LA-2201,ດຳລັດວ່າດ້ວຍ ກອງທຶນນ້ຳມັນເຊື້ອໄຟ,ກະຊວງ ອຸດສາຫະກຳ ແລະ ການຄ້າ,2024-01-16,2024-02-06,in_force,ປັດຈຸບັນ,subsidiary_legislation,false,,https://laoofficialgazette.gov.la/kcfinder/upload/files/83.pdf,,false,false,false,true,
3,Decree,legaltype=3&old=0,LA-2196,ດຳລັດວ່າດ້ວຍ ປ່າປ້ອງກັນ,ກະຊວງ ກະສິກຳ ແລະ ສິ່ງແວດລ້ອມ,2024-01-04,2024-01-31,in_force,ປັດຈຸບັນ,subsidiary_legislation,false,,https://laoofficialgazette.gov.la/kcfinder/upload/files/01ລບ04.01.2024.pdf,,false,false,false,true,
3,Decree,legaltype=3&old=0,LA-2195,ດຳລັດວ່າດ້ວຍ ປ່າຜະລິດ,ກະຊວງ ກະສິກຳ ແລະ ສິ່ງແວດລ້ອມ,2024-01-04,2024-01-31,in_force,ປັດຈຸບັນ,subsidiary_legislation,false,,https://laoofficialgazette.gov.la/kcfinder/upload/files/02.pdf,,false,false,false,true,
3,Decree,legaltype=3&old=0,LA-2187,ດຳລັດວ່າດ້ວຍ ກອງທຶນພັດທະນາອາຊີວະສຶກສາ,ກະຊວງ ສຶກສາທິການ ແລະ ກິລາ,2023-04-19,2024-01-15,in_force,ປັດຈຸບັນ,subsidiary_legislation,false,,https://laoofficialgazette.gov.la/kcfinder/upload/files/(194ລບ) ດຳລັດວ່າດ້ວຍ ກອງທຶນພັດທະນາອາຊີວະສຶກສາ.pdf,,false,false,false,true,
3,Decree,legaltype=3&old=0,LA-2183,ດຳລັດວ່າດ້ວຍ ການປັບໃໝ ແລະ ການນຳໃຊ້ມາດຕະການອື່ນ ຕໍ່ຜູ້ລະເມີດກົດໝາຍ ແລະ ລະບຽບການ ກ່ຽວກັບແຮ່ທາດ,ກະຊວງ ອຸດສາຫະກຳ ແລະ ການຄ້າ,2023-12-01,2024-01-11,in_force,ປັດຈຸບັນ,subsidiary_legislation,false,,https://laoofficialgazette.gov.la/kcfinder/upload/files/373.pdf,,false,false,false,true,
3,Decree,legaltype=3&old=0,LA-2171,ດຳລັດວ່າດ້ວຍ ທີ່ດິນບໍລິເວນນໍ້າ,ກະຊວງ ກະສິກຳ ແລະ ສິ່ງແວດລ້ອມ,2023-11-13,2023-12-19,in_force,ປັດຈຸບັນ,subsidiary_legislation,false,,https://laoofficialgazette.gov.la/kcfinder/upload/files/350ລບ2023.pdf,,false,false,false,true,
3,Decree,legaltype=3&old=0,LA-2166,ດຳລັດວ່າດ້ວຍ ການປັບໃໝ ແລະ ມາດຕະການອື່ນ ຕໍ່ຜູ້ລະເມີດກົດໝາຍ ແລະ ລະບຽບການ ກ່ຽວກັບການບິນພົນລະເຮືອນ,ກະຊວງ ໂຍທາທິການ ແລະ ຂົນສົ່ງ,2023-11-20,2023-12-11,in_force,ປັດຈຸບັນ,subsidiary_legislation,false,,https://laoofficialgazette.gov.la/kcfinder/upload/files/35455555.pdf,,false,false,false,true,
3,Decree,legaltype=3&old=0,LA-2165,ດຳລັດວ່າດ້ວຍ ຄອນໂດມີນຽມ,ກະຊວງ ກະສິກຳ ແລະ ສິ່ງແວດລ້ອມ,2023-11-14,2023-12-07,in_force,ປັດຈຸບັນ,subsidiary_legislation,false,,https://laoofficialgazette.gov.la/kcfinder/upload/files/352ລບ2023.pdf,,false,false,false,true,
3,Decree,legaltype=3&old=0,LA-2163,ດຳລັດວ່າດ້ວຍ ການຄຸ້ມຄອງສິນຄ້ານຳໃຊ້ສອງດ້ານ,ກະຊວງ ອຸດສາຫະກຳ ແລະ ການຄ້າ,2023-11-20,2023-12-05,in_force,ປັດຈຸບັນ,subsidiary_legislation,false,,https://laoofficialgazette.gov.la/kcfinder/upload/files/355.pdf,,false,false,false,true,
3,Decree,legaltype=3&old=0,LA-2152,ດຳລັດວ່າດ້ວຍ ການເຄື່ອນໄຫວຂອງສຳນັກງານຜູ້ຕາງໜ້າເພື່ອພັດທະນາເສດຖະກິດຂອງຊາດ,ກະຊວງ ການຕ່າງປະເທດ,2023-09-01,2023-11-02,in_force,ປັດຈຸບັນ,subsidiary_legislation,false,,https://laoofficialgazette.gov.la/kcfinder/upload/files/274ລບ2023.pdf,,false,false,false,true,
3,Decree,legaltype=3&old=0,LA-2148,ດຳລັດວ່າດ້ວຍ ທຶນພັດທະນາຊຸມຊົນ ໃນທຸລະກິດກ່ຽວກັບແຮ່ທາດ,ກະຊວງ ອຸດສາຫະກຳ ແລະ ການຄ້າ,2023-08-03,2023-11-01,in_force,ປັດຈຸບັນ,subsidiary_legislation,false,,https://laoofficialgazette.gov.la/kcfinder/upload/files/246ລບ3.8.2023.pdf,,false,false,false,true,
3,Decree,legaltype=3&old=0,LA-2141,ດຳລັດວ່າດ້ວຍ ກຳລັງສຳຮອງປ້ອງກັນຊາດ,ກະຊວງ ປ້ອງກັນປະເທດ,2021-03-02,2023-10-31,in_force,ປັດຈຸບັນ,subsidiary_legislation,false,,https://laoofficialgazette.gov.la/kcfinder/upload/files/148ລບ2.3.2021.pdf,,false,false,false,true,
3,Decree,legaltype=3&old=0,LA-2120,ດຳລັດວ່າດ້ວຍ ກອງທຶນເລືອດ,ອົງການກາແດງແຫ່ງຊາດລາວ,2023-08-23,2023-10-04,in_force,ປັດຈຸບັນ,subsidiary_legislation,false,,https://laoofficialgazette.gov.la/kcfinder/upload/files/258ລບ23.8.2023.pdf,https://laoofficialgazette.gov.la/kcfinder/upload/files/Decree on Blood Fund No 258GOV - 23082023.docx,true,false,false,true,
3,Decree,legaltype=3&old=0,LA-2119,ດຳລັດວ່າດ້ວຍ ກອງທຶນຊ່ວຍເຫຼືອສຸກເສີນ,ອົງການກາແດງແຫ່ງຊາດລາວ,2023-08-23,2023-10-04,in_force,ປັດຈຸບັນ,subsidiary_legislation,false,,https://laoofficialgazette.gov.la/kcfinder/upload/files/257ລບ23.8.2023.pdf,https://laoofficialgazette.gov.la/kcfinder/upload/files/Decree on Emergency Relief Fund No 257GOV - 23082023.pdf,true,false,false,true,
3,Decree,legaltype=3&old=0,LA-2117,ດຳລັດວ່າດ້ວຍ ເລກປະຈຳຕົວຜູ້ເສຍອາກອນ,ກະຊວງ ການເງິນ,2023-06-02,2023-09-28,in_force,ປັດຈຸບັນ,subsidiary_legislation,false,,https://laoofficialgazette.gov.la/kcfinder/upload/files/213ລບ2023.pdf,,false,false,false,true,
3,Decree,legaltype=3&old=0,LA-2074,ດຳລັດວ່າດ້ວຍ ລັດຖະກອນຄູ,ກະຊວງ ສຶກສາທິການ ແລະ ກິລາ,2023-05-12,2023-09-21,in_force,ປັດຈຸບັນ,subsidiary_legislation,false,,https://laoofficialgazette.gov.la/kcfinder/upload/files/202 ລບ 12.5.2023.pdf,,false,false,false,true,
3,Decree,legaltype=3&old=0,LA-2076,ດຳລັດວ່າດ້ວຍ ເຂດປອດພາສີ ແລະ ຮ້ານຄ້າປອດພາສີ,ກະຊວງ ການເງິນ,2023-06-02,2023-09-21,in_force,ປັດຈຸບັນ,subsidiary_legislation,false,,"https://laoofficialgazette.gov.la/kcfinder/upload/files/212ລບ 2,6,2023.pdf",https://laoofficialgazette.gov.la/kcfinder/upload/files/Decree on Customs Free Zone_EN.pdf,true,false,false,true,
3,Decree,legaltype=3&old=0,LA-2079,ດຳລັດວ່າດ້ວຍ ການສ້າງແຜນງົບປະມານແຫ່ງລັດ,ກະຊວງ ການເງິນ,2023-08-18,2023-09-21,in_force,ປັດຈຸບັນ,subsidiary_legislation,false,,"https://laoofficialgazette.gov.la/kcfinder/upload/files/254 ລບ18,8,2023.pdf",,false,false,false,true,
3,Decree,legaltype=3&old=0,LA-2077,ດຳລັດວ່າດ້ວຍ ປ່າສະຫງວນ,ກະຊວງ ກະສິກຳ ແລະ ສິ່ງແວດລ້ອມ,2023-06-20,2023-06-26,in_force,ປັດຈຸບັນ,subsidiary_legislation,false,,https://laoofficialgazette.gov.la/kcfinder/upload/files/law_2511689686027.pdf,https://laoofficialgazette.gov.la/kcfinder/upload/files/Decree on Protected Area_No.219_DOF.pdf,true,false,false,true,
3,Decree,legaltype=3&old=0,LA-2065,ດຳລັດວ່າດ້ວຍ ການປັບໃໝ ແລະ ນຳໃຊ້ມາດຕະການອື່ນ ຕໍ່ຜູ້ລະເມີດກົດໝາຍ ແລະ ລະບຽບການ ກ່ຽວກັບການວັດແທກ,ກະຊວງ ອຸດສາຫະກຳ ແລະ ການຄ້າ,2023-04-07,2023-05-12,in_force,ປັດຈຸບັນ,subsidiary_legislation,false,,https://laoofficialgazette.gov.la/kcfinder/upload/files/192ລບ7.4.2023.pdf,,false,false,false,true,
3,Decree,legaltype=3&old=0,LA-2064,ດຳລັດວ່າດ້ວຍ ການປັບໃໝ ແລະ ນຳໃຊ້ມາດຕະການອື່ນ ຕໍ່ຜູ້ລະເມີດກົດໝາຍ ແລະ ລະບຽບການ ກ່ຽວກັບມາດຕະຖານ,ກະຊວງ ອຸດສາຫະກຳ ແລະ ການຄ້າ,2023-04-07,2023-05-12,in_force,ປັດຈຸບັນ,subsidiary_legislation,false,,https://laoofficialgazette.gov.la/kcfinder/upload/files/191ລບ7.4.2023.pdf,,false,false,false,true,
3,Decree,legaltype=3&old=0,LA-2008,ດຳລັດ ວ່າດ້ວຍການປະເມີນຜົນກະທົບຕໍ່ສິ່ງແວດລ້ອມ,ກະຊວງ ກະສິກຳ ແລະ ສິ່ງແວດລ້ອມ,2022-10-20,2023-02-17,in_force,ປັດຈຸບັນ,subsidiary_legislation,false,,https://laoofficialgazette.gov.la/kcfinder/upload/files/389ລບ20.10.2022.pdf,,false,false,false,true,
3,Decree,legaltype=3&old=0,LA-2000,ດຳລັດ ວ່າດ້ວຍທຶນການສຶກສາຕ່າງປະເທດ ແລະ ຜູ້ຮຽນ,ກະຊວງ ສຶກສາທິການ ແລະ ກິລາ,2023-01-26,2023-02-13,in_force,ປັດຈຸບັນ,subsidiary_legislation,false,,https://laoofficialgazette.gov.la/kcfinder/upload/files/83ລບ26.1.2023.pdf,,false,false,false,true,
3,Decree,legaltype=3&old=0,LA-1999,"ດຳລັດ ວ່າດ້ວຍກອງທຶນສົ່ງເສີມ ຈຸນລະວິສາຫະກິດ, ວິສາຫະກິດຂະໜາດນ້ອຍ ແລະ ກາງ",ກະຊວງ ອຸດສາຫະກຳ ແລະ ການຄ້າ,2023-01-12,2023-02-09,in_force,ປັດຈຸບັນ,subsidiary_legislation,false,,https://laoofficialgazette.gov.la/kcfinder/upload/files/05ລບ12.1.2023.pdf,,false,false,false,true,
3,Decree,legaltype=3&old=0,LA-1998,"ດຳລັດ ວ່າດ້ວຍການກຳນົດຂະໜາດ ຈຸນລະວິສາຫະກິດ, ວິສາຫະກິດຂະໜາດນ້ອຍ ແລະ ກາງ",ກະຊວງ ອຸດສາຫະກຳ ແລະ ການຄ້າ,2023-01-12,2023-02-09,in_force,ປັດຈຸບັນ,subsidiary_legislation,false,,https://laoofficialgazette.gov.la/kcfinder/upload/files/04ລບ12.1.2023.pdf,,false,false,false,true,
3,Decree,legaltype=3&old=0,LA-1990,ດຳລັດ ວ່າດ້ວຍກອງທຶນກິລາ-ກາຍຍະກຳ,ກະຊວງ ສຶກສາທິການ ແລະ ກິລາ,2022-08-29,2023-01-30,in_force,ປັດຈຸບັນ,subsidiary_legislation,false,,https://laoofficialgazette.gov.la/kcfinder/upload/files/295ລບ2022.pdf,,false,false,false,true,
3,Decree,legaltype=3&old=0,LA-1987,ດຳລັດ ວ່າດ້ວຍການຈັດຕັ້ງປະຕິບັດແຜນຜັງລວມຕົວເມືອງ ນະຄອນຫຼວງວຽງຈັນ 2023,ກະຊວງ ໂຍທາທິການ ແລະ ຂົນສົ່ງ,2022-12-26,2023-01-17,in_force,ປັດຈຸບັນ,subsidiary_legislation,false,,https://laoofficialgazette.gov.la/kcfinder/upload/files/372ນຍ2022.pdf,,false,false,false,true,
3,Decree,legaltype=3&old=0,LA-1965,ດຳລັດ ວ່າດ້ວຍ ນະໂຍບາຍລາຄານໍ້າປະປາ,ກະຊວງ ໂຍທາທິການ ແລະ ຂົນສົ່ງ,2022-11-01,2022-11-28,in_force,ປັດຈຸບັນ,subsidiary_legislation,false,,https://laoofficialgazette.gov.la/kcfinder/upload/files/346.ລບ. 1.11.2022.pdf,,false,false,false,true,
3,Decree,legaltype=3&old=0,LA-1960,ດຳລັດ ວ່າດ້ວຍ ການສ້າງຕັ້ງປ່າປ້ອງກັນແຫ່ງຊາດ ຍອດນໍ້າງື່ມ,ກະຊວງ ກະສິກຳ ແລະ ສິ່ງແວດລ້ອມ,2022-10-25,2022-11-16,in_force,ປັດຈຸບັນ,subsidiary_legislation,false,,https://laoofficialgazette.gov.la/kcfinder/upload/files/345.ນຍ 25.10.2022.pdf,,false,false,false,true,
3,Decree,legaltype=3&old=0,LA-1959,ດຳລັດ ວ່າດ້ວຍ ການສ້າງຕັ້ງ ປ່າປ້ອງກັນແຫ່ງຊາດ ຍອດນໍ້າງຽບ,ກະຊວງ ກະສິກຳ ແລະ ສິ່ງແວດລ້ອມ,2022-10-25,2022-11-16,in_force,ປັດຈຸບັນ,subsidiary_legislation,false,,https://laoofficialgazette.gov.la/kcfinder/upload/files/344.ນຍ 25.10.2022.pdf,,false,false,false,true,
3,Decree,legaltype=3&old=0,LA-1958,ດຳລັດ ວ່າດ້ວຍ ການສ້າງຕັ້ງປ່າປ້ອງກັນແຫ່ງຊາດ ພູຫຼວງ-ພູເຂົານົກ,ກະຊວງ ກະສິກຳ ແລະ ສິ່ງແວດລ້ອມ,2022-10-25,2022-11-16,in_force,ປັດຈຸບັນ,subsidiary_legislation,false,,https://laoofficialgazette.gov.la/kcfinder/upload/files/343.ນຍ 25.10.2022.pdf,,false,false,false,true,
3,Decree,legaltype=3&old=0,LA-1957,ດຳລັດ ວ່າດ້ວຍ ການສ້າງຕັ້ງປ່າປ້ອງກັນແຫ່ງຊາດ ແຫຼ່ງນໍ້າມັດ,ກະຊວງ ກະສິກຳ ແລະ ສິ່ງແວດລ້ອມ,2022-10-25,2022-11-16,in_force,ປັດຈຸບັນ,subsidiary_legislation,false,,https://laoofficialgazette.gov.la/kcfinder/upload/files/342.ນຍ. 25.10.2022.pdf,,false,false,false,true,
3,Decree,legaltype=3&old=0,LA-1956,ດຳລັດ ວ່າດ້ວຍການສ້າງຕັ້ງ ປ່າປ້ອງກັນແຫ່ງຊາດ ແຫຼ່ງນໍ້າຄຽນ-ນໍ້າໂມ້,ກະຊວງ ກະສິກຳ ແລະ ສິ່ງແວດລ້ອມ,2022-10-25,2022-11-16,in_force,ປັດຈຸບັນ,subsidiary_legislation,false,,https://laoofficialgazette.gov.la/kcfinder/upload/files/341.ນຍ  25.10.2022.pdf,,false,false,false,true,
3,Decree,legaltype=3&old=0,LA-1945,ດຳລັດ ວ່າດ້ວຍວິສາຫະກິດລັດລົງທຶນ,ກະຊວງ ການເງິນ,2022-09-02,2022-10-31,in_force,ປັດຈຸບັນ,subsidiary_legislation,false,,https://laoofficialgazette.gov.la/kcfinder/upload/files/322ລບ 2.9.2022.pdf,,false,false,false,true,
3,Decree,legaltype=3&old=0,LA-1942,ດຳລັດ ວ່າດ້ວຍການສົ່ງເສີມອາຫານທ່ຽງໃນໂຮງຮຽນ,ກະຊວງ ສຶກສາທິການ ແລະ ກິລາ,2022-08-11,2022-10-20,in_force,ປັດຈຸບັນ,subsidiary_legislation,false,,https://laoofficialgazette.gov.la/kcfinder/upload/files/283 ລບ 11.8.2022-1-9.pdf,https://laoofficialgazette.gov.la/kcfinder/upload/files/ແປດຳລັດ ອາຫານທ່ຽງ Update as 11 Oct (1).pdf,true,false,false,true,
3,Decree,legaltype=3&old=0,LA-1931,ດຳລັດ ວ່າດ້ວຍຫ້ອງການໄກ່ເກຍ່ຂໍ້ຂັດແຍ່ງທາງດ້ານເສດຖະກິດເອກະຊົນ,ກະຊວງ ຍຸຕິທຳ,2022-08-29,2022-09-30,in_force,ປັດຈຸບັນ,subsidiary_legislation,false,,https://laoofficialgazette.gov.la/kcfinder/upload/files/293ລບ29.8.2022.pdf,,false,false,false,true,
3,Decree,legaltype=3&old=0,LA-1932,ດຳລັດ ວ່າດ້ວຍຄ່າແຮງງານຂອງຜູ້ແກ້ໄຂຂໍ້ຂັດແຍ່ງທາງດ້ານເສດຖະກິດ,ກະຊວງ ຍຸຕິທຳ,2022-08-29,2022-09-30,in_force,ປັດຈຸບັນ,subsidiary_legislation,false,,https://laoofficialgazette.gov.la/kcfinder/upload/files/294ລບ29.8.2022.pdf,,false,false,true,true,
3,Decree,legaltype=3&old=0,LA-1929,ດຳລັດ ວ່າດ້ວຍພົນລະເມືອງກິດຕິມະສັກ ຂອງ ສປປ ລາວ,ກະຊວງ ຍຸຕິທຳ,2022-08-09,2022-09-23,in_force,ປັດຈຸບັນ,subsidiary_legislation,false,,https://laoofficialgazette.gov.la/kcfinder/upload/files/279ລບ9.8.2022.pdf,,false,false,false,true,
3,Decree,legaltype=3&old=0,LA-1926,ດຳລັດ ວ່າດ້ວຍການຄຸ້ມຄອງໃບເກັບເງິນ,ກະຊວງ ການເງິນ,2022-08-29,2022-09-19,in_force,ປັດຈຸບັນ,subsidiary_legislation,false,,https://laoofficialgazette.gov.la/kcfinder/upload/files/297ລບ 29.8.2022.pdf,,false,false,false,true,
3,Decree,legaltype=3&old=0,LA-1924,ດຳລັດ ວ່າດ້ວຍການປະຢັດ ແລະ ຕ້ານການຟູມເຟືອຍ,ກະຊວງ ການເງິນ,2022-07-22,2022-09-07,in_force,ປັດຈຸບັນ,subsidiary_legislation,false,,https://laoofficialgazette.gov.la/kcfinder/upload/files/205ລບ2022.pdf,,false,false,false,true,
3,Decree,legaltype=3&old=0,LA-1919,ດຳລັດ ວ່າດ້ວຍການບໍລິຫານ ແລະ ບໍລິການລັດ ແບບດີຈີຕອນ,ກະຊວງ ເຕັກໂນໂລຊີ ແລະ ການສື່ສານ,2022-08-17,2022-09-06,in_force,ປັດຈຸບັນ,subsidiary_legislation,false,,https://laoofficialgazette.gov.la/kcfinder/upload/files/290ລບ2022.pdf,,false,false,false,true,
3,Decree,legaltype=3&old=0,LA-1917,"ດຳລັດ ວ່າດ້ວຍຊັບສິນທີ່ຖືກຍຶດ, ອາຍັດ ແລະ ຮິບເປັນຂອງລັດ",ກະຊວງ ຍຸຕິທຳ,2022-08-09,2022-09-02,in_force,ປັດຈຸບັນ,subsidiary_legislation,false,,https://laoofficialgazette.gov.la/kcfinder/upload/files/280ລບ2022.pdf,,false,false,false,true,
3,Decree,legaltype=3&old=0,LA-1901,ດຳລັດ ວ່າດ້ວຍການສ້າງຕັ້ງປ່າປ້ອງກັນແຫຼ່ງນໍ້າ ຍອດນໍ້າຊັນ,ກະຊວງ ກະສິກຳ ແລະ ສິ່ງແວດລ້ອມ,2018-01-05,2022-08-03,in_force,ປັດຈຸບັນ,subsidiary_legislation,false,,https://laoofficialgazette.gov.la/kcfinder/upload/files/ດຳລັດວ່າດ້ວຍ ການສ້າງຕັ້ງປ່າປ້ອງກັນແຫຼ່ງນໍ້າ ຍອດນໍ້າຊັນ.pdf,,false,false,false,true,
3,Decree,legaltype=3&old=0,LA-1886,ດຳລັດ ວ່າດ້ວຍສະຖາບັນການເງິນຈຸລະພາກ,ທະນາຄານແຫ່ງ ສປປ ລາວ,2022-06-20,2022-07-12,in_force,ປັດຈຸບັນ,subsidiary_legislation,false,,https://laoofficialgazette.gov.la/kcfinder/upload/files/184ລບ2022.pdf,,false,false,true,true,
3,Decree,legaltype=3&old=0,LA-1883,ດຳລັດ ວ່າດ້ວຍເຂດສະຫງວນຂອງທາງຫຼວງ,ກະຊວງ ໂຍທາທິການ ແລະ ຂົນສົ່ງ,2022-06-20,2022-07-06,in_force,ປັດຈຸບັນ,subsidiary_legislation,false,,https://laoofficialgazette.gov.la/kcfinder/upload/files/185ລບ2022.pdf,,false,false,false,true,
3,Decree,legaltype=3&old=0,LA-1873,"ດຳລັດ ວ່າດ້ວຍການຂ້າສັດ, ທຳລາຍຊາກສັດ ແລະ ການຊົດເຊີຍ",ກະຊວງ ກະສິກຳ ແລະ ສິ່ງແວດລ້ອມ,2022-05-31,2022-06-21,in_force,ປັດຈຸບັນ,subsidiary_legislation,false,,https://laoofficialgazette.gov.la/kcfinder/upload/files/174ລບ2022.pdf,,false,false,false,true,
3,Decree,legaltype=3&old=0,LA-1866,ດຳລັດ ວ່າດ້ວຍບັນຊີເຕັກໂນໂລຊີ,ກະຊວງ ເຕັກໂນໂລຊີ ແລະ ການສື່ສານ,2021-08-16,2022-05-19,in_force,ປັດຈຸບັນ,subsidiary_legislation,false,,https://laoofficialgazette.gov.la/kcfinder/upload/files/540ລບ2021.pdf,,false,false,true,true,
3,Decree,legaltype=3&old=0,LA-1863,ດຳລັດ ວ່າດ້ວຍການສ້າງຕັ້ງ ປ່າສະຫງວນແຫ່ງຊາດຍອດນໍ້າໂມ້-ພູສາມສຸມ,ກະຊວງ ກະສິກຳ ແລະ ສິ່ງແວດລ້ອມ,2022-03-15,2022-05-03,in_force,ປັດຈຸບັນ,subsidiary_legislation,false,,https://laoofficialgazette.gov.la/kcfinder/upload/files/87ນຍ2022.pdf,,false,false,false,true,
3,Decree,legaltype=3&old=0,LA-1839,ດຳລັດ ວ່າດ້ວຍກອງທຶນປົກປັກຮັກສາປ່າໄມ້,ກະຊວງ ກະສິກຳ ແລະ ສິ່ງແວດລ້ອມ,2021-09-16,2022-02-16,in_force,ປັດຈຸບັນ,subsidiary_legislation,false,,https://laoofficialgazette.gov.la/kcfinder/upload/files/567ລບ2021.pdf,,false,false,false,true,
3,Decree,legaltype=3&old=0,LA-1834,ດຳລັດ ວ່າດ້ວຍຂໍ້ມູນຂ່າວສານ ຕະຫຼາດແຮງງານ,ກະຊວງ ແຮງງານ ແລະ ສະຫວັດດີການສັງຄົມ,2022-01-07,2022-01-24,in_force,ປັດຈຸບັນ,subsidiary_legislation,false,,https://laoofficialgazette.gov.la/kcfinder/upload/files/02ລບ2022.pdf,,false,false,true,true,
3,Decree,legaltype=3&old=0,LA-1832,ດຳລັດ ວ່າດ້ວຍການກຳນົດຕຳແໜ່ງງານ,ກະຊວງ ພາຍໃນ,2021-12-31,2022-01-13,in_force,ປັດຈຸບັນ,subsidiary_legislation,false,,https://laoofficialgazette.gov.la/kcfinder/upload/files/734ລບ2021.pdf,,false,false,false,true,
3,Decree,legaltype=3&old=0,LA-1826,ດຳລັດ ວ່າດ້ວຍຊຸດເຄື່ອງນຸ່ງປະຈຳຊາດ,ກະຊວງ ວັດທະນະທຳ ແລະ ການທ່ອງທ່ຽວ,2021-12-01,2021-12-21,in_force,ປັດຈຸບັນ,subsidiary_legislation,false,,https://laoofficialgazette.gov.la/kcfinder/upload/files/638ນຍ2021.pdf,,false,false,false,true,
3,Decree,legaltype=3&old=0,LA-1824,ດຳລັດ ວ່າດ້ວຍການຄຸ້ມຄອງການອອກແບບສຳນັກງານຂອງລັດ,ກະຊວງ ໂຍທາທິການ ແລະ ຂົນສົ່ງ,2021-11-26,2021-12-16,in_force,ປັດຈຸບັນ,subsidiary_legislation,false,,https://laoofficialgazette.gov.la/kcfinder/upload/files/637ລບ2021.pdf,,false,false,false,true,
3,Decree,legaltype=3&old=0,LA-1821,ດຳລັດ ວ່າດ້ວຍການໄກ່ເກ່ຍຂໍ້ຂັດແຍ່ງຂັ້ນບ້ານ,ກະຊວງ ຍຸຕິທຳ,2021-10-22,2021-11-26,in_force,ປັດຈຸບັນ,subsidiary_legislation,false,,https://laoofficialgazette.gov.la/kcfinder/upload/files/626ລບ2021-1-17.pdf,https://laoofficialgazette.gov.la/kcfinder/upload/files/Decree english.pdf,true,false,false,true,
3,Decree,legaltype=3&old=0,LA-1818,ດຳລັດ ວ່າດ້ວຍຂອບວຸດທິການສຶກສາແຫ່ງຊາດ,ກະຊວງ ສຶກສາທິການ ແລະ ກິລາ,2021-09-16,2021-11-03,in_force,ປັດຈຸບັນ,subsidiary_legislation,false,,https://laoofficialgazette.gov.la/kcfinder/upload/files/566ລບ2021.pdf,https://laoofficialgazette.gov.la/kcfinder/upload/files/Eng 566 ລບ 2021.pdf,true,false,false,true,
3,Decree,legaltype=3&old=0,LA-1812,ດຳລັດ ວ່າດ້ວຍລົດຂອງລັດ,ກະຊວງ ການເງິນ,2021-09-29,2021-10-15,in_force,ປັດຈຸບັນ,subsidiary_legislation,false,,https://laoofficialgazette.gov.la/kcfinder/upload/files/599ລບ2021.pdf,,false,false,false,true,
3,Decree,legaltype=3&old=0,LA-1810,ດຳລັດ ວ່າດ້ວຍການປັບໃໝ ແລະ ມາດຕະການອື່ນ ຕໍ່ຜູ້ລະເມີດກົດໝາຍ ແລະ ລະບຽບການ ກ່ຽວກັບການຈະລາຈອນທາງບົກ,ກະຊວງ ໂຍທາທິການ ແລະ ຂົນສົ່ງ,2021-09-16,2021-09-23,in_force,ປັດຈຸບັນ,subsidiary_legislation,false,,https://laoofficialgazette.gov.la/kcfinder/upload/files/0568-PMO.pdf,,false,false,false,true,
3,Decree,legaltype=3&old=0,LA-1806,ດຳລັດ ວ່າດ້ວຍ ການອອກວີຊາ ແລະ ການກຳນົດເວລາພັກເຊົາ ຢູ່ ສປປ ລາວ ໃຫ້ຄົນເຊື້ອຊາດລາວຢູ່ຕ່າງປະເທດ,ກະຊວງ ການຕ່າງປະເທດ,2021-07-16,2021-09-06,in_force,ປັດຈຸບັນ,subsidiary_legislation,false,,https://laoofficialgazette.gov.la/kcfinder/upload/files/475ລບ2021.pdf,,false,false,false,true,
3,Decree,legaltype=3&old=0,LA-1795,ດຳລັດ ວ່າດ້ວຍເຈົ້າໜ້າທີ່ລົດໄຟ,ກະຊວງ ໂຍທາທິການ ແລະ ຂົນສົ່ງ,2021-07-16,2021-08-09,in_force,ປັດຈຸບັນ,subsidiary_legislation,false,,https://laoofficialgazette.gov.la/kcfinder/upload/files/474ລບ2021.pdf,,false,false,false,true,
3,Decree,legaltype=3&old=0,LA-1794,ດຳລັດ ວ່າດ້ວຍທຸລະກິດເຊົ່າສິນເຊື່ອ (ສະບັບປັບປຸງ),ທະນາຄານແຫ່ງ ສປປ ລາວ,2021-07-02,2021-07-30,in_force,ປັດຈຸບັນ,subsidiary_legislation,true,,https://laoofficialgazette.gov.la/kcfinder/upload/files/471ລບ2021.pdf,,false,false,false,true,
3,Decree,legaltype=3&old=0,LA-1786,ດຳລັດ ວ່າດ້ວຍລັດຖະກອນແພດ,ກະຊວງ ສາທາລະນະສຸກ,2021-06-11,2021-06-24,in_force,ປັດຈຸບັນ,subsidiary_legislation,false,,https://laoofficialgazette.gov.la/kcfinder/upload/files/390ລບ2021.pdf,,false,false,false,true,
3,Decree,legaltype=3&old=0,LA-1785,ດຳລັດ ວ່າດ້ວຍນະໂຍບາຍ ຕໍ່ພະນັກງານ-ລັດຖະກອນ ທີ່ປະຕິບັດໜ້າທີ່ ຢູ່ຫ່າງໄກສອກຫຼີກ ແລະ ທຸລະກັນດານ,ກະຊວງ ພາຍໃນ,2021-04-05,2021-06-21,in_force,ປັດຈຸບັນ,subsidiary_legislation,false,,https://laoofficialgazette.gov.la/kcfinder/upload/files/292ລບ2021.pdf,,false,false,false,true,
3,Decree,legaltype=3&old=0,LA-1778,ດຳລັດ ວ່າດ້ວຍການຄ້າທາງເອເລັກໂຕຣນິກ,ກະຊວງ ອຸດສາຫະກຳ ແລະ ການຄ້າ,2021-04-12,2021-05-20,in_force,ປັດຈຸບັນ,subsidiary_legislation,false,,https://laoofficialgazette.gov.la/kcfinder/upload/files/Decree on Electronic Commerce No.296 - Reduced.pdf,,false,false,true,true,
3,Decree,legaltype=3&old=0,LA-1772,ດຳລັດ ວ່າດ້ວຍການເງິນ ແລະ ການບັນຊີ ຂອງທະນາຄານແຫ່ງ ສປປ ລາວ,ທະນາຄານແຫ່ງ ສປປ ລາວ,2021-03-09,2021-04-22,in_force,ປັດຈຸບັນ,subsidiary_legislation,false,,https://laoofficialgazette.gov.la/kcfinder/upload/files/163ລບ2021.pdf,,false,false,true,true,
3,Decree,legaltype=3&old=0,LA-1759,ດຳລັດ ວ່າດ້ວຍຄັງສຳຮອງເງິນຕາຕ່າງປະເທດ (ສະບັບປັບປຸງ),ທະນາຄານແຫ່ງ ສປປ ລາວ,2021-02-22,2021-04-01,in_force,ປັດຈຸບັນ,subsidiary_legislation,true,,https://laoofficialgazette.gov.la/kcfinder/upload/files/140ລບ2021.pdf,,false,false,true,true,
3,Decree,legaltype=3&old=0,LA-1755,"ດຳລັດ ວ່າດ້ວຍການແຕ່ງດອງລະຫວ່າງ ພົນລະເມືອງລາວ ກັບຄົນຕ່າງປະເທດ, ຄົນຕ່າງດ້າວ ແລະ ຄົນບໍ່ມີສັສນຊາດ",ກະຊວງ ພາຍໃນ,2021-03-10,2021-03-31,in_force,ປັດຈຸບັນ,subsidiary_legislation,false,,https://laoofficialgazette.gov.la/kcfinder/upload/files/184ລບ2021.pdf,,false,false,false,true,
3,Decree,legaltype=3&old=0,LA-1748,ດຳລັດ ວ່າດ້ວຍການສ້າງ ຄອບຄົວ ແລະ ບ້ານ ວັດທະນະທຳ,ກະຊວງ ວັດທະນະທຳ ແລະ ການທ່ອງທ່ຽວ,2021-02-16,2021-03-22,in_force,ປັດຈຸບັນ,subsidiary_legislation,false,,https://laoofficialgazette.gov.la/kcfinder/upload/files/123ລບ2021.pdf,,false,false,false,true,
3,Decree,legaltype=3&old=0,LA-1737,ດຳລັດ ວ່າດ້ວຍການປັບໃໝ ແລະ ນຳໃຊ້ມາດຕະການອື່ນ ຕໍ່ຜູ້ລະເມີດກົດໝາຍ ແລະ ລະບຽບການກ່ຽວກັບການເຂົ້າ-ອອກ ແລະ ການຄຸ້ມຄອງຄົນຕ່າງປະເທດ ຢູ່ ສປປ ລາວ,ກະຊວງ ປ້ອງກັນຄວາມສະຫງົບ,2021-01-20,2021-02-26,in_force,ປັດຈຸບັນ,subsidiary_legislation,false,,https://laoofficialgazette.gov.la/kcfinder/upload/files/21ລບ2021.pdf,,false,false,false,true,
3,Decree,legaltype=3&old=0,LA-1732,ດຳລັດ ວ່າດ້ວຍການຄຸ້ມຄອງອ່າງຮັບນໍ້າ ແລະ ອ່າງເກັບນໍ້າ,ກະຊວງ ກະສິກຳ ແລະ ສິ່ງແວດລ້ອມ,2021-01-20,2021-02-18,in_force,ປັດຈຸບັນ,subsidiary_legislation,false,,https://laoofficialgazette.gov.la/kcfinder/upload/files/20ລບ2021.pdf,,false,false,false,true,
3,Decree,legaltype=3&old=0,LA-1723,ດຳລັດ ວ່າດ້ວຍການລົງທຶນຮ່ວມ ລະຫວ່າງ ພາກລັດ ແລະ ພາກເອກະຊົນ,ກະຊວງ ການເງິນ,2020-12-21,2021-01-13,in_force,ປັດຈຸບັນ,subsidiary_legislation,false,,https://laoofficialgazette.gov.la/kcfinder/upload/files/624ລບ2020.pdf,,false,false,false,true,
3,Decree,legaltype=3&old=0,LA-1720,ດຳລັດ ວ່າດ້ວຍກອງທຶນຄຸ້ມຄອງໄພພິບັດ,ກະຊວງ ແຮງງານ ແລະ ສະຫວັດດີການສັງຄົມ,2020-12-24,2021-01-12,in_force,ປັດຈຸບັນ,subsidiary_legislation,false,,https://laoofficialgazette.gov.la/kcfinder/upload/files/631ລບ2020.pdf,,false,false,false,true,
3,Decree,legaltype=3&old=0,LA-1715,ດຳລັດ ວ່າດ້ວຍກຸ່ມ ແລະ ສະຫະກອນ,ກະຊວງ ກະສິກຳ ແລະ ສິ່ງແວດລ້ອມ,2020-11-26,2021-01-05,in_force,ປັດຈຸບັນ,subsidiary_legislation,false,,https://laoofficialgazette.gov.la/kcfinder/upload/files/606ລບ2020.pdf,,false,false,false,true,
3,Decree,legaltype=3&old=0,LA-1701,ດຳລັດ ວ່າດ້ວຍກົດຈະລາຈອນທາງບົກ,ກະຊວງ ໂຍທາທິການ ແລະ ຂົນສົ່ງ,2020-12-09,2020-12-15,in_force,ປັດຈຸບັນ,subsidiary_legislation,false,,https://laoofficialgazette.gov.la/kcfinder/upload/files/615ລບ2020.pdf,,false,false,false,true,
3,Decree,legaltype=3&old=0,LA-1696,ດຳລັດ ວ່າດ້ວຍການໂຄສະນາເຜີຍແຜ່ນິຕິກຳ,ກະຊວງ ຍຸຕິທຳ,2020-11-06,2020-12-09,in_force,ປັດຈຸບັນ,subsidiary_legislation,false,,https://laoofficialgazette.gov.la/kcfinder/upload/files/ດຳລັດວ່າດ້ວຍ ການໂຄສະນາເຜີຍແຜ່ນິຕິກຳ.pdf,,false,false,false,true,
3,Decree,legaltype=3&old=0,LA-1682,ດຳລັດ ວ່າດ້ວຍການຂ້າສັດ ແລະ ການກວດກາອະນາໄມຊີ້ນ,ກະຊວງ ກະສິກຳ ແລະ ສິ່ງແວດລ້ອມ,2020-09-23,2020-10-15,in_force,ປັດຈຸບັນ,subsidiary_legislation,false,,https://laoofficialgazette.gov.la/kcfinder/upload/files/516ລບ2020.pdf,,false,false,false,true,
3,Decree,legaltype=3&old=0,LA-1677,ດຳລັດ ວ່າດ້ວຍກອງທຶນສົ່ງເສີມ ແລະ ພັດທະນາພະລັງງານ,ກະຊວງ ອຸດສາຫະກຳ ແລະ ການຄ້າ,2020-08-07,2020-10-05,in_force,ປັດຈຸບັນ,subsidiary_legislation,false,,https://laoofficialgazette.gov.la/kcfinder/upload/files/467ລບ2020.pdf,,false,false,false,true,
3,Decree,legaltype=3&old=0,LA-1675,ດຳລັດ ວ່າດ້ວຍການຈັດສົ່ງແຮງງານລາວໄປເຮັດວຽກຢູ່ຕ່າງປະເທດ,ກະຊວງ ແຮງງານ ແລະ ສະຫວັດດີການສັງຄົມ,2020-05-22,2020-09-28,in_force,ປັດຈຸບັນ,subsidiary_legislation,false,,https://laoofficialgazette.gov.la/kcfinder/upload/files/245ລບ2020.pdf,,false,false,true,true,
3,Decree,legaltype=3&old=0,LA-1644,ດຳລັດ ວ່າດ້ວຍການປິດບໍ່ແຮ່,ກະຊວງ ອຸດສາຫະກຳ ແລະ ການຄ້າ,2020-05-26,2020-07-09,in_force,ປັດຈຸບັນ,subsidiary_legislation,false,,https://laoofficialgazette.gov.la/kcfinder/upload/files/252ລບ2022.pdf,,false,false,false,true,
3,Decree,legaltype=3&old=0,LA-1641,ດຳລັດ ວ່າດ້ວຍກອງທຶນພັດທະນາ ວິທະຍາສາດ ແລະ ເຕັກໂນໂລຊີ,ກະຊວງ ສຶກສາທິການ ແລະ ກິລາ,2020-05-13,2020-07-09,in_force,ປັດຈຸບັນ,subsidiary_legislation,false,,https://laoofficialgazette.gov.la/kcfinder/upload/files/235ລບ2020.pdf,,false,false,true,true,
3,Decree,legaltype=3&old=0,LA-1640,ດຳລັດ ວ່າດ້ວຍການປະຢັດ ແລະ ອະນຸລັກ ພະລັງງານ,ກະຊວງ ອຸດສາຫະກຳ ແລະ ການຄ້າ,2020-05-11,2020-07-06,in_force,ປັດຈຸບັນ,subsidiary_legislation,false,,https://laoofficialgazette.gov.la/kcfinder/upload/files/232ລບ2020.pdf,,false,false,false,true,
3,Decree,legaltype=3&old=0,LA-1636,ດຳລັດ ວ່າດ້ວຍແນວພັນພືດ,ກະຊວງ ກະສິກຳ ແລະ ສິ່ງແວດລ້ອມ,2020-05-18,2020-06-23,in_force,ປັດຈຸບັນ,subsidiary_legislation,false,,https://laoofficialgazette.gov.la/kcfinder/upload/files/238ລບ2020.pdf,https://laoofficialgazette.gov.la/kcfinder/upload/files/2020 Decree On Plant Varieties  238GOV.pdf,true,false,false,true,
3,Decree,legaltype=3&old=0,LA-1627,ດຳລັດ ວ່າດ້ວຍວຽກງານຊົນເຜົ່າ,ກະຊວງ ພາຍໃນ,2020-03-20,2020-06-04,in_force,ປັດຈຸບັນ,subsidiary_legislation,false,,https://laoofficialgazette.gov.la/kcfinder/upload/files/207ລບ2020.pdf,,false,false,false,true,
3,Decree,legaltype=3&old=0,LA-1621,ດຳລັດ ວ່າດ້ວຍຄວາມຮັບຜິດຊອບໃນການຕ້ານ ສະກັດກັ້ນການຟອກເງິນ ແລະ ການສະໜອງທຶນໃຫ້ແກ່ການກໍ່ການຮ້າຍ,ທະນາຄານແຫ່ງ ສປປ ລາວ,2020-02-20,2020-05-15,in_force,ປັດຈຸບັນ,subsidiary_legislation,false,,https://laoofficialgazette.gov.la/kcfinder/upload/files/127ລບ2020.pdf,,false,false,true,true,
3,Decree,legaltype=3&old=0,LA-1620,ດຳລັດ ວ່າດ້ວຍການຮຽນຮູ້ຕະຫຼອດຊີວິດ,ກະຊວງ ສຶກສາທິການ ແລະ ກິລາ,2020-03-23,2020-05-14,in_force,ປັດຈຸບັນ,subsidiary_legislation,false,,https://laoofficialgazette.gov.la/kcfinder/upload/files/208:ລບ.pdf,,false,false,false,true,
3,Decree,legaltype=3&old=0,LA-1618,ດຳລັດ ວ່າດ້ວຍການປົກປ້ອງຜູ້ຊົມໃຊ້ການບໍລິການທາງດ້ານການເງິນ,ທະນາຄານແຫ່ງ ສປປ ລາວ,2020-04-06,2020-05-08,in_force,ປັດຈຸບັນ,subsidiary_legislation,false,,https://laoofficialgazette.gov.la/kcfinder/upload/files/255ລບ2020.pdf,,false,false,false,true,
3,Decree,legaltype=3&old=0,LA-1617,ດຳລັດ ວ່າດ້ວຍວິສາຫະກິດຮັກສາຄວາມປອດໄພ,ກະຊວງ ປ້ອງກັນຄວາມສະຫງົບ,2020-03-02,2020-05-06,in_force,ປັດຈຸບັນ,subsidiary_legislation,false,,https://laoofficialgazette.gov.la/kcfinder/upload/files/138ລບ2020.pdf,,false,false,false,true,
3,Decree,legaltype=3&old=0,LA-1613,ດຳລັດ ວ່າດ້ວຍຢາສັດຕະວະແພດ,ກະຊວງ ກະສິກຳ ແລະ ສິ່ງແວດລ້ອມ,2020-03-13,2020-03-31,in_force,ປັດຈຸບັນ,subsidiary_legislation,false,,https://laoofficialgazette.gov.la/kcfinder/upload/files/199.13.03.2020.PDF,,false,false,false,true,
3,Decree,legaltype=3&old=0,LA-1594,ດຳລັດ ວ່າດ້ວຍຜະລິດຕະພັນອາຫານ ແລະ ອຸປະກອນກ່ຽວກັບອາຫານສຳລັບເດັກອ່ອນ ແລະ ເດັກນ້ອຍ,ກະຊວງ ສາທາລະນະສຸກ,2019-12-30,2020-02-28,in_force,ປັດຈຸບັນ,subsidiary_legislation,false,,https://laoofficialgazette.gov.la/kcfinder/upload/files/472ລບ2019.pdf,,false,false,false,true,
3,Decree,legaltype=3&old=0,LA-1584,ດຳລັດ ວ່າດ້ວຍຕຳແໜ່ງວິຊາການຄູ ຢູ່ສະຖານການສຶກສາຊັ້ນສູງ,ກະຊວງ ສຶກສາທິການ ແລະ ກິລາ,2020-01-10,2020-02-13,in_force,ປັດຈຸບັນ,subsidiary_legislation,false,,https://laoofficialgazette.gov.la/kcfinder/upload/files/03ລບ2020.pdf,,false,false,false,true,
3,Decree,legaltype=3&old=0,LA-1570,ດຳລັດ ວ່າດ້ວຍລະບົບສາຍສົ່ງໂທລະຄົມມະນາຄົມ,ກະຊວງ ເຕັກໂນໂລຊີ ແລະ ການສື່ສານ,2020-01-02,2020-01-23,in_force,ປັດຈຸບັນ,subsidiary_legislation,false,,https://laoofficialgazette.gov.la/kcfinder/upload/files/01ລບ2020.pdf,,false,false,true,true,
3,Decree,legaltype=3&old=0,LA-1571,ດຳລັດ ວ່າດ້ວຍອາຫານສັດ,ກະຊວງ ກະສິກຳ ແລະ ສິ່ງແວດລ້ອມ,2020-01-02,2020-01-23,in_force,ປັດຈຸບັນ,subsidiary_legislation,false,,https://laoofficialgazette.gov.la/kcfinder/upload/files/02ລບ2020.pdf,,false,false,false,true,
3,Decree,legaltype=3&old=0,LA-1569,ດຳລັດ ວ່າດ້ວຍການສື່ສານຜ່ານດາວທຽມ,ກະຊວງ ເຕັກໂນໂລຊີ ແລະ ການສື່ສານ,2019-12-27,2020-01-23,in_force,ປັດຈຸບັນ,subsidiary_legislation,false,,https://laoofficialgazette.gov.la/kcfinder/upload/files/471ລບ2019.pdf,,false,false,true,true,
3,Decree,legaltype=3&old=0,LA-1567,ດຳລັດ ວ່າດ້ວຍການຄຸ້ມຄອງທຸລະກິດຍານພາຫະນະທາງບົກ,ກະຊວງ ອຸດສາຫະກຳ ແລະ ການຄ້າ,2019-12-27,2020-01-20,in_force,ປັດຈຸບັນ,subsidiary_legislation,false,,https://laoofficialgazette.gov.la/kcfinder/upload/files/470_ລບ_2019.pdf,,false,false,false,true,
3,Decree,legaltype=3&old=0,LA-1549,ດຳລັດ ວ່າດ້ວຍການຄຸ້ມຄອງ ແລະ ນຳໃຊ້ການຊ່ວຍເຫຼືອທາງການເພື່ອການພັດທະນາ,ກະຊວງ ການເງິນ,2019-10-09,2019-10-25,in_force,ປັດຈຸບັນ,subsidiary_legislation,false,,https://laoofficialgazette.gov.la/kcfinder/upload/files/357ລບ2019.pdf,,false,false,false,true,
3,Decree,legaltype=3&old=0,LA-1544,ດຳລັດ ວ່າດ້ວຍການປ່ຽນແປງດິນຟ້າອາກາດ,ກະຊວງ ກະສິກຳ ແລະ ສິ່ງແວດລ້ອມ,2019-09-18,2019-10-17,in_force,ປັດຈຸບັນ,subsidiary_legislation,false,,https://laoofficialgazette.gov.la/kcfinder/upload/files/321ລບ2019.pdf,,false,false,false,true,
3,Decree,legaltype=3&old=0,LA-1536,ດຳລັດ ວ່າດ້ວຍການສົ່ງເສີມການປູກໄມ້ເປັນສິນຄ້າ,ກະຊວງ ກະສິກຳ ແລະ ສິ່ງແວດລ້ອມ,2019-08-20,2019-09-05,in_force,ປັດຈຸບັນ,subsidiary_legislation,false,,https://laoofficialgazette.gov.la/kcfinder/upload/files/247ລບ2019.pdf,,false,false,false,true,
3,Decree,legaltype=3&old=0,LA-1534,ດຳລັດ ວ່າດ້ວຍວຽກງານຂໍ້ມູນຂ່າວສານສິນເຊື່ອ,ທະນາຄານແຫ່ງ ສປປ ລາວ,2019-07-19,2019-08-28,in_force,ປັດຈຸບັນ,subsidiary_legislation,false,,https://laoofficialgazette.gov.la/kcfinder/upload/files/224ລບ2019.pdf,,false,false,true,true,
3,Decree,legaltype=3&old=0,LA-1521,ດຳລັດ ວ່າດ້ວຍຈັນຍາບັນ ຂອງພະນັກງານ-ລັດຖະກອນ,ກະຊວງ ພາຍໃນ,2019-06-26,2019-07-19,in_force,ປັດຈຸບັນ,subsidiary_legislation,false,,https://laoofficialgazette.gov.la/kcfinder/upload/files/184ລບ.pdf,,false,false,false,true,
3,Decree,legaltype=3&old=0,LA-1509,ດຳລັດ ວ່າດ້ວຍການແຂ່ງຂັນ ແລະ ຍ້ອງຍໍ,ກະຊວງ ພາຍໃນ,2019-04-22,2019-05-30,in_force,ປັດຈຸບັນ,subsidiary_legislation,false,,https://laoofficialgazette.gov.la/kcfinder/upload/files/116ລບ2019.pdf,,false,false,true,true,
3,Decree,legaltype=3&old=0,LA-1471,ດຳລັດ ວ່າດ້ວຍການສ້າງຕັ້ງອຸທິຍານແຫ່ງຊາດ ນ້ຳແອດ-ພູເລີຍ,ກະຊວງ ກະສິກຳ ແລະ ສິ່ງແວດລ້ອມ,2019-02-15,2019-03-22,in_force,ປັດຈຸບັນ,subsidiary_legislation,false,,https://laoofficialgazette.gov.la/kcfinder/upload/files/35ນຍ2019.pdf,,false,false,false,true,
3,Decree,legaltype=3&old=0,LA-1470,ດຳລັດ ວ່າດ້ວຍການສ້າງຕັ້ງອຸທິຍານແຫ່ງຊາດ ນາກາຍ-ນ້ຳເທີນ,ກະຊວງ ກະສິກຳ ແລະ ສິ່ງແວດລ້ອມ,2019-02-15,2019-03-22,in_force,ປັດຈຸບັນ,subsidiary_legislation,false,,https://laoofficialgazette.gov.la/kcfinder/upload/files/36ນຍ2019.pdf,,false,false,false,true,
3,Decree,legaltype=3&old=0,LA-1462,ດຳລັດວ່າດ້ວຍ ຄວາມປອດໄພ ແລະ ສຸຂະພາບແຮງງານ,ກະຊວງ ແຮງງານ ແລະ ສະຫວັດດີການສັງຄົມ,2019-02-05,2019-02-25,in_force,ປັດຈຸບັນ,subsidiary_legislation,false,,https://laoofficialgazette.gov.la/kcfinder/upload/files/22ລບ2019.pdf,,false,false,true,true,
3,Decree,legaltype=3&old=0,LA-1410,ດຳລັດວ່າດ້ວຍ ຕາປະທັບ,ກະຊວງ ພາຍໃນ,2018-10-01,2018-10-29,in_force,ປັດຈຸບັນ,subsidiary_legislation,false,,https://laoofficialgazette.gov.la/kcfinder/upload/files/PN322.pdf,,false,false,false,true,
3,Decree,legaltype=3&old=0,LA-1350,ດຳລັດ ວ່າດ້ວຍເຂດເສດຖະກິດພິເສດ,ກະຊວງ ການເງິນ,2018-06-07,2018-07-19,in_force,ປັດຈຸບັນ,subsidiary_legislation,false,,https://laoofficialgazette.gov.la/kcfinder/upload/files/ດຳລັດ ວ່າດ້ວຍເຂດເສດຖະກິດພິເສດ.pdf,,false,false,false,true,
3,Decree,legaltype=3&old=0,LA-1336,ດຳລັດວ່າດ້ວຍ ວັນພັກ,ກະຊວງ ພາຍໃນ,2017-12-15,2018-05-31,in_force,ປັດຈຸບັນ,subsidiary_legislation,false,,https://laoofficialgazette.gov.la/kcfinder/upload/files/ດຳ​ລັດວ່າ​ດ້ວຍ ວັນ​ພັກ.pdf,,false,false,false,true,
3,Decree,legaltype=3&old=0,LA-1334,"ດຳລັດວ່າດ້ວຍ ການປະສານງານລະຫວ່າງບັນດາກະຊວງ ອົງການລັດທຽບເທົ່າກະຊວງ, ແຂວງ, ນະຄອນຫຼວງ ກັບສຳນັກງານນາຍົກລັດຖະມົນຕີ",ກະຊວງ ພາຍໃນ,2018-05-07,2018-05-25,in_force,ປັດຈຸບັນ,subsidiary_legislation,false,,https://laoofficialgazette.gov.la/kcfinder/upload/files/ດຳ​ລັດ​ວ່າ​ດ້ວຍ ການ​ປະ​ສານ​ງານ​ລະ​ຫວ່າງ​ບັນ​ດາ​ກະ​ຊວງ.pdf,,false,false,false,true,
3,Decree,legaltype=3&old=0,LA-1314,ດຳລັດ ວ່າດ້ວຍການຈັດຕັ້ງ ແລະ ການເຄື່ອນໄຫວຂອງນະຄອນ,ກະຊວງ ພາຍໃນ,2018-04-11,2018-05-08,in_force,ປັດຈຸບັນ,subsidiary_legislation,false,,https://laoofficialgazette.gov.la/kcfinder/upload/files/ດຳ​ລັດ ວ່າ​ດ້ວຍ​ການ​ຈັດ​ຕັ້ງ ແລະ ການ​ເຄື່ອນ​ໄຫວ​ຂອງ​ນະ​ຄອນ.pdf,,false,false,false,true,
3,Decree,legaltype=3&old=0,LA-1279,ດຳລັດ ວ່າດ້ວຍການຊ່ວຍເຫຼືອທາງດ້ານກົດໝາຍ,ກະຊວງ ຍຸຕິທຳ,2018-02-28,2018-03-16,in_force,ປັດຈຸບັນ,subsidiary_legislation,false,,https://laoofficialgazette.gov.la/kcfinder/upload/files/ດຳ​ລັດ ວ່າ​ດ້ວຍ​ການ​ຊ່ວຍ​ເຫຼືອ​ທາງ​ດ້ານ​ກົດ​ໝາຍ.pdf,,false,false,false,true,
3,Decree,legaltype=3&old=0,LA-1278,ດຳລັດ ວ່າດ້ວຍການແກ້ໄຂຂໍ້ຂັດແຍ່ງທາງດ້ານແຮງງານ,ກະຊວງ ແຮງງານ ແລະ ສະຫວັດດີການສັງຄົມ,2018-02-28,2018-03-14,in_force,ປັດຈຸບັນ,subsidiary_legislation,false,,https://laoofficialgazette.gov.la/kcfinder/upload/files/ດຳລັດ ວ່າດ້ວຍການແກ້ໄຂຂໍ້ຂັດແຍ່ງທາງດ້ານແຮງງານ.pdf,,false,false,true,true,
3,Decree,legaltype=3&old=0,LA-1248,ດຳລັດ ວ່າດ້ວຍທຸລະກິດນໍ້າມັນເຊື້ອໄຟ,ກະຊວງ ອຸດສາຫະກຳ ແລະ ການຄ້າ,2017-10-27,2017-12-28,in_force,ປັດຈຸບັນ,subsidiary_legislation,false,,https://laoofficialgazette.gov.la/kcfinder/upload/files/​ດຳ​ລັດ ວ່າ​ດ້ວຍ​ທຸ​ລະ​ກິດ​ນ້ຳ​ມັນ​ເຊື້ອ​ໄຟ.pdf,,false,false,false,true,
3,Decree,legaltype=3&old=0,LA-1241,ດຳລັດ ວ່າດ້ວຍມາດຕະຖານພົ້ນທຸກ ແລະ ມາດຕະຖານພັດທະນາ,ກະຊວງ ກະສິກຳ ແລະ ສິ່ງແວດລ້ອມ,2017-11-16,2017-12-21,in_force,ປັດຈຸບັນ,subsidiary_legislation,false,,https://laoofficialgazette.gov.la/kcfinder/upload/files/ດຳ​ລັດ ວ່າ​ດ້ວຍ​ມາດ​ຕະ​ຖານ​ພົ້ນ​ທຸກ ແລະ ມາດ​ຕະ​ຖານ​ພັດ​ທະ​ນາ.pdf,,false,false,false,true,
3,Decree,legaltype=3&old=0,LA-1230,ດຳລັດ ວ່າດ້ວຍການປົກປ້ອງເງິນຝາກ,ທະນາຄານແຫ່ງ ສປປ ລາວ,2017-10-25,2017-11-21,in_force,ປັດຈຸບັນ,subsidiary_legislation,false,,https://laoofficialgazette.gov.la/kcfinder/upload/files/0633581.pdf,,false,false,false,true,
3,Decree,legaltype=3&old=0,LA-1226,ດຳລັດ ວ່າດ້ວຍສະມາຄົມ,ກະຊວງ ພາຍໃນ,2017-08-11,2017-10-31,in_force,ປັດຈຸບັນ,subsidiary_legislation,false,,https://laoofficialgazette.gov.la/kcfinder/upload/files/0619577.pdf,,false,false,false,true,
3,Decree,legaltype=3&old=0,LA-1211,ດຳລັດ ວ່າດ້ວຍກອງທຶນທາງ,ກະຊວງ ໂຍທາທິການ ແລະ ຂົນສົ່ງ,2016-06-01,2017-09-22,in_force,ປັດຈຸບັນ,subsidiary_legislation,false,,https://laoofficialgazette.gov.la/kcfinder/upload/files/road fund.pdf,,false,false,false,true,
3,Decree,legaltype=3&old=0,LA-1209,ດຳລັດ ວ່າດ້ວຍການປະເມີນຜົນການປະຕິບັດວຽກງານ ຂອງພະນັກງານ-ລັດຖະກອນ,ກະຊວງ ພາຍໃນ,2017-09-13,2017-09-22,in_force,ປັດຈຸບັນ,subsidiary_legislation,false,,https://laoofficialgazette.gov.la/kcfinder/upload/files/ດຳລັດປະເມີນຜົນພງ.pdf,,false,false,false,true,
3,Decree,legaltype=3&old=0,LA-1198,ດຳລັດ ວ່າດ້ວຍການຝຶກອົບຮົມ ແລະ ພັດທະນາ ພະນັກງານ-ລັດຖະກອນ,ກະຊວງ ພາຍໃນ,2017-09-04,2017-09-14,in_force,ປັດຈຸບັນ,subsidiary_legislation,false,,https://laoofficialgazette.gov.la/kcfinder/upload/files/ດຳລັດ ຝຶກອົບຮົມ ພງລັດຖະກອນ.pdf,,false,false,false,true,
3,Decree,legaltype=3&old=0,LA-1197,ດຳລັດ ວ່າດ້ວຍການຄຸ້ມຄອງຢາປາບສັດຕູພືດ,ກະຊວງ ກະສິກຳ ແລະ ສິ່ງແວດລ້ອມ,2017-08-24,2017-09-13,in_force,ປັດຈຸບັນ,subsidiary_legislation,false,,https://laoofficialgazette.gov.la/kcfinder/upload/files/ດຳລັດຄຸ້ມຄອງຢາປາບສັດຕູພືດ.pdf,https://laoofficialgazette.gov.la/kcfinder/upload/files/Lao-Pesticide-Decree-English-final.pdf,true,false,false,true,
3,Decree,legaltype=3&old=0,LA-1189,ດຳລັດ ວ່າດ້ວຍຕຳແໜ່ງບໍລິຫານຂອງພະນັກງານ-ລັດຖະກອນ,ກະຊວງ ພາຍໃນ,2017-07-04,2017-07-21,in_force,ປັດຈຸບັນ,subsidiary_legislation,false,,https://laoofficialgazette.gov.la/kcfinder/upload/files/ດຳລັດຕຳແໜ່ງບໍລິຫານ203.pdf,,false,false,false,true,
3,Decree,legaltype=3&old=0,LA-1187,ດຳລັດ ວ່າດ້ວຍຕຳແໜ່ງວິຊາການຂອງລັດຖະກອນ,ກະຊວງ ພາຍໃນ,2017-06-30,2017-07-21,in_force,ປັດຈຸບັນ,subsidiary_legislation,false,,https://laoofficialgazette.gov.la/kcfinder/upload/files/ດຳລັດຕຳແໜ່ງວິຊາການ202.pdf,,false,false,false,true,
3,Decree,legaltype=3&old=0,LA-1184,ດຳລັດ ວ່າດ້ວຍການກັນ ແລະ ຄວບຄຸມພະຍາດສັດ,ກະຊວງ ກະສິກຳ ແລະ ສິ່ງແວດລ້ອມ,2012-05-31,2017-06-29,in_force,ປັດຈຸບັນ,subsidiary_legislation,false,,https://laoofficialgazette.gov.la/kcfinder/upload/files/ດຳລັດການກັນ ແລະ ຄວບຄຸມພະຍາດສັດ.pdf,,false,false,false,true,
3,Decree,legaltype=3&old=0,LA-1164,ດຳລັດວ່າດ້ວຍ ການສຶກສາສົງ,ກະຊວງ ສຶກສາທິການ ແລະ ກິລາ,2017-01-16,2017-05-08,in_force,ປັດຈຸບັນ,subsidiary_legislation,false,,"https://laoofficialgazette.gov.la/kcfinder/upload/files/ດຳລັດວ່າດ້ວຍ ການສຶກສາສົງ,.pdf",,false,false,false,true,
3,Decree,legaltype=3&old=0,LA-1162,ດຳລັດ ວ່າດ້ວຍພັນທະບັດລັດຖະບານ,ກະຊວງ ການເງິນ,2017-03-20,2017-05-03,in_force,ປັດຈຸບັນ,subsidiary_legislation,false,,https://laoofficialgazette.gov.la/kcfinder/upload/files/ດໍາລັດພັນທະບັດ.pdf,,false,false,false,true,
3,Decree,legaltype=3&old=0,LA-1151,ດຳລັດ ວ່າດ້ວຍກອງທຶນປົກປັກຮັກສາສິ່ງແວດລ້ອມ,ຫ້ອງວ່າການສຳນັກງານນາຍົກລັດຖະມົນຕີ,2017-03-08,2017-03-22,in_force,ປັດຈຸບັນ,subsidiary_legislation,false,,https://laoofficialgazette.gov.la/kcfinder/upload/files/ດຳລັດກອງທຶນປົກປັກຮັກສາສິ່ງແວດລ້ອມ.pdf,,false,false,false,true,
3,Decree,legaltype=3&old=0,LA-1139,ດຳລັດ ວ່າດ້ວຍການປະກອບ ແລະ ຄຸ້ມຄອງລົດປະຈຳຕຳແໜ່ງພະນັກງານການນຳລະດັບສູງ,ຫ້ອງວ່າການສຳນັກງານນາຍົກລັດຖະມົນຕີ,2017-01-05,2017-03-02,in_force,ປັດຈຸບັນ,subsidiary_legislation,false,,https://laoofficialgazette.gov.la/kcfinder/upload/files/ດຳລັດຄຸ້ມຄອງລົດປະຈຳຕຳແໜ່ງ.pdf,,false,false,false,true,
3,Decree,legaltype=3&old=0,LA-1091,ດຳລັດ ວ່າດ້ວຍສູນຂໍ້ມູນຂ່າວສານຜ່ານອິນເຕີເນັດ,ກະຊວງ ເຕັກໂນໂລຊີ ແລະ ການສື່ສານ,2016-11-10,2016-11-29,in_force,ປັດຈຸບັນ,subsidiary_legislation,false,,https://laoofficialgazette.gov.la/kcfinder/upload/files/412.pdf,,false,false,true,true,
3,Decree,legaltype=3&old=0,LA-1042,ດຳລັດ ວ່າດ້ວຍການຄຸ້ມຄອງ ແລະ ປົກປ້ອງການເຄື່ອນໄຫວສາສະໜາ ຢູ່ ສປປ ລາວ,ກະຊວງ ພາຍໃນ,2016-08-16,2016-09-13,in_force,ປັດຈຸບັນ,subsidiary_legislation,false,,https://laoofficialgazette.gov.la/kcfinder/upload/files/ດຳລັດ ວ່າດ້ວຍການຄຸ້ມຄອງ.pdf,,false,false,false,true,
3,Decree,legaltype=3&old=0,LA-1010,ດຳລັດວ່າດ້ວຍ ທຸລະກິດຊວດຈຳ,ທະນາຄານແຫ່ງ ສປປ ລາວ,2016-07-26,2016-08-23,in_force,ປັດຈຸບັນ,subsidiary_legislation,false,,https://laoofficialgazette.gov.la/kcfinder/upload/files/ດຳລັດວ່າດ້ວຍ ທຸລະກິດຊວດຈຳ.pdf,,false,false,false,true,
3,Decree,legaltype=3&old=0,LA-948,ດຳລັດ ວ່າດ້ວຍ ການທົດແທນຄ່າເສຍຫາຍ ແລະ ການຈັດສັນຍົກຍ້າຍປະຊາຊົນ ຈາກໂຄງການພັດທະນາ,ກະຊວງ ກະສິກຳ ແລະ ສິ່ງແວດລ້ອມ,2016-04-05,2016-05-30,in_force,ປັດຈຸບັນ,subsidiary_legislation,false,,https://laoofficialgazette.gov.la/kcfinder/upload/files/ດຳລັດ ການທົດແທນຄ່າເສຍຫາຍ.pdf,,false,false,false,true,
3,Decree,legaltype=3&old=0,LA-906,ດຳລັດວ່າດ້ວຍ ມູນນິທິ,ກະຊວງ ພາຍໃນ,2011-04-19,2016-03-28,in_force,ປັດຈຸບັນ,subsidiary_legislation,false,,https://laoofficialgazette.gov.la/kcfinder/upload/files/ດຳລັດ ມູນນິທິ.pdf,,false,false,false,true,
3,Decree,legaltype=3&old=0,LA-855,"ດຳລັດ ວ່າດ້ວຍການເຄື່ອນໄຫວດ້ານການຂ່າວຂອງອົງການສື່ມວນຊົນຕ່າງປະເທດ, ສຳນັກງານການທູດຕ່າງປະເທດ ແລະ ອົງການຈັດຕັ້ງສາກົນຢູ່ ສປປ ລາວ",ກະຊວງ ການຕ່າງປະເທດ,2015-11-24,2015-12-30,in_force,ປັດຈຸບັນ,subsidiary_legislation,false,,https://laoofficialgazette.gov.la/kcfinder/upload/files/3. ດຳລັດ ວ່າດ້ວຍການເຄື່ອນໄຫວດ້ານການຂ່າວຂອງອົງການສື່ມວນຊົນຕ່າງປະເທດ.pdf,,false,false,true,true,
3,Decree,legaltype=3&old=0,LA-839,"ດຳລັດ ວ່າດ້ວຍການສຳຫຼວດ ວັດແທກ, ຖ່າຍພາບທາງອາກາດ ແລະ ສ້າງແຜນທີ່",ກະຊວງ ພາຍໃນ,2014-09-18,2015-09-07,in_force,ປັດຈຸບັນ,subsidiary_legislation,false,,https://laoofficialgazette.gov.la/kcfinder/upload/files/Decree on Survey and GIS Mapping.pdf,,false,false,false,true,
3,Decree,legaltype=3&old=0,LA-837,ດຳລັດວ່າດ້ວຍ ເອກະສານທາງການ,ກະຊວງ ພາຍໃນ,2015-08-13,2015-08-25,in_force,ປັດຈຸບັນ,subsidiary_legislation,false,,https://laoofficialgazette.gov.la/kcfinder/upload/files/Official Documents.pdf,,false,false,false,true,
3,Decree,legaltype=3&old=0,LA-829,ດຳລັດ ວ່າດ້ວຍການສຶກສາຊັ້ນສູງ,ກະຊວງ ສຶກສາທິການ ແລະ ກິລາ,2015-06-05,2015-07-10,in_force,ປັດຈຸບັນ,subsidiary_legislation,false,,https://laoofficialgazette.gov.la/kcfinder/upload/files/ດຳລັດ ວ່າດ້ວຍການສຶກສາຊັ້ນສູງ.pdf,,false,false,false,true,
3,Decree,legaltype=3&old=0,LA-828,ດຳລັດຈັດຕັ້ງປະຕິບັດ ກົດໝາຍວ່າດ້ວຍ ການຄ້ຳປະກັນ ການປະຕິບັດສັນຍາ,ກະຊວງ ການເງິນ,2011-06-20,2015-07-07,in_force,ປັດຈຸບັນ,subsidiary_legislation,false,,https://laoofficialgazette.gov.la/kcfinder/upload/files/ດຳລັດ ຈັດຕັ້ງປະຕິບັດກົດໝາຍ ວ່າດ້ວຍການຄ້ຳປະກັນການປະຕິບັດສັນຍາ.pdf,,false,false,false,true,
3,Decree,legaltype=3&old=0,LA-776,ດຳລັດ ວ່າດ້ວຍການຈົດທະບຽນ ເອກະສານ,ກະຊວງ ການເງິນ,1993-03-13,2015-03-19,in_force,ປັດຈຸບັນ,subsidiary_legislation,false,,https://laoofficialgazette.gov.la/kcfinder/upload/files/ດຳລັດ ວ່າດ້ວຍການຈົດທະບຽນເອກະສານ.pdf,,false,false,true,true,
3,Decree,legaltype=3&old=0,LA-775,"ດຳລັດ ວ່າດ້ວຍການປະມູນຈັດຊື້ ສິນຄ້າ, ການກໍ່ສ້າງ, ການສ້ອມແປງ ແລະ ການ ບໍລິການດ້ວຍທຶນຂອງລັດ (ສະບັບປັບປຸງ)",ກະຊວງ ການເງິນ,2004-01-09,2015-03-19,in_force,ປັດຈຸບັນ,subsidiary_legislation,true,,"https://laoofficialgazette.gov.la/kcfinder/upload/files/ດຳລັດ ວ່າດ້ວຍການປະມູນຈັດຊື້ ສິນຄ້າ, ການກໍ່ສ້າງ, ການສ້ອມແປງ ດ້ວຍທຶນຂອງລັດ.pdf",,false,false,false,true,
3,Decree,legaltype=3&old=0,LA-757,"ດຳລັດວ່າດ້ວຍ ການສ້າງຕັ້ງ ປ່າສະຫງວນນ້ຳກ່ານ, ປ່າສະ ຫງວນເມືອງເມີງ ແລະ ປ່າປ້ອງກັນນ້ຳງາວ ເມືອງຕົ້ນເຜິ້ງ ແຂວງບໍ່ແກ້ວ ເປັນປ່າສະຫງວນ ແຫ່ງຊາດ",ກະຊວງ ກະສິກຳ ແລະ ສິ່ງແວດລ້ອມ,2008-09-19,2015-03-03,in_force,ປັດຈຸບັນ,subsidiary_legislation,false,,"https://laoofficialgazette.gov.la/kcfinder/upload/files/ດຳລັດວ່າດ້ວຍ ການສ້າງຕັ້ງປ່າສະຫງວນນ້ຳກ່ານ, ປ່າສະຫງວນເມືອງເມີງ ແຂວງ ບໍ່ແກ້ວ ..pdf",,false,false,false,true,
3,Decree,legaltype=3&old=0,LA-760,ດຳລັດແນະນຳປະຕິບັດ ກົດໝາຍວ່າດ້ວຍ ການປ້ອງກັນພືດ,ກະຊວງ ກະສິກຳ ແລະ ສິ່ງແວດລ້ອມ,2012-05-31,2015-03-03,in_force,ປັດຈຸບັນ,subsidiary_legislation,false,,https://laoofficialgazette.gov.la/kcfinder/upload/files/ດຳລັດແນະນຳປະຕິບັດ ກົດໝາຍວ່າດ້ວຍ ການປ້ອງກັນພືດ.pdf,,false,false,false,true,
3,Decree,legaltype=3&old=0,LA-756,ດຳລັດວ່າດ້ວຍ ການກຳນົດເຂດປ່າຜະລິດແຫ່ງຊາດ ຈຳນວນ 29 ເຂດ ໃນ 8 ແຂວງ,ກະຊວງ ກະສິກຳ ແລະ ສິ່ງແວດລ້ອມ,2007-09-06,2015-02-26,in_force,ປັດຈຸບັນ,subsidiary_legislation,false,,https://laoofficialgazette.gov.la/kcfinder/upload/files/ດຳລັດ ວ່າດ້ວຍ ການກຳນົດເຂດປ່າຜະລິດແຫ່ງຊາດ ຈຳນວນ 29 ເຂດ ໃນ 8 ແຂວງ.pdf,,false,false,false,true,
3,Decree,legaltype=3&old=0,LA-755,ດຳລັດວ່າດ້ວຍ ການກຳນົດເຂດປ່າຜະລິດແຫ່ງຊາດ ຈຳນວນ 8 ເຂດ ໃນ 4 ແຂວງ ຂອງໂຄງການຈັດສັນປ່າຜະລິດ ແລະ ພັດທະນາຊົນນະບົດ,ກະຊວງ ກະສິກຳ ແລະ ສິ່ງແວດລ້ອມ,2006-02-08,2015-02-26,in_force,ປັດຈຸບັນ,subsidiary_legislation,false,,https://laoofficialgazette.gov.la/kcfinder/upload/files/ດຳລັດວ່າດ້ວຍ ການກຳນົດເຂດປ່າຜະລິດແຫ່ງຊາດ ຈຳນວນ 8 ເຂດ ໃນ 4 ແຂວງ .pdf,,false,false,false,true,
3,Decree,legaltype=3&old=0,LA-754,ດຳລັດວ່າດ້ວຍ ການກຳນົດເຂດປ່າຜະລິດ ຈຳນວນ 14 ເຂດ ໃນ 5 ແຂວງ,ກະຊວງ ກະສິກຳ ແລະ ສິ່ງແວດລ້ອມ,2008-12-30,2015-02-25,in_force,ປັດຈຸບັນ,subsidiary_legislation,false,,https://laoofficialgazette.gov.la/kcfinder/upload/files/ດຳລັດ ວ່າດ້ວຍ ການກຳນົດເຂດປ່າຜະລິດ ຈຳນວນ 14 ເຂດ ໃນ 5 ແຂວງ.pdf,,false,false,false,true,
3,Decree,legaltype=3&old=0,LA-749,ດຳລັດ ວ່າດ້ວຍການຕິດຕາມ ກວດກາໂຄງການລົງທຶນຂອງລັດ ເລີ່ມແຕ່ຫົວທີ,ອົງການກວດກາແຫ່ງລັດ,2015-01-06,2015-01-09,in_force,ປັດຈຸບັນ,subsidiary_legislation,false,,https://laoofficialgazette.gov.la/kcfinder/upload/files/01-6-1-2015.pdf,,false,false,false,true,
3,Decree,legaltype=3&old=0,LA-745,ດຳລັດ ວ່າດ້ວຍຄັງເງິນແຫ່ງຊາດ,ກະຊວງ ການເງິນ,2010-06-01,2015-01-06,in_force,ປັດຈຸບັນ,subsidiary_legislation,false,,https://laoofficialgazette.gov.la/kcfinder/upload/files/ດຳລັດ ວ່າດ້ວຍຄັງເງິນແຫ່ງຊາດ.pdf,,false,false,false,true,
3,Decree,legaltype=3&old=0,LA-744,ດຳລັດ ວ່າດ້ວຍການຮັບຮອງເອົາ ບັນຊີປະເພດທຸລະກິດຄວບຄຸມ,ກະຊວງ ການເງິນ,2008-04-28,2015-01-06,in_force,ປັດຈຸບັນ,subsidiary_legislation,false,,https://laoofficialgazette.gov.la/kcfinder/upload/files/ດຳລັດ ວ່າດ້ວຍການຮັບຮອງເອົາບັນຊີີປະເພດທຸລະກິດຄວບຄຸມ.pdf,,false,false,false,true,
3,Decree,legaltype=3&old=0,LA-738,ດຳລັດວ່າດ້ວຍ ການສ້າງ ແລະ ພັດທະນາສີມືແຮງງານ,ກະຊວງ ແຮງງານ ແລະ ສະຫວັດດີການສັງຄົມ,2010-01-22,2014-12-26,in_force,ປັດຈຸບັນ,subsidiary_legislation,false,,https://laoofficialgazette.gov.la/kcfinder/upload/files/3.​ ດຳລັດ ວ່າດ້ວຍການສ້າງ ແລະ ພັດທະນາສີມືແຮງງານ.pdf,,false,false,true,true,
3,Decree,legaltype=3&old=0,LA-732,ດຳລັດວ່າດ້ວຍຄົນພິການ,ກະຊວງ ແຮງງານ ແລະ ສະຫວັດດີການສັງຄົມ,2014-04-18,2014-12-24,in_force,ປັດຈຸບັນ,subsidiary_legislation,false,,https://laoofficialgazette.gov.la/kcfinder/upload/files/6. ດຳລັດ ວ່າດ້ວຍຄົນພິການ.pdf,,false,false,false,true,
3,Decree,legaltype=3&old=0,LA-734,ດຳລັດວ່າດ້ວຍ ການແກ້ໄຂບຳນານຄືນ,ກະຊວງ ແຮງງານ ແລະ ສະຫວັດດີການສັງຄົມ,2007-08-29,2014-12-24,in_force,ປັດຈຸບັນ,subsidiary_legislation,false,,https://laoofficialgazette.gov.la/kcfinder/upload/files/5. ດຳລັດ ວ່າດ້ວຍການແກ້ໄຂບຳນານຄືນ.pdf,,false,false,false,true,
3,Decree,legaltype=3&old=0,LA-733,ດຳລັດວ່າດ້ວຍ ການສົ່ງຜູ່ອອກແຮງງານລາວ ໄປເຮັດວຽກຢູ່ຕ່າງປະເທດ,ກະຊວງ ແຮງງານ ແລະ ສະຫວັດດີການສັງຄົມ,2002-05-28,2014-12-24,in_force,ປັດຈຸບັນ,subsidiary_legislation,false,,https://laoofficialgazette.gov.la/kcfinder/upload/files/5.pdf,,false,false,true,true,
3,Decree,legaltype=3&old=0,LA-726,ດຳລັດ ວ່າດ້ວຍແຊັກ,ທະນາຄານແຫ່ງ ສປປ ລາວ,2014-10-27,2014-12-10,in_force,ປັດຈຸບັນ,subsidiary_legislation,false,,https://laoofficialgazette.gov.la/kcfinder/upload/files/ດຳລັດ ວ່າດ້ວຍແຊັກ.pdf,,false,false,false,true,
3,Decree,legaltype=3&old=0,LA-724,ດຳລັດວ່າດ້ວຍ ການສົ່ງອອກຜະລິດຕະພັນ ແຮ່ທາດ,ກະຊວງ ອຸດສາຫະກຳ ແລະ ການຄ້າ,2008-06-09,2014-12-03,in_force,ປັດຈຸບັນ,subsidiary_legislation,false,,https://laoofficialgazette.gov.la/kcfinder/upload/files/ດຳລັດ ວ່າດ້ວຍການສົ່ງອອກຜະລິດຕະພັນແຮ່ທາດ.pdf,,false,false,false,true,
3,Decree,legaltype=3&old=0,LA-704,ດຳລັດວ່າດ້ວຍ ການຈັດຕັ້ງປະຕິບັດກົດໝາຍວ່າດ້ວຍ ທະນາຄານທຸລະກິດ,ທະນາຄານແຫ່ງ ສປປ ລາວ,2009-09-25,2014-11-12,in_force,ປັດຈຸບັນ,subsidiary_legislation,false,,https://laoofficialgazette.gov.la/kcfinder/upload/files/3.​ ດຳລັດ .pdf,,false,false,true,true,
3,Decree,legaltype=3&old=0,LA-666,"ດຳລັດ ວ່າດ້ວຍກອງທຶນຄວບຄຸມ, ສະກັດກັ້ນ ແລະ ຕ້ານຢາເສບຕິດ",ຫ້ອງວ່າການສຳນັກງານນາຍົກລັດຖະມົນຕີ,2014-08-05,2014-10-10,in_force,ປັດຈຸບັນ,subsidiary_legislation,false,,"https://laoofficialgazette.gov.la/kcfinder/upload/files/ດຳລັດ ວ່າດ້ວຍກອງທຶນຄວບຄຸມ, ສະກັດກັ້ນ ແລະ ຕ້ານຢາເສບຕິດ.pdf",,false,false,false,true,
3,Decree,legaltype=3&old=0,LA-636,ດຳລັດວ່າດ້ວຍ ການຄຸ້ມຄອງຂໍ້ມູນຂ່າວສານ ຜ່ານອິນເຕີເນັດ,ກະຊວງ ເຕັກໂນໂລຊີ ແລະ ການສື່ສານ,2014-09-16,2014-09-25,in_force,ປັດຈຸບັນ,subsidiary_legislation,false,,https://laoofficialgazette.gov.la/kcfinder/upload/files/ດຳລັດວ່າດ້ວຍ  ການຄຸ້ມຄອງຂໍ້ມູນຂ່າວສານ ຜ່ານອິນເຕີເນັດ.pdf,,false,false,true,true,
3,Decree,legaltype=3&old=0,LA-606,ດຳລັດ ວ່າດ້ວຍການແຂ່ງຂັນການຄ້າ,ກະຊວງ ອຸດສາຫະກຳ ແລະ ການຄ້າ,2004-02-04,2014-09-10,in_force,ປັດຈຸບັນ,subsidiary_legislation,false,,https://laoofficialgazette.gov.la/kcfinder/upload/files/ດຳລັດ ວ່າດ້ວຍການແຂ່ງຂັນການຄ້າ.pdf,,false,false,true,true,
3,Decree,legaltype=3&old=0,LA-605,ດຳລັດ ວ່າດ້ວຍຂັ້ນຕອນການອອກໃບອະນຸຍາດນຳເຂົ້າສິນຄ້າ,ກະຊວງ ອຸດສາຫະກຳ ແລະ ການຄ້າ,2009-07-07,2014-09-09,in_force,ປັດຈຸບັນ,subsidiary_legislation,false,,https://laoofficialgazette.gov.la/kcfinder/upload/files/ດຳລັດ ວ່າດ້ວຍຂັ້ນຕອນການອອກໃບອະນຸຍາດນຳເຂົ້າສິນຄ້າ.pdf,,false,false,false,true,
3,Decree,legaltype=3&old=0,LA-604,ດຳລັດ ວ່າດ້ວຍການນຳເຂົ້າ ແລະ ການສົ່ງອອກສິນຄ້າ,ກະຊວງ ອຸດສາຫະກຳ ແລະ ການຄ້າ,2011-04-06,2014-09-09,in_force,ປັດຈຸບັນ,subsidiary_legislation,false,,https://laoofficialgazette.gov.la/kcfinder/upload/files/59 ດຳລັດວ່າດ້ວຍ ການນຳເຂົ້າ ແລະ ການສົ່ງອອກສິນຄ້າ.pdf,,false,false,false,true,
3,Decree,legaltype=3&old=0,LA-600,ດຳລັດ ວ່າດ້ວຍແຫຼ່ງກຳເນີດສິນຄ້າ ນຳເຂົ້າ ແລະ ສົ່ງອອກ,ກະຊວງ ອຸດສາຫະກຳ ແລະ ການຄ້າ,2010-04-22,2014-09-08,in_force,ປັດຈຸບັນ,subsidiary_legislation,false,,https://laoofficialgazette.gov.la/kcfinder/upload/files/ດຳລັດ ວ່າດ້ວຍແຫຼ່ງກຳເນີດສິນຄ້ານຳເຂົ້າ ແລະ ສົ່ງອອກ.pdf,,false,false,false,true,
3,Decree,legaltype=3&old=0,LA-599,ດຳລັດ ວ່າດ້ວຍການຈັດຕັ້ງປະຕິບັດກົດໝາຍ ວ່າດ້ວຍອຸດສາຫະກຳປຸງແຕ່ງ,ກະຊວງ ອຸດສາຫະກຳ ແລະ ການຄ້າ,2006-04-12,2014-09-08,in_force,ປັດຈຸບັນ,subsidiary_legislation,false,,https://laoofficialgazette.gov.la/kcfinder/upload/files/ດຳລັດ ວ່າດ້ວຍການຈັດຕັ້ງປະຕິບັດກົດໝາຍວ່າດ້ວຍອຸດສາຫະກຳປຸງແຕ່ງ.pdf,,false,false,false,true,
3,Decree,legaltype=3&old=0,LA-601,ດຳລັດ ວ່າດ້ວຍສະຫະກອນ,ກະຊວງ ອຸດສາຫະກຳ ແລະ ການຄ້າ,2010-03-05,2014-09-08,in_force,ປັດຈຸບັນ,subsidiary_legislation,false,,https://laoofficialgazette.gov.la/kcfinder/upload/files/ດຳລັດ ວ່າດ້ວຍສະຫະກອນ.pdf,,false,false,false,true,
3,Decree,legaltype=3&old=0,LA-602,ດຳລັດ ວ່າດ້ວຍການກວດກາ,ກະຊວງ ອຸດສາຫະກຳ ແລະ ການຄ້າ,2012-12-04,2014-09-08,in_force,ປັດຈຸບັນ,subsidiary_legislation,false,,https://laoofficialgazette.gov.la/kcfinder/upload/files/ດຳລັດ ວ່າດ້ວຍການກວດກາການຄ້າ.pdf,,false,false,false,true,
3,Decree,legaltype=3&old=0,LA-603,ດຳລັດ ວ່າດ້ວຍການຄຸ້ມຄອງລາຄາສິນຄ້າ ແລະ ຄ່າບໍລິການ,ກະຊວງ ອຸດສາຫະກຳ ແລະ ການຄ້າ,2010-11-18,2014-09-08,in_force,ປັດຈຸບັນ,subsidiary_legislation,false,,https://laoofficialgazette.gov.la/kcfinder/upload/files/ດຳລັດ ວ່າດ້ວຍການຄຸ້ມຄອງລາຄາສິນຄ້າ ແລະ ຄ່າບໍລິການ.pdf,,false,false,false,true,
3,Decree,legaltype=3&old=0,LA-595,ດຳລັດ ວ່າດ້ວຍການຫ້າມ ໂຄສະນາສົ່ງເສີມ ການບໍລິໂພກ ຜະລິດຕະພັນຢາສູບ,ກະຊວງ ສາທາລະນະສຸກ,2010-08-23,2014-08-25,in_force,ປັດຈຸບັນ,subsidiary_legislation,false,,https://laoofficialgazette.gov.la/kcfinder/upload/files/ດຳລັດ ວ່າດ້ວຍການຫ້າມໂຄສະນາສົ່ງເສີມການບໍລິໂພກ ຜະລິດຕະພັນຢາສູບ.pdf,,false,false,false,true,
3,Decree,legaltype=3&old=0,LA-594,ດຳລັດ ວ່າດ້ວຍການພິມຄຳເຕືອນ ກ່ຽວກັບສຸຂະພາບໃສ່ວັດຖຸ ຫຸ້ມຫໍ່ຜະລິດຕະພັນຢາສູບ,ກະຊວງ ສາທາລະນະສຸກ,2010-08-23,2014-08-25,in_force,ປັດຈຸບັນ,subsidiary_legislation,false,,https://laoofficialgazette.gov.la/kcfinder/upload/files/ດຳລັດ ວ່າດ້ວຍການພິມຄຳເຕືອນກ່ຽວກັບສຸຂະພາບໃສ່ວັດຖຸຫຸ້ມຫໍ່ຜະລິດຕະພັນຢາສູບ.pdf,,false,false,false,true,
3,Decree,legaltype=3&old=0,LA-591,ດຳລັດ ວ່າດ້ວຍກອງທຶນ ຄວບຄຸມຢາສູບ,ກະຊວງ ສາທາລະນະສຸກ,2013-05-21,2014-08-25,in_force,ປັດຈຸບັນ,subsidiary_legislation,false,,https://laoofficialgazette.gov.la/kcfinder/upload/files/ດຳລັດ ວ່າດ້ວຍກອງທຶນຄວບຄູມຢາສູບ.pdf,,false,false,false,true,
3,Decree,legaltype=3&old=0,LA-577,ດຳລັດ ວ່າດ້ວຍພັນທະບັດແລກເງິນ ແລະ ໃບສັນຍາໜີ້,ທະນາຄານແຫ່ງ ສປປ ລາວ,1998-12-12,2014-05-26,in_force,ປັດຈຸບັນ,subsidiary_legislation,false,,https://laoofficialgazette.gov.la/kcfinder/upload/files/Decree on bonds and contract debts.pdf,,false,false,false,true,
3,Decree,legaltype=3&old=0,LA-574,ດຳລັດວ່າດ້ວຍ ການຄຸ້ມຄອງເງິນຕາຕ່າງປະເທດ ແລະ ສົ່ງເສີມການນຳໃຊ້ເງິນກີບ,ທະນາຄານແຫ່ງ ສປປ ລາວ,2007-05-18,2014-05-26,in_force,ປັດຈຸບັນ,subsidiary_legislation,false,,https://laoofficialgazette.gov.la/kcfinder/upload/files/Decree on management of foreign currency and the promotion of using Lao kips.pdf,,false,false,true,true,
3,Decree,legaltype=3&old=0,LA-538,ດຳລັດວ່າດ້ວຍ ຄື້ນຄວາມຖີ່,ກະຊວງ ເຕັກໂນໂລຊີ ແລະ ການສື່ສານ,2014-02-03,2014-02-18,in_force,ປັດຈຸບັນ,subsidiary_legislation,false,,https://laoofficialgazette.gov.la/kcfinder/upload/files/Radio frequency Decree  .pdf,,false,false,true,true,
3,Decree,legaltype=3&old=0,LA-479,ດຳລັດ ວ່າດ້ວຍການແຈ້ງຊັບສິນ,ອົງການກວດກາແຫ່ງລັດ,2013-06-04,2014-01-16,in_force,ປັດຈຸບັນ,subsidiary_legislation,false,,https://laoofficialgazette.gov.la/kcfinder/upload/files/ດຳລັດ ວ່າດ້ວຍການແຈ້ງຊັບສິນ.pdf,,false,false,false,true,
3,Decree,legaltype=3&old=0,LA-476,ດຳລັດ ວ່າດ້ວຍການດັດສົມທຸລະກິດນ້າປະປາ,ກະຊວງ ໂຍທາທິການ ແລະ ຂົນສົ່ງ,2005-07-01,2014-01-09,in_force,ປັດຈຸບັນ,subsidiary_legislation,false,,https://laoofficialgazette.gov.la/kcfinder/upload/files/ດຳ​ລັດ ວ່າ​ດ້ວຍ​ກາ​ນ​ດັດສົມ​ທຸ​ລະ​ກິດ​ນ້​າ​ປະ​ປາ.pdf,,false,false,false,true,
3,Decree,legaltype=3&old=0,LA-466,ດຳລັດ ວ່າດ້ວຍ ການຮັບຮອງເອົາແຜນຜັງພັດທະນາຕົວເມືອງວຽງຈັນ,ກະຊວງ ໂຍທາທິການ ແລະ ຂົນສົ່ງ,2002-12-10,2014-01-07,in_force,ປັດຈຸບັນ,subsidiary_legislation,false,,https://laoofficialgazette.gov.la/kcfinder/upload/files/001.pdf,,false,false,false,true,
3,Decree,legaltype=3&old=0,LA-464,ດຳລັດ ວ່າດ້ວຍການຮັບຮອງເອົານະໂຍບາຍ ລາຄານ້ຳປະປາ ຂອງ ສປປ ລາວ,ກະຊວງ ໂຍທາທິການ ແລະ ຂົນສົ່ງ,2004-05-07,2014-01-07,in_force,ປັດຈຸບັນ,subsidiary_legislation,false,,https://laoofficialgazette.gov.la/kcfinder/upload/files/ດຳ​ລັດ​ວ່າ​ດ້ວຍ ການ​ຮັບ​ຮອງ​ເອົາ​ນະ​ໂຍ​ບາຍ ລາ​ຄາ​ນ້ຳ​ປະ​ປາ ຂອງ ສ​ປ​ປ ລາວ.pdf,,false,false,false,true,
3,Decree,legaltype=3&old=0,LA-460,"ດຳລັດ ວ່າດ້ວຍ ການຄຸ້ມຄອງ ແລະ ການນຳໃຊ້ ອິນເຕີເນັດ, ລະຫັດຊື່ອິນເຕີເນັດ ຂອງ ສປປ ລາວ",ກະຊວງ ເຕັກໂນໂລຊີ ແລະ ການສື່ສານ,2012-03-21,2014-01-06,in_force,ປັດຈຸບັນ,subsidiary_legislation,false,,"https://laoofficialgazette.gov.la/kcfinder/upload/files/Managment and use internet, internet domain name application of Lao PDR Decree.pdf",,false,false,true,true,
3,Decree,legaltype=3&old=0,LA-439,ດຳລັດວ່າດ້ວຍ ສັງຄົມສົງເຄາະ,ກະຊວງ ແຮງງານ ແລະ ສະຫວັດດີການສັງຄົມ,2013-06-19,2013-12-06,in_force,ປັດຈຸບັນ,subsidiary_legislation,false,,https://laoofficialgazette.gov.la/kcfinder/upload/files/Social Welfare Decree .pdf,,false,false,false,true,
3,Decree,legaltype=3&old=1,LA-2388,ດຳລັດວ່າດ້ວຍ ລະບຽບລັດຖະກອນ ແຫ່ງ ສ.ປ.ປ. ລາວ,ກະຊວງ ພາຍໃນ,2003-05-19,2025-06-12,repealed,ສະບັບເກົ່າ,subsidiary_legislation,false,,https://laoofficialgazette.gov.la/kcfinder/upload/files/ 82. 19.5.2003.pdf,,false,false,false,true,
3,Decree,legaltype=3&old=1,LA-1964,"ດຳລັດ ວ່າດ້ວຍການຄຸ້ມຄອງການຄ້າຂາຍ ສັດນໍ້າ, ສັດປ່າ ແລະ ພືດປ່າ ທີ່ໃກ້ຈະສູນພັນ ລະຫວ່າງຊາດ",ກະຊວງ ກະສິກຳ ແລະ ສິ່ງແວດລ້ອມ,2022-11-11,2022-11-28,repealed,ສະບັບເກົ່າ,subsidiary_legislation,false,,https://laoofficialgazette.gov.la/kcfinder/upload/files/348.ລບ 11.11.2022.pdf,,false,false,false,true,
3,Decree,legaltype=3&old=1,LA-1801,ດຳລັດ ວ່າດ້ວຍທ່າບົກ,ກະຊວງ ໂຍທາທິການ ແລະ ຂົນສົ່ງ,2021-08-04,2021-08-19,repealed,ສະບັບເກົ່າ,subsidiary_legislation,false,,https://laoofficialgazette.gov.la/kcfinder/upload/files/513ລບ2021.pdf,,false,false,false,true,
3,Decree,legaltype=3&old=1,LA-1540,ດຳລັດ ວ່າດ້ວຍກອງທຶນສົ່ງເສີມວິສາຫະກິດຂະໜາດນ້ອຍ ແລະ ກາງ,ກະຊວງ ອຸດສາຫະກຳ ແລະ ການຄ້າ,2019-09-04,2019-09-16,repealed,ສະບັບເກົ່າ,subsidiary_legislation,false,,https://laoofficialgazette.gov.la/kcfinder/upload/files/299ລບ2019.pdf,,false,false,false,true,
3,Decree,legaltype=3&old=1,LA-1466,ດຳລັດວ່າດ້ວຍ ການປັບໄໝ ແລະ ນຳໃຊ້ມາດຕະການອື່ນ ຕໍ່ການລະເມີດກົດໝາຍ ແລະ ລະບຽບການ ກ່ຽວກັບການຄວບຄຸມຢາສູບ,ກະຊວງ ສາທາລະນະສຸກ,2019-02-21,2019-03-01,repealed,ສະບັບເກົ່າ,subsidiary_legislation,false,,https://laoofficialgazette.gov.la/kcfinder/upload/files/52ລບ2019.pdf,,false,false,false,true,
3,Decree,legaltype=3&old=1,LA-1459,ດຳລັດວ່າດ້ວຍ ການປະເມີນຜົນກະທົບຕໍ່ສິ່ງແວດລ້ອມ,ກະຊວງ ກະສິກຳ ແລະ ສິ່ງແວດລ້ອມ,2019-01-31,2019-02-14,repealed,ສະບັບເກົ່າ,subsidiary_legislation,false,,https://laoofficialgazette.gov.la/kcfinder/upload/files/212019ລບ.pdf,https://laoofficialgazette.gov.la/kcfinder/upload/files/EIA Decree_English_unofficial  translation 11.6.2019.pdf,true,false,false,true,
3,Decree,legaltype=3&old=1,LA-1196,ດຳລັດ ວ່າດ້ວຍປ່າສະຫງວນ,ກະຊວງ ກະສິກຳ ແລະ ສິ່ງແວດລ້ອມ,2015-05-13,2017-09-13,repealed,ສະບັບເກົ່າ,subsidiary_legislation,false,,https://laoofficialgazette.gov.la/kcfinder/upload/files/ດຳລັດ ປ່າສະຫງວນ.pdf,,false,false,false,true,
3,Decree,legaltype=3&old=1,LA-1112,ດຳລັດ ວ່າດ້ວຍການຈັດແບ່ງຂະໜາດວິສາຫະກິດຂະໜາດນ້ອຍ ແລະ ກາງ,ກະຊວງ ອຸດສາຫະກຳ ແລະ ການຄ້າ,2017-01-16,2017-01-25,repealed,ສະບັບເກົ່າ,subsidiary_legislation,false,,https://laoofficialgazette.gov.la/kcfinder/upload/files/ດຳລັດ ວ່າດ້ວຍການຈັດແບ່ງຂະໜາດວິສາຫະກິດຂະໜາດນ້ອຍ ແລະ ກາງ.pdf,,false,false,false,true,
3,Decree,legaltype=3&old=1,LA-1022,ດຳລັດ ວ່າດ້ວຍການຈັດຕັ້ງປະຕິບັດກົດໝາຍວ່າດ້ວຍການສົ່ງເສີມການລົງທຶນ,ກະຊວງ ການເງິນ,2011-04-20,2016-08-29,repealed,ສະບັບເກົ່າ,subsidiary_legislation,false,,https://laoofficialgazette.gov.la/kcfinder/upload/files/ດຳລັດຈັດຕັ້ງປະຕິບັດກົດໝາຍວ່າດ້ວຍການສົ່ງເສີມການລົງທຶນ (1).pdf,,false,false,false,true,
3,Decree,legaltype=3&old=1,LA-912,ດຳລັດ ວ່າດ້ວຍສະມາຄົມ,ກະຊວງ ພາຍໃນ,2009-04-29,2016-03-28,repealed,ສະບັບເກົ່າ,subsidiary_legislation,false,,https://laoofficialgazette.gov.la/kcfinder/upload/files/ດຳລັດ ວ່າດ້ວຍສະມາຄົມ.pdf,,false,false,false,true,
3,Decree,legaltype=3&old=1,LA-911,ດຳລັດ ວ່າດ້ວຍການຄຸ້ມຄອງ ແລະ ນຳໃຊ້ກາປະທັບ,ກະຊວງ ພາຍໃນ,2005-07-19,2016-03-28,repealed,ສະບັບເກົ່າ,subsidiary_legislation,false,,https://laoofficialgazette.gov.la/kcfinder/upload/files/ດຳລັດ ວ່າດ້ວຍການຄຸ້ມຄອງ ແລະ ນຳໃຊ້ກາປະທັບ.pdf,,false,false,false,true,
3,Decree,legaltype=3&old=1,LA-895,ດຳລັດວ່າດ້ວຍ ປ້າຍ,ກະຊວງ ວັດທະນະທຳ ແລະ ການທ່ອງທ່ຽວ,2016-01-29,2016-02-19,repealed,ສະບັບເກົ່າ,subsidiary_legislation,false,,https://laoofficialgazette.gov.la/kcfinder/upload/files/ດຳລັດ ວ່າດ້ວຍປ້າຍ.pdf,,false,false,false,true,
3,Decree,legaltype=3&old=1,LA-856,ດຳລັດວ່າດ້ວຍ ການປະຕິບັດນະໂຍບາຍຕໍ່ຜູ້ມີຜົນງານ ແລະ ຄຸນງາມຄວາມດີ ໃນພາລະກິດ ຮັບໃຊ້ການປະຕິວັດຊາດ ປະຊາທິປະໄຕ,ກະຊວງ ແຮງງານ ແລະ ສະຫວັດດີການສັງຄົມ,2015-09-16,2015-10-14,repealed,ສະບັບເກົ່າ,subsidiary_legislation,false,,https://laoofficialgazette.gov.la/kcfinder/upload/files/ດຳລັັດ ວ່າດ້ວຍການປະຕິບັດນະໂຍບາຍຕໍ່ຜູ່ມີຜົນງານ ແລະ ຄຸນງາມຄວາມດີ.pdf,,false,false,false,true,
3,Decree,legaltype=3&old=1,LA-833,ດຳລັດ ວ່າດ້ວຍກອງທຶນ ສົ່ງເສີມ ແລະ ພັດທະນາ ວິສາຫະກິດ ຂະໜາດນ້ອຍ ແລະ ກາງ,ກະຊວງ ອຸດສາຫະກຳ ແລະ ການຄ້າ,2010-03-03,2015-08-07,repealed,ສະບັບເກົ່າ,subsidiary_legislation,false,,https://laoofficialgazette.gov.la/kcfinder/upload/files/SME.pdf,,false,false,false,true,
3,Decree,legaltype=3&old=1,LA-831,ດຳລັດ ວ່າດ້ວຍສິລະປະ ການສະແດງ,ກະຊວງ ວັດທະນະທຳ ແລະ ການທ່ອງທ່ຽວ,2015-01-14,2015-08-05,repealed,ສະບັບເກົ່າ,subsidiary_legislation,false,,https://laoofficialgazette.gov.la/kcfinder/upload/files/ດຳລັດ ວ່າດ້ວຍສິລະປະການສະແດງ.pdf,,false,false,false,true,
3,Decree,legaltype=3&old=1,LA-798,ດຳລັດວ່າດ້ວຍ ການປະຢັດ ແລະ ການຕ້ານການຟູມເຟືອຍ,ກະຊວງ ການເງິນ,2015-03-10,2015-05-21,repealed,ສະບັບເກົ່າ,subsidiary_legislation,false,,https://laoofficialgazette.gov.la/kcfinder/upload/files/ດຳລັດ ວ່າດ້ວຍການປະຢັດ ແລະ ຕ້ານການຟູມເຟືອຍ.pdf,,false,false,false,true,
3,Decree,legaltype=3&old=1,LA-774,ດຳລັດ ວ່າດ້ວຍການຄຸ້ມຄອງປ່າຜະລິດ ແບບຍືນຍາວ,ກະຊວງ ກະສິກຳ ແລະ ສິ່ງແວດລ້ອມ,2002-05-02,2015-03-17,repealed,ສະບັບເກົ່າ,subsidiary_legislation,false,,https://laoofficialgazette.gov.la/kcfinder/upload/files/ດຳລັດ ວ່າດ້ວຍການຄຸ້ມຄອງປ່າຜະລິດແບບຍືນຍາວ .pdf,,false,false,false,true,
3,Decree,legaltype=3&old=1,LA-765,ດຳລັດ ວ່າດ້ວຍເລກປະຈຳຕົວຜູ້ເສຍອາກອນ,ກະຊວງ ການເງິນ,2007-10-05,2015-03-04,repealed,ສະບັບເກົ່າ,subsidiary_legislation,false,,https://laoofficialgazette.gov.la/kcfinder/upload/files/ດຳລັດ ວ່າດ້ວຍເລກປະຈຳຕົວຜູ້ເສຍອາກອນ.pdf,,false,false,false,true,
3,Decree,legaltype=3&old=1,LA-759,ດຳລັດວ່າດ້ວຍ ປ່າປ້ອງກັນ,ກະຊວງ ກະສິກຳ ແລະ ສິ່ງແວດລ້ອມ,2010-07-19,2015-03-03,repealed,ສະບັບເກົ່າ,subsidiary_legislation,false,,https://laoofficialgazette.gov.la/kcfinder/upload/files/ດຳລັດວ່າດ້ວຍ ປ່າປ້ອງກັນ.pdf,,false,false,false,true,
3,Decree,legaltype=3&old=1,LA-758,ດຳລັດວ່າດ້ວຍ ການຄຸ້ມຄອງ ການເຄື່ອນຍ້າຍສັດ ແລະ ຜະລິດຕະພັນສິນຄ້າກ່ຽວກັບສັດ,ກະຊວງ ກະສິກຳ ແລະ ສິ່ງແວດລ້ອມ,2012-06-04,2015-03-03,repealed,ສະບັບເກົ່າ,subsidiary_legislation,false,,https://laoofficialgazette.gov.la/kcfinder/upload/files/ດຳລັດວ່າດ້ວຍການຄຸ້ມຄອງການເຄື່ອນຍ້າຍສັດ  ແລະ ຜະລິດຕະພັນສິນຄ້າກ່ຽວກັບສັດ.pdf,,false,false,false,true,
3,Decree,legaltype=3&old=1,LA-753,"ດຳລັດວ່າດ້ວຍ ການກວດກາສັດ, ຜະລິດຕະພັນສັດ ແລະ ຜະລິດຕະ ພັນສິນຄ້າກ່ຽວກັບສັດ ທີ່ນຳເຂົ້າ ແລະ ຂົນສົ່ງຜ່ານ ສປປ ລາວ",ກະຊວງ ກະສິກຳ ແລະ ສິ່ງແວດລ້ອມ,2007-07-27,2015-02-25,repealed,ສະບັບເກົ່າ,subsidiary_legislation,false,,https://laoofficialgazette.gov.la/kcfinder/upload/files/ດຳລັດ ວ່າດ້ວຍ ການກວດກາສັດ ທີ່ນຳເຂົ້າ ແລະ ຂົນສົ່ງຜ່ານ ສປປ ລາວ.pdf,,false,false,false,true,
3,Decree,legaltype=3&old=1,LA-746,ດຳລັດ ວ່າດ້ວຍໃບເກັບເງິນ,ກະຊວງ ການເງິນ,2006-01-23,2015-01-06,repealed,ສະບັບເກົ່າ,subsidiary_legislation,false,,https://laoofficialgazette.gov.la/kcfinder/upload/files/ດຳລັດ ວ່າດ້ວຍໃບເກັບເງິນ.pdf,,false,false,false,true,
3,Decree,legaltype=3&old=1,LA-735,ດຳລັດວ່າດ້ວຍ ການປະຕິບັດນະໂຍບາຍຕໍ່ຜູ່ມີຜົນງານ ແລະ ຄຸນງາມຄວາມດີ ໃນພາລະກິດ ຮັບໃຊ້ການປະຕິວັດຊາດ ປະຊາທິປະໄຕ,ກະຊວງ ແຮງງານ ແລະ ສະຫວັດດີການສັງຄົມ,2007-09-25,2014-12-24,repealed,ສະບັບເກົ່າ,subsidiary_legislation,false,,https://laoofficialgazette.gov.la/kcfinder/upload/files/7. ດຳລັດ ວ່າດ້ວຍການປະຕິບັດນະໂຍບາຍຕໍ່ຜູ້ມີຜົນງານ.pdf,,false,false,false,true,
3,Decree,legaltype=3&old=1,LA-703,ດຳລັດວ່າດ້ວຍ ສະຖາບັນການເງິນຈຸລະພາກ,ທະນາຄານແຫ່ງ ສປປ ລາວ,2012-10-03,2014-11-12,repealed,ສະບັບເກົ່າ,subsidiary_legislation,false,,https://laoofficialgazette.gov.la/kcfinder/upload/files/2. ດຳລັດ .pdf,,false,false,true,true,
3,Decree,legaltype=3&old=1,LA-584,ດຳລັດ ວ່າດ້ວຍການເອົາເດັກໄປເປັນລູກລ້ຽງ,ກະຊວງ ຍຸຕິທຳ,2014-06-12,2014-06-18,repealed,ສະບັບເກົ່າ,subsidiary_legislation,false,,https://laoofficialgazette.gov.la/kcfinder/upload/files/Adoption of children Decree.pdf,,false,false,false,true,
3,Decree,legaltype=3&old=1,LA-581,ດຳລັດວ່າດ້ວຍ ອົງການຈັດຕັ້ງສາກົນທີ່ບໍ່ສັງກັດລັດຖະບານ,ກະຊວງ ການຕ່າງປະເທດ,2010-01-08,2014-05-28,repealed,ສະບັບເກົ່າ,subsidiary_legislation,false,,https://laoofficialgazette.gov.la/kcfinder/upload/files/Decree on  International Non-Government Organization.pdf,,false,false,false,true,
3,Decree,legaltype=3&old=1,LA-582,ດຳລັດວ່າດ້ວຍ ການຄຸ້ມຄອງພະນັກງານທ້ອງຖິ່ນ ທີ່ເຂົ້າເຮັດວຽກນຳອົງການຕ່າງປະເທດ ທີ່ປະຈຳຢູ່ ສປປ ລາວ,ກະຊວງ ການຕ່າງປະເທດ,2010-11-01,2014-05-28,repealed,ສະບັບເກົ່າ,subsidiary_legislation,false,,https://laoofficialgazette.gov.la/kcfinder/upload/files/Decree on Governing of local staffs to work with  Foreign Organization in Laos.pdf,,false,false,false,true,
3,Decree,legaltype=3&old=1,LA-579,ດຳລັດວ່າດ້ວຍ ໂຮງຊວດຈຳ,ທະນາຄານແຫ່ງ ສປປ ລາວ,2002-02-02,2014-05-26,repealed,ສະບັບເກົ່າ,subsidiary_legislation,false,,https://laoofficialgazette.gov.la/kcfinder/upload/files/Decree on paw .pdf,,false,false,false,true,
3,Decree,legaltype=3&old=1,LA-578,ດຳລັດວ່າດ້ວຍ ແຊັກ,ທະນາຄານແຫ່ງ ສປປ ລາວ,1996-10-22,2014-05-26,repealed,ສະບັບເກົ່າ,subsidiary_legislation,false,,https://laoofficialgazette.gov.la/kcfinder/upload/files/Decree on checks.pdf,,false,false,false,true,
3,Decree,legaltype=3&old=1,LA-576,ດຳລັດວ່າດ້ວຍ ຄັງສຳຮອງເງິນຕາຕ່າງປະເທດຂອງລັດ,ທະນາຄານແຫ່ງ ສປປ ລາວ,2000-07-14,2014-05-26,repealed,ສະບັບເກົ່າ,subsidiary_legislation,false,,https://laoofficialgazette.gov.la/kcfinder/upload/files/Decree on reserves of foreign currencies .pdf,,false,false,true,true,
3,Decree,legaltype=3&old=1,LA-575,ດຳລັດວ່າດ້ວຍ ການເຊົ່າສິນເຊື່ອ,ທະນາຄານແຫ່ງ ສປປ ລາວ,1999-02-10,2014-05-26,repealed,ສະບັບເກົ່າ,subsidiary_legislation,false,,https://laoofficialgazette.gov.la/kcfinder/upload/files/Decree on rental credit.pdf,,false,false,false,true,
3,Decree,legaltype=3&old=1,LA-573,ດຳລັດວ່າດ້ວຍ ການບັນຊີຂອງທະນາຄານ ແຫ່ງ ສປປ ລາວ ແລະ ສະຖາບັນການເງິນ ທີ່ຂື້ນກັບທະນາຄານແຫ່ງ ສປປ ລາວ,ທະນາຄານແຫ່ງ ສປປ ລາວ,1996-01-08,2014-05-26,repealed,ສະບັບເກົ່າ,subsidiary_legislation,false,,https://laoofficialgazette.gov.la/kcfinder/upload/files/Decree on account of the Bank of Lao PDR and financial institutions belong to the Bank of Lao PDR.pdf,,false,false,true,true,
3,Decree,legaltype=3&old=1,LA-527,"ດຳລັດ ວ່າດ້ວຍການປັບໃໝ ແລະ ມາດຕະການຕ່າງໆ ຕໍ່ຜູ່ລະເມີດ ລະບຽບກົດໝາຍ ກ່ຽວກັບ ການຈະລາຈອນທາງບົກ, ການຂົນສົ່ງທາງບົກ ແລະການປົກປັກຮັກສາ ທາງຫຼວງ",ກະຊວງ ໂຍທາທິການ ແລະ ຂົນສົ່ງ,2007-07-03,2014-02-13,repealed,ສະບັບເກົ່າ,subsidiary_legislation,false,,https://laoofficialgazette.gov.la/kcfinder/upload/files/Decree no 188 .pdf,,false,false,false,true,
3,Decree,legaltype=3&old=1,LA-452,ດຳລັດວ່າດ້ວຍ ກອງທຶນບູລະນະຮັກສາທາງຫຼວງ,ກະຊວງ ໂຍທາທິການ ແລະ ຂົນສົ່ງ,2001-01-15,2013-12-24,repealed,ສະບັບເກົ່າ,subsidiary_legislation,false,,https://laoofficialgazette.gov.la/kcfinder/upload/files/ດຳ​ລັດ​ວ່າ​ດ້ວຍກອງ​ທຶນ​ບູ​ລະ​ນະ​ຮັກ​ສາ​ທາງຫຼວງ.pdf,,false,false,false,true,
8,Order,legaltype=8&old=0,LA-2637,ຄຳສັ່ງແນະນຳກ່ຽວກັບ ການເຮັດສັນຍາກະສິກຳ,ແຂວງ ອັດຕະປື,2026-08-28,2026-09-07,in_force,ປັດຈຸບັນ,subsidiary_legislation,false,,https://laoofficialgazette.gov.la/kcfinder/upload/files/06-28-8-2026_0001.pdf,,false,false,false,true,
8,Order,legaltype=8&old=0,LA-2592,ຄຳສັ່ງວ່າດ້ວຍ ການປ້ອງກັນ ແລະ ຄວບຄຸມພະຍາດລະບາດຕາມລະດູການໂດຍສະເພາະແມ່ນ ການແຜ່ລະບາດຂອງພະຍາດໝາກແດງ ແລະ ພະຍາດໄຂ້ຍຸງລາຍ ໃນປະຈຸບັນ,ແຂວງ ອັດຕະປື,2026-06-08,2026-06-16,in_force,ປັດຈຸບັນ,subsidiary_legislation,false,,https://laoofficialgazette.gov.la/kcfinder/upload/files/04-8-6-2026_0001.pdf,,false,false,false,true,
8,Order,legaltype=8&old=0,LA-2552,ຄຳສັ່ງວ່າດ້ວຍ ການເພີ່ມທະວີຄວາມເອົາໃຈໃສ່ຕໍ່ວຽກງານທະບຽນສານ,ແຂວງ ອັດຕະປື,2026-03-13,2026-03-25,in_force,ປັດຈຸບັນ,subsidiary_legislation,false,,"https://laoofficialgazette.gov.la/kcfinder/upload/files/02,13,32026_0001.pdf",,false,false,true,true,
8,Order,legaltype=8&old=0,LA-2530,"ຄຳສັ່ງວ່າດ້ວຍ ການເພີ່ມທະວີຄວາມເຂັ້ມງວດ ໃນການຄຸ້ມຄອງການຜະລິດ ສະກັດກັ້ນການລັກລອບ ນຳເຂົ້າ, ຈຳໜ່າຍ ອາຫານສັດ ແລະ ຢາສັດຕະວະແພດ",ກະຊວງ ກະສິກຳ ແລະ ສິ່ງແວດລ້ອມ,2026-02-20,2026-03-16,in_force,ປັດຈຸບັນ,subsidiary_legislation,false,,"https://laoofficialgazette.gov.la/kcfinder/upload/files/ຄໍາສັ່ງ 0692ກສ,20ກຸມພາ2026.pdf",,false,false,false,true,
8,Order,legaltype=8&old=0,LA-2529,"ຄຳສັ່ງວ່າດ້ວຍ ການເພີ່ມທະວີຄວາມຮັບຜິດຊອບໃນການຄຸ້ມຄອງປົກປັກຮັກສາປ່າໄມ້, ທີ່ດິນປ່າໄມ້, ການປ້ອງກັນສະກັດກັ້ນໄຟໄໝ້ລາມປ່າ ແລະ ຄວບຄຸມມົົນລະພິດທາງອາກາດ (ຝຸ່ນ PM 2.5) ໃນຂອບເຂດທົ່ວແຂວງ ອັດຕະປື",ແຂວງ ອັດຕະປື,2026-02-25,2026-03-16,in_force,ປັດຈຸບັນ,subsidiary_legislation,false,,https://laoofficialgazette.gov.la/kcfinder/upload/files/01.25.2.2026_0001.pdf,,false,false,false,true,
8,Order,legaltype=8&old=0,LA-2493,ຄຳສັ່ງວ່າດ້ວຍ ການຈັດຕັ້ງປະຕິບັດນິຕິກຳໃນການນຳໃຊ້ນ້ຳໜ້າດິນ ແລະ ນ້ຳໃຕ້ດິນ ພາຍໃນແຂວງອັດຕະປື,ແຂວງ ອັດຕະປື,2025-12-06,2026-01-12,in_force,ປັດຈຸບັນ,subsidiary_legislation,false,,"https://laoofficialgazette.gov.la/kcfinder/upload/files/13,6,11,2025_0001.pdf",,false,false,false,true,
8,Order,legaltype=8&old=0,LA-2410,ຄຳສັ່ງວ່າດ້ວຍ ການຄຸ້ມຄອງ ແລະ ການເກັບກູ້ນຳໃຊ້ເຄື່ອງປ່າຂອງດົງ (ປະເພດໝາກຈອງບານ),ແຂວງ ອັດຕະປື,2025-05-29,2025-07-24,in_force,ປັດຈຸບັນ,subsidiary_legislation,false,,https://laoofficialgazette.gov.la/kcfinder/upload/files/10.29.5.2025.pdf,,false,false,false,true,
8,Order,legaltype=8&old=0,LA-2411,"ຄຳສັ່ງວ່າດ້ວຍ ການຕິດຕາມ, ກດວກາ ແລະ ແກ້ໄຂບັນຫາຂຸດຄົ້ນແຮ່ຄຳຕົກຂ້ອນ, ຫີນແຮ່-ຊາຍ ຕາມບັນດາສາຍນ້ຳລຳເຊ, ຫ້ວຍນ້ຳ ແລະ ການຄຸ້ມຄອງການຂຸດຄົ້ນແຮ່ທາດຕ່າງໆໃນຂອບເຂດທົ່ວແຂວງ ອັດຕະປື",ແຂວງ ອັດຕະປື,2025-05-08,2025-07-24,in_force,ປັດຈຸບັນ,subsidiary_legislation,false,,https://laoofficialgazette.gov.la/kcfinder/upload/files/06.8.5.2025.pdf,,false,false,false,true,
8,Order,legaltype=8&old=0,LA-2408,"ຄຳສັ່ງວ່າດ້ວຍ ການເພີ້ມທະວີຄວາມເຂັ້ມງວດໃນການຄຸ້ມຄອງ, ຕິດຕາມ, ກວດກາ ການນຳເຂົ້າ, ຈຳໜ່າຍ ແລະ ນຳໃຊ້ແນວພັນພືດ, ຝຸ່ນ ແລະ ຢາປາບສັດຕູພືດ",ກະຊວງ ກະສິກຳ ແລະ ສິ່ງແວດລ້ອມ,2025-07-15,2025-07-17,in_force,ປັດຈຸບັນ,subsidiary_legislation,false,,https://laoofficialgazette.gov.la/kcfinder/upload/files/0147.15.7.2025.pdf,,false,false,false,true,
8,Order,legaltype=8&old=0,LA-2382,ຄຳສັ່ງວ່າດ້ວຍ ການເພີ້ມທະວີຄວາມເອົາໃຈໃສ່ ຕໍ່ວຽກງານທະບຽນສານ,ແຂວງ ອຸດົມໄຊ,2025-05-15,2025-06-10,in_force,ປັດຈຸບັນ,subsidiary_legislation,false,,https://laoofficialgazette.gov.la/kcfinder/upload/files/ 573 15.5.2025.pdf,,false,false,true,true,
8,Order,legaltype=8&old=0,LA-2381,ຄຳສັ່ງວ່າດ້ວຍ ການຈັດຕັ້ງປະຕິບັດອາກອນມູນຄ່າເພີ່ມ ຢູ່ແຂວງ ອຸດົມໄຊ,ແຂວງ ອຸດົມໄຊ,2025-05-27,2025-06-10,in_force,ປັດຈຸບັນ,subsidiary_legislation,false,,https://laoofficialgazette.gov.la/kcfinder/upload/files/ 640 24.5.2025.pdf,,false,false,false,true,
8,Order,legaltype=8&old=0,LA-2357,"ຄຳສັ່ງວ່າດ້ວຍ ເພີ່ມທະວີຄວາມເຂັ້ມງວດ ໃນການສະກັດກັ້ນ ການບຸກລຸກທຳລາຍປ່າໄມ້, ການຈັບຈ່ອງ, ການຊື້-ຂາຍ ທີ່ດີນປ່າໄມ້ ແລະ ການຕ້ານ, ສະກັດກັ້ນ ແລະ ປ້ອງກັນໄຟໄໝ້ລາມປ່າ ໃນຂອບເຂດທົ່ວແຂວງ ອັດຕະປື",ແຂວງ ອັດຕະປື,2025-02-14,2025-04-09,in_force,ປັດຈຸບັນ,subsidiary_legislation,false,,https://laoofficialgazette.gov.la/kcfinder/upload/files/04.pdf,,false,false,false,true,
8,Order,legaltype=8&old=0,LA-2283,ຄຳສັ່ງວ່າດ້ວຍ ການເພີ້ມທະວີຄວາມເອົາໃຈໃສ່ ຕໍ່ວຽກງານທະບຽນສານ,ແຂວງ ໄຊຍະບູລີ,2024-07-11,2024-10-10,in_force,ປັດຈຸບັນ,subsidiary_legislation,false,,https://laoofficialgazette.gov.la/kcfinder/upload/files/81.pdf,,false,false,true,true,
8,Order,legaltype=8&old=0,LA-2265,"ຄຳສັ່ງກ່ຽວກັບ ການຊຸກຍູ້, ສົ່ງເສີມ ຂະບວນການລ້ຽງງົວ ແລະ ຄວາຍ ເພື່ອສົ່ງອອກໄປ ສປ ຈີນ",ກະຊວງ ກະສິກຳ ແລະ ສິ່ງແວດລ້ອມ,2024-07-18,2024-08-19,in_force,ປັດຈຸບັນ,subsidiary_legislation,false,,https://laoofficialgazette.gov.la/kcfinder/upload/files/3789.pdf,,false,false,false,true,
8,Order,legaltype=8&old=0,LA-2237,ຄຳສັ່ງວ່າດ້ວຍ ການຫ້າມຈັບຈ່ອງ ແລະ ບຸກລຸກທີ່ດິນໂດຍບໍ່ໄດ້ຮັບການອະນຸຍາດ,ແຂວງ ອັດຕະປື,2024-04-09,2024-05-20,in_force,ປັດຈຸບັນ,subsidiary_legislation,false,,https://laoofficialgazette.gov.la/kcfinder/upload/files/08.9.4.2024.pdf,,false,false,false,true,
8,Order,legaltype=8&old=0,LA-2238,ຄຳສັ່ງວ່າດ້ວຍ ການເພີ້ມທະວີຄຸ້ມຄອງກິດຈະການແຮ່ທາດຢູ່ພາຍໃນແຂວງ ອັດຕະປື,ແຂວງ ອັດຕະປື,2024-05-07,2024-05-20,in_force,ປັດຈຸບັນ,subsidiary_legislation,false,,https://laoofficialgazette.gov.la/kcfinder/upload/files/09.7.5.2024.pdf,,false,false,false,true,
8,Order,legaltype=8&old=0,LA-2230,"ຄຳສັ່ງກ່ຽວກັບ ການຕິດຕາມ, ກວດກາ ແລະ ໃຊ້ມາດຕະການຕໍ່ຜູ້ລະເມີດການຈຳໜ່າຍ, ຊື້-ຂາຍ ສິນຄ້າເກືອດຫ້າມປະເພດຕ່າງໆພາຍໃນແຂວງ ອັດຕະປື",ແຂວງ ອັດຕະປື,2024-04-03,2024-04-08,in_force,ປັດຈຸບັນ,subsidiary_legislation,false,,https://laoofficialgazette.gov.la/kcfinder/upload/files/06.3.4.2024.pdf,,false,false,false,true,
8,Order,legaltype=8&old=0,LA-2197,"ຄຳສັ່ງແນະນຳ ກ່ຽວກັບການຫ້າມບຸກຄົນ, ນິຕິບຸກຄົນປຸກສ້າງອາຄານບ້ານເຮືອນ, ປູກຕົ້ນໄມ້ ໃສ່ກ້ອງແລວສາຍໄຟ ແລະ ລັກລອບ-ຮັບຊື້ຂາຍ ເຄື່ອງໄຟຟ້າທຸກຊະນິດຢູ່ແຂວງ ອັດຕະປື",ແຂວງ ອັດຕະປື,2024-01-08,2024-01-31,in_force,ປັດຈຸບັນ,subsidiary_legislation,false,,https://laoofficialgazette.gov.la/kcfinder/upload/files/01ຈຂອປ8.1.2024.pdf,,false,false,false,true,
8,Order,legaltype=8&old=0,LA-2198,ຄຳສັ່ງວ່າດ້ວຍ ການຢຸດຕິການຂຸດຄົ້ນແຮ່ຄຳຕົກຂ້ອນຢູ່ພາຍໃນແຂວງ ອັດຕະປື,ແຂວງ ອັດຕະປື,2024-01-17,2024-01-31,in_force,ປັດຈຸບັນ,subsidiary_legislation,false,,https://laoofficialgazette.gov.la/kcfinder/upload/files/02.17.1.2024.pdf,,false,false,false,true,
8,Order,legaltype=8&old=0,LA-2199,"ຄຳສັ່ງວ່າດ້ວຍ ການຢຸດຕິການສຳຫຼວດ, ການຂຸດຄົ້ນໄມ້, ທ້ອນໂຮມໄມ້ ໃນທົ່ວແຂວງ ອັດຕະປື",ແຂວງ ອັດຕະປື,2024-01-24,2024-01-31,in_force,ປັດຈຸບັນ,subsidiary_legislation,false,,https://laoofficialgazette.gov.la/kcfinder/upload/files/03.24.1.2024.pdf,,false,false,false,true,
8,Order,legaltype=8&old=0,LA-2169,"ຄຳສັ່ງກ່ຽວກັບ ການເພີ່ມທະວີຄວາມຮັບຜິດຊອບໃນການຄຸ້ມຄອງການນຳເຂົ້າ, ສົ່ງອອກ, ສົ່ງຜ່ານສັດ ແລະ ຜະລິດຕະພັນສັດ ຕາມດ່ານສາກົນ, ດ່ານທ້ອງຖິ່ນ ແລະ ດ່ານປະເພນີ",ກະຊວງ ກະສິກຳ ແລະ ສິ່ງແວດລ້ອມ,2023-11-21,2023-12-15,in_force,ປັດຈຸບັນ,subsidiary_legislation,false,,https://laoofficialgazette.gov.la/kcfinder/upload/files/4747ກປ2023.pdf,,false,false,false,true,
8,Order,legaltype=8&old=0,LA-2157,ຄຳສັ່ງ ກ່ຽວກັບການຫ້າມລ້ຽງ ຫຼື ປ່ອຍສັດນ້ຳຕ່າງຖິ່ນ ທີ່ມີຜົນກະທົບຕໍ່ສັດນ້ຳພື້ນເມືອງ ແລະ ລະບົບນິເວດແຫຼ່ງນໍ້າ,ກະຊວງ ກະສິກຳ ແລະ ສິ່ງແວດລ້ອມ,2023-11-03,2023-11-13,in_force,ປັດຈຸບັນ,subsidiary_legislation,false,,https://laoofficialgazette.gov.la/kcfinder/upload/files/4005ຫກ3.11.2023.pdf,,false,false,false,true,
8,Order,legaltype=8&old=0,LA-2156,ຄຳສັ່ງວ່າດ້ວຍ ການຈັດຕັ້ງປະຕິບັດກົນໄກການບໍລິການຜ່ານປະຕູດຽວຢູ່ແຂວງ ອຸດົມໄຊ,ແຂວງ ອຸດົມໄຊ,2023-05-11,2023-11-06,in_force,ປັດຈຸບັນ,subsidiary_legislation,false,,https://laoofficialgazette.gov.la/kcfinder/upload/files/523.pdf,,false,false,false,true,
8,Order,legaltype=8&old=0,LA-2127,ຄຳສັ່ງວ່າດ້ວຍ ການກວດກາ ແລະ ປະຕິບັດມາດຕະການ ຕໍ່ຜູ້ມີພາຫະນະໄວ້ຄອບຄອງທີ່ຍັງບໍ່ໄດ້ເສຍພາສີ-ອາກອນ ຕາມລະບຽບກົດໝາຍ,ແຂວງ ອຸດົມໄຊ,2023-08-11,2023-10-12,in_force,ປັດຈຸບັນ,subsidiary_legislation,false,,https://laoofficialgazette.gov.la/kcfinder/upload/files/913.pdf,,false,false,false,true,
8,Order,legaltype=8&old=0,LA-2128,ຄຳສັ່ງແນະນຳ ວ່າດ້ວຍການຕ້ານ ແລະ ສະກັດກັ້ນການຄ້າມະນຸດ ຢູ່ແຂວງ ອຸດົມໄຊ,ແຂວງ ອຸດົມໄຊ,2023-08-11,2023-10-12,in_force,ປັດຈຸບັນ,subsidiary_legislation,false,,https://laoofficialgazette.gov.la/kcfinder/upload/files/914.pdf,,false,false,false,true,
8,Order,legaltype=8&old=0,LA-2116,"ຄຳສັ່ງວ່າດ້ວຍ ການປ້ອງກັນ, ຄວບຄຸມ ແລະ ຕອບໂຕ້ການລະບາດຂອງພະຍາດໄຂ້ຍຸງລາຍ ຢູ່ພາຍໃນແຂວງຫຼວງນໍ້າທາ",ແຂວງ ຫຼວງນໍ້າທາ,2023-07-27,2023-09-28,in_force,ປັດຈຸບັນ,subsidiary_legislation,false,,https://laoofficialgazette.gov.la/kcfinder/upload/files/07ຈຂ2023.pdf,,false,false,false,true,
8,Order,legaltype=8&old=0,LA-2113,"ຄໍ່າສັ່ງວ່າດ້ວຍ ການເພີ່ມທະວີຄວາມເຂັ້ມງວດ ໃນການຄຸ້ມຄອງ, ປົກປັກຮັກສາ, ພັດທະນາ ແລະ ນຳໃຊ້ປ່າໄມ້, ທີ່ດິນປ່າໄມ້, ຕ້ານ ແລະ ສະກັດກັ້ນການບຸກລຸກທຳລາຍປ່າໄມ້, ທີ່ດິນປ່າໄມ້ ແລະ ໄຟໄໝ້ລາມປ່າ",ແຂວງ ໄຊຍະບູລີ,2023-09-06,2023-09-14,in_force,ປັດຈຸບັນ,subsidiary_legislation,false,,https://laoofficialgazette.gov.la/kcfinder/upload/files/92-110ຈຂຊຍ2023.pdf,,false,false,false,true,
8,Order,legaltype=8&old=0,LA-2107,ຄຳສັ່ງວ່າດ້ວຍ ການຈັດຕັ້ງປະຕິບັດການຄຸ້ມຄອງເງິນຕາຕ່າງປະເທດ,ທະນາຄານແຫ່ງ ສປປ ລາວ,2023-07-14,2023-08-31,in_force,ປັດຈຸບັນ,subsidiary_legislation,false,,https://laoofficialgazette.gov.la/kcfinder/upload/files/10ນຍ2023.pdf,,false,false,true,true,
8,Order,legaltype=8&old=0,LA-2100,ຄຳສັ່ງ ການໃຫ້ຄວາມຮ່ວມມື ໃນການຂຶ້ນທະບຽນແຮງງານລາວ ແລະ ແຮງງານຕ່າງປະເທດ ຕາມວາລະແຫ່ງຊາດ,ແຂວງ ບໍ່ແກ້ວ,2023-04-21,2023-08-21,in_force,ປັດຈຸບັນ,subsidiary_legislation,false,,https://laoofficialgazette.gov.la/kcfinder/upload/files/47-403ຈຂ.ບກ2023.pdf,,false,false,true,true,
8,Order,legaltype=8&old=0,LA-2102,"ຄຳສັ່ງວ່າດ້ວຍ ການຄຸ້ມຄອງ, ປົກປັກຮັກສາຊັບພະຍາກອນປ່າໄມ້ ແລະ ເຂດອ່າງຮັບນໍ້າ ເຂື່ອນໄຟຟ້ານໍ້າທາ 1 ເມືອງ ຜາອຸດົມ",ແຂວງ ບໍ່ແກ້ວ,2019-06-05,2023-08-21,in_force,ປັດຈຸບັນ,subsidiary_legislation,false,,https://laoofficialgazette.gov.la/kcfinder/upload/files/76-541ຈຂ.ບກ2019.pdf,,false,false,false,true,
8,Order,legaltype=8&old=0,LA-2083,"ຄຳສັ່ງເພີ່ມທະວີຄວາມຮັບຜິດຊອບສະກັດກັ້ນ, ຄວບຄຸມ ແລະ ແກ້ໄຂບັນຫາໄຟໄໝ້ລາມປ່າ ແລະ ບັນຫາໝອກຄວັນໃນປັດຈຸບັນ ກໍຄືສະເພາະໜ້າ ແລະ ຍາວນານ",ແຂວງ ບໍ່ແກ້ວ,2023-04-12,2023-07-18,in_force,ປັດຈຸບັນ,subsidiary_legislation,false,,https://laoofficialgazette.gov.la/kcfinder/upload/files/law_1581689686572.pdf,,false,false,false,true,
8,Order,legaltype=8&old=0,LA-2082,"ຄຳສັ່ງກ່ຽວກັບ ການປະຢັດ ແລະ ຕ້ານການຟູມເຟືອຍ ໃນການປົກປັກຮັກສາ, ການນຳໃຊ້ໄຟຟ້າ ແລະ ນໍ້າປະປາ ໃນສຳນັກງານອົງການ, ສະຖານທີ່ສາທາລະນະ",ແຂວງ ບໍ່ແກ້ວ,2021-07-22,2023-07-18,in_force,ປັດຈຸບັນ,subsidiary_legislation,false,,https://laoofficialgazette.gov.la/kcfinder/upload/files/law_121689686539.pdf,,false,false,false,true,
8,Order,legaltype=8&old=0,LA-2081,ຄຳສັ່ງກ່ຽວກັບ ການໂຈະກິດຈະກຳທີ່ບໍ່ຖືກຕ້ອງໃນຂອບເຂດທີ່ດິນວັດທະນະທຳ,ແຂວງ ບໍ່ແກ້ວ,2020-06-18,2023-07-18,in_force,ປັດຈຸບັນ,subsidiary_legislation,false,,https://laoofficialgazette.gov.la/kcfinder/upload/files/law_2261689685963.pdf,,false,false,false,true,
8,Order,legaltype=8&old=0,LA-2080,"ຄຳສັ່ງກ່ຽວກັບ ການເພີ່ມທະວີຄວາມຮັບຜິດຊອບຂອງຄະນະພັກ, ຄະນະນຳແຕ່ລະຂັ້ນໃນການຢຸດຕິການຖາງປ່າ-ປູກຝິ່ນໃນຂອບເຂດທົ່ວແຂວງ",ແຂວງ ບໍ່ແກ້ວ,2022-11-28,2023-07-18,in_force,ປັດຈຸບັນ,subsidiary_legislation,false,,https://laoofficialgazette.gov.la/kcfinder/upload/files/law_9721689685995.pdf,,false,false,false,true,
8,Order,legaltype=8&old=0,LA-1993,"ຄຳສັ່ງ ວ່າດ້ວຍການເພີ່ມທະວີຈັດຕັ້ງປະຕິບັດ ຄຸ້ມຄອງພະນັກງານ, ລັດຖະກອນ ແລະ ກຳລັງປະກອບອາວຸດ ຢູ່ແຂວງອຸດົມໄຊ",ແຂວງ ອຸດົມໄຊ,2022-10-10,2023-02-02,in_force,ປັດຈຸບັນ,subsidiary_legislation,false,,https://laoofficialgazette.gov.la/kcfinder/upload/files/999ອຊ2022.pdf,,false,false,false,true,
8,Order,legaltype=8&old=0,LA-1985,"ຄຳສັ່ງ ເພີ້ມທະວີການຕິດຕາມ, ກວດກາການລັກລອບຕັດໄມ້, ຊື້ - ຂາຍໄມ້, ເຄື່ອນຍ້າຍໄມ້ ແລະ ຄຸ້ມຄອງ - ດັດສົມໂຮງງານປຸງແຕ່ງໄມ້, ປົກປັກຮັກສາປ່າໄມ້ ໃນຂອບເຂດທົ່ວແຂວງ ສາລະວັນ",ແຂວງ ສາລະວັນ,2022-04-01,2023-01-05,in_force,ປັດຈຸບັນ,subsidiary_legislation,false,,https://laoofficialgazette.gov.la/kcfinder/upload/files/03ຈຂ 1.4.2022.pdf,,false,false,false,true,
8,Order,legaltype=8&old=0,LA-1986,"ຄຳສັ່ງ ການເພີ້ມທະວີວຽກງານປ້ອງກັນ, ຕ້ານ, ສະກັດກັ້ນ ແລະ ຄວບຄຸມ - ແກ້ໄຂ ການລະບາດຂອງພະຍາດໄຂ້ ທີ່ມີຍຸງເປັນພາຫະນຳເຊື້ອ ຢູ່ແຂວງ ສາລະວັນ",ແຂວງ ສາລະວັນ,2022-07-11,2023-01-05,in_force,ປັດຈຸບັນ,subsidiary_legislation,false,,https://laoofficialgazette.gov.la/kcfinder/upload/files/05 ຈຂ 11.7.2022.pdf,,false,false,false,true,
8,Order,legaltype=8&old=0,LA-1966,ຄຳສັ່ງ ວ່າດ້ວຍ ການສະກັດກັ້ນ ແລະ ແກ້ໄຂປະກົດການຫຍໍ້ທໍ້ ໃນຂະແໜງການສຶກສາທິການ ແລະ ກິລາ,ກະຊວງ ສຶກສາທິການ ແລະ ກິລາ,2022-10-03,2022-12-05,in_force,ປັດຈຸບັນ,subsidiary_legislation,false,,https://laoofficialgazette.gov.la/kcfinder/upload/files/1073. ສສກ 3.10.2022.pdf,,false,false,false,true,
8,Order,legaltype=8&old=0,LA-1948,ຄຳສັ່ງ ກ່ຽວກັບການຫ້າມຂ້າສັດໃຫຍ່ຖືພາມານ,ກະຊວງ ກະສິກຳ ແລະ ສິ່ງແວດລ້ອມ,2022-10-18,2022-11-02,in_force,ປັດຈຸບັນ,subsidiary_legislation,false,,https://laoofficialgazette.gov.la/kcfinder/upload/files/4317ກປ2022.pdf,,false,false,false,true,
8,Order,legaltype=8&old=0,LA-1947,"ຄຳສັ່ງ ກ່ຽວກັບການສ້າງແຜນການຂຸດຄົ້ນ, ຄຸ້ມຄອງ ການຊື້-ຂາຍ, ການເຄື່ອນຍ້າຍ ແລະ ສົ່ງອອກເຄື່ອງປ່າຂອງດົງ",ກະຊວງ ກະສິກຳ ແລະ ສິ່ງແວດລ້ອມ,2022-10-07,2022-11-02,in_force,ປັດຈຸບັນ,subsidiary_legislation,false,,https://laoofficialgazette.gov.la/kcfinder/upload/files/4266ກປ2022.pdf,,false,false,false,true,
8,Order,legaltype=8&old=0,LA-1918,ຄຳສັ່ງ ວ່າດ້ວຍການນຳໃຊ້ພາຫະນະຕາມເສັ້ນທາງຫຼວງທີ່ບໍ່ຖືກຕ້ອງຕາມກົດໝາຍ ພາຍໃນ ແຂວງອັດຕະປື,ແຂວງ ອັດຕະປື,2022-08-10,2022-09-02,in_force,ປັດຈຸບັນ,subsidiary_legislation,false,,https://laoofficialgazette.gov.la/kcfinder/upload/files/06ຈຂອປ2022.pdf,,false,false,false,true,
8,Order,legaltype=8&old=0,LA-1827,ຄຳສັ່ງ ວ່າດ້ວຍການເພີ່ມທະວີຄວາມເອົາໃຈໃສ່ຕໍ່ວຽກງານທະບຽນສານ,ແຂວງ ຜົ້ງສາລີ,2021-12-07,2021-12-28,in_force,ປັດຈຸບັນ,subsidiary_legislation,false,,https://laoofficialgazette.gov.la/kcfinder/upload/files/5723ຜລ2021.pdf,,false,false,true,true,
8,Order,legaltype=8&old=0,LA-1816,ຄຳສັ່ງ ວ່າດ້ວຍການລົບລ້າງການອອກໃບອະນຸຍາດນຳເຂົ້າລົດແທຣັກເຕີ ທີ່ຮັບໃຊ້ສະເພາະການຜະລິດກະສິກຳ,ກະຊວງ ອຸດສາຫະກຳ ແລະ ການຄ້າ,2021-10-19,2021-10-21,in_force,ປັດຈຸບັນ,subsidiary_legislation,false,,https://laoofficialgazette.gov.la/kcfinder/upload/files/0982ອຄ2021.pdf,,false,false,false,true,
8,Order,legaltype=8&old=0,LA-1811,ຄຳສັ່ງ ວ່າດ້ວຍການເພີ່ມທະວີການຄຸ້ມຄອງ ແລະ ຕ້ານການຮົ່ວໄຫຼຂອງລາຍຮັບງົບປະມານແຫ່ງລັດ,ກະຊວງ ການເງິນ,2021-09-16,2021-09-23,in_force,ປັດຈຸບັນ,subsidiary_legislation,false,,https://laoofficialgazette.gov.la/kcfinder/upload/files/16092021.pdf,,false,false,false,true,
8,Order,legaltype=8&old=0,LA-1760,"ຄຳສັງ ວ່າດ້ວຍການກັກ, ການຍຶດ ແລະ ການອາຍັດ ທຶນ ທີ່ກ່ຽວຂ້ອງກັບການສະໜອງທຶນໃຫ້ແກ່ການແຜ່ຜາຍອາວຸດທຳລາຍລ້າງຜານ",ທະນາຄານແຫ່ງ ສປປ ລາວ,2020-11-26,2021-04-01,in_force,ປັດຈຸບັນ,subsidiary_legislation,false,,https://laoofficialgazette.gov.la/kcfinder/upload/files/20ນຍ2020.pdf,,false,false,false,true,
8,Order,legaltype=8&old=0,LA-1716,"ຄຳສັ່ງ ກ່ຽວກັບການເພີ່ມທະວີຄວາມເຂັ້ມງວດ ຕໍ່ ການຄຸ້ມຄອງ, ຕິດຕາມ ແລະ ກວດກາ ກິດຈະການການທ່ອງທ່ຽວທຳມະຊາດ ໃນເຂດປ່າສະຫງວນ ແລະ ອຸທິຍານແຫ່ງຊາດ",ກະຊວງ ກະສິກຳ ແລະ ສິ່ງແວດລ້ອມ,2020-11-27,2021-01-05,in_force,ປັດຈຸບັນ,subsidiary_legislation,false,,https://laoofficialgazette.gov.la/kcfinder/upload/files/2219ກປ2020.pdf,,false,false,false,true,
8,Order,legaltype=8&old=0,LA-1680,"ຄຳສັ່ງ ກ່ຽວກັບການເພີ່ມທະວີຄວາມເອົາໃຈໃສ່ ໃນການກວດກາການຕິດສະຫຼາກຝຸ່ນ, ຢາປາບສັດຕູພືດ ແລະ ເມັດພັນພືດ",ກະຊວງ ກະສິກຳ ແລະ ສິ່ງແວດລ້ອມ,2020-09-24,2020-10-13,in_force,ປັດຈຸບັນ,subsidiary_legislation,false,,https://laoofficialgazette.gov.la/kcfinder/upload/files/1893ກປ2020-1-3.pdf,,false,false,false,true,
8,Order,legaltype=8&old=0,LA-1606,ຄຳສັ່ງ ວ່າດ້ວຍການຊຳລະຄ່າທຳນຽມທາງປະຈຳປີ,ແຂວງ ອັດຕະປື,2020-03-11,2020-03-23,in_force,ປັດຈຸບັນ,subsidiary_legislation,false,,https://laoofficialgazette.gov.la/kcfinder/upload/files/03 ຈຂອປ 2020.pdf,,false,false,true,true,
8,Order,legaltype=8&old=0,LA-1607,"ຄຳສັ່ງ ເລື່ອງການປ້ອງກັນ, ຄວບຄຸມ, ຕອບໂຕ້ ພະຍາດອັກເສບປອດຈາກເຊື້ອຈຸລະໂລກສາຍພັນໃໝ່ (COVID-19)",ແຂວງ ອັດຕະປື,2020-03-12,2020-03-23,in_force,ປັດຈຸບັນ,subsidiary_legislation,false,,https://laoofficialgazette.gov.la/kcfinder/upload/files/05 ຈຂອປ 2020.pdf,,false,false,false,true,
8,Order,legaltype=8&old=0,LA-1608,"ຄຳສັ່ງ ກ່ຽວກັບການຄຸ້ມຄອງຈັດເກັບ ອາກອນລາຍໄດ້ຈາກການຊື້-ຂາຍ, ການໂອນສິດນຳໃຊ້ທີ່ດິນ, ສິ່ງປຸກສ້າງ ຫຼື ທີ່ດິນພ້ອມສິ່ງປຸກສ້າງ",ແຂວງ ອັດຕະປື,2020-03-12,2020-03-23,in_force,ປັດຈຸບັນ,subsidiary_legislation,false,,https://laoofficialgazette.gov.la/kcfinder/upload/files/06ຈຂປອ2020.pdf,,false,false,false,true,
8,Order,legaltype=8&old=0,LA-1593,"ຄຳສັ່ງແນະນຳ ວ່າດ້ວຍການຢຸດຕິການນຳເຂົ້າ, ຜະລິດ, ແຈກຢາຍ, ບໍລິການ ແລະ ນຳໃຊ້ຜະລິດຕະພັນທີ່ມີສານບາຫຼອດ",ກະຊວງ ສາທາລະນະສຸກ,2019-11-15,2020-02-28,in_force,ປັດຈຸບັນ,subsidiary_legislation,false,,https://laoofficialgazette.gov.la/kcfinder/upload/files/1280ສທ2019.pdf,,false,false,false,true,
8,Order,legaltype=8&old=0,LA-1583,ຄຳສັ່ງ ວ່າດ້ວຍການປັບປຸງວຽກງານການບໍລິການ ການອອກໃບອະນຸຍາດລົງທຶນ ແລະ ການອອກໃບອະນຸຍາດດຳເນີນທຸລະກິດ,ກະຊວງ ການເງິນ,2020-01-21,2020-02-10,in_force,ປັດຈຸບັນ,subsidiary_legislation,false,,https://laoofficialgazette.gov.la/kcfinder/upload/files/03ນຍ2020.pdf,,false,false,false,true,
8,Order,legaltype=8&old=0,LA-1564,"ຄຳສັ່ງ ວ່າດ້ວຍການອຳນວຍຄວາມສະດວກ ໃຫ້ແກ່ການນຳເຂົ້າ-ສົ່ງອອກ, ການນຳເຂົ້າຊົ່ວຄາວ, ການຜ່ານແດນ ແລະ ການເຄື່ອນຍ້ານສິນຄ້າ ຢູ່ ສປປ ລາວ",ກະຊວງ ອຸດສາຫະກຳ ແລະ ການຄ້າ,2019-10-16,2019-12-30,in_force,ປັດຈຸບັນ,subsidiary_legislation,false,,https://laoofficialgazette.gov.la/kcfinder/upload/files/12ນຍ2019.pdf,,false,false,false,true,
8,Order,legaltype=8&old=0,LA-1526,ຄຳສັ່ງ ວ່າດ້ວຍການໂຈະ ການອະນຸຍາດດຳເນີນທຸລະກິດໃໝ່ ກ່ຽວກັບໂຮງງານອຸດສາຫະກຳປຸງແຕ່ງ ທີ່ນຳໃຊ້ສິ່ງເສດເຫຼືອຢາງປລາສະຕິກ ເປັນວັດຖຸດິບ,ກະຊວງ ອຸດສາຫະກຳ ແລະ ການຄ້າ,2019-07-31,2019-08-09,in_force,ປັດຈຸບັນ,subsidiary_legislation,false,,https://laoofficialgazette.gov.la/kcfinder/upload/files/0930ອຄກອຫ2019.pdf,,false,false,false,true,
8,Order,legaltype=8&old=0,LA-1473,ຄຳສັ່ງແນະນຳ ການມອບຮັບງົບປະມານແຫ່ງລັດເຂົ້າບັນຊີເງິນຝາກຂອງແຂວງ (ບັນຊີ110)ຜ່ານລະບົບທະນາຄານ ໃນຂອບເຂດທົ່ວແຂວງ,ແຂວງ ອັດຕະປື,2019-01-31,2019-03-29,in_force,ປັດຈຸບັນ,subsidiary_legislation,false,,https://laoofficialgazette.gov.la/kcfinder/upload/files/03ຈຂ.ອປ.pdf,,false,false,false,true,
8,Order,legaltype=8&old=0,LA-1474,"ຄຳສັ່ງແນະນຳ ວ່າດ້ວຍການຍົກຍ້າຍເຮືອນສຳເລັດຮູບຈາກຈຸດບ້ານຕຳມໍຢອດ ໄປຫາຈຸດບ້ານປິນດົງຈຳນວນ 49 ຫຼັງ, ຈາກດົງບາກ 4 ຫຼັງ ແລະ ສັບຊ້ອນຄືນຢູ່ຈຸດບ້ານດອນບົກ",ແຂວງ ອັດຕະປື,2019-01-25,2019-03-29,in_force,ປັດຈຸບັນ,subsidiary_legislation,false,,https://laoofficialgazette.gov.la/kcfinder/upload/files/02ຈຂອປ.pdf,,false,false,false,true,
8,Order,legaltype=8&old=0,LA-1472,ຄຳສັງ ວ່າດ້ວຍການຈັດຕັ້ງປະຕິບັດການກັນ ແລະ ຄວບຄຸມພະຍາດໄຂ້ຍຸງລາຍໃນ ທົ່ວແຂວງອັດຕະປື,ແຂວງ ອັດຕະປື,2019-02-11,2019-03-29,in_force,ປັດຈຸບັນ,subsidiary_legislation,false,,https://laoofficialgazette.gov.la/kcfinder/upload/files/04ຈຂອປ.pdf,,false,false,false,true,
8,Order,legaltype=8&old=0,LA-1456,ຄຳສັ່ງແນະນຳ ວ່າດ້ວຍມາດຕະການຈັດຕັ້ງປະຕິບັດກ່ຽວກັບ ການຜັນຂະຫຍາຍນະໂຍບາຍສົ່ງເສີມການປູກອ້ອຍເປັນສິນຄ້າ,ແຂວງ ອັດຕະປື,2018-11-28,2019-02-14,in_force,ປັດຈຸບັນ,subsidiary_legislation,false,,https://laoofficialgazette.gov.la/kcfinder/upload/files/17ຈຂອປ.pdf,,false,false,false,true,
8,Order,legaltype=8&old=0,LA-1457,ຄຳສັ່ງແນະນຳ ວ່າດ້ວຍການເພີ່ມທະວີ ເອົາໃຈໃສ່ການປະຕິບັດ ດຳລັດ 348/ລບ ແລະ ບົດແນະນຳ ສະບັບເລກທີ 0830/ກປ,ແຂວງ ອັດຕະປື,2018-12-17,2019-02-14,in_force,ປັດຈຸບັນ,subsidiary_legislation,false,,https://laoofficialgazette.gov.la/kcfinder/upload/files/19ຈຂອປ.pdf,,false,false,false,true,
8,Order,legaltype=8&old=0,LA-1458,ຄຳສັ່ງແນະນຳ ກ່ຽວກັບການປຸກລະດົມເຂົ້າຮ່ວມ ຜະລິດລະດູແລ້ງໃຫ້ເປັນຂະບວນການຢ່າງກວ້າງຂວາງ,ແຂວງ ອັດຕະປື,2018-11-30,2019-02-14,in_force,ປັດຈຸບັນ,subsidiary_legislation,false,,https://laoofficialgazette.gov.la/kcfinder/upload/files/18ຈຂອປ.pdf,,false,false,false,true,
8,Order,legaltype=8&old=0,LA-1440,ຄຳສັ່ງ ກ່ຽວກັບການຄວບຄຸມຜະລິດຕະພັນຢາສູບ ດ້ວຍການກຳນົດລາຄາຂາຍຍ່ອຍ ແລະ ຂາຍຍົກຕ່ຳສຸດ,ກະຊວງ ອຸດສາຫະກຳ ແລະ ການຄ້າ,2018-12-18,2018-12-24,in_force,ປັດຈຸບັນ,subsidiary_legislation,false,,https://laoofficialgazette.gov.la/kcfinder/upload/files/1791ອຄ.ກຄພນ.pdf,,false,false,false,true,
8,Order,legaltype=8&old=0,LA-1430,"ຄຳສັ່ງວ່າດ້ວຍ ການກວດກາເຄື່ອງກົນຈັກ, ພາຫະນະ ທີ່ນຳເຂົ້າໃນລະບອບຍົກເວັ້ນ, ງົດເກັບ ຫຼື ເສຍພາສີຫຼຸດຜ່ອນ ແລະ ບັນດາພາຫະນະທຸກປະເພດ ທີ່ນຳເຂົ້າບໍ່ຖືກຕ້ອງ",ແຂວງ ອັດຕະປື,2018-07-11,2018-11-30,in_force,ປັດຈຸບັນ,subsidiary_legislation,false,,https://laoofficialgazette.gov.la/kcfinder/upload/files/ຄຳສັ່ງກວດກາເຄື່ອງກົນຈັກ.pdf,,false,false,false,true,
8,Order,legaltype=8&old=0,LA-1429,ຄຳສັ່ງແນະນຳ ການຈົດທະບຽນເຂົ້າໃນລະບົບອາກອນມູນຄ່າເພີ່ມ,ແຂວງ ອັດຕະປື,2018-07-11,2018-11-30,in_force,ປັດຈຸບັນ,subsidiary_legislation,false,,https://laoofficialgazette.gov.la/kcfinder/upload/files/ຄຳສັ່ງຈົດທະບຽນເຂົ້າລະບົບອາກອນ.pdf,,false,false,true,true,
8,Order,legaltype=8&old=0,LA-1418,ຄຳສັ່ງວ່າດ້ວຍ ການເພີ່ມທະວີວຽກງານຄຸ້ມຄອງການເຄື່ອນໄຫວ ສາສະໜາ ຢູ່ແຂວງບໍ່ແກ້ວ,ແຂວງ ບໍ່ແກ້ວ,2018-08-02,2018-11-07,in_force,ປັດຈຸບັນ,subsidiary_legislation,false,,https://laoofficialgazette.gov.la/kcfinder/upload/files/BK778.pdf,,false,false,false,true,
8,Order,legaltype=8&old=0,LA-1407,"ຄຳສັ່ງວ່າດ້ວຍ ການເພີ່ມທະວີຄວາມຮັບຜິດຊອບຂອງການມີສ່ວນຮ່ວມ ໃນການຄຸ້ມຄອງປົກປັກຮັກສາເສັ້ນທາງຫຼວງທຸກປະເພດ ແລະ ເທດສະບານເມືອງ, ຜັງເມືອງຂອງແຂວງເຊກອງ",ແຂວງ ເຊກອງ,2018-10-09,2018-10-22,in_force,ປັດຈຸບັນ,subsidiary_legislation,false,,https://laoofficialgazette.gov.la/kcfinder/upload/files/Sk11.pdf,,false,false,false,true,
8,Order,legaltype=8&old=0,LA-1386,ຄຳສັ່ງ ວ່າດ້ວຍການຮິບໂຮມພາຫະນະ (ລົດ) ທີ່ຢຶດໄວ້ຕາມຈຸດຕ່າງໆໃນທົ່ວແຂວງ,ແຂວງ ອັດຕະປື,2018-04-11,2018-10-03,in_force,ປັດຈຸບັນ,subsidiary_legislation,false,,https://laoofficialgazette.gov.la/kcfinder/upload/files/Decision on Collection of Seized Vehicles (Cars) Across the Country.pdf,,false,false,false,true,
8,Order,legaltype=8&old=0,LA-1371,"ຄຳສັ່ງວ່າດ້ວຍ ທິດທາງ, ເປົ້າໝາຍ ແລະ ມາດຕະການ ສ້າງແຂວງ ເປັນຫົວໜ່ວຍຍຸດທະສາດ, ສ້າງເມືອງ ເປັນຫົວໜ່ວຍເຂັ້ມແຂງຮອບດ້ານ,​ ສ້າງບ້ານ ເປັນຫົວໜ່ວຍພັດທະນາ",ກະຊວງ ພາຍໃນ,2016-08-23,2018-08-20,in_force,ປັດຈຸບັນ,subsidiary_legislation,false,,https://laoofficialgazette.gov.la/kcfinder/upload/files/ທິດທາງເປົ້າໝາຍແລະ ມາດຕະການສ້າງແຂວງເມື່ອງບ້ານ.pdf,,false,false,false,true,
8,Order,legaltype=8&old=0,LA-1342,ຄຳສັ່ງ ວ່າດ້ວຍການເພີ່ມທະວີຄວາມເອົາໃຈໃສ່ຕໍ່ວຽກງານທະບຽນສານ,ແຂວງ ບໍ່ແກ້ວ,2018-04-24,2018-07-03,in_force,ປັດຈຸບັນ,subsidiary_legislation,false,,https://laoofficialgazette.gov.la/kcfinder/upload/files/ຄຳສັ່ງເອົາໃຈໃສ່ວຽກງານທະບຽນສານ.pdf,,false,false,true,true,
8,Order,legaltype=8&old=0,LA-1337,ຄຳສັ່ງ ວ່າດ້ວຍການເພີ່ມທະວີຄວາມເຂັ້ມງວດ ໃນການຄຸ້ມຄອງ ແລະ ກວດກາສັດປ່າ ແລະ ພືດປ່າ ປະເພດຫວງຫ້າມ,ກະຊວງ ກະສິກຳ ແລະ ສິ່ງແວດລ້ອມ,2018-05-08,2018-06-11,in_force,ປັດຈຸບັນ,subsidiary_legislation,false,,https://laoofficialgazette.gov.la/kcfinder/upload/files/ຄຳສັ່ງເພີ່ມຄວາມເຂັ້ມງວດໃນການຄຸ້ມຄອງສັດປ່າ.pdf,,false,false,false,true,
8,Order,legaltype=8&old=0,LA-1335,"ຄຳສັ່ງວ່າດ້ວຍ ການຕ້ານ, ເຝົ້າລະວັງ, ຄວບຄຸມ ແລະ ປ້ອງກັນພະຍາດປາກເປື່ອຍລົງເລັບ",ແຂວງ ບໍ່ແກ້ວ,2018-05-10,2018-05-29,in_force,ປັດຈຸບັນ,subsidiary_legislation,false,,"https://laoofficialgazette.gov.la/kcfinder/upload/files/ຄຳ​ສັງ​ວ່າ​ດ້ວຍ ການ​ຕ້ານ,ເຝົ້າ​ລະ​ວັງ,ຄວບ​ຄຸມ ແລະ ປ້ອງ​ກັນ​ພະ​ຍາດ​ປາກ​ເປື່ອຍ​ລົງ​ເລັບ.pdf",,false,false,false,true,
8,Order,legaltype=8&old=0,LA-1333,ຄຳສັ່ງວ່າດ້ວຍ ການປັບປຸງຄຸນນະພາບການເຄື່ອນໄຫວຂອງກົງຈັກການຈັດຕັ້ງ ແລະ ການບັນຈຸລັດຖະກອນໃໝ່,ກະຊວງ ພາຍໃນ,2018-02-09,2018-05-25,in_force,ປັດຈຸບັນ,subsidiary_legislation,false,,https://laoofficialgazette.gov.la/kcfinder/upload/files/ຄໍ​າ​ສັ່ງ​ວ່າ​ດ້ວຍ ການ​ປັບ​ປຸງ​ຄຸນ​ນະ​ພາບ​ການ​ເຄື່ອນ​ໄຫວ.pdf,,false,false,false,true,
8,Order,legaltype=8&old=0,LA-1313,"ຄຳສັ່ງ ວ່າດ້ວຍການຈັດຕັ້ງປະຕິບັດຄຳສັ່ງເລກທີ 43/ນຍ ສະບັບລົງວັນທີ 23/08/2016 ວ່າດ້ວຍການວາງທິດທາງ, ເປົ້າໝາຍ ແລະ ມາດຕະການສ້າງແຂວງເປັນຫົວໜ່ວຍຍຸດທະສາດ, ສ້າງເມືອງເປັນຫົວໜ່ວຍເຂັ້ມແຂງຮອບດ້ານ,ສ້າງບ້ານເປັນຫົວໜ່ວຍພັດທະນາ",ແຂວງ ອັດຕະປື,2017-11-02,2018-05-08,in_force,ປັດຈຸບັນ,subsidiary_legislation,false,,https://laoofficialgazette.gov.la/kcfinder/upload/files/ຄຳ​ສັ່ງ​ວ່າ​ດ້ວຍ ການ​ຈັດ​ຕັ້ງ​ປະ​ຕິ​ບັດ​ຄຳ​ສັ່ງ​ເລກ​ທີ 43.pdf,,false,false,false,true,
8,Order,legaltype=8&old=0,LA-1304,"ຄຳສັ່ງ ວ່າດ້ວຍການເພີ່ມທະວີຄວາມເຂັ້ມງວດໃນການກວດກາການນຳເຂົ້າ, ການຊື້-ຂາຍ, ການມີໄວ້ຄອບຄອງອຸປະກອນເຄື່ອງມື ແລະ ການນຳໃຊ້ເຄື່ອງຈັກຕັດໄມ້ປະເພດຈັກສະຕິນ",ແຂວງ ເຊກອງ,2016-08-25,2018-04-23,in_force,ປັດຈຸບັນ,subsidiary_legislation,false,,https://laoofficialgazette.gov.la/kcfinder/upload/files/ຄຳ​ສັ່ງ ວ່າ​ດ້ວຍ​ການ​ເພີ່ມ​ທະ​ວີ​ຄວາມ​ເຂັ້ມ​ງວດ​ໃນ​ການກວດ​ກາ​ການ​ນຳ​ເຂົ້າ.pdf,,false,false,false,true,
8,Order,legaltype=8&old=0,LA-1305,ຄຳສັ່ງແນະນຳ ວ່າດ້ວຍການເພີ່ມທະວີຄວາມເຂັ້ມງວດໃນການຄຸ້ມຄອງຊັບພະຍາກອນແຮ່ທາດ ຢູ່ແຂວງເຊກອງ,ແຂວງ ເຊກອງ,2016-08-25,2018-04-23,in_force,ປັດຈຸບັນ,subsidiary_legislation,false,,https://laoofficialgazette.gov.la/kcfinder/upload/files/ຄຳ​ສັ່ງ​ແນະ​ນຳ​ ວ່າ​ດ້ວຍ​ການ​ເພີ່ມ​ທະ​ວີ​ຄວາມ​ເຂັ້ມ​ງວດ.pdf,,false,false,false,true,
8,Order,legaltype=8&old=0,LA-1306,"ຄຳສັ່ງແນະນຳ ກ່ຽວກັບການຜັນຂະຫຍາຍ, ຈັດຕັ້ງປະຕິບັດຄຳສັ່ງ ເລກທີ 15/ນຍ ລົງວັນທີ 13/5/2016 ວ່າດ້ວຍການເພີ່ມທະວີຄວາມເຂັ້ມງວດ ໃນການຄຸ້ມຄອງ ແລະ ກວດກາການຂຸດຄົ້ນໄມ້, ເຄື່ອນຍ້າຍໄມ້ ແລະ ທຸລະກິດໄມ້",ແຂວງ ເຊກອງ,2016-06-06,2018-04-23,in_force,ປັດຈຸບັນ,subsidiary_legislation,false,,https://laoofficialgazette.gov.la/kcfinder/upload/files/ຄຳ​ສັ່ງ​ແນະ​ນຳ​ກ່ຽວ​ກັບ​ການ​ຜົນ​ຂະ​ຫ​ບາຍ​ຈັດ​ຕັ້ງ​ປະ​ຕິ​ບັດ​ຄຳ​ສັ່ງ.pdf,,false,false,false,true,
8,Order,legaltype=8&old=0,LA-1302,"ຄຳສັ່ງ ກ່ຽວກັບການເພີ່ມທະວີຄວາມເຂັ້ມງວດ ຕໍ່ການສະກັດກັ້ນ, ເຝົ້າລະວັງ ແລະ ກຳຈັດ ການລະບາດຂອງພະຍາດຫ່ຽວເຫຼືອງກ້ວຍ",ກະຊວງ ກະສິກຳ ແລະ ສິ່ງແວດລ້ອມ,2018-04-05,2018-04-19,in_force,ປັດຈຸບັນ,subsidiary_legislation,false,,https://laoofficialgazette.gov.la/kcfinder/upload/files/ຄຳ​ສັ່ງ ກ່ຽວ​ກັບ​ການ​ເພີ່ມ​ທະ​ວີ​ຄວາມ​ເຂັ້ມ​ງວດ​ຕໍ່​ການ​ສະ​ກັດ​ກັ້ນ.pdf,,false,false,false,true,
8,Order,legaltype=8&old=0,LA-1293,"ຄຳສັ່ງແນະນຳ ເພີ່ມທະວີການຄຸ້ມຄອງ, ກວດກາ ແລະ ສະກັດກັ້ນການລັກລອບຊື້-ຂາຍ ແລະ ເຄື່ອນຍ້າຍໄມ້ຜິດກົດໝາຍ ເຄື່ອງຈັກຕັດໄມ້ (ຈັກສະຕິນ) ພາຫານະດັດແປງ, ເຄື່ອງມືລ່າສັດນໍ້າ-ສັດປ່າ ປະເພດຕ່າງໆ ໃນທົ່ວແຂວງ",ແຂວງ ອັດຕະປື,2018-02-06,2018-04-05,in_force,ປັດຈຸບັນ,subsidiary_legislation,false,,"https://laoofficialgazette.gov.la/kcfinder/upload/files/ຄຳ​ສັ່ງ​ແນະ​ນຳ ເພີ່ມ​ທະ​ວີ​ການ​ຄຸ້ມ​ຄອງ, ກວດ​ກາ ແລະ ສະ​ກັດ​ກັ້ນ.pdf",,false,false,false,true,
8,Order,legaltype=8&old=0,LA-1292,"ຄຳສັ່ງ ວ່າດ້ວຍການຢຸດຕິການເກັບກູ້, ທ້ອນໂຮມ ແລະ ການຊື້-ຂາຍໄມ້ ເຄື່ອນຍ້າຍ, ການມີໄມ້ໃນຄອບຄອງ ແລະ ຂະບວນການສົມຮູ້ຮ່ວມຄິດທີ່ຜິດກົດໝາຍ",ແຂວງ ອັດຕະປື,2017-10-02,2018-04-05,in_force,ປັດຈຸບັນ,subsidiary_legislation,false,,"https://laoofficialgazette.gov.la/kcfinder/upload/files/ຄຳ​ສັ່ງ ວ່າ​ດ້ວຍ ການ​ຢຸດ​ຕິ​ເກັບ​ກູ້, ທ້ອນ​ໂຮມ ຊື້-ຂາຍ​ໄມ້.pdf",,false,false,false,true,
8,Order,legaltype=8&old=0,LA-1291,ຄຳສັ່ງ ວ່າດ້ວຍການກວດລ້າງຂະບວນການລັກລອບຂຸດຄົ້ນຄຳຜິດກົດໝາຍ ໃນຂອບເຂດແຂວງອັດຕະປື,ແຂວງ ອັດຕະປື,2017-10-02,2018-04-05,in_force,ປັດຈຸບັນ,subsidiary_legislation,false,,https://laoofficialgazette.gov.la/kcfinder/upload/files/ຄຳ​ສັ່ງ ວ່າ​ດ້ວຍ​ການກວດ​ລ້າງ​ຂະ​ບວນ​ການ​ລັກ​ລອບ​ຂຸດ​ຄົ້ນ​ຄຳ.pdf,,false,false,false,true,
8,Order,legaltype=8&old=0,LA-1289,ຄຳສັ່ງ ຂອງເຈົ້າແຂວງສະຫວັນນະເຂດ ກ່ຽວກັບການເພີ່ມທະວີຄຸ້ມຄອງວຽກງານອາຊີບ-ພາຫະນະພິເສດ,ແຂວງ ສະຫວັນນະເຂດ,2018-02-05,2018-04-02,in_force,ປັດຈຸບັນ,subsidiary_legislation,false,,https://laoofficialgazette.gov.la/kcfinder/upload/files/ຄຳ​ສັງ ກ່ຽວ​ກັບ​ການ​ເພີ່ມ​ທະ​ວີ​ຄຸ້ມ​ຄອງວຽກ​ງານ​ອາ​ຊີບ.pdf,,false,false,false,true,
8,Order,legaltype=8&old=0,LA-1276,"ຄຳສັ່ງ ຂອງເຈົ້າແຂວງ ແຂວງບໍ່ແກ້ວ ວ່າດ້ວຍ ການຕ້ານ ແລະ ສະກັດກັ້ນການລັກລອບນຳເຂົ້າສິນຄ້າ, ເຄື່ອງຂອງ ຕາມຊາຍແດນທີ່ບໍ່ຖືກຕ້ອງຕາມກົດໝາຍຢູ່ພາຍໃນແຂວງບໍ່ແກ້ວ",ແຂວງ ບໍ່ແກ້ວ,2018-02-22,2018-03-14,in_force,ປັດຈຸບັນ,subsidiary_legislation,false,,https://laoofficialgazette.gov.la/kcfinder/upload/files/​ຄໍາສັງ​ວ່າ​ດ້ວຍ ການ​ຕ້ານ ແລະ ສະ​ກັດ​ກັ້ນ​ການ​ລັກ​ລອບ​ນຳ​ເຂົ້າ.pdf,,false,false,false,true,
8,Order,legaltype=8&old=0,LA-1415,"ຄຳສັ່ງ ຂອງນາຍົກລັດຖະມົນຕີກ່ຽວກັບເອົາໃຈໃສ່ໂຄສະນາເຜີຍແຜ່, ສຶກສາອົບຮົມສ້າງສະຕິເຄົາລົບກົດໝາຍ",ກະຊວງ ຍຸຕິທຳ,2007-10-17,2018-03-02,in_force,ປັດຈຸບັນ,subsidiary_legislation,false,,https://laoofficialgazette.gov.la/kcfinder/upload/files/video_2.pdf,,false,false,false,true,
8,Order,legaltype=8&old=0,LA-1269,"ຄຳສັ່ງ ຂອງເຈົ້າແຂວງ ແຂວງບໍ່ແກ້ວ ວ່າດ້ວຍ ການອອກໃບຕາດິນ, ການຄຸ້ມຄອງ ແລະ ການນຳໃຊ້ທີ່ດິນໃນທົ່ວແຂວງ",ແຂວງ ບໍ່ແກ້ວ,2018-02-07,2018-02-21,in_force,ປັດຈຸບັນ,subsidiary_legislation,false,,https://laoofficialgazette.gov.la/kcfinder/upload/files/ຄໍາສັ່ງຂອງເຈົ້າແຂວງບໍ່ແກ້ວ.pdf,,false,false,false,true,
8,Order,legaltype=8&old=0,LA-1257,"ຄຳສັ່ງແນະນຳ ວ່າດ້ວຍການຄຸ້ມຄອງປ່າໄມ້ ແລະ ສະກັດກັ້ນການຂຸດຄົ້ນ, ເຄື່ອນຍ້າຍ, ສົ່ງອອກໄມ້ ແລະ ການດຳເນີນສຳຫຼວດກວດກາຕໍ່ບັນດາຂະແໜງການ ແລະ ເມືອງທີ່ກ່ຽວຂ້ອງກັບຄວາມຮັບຜິດຊອບໃນການອະນຸຍາດຂຸດຄົ້ນ, ທ້ອນໂຮມ ແລະ ສົ່ງອອກໄມ້ຢູ່ແຂວງຊຽງຂວາງ",ແຂວງ ຊຽງຂວາງ,2017-01-05,2018-02-14,in_force,ປັດຈຸບັນ,subsidiary_legislation,false,,https://laoofficialgazette.gov.la/kcfinder/upload/files/​ຄຳ​ສັ່ງ​ແນະ​ນຳ ວ່າ​ດ້ວຍ​ການ​ຄຸ້ມ​ຄອງ​ປ່າ​ໄມ້.pdf,,false,false,false,true,
8,Order,legaltype=8&old=0,LA-1258,"ຄຳສັ່ງແນະນຳ ຂອງເຈົ້າແຂວງ ແຂວງຊຽງຂວາງ ຫ້າມເຂົ້າໄປທຳການຜະລິດຢູ່ພື້ນທີ່ສະຫງວນຂອງລັດບໍລິເວນພູ 106, ຂົວປ່ອງ, ຫ້ວຍສະຫຼຽວ ເມືອງຜາໄຊ ແຂວງຊຽງຂວາງ",ແຂວງ ຊຽງຂວາງ,2017-01-17,2018-02-14,in_force,ປັດຈຸບັນ,subsidiary_legislation,false,,https://laoofficialgazette.gov.la/kcfinder/upload/files/​ຄ​ຳ​ສັ່ງ​ແນະ​ນຳ ຂອງ​ເຈົ້າ​ແຂວງ​ຫ້​າມ​ເຂົ້າ​ໄປ​ທຳ​ການ​ຜະ​ລິດ.pdf,,false,false,false,true,
8,Order,legaltype=8&old=0,LA-1259,"ຄຳສັ່ງແນະນຳ ຂອງທ່ານເຈົ້າແຂວງ ວ່າດ້ວຍການຄຸ້ມຄອງຜົນຂອງການກວດກາການຂຸດຄົ້ນໄມ້, ທ້ອນໂຮມໄມ້ ແລະ ເຄື່ອນຍ້າຍໄມ້ຢູ່ແຂວງຊຽງຂວາງ",ແຂວງ ຊຽງຂວາງ,2017-02-21,2018-02-14,in_force,ປັດຈຸບັນ,subsidiary_legislation,false,,https://laoofficialgazette.gov.la/kcfinder/upload/files/ຄຳ​ສັ່ງ​ແນະ​ນຳ ວ່າ​ດ້ວຍ​ການ​ຄຸ້ມ​ຄອງ​ຜົນ​ຂອງ​ການກວດ​ກາ​ຂຸດ​ຄົ້ນ​ໄມ້.pdf,,false,false,false,true,
8,Order,legaltype=8&old=0,LA-1260,ຄຳສັ່ງແນະນຳ ວ່າດ້ວຍການເກັບລາຍຮັບອາກອນລາຍໄດ້ຈາກການ ຊື້-ຂາຍ ໂອນສິດນຳໃຊ້ທີ່ດິນສິ່ງປຸກສ້າງ ຫຼື ທີ່ດິນພ້ອມສິ່ງປຸກສ້າງ,ແຂວງ ຊຽງຂວາງ,2017-03-09,2018-02-14,in_force,ປັດຈຸບັນ,subsidiary_legislation,false,,https://laoofficialgazette.gov.la/kcfinder/upload/files/​ຄຳ​ສັ່ງ​ແນະ​ນຳ ວ່າ​ດ້ວຍ​ການ​ເກັບ​ລາຍ​ຮັບ​ອາ​ກອນ.pdf,,false,false,false,true,
8,Order,legaltype=8&old=0,LA-1261,ຄຳສັ່ງ ວ່າດ້ວຍການເພີ່ມທະວີຄວາມເອົາໃຈໃສ່ຕໍ່ວຽກງານທະບຽນສານ,ແຂວງ ຊຽງຂວາງ,2017-05-03,2018-02-14,in_force,ປັດຈຸບັນ,subsidiary_legislation,false,,https://laoofficialgazette.gov.la/kcfinder/upload/files/​ຄຳ​ສັ່ງ ວ່າ​ດ້ວຍ​ການ​ເພີ່ມ​ທະ​ວີ​ວຽກ​ງານ​ທະ​ບຽນ​ສານ.pdf,,false,false,true,true,
8,Order,legaltype=8&old=0,LA-1262,"ຄຳສັ່ງ ວ່າດ້ວຍການຄຸ້ມຄອງ, ສົ່ງເສີມການຜະລິດ, ການປຸງແຕ່ງ ແລະ ການຈຳໜ່າຍຜະລິດຕະພັນ ອາຫານ-ເຄື່ອງດື່ມ",ແຂວງ ຊຽງຂວາງ,2017-05-03,2018-02-14,in_force,ປັດຈຸບັນ,subsidiary_legislation,false,,https://laoofficialgazette.gov.la/kcfinder/upload/files/ຄຳ​ສັ່ງ ວ່າ​ດ້ວຍ​ການ​ຄຸ້ມ​ຄອງ ສົ່ງ​ເສີມ​ການ​ຜະ​ລິດ.pdf,,false,false,false,true,
8,Order,legaltype=8&old=0,LA-1264,"ຄຳສັ່ງແນະນຳ ກ່ຽວກັບການກວດກາ, ປະເມີນ ແລະ ປັບປຸງສັນຍາເຊົ່າ-ສຳປະທານ ແລະ ການຄຸ້ມຄອງນຳໃຊ້ດິນຂອງລັດ",ແຂວງ ຊຽງຂວາງ,2017-07-14,2018-02-14,in_force,ປັດຈຸບັນ,subsidiary_legislation,false,,https://laoofficialgazette.gov.la/kcfinder/upload/files/​ຄຳ​ສັ່ງ​ແນະ​ນຳ ກ່ຽວ​ກັບ​ການກວດ​ກາ.pdf,,false,false,false,true,
8,Order,legaltype=8&old=0,LA-1263,ຄຳສັ່ງ ວ່າດ້ວຍການແກ້ໄຂບັນຫາຂຸດຄົ້ນແຮ່ຄຳ ທີ່ບໍ່ຖືກຕ້ອງຕາມລະບຽບກົດໝາຍຢູ່ຕາມຈຸດຕ່າງໆ ຂອງທຸກເມືອງ ໃນທົ່ວແຂວງຊຽງຂວາງ,ແຂວງ ຊຽງຂວາງ,2017-05-08,2018-02-14,in_force,ປັດຈຸບັນ,subsidiary_legislation,false,,https://laoofficialgazette.gov.la/kcfinder/upload/files/ຄຳ​ສັ່ງ ວ່າ​ດ້ວຍ​ການ​ແກ້​ໄຂ​ບັນ​ຫາ​ຂຸດ​ຄົ້ນ​ແຮ່​ຄຳ.pdf,,false,false,false,true,
8,Order,legaltype=8&old=0,LA-1265,ຄຳສັ່ງ ການຍຸບເລີກລົດຊະແລວ ແລະ ຄຸ້ມຄອງຈັກສະຕິ່ນຕັດໄມ້ ຢູ່ພາຍໃນແຂວງ,ແຂວງ ຊຽງຂວາງ,2017-11-27,2018-02-14,in_force,ປັດຈຸບັນ,subsidiary_legislation,false,,https://laoofficialgazette.gov.la/kcfinder/upload/files/​ຄຳ​ສັ່ງ​ ການ​ຍຸບ​ເລີກ​ລົດ​ຊະ​ແລວ.pdf,,false,false,false,true,
8,Order,legaltype=8&old=0,LA-1266,ຄຳສັ່ງແນະນຳ ວ່າດ້ວຍການເພີ່ມທະວີຄວາມຮັບຜິດຊອບຂອງທຸກພາກສ່ວນປະກອບສ່ວນເຂົ້າໃນວຽກງານຮາກຖານການເມືອງຢູ່ ບ້ານ ແລະ ກຸ່ມບ້ານ,ແຂວງ ຊຽງຂວາງ,2017-10-25,2018-02-14,in_force,ປັດຈຸບັນ,subsidiary_legislation,false,,https://laoofficialgazette.gov.la/kcfinder/upload/files/​ຄຳ​ສັ່ງ​ແນະ​ນຳ ວ່າ​ດ້ວຍ​ການ​ເພີ່ມ​ທະ​ວີ​ຄວາມ​ຮັບ​ຜິດ​ຊອບ.pdf,,false,false,false,true,
8,Order,legaltype=8&old=0,LA-1219,ຄຳສັ່ງແນະນຳ ການແກ້ໄຂ ບັນຫາຂອງຊາວຕ່າງດ້າວ - ຊາວຕ່າງປະເທດ ທີ່ທຳມາຫາກິນ ແລະ ດຳເນີນທຸລະກິດ ບໍ່ຖືກຕ້ອງ ຢູ່ແຂວງອັດຕະປື,ແຂວງ ອັດຕະປື,2017-08-21,2017-10-05,in_force,ປັດຈຸບັນ,subsidiary_legislation,false,,https://laoofficialgazette.gov.la/kcfinder/upload/files/1061569.pdf,,false,false,false,true,
8,Order,legaltype=8&old=0,LA-1213,ຄຳສັ່ງ ກ່ຽວກັບການເພີ່ມທະວີຄວາມເອົາໃຈໃສ່ ຕິດຕາມ ເຝົ້າລະວັງ ແລະ ສະກັດກັ້ນພະຍາດໄຂ້ຫວັດສັດປີກ,ກະຊວງ ກະສິກຳ ແລະ ສິ່ງແວດລ້ອມ,2017-09-22,2017-09-28,in_force,ປັດຈຸບັນ,subsidiary_legislation,false,,https://laoofficialgazette.gov.la/kcfinder/upload/files/ຄຳສັ່ງ ສະກັດກັ້ນໄຂ້ຫວັດສັດປີກ.pdf,,false,false,false,true,
8,Order,legaltype=8&old=0,LA-1208,ຄຳສັ່ງ ວ່າດ້ວຍການສ້າງຕັ້ງຕົວແທນຜູ້ອອກແຮງງານ ຫຼື ກຳມະບານຮາກຖານ ແລະ ປັບປຸງສ້າງຄວາມເຂັ້ມແຂງໃຫ້ແກ່ການຈັດຕັ້ງຂອງກຳມະບານ,ແຂວງ ຈຳປາສັກ,2017-08-24,2017-09-20,in_force,ປັດຈຸບັນ,subsidiary_legislation,false,,https://laoofficialgazette.gov.la/kcfinder/upload/files/ຄຳສັ່ງ ສ້າງຕັ້ງຕົວແທນຜູ້ອອກແຮງງານ.pdf,,false,false,true,true,
8,Order,legaltype=8&old=0,LA-1205,"ຄຳສັ່ງ ວ່າດ້ວຍການຍຸບເລີກປ້ອມ, ດ່ານ, ກວດກາຂອງສາຍກວດຕ່າງໆ ລວມທັງປ້ອມກວດກາ ຂອງເຈົ້າໜ້າທີ່ຕຳຫຼວດ ຢູ່ແຕ່ລະເມືອງ ແລະ ຕາມເສັ້ນທາງຕ່າງໆ ໃນທົ່ວແຂວງຈຳປາສັກ",ແຂວງ ຈຳປາສັກ,2017-03-20,2017-09-20,in_force,ປັດຈຸບັນ,subsidiary_legislation,false,,"https://laoofficialgazette.gov.la/kcfinder/upload/files/ຄຳສັ່ງ ການຍຸບເລີກປ້ອມ,ດ່ານ ຈຸດກວດຕ່າງໆ.pdf",,false,false,false,true,
8,Order,legaltype=8&old=0,LA-1201,ຄຳສັ່ງເພີ່ມເຕີມ ວ່າດ້ວຍການແກ້ໄຂບັນຫາການປູກກ້ວຍຫອມ ໃສ່ເນື້ອທີ່ນາ ແລະ ເຂດຊົນລະປະທານ ຢູ່ແຂວງບໍ່ແກ້ວ,ແຂວງ ບໍ່ແກ້ວ,2015-07-16,2017-09-14,in_force,ປັດຈຸບັນ,subsidiary_legislation,false,,https://laoofficialgazette.gov.la/kcfinder/upload/files/ຄຳສັ່ງແກ້ໄຂບັນຫາປູກກ້ວຍຫອມ.pdf,,false,false,false,true,
8,Order,legaltype=8&old=0,LA-1177,ຄຳສັ່ງ ວ່າດ້ວຍການປະຢັດລາຍຈ່າຍງົບປະມານຂອງລັດ,ກະຊວງ ການເງິນ,2017-05-19,2017-06-02,in_force,ປັດຈຸບັນ,subsidiary_legislation,false,,https://laoofficialgazette.gov.la/kcfinder/upload/files/ຄຳສັ່ງ ປະຢັດງົບປະມານຂອງລັດ.pdf,,false,false,false,true,
8,Order,legaltype=8&old=0,LA-1170,ຄຳສັ່ງວ່າດ້ວຍ ເອົາໃຈໃສ່ຕໍ່ການຄຸ້ມຄອງສັດລ້ຽງ ຂອງປະຊາຊົນ ທົ່ວແຂວງອັດຕະປື,ແຂວງ ອັດຕະປື,2017-03-15,2017-05-16,in_force,ປັດຈຸບັນ,subsidiary_legislation,false,,https://laoofficialgazette.gov.la/kcfinder/upload/files/ຄຳສັ່ງ ວ່າດ້ວຍການເອົາໃຈໃສ່ຕໍ່ການຄຸ້ມຄອງສັດລ້ຽງຂອງປະຊາຊົນທົ່ວແຂວງອັດຕະປື..pdf,,false,false,false,true,
8,Order,legaltype=8&old=0,LA-1165,ຄຳສັ່ງ ວ່າດ້ວຍການຂຶ້ນບັນຊີເຕົ້າໂຮມຊັບສິນທີ່ສານຕັດສິນຮິບເປັນຂອງລັດ,ກະຊວງ ການເງິນ,2017-04-05,2017-05-10,in_force,ປັດຈຸບັນ,subsidiary_legislation,false,,https://laoofficialgazette.gov.la/kcfinder/upload/files/ຄຳ​ສັ່ງ ວ່າ​ດ້ວຍ​ການ​ຂຶ້ນ​ບັນ​ຊີ​ເຕົ້າ​ໂຮມ​ຊັບ​ສິນ​ທີ່​ສານ​ຕັດ​ສິນ​ຮິບ​ເປັນ​ຂອງ​ລັດ.pdf,,false,false,false,true,
8,Order,legaltype=8&old=0,LA-1160,ຄຳສັ່ງ ກ່ຽວກັບການຍຸດຕິການລ້ຽງສັດ ທີ່ບຸກລຸກເຂົ້າເຂດປ່າສະຫງວນແຫ່ງຊາດນ້ຳກ່ານ (ເຂດປາງຫຼວງ),ແຂວງ ບໍ່ແກ້ວ,2017-04-06,2017-04-28,in_force,ປັດຈຸບັນ,subsidiary_legislation,false,,https://laoofficialgazette.gov.la/kcfinder/upload/files/scan0001.pdf,,false,false,true,true,
8,Order,legaltype=8&old=0,LA-1159,ຄຳສັ່ງວ່າດ້ວຍ ການໃຫ້ເພີ່ມທະວີຄວາມເອົາໃຈໃສ່ ໃນການຈັດຕັ້ງປະຕິບັດ ຕໍ່ວຽກງານທະບຽນສານ,ແຂວງ ອຸດົມໄຊ,2017-03-20,2017-04-25,in_force,ປັດຈຸບັນ,subsidiary_legislation,false,,https://laoofficialgazette.gov.la/kcfinder/upload/files/ຄຳສັ່ງ ແຂວງອຸດົມໄຊ.pdf,,false,false,true,true,
8,Order,legaltype=8&old=0,LA-1158,"ຄຳສັ່ງ ວ່າດ້ວຍການຢຸດຕິການອອກໃບອະນຸຍາດນຳເຂົ້າຊິ້ນສ່ວນຍານພາຫະນະ, ນ້ຳມັນດິບ ແລະ ນ້ຳມັນເຄື່ອງສຳເລັດຮູບ ເພື່ອມາປະກອບ, ກັ່ນຕອງ ຫຼື ຜະລິດ ຢູ່ໂຮງງານ",ກະຊວງ ອຸດສາຫະກຳ ແລະ ການຄ້າ,2017-04-10,2017-04-24,in_force,ປັດຈຸບັນ,subsidiary_legislation,false,,https://laoofficialgazette.gov.la/kcfinder/upload/files/ຄຳສັ່ງ0535.pdf,,false,false,false,true,
8,Order,legaltype=8&old=0,LA-1120,"ຄຳສັ່ງ ຂອງນາຍົກລັດຖະມົນຕີ ກ່ຽວກັບການກວດກາ ແລະ ຄຸ້ມຄອງການສຳຫຼວດ, ຂຸດຄົ້ນ ແລະ ປຸງແຕ່ງແຮ່ຄຳຕົກຂ້ອນ",ກະຊວງ ອຸດສາຫະກຳ ແລະ ການຄ້າ,2008-08-27,2017-02-03,in_force,ປັດຈຸບັນ,subsidiary_legislation,false,,"https://laoofficialgazette.gov.la/kcfinder/upload/files/ຄຳສັ່ງ ການກວດກາ ແລະ ຄຸ້ມຄອງສຳຫຼວດ,ຂຸດຄົ້ນແລະປຸງແຕ່ງແຮ່ທາດ.pdf",,false,false,false,true,
8,Order,legaltype=8&old=0,LA-1105,"ຄຳສັ່ງ ວ່າດ້ວຍການກວດກາ, ເກັບກຳຂໍ້ມູນເຂົ້າສຳມະໂນ ແລະ ອອກສິດໃຊ້ທີ່ດິນ",ແຂວງ ອັດຕະປື,2016-09-07,2017-01-17,in_force,ປັດຈຸບັນ,subsidiary_legislation,false,,"https://laoofficialgazette.gov.la/kcfinder/upload/files/ຄຳສັ່ງວ່າດ້ວຍ ການກວດກາ, ເກັບກຳຂໍ້ມູນເຂົ້າສຳມະໂນ ແລະ ອອກສິດໃຊ້ທີ່ດິນ.pdf",,false,false,true,true,
8,Order,legaltype=8&old=0,LA-1103,ຄຳສັ່ງ ກ່ຽວກັບການຢຸດຕິຊົ່ວຄາວ ການສີດພົ່ນຢາຂ້າເຊື້ອພາຫະນະທົ່ວໄປທີ່ເຂົ້າມາ ສປປ ລາວ,ກະຊວງ ກະສິກຳ ແລະ ສິ່ງແວດລ້ອມ,2016-12-14,2016-12-29,in_force,ປັດຈຸບັນ,subsidiary_legislation,false,,https://laoofficialgazette.gov.la/kcfinder/upload/files/3773.pdf,,false,false,false,true,
8,Order,legaltype=8&old=0,LA-1099,"ຄຳສັ່ງ ກ່ຽວກັບການເພີ່ມທະວີຄວາມເຂັ້ມງວດ ໃນການຄຸ້ມຄອງ ແລະ ກວດກາ ຝຸ່ນ, ແນວພັນພືດ, ຢາຂ້າຫຍ້າ ແລະ ຢາປາບສັດຕູພືດອື່ນໆ ໃນແຂວງຄຳມ່ວນ",ແຂວງ ຄຳມ່ວນ,2014-11-07,2016-12-16,in_force,ປັດຈຸບັນ,subsidiary_legislation,false,,https://laoofficialgazette.gov.la/kcfinder/upload/files/08.pdf,,false,false,false,true,
8,Order,legaltype=8&old=0,LA-1100,"ຄຳສັ່ງ ການສະກັດກັ້ນກຸ່ມຄົນບໍ່ດີທີ່ລັກອຸປະກອນສາຍໄຟຟ້າແຮງສູງ ແລະ ຫ້າມບໍ່ໃຫ້ປູກຕົ້ນໄມ້, ສິ່ງປຸກສ້າງຢູ່ກ້ອງແລວສາຍໄຟຟ້າແຮງສູງ ໃນເຂດແຂວງຄຳມ່ວນ",ແຂວງ ຄຳມ່ວນ,2015-09-10,2016-12-16,in_force,ປັດຈຸບັນ,subsidiary_legislation,false,,https://laoofficialgazette.gov.la/kcfinder/upload/files/04.pdf,,false,false,false,true,
8,Order,legaltype=8&old=0,LA-1090,"ຄຳສັ່ງ ວ່າດ້ວຍການປົກປັກຮັກສາທີ່ດິນກະສິກຳ ແລະ ການຄຸ້ມຄອງການ ຫັນປ່ຽນທີ່ດິນກະສິກຳ ຕາມກົດໝາຍ, ຕາມທິດຍືນຍົງ ແລະ ໄປຕາມທ່າແຮງຂອງທ້ອງຖິ່ນ",ແຂວງ ບໍ່ແກ້ວ,2016-11-04,2016-11-25,in_force,ປັດຈຸບັນ,subsidiary_legislation,false,,https://laoofficialgazette.gov.la/kcfinder/upload/files/1274.pdf,,false,false,false,true,
8,Order,legaltype=8&old=0,LA-1076,ຄຳສັ່ງ ວ່າດ້ວຍການເພີ່ມທະວີຄວາມເຂັ້ມງວດ ໃນການຄຸ້ມຄອງ ແລະ ກວດກາການຂຸດຄົ້ນ ແຮ່ຄຳຕົກຂ້ອນ ແລະ ແຮ່ທາດອື່ນໆ ພາຍໃນແຂວງ,ແຂວງ ບໍລິຄຳໄຊ,2016-06-06,2016-11-08,in_force,ປັດຈຸບັນ,subsidiary_legislation,false,,https://laoofficialgazette.gov.la/kcfinder/upload/files/017.pdf,,false,false,false,true,
8,Order,legaltype=8&old=0,LA-1075,ຄຳສັ່ງແນະນຳ ວ່າດ້ວຍຢຸດຕິການຕັ້ງສະນຳ,ແຂວງ ບໍລິຄຳໄຊ,2015-07-13,2016-11-08,in_force,ປັດຈຸບັນ,subsidiary_legislation,false,,https://laoofficialgazette.gov.la/kcfinder/upload/files/010.pdf,,false,false,false,true,
8,Order,legaltype=8&old=0,LA-1070,"ຄຳສັ່ງ ຂອງທ່ານເຈົ້າແຂວງ-ແຂວງບໍລິຄຳໄຊ ປະທານຄະນະກຳມະການຍົກຍ້າຍຈັດສັນ ແລະ ຟື້ນຟູຊີວິດການເປັນຢູ່ຂອງປະຊາຊົນໂຄງການເຂື່ອນໄຟຟ້ານໍ້ຳງຽບ1, ກ່ຽວກັບການກຳນົດ ວັນເລີ່ມຕົ້ນໂຄງການ",ແຂວງ ບໍລິຄຳໄຊ,2014-01-22,2016-10-20,in_force,ປັດຈຸບັນ,subsidiary_legislation,false,,https://laoofficialgazette.gov.la/kcfinder/upload/files/001.pdf,,false,false,false,true,
8,Order,legaltype=8&old=0,LA-1069,ຄຳສັ່ງແນະນຳ ກ່ຽວກັບລົດຂົນສົ່ງສິນຄ້າທີ່ບັນທຸກນ້ຳໜັກເກີນກຳນົດ ຕາມສາຍທາງ ເລກ 8A ອອກໄປ ສສ ຫວຽດນາມ ແລະ ເສັ້ນທາງສາຍອື່ນໆໃນຂອບເຂດ ແຂວງບໍລິຄຳໄຊ,ແຂວງ ບໍລິຄຳໄຊ,2014-02-10,2016-10-20,in_force,ປັດຈຸບັນ,subsidiary_legislation,false,,https://laoofficialgazette.gov.la/kcfinder/upload/files/003.pdf,,false,false,false,true,
8,Order,legaltype=8&old=0,LA-1068,"ຄຳສັ່ງແນະນຳ ການຈັດຕັ້ງຜັນຂະຫຍາຍດຳລັດ, ມະຕິຕົກລົງ ແລະ ຄຳສັ່ງແນະນຳ ຂອງສູນກາງ ກ່ຽວກັບການຈັດຕັ້ງກວດກາການ ເຂົ້າ-ອອກເມືອງ, ການຄຸ້ມຄອງຄົນລາວ ແລະ ຄົນຕ່າງປະເທດ ຢູ່ແຂວງບໍລິຄຳໄຊ",ແຂວງ ບໍລິຄຳໄຊ,2014-03-26,2016-10-20,in_force,ປັດຈຸບັນ,subsidiary_legislation,false,,https://laoofficialgazette.gov.la/kcfinder/upload/files/005.pdf,,false,false,false,true,
8,Order,legaltype=8&old=0,LA-1060,ຄຳສັ່ງ ວ່າດ້ວຍການເພີ່ມທະວີວຽກງານ ສະກັດກັ້ນ ແລະ ແກ້ໄຂປະກົດການຫຍໍ້ທໍ້ໃນສັງຄົມ,ແຂວງ ບໍລິຄຳໄຊ,2014-02-04,2016-10-20,in_force,ປັດຈຸບັນ,subsidiary_legislation,false,,https://laoofficialgazette.gov.la/kcfinder/upload/files/002.pdf,,false,false,false,true,
8,Order,legaltype=8&old=0,LA-1061,ຄຳສັ່ງແນະນຳ ຂອງເຈົ້າແຂວງ-ແຂວງບໍລິຄຳໄຊ ກ່ຽວກັບການຄຸ້ມຄອງສາຍສົ່ງໄຟຟ້າແຮງສູງ,ແຂວງ ບໍລິຄຳໄຊ,2015-08-17,2016-10-20,in_force,ປັດຈຸບັນ,subsidiary_legislation,false,,https://laoofficialgazette.gov.la/kcfinder/upload/files/015.pdf,,false,false,false,true,
8,Order,legaltype=8&old=0,LA-1062,ຄຳສັ່ງແນະນຳ ກ່ຽວກັບການຈັດຕັ້ງປະຕິບັດການເກັບເງິນພັນທະກອງທຶນ ພັດທະນາການທ່ອງທ່ຽວຂັ້ນແຂວງຢູ່ ດ່ານສາກົນພາຍໃນແຂວງບໍລິຄຳໄຊ,ແຂວງ ບໍລິຄຳໄຊ,2016-09-12,2016-10-20,in_force,ປັດຈຸບັນ,subsidiary_legislation,false,,https://laoofficialgazette.gov.la/kcfinder/upload/files/25.pdf,,false,false,false,true,
8,Order,legaltype=8&old=0,LA-1063,ຄຳສັ່ງ ຂອງເຈົ້າແຂວງ-ແຂວງບໍລິຄຳໄຊ ວ່າດ້ວຍການປະຢັດ ແລະ ຕ້ານການຟູມເຟືອຍ,ແຂວງ ບໍລິຄຳໄຊ,2015-10-23,2016-10-20,in_force,ປັດຈຸບັນ,subsidiary_legislation,false,,https://laoofficialgazette.gov.la/kcfinder/upload/files/030.pdf,,false,false,false,true,
8,Order,legaltype=8&old=0,LA-1064,ຄຳສັ່ງແນະນຳ ວ່າດ້ວຍການຕິດຕາມກວດກາ ແລະ ປະເມີນຜົນໂຄງການລົງທຶນຂອງລັດ ທີ່ກຳລັງຈັດຕັ້ງປະຕິບັດ,ແຂວງ ບໍລິຄຳໄຊ,2016-08-30,2016-10-20,in_force,ປັດຈຸບັນ,subsidiary_legislation,false,,https://laoofficialgazette.gov.la/kcfinder/upload/files/023.pdf,,false,false,false,true,
8,Order,legaltype=8&old=0,LA-1065,"ຄຳສັ່ງ ວ່າດ້ວຍການເພີ່ມທະວີຄວາມເຂັ້ມງວດໃນການຄຸ້ມຄອງ ແລະ ກວດກາ ການຂຸດຄົ້ນໄມ້, ເຄື່ອນຍ້າຍໄມ້ ແລະ ທຸລະກິດໄມ້",ແຂວງ ບໍລິຄຳໄຊ,2016-06-23,2016-10-20,in_force,ປັດຈຸບັນ,subsidiary_legislation,false,,https://laoofficialgazette.gov.la/kcfinder/upload/files/016.pdf,,false,false,false,true,
8,Order,legaltype=8&old=0,LA-1066,"ຄຳສັ່ງ ກ່ຽວກັບການເພີ່ມທະວີຄວາມເຂັ້ມງວດ ໃນການຄຸ້ມຄອງ, ກວດກາຝຸ່ນ, ແນວພັນພືດ ແລະ ຢາຂ້າຫຍ້າ ລວມທັງຢາປາບສັດຕູພືດອື່ນໆ ທີ່ນຳໃຊ້ຢູ່ພາຍໃນ ແຂວງບໍລິຄຳໄຊ",ແຂວງ ບໍລິຄຳໄຊ,2014-09-10,2016-10-20,in_force,ປັດຈຸບັນ,subsidiary_legislation,false,,https://laoofficialgazette.gov.la/kcfinder/upload/files/013.pdf,,false,false,false,true,
8,Order,legaltype=8&old=0,LA-1067,"ຄຳສັ່ງແນະນຳ ກ່ຽວກັບການຄຸ້ມຄອງຕາຂ່າຍໄຟຟ້າແຮງກາງ 22 ກວ, ແຮງຕ່ຳ 0.4 ກວ ແລະ ປ້ອມໝໍ້ແປງ",ແຂວງ ບໍລິຄຳໄຊ,2016-04-28,2016-10-20,in_force,ປັດຈຸບັນ,subsidiary_legislation,false,,https://laoofficialgazette.gov.la/kcfinder/upload/files/012.pdf,,false,false,false,true,
8,Order,legaltype=8&old=0,LA-1055,"ຄຳສັ່ງແນະນຳ ວ່າດ້ວຍການສະກັດກັ້ນ ແລະ ແກ້ໄຂປະກົດການຫຍໍ້ທໍ້ ໃນຂົງເຂດທຸລະກິດບັນເທີງ, ໂຮງແຮມ, ເຮືອນພັກ, ຮ້ານອາຫານ, ຮ້ານກິນດື່ມ ຢູ່ແຂວງໄຊສົມບູນ",ແຂວງ ໄຊສົມບູນ,2016-05-10,2016-10-18,in_force,ປັດຈຸບັນ,subsidiary_legislation,false,,https://laoofficialgazette.gov.la/kcfinder/upload/files/scan0002.pdf,,false,false,false,true,
8,Order,legaltype=8&old=0,LA-1056,ຄຳສັ່ງ ວ່າດ້ວຍການເພີ່ມທະວີຄວາມຮັບຜິດຊອບເຝົ້າລະວັງຕໍ່ການປ້ອງກັນ ແລະ ກຳຈັດຕັກແຕນຝູງໄມ້ປ່ອງຢູ່ແຂວງໄຊສົມບູນ,ແຂວງ ໄຊສົມບູນ,2016-09-22,2016-10-18,in_force,ປັດຈຸບັນ,subsidiary_legislation,false,,https://laoofficialgazette.gov.la/kcfinder/upload/files/974.pdf,,false,false,false,true,
8,Order,legaltype=8&old=0,LA-1058,ຄຳສັ່ງ ຂອງເຈົ້າແຂວງໆວຽງຈັນ ກ່ຽວກັບການຈັດຕັ້ງປະຕິບັດກົດໝາຍວ່າດ້ວຍທະບຽນສານ,ແຂວງ ວຽງຈັນ,2016-08-03,2016-10-18,in_force,ປັດຈຸບັນ,subsidiary_legislation,false,,https://laoofficialgazette.gov.la/kcfinder/upload/files/11111.pdf,,false,false,true,true,
8,Order,legaltype=8&old=0,LA-1048,"ຄຳສັ່ງ ວ່າດ້ວຍການຫ້າມຊື້-ຂາຍ, ຫ້າມນຳເຂົ້າ ແລະ ຫ້າມນຳໃຊ້ຢາຂ້າຫຍ້າ, ຢາປາບສັດຕູພືດ ຝຸ່ນວິທະຍາສາດບາງຊະນິດ ທີ່ບໍ່ຖືກຕ້ອງຕາມລະບຽບການ ແລະ ບໍ່ໄດ້ຮັບອະນຸຍາດ ຈາກພາກສ່ວນທີ່ກ່ຽວຂ້ອງ",ແຂວງ ບໍ່ແກ້ວ,2016-07-11,2016-09-27,in_force,ປັດຈຸບັນ,subsidiary_legislation,false,,https://laoofficialgazette.gov.la/kcfinder/upload/files/ຄຳສັ່ງ ການຫ້າມຊື້-ຂາຍ.pdf,,false,false,false,true,
8,Order,legaltype=8&old=0,LA-1043,"ຄຳສັ່ງ ວ່າດ້ວຍການເພີ່ມທະວີຄວາມຮັບຜິດຊອບ ຕໍ່ການປ້ອງກັນ ແລະ ກຳຈັດຕັກແຕນຝູງໄມ້ປ່ອງ ຢູ່ ແຂວງພາກເໜືອ, ສປປ ລາວ",ກະຊວງ ກະສິກຳ ແລະ ສິ່ງແວດລ້ອມ,2016-08-16,2016-09-14,in_force,ປັດຈຸບັນ,subsidiary_legislation,false,,https://laoofficialgazette.gov.la/kcfinder/upload/files/ຄຳສັ່ງ ການປ້ອງກັນ ແລະ ກຳຈັດຈັດຕັກແຕນຝູງໄມ້ປ່ອງ.pdf,,false,false,false,true,
8,Order,legaltype=8&old=0,LA-1040,ຄຳສັ່ງ ວ່າດ້ວຍການສ້າງຕັ້ງ ເທດສະບານ ແລະ ນະຄອນ,ກະຊວງ ພາຍໃນ,2016-08-01,2016-09-13,in_force,ປັດຈຸບັນ,subsidiary_legislation,false,,https://laoofficialgazette.gov.la/kcfinder/upload/files/ຄຳສັ່ງ ສ້າງຕັ້ງເທດສະບານ ແລະ ນະຄອນ.pdf,,false,false,false,true,
8,Order,legaltype=8&old=0,LA-1039,"ຄຳສັ່ງ ວ່າດ້ວຍການຄຸ້ມຄອງ ແລະ ແກ້ໄຂວຽກງານເຂດແດນເຊື່ອມຕໍ່ລະຫວ່າງນະຄອນຫຼວງ, ແຂວງກັບແຂວງ ທົ່ວປະເທດ",ກະຊວງ ພາຍໃນ,2015-10-17,2016-09-13,in_force,ປັດຈຸບັນ,subsidiary_legislation,false,,https://laoofficialgazette.gov.la/kcfinder/upload/files/ຄຳສັ່ງ ແກ້ໄຂວຽກງານເຂດແດນເຊື່ອມຕໍ່ລະຫວ່າງແຂວງ.pdf,,false,false,false,true,
8,Order,legaltype=8&old=0,LA-1028,"ຄຳສັ່ງແນະນຳ ເລື່ອງການສຸມທຸກກຳລັງແຮງເພື່ອປະກອບສ່ວນ, ເຂົ້າຮ່ວມໃນການປ້ອງກັນ ແລະ ຕອບໂຕ້ ການລະບາດຂອງພະຍາດໄຂ້ຍຸງລາຍຢູ່ແຂວງຈຳປາສັກ",ແຂວງ ຈຳປາສັກ,2016-05-25,2016-08-31,in_force,ປັດຈຸບັນ,subsidiary_legislation,false,,"https://laoofficialgazette.gov.la/kcfinder/upload/files/ຄຳສັ່ງແນະນຳ ການສຸມທຸກກຳລັງແຮງເພື່ອປະກອບສ່ວນ, ການລະບາດຂອງພະຍາດໄຂ້ຍຸງລາຍຢູ່ແຂວງຈຳປາສັກ.pdf",,false,false,false,true,
8,Order,legaltype=8&old=0,LA-1027,ຄຳສັ່ງແນະນຳ ຂອງເຈົ້າແຂວງ ເລື່ອງການຄຸ້ມຄອງປົກປັກຮັກສາສານສົ່ງໂທລະຄົມມະນາຄົມ ຈາກສະພາບໄຟໃໝ້ລາມປ່າ ໃນຂອບເຂດທົ່ວແຂວງຈຳປາສັກ,ແຂວງ ຈຳປາສັກ,2016-03-14,2016-08-31,in_force,ປັດຈຸບັນ,subsidiary_legislation,false,,https://laoofficialgazette.gov.la/kcfinder/upload/files/ຄຳສັ່ງແນະນຳ ການຄຸ້ມຄອງປົກປັກຮັກສາສາຍສົ່ງ ທລຄ ຈາກສະພາບໄຟໃໝ້ລາມປ່າ ທົ່ວແຂວງຈຳປາສັກ.pdf,,false,false,true,true,
8,Order,legaltype=8&old=0,LA-1018,ຄຳສັ່ງ ໃຫ້ຢຸດເຊົາການຂົນສົ່ງໄມ້ທຸກປະເພດຜ່ານເສັ້ນທາງປູດິນແດງໃນຊ່ວງລະດູຝົນ,ແຂວງ ອັດຕະປື,2016-06-15,2016-08-26,in_force,ປັດຈຸບັນ,subsidiary_legislation,false,,https://laoofficialgazette.gov.la/kcfinder/upload/files/ຄຳສັ່ງ ໃຫ້ຢຸດເຊົາການຂົນສົ່ງໄມ້ທຸກປະເພດຜ່ານເສັ້ນທາງປູດິນແດງ.pdf,,false,false,false,true,
8,Order,legaltype=8&old=0,LA-1019,"ຄຳສັ່ງ ວ່າດ້ວຍການນຳໃຊ້ລົດ, ນຳໃຊ້ຖະໜົນທີ່ບໍ່ຖືກຕ້ອງຕາມລະບຽບກົດໝາຍ",ແຂວງ ອັດຕະປື,2016-07-11,2016-08-26,in_force,ປັດຈຸບັນ,subsidiary_legislation,false,,"https://laoofficialgazette.gov.la/kcfinder/upload/files/ຄຳສັ່ງ ເລື່ອງການນຳໃຊ້ລົດ, ນຳໃຊະຖະໜົນທີ່ບໍ່ຖືກຕ້ອງຕາມລະບຽບກົດໝາຍ.pdf",,false,false,false,true,
8,Order,legaltype=8&old=0,LA-1020,"ຄຳສັ່ງ ວ່າດ້ວຍການສະກັດກັ້ນ, ການຂຸດຄົ້ນ, ການເຄື່ອນຍ້າຍຊື້-ຂາຍ ຫີນອ່ອນປາໂກໄດຢູ່ເຂດ ພູກາງໂຮງ ເມືອງພູວົງ ແຂວງອັດຕະປື",ແຂວງ ອັດຕະປື,2016-05-25,2016-08-26,in_force,ປັດຈຸບັນ,subsidiary_legislation,false,,"https://laoofficialgazette.gov.la/kcfinder/upload/files/ຄຳສັ່ງ ວ່າດ້ວຍການສະກັດກັ້ນ, ການຂຸດຄົ້ນ, ການເຄື່ອນຍ້າຍຊື້ຂາຍ ຫີນອ່ອນປາໂກໄດ.pdf",,false,false,false,true,
8,Order,legaltype=8&old=0,LA-1009,"ຄຳສັ່ງແນະນຳ ວ່າດ້ວຍການເພີ່ມທະວີ ຄວາມເຂັ້ມງວດ ໃນການຄຸ້ມຄອງ ແລະ ກວດກາການຂຸດຄົ້ນໄມ້, ການເຄື່ອນຍ້າຍໄມ້ ແລະ ທຸລະກິດໄມ້ແຂວງຊຽງຂວາງ",ແຂວງ ຊຽງຂວາງ,2016-06-21,2016-08-16,in_force,ປັດຈຸບັນ,subsidiary_legislation,false,,https://laoofficialgazette.gov.la/kcfinder/upload/files/ຄຳສັ່ງດ້ວຍການເພີ່ມທະວີ ຄວາມເຂັ້ມງວດ ໃນການຄຸ້ມຄອງ ແລະ ກວດກາການຂຸດຄົ້ນໄມ້.pdf,,false,false,false,true,
8,Order,legaltype=8&old=0,LA-1008,ຄຳສັ່ງ ກ່ຽວກັບການຈັດຕັ້ງປະຕິບັດການເກັບເງິນພັນທະກອງທຶນພັດທະນາ ການທ່ອງທ່ຽວຂັ້ນແຂວງຢູ່ດ່ານສາກົນນ້ຳກັ່ນ,ແຂວງ ຊຽງຂວາງ,2016-06-01,2016-08-16,in_force,ປັດຈຸບັນ,subsidiary_legislation,false,,https://laoofficialgazette.gov.la/kcfinder/upload/files/ຄຳສັ່ງກ່ຽວກັບການເກັບເງິນພັນທະກອງທຶນພັດທະນາການທ່ອງທ່ຽວຢູ່ດ່ານສາກົນນ້ຳກັ່ນ.pdf,,false,false,false,true,
8,Order,legaltype=8&old=0,LA-1005,"ຄຳສັ່ງ ກ່ຽວກັບການສ້າງຂະບວນການອະນຸລັກ, ປົກປັກຮັກສາ ແລະ ພັດທະນາສັດນ້ຳ, ສັດປ່າພາຍໃນແຂວງບໍ່ແກ້ວ",ແຂວງ ບໍ່ແກ້ວ,2016-07-14,2016-08-08,in_force,ປັດຈຸບັນ,subsidiary_legislation,false,,https://laoofficialgazette.gov.la/kcfinder/upload/files/ຄຳສັ່ງ ກ່ຽວກັບການສ້າງຂະບວນການ.pdf,,false,false,false,true,
8,Order,legaltype=8&old=0,LA-1004,"ຄຳສັ່ງ ວ່າດ້ວຍ ການເພີ່ມທະວີຄວາມເຂັ້ມງວດໃນການຄຸ້ມຄອງ ແລະ ກວດກາ ການຂຸດຄົ້ນໄມ້, ເຄື່ອນຍ້າຍໄມ້ ແລະ ທຸລະກິດໄມ້",ແຂວງ ບໍ່ແກ້ວ,2016-07-11,2016-08-08,in_force,ປັດຈຸບັນ,subsidiary_legislation,false,,https://laoofficialgazette.gov.la/kcfinder/upload/files/ຄຳສັ່ງ ການຄຸ້ມຄອງ ແລະ ກວດກາ ການຂຸດຄົ້ນໄມ້.pdf,,false,false,false,true,
8,Order,legaltype=8&old=0,LA-999,ຄຳສັ່ງວ່າດ້ວຍ ການຄຸ້ມຄອງ ແລະ ພັດທະນາທີ່ດິນກະສິກຳ ໃນເຂດຊົນລະປະທານ,ແຂວງ ຫຼວງນໍ້າທາ,2016-07-13,2016-08-01,in_force,ປັດຈຸບັນ,subsidiary_legislation,false,,https://laoofficialgazette.gov.la/kcfinder/upload/files/ຄຳສັ່ງ ວ່າດ້ວຍການຄຸ້ມຄອງ ແລະ ພັດທະນາທີ່ດິນກະສິກຳ ໃນເຂດຊົນລະປະທານ.pdf,,false,false,false,true,
8,Order,legaltype=8&old=0,LA-1000,ຄຳສັ່ງວ່າດ້ວຍ ການຫ້າມປູກກ້ວຍ ຢູ່ແຂວງຫຼວງນໍ້າທາ,ແຂວງ ຫຼວງນໍ້າທາ,2015-11-04,2016-08-01,in_force,ປັດຈຸບັນ,subsidiary_legislation,false,,https://laoofficialgazette.gov.la/kcfinder/upload/files/ຄຳສັ່ງ ວ່າດ້ວຍການຫ້າມປູກກ້ວຍ.pdf,,false,false,false,true,
8,Order,legaltype=8&old=0,LA-1001,"ຄຳສັ່ງວ່າດ້ວຍ ການສະກັດກັ້ນກຸ່ມຄົນບໍ່ດີ ທີ່ລັກເອົາອຸປະກອນສາຍສົ່ງໄຟຟ້າແຮງສູງ ແລະ ຫ້າມປູກຕົ້ນໄມ້, ສິ່ງປຸກສ້າງຕ່າງໆ ຢູ່ກ້ອງເລວສາຍສົ່ງໄຟ້ຟ້າແຮງສູງ ໃນຂອບເຂດແຂວງຫຼວງນໍ້າທາ",ແຂວງ ຫຼວງນໍ້າທາ,2016-07-26,2016-08-01,in_force,ປັດຈຸບັນ,subsidiary_legislation,false,,https://laoofficialgazette.gov.la/kcfinder/upload/files/ຄຳສັ່ງ ວ່າດ້ວຍການສະກັດກັ້ນກຸ່ມຄົນບໍ່ດີ ທີ່ລັກເອົາອຸປະກອນສາຍສົ່ງ.pdf,,false,false,false,true,
8,Order,legaltype=8&old=0,LA-985,ຄຳສັ່ງແນະນຳ ວ່າດ້ວຍການແກ້ໄຂສະພາບການພົ້ນເດັ່ນກ່ຽວກັບທຸລະກິດໄມ້ຢູ່ແຂວງສາລະວັນ,ແຂວງ ສາລະວັນ,2014-10-23,2016-07-08,in_force,ປັດຈຸບັນ,subsidiary_legislation,false,,"https://laoofficialgazette.gov.la/kcfinder/upload/files/ຄຳສັ່ງແນະນຳ ຄະນະຮັບຜິດຊອບຂັ້ນແຂວງ, ຫົວໜ້າພະແນກກະຊິກຳ-ປ່າໄມ້.pdf",,false,false,false,true,
8,Order,legaltype=8&old=0,LA-984,"ຄຳສັ່ງ ວ່າດ້ວຍຫ້າມປູກຕົ້ນໄມ້ ແລະ ປຸກສິ່ງຕ່າງໆຢູ່ກ້ອງແລວສາຍໄຟຟ້າແຮງສູງ, ສາຍຈຳໜ່າຍໄຟຟ້າ ແລະ ສະກັດກັ້ນກຸ່ມຄົນບໍ່ດີທີ່ລັກລອບເອົາອຸປະກອນສາຍສົ່ງໄຟຟ້າແຮງສູງ, ສາຍຈຳໜ່າຍໄຟຟ້າ ໃນຂົງເຂດແຂວງສາລະວັນ",ແຂວງ ສາລະວັນ,2015-10-27,2016-07-08,in_force,ປັດຈຸບັນ,subsidiary_legislation,false,,"https://laoofficialgazette.gov.la/kcfinder/upload/files/ຄຳສັ່ງ ເຖິງບັນດາເມືອງ, ພະແນກ, ກົມກອງ-ອົງການທຽບເທົ່າ ແຂວງສາລະວັນ.pdf",,false,false,false,true,
8,Order,legaltype=8&old=0,LA-981,"ຄຳສັ່ງແນະນຳ ວ່າດ້ວຍການສະກັດກັ້ນກຸ່ມຄົນບໍ່ດີທີ່ລັກເອົາອຸປະກອນສາຍສົ່ງໄຟຟ້າແຮງສູງ ແລະ ຫ້າມບໍ່ໃຫ້ປູກຕົ້ນໄມ້, ສິ່ງປຸກສ້າງຢູ່ກ້ອງແລວສາຍສົ່ງໄຟຟ້າແຮງສູງ ໃນຂອບເຂດແຂວງອັດຕະປື",ແຂວງ ອັດຕະປື,2016-04-26,2016-07-08,in_force,ປັດຈຸບັນ,subsidiary_legislation,false,,https://laoofficialgazette.gov.la/kcfinder/upload/files/ຄຳສັ່ງແນະນຳ ວ່າດ້ວຍການສະກັດກັ້ນກຸ່ມຄົນບໍ່ດີທີ່ລັກເອົາອຸປະກອນສາຍສົ່ງໄຟຟ້າແຮງສູງ.pdf,,false,false,false,true,
8,Order,legaltype=8&old=0,LA-980,ຄຳສັ່ງວ່າດ້ວຍ ການຫ້າມບຸກລຸກຈັບຈອງພື້ນທີ່ແຫຼ່ງທ່ອງທ່ຽວຕາດຫົວຄົນ ບ້ານໃຫຍ່ໝື່ນຫົວເມືອງ ແລະ ວັດພູສະພອງ ບ້ານສີວິໄລ,ແຂວງ ອັດຕະປື,2016-02-05,2016-07-08,in_force,ປັດຈຸບັນ,subsidiary_legislation,false,,https://laoofficialgazette.gov.la/kcfinder/upload/files/ຄຳສັ່ງ ວ່າດ້ວຍ ການຫ້າມບຸກລຸກຈັບຈອງພື້ນທີ່ແຫຼ່ງທ່ອງທ໋ຽວຕາດຫົວຄົນ ບ້ານໃຫຍ່ໝື່ນຫົວເມືອງ.pdf,,false,false,false,true,
8,Order,legaltype=8&old=0,LA-977,ຄຳສັ່ງແນະນຳ ການເພີ້ມທະວີຄວາມເອົາໃຈໃສ່ໃນການຈັດຕັ້ງປະຕິບັດ ວຽກງານການຄຸ້ມຄອງສັດນ້ຳ ແລະ ສັດປ່າໃນຂອບເຂດທົ່ວປະເທດ,ກະຊວງ ກະສິກຳ ແລະ ສິ່ງແວດລ້ອມ,2016-04-30,2016-07-04,in_force,ປັດຈຸບັນ,subsidiary_legislation,false,,https://laoofficialgazette.gov.la/kcfinder/upload/files/ຄຳສັ່ງແນະນຳ.pdf,,false,false,false,true,
8,Order,legaltype=8&old=0,LA-975,ຄຳສັ່ງ ວ່າດ້ວຍການຄຸ້ມຄອງນຳໃຊ້ການບໍລິການຈອດຢູ່ໃນດ່ານສາກົນຂົວມິດຕະພາບ 4,ແຂວງ ບໍ່ແກ້ວ,2016-03-01,2016-06-21,in_force,ປັດຈຸບັນ,subsidiary_legislation,false,,https://laoofficialgazette.gov.la/kcfinder/upload/files/ຄຳສັ່ງແນະນຳ ວ່າດ້ວຍການຄຸ້ມຄອງ179.pdf,,false,false,false,true,
8,Order,legaltype=8&old=0,LA-974,"ຄຳສັ່ງແນະນຳ ວ່າດ້ວຍການເພີ່ມທະວີການຄຸ້ມຄອງ,​ປົກປັກຮັກສາປ່າສະຫງວນແຫ່ງຊາດ ນ້ຳກ່ານ ແຂວງບໍ່ແກ້ວ",ແຂວງ ບໍ່ແກ້ວ,2016-03-01,2016-06-21,in_force,ປັດຈຸບັນ,subsidiary_legislation,false,,https://laoofficialgazette.gov.la/kcfinder/upload/files/ຄຳສັ່ງແນະນຳ ວ່າດ້ວຍການເພີ່ມທະວີຄຸ້ມຄອງ181.pdf,,false,false,false,true,
8,Order,legaltype=8&old=0,LA-973,ຄຳສັ່ງ ກ່ຽວກັບການຫ້າມປຸກສ້າງກິດຈະການຕ່າງໆລຽບຕາມແຄມແມ່ນ້ຳຂອງ ແລະ ລຽບຕາມເຂດສະຫງວນທາງເວັ້ນຕົວເມືອງ,ແຂວງ ບໍ່ແກ້ວ,2016-04-03,2016-06-21,in_force,ປັດຈຸບັນ,subsidiary_legislation,false,,https://laoofficialgazette.gov.la/kcfinder/upload/files/ຄຳສັ່ງ ກ່ຽວກັບການຫ້າມປຸກສ້າງກິດຈະການ496.pdf,,false,false,false,true,
8,Order,legaltype=8&old=0,LA-947,"ຄຳສັ່ງ ວ່າດ້ວຍການເພີ່ມທະວີຄວາມເຂັ້ມງວດ ໃນການຄຸ້ມຄອງ ແລະ ກວດກາ ການຂຸດຄົ້ນໄມ້, ເຄື່ອນຍ້າຍໄມ້ ແລະ ທຸລະກິດໄມ້",ກະຊວງ ກະສິກຳ ແລະ ສິ່ງແວດລ້ອມ,2016-05-13,2016-05-24,in_force,ປັດຈຸບັນ,subsidiary_legislation,false,,https://laoofficialgazette.gov.la/kcfinder/upload/files/ຄຳສັ່ງ ວ່າດ້ວຍການຄຸ້ມຄອງ ແລະ ກວດກາ.pdf,,false,false,false,true,
8,Order,legaltype=8&old=0,LA-944,ຄຳສັ່ງ ຂອງນາຍົກລັດຖະມົນຕີ ວ່າດ້ວຍ ການເພີ່ມທະວີຄວາມເອົາໃຈໃສ່ຕໍ່ວຽກງານທະບຽນສານ,ກະຊວງ ຍຸຕິທຳ,2016-04-01,2016-05-16,in_force,ປັດຈຸບັນ,subsidiary_legislation,false,,https://laoofficialgazette.gov.la/kcfinder/upload/files/ຄຳສັ່ງ ເພີ່ມທະວີຄວາມເອົາໃຈໃສ່ຕໍ່ວຽກງານທະບຽນສານ.pdf,,false,false,true,true,
8,Order,legaltype=8&old=0,LA-936,ຄຳສັ່ງ ວ່າດ້ວຍການຢຸດຕິການຂຸດຄົ້ນໄມ້ຕູບໂຄງການຕ່າງໆຢູ່ທຸກໆເມືອງທົ່ວແຂວງ,ແຂວງ ຫົວພັນ,2016-01-04,2016-05-13,in_force,ປັດຈຸບັນ,subsidiary_legislation,false,,"https://laoofficialgazette.gov.la/kcfinder/upload/files/4,ຄຳສັ່ງດ່ວນ ວ່າດ້ວຍການຢຸດຕິການຂຸດຂົ້ນໄມ້ຕູບໂຄງການຕ່າງໆຢູ່ທຸກໆເມືອງທົ່ວແຂວງ.pdf",,false,false,false,true,
8,Order,legaltype=8&old=0,LA-937,"ຄຳສັ່ງແນະນຳ ເພີ່ມທະວີຄວາມເອົາໃຈໃສ່ ການປ້ອງກັນ, ສະກັດກັ້ນ ແລະ ດັບມອດໄຟໄໝ້ລາມປ່າ",ແຂວງ ຫົວພັນ,2016-02-16,2016-05-13,in_force,ປັດຈຸບັນ,subsidiary_legislation,false,,"https://laoofficialgazette.gov.la/kcfinder/upload/files/5,ຄຳສັ່ງແນະນຳ ເພີ່ມທະວີຄວາມເອົາໃຈໃສ່ໃນການປ້ອງກັນ, ສະກັດກັ້ນ ແລະ ດັບມອດໄຟລາມປ່າ.pdf",,false,false,false,true,
8,Order,legaltype=8&old=0,LA-938,ຄຳສັ່ງ ວ່າດ້ວຍການແກ້ໄຂປະກົດການຫຍໍ້ທໍ້ກ່ຽວກັບໄມ້,ແຂວງ ຫົວພັນ,2014-03-10,2016-05-13,in_force,ປັດຈຸບັນ,subsidiary_legislation,false,,"https://laoofficialgazette.gov.la/kcfinder/upload/files/1,ຄຳສັ່ງ ກ່ຽວກັບການແກ້ໄຂປະກົດການຫຍໍ້ທໍ້ກ່ຽວກັບໄມ້.pdf",,false,false,false,true,
8,Order,legaltype=8&old=0,LA-939,ຄຳສັ່ງ ໃຫ້ເອົາໃຈໃສ່ສະກັດກັ້ນການລະເມີດປູກຝິ່ນ ແລະ ການແກ້ໄຂປະກົດການຫຍໍ້ທໍ້ຂອງຢາເສບຕິດພາຍໃນແຂວງ,ແຂວງ ຫົວພັນ,2016-07-12,2016-05-13,in_force,ປັດຈຸບັນ,subsidiary_legislation,false,,"https://laoofficialgazette.gov.la/kcfinder/upload/files/6, ຄຳສັ່ງ ໃຫ້ເອົາໃຈໃສ່ສະກັດກັ້ນການລະເມີດປູກຝິ່ນ ແລະ ການແກ້ໄຂປະກົດການຢາເສບຕິດ.pdf",,false,false,false,true,
8,Order,legaltype=8&old=0,LA-940,ຄຳສັ່ງ ວ່າດ້ວຍການເພີ່ມທະວີວຽກງານສະກັດກັ້ນ ແລະ ແກ້ໄຂປະກົດການຫຍໍ້ທໍ້ໃນສັງຄົມທົ່ວແຂວງຫົວພັນ,ແຂວງ ຫົວພັນ,2014-02-21,2016-05-13,in_force,ປັດຈຸບັນ,subsidiary_legislation,false,,"https://laoofficialgazette.gov.la/kcfinder/upload/files/3,ຄຳສັ່ງ ວ່າດ້ວຍການເພີ່ມທະວີວຽກງານສະກັດກັ້ນ ແລະ ແກ້ໄຂປະກົດການຫຍໍ້ທໍ້ທົ່ວແຂວງຫົວພັນ.pdf",,false,false,false,true,
8,Order,legaltype=8&old=0,LA-941,ຄຳສັ່ງແນະນຳ ຫ້າມນຳໃຊ້ອາວຸດທຸກປະເພດ ແລະ ເຄື່ອງມືອຸປະກອນຕ່າງໆ ເພື່ອລ່າສັດນ້ຳ-ສັດປ່າ ແບບດັບສູນ,ແຂວງ ຫົວພັນ,2013-12-25,2016-05-13,in_force,ປັດຈຸບັນ,subsidiary_legislation,false,,"https://laoofficialgazette.gov.la/kcfinder/upload/files/7,ຄຳສັ່ງແນະນຳ ຫ້າມນຳໃຊ້ອາວຸດທຸກປະເພດ ແລະ ເຄື່ອງມືອຸປະກອນຕ່າງໆ ເພື່ອລ່າສັດ.pdf",,false,false,false,true,
8,Order,legaltype=8&old=0,LA-942,"ຄຳສັ່ງ ໃຫ້ຄຸ້ມຄອງການເກັບຊື້ສັດ(ງົວ, ຄວາຍ) ຢູ່ ພາຍໃນແຂວງຫົວພັນ",ແຂວງ ຫົວພັນ,2013-04-26,2016-05-13,in_force,ປັດຈຸບັນ,subsidiary_legislation,false,,"https://laoofficialgazette.gov.la/kcfinder/upload/files/8, ຄຳສັ່ງ ໃຫ້ຄຸ້ມຄອງການເກັບຊື້ ( ງົວ, ຄວາຍ ) ຢູ່ພາຍໃນແຂວງຫົວພັນ.pdf",,false,false,false,true,
8,Order,legaltype=8&old=0,LA-931,"ຄຳສັ່ງແນະນຳ ວ່າດ້ວຍການ ສະກັດກັ້ນ ແລະ ຫ້າມຕັດປ້ຳ, ຈູດປ່າໄມ້, ໄຟໄໝ້ລາມ ຫຼັງຈາກປ່າໄມ້ໄດ້ຮັບຜົນກະທົບຈາກໄພໜາວ",ແຂວງ ຊຽງຂວາງ,2016-02-22,2016-05-12,in_force,ປັດຈຸບັນ,subsidiary_legislation,false,,https://laoofficialgazette.gov.la/kcfinder/upload/files/ຄຳສັ່ງແນະນຳ ວ່າດ້ວຍການສະກັດກັ້ນ ແລະ ຫ້າມຕັດປ້ຳ.pdf,,false,false,false,true,
8,Order,legaltype=8&old=0,LA-932,"ຄຳສັງແນະນຳເພີ່ມເຕີມ ກ່ຽວກັບການຈັດຕັ້ງປະຕິບັດ ຄຳສັ່ງຂອງນາຍົກລັດຖະມົນຕີ ວ່າດ້ວຍການເພີ່ມທະວີ ການຄວບຄຸມ, ສະກັດກັ້ນ ແລະ ຕ້ານຢາເສບຕິດຕ້ານການລັກລອບປູກຝິ່ນຄືນໃໝ່",ແຂວງ ຜົ້ງສາລີ,2016-02-09,2016-05-12,in_force,ປັດຈຸບັນ,subsidiary_legislation,false,,"https://laoofficialgazette.gov.la/kcfinder/upload/files/ຄຳສັ່ງແນະນຳເພີ່ມເຕີມ ວ່າດ້ວຍການເພີ່ມທະວີການຄງບຄຸມ, ສະກັດກັ້ນ.pdf",,false,false,false,true,
8,Order,legaltype=8&old=0,LA-933,ຄຳສັ່ງ ຂອງເຈົ້າແຂວງ ວ່າດ້ວຍການຕອບໂຕ້ການລະບາດຂອງພະຍາດໂປລິໂອ ແລະ ສົ່ງເສີມການຢອດຢາ-ສັກຢາກັນພະຍາດ,ແຂວງ ຜົ້ງສາລີ,2015-12-22,2016-05-12,in_force,ປັດຈຸບັນ,subsidiary_legislation,false,,https://laoofficialgazette.gov.la/kcfinder/upload/files/ຄຳສັ່ງ ວ່າດ້ວຍການຕອບໂຕ້ການລະບາດພະຍາດໂປລີໂອ.pdf,,false,false,false,true,
8,Order,legaltype=8&old=0,LA-934,ຄຳສັ່ງ ຂອງເຈົ້າແຂວງ ວ່າດ້ວຍການອຳນວຍຄວາມສະດວກ ແລະ ໃຫ້ການຮ່ວມມື ໃນການຂຶ້ນທະບຽນ ແລະ ອອກບັດອະນຸຍາດເຄື່ອນໄຫວຊົ່ວຄາວ ໃຫ້ຄົນຕ່າງປະເທດ,ແຂວງ ຫົວພັນ,2016-02-04,2016-05-12,in_force,ປັດຈຸບັນ,subsidiary_legislation,false,,"https://laoofficialgazette.gov.la/kcfinder/upload/files/2,ຄຳສັ່ງ ວ່າດ້ວຍການອຳນວຍຄວາມສະດວກ ແລະ ໃຫ້ການຮ່ວມມື ໃນການຂຶ້ນທະບຽນຄົນຕ່າງປະເທດ.pdf",,false,false,true,true,
8,Order,legaltype=8&old=0,LA-909,ຄຳສັ່ງ ຂອງນາຍົກລັດຖະມົນຕີ ວ່າດ້ວຍການເພີ່ມທະວີການຈັດຕັ້ງປະຕິບັດ ກົນໄກການບໍລິການຜ່ານປະຕູດຽວ ໃນຂອບເຂດທົ່ວປະເທດ,ກະຊວງ ພາຍໃນ,2013-01-28,2016-03-28,in_force,ປັດຈຸບັນ,subsidiary_legislation,false,,https://laoofficialgazette.gov.la/kcfinder/upload/files/ຄຳສັ່ງ  ວ່າດ້ວຍການເພີ່ມທະວີການຈັດຕັ້ງປະຕິບັດ.pdf,,false,false,false,true,
8,Order,legaltype=8&old=0,LA-879,ຄຳສັ່ງແນະນຳວ່າດ້ວຍ ການແກ້ໄຂການນຳໃຊ້ພາຫະນະທຸກປະເພດ ທີ່ນຳເຂົ້າບໍ່ຖືກຕ້ອງຕາມກົດໝາຍ ແລະ ລະບຽບການ ພາຍໃນແຂວງຊຽງຂວາງ,ແຂວງ ຊຽງຂວາງ,2015-09-04,2016-01-26,in_force,ປັດຈຸບັນ,subsidiary_legislation,false,,https://laoofficialgazette.gov.la/kcfinder/upload/files/10. ຄຳສັ່ງແນະນຳ ວ່າດ້ວຍການແກ້ໄຂການນຳໃຊ້ພາຫະນະທຸກປະເພດ.pdf,,false,false,false,true,
8,Order,legaltype=8&old=0,LA-869,ຄຳສັ່ງ ສະກັດກັ້ນ ການລັກລອບປູກຝິ່ນຂອງປະຊາຊົນ,ແຂວງ ຊຽງຂວາງ,2015-09-08,2016-01-25,in_force,ປັດຈຸບັນ,subsidiary_legislation,false,,https://laoofficialgazette.gov.la/kcfinder/upload/files/ຄຳສັ່ງ ສະກັດກັ້ນການລັກລອບປູກຝິ່ນຂອງປະຊາຊົນ.pdf,,false,false,false,true,
8,Order,legaltype=8&old=0,LA-872,"ຄຳສັ່ງແນະນຳ ການສະກັດກັ້ນກຸ່ມຄົນບໍ່ດີ ທີ່ລັກອຸປະກອນສາຍສົ່ງໄຟຟ້າແຮງສູງ ແລະ ບໍ່ໃຫ້ປູກຕົ້ນໄມ້, ປຸກສ້າງສິ່ງທີ່ຢູ່ອາໃສ ຢູ່ກ້ອງແລວສາຍສົ່ງໄຟຟ້າແຮງສູງ ໃນຂອບເຂດແຂວງຊຽງຂວາງ",ແຂວງ ຊຽງຂວາງ,2015-10-26,2016-01-25,in_force,ປັດຈຸບັນ,subsidiary_legislation,false,,https://laoofficialgazette.gov.la/kcfinder/upload/files/3. ຄຳສັ່ງແນະນຳ ການສະກັດກັ້ນກຸ່ມຄົນບໍ່ດີທີ່ລັກອຸປະກອນສາຍສົ່ງໄຟ້າ.pdf,,false,false,false,true,
8,Order,legaltype=8&old=0,LA-873,ຄຳສັ່ງແນະນຳ ວ່າດ້ວຍການຈັດຕັ້ງປະຕິບັດ ແຈ້ງການຂອງຫ້ອງວ່າການລັດຖະບານ,ແຂວງ ຊຽງຂວາງ,2015-12-08,2016-01-25,in_force,ປັດຈຸບັນ,subsidiary_legislation,false,,https://laoofficialgazette.gov.la/kcfinder/upload/files/4. ຄຳສັ່ງແນະນຳ ວ່າດ້ວຍການຈັດຕັ້ງປະຕິບັດ ແຈ້ງການຂອງຫ້ອງວ່າການລັດຖະບານ.pdf,,false,false,false,true,
8,Order,legaltype=8&old=0,LA-874,ຄຳສັ່ງແນະນຳ ຂອງເຈົ້າແຂວງ ໃຫ້ເອົາໃຈໃສ່ການຕອບໂຕ້ ຕໍ່ການແຜ່ລະບາດ ຂອງພະຍາດໂປລີໂອ,ແຂວງ ຊຽງຂວາງ,2015-10-27,2016-01-25,in_force,ປັດຈຸບັນ,subsidiary_legislation,false,,https://laoofficialgazette.gov.la/kcfinder/upload/files/5. ຄຳສັ່ງແນະນຳ ໃຫ້ເອົາໃຈໃສ່ການຕອບໂຕ້ ຕໍ່ການແຜ່ລະບາດ ຂອງພະຍາດໂປລິໂອ.pdf,,false,false,false,true,
8,Order,legaltype=8&old=0,LA-875,ຄຳສັ່ງແນະນຳ ກ່ຽວກັບວຽກງານຄຸ້ມຄອງ ແລະ ບໍລິຫານທີ່ດິນ ຢູ່ພາຍໃນແຂວງຊຽງຂວາງ,ແຂວງ ຊຽງຂວາງ,2015-11-27,2016-01-25,in_force,ປັດຈຸບັນ,subsidiary_legislation,false,,https://laoofficialgazette.gov.la/kcfinder/upload/files/6. ຄຳສັ່ງແນະນຳ ກ່ຽວກັບວຽກງານຄຸ້ມຄອງ ແລະ ບໍລິຫານທີ່ດິນຢູ່ພາຍໃນແຂວາງຊຽງຂວາງ.pdf,,false,false,false,true,
8,Order,legaltype=8&old=0,LA-876,ຄຳສັ່ງແນະນຳ ວ່າດ້ວຍການຄຸ້ມຄອງຊັບພະຍາກອນແຮ່ທາດ ຢູ່ແຂວງຊຽງຂວາງ,ແຂວງ ຊຽງຂວາງ,2015-11-27,2016-01-25,in_force,ປັດຈຸບັນ,subsidiary_legislation,false,,https://laoofficialgazette.gov.la/kcfinder/upload/files/7.​ ຄຳສັ່ງແນະນຳ ວ່າດ້ວຍການຄຸ້ມຄອງຊັບພະຍາກອນແຮ່ທາດຢູ່ແຂວາງຊຽງຂວາງ.pdf,,false,false,false,true,
8,Order,legaltype=8&old=0,LA-878,ຄຳສັ່ງແນະນຳ ວ່າດ້ວຍການຄຸ້ມຄອງ ແລະ ປົກປັກຮັກສາສິ່ງແວດລ້ອມ,ແຂວງ ຊຽງຂວາງ,2015-11-27,2016-01-25,in_force,ປັດຈຸບັນ,subsidiary_legislation,false,,https://laoofficialgazette.gov.la/kcfinder/upload/files/9. ຄຳສັ່ງແນະນຳ ວ່າດ້ວຍການຄຸ້ມຄອງ ແລະ ປົກປັກຮັກສາສິ່ງແວດລ້ອມ.pdf,,false,false,false,true,
8,Order,legaltype=8&old=0,LA-894,ຄຳສັ່ງແນະນຳ ການຄຸ້ມຄອງປ່າສະຫງວນ ແລະ ປ່າປ້ອງກັນ ໃນທົ່ວແຂວງຊຽງຂວາງ,ແຂວງ ຊຽງຂວາງ,2015-11-27,2016-01-25,in_force,ປັດຈຸບັນ,subsidiary_legislation,false,,https://laoofficialgazette.gov.la/kcfinder/upload/files/8. ຄຳສັ່ງແນະນຳ ການຄຸ້ມຄອງປ່າສະຫງວນ ແລະ ປ່າປ້ອງກັນ.pdf,,false,false,false,true,
8,Order,legaltype=8&old=0,LA-864,"ຄຳ​ສັ່ງວ່າ​ດ້ວຍ ການ​ກັກ, ການ​ຍຶດ ຫຼື ການ​ອາ​ຍັດ ທຶນ​ທີ່​ພົວ​ພັນ​ກັບ ຜູ່ກໍ່​ການ​ຮ້າຍ",ທະນາຄານແຫ່ງ ສປປ ລາວ,2015-11-13,2016-01-04,in_force,ປັດຈຸບັນ,subsidiary_legislation,false,,"https://laoofficialgazette.gov.la/kcfinder/upload/files/2. ຄຳສັ່ງ ວ່າດ້ວຍການກັກ, ການຍຶດ ຫຼື ການອາຍັດ ທຶນທີ່ພົວພັນກັບ ຜູ່ກໍ່ການຮ້າຍ.pdf",,false,false,false,true,
8,Order,legaltype=8&old=0,LA-866,ຄຳສັ່ງກ່ຽວກັບ ການຕິດສະຫຼາກສິນຄ້າ ເປັນພາສາລາວ,ກະຊວງ ອຸດສາຫະກຳ ແລະ ການຄ້າ,2015-12-16,2015-12-24,in_force,ປັດຈຸບັນ,subsidiary_legislation,false,,https://laoofficialgazette.gov.la/kcfinder/upload/files/ຄຳສັ່ງ ກ່ຽວກັບການຕິດສະຫຼາກສິນຄ້າ ເປັນພາສາລາວ.pdf,,false,false,false,true,
8,Order,legaltype=8&old=0,LA-814,ຄຳສັ່ງ ກ່ຽວກັບການຄວບຄຸມລາຄາ ຜະລິດຕະພັນຢາສູບ ດວ້ຍການກຳນົດລາຄາ ຂາຍຍ່ອຍຕ່ຳສຸດ,ກະຊວງ ອຸດສາຫະກຳ ແລະ ການຄ້າ,2015-05-11,2015-06-05,in_force,ປັດຈຸບັນ,subsidiary_legislation,false,,https://laoofficialgazette.gov.la/kcfinder/upload/files/ຄຳສັ່ງກ່ຽວກັບການຄວບຄຸມລາຄາຜະລິດຕະພັນຢາສູບ ດວ້ຍການກຳນົດລາຄາຂາຍຍ່ອຍຕ່ຳສຸດ.pdf,,false,false,false,true,
8,Order,legaltype=8&old=0,LA-801,"ຄຳສັ່ງຂອງທ່ານເຈົ້າແຂວງຊຽງຂວາງ ວ່າດ້ວຍການຫ້າມ ບຸກຄົນ, ນິຕິບຸກຄົນ, ການຈັດຕັ້ງ ບຸກລຸກ ແລະ ນຳໃຊ້ທີ່ດິນຂອງລັດ ຢູ່ເຂດຄວາມຮັບຜິດຊອບ ຂອງສູນປັບປຸງ ແລະ ຂະຫຍາຍພັນສັດ (ພູຂີ້ເຫຼົ້າ) ເມືອງແປກ ແຂວງຊຽງຂວາງ",ແຂວງ ຊຽງຂວາງ,2013-07-11,2015-05-26,in_force,ປັດຈຸບັນ,subsidiary_legislation,false,,"https://laoofficialgazette.gov.la/kcfinder/upload/files/ຄຳສັ່ງ ວ່າດ້ວຍການຫ້າມບຸກຄົນ, ນິຕິບຸກຄົນ, ການຈັດຕັ້ງບຸກລຸກ ແລະ ນຳໃຊ້ທີ່ດິນຂອງລັດ .pdf",,false,false,false,true,
8,Order,legaltype=8&old=0,LA-802,ຄຳສັ່ງແນະນຳ ວ່າດ້ວຍການເພີ່ມທະວີວຽກງານ ສະກັດກັ້ນ ແລະ ແກ້ໄຂປະກົດການຫຍໍ້ທໍ້ ໃນສັງຄົມ ທົ່ວແຂວງຊຽງຂວາງ,ແຂວງ ຊຽງຂວາງ,2012-02-17,2015-05-26,in_force,ປັດຈຸບັນ,subsidiary_legislation,false,,https://laoofficialgazette.gov.la/kcfinder/upload/files/ຄຳສັ່ງແນະນຳ ວ່າດ້ວຍການເພີ່ມທະວີວຽກງານສະກັດກັ້ນ ແລະ ແກ້ໄຂປະກົດການຫຍໍ້ທໍ້ໃນສັງຄົມ.pdf,,false,false,false,true,
8,Order,legaltype=8&old=0,LA-803,"ຄຳສັ່ງ ວ່າດ້ວຍການເພີ້ມທະວີເອົາໃຈໃສ່ ການຕິດຕາມເຝົ້າລະວັງ ແລະ ສະກັດກັ້ນ ການລະບາດຂອງພະຍາດ ໄຂ້ຫວັດສັດປີກ ສາຍພັນໃໝ່ H5N1,H7N9 ແລະ ພະຍາດສັດຕາມລະດູການ",ແຂວງ ຫຼວງນໍ້າທາ,2014-04-30,2015-05-26,in_force,ປັດຈຸບັນ,subsidiary_legislation,false,,"https://laoofficialgazette.gov.la/kcfinder/upload/files/ຄຳສັ່ງ ວ່າດ້ວຍການເພີ່ມທະວີເອົາໃຈໃສ່ເຝົ້າລະວັງ ແລະ ສະກັດກັ້ນການລະບາດຂອງພະຍາດ  H5N1,H7N9.pdf",,false,false,false,true,
8,Order,legaltype=8&old=0,LA-804,ຄຳສັ່ງຂອງເຈົ້າແຂວງ ວ່າດ້ວຍການຫ້າມປູກກ້ວຍໃສ່ດິນນາ,ແຂວງ ຫຼວງນໍ້າທາ,2014-07-10,2015-05-26,in_force,ປັດຈຸບັນ,subsidiary_legislation,false,,https://laoofficialgazette.gov.la/kcfinder/upload/files/ຄຳສັ່ງຂອງເຈົ້າແຂວງ ວ່າດ້ວຍການຫ້າມປູກກ້ວຍໃສ່ດິນນາ.pdf,,false,false,false,true,
8,Order,legaltype=8&old=0,LA-805,"ຄຳສັ່ງ ວ່າດ້ວຍການນຳເອົາ ນິຕິກຳ, ເອກະສານ ແລະ ສັນຍາປະເພດຕ່າງໆ ມາຢັ້ງຢືນຄວາມຖືກຕ້ອງ ທາງດ້ານກົດໝາຍ",ແຂວງ ຜົ້ງສາລີ,2011-09-23,2015-05-26,in_force,ປັດຈຸບັນ,subsidiary_legislation,false,,"https://laoofficialgazette.gov.la/kcfinder/upload/files/ຄຳສັ່ງ ວ່າດ້ວຍການນຳເອົາ ນິຕິກຳ, ເອກະສານ ແລະ ສັນຍາປະເພດຕ່າງໆມາຢັ້ງຢືນຄວາມຖືກຕ້ອງ .pdf",,false,false,false,true,
8,Order,legaltype=8&old=0,LA-806,ຄຳສັ່ງແນະນຳ ຂອງເຈົ້າແຂວງ ວ່າດ້ວຍການເພີ່ມທະວີ ການສ້າງຂະບວນການ ຮັກສາຄວາມສະອາດ ຈົບງາມໃນທົ່ວແຂວງ,ແຂວງ ຜົ້ງສາລີ,2011-10-28,2015-05-26,in_force,ປັດຈຸບັນ,subsidiary_legislation,false,,https://laoofficialgazette.gov.la/kcfinder/upload/files/ຄຳສັ່ງແນະນຳ ວ່າດ້ວຍການເພີ່ມທະວີການສ້າງຂະບວນການຮັກສາຄວາມສະອາດຈົບງາມໃນທົ່ວແຂວງ.pdf,,false,false,false,true,
8,Order,legaltype=8&old=0,LA-807,ຄຳສັ່ງຂອງເຈົ້າແຂວງບໍ່ແກ້ວ ວ່າດ້ວຍການໂຈະການພິຈາລະນາ ແລະ ອະນຸຍາດໂຄງການລົງທຶນໃໝ່ ສຳລັບການປູກກ້ວຍຫອມ ໃນຂອບເຂດທົ່ວແຂວງ,ແຂວງ ບໍ່ແກ້ວ,2014-06-26,2015-05-26,in_force,ປັດຈຸບັນ,subsidiary_legislation,false,,https://laoofficialgazette.gov.la/kcfinder/upload/files/ຄຳສັ່ງ ວ່າດ້ວຍການໂຈະການພິຈາລະນາ ແລະ ອະນຸຍາດໂຄງການລົງທຶນໃໝ່ສຳລັບການປູກກວ້ຍຫອມ.pdf,,false,false,false,true,
8,Order,legaltype=8&old=0,LA-808,"ຄຳສັ່ງ ກ່ຽວກັບການເພີ່ມທະວີ ຄວາມເຂັ້ມງວດ ໃນການຄຸ້ມຄອງ, ກວດກາຝຸ່ນ, ແນວພັນພືດ, ຢາຂ້າຫຍ້າ ແລະ ຢາປາບສັດຕູພືດອື່ນໆ ພາຍໃນແຂວງຫຼວງພະບາງ",ແຂວງ ຫຼວງພະບາງ,2014-12-03,2015-05-26,in_force,ປັດຈຸບັນ,subsidiary_legislation,false,,"https://laoofficialgazette.gov.la/kcfinder/upload/files/ຄຳສັ່ງກ່ຽວກັບການເພີ່ມທະວີຄວາມເຂັ້ມງວດໃນການຄຸ້ມຄອງ, ກວດກາຝຸ່ນ, ແນວພັນພືດ, .pdf",,false,false,false,true,
8,Order,legaltype=8&old=0,LA-796,ຄຳສັ່ງແນະນຳກ່ຽວກັບ ການປະຕິບັດນະໂຍບາຍ ການເກີດລູກ ແລະ ປິ່ນປົວເດັກລຸ່ມ 5 ປີ ບໍ່ເສັຍຄ່າ,ແຂວງ ໄຊຍະບູລີ,2015-03-10,2015-05-12,in_force,ປັດຈຸບັນ,subsidiary_legislation,false,,https://laoofficialgazette.gov.la/kcfinder/upload/files/ຄຳສັ່ງແນະນຳ ໄຍຍະບູລີ.pdf,,false,false,false,true,
8,Order,legaltype=8&old=0,LA-791,ຄຳສັ່ງ ຂອງທ່ານເຈົ້າແຂວງໆວຽງຈັນ ກ່ຽວກັບການຈັດຕັ້ງປະຕິບັດ ການປ້ອງກັນ ແລະ ສະກັດກັ້ນການລະບາດ ຂອງພະຍາດໄຂ້ຍຸງລາຍ,ແຂວງ ວຽງຈັນ,2015-02-10,2015-05-06,in_force,ປັດຈຸບັນ,subsidiary_legislation,false,,https://laoofficialgazette.gov.la/kcfinder/upload/files/ຄຳສັ່ງກ່ຽວກັບ.pdf,,false,false,false,true,
8,Order,legaltype=8&old=0,LA-792,ຄຳສັ່ງແນະນຳ ຂອງເຈົ້າແຂວງໆຄຳມ່ວນ ກ່ຽວກັບການເພີ່ມທະວີ ຄວາມເຂັ້ມງວດໃນການຄຸ້ມຄອງ ປົກປັກຮັກສາ ຊັບພະຍາກອນ ປ່າໄມ້ ແລະ ການຂຸດຄົ້ນໄມ້,ແຂວງ ຄຳມ່ວນ,2013-01-29,2015-05-06,in_force,ປັດຈຸບັນ,subsidiary_legislation,false,,https://laoofficialgazette.gov.la/kcfinder/upload/files/khammoun.pdf,,false,false,false,true,
8,Order,legaltype=8&old=0,LA-793,"ຄຳສັ່ງແນະນຳ ຂອງເຈົ້າແຂວງໆຄຳມ່ວນ ກ່ຽວກັບການເພີ່ມທະວີ ຄວາມເອົາໃຈໃສ່ ຂອງລວມໝູ່ ແລະ ບຸກຄົນ ໃນການປະຕິບັດຂໍ້ກຳນົດ ເລກທີ 829/ຄຂປກ, ລົງວັນທີ 15 ມິຖຸນາ 2006 ວ່າດ້ວຍ ການຂຶ້ນທະບຽນ ແລະ ຄຸ້ມຄອງ ຍານພາຫະນະຂົນສົ່ງ ທາງບົກ ໃນ ສປປ ລາວ",ແຂວງ ຄຳມ່ວນ,2012-06-21,2015-05-06,in_force,ປັດຈຸບັນ,subsidiary_legislation,false,,https://laoofficialgazette.gov.la/kcfinder/upload/files/ຄໍາສັ່ງ 793.pdf,,false,false,true,true,
8,Order,legaltype=8&old=0,LA-790,ຄຳສັ່ງ ວ່າດ້ວຍການຫ້າມຫັກ ເງິນຄ້ຳປະກັນເງິນກູ້ ຂອງສະຖາບັນການເງິນຈຸລະພາກ ແລະ ການຮັບເງິນຝາກ ຂອງສະຖາບັນການເງິນຈຸລະພາກ ທີ່ບໍ່ຮັບເງິນຝາກ,ທະນາຄານແຫ່ງ ສປປ ລາວ,2015-04-01,2015-04-23,in_force,ປັດຈຸບັນ,subsidiary_legislation,false,,https://laoofficialgazette.gov.la/kcfinder/upload/files/ຄຳສັ່ງ ວ່າດ້ວຍການຫ້າມຫັກເງິນຄ້ຳປະກັນເງິນກູ້ ຂອງສະຖາບັນການເງິນຈຸລະພາກ .pdf,,false,false,true,true,
8,Order,legaltype=8&old=0,LA-789,ຄຳສັ່ງແນະນຳ ຂອງເຈົ້າແຂວງ ກ່ຽວກັບການຈັດຕັ້ງປະຕິບັດ ການເກັບເງິນພັນທະ ກອງທຶນພັດທະນາ ການທ່ອງທ່ຽວຂັ້ນແຂວງ ຢູ່ດ່ານສາກົນພູເກືອ,ແຂວງ ອັດຕະປື,2015-01-30,2015-04-09,in_force,ປັດຈຸບັນ,subsidiary_legislation,false,,https://laoofficialgazette.gov.la/kcfinder/upload/files/ຄຳສັ່ງແນະນຳ ກ່ຽວກັບການຈັດຕັ້ງປະຕິບັດການເກັບເງິນພັນທະກອງທຶນພັດທະນາການທ່ອງທ່ຽວຂັ້ນແຂວງ.pdf,,false,false,false,true,
8,Order,legaltype=8&old=0,LA-779,"ຄຳສັ່ງຂອງນາຍົກລັດຖະມົນຕີ ວ່າດ້ວຍ ການຫັນວຽກງານພາສີ, ສ່ວຍ ສາອາກອນ ແລະ ຄັງເງິນແຫ່ງຊາດ ລວມສູນຕາມສາຍຕັ້ງຂຶ້ນໂດຍກົງກັບ ກະຊວງການເງິນ",ກະຊວງ ການເງິນ,2007-09-06,2015-03-19,in_force,ປັດຈຸບັນ,subsidiary_legislation,false,,"https://laoofficialgazette.gov.la/kcfinder/upload/files/ຄຳສັ່ງຂອງນາຍົກລັດຖະມົນຕີ ວ່າດ້ວຍການຫັນວຽກງານພາສີ, ສ່ວຍສາອາກອນ ແລະ ຄັງເງິນແຫ່ງຊາດ .pdf",,false,false,false,true,
8,Order,legaltype=8&old=0,LA-778,ຄຳສັ່ງແນະນຳ ກ່ຽວກັບການຈັດຕັ້ງ ປະຕິບັດດຳລັດເລກທີ 54/ນຍ ວ່າດ້ວຍລະບອບການຄຸ້ມຄອງ ວິສາຫະກິດທີ່ລັດມີການລົງທຶນ,ກະຊວງ ການເງິນ,2002-12-26,2015-03-19,in_force,ປັດຈຸບັນ,subsidiary_legislation,false,,https://laoofficialgazette.gov.la/kcfinder/upload/files/ຄຳສັ່ງແນະນຳ ການຈັດຕັ້ງປະຕິບັດດຳລັດ 54.ນຍ ວ່າດ້ວຍ ລະບອບການຄຸ້ມຄອງວິສາຫະກິດລັດມີການລົງທຶນ.pdf,,false,false,false,true,
8,Order,legaltype=8&old=0,LA-772,"ຄຳສັ່ງ ວ່າດ້ວຍການຫ້າມຫັນປ່ຽນທີ່ດິນ ເຂດຊົນລະປະທານ ປະຕູນ້ຳປ່ອງ3 ຕາມຄອງລະບາຍເຂື່ອນໄຟຟ້ານ້ຳຕົກ ນ້ຳເທີນ2, ເມືອງຍົມມະລາດ, ແຂວງຄຳມ່ວນ ໄປເປັນທີ່ດິນປະເພດອື່ນ",ກະຊວງ ກະສິກຳ ແລະ ສິ່ງແວດລ້ອມ,2014-03-03,2015-03-17,in_force,ປັດຈຸບັນ,subsidiary_legislation,false,,"https://laoofficialgazette.gov.la/kcfinder/upload/files/ຄຳສັ່ງ ວ່າດ້ວຍການຫັນປ່ຽນທີ່ດິນເຂດຊົນລະປະທານ  ນ້ຳເທີນ2, ເມືອງຍົມມະລາດ, ແຂວງຄຳມ່ວນ .pdf",,false,false,false,true,
8,Order,legaltype=8&old=0,LA-771,ຄຳສັ່ງ ວ່າດ້ວຍການສົ່ງເສີມການຂະຫຍາຍ ແລະ ການຄຸ້ມຄອງໄມ້ປະດັບໃນ ສປປ ລາວ,ກະຊວງ ກະສິກຳ ແລະ ສິ່ງແວດລ້ອມ,2011-11-23,2015-03-17,in_force,ປັດຈຸບັນ,subsidiary_legislation,false,,https://laoofficialgazette.gov.la/kcfinder/upload/files/ຄຳສັ່ງ ວ່າດ້ວຍການສົ່ງເສີມການຂະຫຍາຍ ແລະ ການຄຸ້ມຄອງໄມ້ປະດັບໃນ ສປປ ລາວ.pdf,,false,false,false,true,
8,Order,legaltype=8&old=0,LA-766,ຄຳສັ່ງແນະນຳເພີ່ມເຕີມ ກ່ຽວກັບການປັບປຸງເງິນຄ້ຳປະກັນ ແລະ ການສ້າງຕັ້ງ ຕົວແທນຈຳໜ່າຍຫວຍພັດທະນາ ທຸກປະເພດມີກຳນົດເວລາ,ກະຊວງ ການເງິນ,2014-03-24,2015-03-04,in_force,ປັດຈຸບັນ,subsidiary_legislation,false,,https://laoofficialgazette.gov.la/kcfinder/upload/files/ຄຳສັ່ງ ກ່ຽວກັບການປັບປຸງເງິນຄ້ຳປະກັນ ແລະ ການສ້າງຕັ້ງຕົວແທນຈຳໜ່າຍຫວຍພັດທະນາ.pdf,,false,false,false,true,
8,Order,legaltype=8&old=0,LA-742,"ຄຳສັ່ງແນະນຳ ກ່ຽວກັບການປະຕິບັດພັນທະກອນ, ເງິນປັນຜົນຂອງ ບໍລິສັດລັດວິສາຫະກິດ ຫວຍພັດທະນາ, ບັນດາຕົວແທນຈຳໜ່າຍ, ສາຂາຈຳໜ່າຍ ແລະ ຜູ້ຂາຍຍ່ອຍໃບຫວຍ ໃນຂອບເຂດທົ່ວປະເທດ",ກະຊວງ ການເງິນ,2013-07-02,2015-01-06,in_force,ປັດຈຸບັນ,subsidiary_legislation,false,,"https://laoofficialgazette.gov.la/kcfinder/upload/files/ຄຳສັ່ງແນະນຳ ກ່ຽວກັບການປະຕິບັດພັນທະກອນ, ເງິນປັນຜົນຂອງບໍລິສັດລັດວິສາຫະກິດຫວຍພັດທະນາ.pdf",,false,false,false,true,
8,Order,legaltype=8&old=0,LA-743,ຄຳສັ່ງແນະນຳ ຂອງລັດຖະມົນຕີວ່າການ ກະຊວງການເງິນ ກ່ຽວກັບການຄຸ້ມຄອງ ກິດຈະການຫວຍ,ກະຊວງ ການເງິນ,2009-06-17,2015-01-06,in_force,ປັດຈຸບັນ,subsidiary_legislation,false,,https://laoofficialgazette.gov.la/kcfinder/upload/files/ຄຳສັ່ງແນະນຳ ຂອງລັດຖະມົນຕີວ່າການກະຊວງການເງິນ ກ່ຽວກັບການຄຸ້ມຄອງກິດຈະການຫວຍ.pdf,,false,false,false,true,
8,Order,legaltype=8&old=0,LA-741,ຄຳສັ່ງເພີ່ມເຕີມ ຂອງລັດຖະມົນຕີວ່າການ ກະຊວງການເງິນ ວ່າດ້ວຍການສືບຕໍ່ ປັບປຸງວຽກງານ ຫວຍພັດທະນາ,ກະຊວງ ການເງິນ,2003-12-19,2015-01-06,in_force,ປັດຈຸບັນ,subsidiary_legislation,false,,https://laoofficialgazette.gov.la/kcfinder/upload/files/ຄຳສັ່ງເພີ່ມເຕີມ  ວ່າດ້ວຍການສືບຕໍ່ປັບປຸງວຽກງານຫວຍພັດທະນາ.pdf,,false,false,false,true,
8,Order,legaltype=8&old=0,LA-737,ຄຳສັ່ງແນະນຳ ການຈັດຕັ້ງປະຕິບັດ ດຳລັດວ່າດ້ວຍ ການແກ້ໄຂ ບຳນານຄືນ ເລກທີ 241/ນຍ,ກະຊວງ ແຮງງານ ແລະ ສະຫວັດດີການສັງຄົມ,2008-08-20,2014-12-26,in_force,ປັດຈຸບັນ,subsidiary_legislation,false,,https://laoofficialgazette.gov.la/kcfinder/upload/files/14.pdf,,false,false,false,true,
8,Order,legaltype=8&old=0,LA-715,ຄຳສັ່ງ ຂອງລັດຖະມົນຕີ ວ່າການ ກະຊວງກະສິກຳ ແລະ ປ່າໄມ້ ວ່າດ້ວຍ ການຄຸ້ມຄອງ ແລະ ນຳໃຊ້ ຂີ້ເຈຽ ຢູ່ພາຍໃນປະເທດ,ກະຊວງ ກະສິກຳ ແລະ ສິ່ງແວດລ້ອມ,2005-07-08,2014-11-20,in_force,ປັດຈຸບັນ,subsidiary_legislation,false,,https://laoofficialgazette.gov.la/kcfinder/upload/files/5. ຄຳສັ່ງ ວ່າດ້ວຍ ການຄຸ້ມຄອງ ແລະ ນຳໃຊ້ ຂີ້ເຈຽ ຢູ່ພາຍໃນປະເທດ.pdf,,false,false,false,true,
8,Order,legaltype=8&old=0,LA-701,ຄຳສັ່ງຂອງລັດຖະມົນຕີ ວ່າດ້ວຍໃຫ້ຈັດຕັ້ງຜັນຂະຫຍາຍ ການໃຊ້ເຕັກນິກນິເວດກະສິກຳ ເຂົ້າໃນການຜະລິດກະສິກຳ ແລະປ່າໄມ້ໃຫ້ໄດ້ຮັບຜົນດີ,ກະຊວງ ກະສິກຳ ແລະ ສິ່ງແວດລ້ອມ,2005-05-11,2014-11-11,in_force,ປັດຈຸບັນ,subsidiary_legislation,false,,https://laoofficialgazette.gov.la/kcfinder/upload/files/11.pdf,,false,false,false,true,
8,Order,legaltype=8&old=0,LA-702,ຄຳສັ່ງຂອງລັດຖະມົນຕີ ວ່າດ້ວຍການກວດກາ ແລະຄຸ້ມຄອງຄຸນນະພາບອາຫານສັດ,ກະຊວງ ກະສິກຳ ແລະ ສິ່ງແວດລ້ອມ,2005-05-06,2014-11-11,in_force,ປັດຈຸບັນ,subsidiary_legislation,false,,https://laoofficialgazette.gov.la/kcfinder/upload/files/12.ຄຳສັ່ງຂອງລັດຖະມົນຕີ .pdf,,false,false,false,true,
8,Order,legaltype=8&old=0,LA-692,ຄຳສັ່ງຂອງລັດຖະມົນຕີ ກ່ຽວກັບການເພີ່ມທະວີ ຄວາມເອົາໃຈໃສ່ໃນການຄຸ້ມຄອງ ແລະ ກວດກາສຸຂານາໄມພືດ ທີ່ສົ່ງອອກ ໃຫ້ສອດຄ່ອງກັບລະບຽບການ ດ້ານສຸຂານາໄມພືດ ຂອງປະເທດປາຍທາງ,ກະຊວງ ກະສິກຳ ແລະ ສິ່ງແວດລ້ອມ,2011-10-26,2014-11-10,in_force,ປັດຈຸບັນ,subsidiary_legislation,false,,https://laoofficialgazette.gov.la/kcfinder/upload/files/1. ຄຳສັ່ງ ຂອງ .pdf,,false,false,false,true,
8,Order,legaltype=8&old=0,LA-693,ຄຳສັ່ງຂອງລັດຖະົນຕີ ກ່ຽວກັບການເພີ່ມທະວີ ຄວາມຮັບຜິດຊອບ ຕໍ່ການປ້ອງກັນ ແລະ ຄວບຄຸມພະຍາດ ທາງເດີນຫາຍໃຈ ແລະ ລະບົບອະໄວຍະວະ ສືບພັນໝູເຊື່ອມ (ພະຍາດຫູໜູກໍ່າ),ກະຊວງ ກະສິກຳ ແລະ ສິ່ງແວດລ້ອມ,2010-07-06,2014-11-10,in_force,ປັດຈຸບັນ,subsidiary_legislation,false,,https://laoofficialgazette.gov.la/kcfinder/upload/files/2. ຄຳສັ່ງ ຂອງ .pdf,,false,false,false,true,
8,Order,legaltype=8&old=0,LA-694,ຄຳສັ່ງຂອງລັດຖະມົນຕີ ກ່ຽວກັບການເພີ່ມທະວີ ຄວາມເອົາໃຈໃສ່ ຕິດຕາມປ້ອງກັນ ແລະ ສະກັດກັ້ນ ພະຍາດຂອງເພັ້ຍແປງມັນຕົ້ນ,ກະຊວງ ກະສິກຳ ແລະ ສິ່ງແວດລ້ອມ,2011-06-23,2014-11-10,in_force,ປັດຈຸບັນ,subsidiary_legislation,false,,https://laoofficialgazette.gov.la/kcfinder/upload/files/4. ຄຳສັ່ງຂອງລັດຖະມົນຕີ .pdf,,false,false,false,true,
8,Order,legaltype=8&old=0,LA-695,"ຄຳສັ່ງຂອງລັດຖະມົນຕີ ກ່ຽວກັບການຄຸ້ມຄອງ ນຳໃຊ້ໄມ້ເພື່ອຜະລິດຖ່ານ, ເພື່ອເປັນແຫຼ່ງພະລັງງານ ແລະເພື່ອເປັນສິນຄ້າ",ກະຊວງ ກະສິກຳ ແລະ ສິ່ງແວດລ້ອມ,2011-03-14,2014-11-10,in_force,ປັດຈຸບັນ,subsidiary_legislation,false,,https://laoofficialgazette.gov.la/kcfinder/upload/files/3. ຄຳສັ່ງຂອງລັດຖະມົນຕີ .pdf,,false,false,false,true,
8,Order,legaltype=8&old=0,LA-696,ຄຳສັ່ງຂອງລັດຖະມົນຕີ ວ່າດ້ວຍການປ້ອງກັນໄພອັນຕະລາຍ ຈາກຢາປາບສັດຕູພືດປອມ ແລະຢາປາບສັດຕູພືດ ທີ່ຫ້າມນຳໃຊ້ ໃນ ສປປ ລາວ,ກະຊວງ ກະສິກຳ ແລະ ສິ່ງແວດລ້ອມ,2005-07-13,2014-11-10,in_force,ປັດຈຸບັນ,subsidiary_legislation,false,,https://laoofficialgazette.gov.la/kcfinder/upload/files/6. ຄຳສັ່ງຂອງລັດຖະມົນຕີ .pdf,,false,false,false,true,
8,Order,legaltype=8&old=0,LA-697,ຄຳສັ່ງຂອງລັດຖະມົນຕີ ວ່າດ້ວຍມາດຕະການປ້ອງກັນ ແລະສະກັດກັ້ນພະຍາດ ໄຂຫວັດສັດປີກຢ່າງເຂັ້ມງວດ,ກະຊວງ ກະສິກຳ ແລະ ສິ່ງແວດລ້ອມ,2006-01-23,2014-11-10,in_force,ປັດຈຸບັນ,subsidiary_legislation,false,,https://laoofficialgazette.gov.la/kcfinder/upload/files/7. ຄຳສັ່ງ ຂອງລັດຖະມົນຕີ.pdf,,false,false,false,true,
8,Order,legaltype=8&old=0,LA-698,ຄຳສັ່ງຂອງລັດຖະມົນຕີ ວ່າດ້ວຍການເພີ່ມທະວີເອົາໃຈໃສ່ ສັກຢາປ້ອງກັນພະຍາດໃຫ້ສັດລ້ຽງ,ກະຊວງ ກະສິກຳ ແລະ ສິ່ງແວດລ້ອມ,2006-03-27,2014-11-10,in_force,ປັດຈຸບັນ,subsidiary_legislation,false,,https://laoofficialgazette.gov.la/kcfinder/upload/files/8. ຄຳສັ່ງ ຂອງລັດຖະມົນຕີ .pdf,,false,false,false,true,
8,Order,legaltype=8&old=0,LA-699,ຄຳສັ່ງຂອງລັດຖະມົນຕີ ວ່າດ້ວຍການເພີ່ມທະວີ ການປ້ອງກັນ ແລະ ສະກັດກັ້ນພະຍາດ ໄຂ້ຫວັດສັດປີກ,ກະຊວງ ກະສິກຳ ແລະ ສິ່ງແວດລ້ອມ,2005-02-02,2014-11-10,in_force,ປັດຈຸບັນ,subsidiary_legislation,false,,https://laoofficialgazette.gov.la/kcfinder/upload/files/9. ຄຳສັ່ງ ຂອງລັດຖະມົນຕີ .pdf,,false,false,false,true,
8,Order,legaltype=8&old=0,LA-700,ຄຳສັ່ງຂອງລັດຖະມົນຕີ ກ່ຽວກັບການຊຸກຍູ້ ຜະລິດກະສິກຳ ເປັນສິນຄ້າສົ່ງອອກ ສາທາລະນະລັດ ປະຊາຊົນຈີນ,ກະຊວງ ກະສິກຳ ແລະ ສິ່ງແວດລ້ອມ,2014-06-30,2014-11-10,in_force,ປັດຈຸບັນ,subsidiary_legislation,false,,https://laoofficialgazette.gov.la/kcfinder/upload/files/ຄຳສັ່ງຂອງລັດຖະມົນຕີ ສປຈີນ .pdf,,false,false,false,true,
8,Order,legaltype=8&old=0,LA-668,"ຄຳສັ່ງຂອງລັດຖະມົນຕີ ກ່ຽວກັບການເພີ່ມທະວີຄວາມເຂັ້ມງວດ ໃນການຄຸ້ມຄອງ, ກວດກາຝຸ່ນ, ແນວພັນພືດ ແລະ ຢາຂ້າຫຍ້າ ລວມທັງຢາປາບສັດຕູພືດອື່ນໆ ທີ່ນຳໃຊ້ຢູ ສປປ ລາວ",ກະຊວງ ກະສິກຳ ແລະ ສິ່ງແວດລ້ອມ,2014-08-15,2014-10-15,in_force,ປັດຈຸບັນ,subsidiary_legislation,false,,https://laoofficialgazette.gov.la/kcfinder/upload/files/ຄຳສັ່ງຂອງລັດຖະມົນຕີ ກ່ຽວກັບການເພີ່ມທະວີຄວາມເຢາຂ້າຫຍ້າ.pdf,,false,false,false,true,
8,Order,legaltype=8&old=0,LA-654,ຄຳສັ່ງ ກ່ຽວກັບການແນະນຳປະຕິບັດຂໍ້ທີ 10.1 ຂອງຂໍ້ຕົກລົງສະບັບ ເລກທີ32/ນຍ,ກະຊວງ ອຸດສາຫະກຳ ແລະ ການຄ້າ,2012-09-26,2014-10-03,in_force,ປັດຈຸບັນ,subsidiary_legislation,false,,https://laoofficialgazette.gov.la/kcfinder/upload/files/ຄຳສັ່ງ ກ່ຽວກັບການແນະນຳປະຕິບັດຂໍ້ທີ 10.1 ຂອງຂໍ້ຕົກລົງສະບັບຂອງຂໍ້ຕົກລົງສະບັບເລກທີ32ນຍ.pdf,,false,false,false,true,
8,Order,legaltype=8&old=0,LA-653,ຄຳສັ່ງ ວ່າດ້ວຍການກວດກາ ແລະ ມາດຕະຖານຕໍ່ຜູ້ທີ່ນຳເຂົ້າຍານພາຫະນະທຸກປະເພດ ແບບບໍ່ຖືກຕ້ອງ ແລະ ນຳໃຊ້ບໍ່ຖືກເປົ້າໝາຍ,ກະຊວງ ອຸດສາຫະກຳ ແລະ ການຄ້າ,2009-05-11,2014-10-02,in_force,ປັດຈຸບັນ,subsidiary_legislation,false,,https://laoofficialgazette.gov.la/kcfinder/upload/files/ຄຳສັ່ງແນະນຳ ວ່າດ້ວຍການກວດກາ ແລະ ມາດຕະຖານຕໍ່ຜູ້ທີ່ນຳເຂົ້າຍານພາຫະນະ.pdf,,false,false,false,true,
8,Order,legaltype=8&old=0,LA-646,ຄຳສັ່ງແນະນຳ ເລື່ອງການຈັດຕັ້ງປະຕິບັດວຽກງານການຄຸ້ມຄອງ ສິນຄ້າ-ລາຄາ,ກະຊວງ ອຸດສາຫະກຳ ແລະ ການຄ້າ,2009-03-11,2014-09-26,in_force,ປັດຈຸບັນ,subsidiary_legislation,false,,"https://laoofficialgazette.gov.la/kcfinder/upload/files/15,ຄຳສັ່ງແນະນຳເລື່ອງ ການຈັດຕັ້ງປະຕິບັດວຽກງານການຄຸ້ມຄອງສິນຄ້າ-ລາຄາ.pdf",,false,false,false,true,
8,Order,legaltype=8&old=0,LA-637,ຄຳສັ່ງ ເລື່ອງການເພີ່ມທະວີຄວາມເອົາໃຈໃສ່ ຕໍ່ການຄຸ້ມຄອງສິນຄ້າສະບຽງອາຫານ ປະເພດເຂົ້າກິນ ຢູ່ພາຍໃນປະເທດ,ກະຊວງ ອຸດສາຫະກຳ ແລະ ການຄ້າ,2010-07-19,2014-09-26,in_force,ປັດຈຸບັນ,subsidiary_legislation,false,,"https://laoofficialgazette.gov.la/kcfinder/upload/files/2,ຄໍາສັ່ງເພີ່ມທະວີຄວາມເອົາໃຈໃສ່ຄຸ້ມຄອງສິນຄ້າສະບຽງອາຫານປະເພດເຂົ້າກິນຢູ່ພາຍໃນປະເທດ.pdf",,false,false,false,true,
8,Order,legaltype=8&old=0,LA-638,"ຄຳສັ່ງແນະນຳ ກ່ຽວກັບການຊຸກຍູ້ສົ່ງເສີມ,ການຄຸ້ມຄອງ ແລະ ກວດກາ ກິດຈະການໂຮງງານຜະລິດຢາສູບ",ກະຊວງ ອຸດສາຫະກຳ ແລະ ການຄ້າ,2010-10-13,2014-09-26,in_force,ປັດຈຸບັນ,subsidiary_legislation,false,,"https://laoofficialgazette.gov.la/kcfinder/upload/files/6,ຄຳສັ່ງແນະນຳ ກ່ຽວກັບການຊຸກຍູ້ສົ່ງເສີມ,ການຄຸ້ມຄອງ ແລະ ກວດກາກິດຈະການໂຮງງານຜະລິດຢາສູບ.pdf",,false,false,false,true,
8,Order,legaltype=8&old=0,LA-639,ຄຳສັ່ງແນະນຳ ກ່ຽວກັບການລົບລ້າງສິ່ງກີດຂວາງ ທີ່ເປັນອຸປະສັກຕໍ່ການຈໍລະຈອນສິນຄ້າ,ກະຊວງ ອຸດສາຫະກຳ ແລະ ການຄ້າ,2011-02-25,2014-09-26,in_force,ປັດຈຸບັນ,subsidiary_legislation,false,,"https://laoofficialgazette.gov.la/kcfinder/upload/files/7,ຄຳສັ່ງແນະນຳ ກ່ຽວກັບການລົບລ້າງສິ່ງກີດຂວາງທີ່ເປັນອຸປະສັກຕໍ່ການຈໍລະຈອນສິນຄ້າ.pdf",,false,false,false,true,
8,Order,legaltype=8&old=0,LA-640,ຄຳສັ່ງແນະນຳ ຂອງນາຍົກລັດຖະມົນຕີກ່ຽວກັບ ການຕ້ານ ແລະ ສະກັດກັ້ນ ການຂຸດຄົ້ນ ແລະ ຊື້-ຂາຍ ປະເພດໄມ້ຫວງຫ້າມ,ກະຊວງ ອຸດສາຫະກຳ ແລະ ການຄ້າ,2011-06-02,2014-09-26,in_force,ປັດຈຸບັນ,subsidiary_legislation,false,,"https://laoofficialgazette.gov.la/kcfinder/upload/files/8,ຄຳສັ່ງແນະນຳ ຂອງນາຍົກລັດຖະມົນຕີ.pdf",,false,false,false,true,
8,Order,legaltype=8&old=0,LA-641,"ຄຳສັ່ງແນະນຳ ເລື່ອງການຄຸ້ມຄອງລາຄາ ຊີ້ນງົວ,ໝູ,ໄກ່ແລະ ປາ",ກະຊວງ ອຸດສາຫະກຳ ແລະ ການຄ້າ,2012-02-13,2014-09-26,in_force,ປັດຈຸບັນ,subsidiary_legislation,false,,"https://laoofficialgazette.gov.la/kcfinder/upload/files/10,ຄຳສັ່ງແນະນຳ ໃຫ້ຄຸ້ມຄອງລາຄາຊີ້ນງົວ,ໝູ,ໄກ່ແລະ ປາ.pdf",,false,false,false,true,
8,Order,legaltype=8&old=0,LA-642,"ຄຳສັ່ງແນະນຳ ເລື່ອງໃຫ້ຄຸ້ມຄອງລາຄາໝູ ແລະ ຊີ້ນໝູ ດ້ວຍການກຳນົດໂຄງສ້າງລາຄາ ໃນແຕ່ລະຂອດ(ລ້ຽງ,ນາຍຮ້ອຍ ແລະ ລູກຂຽງ)",ກະຊວງ ອຸດສາຫະກຳ ແລະ ການຄ້າ,2009-03-13,2014-09-26,in_force,ປັດຈຸບັນ,subsidiary_legislation,false,,"https://laoofficialgazette.gov.la/kcfinder/upload/files/11,ຄຳສັ່ງແນະນຳ ໃຫ້ຄຸ້ມຄອງລາຄາໝູ ແລະ .pdf",,false,false,false,true,
8,Order,legaltype=8&old=0,LA-644,"ຄຳສັ່ງແນະນຳ ໃຫ້ບັນດາບໍລິສັດ,ວິສາຫະກິດ ແລະ ຮ້ານຈຳໜ່່າຍຕ່າງໆ ນຳເອົາສິນຄ້າທີ່ຜະລິດໄດ້ພາຍໃນປະເທດ ໄປຈຳໜ່າຍແທນການນຳເຂົ້າ",ກະຊວງ ອຸດສາຫະກຳ ແລະ ການຄ້າ,2002-07-23,2014-09-26,in_force,ປັດຈຸບັນ,subsidiary_legislation,false,,"https://laoofficialgazette.gov.la/kcfinder/upload/files/12,ຄຳສັ່ງແນະນຳ ໃຫ້ບັນດາບໍລິສັດ,ວິສາຫະກິດ ແລະ .pdf",,false,false,false,true,
8,Order,legaltype=8&old=0,LA-645,"ຄຳສັ່ງແນະນຳ ເລື່ອງໃຫ້ເພີ່ມທະວີຄວາມເອົາໃຈໃສ່ ໃນການຕິດຕາມ,ກວດກາ ແກ້ໄຂກ່ຽວກັບສະພາບການປັ່ນປ່ວນ ກັກຕຸນ ແລະ ສວຍໂອກາດຂຶ້ນລາຄາສິນຄ້າ ໃນທຸກສະຖານະການ ລວມທັງໃນເທດສະການຕ່າງໆຢ່າງເຂັ້ມງວດ",ກະຊວງ ອຸດສາຫະກຳ ແລະ ການຄ້າ,2009-01-21,2014-09-26,in_force,ປັດຈຸບັນ,subsidiary_legislation,false,,"https://laoofficialgazette.gov.la/kcfinder/upload/files/14,ຄຳສັ່ງແນະນຳ ໃຫ້ເພີ່ມທະວີ.pdf",,false,false,false,true,
8,Order,legaltype=8&old=0,LA-643,ຄຳສັ່ງແນະນຳ ໃຫ້ບໍລິສັດ ວິສາຫະກິດຕ່າງໆ ນຳສິນຄ້າທີ່ຜະລິດໄດ້ພາຍໃນ ເອົາໄປຈຳໜ່າຍແທນການນຳເຂົ້າ,ກະຊວງ ອຸດສາຫະກຳ ແລະ ການຄ້າ,2000-12-01,2014-09-26,in_force,ປັດຈຸບັນ,subsidiary_legislation,false,,"https://laoofficialgazette.gov.la/kcfinder/upload/files/13,ຄຳສັ່ງແນະນຳ ໃຫ້ບໍລິສັດວິສາຫະກິດຕ່າງໆນຳສ.pdf",,false,false,false,true,
8,Order,legaltype=8&old=0,LA-596,"ຄຳສັ່ງ ຂອງລັດຖະມົນຕີວ່າການ ກະຊວງສາທາລະນະສຸກ ວ່າດ້ວຍການຫ້າມການນຳເຂົ້າ, ສົ່ງອອກ, ຈຳໜ່າຍ, ຊື້ຂາຍ, ຄອບຄອງ, ຂົນສົ່ງ, ນຳຜ່ານປຸງແຕ່ງ ແລະ ນຳໃຊ້ສານຊູໂດອີຟິດຣີນ",ກະຊວງ ສາທາລະນະສຸກ,2014-06-12,2014-08-25,in_force,ປັດຈຸບັນ,subsidiary_legislation,false,,https://laoofficialgazette.gov.la/kcfinder/upload/files/ຄຳສັ່ງ ຂອງລັດຖະມົນຕີວ່າການກະຊວງສາທາລະນະສຸກວ່າດ້ວຍການຫ້າມການນຳເຂົ້າ.pdf,,false,false,true,true,
8,Order,legaltype=8&old=0,LA-539,ຄຳສັ່ງແນະນຳ ກ່ຽວກັບ ການພັດທະນາ ແລະ ການນຳໃຊ້ ເຕັກໂນໂລຢີ ການຂ່າວສານ ຢູ່ໃນ ສປປ ລາວ,ກະຊວງ ເຕັກໂນໂລຊີ ແລະ ການສື່ສານ,2001-12-21,2014-02-18,in_force,ປັດຈຸບັນ,subsidiary_legislation,false,,https://laoofficialgazette.gov.la/kcfinder/upload/files/Instruction on development and ICT application in Lao PDR .pdf,,false,false,true,true,
8,Order,legaltype=8&old=0,LA-470,ຄຳສັ່ງ ວ່າດ້ວຍການຄຸ້ມຄອງເຂດສະຫງວນຂອງທາງຫຼວງ,ກະຊວງ ໂຍທາທິການ ແລະ ຂົນສົ່ງ,2013-04-29,2014-01-09,in_force,ປັດຈຸບັນ,subsidiary_legislation,false,,https://laoofficialgazette.gov.la/kcfinder/upload/files/ຄຳ​ສັ່ງ ວ່າ​ດ້ວຍ​ການ​ຄຸ້ມ​ຄອງ​ເຂດ​ສະ​ຫງວນ​ຂອງ​ທາງຫຼວງ.pdf,,false,false,false,true,
8,Order,legaltype=8&old=1,LA-2229,ຄຳສັ່ງວ່າດ້ວຍ ການຄຸ້ມຄອງ ແລະ ການເກັບກູ້ນຳໃຊ້ເຄື່ອງປ່າຂອງດົງ (ປະເພດໝາກຈອງບານ),ແຂວງ ອັດຕະປື,2024-04-01,2024-04-08,repealed,ສະບັບເກົ່າ,subsidiary_legislation,false,,https://laoofficialgazette.gov.la/kcfinder/upload/files/05.1.4.2024.pdf,,false,false,false,true,
8,Order,legaltype=8&old=1,LA-1674,ຄຳສັ່ງ ວ່າດ້ວຍການລົບລ້າງການອອກໃບອະນຸຍາດນຳເຂົ້າລົດແທຣັກເຕີ,ກະຊວງ ອຸດສາຫະກຳ ແລະ ການຄ້າ,2020-09-02,2020-09-14,repealed,ສະບັບເກົ່າ,subsidiary_legislation,false,,https://laoofficialgazette.gov.la/kcfinder/upload/files/0807ອຄ2020.pdf,https://laoofficialgazette.gov.la/kcfinder/upload/files/0807ອຄ2020_Eng.pdf,true,false,false,true,
8,Order,legaltype=8&old=1,LA-809,ຄຳສັ່ງແນະນຳ ກ່ຽວກັບວຽກງານການຄຸ້ມຄອງ ແລະ ບໍລິຫານທີ່ດິນ ຢູ່ພາຍໃນແຂວງຊຽງຂວາງ,ແຂວງ ຊຽງຂວາງ,2012-02-08,2015-05-26,repealed,ສະບັບເກົ່າ,subsidiary_legislation,false,,https://laoofficialgazette.gov.la/kcfinder/upload/files/ຄຳສັ່ງແນະນຳ ກ່ຽວກັບວຽກງານການຄຸ້ມຄອງ ແລະ ບໍລິຫານທີ່ດິນຢູ່ພາຍໃນແຂວງຊຽງຂວາງ.pdf,,false,false,false,true,
2,Agreement,legaltype=2&old=0,LA-2640,ຂໍ້ຕົກລົງວ່າດ້ວຍ ການປະຕິບັດວຽກງານກວດກາການຄ້າ,ກະຊວງ ອຸດສາຫະກຳ ແລະ ການຄ້າ,2026-09-01,2026-09-15,in_force,ປັດຈຸບັນ,subsidiary_legislation,false,,https://laoofficialgazette.gov.la/kcfinder/upload/files/2997-1-9-2026_0001.pdf,,false,false,false,true,
2,Agreement,legaltype=2&old=0,LA-2636,"ຂໍ້ຕົກລົງວ່າດ້ວຍ ການບໍລິຫານຄວາມສ່ຽງ, ຂໍ້ຈຳກັດ ແລະ ຂໍ້ຫ້າມ ທີ່ກ່ຽວຂ້ອງກັບມາດຕະການຈຳກັດຂອງສາກົນ",ທະນາຄານແຫ່ງ ສປປ ລາວ,2026-08-21,2026-09-07,in_force,ປັດຈຸບັນ,subsidiary_legislation,false,,https://laoofficialgazette.gov.la/kcfinder/upload/files/789-21-8-2026_0001.pdf,,false,false,false,true,
2,Agreement,legaltype=2&old=0,LA-2628,ຂໍ້ຕົກລົງວ່າດ້ວຍ ລະບົບການຊຳລະເງິນທົ່ວໄປ,ທະນາຄານແຫ່ງ ສປປ ລາວ,2026-08-28,2026-09-07,in_force,ປັດຈຸບັນ,subsidiary_legislation,false,,https://laoofficialgazette.gov.la/kcfinder/upload/files/819-28-8-2026_0001.pdf,,false,false,true,true,
2,Agreement,legaltype=2&old=0,LA-2625,"ຂໍ້ຕົກລົງວ່າດ້ວຍ ລາຍການຜະລິດຕະພັນ ໄມ້ທຳມະຊາດ, ໄມ້ປູກ, ໄມ້ປ່ອງ ແລະ ຫວາຍ ເພື່ອສົ່ງອອກໄປຕ່າງປະເທດ",ກະຊວງ ກະສິກຳ ແລະ ສິ່ງແວດລ້ອມ,2026-08-26,2026-09-03,in_force,ປັດຈຸບັນ,subsidiary_legislation,false,,https://laoofficialgazette.gov.la/kcfinder/upload/files/3888-26-8-2026_0001.pdf,,false,false,false,true,
2,Agreement,legaltype=2&old=0,LA-2626,ຂໍ້ຕົກລົງວ່າດ້ວຍ ກົນໄກການຈັດຕັ້ງປະຕິບັດ ວຽກງານການລົງທຶນໃນກະຊວງກະສິກຳ ແລະ ສິ່ງແວດລ້ອມ,ກະຊວງ ກະສິກຳ ແລະ ສິ່ງແວດລ້ອມ,2026-08-12,2026-09-03,in_force,ປັດຈຸບັນ,subsidiary_legislation,false,,https://laoofficialgazette.gov.la/kcfinder/upload/files/3541-12-8-2026_0001.pdf,,false,false,false,true,
2,Agreement,legaltype=2&old=0,LA-2627,ຂໍ້ຕົກລົງວ່າດ້ວຍ ທຸລະກິດກ່ຽວກັບຢາງພາລາ,ກະຊວງ ກະສິກຳ ແລະ ສິ່ງແວດລ້ອມ,2026-08-28,2026-09-03,in_force,ປັດຈຸບັນ,subsidiary_legislation,false,,https://laoofficialgazette.gov.la/kcfinder/upload/files/3899-28-8-2026_00001.pdf,,false,false,false,true,
2,Agreement,legaltype=2&old=0,LA-2624,"ຂໍ້ຕົກລົງວ່າດ້ວຍ ມາດຕະຖານດ້ານຄວາມຮ້ອນ, ແສງສະຫວ່າງ ແລະ ສຽງ ໃນສະຖານທີ່ເຮັດວຽກກ່ຽວຂ້ອງກັບຄວາມປອດໄພ ແລະ ສຸຂະພາບແຮງງານ",ກະຊວງ ແຮງງານ ແລະ ສະຫວັດດີການສັງຄົມ,2026-08-06,2026-09-01,in_force,ປັດຈຸບັນ,subsidiary_legislation,false,,https://laoofficialgazette.gov.la/kcfinder/upload/files/2509-6-8-2026_0001.pdf,,false,false,true,true,
2,Agreement,legaltype=2&old=0,LA-2623,ຂໍ້ຕົກລົງວ່າດ້ວຍ ການກວດກາປະກັນສັງຄົມ,ກະຊວງ ແຮງງານ ແລະ ສະຫວັດດີການສັງຄົມ,2026-05-25,2026-09-01,in_force,ປັດຈຸບັນ,subsidiary_legislation,false,,https://laoofficialgazette.gov.la/kcfinder/upload/files/1971-25-5-2026_0001.pdf,,false,false,false,true,
2,Agreement,legaltype=2&old=0,LA-2622,"ຂໍ້ຕົກລົງວ່າດ້ວຍ ບັນຊີຢາເສບຕິດທີ່ເກືອດຫ້າມ ແລະ ຢາເສບຕິດ, ສານເຄມີ ທີ່ຖືກຄວບຄຸມການນຳໃຊ້",ກະຊວງ ປ້ອງກັນຄວາມສະຫງົບ,2026-07-29,2026-09-01,in_force,ປັດຈຸບັນ,subsidiary_legislation,false,,https://laoofficialgazette.gov.la/kcfinder/upload/files/87-29-7-2026_0001.pdf,,false,false,false,true,
2,Agreement,legaltype=2&old=0,LA-2619,ຂໍ້ຕົກລົງວ່າດ້ວຍ ພັນພຶດໃໝ່,ກະຊວງ ອຸດສາຫະກຳ ແລະ ການຄ້າ,2026-08-04,2026-08-11,in_force,ປັດຈຸບັນ,subsidiary_legislation,false,,https://laoofficialgazette.gov.la/kcfinder/upload/files/2530-4-8-2026_0001.pdf,,false,false,false,true,
2,Agreement,legaltype=2&old=0,LA-2618,ຂໍ້ຕົກລົງວ່າດ້ວຍ ການຄຸ້ມຄອງການກູ້ຢືມລະຫວ່າງປະເທດ,ທະນາຄານແຫ່ງ ສປປ ລາວ,2026-08-05,2026-08-11,in_force,ປັດຈຸບັນ,subsidiary_legislation,false,,https://laoofficialgazette.gov.la/kcfinder/upload/files/707-5-8-2026_0001.pdf,,false,false,false,true,
2,Agreement,legaltype=2&old=0,LA-2620,ຂໍ້ຕົກລົງວ່າດ້ວຍ ບັນຊີເຄມີອຸດສາຫະກຳ,ກະຊວງ ອຸດສາຫະກຳ ແລະ ການຄ້າ,2026-08-04,2026-08-11,in_force,ປັດຈຸບັນ,subsidiary_legislation,false,,https://laoofficialgazette.gov.la/kcfinder/upload/files/2523-4-8-2026_0001.pdf,,false,false,false,true,
2,Agreement,legaltype=2&old=0,LA-2617,ຂໍ້ຕົກລົງວ່າດ້ວຍ ການຂະຫຍາຍເຄືອຂ່າຍໂທລະຄົມມະນາຄົມ ໄປສູ່ເຂດຊົນນະບົດ ແລະ ຫ່າງໄກສອກຫຼີກ,ກະຊວງ ເຕັກໂນໂລຊີ ແລະ ການສື່ສານ,2026-07-31,2026-08-10,in_force,ປັດຈຸບັນ,subsidiary_legislation,false,,https://laoofficialgazette.gov.la/kcfinder/upload/files/1887-31-7-2026_0001.pdf,,false,false,true,true,
2,Agreement,legaltype=2&old=0,LA-2616,ຂໍ້ຕົກລົງວ່າດ້ວຍ ການອະນຸຍາດດຳເນີນທຸລະກິດ ຂອງຂະແໜງການໂຍທາທິການ ແລະ ຂົນສົ່ງ,ກະຊວງ ໂຍທາທິການ ແລະ ຂົນສົ່ງ,2026-07-27,2026-08-04,in_force,ປັດຈຸບັນ,subsidiary_legislation,false,,https://laoofficialgazette.gov.la/kcfinder/upload/files/17555-27-7-2026_0001.pdf,,false,false,false,true,
2,Agreement,legaltype=2&old=0,LA-2615,ຂໍ້ຕົກລົງວ່າດ້ວຍ ການຈຳໜ່າຍນ້ຳມັນເຊື້ອໄຟດ້ວຍລົດແບບເຄື່ອນທີ່,ກະຊວງ ອຸດສາຫະກຳ ແລະ ການຄ້າ,2026-07-16,2026-08-03,in_force,ປັດຈຸບັນ,subsidiary_legislation,false,,https://laoofficialgazette.gov.la/kcfinder/upload/files/2315-16-7-2026_0001.pdf,,false,false,false,true,
2,Agreement,legaltype=2&old=0,LA-2613,ຂໍ້ຕົກລົງວ່າດ້ວຍ ເຄື່ອງຈັກອຸດສາຫະກຳ,ກະຊວງ ອຸດສາຫະກຳ ແລະ ການຄ້າ,2026-07-27,2026-08-03,in_force,ປັດຈຸບັນ,subsidiary_legislation,false,,https://laoofficialgazette.gov.la/kcfinder/upload/files/2378-27-7-2026_0001.pdf,,false,false,false,true,
2,Agreement,legaltype=2&old=0,LA-2612,ຂໍ້ຕົກລົງວ່າດ້ວຍ ການຮັບຮອງກາເຄື່ອງໝາຍ ຂອງຄະນະກຳມະການແກ້ໄຂບັນຫາຢາເສບຕິດລະດັບຊາດ,ກະຊວງ ປ້ອງກັນຄວາມສະຫງົບ,2026-05-08,2026-07-16,in_force,ປັດຈຸບັນ,subsidiary_legislation,false,,https://laoofficialgazette.gov.la/kcfinder/upload/files/1283-8-5-2026_0001.pdf,,false,false,false,true,
2,Agreement,legaltype=2&old=0,LA-2603,ຂໍ້ຕົກລົງວ່າດ້ວຍ ການກຳນົດເນື້ອໃນແບບພິມ ແລະ ການພິມຕາມແບບພິມ ໃບທະບຽນທີ່ດິນ ແລະ ໃບຕາດິນ,ກະຊວງ ກະສິກຳ ແລະ ສິ່ງແວດລ້ອມ,2026-06-29,2026-07-10,in_force,ປັດຈຸບັນ,subsidiary_legislation,false,,https://laoofficialgazette.gov.la/kcfinder/upload/files/2774-29-6-2026_0001.pdf,,false,false,true,true,
2,Agreement,legaltype=2&old=0,LA-2602,ຂໍ້ຕົກລົງວ່າດ້ວຍ ການກຳນົດວຽກເບົາ ແລະ ວຽກທີ່ເປັນອັນຕະລາຍ ສຳລັບແຮງງານໄວໜຸ່ມ,ກະຊວງ ແຮງງານ ແລະ ສະຫວັດດີການສັງຄົມ,2023-12-12,2026-07-10,in_force,ປັດຈຸບັນ,subsidiary_legislation,false,,https://laoofficialgazette.gov.la/kcfinder/upload/files/4677-12-12-2023.pdf,,false,false,true,true,
2,Agreement,legaltype=2&old=0,LA-2596,ຂໍ້ຕົກລົງວ່າດ້ວຍ ການຄຸ້ມຄອງແຮງງານໃນວຽກງານກະສິກຳ,ກະຊວງ ແຮງງານ ແລະ ສະຫວັດດີການສັງຄົມ,2026-06-11,2026-06-25,in_force,ປັດຈຸບັນ,subsidiary_legislation,false,,https://laoofficialgazette.gov.la/kcfinder/upload/files/2309-11-6-2026_0001.pdf,,false,false,true,true,
2,Agreement,legaltype=2&old=0,LA-2598,ຂໍ້ຕົກລົງວ່າດ້ວຍ ການຄຸ້ມຄອງໂຮງງານອຸດສາຫະກຳປຸງແຕ່ງໄມ້,ກະຊວງ ກະສິກຳ ແລະ ສິ່ງແວດລ້ອມ,2026-06-11,2026-06-22,in_force,ປັດຈຸບັນ,subsidiary_legislation,false,,https://laoofficialgazette.gov.la/kcfinder/upload/files/2544-11-1-2026_0001.pdf,,false,false,false,true,
2,Agreement,legaltype=2&old=0,LA-2599,ຂໍ້ຕົກລົງວ່າດ້ວຍ ຜະລິດຕະພັນໄມ້ເພື່ອຈຳໜ່າຍພາຍໃນ,ກະຊວງ ກະສິກຳ ແລະ ສິ່ງແວດລ້ອມ,2026-06-11,2026-06-22,in_force,ປັດຈຸບັນ,subsidiary_legislation,false,,https://laoofficialgazette.gov.la/kcfinder/upload/files/2545-11-1-2026_0001.pdf,,false,false,false,true,
2,Agreement,legaltype=2&old=0,LA-2591,ຂໍ້ຕົກລົງວ່າດ້ວຍ ການເພີ່ມຈຸລະສານອາຫານໃສ່ເຂົ້າສານ,ກະຊວງ ສາທາລະນະສຸກ,2026-05-20,2026-06-15,in_force,ປັດຈຸບັນ,subsidiary_legislation,false,,https://laoofficialgazette.gov.la/kcfinder/upload/files/955-20-5-2026_0001.pdf,,false,false,false,true,
2,Agreement,legaltype=2&old=0,LA-2589,ຂໍ້ຕົກລົງວ່າດ້ວຍ ການດຳເນີນທຸລະກິດ ບໍລິການອິນເຕີເນັດ,ກະຊວງ ເຕັກໂນໂລຊີ ແລະ ການສື່ສານ,2026-04-30,2026-06-04,in_force,ປັດຈຸບັນ,subsidiary_legislation,false,,https://laoofficialgazette.gov.la/kcfinder/upload/files/1158-30-4-2026_0001.pdf,,false,false,true,true,
2,Agreement,legaltype=2&old=0,LA-2584,ຂໍ້ຕົກລົງວ່າດ້ວຍ ກອງທຶນຊ່ວຍເຫຼືອຊຶ່ງກັນ ແລະ ກັນ ຂອງກຳມະບານແຂວງ ອັດຕະປື,ແຂວງ ອັດຕະປື,2026-04-22,2026-05-28,in_force,ປັດຈຸບັນ,subsidiary_legislation,false,,https://laoofficialgazette.gov.la/kcfinder/upload/files/392-22-4-2026_0001.pdf,,false,false,false,true,
2,Agreement,legaltype=2&old=0,LA-2582,ຂໍ້ຕົກລົງວ່າດ້ວຍ ການປັບໃໝ ແລະ ການນຳໃຊ້ມາດຕະການອື່ນຕໍ່ຜູ້ລະເມິີດກົດໝາຍວ່າດ້ວຍ ວິສາຫະກິດ,ກະຊວງ ອຸດສາຫະກຳ ແລະ ການຄ້າ,2026-05-13,2026-05-25,in_force,ປັດຈຸບັນ,subsidiary_legislation,false,,https://laoofficialgazette.gov.la/kcfinder/upload/files/1338-13-5-2026_0001.pdf,,false,false,false,true,
2,Agreement,legaltype=2&old=0,LA-2583,ຂໍ້ຕົກລົງວ່າດ້ວຍ ທຸລະກິດແກ໊ສຫຸງຕົ້ມ,ກະຊວງ ອຸດສາຫະກຳ ແລະ ການຄ້າ,2026-05-13,2026-05-25,in_force,ປັດຈຸບັນ,subsidiary_legislation,false,,https://laoofficialgazette.gov.la/kcfinder/upload/files/1339-13-5-2026_0001.pdf,,false,false,false,true,
2,Agreement,legaltype=2&old=0,LA-2580,"ຂໍ້ຕົກລົງວ່າດ້ວຍ ການສ້າງເມືອງ, ນະຄອນ ເປັນຕົວແບບດ້ານກິລາ-ກາຍຍະກຳມວນຊົນ",ກະຊວງ ສຶກສາທິການ ແລະ ກິລາ,2026-03-02,2026-05-13,in_force,ປັດຈຸບັນ,subsidiary_legislation,false,,"https://laoofficialgazette.gov.la/kcfinder/upload/files/189,2,3,2026_0001.pdf",,false,false,false,true,
2,Agreement,legaltype=2&old=0,LA-2578,ຂໍ້ຕົກລົງວ່າດ້ວຍ ລິຂະສິດ ແລະ ສິດກ່ຽວຂ້ອງກັບລິຂະສິດ,ກະຊວງ ອຸດສາຫະກຳ ແລະ ການຄ້າ,2026-04-10,2026-05-11,in_force,ປັດຈຸບັນ,subsidiary_legislation,false,,"https://laoofficialgazette.gov.la/kcfinder/upload/files/1011,10,4,2026_0001.pdf",,false,false,true,true,
2,Agreement,legaltype=2&old=0,LA-2570,ຂໍ້ຕົກລົງວ່າດ້ວຍ ການກວດສອບ ແລະ ຢັ້ງຢືນຄຸນນະພາບຢາງພາລາ,ກະຊວງ ອຸດສາຫະກຳ ແລະ ການຄ້າ,2026-04-20,2026-04-23,in_force,ປັດຈຸບັນ,subsidiary_legislation,false,,"https://laoofficialgazette.gov.la/kcfinder/upload/files/1040,20,4,2026_0001.pdf",,false,false,false,true,
2,Agreement,legaltype=2&old=0,LA-2568,ຂໍ້ຕົກລົງວ່າດ້ວຍ ການສະໜອງສິນເຊື່ອຮ່ວມ,ທະນາຄານແຫ່ງ ສປປ ລາວ,2026-04-09,2026-04-20,in_force,ປັດຈຸບັນ,subsidiary_legislation,false,,"https://laoofficialgazette.gov.la/kcfinder/upload/files/ຂໍ້ຕົກລົງວ່າດ້ວຍການສະໜອງສິນເຊື່ອຮ່ວມ ສະບັບເລກທີ 310-ທຫລ, ລົງວັນທີ 09 ເມສາ 2026.pdf",,false,false,false,true,
2,Agreement,legaltype=2&old=0,LA-2567,ຂໍ້ຕົກລົງວ່າດ້ວຍ ການຂຶ້ນທະບຽນເລກໝາຍໂທລະສັບ,ກະຊວງ ເຕັກໂນໂລຊີ ແລະ ການສື່ສານ,2026-04-02,2026-04-10,in_force,ປັດຈຸບັນ,subsidiary_legislation,false,,https://laoofficialgazette.gov.la/kcfinder/upload/files/978.2.4.2026_0001.pdf,,false,false,true,true,
2,Agreement,legaltype=2&old=0,LA-2566,"ຂໍ້ຕົກລົງວ່າດ້ວຍ ການຕ້ານການຟອກເງິນ, ການສະໜອງທຶນ ໃຫ້ແກ່ການກໍ່ການຮ້າຍ ແລະ ການແຜ່ຜາຍອາວຸດທຳລາຍລ້າງຜານ ສຳລັບຜູ້ດຳເນີນທຸລະກິດກ່ຽວກັບທີ່ດິນ",ກະຊວງ ກະສິກຳ ແລະ ສິ່ງແວດລ້ອມ,2026-03-20,2026-04-03,in_force,ປັດຈຸບັນ,subsidiary_legislation,false,,"https://laoofficialgazette.gov.la/kcfinder/upload/files/1160,20,3,2026.pdf",,false,false,true,true,
2,Agreement,legaltype=2&old=0,LA-2563,ຂໍ້ຕົກລົງວ່າດ້ວຍ ການຄຸ້ມຄອງການເປີດບັນຊີເງິນຝາກຢູ່ຕ່າງປະເທດ,ທະນາຄານແຫ່ງ ສປປ ລາວ,2026-03-24,2026-04-01,in_force,ປັດຈຸບັນ,subsidiary_legislation,false,,"https://laoofficialgazette.gov.la/kcfinder/upload/files/251,24,3,2026_0001.pdf",,false,false,false,true,
2,Agreement,legaltype=2&old=0,LA-2560,ຂໍ້ຕົກລົງວ່າດ້ວຍ ຖິ່ນກຳເນີດ,ກະຊວງ ອຸດສາຫະກຳ ແລະ ການຄ້າ,2026-03-10,2026-03-30,in_force,ປັດຈຸບັນ,subsidiary_legislation,false,,https://laoofficialgazette.gov.la/kcfinder/upload/files/0630.10.3.2026_0001.pdf,,false,false,false,true,
2,Agreement,legaltype=2&old=0,LA-2557,"ຂໍ້ຕົກລົງວ່າດ້ວຍ ການຄຸ້ມຄອງ, ພັດທະນາ ແລະ ບໍລິຫານຕົວເມືອງ ໄຊຍະບູລີ",ແຂວງ ໄຊຍະບູລີ,2026-03-18,2026-03-30,in_force,ປັດຈຸບັນ,subsidiary_legislation,false,,https://laoofficialgazette.gov.la/kcfinder/upload/files/370.18.3.2026_0001.pdf,,false,false,false,true,
2,Agreement,legaltype=2&old=0,LA-2536,ຂໍ້ຕົກລົງວ່າດ້ວຍ ການປະເມີນລາຄາທີ່ດິນ ເພື່ອເປັນພື້ນຖານຄິດໄລ່ອາກອນທີ່ດິນພາຍໃນແຂວງ ບໍລິຄຳໄຊ,ແຂວງ ບໍລິຄຳໄຊ,2026-02-12,2026-03-20,in_force,ປັດຈຸບັນ,subsidiary_legislation,false,,https://laoofficialgazette.gov.la/kcfinder/upload/files/41.12.2.2026_0001.pdf,,false,false,false,true,
2,Agreement,legaltype=2&old=0,LA-2538,ຂໍ້ຕົກລົງວ່າດ້ວຍ ການຄຸ້ມຄອງພຶດປໍແກ້ວ ນຳໃຊ້ທາງການແພດ ແລະ ເປັນສິນຄ້າ,ກະຊວງ ສາທາລະນະສຸກ,2022-12-28,2026-03-20,in_force,ປັດຈຸບັນ,subsidiary_legislation,false,,https://laoofficialgazette.gov.la/kcfinder/upload/files/3789.28.12.2022_0001.pdf,,false,false,false,true,
2,Agreement,legaltype=2&old=0,LA-2539,ຂໍ້ຕົກລົງວ່າດ້ວຍ ການຂຶ້ນທະບຽນຢາພື້ນເມືອງ,ກະຊວງ ສາທາລະນະສຸກ,2022-01-25,2026-03-20,in_force,ປັດຈຸບັນ,subsidiary_legislation,false,,https://laoofficialgazette.gov.la/kcfinder/upload/files/169.25.1.2022_0001.pdf,,false,false,true,true,
2,Agreement,legaltype=2&old=0,LA-2540,ຂໍ້ຕົກລົງວ່າດ້ວຍ ການຂື້ນທະບຽນຜະລິດຕະພັນເສີມສຸຂະພາບ,ກະຊວງ ສາທາລະນະສຸກ,2023-08-21,2026-03-20,in_force,ປັດຈຸບັນ,subsidiary_legislation,false,,https://laoofficialgazette.gov.la/kcfinder/upload/files/2626.21.8.2023_0001.pdf,,false,false,true,true,
2,Agreement,legaltype=2&old=0,LA-2541,ຂໍ້ຕົກລົງວ່າດ້ວຍ ນ້ຳດື່ມໃນພາຊະນະບັນຈຸປິດ (ສະບັບປັບປຸງ),ກະຊວງ ສາທາລະນະສຸກ,2023-08-28,2026-03-20,in_force,ປັດຈຸບັນ,subsidiary_legislation,true,,https://laoofficialgazette.gov.la/kcfinder/upload/files/2750.28.8.2023_0001.pdf,,false,false,false,true,
2,Agreement,legaltype=2&old=0,LA-2542,ຂໍ້ຕົກລົງວ່າດ້ວຍ ການຂຶ້ນທະບຽນອາຫານ (ສະບັບປັບປຸງ),ກະຊວງ ສາທາລະນະສຸກ,2023-08-28,2026-03-20,in_force,ປັດຈຸບັນ,subsidiary_legislation,true,,https://laoofficialgazette.gov.la/kcfinder/upload/files/2749.28.8.2023_0001.pdf,,false,false,true,true,
2,Agreement,legaltype=2&old=0,LA-2543,ຂໍ້ຕົກລົງວ່າດ້ວຍ ການຂຶ້ນທະບຽນ ແລະ ຈົດແຈ້ງອຸປະກອນການແພດ,ກະຊວງ ສາທາລະນະສຸກ,2023-07-11,2026-03-20,in_force,ປັດຈຸບັນ,subsidiary_legislation,false,,https://laoofficialgazette.gov.la/kcfinder/upload/files/1470.11.7.2023_0001.pdf,,false,false,true,true,
2,Agreement,legaltype=2&old=0,LA-2544,"ຂໍ້ຕົກລົງວ່າດ້ວຍ ການນຳເຂົ້າ - ສົ່ງອອກ, ແລະ ຜ່ານແດນອາຫານ (ສະບັບປັບປຸງ)",ກະຊວງ ສາທາລະນະສຸກ,2024-09-25,2026-03-20,in_force,ປັດຈຸບັນ,subsidiary_legislation,true,,https://laoofficialgazette.gov.la/kcfinder/upload/files/3091.25.92024_0001.pdf,,false,false,false,true,
2,Agreement,legaltype=2&old=0,LA-2545,ຂໍ້ຕົກລົງວ່າດ້ວຍ ສະຫຼາກຜະລິດຕະພັນອາຫານ ແລະ ອຸປະກອນກ່ຽວກັບອາຫານສຳລັບເດັກອ່ອນ ແລະ ເດັກນ້ອຍ,ກະຊວງ ສາທາລະນະສຸກ,2025-06-18,2026-03-20,in_force,ປັດຈຸບັນ,subsidiary_legislation,false,,https://laoofficialgazette.gov.la/kcfinder/upload/files/1525.18.1.2025_0001.pdf,,false,false,false,true,
2,Agreement,legaltype=2&old=0,LA-2546,ຂໍ້ຕົກລົງວ່າດ້ວຍ ການຂຶ້ນທະບຽນຢາຫຼວງ,ກະຊວງ ສາທາລະນະສຸກ,2025-04-02,2026-03-20,in_force,ປັດຈຸບັນ,subsidiary_legislation,false,,https://laoofficialgazette.gov.la/kcfinder/upload/files/0622.2.4.2025_0001.pdf,,false,false,true,true,
2,Agreement,legaltype=2&old=0,LA-2550,ຂໍ້ຕົກລົງວ່າດ້ວຍ ການຄຸ້ມຄອງທຸລະກິດບໍລິການຈັດຫາງານ,ກະຊວງ ແຮງງານ ແລະ ສະຫວັດດີການສັງຄົມ,2026-03-11,2026-03-20,in_force,ປັດຈຸບັນ,subsidiary_legislation,false,,"https://laoofficialgazette.gov.la/kcfinder/upload/files/850,11,3,2026_0001.pdf",,false,false,false,true,
2,Agreement,legaltype=2&old=0,LA-2532,ຂໍ້ຕົກລົງວ່າດ້ວຍ ການກຳນົດເນື້ອໃນແບບພິມ ແລະ ການພິມຕາມແບບພິມ ໃບທະບຽນຢັ້ງຢືນການນຳໃຊ້ທີ່ດິນ ແລະ ໃບຢັ້ງຢືນການນຳໃຊ້ທີ່ດິນ ໃນເຂດທີ່ດິນປ່າໄມ້,ກະຊວງ ກະສິກຳ ແລະ ສິ່ງແວດລ້ອມ,2026-02-19,2026-03-16,in_force,ປັດຈຸບັນ,subsidiary_legislation,false,,https://laoofficialgazette.gov.la/kcfinder/upload/files/0690 ໃບຢັ້ງຢືນການນໍາໃຊ້ທີ່ດິນ.pdf,,false,false,true,true,
2,Agreement,legaltype=2&old=0,LA-2531,ຂໍ້ຕົກລົງວ່າດ້ວຍ ການກຳນົດເນື້ອໃນແບບພິມໃບຢັ້ງຢືນການສຳຫຼວດວັດແທກທີ່ດິນ,ກະຊວງ ກະສິກຳ ແລະ ສິ່ງແວດລ້ອມ,2026-02-19,2026-03-16,in_force,ປັດຈຸບັນ,subsidiary_legislation,false,,https://laoofficialgazette.gov.la/kcfinder/upload/files/0691-19-2-2026_0001.pdf,,false,false,false,true,
2,Agreement,legaltype=2&old=0,LA-2510,"ຂໍ້ຕົກລົງວ່າດ້ວຍ ການແກ້ໄຂຂໍ້ຂັດແຍ່ງທາງດ້ານບໍລິຫານ ກ່ຽວກັບການຈົດທະບຽນຊັບສິນອຸດສາຫະກຳ, ພັນພຶດໃໝ່, ແຈ້ງລິຂະສິດ ແລະ ສິດກ່ຽວຂ້ອງກັບລິຂະສິດ",ກະຊວງ ອຸດສາຫະກຳ ແລະ ການຄ້າ,2026-02-10,2026-03-10,in_force,ປັດຈຸບັນ,subsidiary_legislation,false,,"https://laoofficialgazette.gov.la/kcfinder/upload/files/0306,10,2,2026_0001.pdf",,false,false,true,true,
2,Agreement,legaltype=2&old=0,LA-2511,ຂໍ້ຕົກລົງວ່າດ້ວຍ ການທົດສອບເຕັກໂນໂລຊີດ້ານການເງິນ,ທະນາຄານແຫ່ງ ສປປ ລາວ,2026-03-03,2026-03-10,in_force,ປັດຈຸບັນ,subsidiary_legislation,false,,"https://laoofficialgazette.gov.la/kcfinder/upload/files/170,03,3,2026_0001.pdf",,false,false,true,true,
2,Agreement,legaltype=2&old=0,LA-2512,ຂໍ້ຕົກລົງວ່າດ້ວຍ ການຄຸ້ມຄອງການນຳເງິນສົດ ເງິນຕາຕ່າງປະເທດ ເຂົ້າ - ອອກ ສປປ ລາວ,ທະນາຄານແຫ່ງ ສປປ ລາວ,2026-02-18,2026-03-10,in_force,ປັດຈຸບັນ,subsidiary_legislation,false,,"https://laoofficialgazette.gov.la/kcfinder/upload/files/140,18,2,2026_0001.pdf",,false,false,true,true,
2,Agreement,legaltype=2&old=0,LA-2507,ຂໍ້ຕົກລົງວ່າດ້ວຍ ຊຸດເຄື່ອງແບບກິລາ-ກາຍຍະກຳ,ກະຊວງ ສຶກສາທິການ ແລະ ກິລາ,2025-09-18,2026-02-19,in_force,ປັດຈຸບັນ,subsidiary_legislation,false,,"https://laoofficialgazette.gov.la/kcfinder/upload/files/5584,18,9,2025_0001.pdf",,false,false,false,true,
2,Agreement,legaltype=2&old=0,LA-2500,ຂໍ້ຕົກລົງວ່າດ້ວຍ ສັນຍາຊື້ ຂາຍ ຝາກເງິນຕາຕ່າງປະເທດ,ທະນາຄານແຫ່ງ ສປປ ລາວ,2026-01-19,2026-01-28,in_force,ປັດຈຸບັນ,subsidiary_legislation,false,,"https://laoofficialgazette.gov.la/kcfinder/upload/files/41,19,1,2026_0001.pdf",,false,false,true,true,
2,Agreement,legaltype=2&old=0,LA-2496,ຂໍ້ຕົກລົງວ່າດ້ວຍ ການຄຸ້ມຄອງ ແລະ ປຸງແຕ່ງ ເຄື່ອງປ່າຂອງດົງ,ກະຊວງ ກະສິກຳ ແລະ ສິ່ງແວດລ້ອມ,2026-01-15,2026-01-26,in_force,ປັດຈຸບັນ,subsidiary_legislation,false,,https://laoofficialgazette.gov.la/kcfinder/upload/files/0110.15.1.2026_0001.pdf,,false,false,false,true,
2,Agreement,legaltype=2&old=0,LA-2495,ຂໍ້ຕົກລົງວ່າດ້ວຍ ການສ້າງຕັ້ງອົງການລິຂະສິດລວມໝູ່,ກະຊວງ ອຸດສາຫະກຳ ແລະ ການຄ້າ,2025-12-31,2026-01-26,in_force,ປັດຈຸບັນ,subsidiary_legislation,false,,https://laoofficialgazette.gov.la/kcfinder/upload/files/3456.31.12.2025_0001.pdf,,false,false,true,true,
2,Agreement,legaltype=2&old=0,LA-2490,ຂໍ້ຕົກລົງວ່າດ້ວຍ ແບບອຸດສາຫະກຳ,ກະຊວງ ອຸດສາຫະກຳ ແລະ ການຄ້າ,2025-12-15,2025-12-19,in_force,ປັດຈຸບັນ,subsidiary_legislation,false,,"https://laoofficialgazette.gov.la/kcfinder/upload/files/3264,15,12,2025_0001.pdf",,false,false,false,true,
2,Agreement,legaltype=2&old=0,LA-2486,"ຂໍ້ຕົກລົງວ່າດ້ວຍ ການວັດແທກໄມ້ທ່ອນ, ຕໍໄມ້, ປູດໄມ້, ໄມ້ເປັນພະລັງງານ ແລະ ການຈັດຊັ້ນຄຸນນະພາບໄມ້ທ່ອນ",ກະຊວງ ກະສິກຳ ແລະ ສິ່ງແວດລ້ອມ,2025-07-16,2025-12-03,in_force,ປັດຈຸບັນ,subsidiary_legislation,false,,"https://laoofficialgazette.gov.la/kcfinder/upload/files/0902,16,7,2025_0001.pdf",,false,false,false,true,
2,Agreement,legaltype=2&old=0,LA-2485,ຂໍ້ຕົກລົງວ່າດ້ວຍ ການຄຸ້ມຄອງ ແລະ ກຳຈັດຂີ້ເຫຍື້ອຍ ໃນນະຄອນຫຼວງວຽງຈັນ,ນະ​ຄອນ​ຫຼວງວຽງຈັນ,2025-10-02,2025-12-01,in_force,ປັດຈຸບັນ,subsidiary_legislation,false,,"https://laoofficialgazette.gov.la/kcfinder/upload/files/1083,2,10,2025_0001.pdf",,false,false,false,true,
2,Agreement,legaltype=2&old=0,LA-2484,ຂໍ້ຕົກລົງວ່າດ້ວຍ ການກວດສອບ ແລະ ຢັ້ງຢືນຄຸນລັກສະນະທາດລະລາຍ ປະເພດໄຮໂດຣຄາບອນ ແລະ ທາດເຄມີ ທີ່ນຳໃຊ້ເພື່ອຜະລິດ ແລະ ປຸງແຕ່ງນ້ຳມັນເຊື້ອໄຟ,ກະຊວງ ອຸດສາຫະກຳ ແລະ ການຄ້າ,2025-11-17,2025-11-26,in_force,ປັດຈຸບັນ,subsidiary_legislation,false,,https://laoofficialgazette.gov.la/kcfinder/upload/files/2939-17-11-2025_3.pdf,,false,false,false,true,
2,Agreement,legaltype=2&old=0,LA-2483,"ຂໍ້ຕົກລົງວ່າດ້ວຍ ການຂຶ້ນທະບຽນ, ກວດສອບ ແລະ ຢັ້ງຢືນຄຸນນະພາບເຄື່ອງກຳເນີດລັງສີ",ກະຊວງ ອຸດສາຫະກຳ ແລະ ການຄ້າ,2025-11-12,2025-11-24,in_force,ປັດຈຸບັນ,subsidiary_legislation,false,,https://laoofficialgazette.gov.la/kcfinder/upload/files/2848-12-11-2025_0001.pdf,,false,false,true,true,
2,Agreement,legaltype=2&old=0,LA-2482,ຂໍ້ຕົກລົງວ່າດ້ວຍ ການປັບໃໝ ແລະ ການນຳໃຊ້ມາດຕະການອື່ນ ຕໍ່ຜູ້ລະເມີດດຳລັດ ແລະ ລະບຽບການ ກ່ຽວກັບການຄ້າທາງເອເລັກໂຕຣນິກ,ກະຊວງ ອຸດສາຫະກຳ ແລະ ການຄ້າ,2025-11-11,2025-11-21,in_force,ປັດຈຸບັນ,subsidiary_legislation,false,,https://laoofficialgazette.gov.la/kcfinder/upload/files/2828-11-11-2025_0001.pdf,,false,false,true,true,
2,Agreement,legaltype=2&old=0,LA-2479,ຂໍ້ຕົກລົງວ່າດ້ວຍ ທີ່ດິນເປົ່າວ່າງ ແລະ ເປົ້າໝາຍການນຳໃຊ້ທີ່ດິນ,ກະຊວງ ກະສິກຳ ແລະ ສິ່ງແວດລ້ອມ,2025-11-04,2025-11-13,in_force,ປັດຈຸບັນ,subsidiary_legislation,false,,https://laoofficialgazette.gov.la/kcfinder/upload/files/2086.4.11.2025_0001.pdf,,false,false,false,true,
2,Agreement,legaltype=2&old=0,LA-2471,ຂໍ້ຕົກລົງວ່າດ້ວຍ ການກຳນົດເຂດປອດຄວັນຢາສູບ ຢູ່ພາຍໃນແຂວງ ຄຳມ່ວນ,ແຂວງ ຄຳມ່ວນ,2025-10-20,2025-10-29,in_force,ປັດຈຸບັນ,subsidiary_legislation,false,,https://laoofficialgazette.gov.la/kcfinder/upload/files/57.20.10.2025_0001.pdf,,false,false,false,true,
2,Agreement,legaltype=2&old=0,LA-2472,ຂໍ້ຕົກລົງວ່າດ້ວຍ ການຈັດການແຂ່ງຂັນກິລາທົ່ວແຂວງ,ແຂວງ ຄຳມ່ວນ,2025-10-20,2025-10-29,in_force,ປັດຈຸບັນ,subsidiary_legislation,false,,https://laoofficialgazette.gov.la/kcfinder/upload/files/58.20.10.2025_0002.pdf,,false,false,true,true,
2,Agreement,legaltype=2&old=0,LA-2464,ຂໍ້ຕົກລົງວ່າດ້ວຍ ການດຳເນີນທຸລະກິດດ້ານເຕັກໂນໂລຊີດີຈີຕອນ,ກະຊວງ ເຕັກໂນໂລຊີ ແລະ ການສື່ສານ,2025-09-29,2025-10-02,in_force,ປັດຈຸບັນ,subsidiary_legislation,false,,"https://laoofficialgazette.gov.la/kcfinder/upload/files/3643,29,9,2025.pdf",,false,false,true,true,
2,Agreement,legaltype=2&old=0,LA-2463,ຂໍ້ຕົກລົງວ່າດ້ວຍ ຖານລະບົບດີຈີຕອນ,ກະຊວງ ເຕັກໂນໂລຊີ ແລະ ການສື່ສານ,2025-09-29,2025-10-02,in_force,ປັດຈຸບັນ,subsidiary_legislation,false,,"https://laoofficialgazette.gov.la/kcfinder/upload/files/3648,29,9,2025.pdf",,false,false,false,true,
2,Agreement,legaltype=2&old=0,LA-2458,ຂໍ້ຕົກລົງວ່າດ້ວຍ ການຄຸ້ມຄອງຊິງຊັ່ງ,ກະຊວງ ອຸດສາຫະກຳ ແລະ ການຄ້າ,2025-09-25,2025-10-01,in_force,ປັດຈຸບັນ,subsidiary_legislation,false,,"https://laoofficialgazette.gov.la/kcfinder/upload/files/2208,22,9,2025.pdf",,false,false,false,true,
2,Agreement,legaltype=2&old=0,LA-2459,ຂໍ້ຕົກລົງວ່າດ້ວຍ ການຄຸ້ມຄອງ-ນຳໃຊ້ ສູນປີ່ນປົວ ແລະ ຟື້ນຟູສຸຂະພາບຜູ້ຕິດຢາເສບຕິດ ຢູ່ແຂວງ ເຊກອງ,ແຂວງ ເຊກອງ,2025-09-16,2025-10-01,in_force,ປັດຈຸບັນ,subsidiary_legislation,false,,"https://laoofficialgazette.gov.la/kcfinder/upload/files/208,16,9,2025.pdf",,false,false,false,true,
2,Agreement,legaltype=2&old=0,LA-2460,ຂໍ້ຕົກລົງວ່າດ້ວຍ ການສ້າງກົມກອງ ແລະ ຂະແໜງການປອດຢາເສບຕິດ,ແຂວງ ເຊກອງ,2025-09-16,2025-10-01,in_force,ປັດຈຸບັນ,subsidiary_legislation,false,,"https://laoofficialgazette.gov.la/kcfinder/upload/files/207,16,09,2025.pdf",,false,false,false,true,
2,Agreement,legaltype=2&old=0,LA-2461,ຂໍ້ຕົກລົງວ່າດ້ວຍ ການຄຸ້ມຄອງກຸ່ມຜູ້ນຳໃຊ້ນ້ຳຊົນລະປະທານ,ແຂວງ ເຊກອງ,2025-09-01,2025-10-01,in_force,ປັດຈຸບັນ,subsidiary_legislation,false,,"https://laoofficialgazette.gov.la/kcfinder/upload/files/197,1,9,2025.pdf",,false,false,false,true,
2,Agreement,legaltype=2&old=0,LA-2457,ຂໍ້ຕົກລົງວ່າດ້ວຍ ສິດທິບັດ ແລະ ອະນຸສິດທິບັດ,ກະຊວງ ອຸດສາຫະກຳ ແລະ ການຄ້າ,2025-09-19,2025-09-29,in_force,ປັດຈຸບັນ,subsidiary_legislation,false,,"https://laoofficialgazette.gov.la/kcfinder/upload/files/2135,19,9,2025.pdf",,false,false,false,true,
2,Agreement,legaltype=2&old=0,LA-2450,ຂໍ້ຕົກລົງວ່າດ້ວຍ ການຄຸ້ມຄອງແຜນຜັງຕົວເມືອງ ນະຄອນໄກສອນພົມວິຫານ,ແຂວງ ສະຫວັນນະເຂດ,2025-08-26,2025-09-18,in_force,ປັດຈຸບັນ,subsidiary_legislation,false,,"https://laoofficialgazette.gov.la/kcfinder/upload/files/1738,26,8,2025.pdf",,false,false,false,true,
2,Agreement,legaltype=2&old=0,LA-2449,ຂໍ້ຕົກລົງວ່າດ້ວຍ ການຄຸ້ມຄອງແຜນຜັງຕົວເມືອງ ອຸທຸມພອນ,ແຂວງ ສະຫວັນນະເຂດ,2025-08-26,2025-09-18,in_force,ປັດຈຸບັນ,subsidiary_legislation,false,,"https://laoofficialgazette.gov.la/kcfinder/upload/files/1737,26,8,2025.pdf",,false,false,false,true,
2,Agreement,legaltype=2&old=0,LA-2448,ຂໍ້ຕົກລົງວ່າດ້ວຍ ການສະກັດກັ້ນ ແລະ ການແກ້ໄຂບັນຫາຢາເສບຕິດໃນສະຖານການສຶກສາທົ່ວແຂວງ ສະຫວັນນະເຂດ,ແຂວງ ສະຫວັນນະເຂດ,2025-08-26,2025-09-18,in_force,ປັດຈຸບັນ,subsidiary_legislation,false,,"https://laoofficialgazette.gov.la/kcfinder/upload/files/1736,26,8,2025.pdf",,false,false,false,true,
2,Agreement,legaltype=2&old=0,LA-2445,ຂໍ້ຕົກລົງວ່າດ້ວຍ ແບບຜັງວົງຈອນລວມ,ກະຊວງ ອຸດສາຫະກຳ ແລະ ການຄ້າ,2025-09-09,2025-09-17,in_force,ປັດຈຸບັນ,subsidiary_legislation,false,,"https://laoofficialgazette.gov.la/kcfinder/upload/files/2026,9,92025.pdf",,false,false,false,true,
2,Agreement,legaltype=2&old=0,LA-2447,ຂໍ້ຕົກລົງວ່າດ້ວຍ ການປະກອບທຶນຈົດທະບຽນວິສາຫະກິດ,ກະຊວງ ອຸດສາຫະກຳ ແລະ ການຄ້າ,2025-09-09,2025-09-17,in_force,ປັດຈຸບັນ,subsidiary_legislation,false,,https://laoofficialgazette.gov.la/kcfinder/upload/files/2025.9.9.2025.pdf,,false,false,true,true,
2,Agreement,legaltype=2&old=0,LA-2435,ຂໍ້ຕົກລົງວ່າດ້ວຍ ການຄຸ້ມຄອງວັງສະຫງວນ,ກະຊວງ ກະສິກຳ ແລະ ສິ່ງແວດລ້ອມ,2025-08-22,2025-09-03,in_force,ປັດຈຸບັນ,subsidiary_legislation,false,,"https://laoofficialgazette.gov.la/kcfinder/upload/files/0766,22,8,2025.pdf",,false,false,false,true,
2,Agreement,legaltype=2&old=0,LA-2432,ຂໍ້ຕົກລົງວ່າດ້ວຍ ການຄຸ້ມຄອງກອງທຶນປະກັນສັງຄົມ,ກະຊວງ ແຮງງານ ແລະ ສະຫວັດດີການສັງຄົມ,2021-12-06,2025-09-01,in_force,ປັດຈຸບັນ,subsidiary_legislation,false,,"https://laoofficialgazette.gov.la/kcfinder/upload/files/4508,6,12,2021.pdf",,false,false,false,true,
2,Agreement,legaltype=2&old=0,LA-2424,ຂໍ້ຕົກລົງວ່າດ້ວຍ ການຄຸ້ມຄອງປ່າປ້ອງກັນແຫຼ່ງນ້ຳ ເຂດອ່າງຮັບນ້ຳຍ້ວງຕອນໃຕ້,ແຂວງ ບໍລິຄຳໄຊ,2024-09-05,2025-08-25,in_force,ປັດຈຸບັນ,subsidiary_legislation,false,,"https://laoofficialgazette.gov.la/kcfinder/upload/files/593,5,9,2024.pdf",,false,false,false,true,
2,Agreement,legaltype=2&old=0,LA-2425,ຂໍ້ຕົກລົງວ່າດ້ວຍ ນະໂຍບາຍ ແລະ ຫົວໜ່ວຍລາຄາທົດແທນຄ່າເສຍຫາຍທີ່ໄດ້ຮັບຜົນກະທົບຈາກໂຄງການຂຸດຄົ້ນແຮ່ທາດຂອງບໍລິສັດ ກາວີໂກລາວບໍ່ແຮ່ ຈຳກັດ,ແຂວງ ບໍລິຄຳໄຊ,2025-07-17,2025-08-25,in_force,ປັດຈຸບັນ,subsidiary_legislation,false,,"https://laoofficialgazette.gov.la/kcfinder/upload/files/447,17,7,2025.pdf",,false,false,false,true,
2,Agreement,legaltype=2&old=0,LA-2426,ຂໍ້ຕົກລົງວ່າດ້ວຍ ການປັບປຸງບາງມາດຕາຂອງຂໍ້ຕົກລົງວ່າດ້ວຍ ນະໂຍບາຍ ແລະ ລາຄາຫົວໜ່ວຍທົດແທນຕໍ່ຊັບສິນ ທີ່ໄດ້ຮັບຜົນກະທົບຈາກໂຄງການປັບປຸງ ແລະ ສ້ອມແປງທາງຫຼວງແຫ່ງຊາດ ເລກທີ 13 ໃຕ້,ແຂວງ ບໍລິຄຳໄຊ,2024-03-28,2025-08-25,in_force,ປັດຈຸບັນ,amending_act,false,,"https://laoofficialgazette.gov.la/kcfinder/upload/files/223,28,3,2024.pdf",,false,false,false,true,
2,Agreement,legaltype=2&old=0,LA-2427,ຂໍ້ຕົກລົງວ່າດ້ວຍ ການຄຸ້ມຄອງກອງທຶນທານຸເຄາະຂອງສະຫະພັນກຳມະບານແຂວງ,ແຂວງ ບໍລິຄຳໄຊ,2023-04-06,2025-08-25,in_force,ປັດຈຸບັນ,subsidiary_legislation,false,,"https://laoofficialgazette.gov.la/kcfinder/upload/files/192,6,4,2023.pdf",,false,false,false,true,
2,Agreement,legaltype=2&old=0,LA-2428,ຂໍ້ຕົກລົງວ່າດ້ວຍ ເຂດສະຫງວນທີ່ດິນບໍລິເວນແຄມນ້ຳ ແຂວງບໍລິຄຳໄຊ,ແຂວງ ບໍລິຄຳໄຊ,2024-09-12,2025-08-25,in_force,ປັດຈຸບັນ,subsidiary_legislation,false,,"https://laoofficialgazette.gov.la/kcfinder/upload/files/624,12,9,2025.pdf",,false,false,false,true,
2,Agreement,legaltype=2&old=0,LA-2429,ຂໍ້ຕົກລົງວ່າດ້ວຍ ນະໂຍບາຍ ແລະ ລາຄາຫົວໜ່ວຍທົດແທນຕໍ່ຊັບສິນທີ່ໄດ້ຮັບຜົນກະທົບຈາກໂຄງການກໍ່ສ້າງຂົວໃໝ່ແທນຂົວເກົ່າ 6 ແຫ່ງ ຕາມທາງຫຼວງແຫ່ງຊາດ ເລກ 8 ທີ່ເປັນທາງຫຼວງອາຊ່ຽນເລກທີ 15 (AH15),ແຂວງ ບໍລິຄຳໄຊ,2024-12-12,2025-08-25,in_force,ປັດຈຸບັນ,subsidiary_legislation,false,,"https://laoofficialgazette.gov.la/kcfinder/upload/files/883,12,12,2024.pdf",,false,false,false,true,
2,Agreement,legaltype=2&old=0,LA-2430,ຂໍ້ຕົກລົງວ່າດ້ວຍ ນະໂຍບາຍ ແລະ ລາຄາຫົວໜ່ວຍທົດແທນຄ່າເສຍຫາຍຕໍ່ຜູ້ທີ່ໄດ້ຮັບຜົນກະທົບຈາກໂຄງການຄວບຄຸມຄວາມສ່ຽງໄພພິບັດນ້ຳຖ້ວມ ຢູ່ເທດສະບານເມືອງ ປາກຊັນ ແຂວງບໍລິຄຳໄຊ,ແຂວງ ບໍລິຄຳໄຊ,2022-03-15,2025-08-25,in_force,ປັດຈຸບັນ,subsidiary_legislation,false,,"https://laoofficialgazette.gov.la/kcfinder/upload/files/147,15,3,2022.pdf",,false,false,false,true,
2,Agreement,legaltype=2&old=0,LA-2421,ຂໍ້ຕົກລົງວ່າດ້ວຍ ການຄຸ້ມຄອງຜູ້ອອກແຮງງານໃນຄົວເຮືອນ,ກະຊວງ ແຮງງານ ແລະ ສະຫວັດດີການສັງຄົມ,2022-11-02,2025-08-11,in_force,ປັດຈຸບັນ,subsidiary_legislation,false,,"https://laoofficialgazette.gov.la/kcfinder/upload/files/4369,2,11,2022.pdf",,false,false,true,true,
2,Agreement,legaltype=2&old=0,LA-2419,ຂໍ້ຕົກລົງວ່າດ້ວຍ ການຈັດສົ່ງ ແລະ ຄຸ້ມຄອງຜູ້ອອກແຮງງານລາວທີ່ເຮັດວຽກຕາມລະດູການ ຢູ່ສາທາລະນະລັດເກົາຫຼີ,ກະຊວງ ແຮງງານ ແລະ ສະຫວັດດີການສັງຄົມ,2024-07-25,2025-08-11,in_force,ປັດຈຸບັນ,subsidiary_legislation,false,,"https://laoofficialgazette.gov.la/kcfinder/upload/files/2330,25,7,2024.pdf",,false,false,true,true,
2,Agreement,legaltype=2&old=0,LA-2420,ຂໍ້ຕົກລົງວ່າດ້ວຍ ການບໍລິການຊອກຫາວຽກເຮັດງານທຳໃຫ້ຜູ້ວ່າງງານສຳລັບສະມາຊິກປະກັນສັງຄົມ,ກະຊວງ ແຮງງານ ແລະ ສະຫວັດດີການສັງຄົມ,2023-02-24,2025-08-11,in_force,ປັດຈຸບັນ,subsidiary_legislation,false,,"https://laoofficialgazette.gov.la/kcfinder/upload/files/0658,24,2,2023.pdf",,false,false,false,true,
2,Agreement,legaltype=2&old=0,LA-2422,ຂໍ້ຕົກລົງວ່າດ້ວຍ ການຄຸ້ມຄອງໜ່ວຍງານບໍລິການດ້ານຄວາມປອດໄພ ແລະ ສຸຂະພາບແຮງງານ,ກະຊວງ ແຮງງານ ແລະ ສະຫວັດດີການສັງຄົມ,2022-09-27,2025-08-11,in_force,ປັດຈຸບັນ,subsidiary_legislation,false,,"https://laoofficialgazette.gov.la/kcfinder/upload/files/4039,27,9,2022.pdf",,false,false,true,true,
2,Agreement,legaltype=2&old=0,LA-2416,ຂໍ້ຕົກລົງວ່າດ້ວຍ ການກວດສອບທະນາຄານທຸລະກິດ,ທະນາຄານແຫ່ງ ສປປ ລາວ,2025-08-05,2025-08-07,in_force,ປັດຈຸບັນ,subsidiary_legislation,false,,https://laoofficialgazette.gov.la/kcfinder/upload/files/717.5.8.2025.pdf,,false,false,true,true,
2,Agreement,legaltype=2&old=0,LA-2415,ຂໍ້ຕົກລົງວ່າດ້ວຍ ການດຳເນີນຕະຫຼາດເປີດ,ທະນາຄານແຫ່ງ ສປປ ລາວ,2025-08-05,2025-08-07,in_force,ປັດຈຸບັນ,subsidiary_legislation,false,,"https://laoofficialgazette.gov.la/kcfinder/upload/files/713,5,5,2025.pdf",,false,false,false,true,
2,Agreement,legaltype=2&old=0,LA-2414,ຂໍ້ຕົກລົງວ່າດ້ວຍ ການປະເມີນຜົນການດຳເນີນທຸລະກິດ ຂອງວິສາຫະກິດລັດລົງທຶນ,ກະຊວງ ການເງິນ,2025-05-23,2025-08-01,in_force,ປັດຈຸບັນ,subsidiary_legislation,false,,https://laoofficialgazette.gov.la/kcfinder/upload/files/1554.2.5.2025.pdf,,false,false,false,true,
2,Agreement,legaltype=2&old=0,LA-2413,ຂໍ້ຕົກລົງວ່າດ້ວຍ ການປະເມີນຜູ້ບໍລິຫານຝ່າຍລັດ ໃນວິສາຫະກິດລັດລົງທຶນ,ກະຊວງ ການເງິນ,2025-05-02,2025-08-01,in_force,ປັດຈຸບັນ,subsidiary_legislation,false,,https://laoofficialgazette.gov.la/kcfinder/upload/files/1354.2.5.2025.pdf,,false,false,false,true,
2,Agreement,legaltype=2&old=0,LA-2407,ຂໍ້ຕົກລົງວ່າດ້ວຍ ຕາໜ່າງປ້ອງກັນພືດ,ກະຊວງ ກະສິກຳ ແລະ ສິ່ງແວດລ້ອມ,2025-07-16,2025-07-17,in_force,ປັດຈຸບັນ,subsidiary_legislation,false,,https://laoofficialgazette.gov.la/kcfinder/upload/files/0154.16.7.2025.pdf,,false,false,false,true,
2,Agreement,legaltype=2&old=0,LA-2403,ຂໍ້ຕົກລົງວ່າດ້ວຍ ການອະນຸຍາດດຳເນີນທຸລະກິດ ຂອງຂະແໜງການໂຍທາທິການ ແລະ ຂົນສົ່ງ,ກະຊວງ ໂຍທາທິການ ແລະ ຂົນສົ່ງ,2025-06-25,2025-07-02,in_force,ປັດຈຸບັນ,subsidiary_legislation,false,,https://laoofficialgazette.gov.la/kcfinder/upload/files/14807 25.6.2025.pdf,,false,false,false,true,
2,Agreement,legaltype=2&old=0,LA-2401,ຂໍ້ຕົກລົງວ່າດ້ວຍ ລະບົບການໃຫ້ບໍລິການຊຳລະເງິນ,ທະນາຄານແຫ່ງ ສປປ ລາວ,2025-06-19,2025-06-30,in_force,ປັດຈຸບັນ,subsidiary_legislation,false,,https://laoofficialgazette.gov.la/kcfinder/upload/files/ 511.19.6.2025.pdf,,false,false,true,true,
2,Agreement,legaltype=2&old=0,LA-2400,ຂໍ້ຕົກລົງວ່າດ້ວຍ ທ່າເຮືອ,ກະຊວງ ໂຍທາທິການ ແລະ ຂົນສົ່ງ,2025-06-23,2025-06-26,in_force,ປັດຈຸບັນ,subsidiary_legislation,false,,https://laoofficialgazette.gov.la/kcfinder/upload/files/ 14374.23.6.2025.pdf,,false,false,false,true,
2,Agreement,legaltype=2&old=0,LA-2399,ຂໍ້ຕົກລົງວ່າດ້ວຍ ການຂຸດຄົ້ນວັດສະດຸກໍ່ສ້າງຕາມແມ່ນ້ຳ,ກະຊວງ ໂຍທາທິການ ແລະ ຂົນສົ່ງ,2025-06-23,2025-06-26,in_force,ປັດຈຸບັນ,subsidiary_legislation,false,,https://laoofficialgazette.gov.la/kcfinder/upload/files/ 14375.23.6.2025.pdf,,false,false,false,true,
2,Agreement,legaltype=2&old=0,LA-2396,ຂໍ້ຕົກລົງວ່າດ້ວຍ ການກຳນົດເຂດປະເມີນລາຄາທີ່ດິນ ແລະ ສີ່ງປຸກສ້າງທົ່ວແຂວງ ສະຫວັນນະເຂດ (ສະບັບປັບປຸງ),ແຂວງ ສະຫວັນນະເຂດ,2025-04-09,2025-06-24,in_force,ປັດຈຸບັນ,subsidiary_legislation,true,,https://laoofficialgazette.gov.la/kcfinder/upload/files/712. 9.4.2025.pdf,,false,false,false,true,
2,Agreement,legaltype=2&old=0,LA-2394,ຂໍ້ຕົກລົງວ່າດ້ວຍ ທຸລະກຳໂອນເງິນທີ່ມີມູນຄ່າເກີນກຳນົດ,ທະນາຄານແຫ່ງ ສປປ ລາວ,2025-06-16,2025-06-20,in_force,ປັດຈຸບັນ,subsidiary_legislation,false,,https://laoofficialgazette.gov.la/kcfinder/upload/files/ 490. 16.6.2025.pdf,,false,false,false,true,
2,Agreement,legaltype=2&old=0,LA-2393,"ຂໍ້ຕົກລົງວ່າດ້ວຍ ກອງທຶນຄວບຄຸມ, ສະກັດກັ້ນ ແລະ ຕ້ານຢາເສບຕິດ",ແຂວງ ຫຼວງນໍ້າທາ,2025-05-26,2025-06-20,in_force,ປັດຈຸບັນ,subsidiary_legislation,false,,"https://laoofficialgazette.gov.la/kcfinder/upload/files/588-ວ່າດ້ວຍການທຶນຄວບຄຸມ, ສະກັດກັ້ນ ແລະ ຕ້ານຢາເສບຕິດ. (1).pdf",,false,false,false,true,
2,Agreement,legaltype=2&old=0,LA-2392,ຂໍ້ຕົກລົງວ່າດ້ວຍ ກອງທຶນສົ່ງເສີມ ແລະ ພັດທະນາວຽກງານກິລາ-ກາຍະກຳ ແຂວງ ຫຼວງນ້ຳທາ (ສະບັບປັບປຸງ),ແຂວງ ຫຼວງນໍ້າທາ,2025-03-11,2025-06-20,in_force,ປັດຈຸບັນ,subsidiary_legislation,true,,https://laoofficialgazette.gov.la/kcfinder/upload/files/272-ວ່າດ້ວຍກອງທືນສົ່ງເສີມ ແລະ ພັດທະນາວຽກງານກິລາ-ກາຍະກຳ ແຂວງຫຼວງນ້ຳທາ (ສະບັບປັບປຸງ).pdf,,false,false,false,true,
2,Agreement,legaltype=2&old=0,LA-2391,ຂໍ້ຕົກລົງວ່າດ້ວຍ ທຸລະກຳເງິນສົດ ທີ່ມີມູນຄ່າເກີນກຳນົດ,ທະນາຄານແຫ່ງ ສປປ ລາວ,2025-06-02,2025-06-19,in_force,ປັດຈຸບັນ,subsidiary_legislation,false,,https://laoofficialgazette.gov.la/kcfinder/upload/files/ 448. 2.6.2025.pdf,,false,false,false,true,
2,Agreement,legaltype=2&old=0,LA-2385,ຂໍ້ຕົກລົງວ່າດ້ວຍ ການຈັດສັນຄວາມເປັນລະບຽບຮຽບຮ້ອຍໃນຕົວເມືອງ ພາຍໃນແຂວງ ຄຳມ່ວນ,ແຂວງ ຄຳມ່ວນ,2025-05-29,2025-06-11,in_force,ປັດຈຸບັນ,subsidiary_legislation,false,,https://laoofficialgazette.gov.la/kcfinder/upload/files/ 918. 29.5.2025.pdf,,false,false,false,true,
2,Agreement,legaltype=2&old=0,LA-2384,ຂໍ້ຕົກລົງວ່າດ້ວຍ ການຄຸ້ມຄອງຄູສອນ ແລະ ນັກຮຽນ ພາຍໃນແຂວງ ຄຳມ່ວນ,ແຂວງ ຄຳມ່ວນ,2025-05-29,2025-06-11,in_force,ປັດຈຸບັນ,subsidiary_legislation,false,,https://laoofficialgazette.gov.la/kcfinder/upload/files/ 916. 29.5.2025.pdf,,false,false,false,true,
2,Agreement,legaltype=2&old=0,LA-2376,ຂໍ້ຕົກລົງວ່າດ້ວຍ ການທ່ອງທ່ຽວໃນເຂດປ່າໄມ້,ກະຊວງ ກະສິກຳ ແລະ ສິ່ງແວດລ້ອມ,2025-06-03,2025-06-06,in_force,ປັດຈຸບັນ,subsidiary_legislation,false,,https://laoofficialgazette.gov.la/kcfinder/upload/files/1926 3.6.2025.pdf,,false,false,false,true,
2,Agreement,legaltype=2&old=0,LA-2373,"ຂໍ້ຕົກລົງວ່າດ້ວຍ ການສົ່ງເສີມຈຸນລະວິສາຫະກິດ, ວິສາຫະກິດຂະໜາດນ້ອຍ ແລະ ກາງ (ສະບັບປັບປຸງ)",ແຂວງ ສະຫວັນນະເຂດ,2025-04-09,2025-06-03,in_force,ປັດຈຸບັນ,subsidiary_legislation,true,,https://laoofficialgazette.gov.la/kcfinder/upload/files/709 9.4.2025.pdf,,false,false,false,true,
2,Agreement,legaltype=2&old=0,LA-2372,ຂໍ້ຕົກລົງວ່າດ້ວຍ ການຄຸ້ມຄອງ ແລະ ນຳໃຊ້ ທີ່ດິນວັດທະນະທຳ ພາຍໃນແຂວງ ສະຫວັນນະເຂດ,ແຂວງ ສະຫວັນນະເຂດ,2025-05-08,2025-06-03,in_force,ປັດຈຸບັນ,subsidiary_legislation,false,,https://laoofficialgazette.gov.la/kcfinder/upload/files/833 8.5.2025.pdf,,false,false,false,true,
2,Agreement,legaltype=2&old=0,LA-2371,ຂໍ້ຕົກລົງວ່າດ້ວຍ ການເພີ່ມທຶນຈົດທະບຽນ ແລະ ເງິນລົງທຶນຂອງທະນາຄານທຸລະກິດ ແລະ ສາຂາທະນາຄານທຸລະກິດຕ່າງປະເທດ,ທະນາຄານແຫ່ງ ສປປ ລາວ,2025-04-11,2025-06-02,in_force,ປັດຈຸບັນ,subsidiary_legislation,false,,https://laoofficialgazette.gov.la/kcfinder/upload/files/45.02.06.2025.pdf,,false,false,true,true,
2,Agreement,legaltype=2&old=0,LA-2368,ຂໍ້ຕົກລົງວ່າດ້ວຍ ການກວດສອບ ແລະ ຢັ້ງຢືນຄຸນນະພາບຜະລິດຕະພັນວັດຖຸມີຄ່າ,ກະຊວງ ອຸດສາຫະກຳ ແລະ ການຄ້າ,2025-05-22,2025-05-28,in_force,ປັດຈຸບັນ,subsidiary_legislation,false,,https://laoofficialgazette.gov.la/kcfinder/upload/files/0888.22.5.2025.pdf,,false,false,false,true,
2,Agreement,legaltype=2&old=0,LA-2364,ຂໍ້ຕົກລົງວ່າດ້ວຍ ເຄື່ອງໝາຍການຄ້າ,ກະຊວງ ອຸດສາຫະກຳ ແລະ ການຄ້າ,2025-05-20,2025-05-28,in_force,ປັດຈຸບັນ,subsidiary_legislation,false,,https://laoofficialgazette.gov.la/kcfinder/upload/files/0874.20.5.2025.pdf,,false,false,false,true,
2,Agreement,legaltype=2&old=0,LA-2363,ຂໍ້ຕົກລົງວ່າດ້ວຍ ການກວດສອບ ແລະ ຢັ້ງຢືນຄຸນນະພາບນ້ຳມັນເຊື້ອໄຟ,ກະຊວງ ອຸດສາຫະກຳ ແລະ ການຄ້າ,2025-04-25,2025-05-07,in_force,ປັດຈຸບັນ,subsidiary_legislation,false,,https://laoofficialgazette.gov.la/kcfinder/upload/files/0723.pdf,,false,false,false,true,
2,Agreement,legaltype=2&old=0,LA-2361,ຂໍ້ຕົກລົງວ່າດ້ວຍ ກິດຈະການບໍລິການຊື້-ຂາຍຄຳ ຜ່ານທາງເອເລັກໂຕຣນິກ,ກະຊວງ ອຸດສາຫະກຳ ແລະ ການຄ້າ,2025-04-22,2025-04-29,in_force,ປັດຈຸບັນ,subsidiary_legislation,false,,https://laoofficialgazette.gov.la/kcfinder/upload/files/ຂຕລ 0666 ວ່າດ້ວຍກິດຈະການບໍລິການຊື້-ຂາຍຄຳ ຜ່ານທາງເອເລັກໂຕຣນິກ.pdf,,false,false,true,true,
2,Agreement,legaltype=2&old=0,LA-2362,ຂໍ້ຕົກລົງວ່າດ້ວຍ ການຊຳລະເງິນ ຊື້ ຂາຍ ສິດນຳໃຊ້ທີ່ດິນ ຜ່ານລະບົບທະນາຄານ,ກະຊວງ ກະສິກຳ ແລະ ສິ່ງແວດລ້ອມ,2025-04-10,2025-04-29,in_force,ປັດຈຸບັນ,subsidiary_legislation,false,,https://laoofficialgazette.gov.la/kcfinder/upload/files/0506.pdf,,false,false,true,true,
2,Agreement,legaltype=2&old=0,LA-2360,ຂໍ້ຕົກລົງວ່າດ້ວຍ ການປັບປຸງມາດຕາ 10 ຂອງຂໍ້ຕົກລົງວ່າດ້ວຍ ການຄຸ້ມຄອງບັນຊີເງິນຝາກເງິນຕາຕ່າງປະເທດ ຢູ່ ສປປລາວ,ທະນາຄານແຫ່ງ ສປປ ລາວ,2025-04-03,2025-04-25,in_force,ປັດຈຸບັນ,amending_act,false,,https://laoofficialgazette.gov.la/kcfinder/upload/files/288.pdf,,false,false,true,true,
2,Agreement,legaltype=2&old=0,LA-2359,"ຂໍ້ຕົກລົງວ່າດ້ວຍ ໄມ້ ແລະ ຜະລິດຕະພັນໄມ້ ທີ່ຖືກ ຍຶດ, ອາຍັດ ແລະ ຮິບ ເປັນຂອງລັດ",ກະຊວງ ກະສິກຳ ແລະ ສິ່ງແວດລ້ອມ,2025-04-03,2025-04-21,in_force,ປັດຈຸບັນ,subsidiary_legislation,false,,https://laoofficialgazette.gov.la/kcfinder/upload/files/1406.pdf,,false,false,false,true,
2,Agreement,legaltype=2&old=0,LA-2355,ຂໍ້ຕົກລົງວ່າດ້ວຍ ມາດຕະການທາງບໍລິຫານ ຕໍ່ຜູ້ລະເມີດກົດໝາຍ ແລະ ລະບຽບການ ກ່ຽວກັບວຽກງານຕ້ານ ການຟອກເງິນ ແລະ ການສະໜອງທຶນໃຫ້ແກ່ການກໍ່ການຮ້າຍ ສຳລັບຂະແໜງຄຸ້ມຄອງການບັນຊີ,ກະຊວງ ການເງິນ,2024-11-08,2025-04-04,in_force,ປັດຈຸບັນ,subsidiary_legislation,false,,https://laoofficialgazette.gov.la/kcfinder/upload/files/4064.ກງ.pdf,,false,false,true,true,
2,Agreement,legaltype=2&old=0,LA-2354,ຂໍ້ຕົກລົງວ່າດ້ວຍ ການຄຸ້ມຄອງເສົາຫຼັກເມືອງ ແລະ ອະນຸສາວະລີອົງແກ້ວ,ແຂວງ ເຊກອງ,2025-03-19,2025-03-31,in_force,ປັດຈຸບັນ,subsidiary_legislation,false,,https://laoofficialgazette.gov.la/kcfinder/upload/files/41.pdf,,false,false,false,true,
2,Agreement,legaltype=2&old=0,LA-2351,ຂໍ້ຕົກລົງວ່າດ້ວຍ ກອງທຶນຄຸ້ມຄອງໄພພິບັດ ນະຄອນຫຼວງວຽງຈັນ,ນະ​ຄອນ​ຫຼວງວຽງຈັນ,2025-03-14,2025-03-20,in_force,ປັດຈຸບັນ,subsidiary_legislation,false,,https://laoofficialgazette.gov.la/kcfinder/upload/files/260.pdf,,false,false,false,true,
2,Agreement,legaltype=2&old=0,LA-2340,ຂໍ້ຕົກລົງວ່າດ້ວຍ ການຄຸ້ມຄອງບັນຊີເງິນຝາກເງິນຕາຕ່າງປະເທດ ຢູ່ ສປປລາວ,ທະນາຄານແຫ່ງ ສປປ ລາວ,2025-02-19,2025-02-27,in_force,ປັດຈຸບັນ,subsidiary_legislation,false,,https://laoofficialgazette.gov.la/kcfinder/upload/files/155.pdf,,false,false,true,true,
2,Agreement,legaltype=2&old=0,LA-2337,ຂໍ້ຕົກລົງວ່າດ້ວຍ ເນື້ອໃນການໂຄສະນາສິນຄ້າ,ກະຊວງ ອຸດສາຫະກຳ ແລະ ການຄ້າ,2025-02-20,2025-02-26,in_force,ປັດຈຸບັນ,subsidiary_legislation,false,,https://laoofficialgazette.gov.la/kcfinder/upload/files/0285.pdf,,false,false,false,true,
2,Agreement,legaltype=2&old=0,LA-2335,ຂໍ້ຕົກລົງວ່າດ້ວຍ ມາດຕະຖານລາວຄິວອາ ເພື່ອການຊຳລະ,ທະນາຄານແຫ່ງ ສປປ ລາວ,2025-02-04,2025-02-18,in_force,ປັດຈຸບັນ,subsidiary_legislation,false,,https://laoofficialgazette.gov.la/kcfinder/upload/files/96.pdf,,false,false,true,true,
2,Agreement,legaltype=2&old=0,LA-2334,ຂໍ້ຕົກລົງວ່າດ້ວຍ ການຄຸ້ມຄອງວຽກງານຂໍ້ມູນຂ່າວສານສິນເຊື່ອ,ທະນາຄານແຫ່ງ ສປປ ລາວ,2025-02-07,2025-02-18,in_force,ປັດຈຸບັນ,subsidiary_legislation,false,,https://laoofficialgazette.gov.la/kcfinder/upload/files/115.pdf,,false,false,true,true,
2,Agreement,legaltype=2&old=0,LA-2333,ຂໍ້ຕົກລົງວ່າດ້ວຍ ການຄຸ້ມຄອງໂຮງງານຜະລິດອາຫານສັດ,ກະຊວງ ກະສິກຳ ແລະ ສິ່ງແວດລ້ອມ,2025-01-22,2025-02-14,in_force,ປັດຈຸບັນ,subsidiary_legislation,false,,https://laoofficialgazette.gov.la/kcfinder/upload/files/0675.2212025.pdf,,false,false,false,true,
2,Agreement,legaltype=2&old=0,LA-2327,ຂໍ້ຕົກລົງວ່າດ້ວຍ ການນຳໃຊ້ເງິນຕາຕ່າງປະເທດ ຢູ່ ສປປ ລາວ,ທະນາຄານແຫ່ງ ສປປ ລາວ,2025-01-03,2025-01-21,in_force,ປັດຈຸບັນ,subsidiary_legislation,false,,https://laoofficialgazette.gov.la/kcfinder/upload/files/11 .3.1.2025.pdf,,false,false,true,true,
2,Agreement,legaltype=2&old=0,LA-2325,"ຂໍ້ຕົກລົງເພີ້ມເຕີມວ່າດ້ວຍ ການປັບປຸງບາງມາດຕາຂອງ ຂໍ້ຕົກລົງວ່າດ້ວຍ ກຳນົດໝາຍການໃຊ້ຈ່າຍງົບປະມານຂອງລັດ, ການປະຢັດ ແລະ ຕ້ານການຟູມເຟືອຍ ສະບັບເລກທີ 0200/ກງ",ກະຊວງ ການເງິນ,2025-01-03,2025-01-10,in_force,ປັດຈຸບັນ,amending_act,false,,https://laoofficialgazette.gov.la/kcfinder/upload/files/0012.pdf,,false,false,false,true,
2,Agreement,legaltype=2&old=0,LA-2321,ຂໍ້ຕົກລົງວ່າດ້ວຍ ການຄຸ້ມຄອງການໃຫ້ບໍລິການທຸລະກຳເງິນຕາຂ້າມສະກຸນ,ທະນາຄານແຫ່ງ ສປປ ລາວ,2024-12-16,2025-01-03,in_force,ປັດຈຸບັນ,subsidiary_legislation,false,,https://laoofficialgazette.gov.la/kcfinder/upload/files/1315.pdf,,false,false,true,true,
2,Agreement,legaltype=2&old=0,LA-2320,ຂໍ້ຕົກລົງວ່າດ້ວຍ ການຈັດຊັ້ນ ແລະ ຫັກເງິນແຮ ຄ່າເຊົ່າສິນເຊື່ອຂອງບໍລິສັດເຊົ່າສິນເຊື່ອ,ທະນາຄານແຫ່ງ ສປປ ລາວ,2024-12-11,2025-01-03,in_force,ປັດຈຸບັນ,subsidiary_legislation,false,,https://laoofficialgazette.gov.la/kcfinder/upload/files/1304.pdf,,false,false,false,true,
2,Agreement,legaltype=2&old=0,LA-2319,ຂໍ້ຕົກລົງວ່າດ້ວຍ ເຂດສະຫງວນນຳ້ ແລະ ຊັບພະຍາກອນນຳ້,ກະຊວງ ກະສິກຳ ແລະ ສິ່ງແວດລ້ອມ,2024-10-24,2024-12-30,in_force,ປັດຈຸບັນ,subsidiary_legislation,false,,https://laoofficialgazette.gov.la/kcfinder/upload/files/2907-30-12-2024 1.pdf,,false,false,false,true,
2,Agreement,legaltype=2&old=0,LA-2314,ຂໍ້ຕົກລົງວ່າດ້ວຍ ການປະກັນໄພລົດແບບບັງຄັບ,ກະຊວງ ການເງິນ,2024-08-22,2024-12-18,in_force,ປັດຈຸບັນ,subsidiary_legislation,false,,https://laoofficialgazette.gov.la/kcfinder/upload/files/2980-18-12-2024.pdf,,false,false,true,true,
2,Agreement,legaltype=2&old=0,LA-2309,ຂໍ້ຕົກລົງ ວ່າດ້ວຍຜູ້ຕາງໜ້າບໍລິການຈົດທະບຽນຊັບສິນທາງປັນຍາ,ກະຊວງ ອຸດສາຫະກຳ ແລະ ການຄ້າ,2024-12-09,2024-12-16,in_force,ປັດຈຸບັນ,subsidiary_legislation,false,,https://laoofficialgazette.gov.la/kcfinder/upload/files/2482 ຂໍ້ຕົກລົງ ວ່າດ້ວຍຜູ້ຕາງໜ້າບໍລິການຈົດທະບຽນຊັບສິນທາງປັນຍາ-9-12-2024.pdf,,false,false,true,true,
2,Agreement,legaltype=2&old=0,LA-2305,ຂໍ້ຕົກລົງ ວ່າດ້ວຍການເຄື່ອນໄຫວທຸລະກິດຂອງທະນາຄານຄຳ,ທະນາຄານແຫ່ງ ສປປ ລາວ,2024-11-29,2024-12-12,in_force,ປັດຈຸບັນ,subsidiary_legislation,false,,https://laoofficialgazette.gov.la/kcfinder/upload/files/ຂໍ້ຕົກລົງ ວ່າດ້ວຍການເຄື່ອນໄຫວທຸລະກິດຂອງທະນາຄານຄຳ 1277-12-12-2024.pdf,,false,false,true,true,
2,Agreement,legaltype=2&old=0,LA-2303,ຂໍ້ຕົກລົງວ່າດ້ວຍ ກອງທຶນຄຸ້ມຄອງໄພພິບັດແຂວງ,ແຂວງ ບໍລິຄຳໄຊ,2024-09-06,2024-12-11,in_force,ປັດຈຸບັນ,subsidiary_legislation,false,,https://laoofficialgazette.gov.la/kcfinder/upload/files/601.pdf,,false,false,false,true,
2,Agreement,legaltype=2&old=0,LA-2300,ຂໍ້ຕົກລົງວ່າດ້ວຍການປັບປຸງບາງມາດຕາຂອງ ຂໍ້ຕົກລົງ ວ່າດ້ວຍການຄຸ້ມຄອງວິຊາຊີບ ຂອງສະຖາປະນິກ ແລະ ວິສະວະກອນໂຍທາ,ກະຊວງ ໂຍທາທິການ ແລະ ຂົນສົ່ງ,2024-11-26,2024-12-09,in_force,ປັດຈຸບັນ,amending_act,false,,https://laoofficialgazette.gov.la/kcfinder/upload/files/34023.pdf,,false,false,false,true,
2,Agreement,legaltype=2&old=0,LA-2298,"ຂໍ້ຕົກລົງວ່າດ້ວຍ ການຄຸ້ມຄອງການປຸງແຕ່ງ, ຜະລິດ, ນຳໃຊ້ ຜະລິດຕະພັນຊີວະພາບ, ຢີນ ແລະ ສະເຕັມເຊວ",ກະຊວງ ສາທາລະນະສຸກ,2024-11-22,2024-12-04,in_force,ປັດຈຸບັນ,subsidiary_legislation,false,,https://laoofficialgazette.gov.la/kcfinder/upload/files/3730 04.12.2024 .pdf,,false,false,false,true,
2,Agreement,legaltype=2&old=0,LA-2296,ຂໍ້ຕົກລົງ ວ່າດ້ວຍເຂດສະຫງວນຂອງ ວົງວຽນ ແລະ ທາງຫຼວງຢູ່ເຂດພູດອຍທີ່ມີພື້ນທີ່ສູງຊັນ,ກະຊວງ ໂຍທາທິການ ແລະ ຂົນສົ່ງ,2024-11-19,2024-11-26,in_force,ປັດຈຸບັນ,subsidiary_legislation,false,,https://laoofficialgazette.gov.la/kcfinder/upload/files/32963.pdf,,false,false,false,true,
2,Agreement,legaltype=2&old=0,LA-2294,ຂໍ້ຕົກລົງວ່າດ້ວຍ ບໍລິສັດຄ້ຳປະກັນສິນເຊື່ອ,ທະນາຄານແຫ່ງ ສປປ ລາວ,2024-10-31,2024-11-12,in_force,ປັດຈຸບັນ,subsidiary_legislation,false,,https://laoofficialgazette.gov.la/kcfinder/upload/files/1179.12.11.2024.pdf,,false,false,false,true,
2,Agreement,legaltype=2&old=0,LA-2293,ຂໍ້ຕົກລົງວ່າດ້ວຍ ການກຳນົດລາຄາຫົວໜ່ວຍທົດແທນ ຕໍ່ຊັບສິນທີ່ໄດ້ຮັບຜົນກະທົບຈາກໂຄງການປັບປຸງ ແລະ ສ້ອມແປງທາງຫຼວງແຫ່ງຊາດ ເລກທີ 13 ໃຕ້ (ກມ 21 ຫາ ກມ 71) ເຂດບ້ານ ໂຄກສີວິໄລ ເມືອງ ໄຊທານີ ຫາ ບ້ານ ສົມສະຫວາດ ເມືອງ ປາກງື່ມ ນະຄອນຫຼວງວຽງຈັນ (ກມ 21 ຫາ ກມ 66),ນະ​ຄອນ​ຫຼວງວຽງຈັນ,2024-10-11,2024-10-31,in_force,ປັດຈຸບັນ,subsidiary_legislation,false,,https://laoofficialgazette.gov.la/kcfinder/upload/files/977.pdf,,false,false,false,true,
2,Agreement,legaltype=2&old=0,LA-2292,"ຂໍ້ຕົກລົງວ່າດ້ວຍ ການຂື້ນທະບຽນ, ສອບທຽບ ແລະ ກວດຄືນໝໍ້ນັບໄຟຟ້າ",ກະຊວງ ອຸດສາຫະກຳ ແລະ ການຄ້າ,2024-10-29,2024-10-31,in_force,ປັດຈຸບັນ,subsidiary_legislation,false,,https://laoofficialgazette.gov.la/kcfinder/upload/files/2136.pdf,,false,false,true,true,
2,Agreement,legaltype=2&old=0,LA-2291,ຂໍ້ຕົກລົງວ່າດ້ວຍ ຂະບວນການປະເມີນຄວາມພຽງພໍຂອງທຶນ ພາຍໃນທະນາຄານທຸລະກິດ,ທະນາຄານແຫ່ງ ສປປ ລາວ,2024-10-18,2024-10-25,in_force,ປັດຈຸບັນ,subsidiary_legislation,false,,https://laoofficialgazette.gov.la/kcfinder/upload/files/1115.pdf,,false,false,true,true,
2,Agreement,legaltype=2&old=0,LA-2290,ຂໍ້ຕົກລົງວ່າດ້ວຍ ການຄຸ້ມຄອງໂຮງງານຜະລິດຖ່ານ ແລະ ເຕົາເຜົາຖ່ານ,ກະຊວງ ກະສິກຳ ແລະ ສິ່ງແວດລ້ອມ,2024-10-09,2024-10-21,in_force,ປັດຈຸບັນ,subsidiary_legislation,false,,https://laoofficialgazette.gov.la/kcfinder/upload/files/4847new.pdf,,false,false,false,true,
2,Agreement,legaltype=2&old=0,LA-2289,ຂໍ້ຕົກລົງວ່າດ້ວຍ ມາດຕະຖານຄວາມປອດໄພຂອງເຄື່ອງຝາກ ແລະ ຄວາມໄວຂອງການບໍລິການໄປສະນີ,ກະຊວງ ເຕັກໂນໂລຊີ ແລະ ການສື່ສານ,2024-09-24,2024-10-16,in_force,ປັດຈຸບັນ,subsidiary_legislation,false,,https://laoofficialgazette.gov.la/kcfinder/upload/files/3775.pdf,,false,false,true,true,
2,Agreement,legaltype=2&old=0,LA-2285,ຂໍ້ຕົກລົງວ່າດ້ວຍ ການຄຸ້ມຄອງລາຍຮັບເງິນຕາຕ່າງປະເທດ ຈາກການສົ່ງອອກສິນຄ້າ ແລະ ການບໍລິການ,ທະນາຄານແຫ່ງ ສປປ ລາວ,2024-03-07,2024-10-15,in_force,ປັດຈຸບັນ,subsidiary_legislation,false,,https://laoofficialgazette.gov.la/kcfinder/upload/files/333.pdf,,false,false,true,true,
2,Agreement,legaltype=2&old=0,LA-2286,ຂໍ້ຕົກລົງວ່າດ້ວຍ ການກຳນົດເຂດສະຫງວນນ້ຳ ແລະ ຊັບພະຍາກອນນ້ຳ ຢູ່ແຂວງ ອຸດົມໄຊ,ແຂວງ ອຸດົມໄຊ,2024-09-12,2024-10-15,in_force,ປັດຈຸບັນ,subsidiary_legislation,false,,https://laoofficialgazette.gov.la/kcfinder/upload/files/1281.pdf,,false,false,false,true,
2,Agreement,legaltype=2&old=0,LA-2287,ຂໍ້ຕົກລົງວ່າດ້ວຍ ການດຳເນີນທຸລະກິດ ບໍລິການດ້ານເຕັກໂນໂລຊີການສື່ສານ ຂໍ້ມູນ ຂ່າວສານ ຢູ່ແຂວງ ອຸດົມໄຊ,ແຂວງ ອຸດົມໄຊ,2024-09-12,2024-10-15,in_force,ປັດຈຸບັນ,subsidiary_legislation,false,,https://laoofficialgazette.gov.la/kcfinder/upload/files/1282.pdf,,false,false,true,true,
2,Agreement,legaltype=2&old=0,LA-2288,"ຂໍ້ຕົກລົງວ່າດ້ວຍ ການຄຸ້ມຄອງ ການບໍລິການ, ການກໍ່ສ້າງ ແລະ ຕິດຕັ້ງໄຟຟ້າ ພາຍໃນແຂວງ ອຸດົມໄຊ",ແຂວງ ອຸດົມໄຊ,2024-09-12,2024-10-15,in_force,ປັດຈຸບັນ,subsidiary_legislation,false,,https://laoofficialgazette.gov.la/kcfinder/upload/files/1283.pdf,,false,false,false,true,
2,Agreement,legaltype=2&old=0,LA-2278,ຂໍ້ຕົກລົງວ່າດ້ວຍ ກົດຄວບຄຸມອາຄານ,ກະຊວງ ໂຍທາທິການ ແລະ ຂົນສົ່ງ,2024-09-13,2024-10-09,in_force,ປັດຈຸບັນ,subsidiary_legislation,false,,https://laoofficialgazette.gov.la/kcfinder/upload/files/25207 8.10.2024.pdf,,false,false,false,true,
2,Agreement,legaltype=2&old=0,LA-2279,ຂໍ້ຕົກລົງວ່າດ້ວຍ ການປະມູນເລກປ້າຍທະບຽນຍານພາຫະນະທາງບົກ,ກະຊວງ ໂຍທາທິການ ແລະ ຂົນສົ່ງ,2024-09-20,2024-10-09,in_force,ປັດຈຸບັນ,subsidiary_legislation,false,,https://laoofficialgazette.gov.la/kcfinder/upload/files/25674.pdf,,false,false,true,true,
2,Agreement,legaltype=2&old=0,LA-2280,ຂໍ້ຕົກລົງວ່າດ້ວຍ ການຄຸ້ມຄອງໃບຂັບຂີ່ຍານພາຫະນະຂົນສົ່ງທາງບົກ,ກະຊວງ ໂຍທາທິການ ແລະ ຂົນສົ່ງ,2024-09-20,2024-10-09,in_force,ປັດຈຸບັນ,subsidiary_legislation,false,,https://laoofficialgazette.gov.la/kcfinder/upload/files/25675.pdf,,false,false,false,true,
2,Agreement,legaltype=2&old=0,LA-2281,ຂໍ້ຕົກລົງວ່າດ້ວຍ ການຄຸ້ມຄອງໂຮງງານຜະລິດຢາສັດຕະວະແພດ,ກະຊວງ ກະສິກຳ ແລະ ສິ່ງແວດລ້ອມ,2024-10-02,2024-10-09,in_force,ປັດຈຸບັນ,subsidiary_legislation,false,,https://laoofficialgazette.gov.la/kcfinder/upload/files/4848.pdf,,false,false,false,true,
2,Agreement,legaltype=2&old=0,LA-2282,ຂໍ້ຕົກລົງວ່າດ້ວຍ ໜ່ວຍງານຄຸ້ມຄອງສິ່ງແວດລ້ອມ ແລະ ຄວາມປອດໄພປະຈຳໂຮງງານ,ກະຊວງ ອຸດສາຫະກຳ ແລະ ການຄ້າ,2024-10-07,2024-10-09,in_force,ປັດຈຸບັນ,subsidiary_legislation,false,,https://laoofficialgazette.gov.la/kcfinder/upload/files/1932.pdf,,false,false,false,true,
2,Agreement,legaltype=2&old=0,LA-2277,ຂໍ້ຕົກລົງວ່າດ້ວຍ ສະຫຼາກສີຂຽວ,ກະຊວງ ອຸດສາຫະກຳ ແລະ ການຄ້າ,2024-10-01,2024-10-04,in_force,ປັດຈຸບັນ,subsidiary_legislation,false,,https://laoofficialgazette.gov.la/kcfinder/upload/files/1888.pdf,,false,false,false,true,
2,Agreement,legaltype=2&old=0,LA-2274,ຂໍ້ຕົກລົງວ່າດ້ວຍ ການຄຸ້ມຄອງກອງທຶນໄພພິບັດແຂວງ ສະຫວັນນະເຂດ,ແຂວງ ສະຫວັນນະເຂດ,2024-09-03,2024-09-24,in_force,ປັດຈຸບັນ,subsidiary_legislation,false,,https://laoofficialgazette.gov.la/kcfinder/upload/files/3159.pdf,,false,false,false,true,
2,Agreement,legaltype=2&old=0,LA-2272,ຂໍ້ຕົກລົງວ່າດ້ວຍ ການຄຸ້ມຄອງກາກບອນປ່າໄມ້,ກະຊວງ ກະສິກຳ ແລະ ສິ່ງແວດລ້ອມ,2024-09-06,2024-09-23,in_force,ປັດຈຸບັນ,subsidiary_legislation,false,,https://laoofficialgazette.gov.la/kcfinder/upload/files/4565.pdf,,false,false,false,true,
2,Agreement,legaltype=2&old=0,LA-2271,ຂໍ້ຕົກລົງວ່າດ້ວຍ ການຄຸ້ມຄອງ ແລະ ນຳໃຊ້ທີ່ດິນກະສິກຳ ຢູ່ແຂວງ ສະຫວັນນະເຂດ,ແຂວງ ສະຫວັນນະເຂດ,2024-09-03,2024-09-17,in_force,ປັດຈຸບັນ,subsidiary_legislation,false,,https://laoofficialgazette.gov.la/kcfinder/upload/files/3158.pdf,,false,false,false,true,
2,Agreement,legaltype=2&old=0,LA-2269,ຂໍ້ຕົກລົງວ່າດ້ວຍ ການຄຸ້ມຄອງຄວາມປອດໄພດ້ານຄວາມແຮງທົ່ງແມ່ເຫຼັກໄຟຟ້າ ຂອງສະຖານີຮັບສົ່ງສັນຍານໂທລະສັບເຄື່ອນທີ່,ກະຊວງ ເຕັກໂນໂລຊີ ແລະ ການສື່ສານ,2024-09-02,2024-09-09,in_force,ປັດຈຸບັນ,subsidiary_legislation,false,,https://laoofficialgazette.gov.la/kcfinder/upload/files/3560.pdf,,false,false,false,true,
2,Agreement,legaltype=2&old=0,LA-2268,ຂໍ້ຕົກລົງວ່າດ້ວຍ ການສຳຫຼວດປ່າໄມ້,ກະຊວງ ກະສິກຳ ແລະ ສິ່ງແວດລ້ອມ,2024-08-16,2024-08-29,in_force,ປັດຈຸບັນ,subsidiary_legislation,false,,https://laoofficialgazette.gov.la/kcfinder/upload/files/4359.16.8.2024.pdf,,false,false,false,true,
2,Agreement,legaltype=2&old=0,LA-2267,ຂໍ້ຕົກລົງວ່າດ້ວຍ ກາໝາຍຄຸນນະພາບ ຜະລິດຕະພັນສັດ ແລະ ສັດນ້ຳ,ກະຊວງ ກະສິກຳ ແລະ ສິ່ງແວດລ້ອມ,2024-07-19,2024-08-29,in_force,ປັດຈຸບັນ,subsidiary_legislation,false,,https://laoofficialgazette.gov.la/kcfinder/upload/files/3807.19.7.2024.pdf,,false,false,false,true,
2,Agreement,legaltype=2&old=0,LA-2266,ຂໍ້ຕົກລົງວ່າດ້ວຍ ການຄຸ້ມຄອງວຽກງານຈົດໝາຍເຫດທາງລັດຖະການ,ກະຊວງ ຍຸຕິທຳ,2024-08-23,2024-08-23,in_force,ປັດຈຸບັນ,subsidiary_legislation,false,,https://laoofficialgazette.gov.la/kcfinder/upload/files/1251.pdf,,false,false,false,true,
2,Agreement,legaltype=2&old=0,LA-2263,"ຂໍຕົກລົງ ວ່າດ້ວຍການຂຶ້ນທະບຽນ, ສອບທຽບ ແລະ ກວດຄືນຫົວຈ່າຍຢູ່ໃນສາງ ແລະ ປ້ຳນ້ຳມັນເຊື້ອໄຟ",ກະຊວງ ອຸດສາຫະກຳ ແລະ ການຄ້າ,2024-08-05,2024-08-07,in_force,ປັດຈຸບັນ,subsidiary_legislation,false,,https://laoofficialgazette.gov.la/kcfinder/upload/files/1397-5-8-2024.pdf,,false,false,true,true,
2,Agreement,legaltype=2&old=0,LA-2259,ຂໍ້ຕົກລົງວ່າດ້ວຍ ລະບົບຂໍ້ມູນ ຂ່າວສານທີ່ດິນ,ກະຊວງ ກະສິກຳ ແລະ ສິ່ງແວດລ້ອມ,2024-06-27,2024-07-16,in_force,ປັດຈຸບັນ,subsidiary_legislation,false,,https://laoofficialgazette.gov.la/kcfinder/upload/files/1183.pdf,,false,false,true,true,
2,Agreement,legaltype=2&old=0,LA-2260,ຂໍ້ຕົກລົງວ່າດ້ວຍ ການຫັນປ່ຽນປະເພດທີ່ດິນ,ກະຊວງ ກະສິກຳ ແລະ ສິ່ງແວດລ້ອມ,2024-06-18,2024-07-16,in_force,ປັດຈຸບັນ,subsidiary_legislation,false,,https://laoofficialgazette.gov.la/kcfinder/upload/files/1095.pdf,,false,false,false,true,
2,Agreement,legaltype=2&old=0,LA-2261,ຂໍ້ຕົກລົງວ່າດ້ວຍ ລະບົບຂໍ້ມູນ ຂ່າວສານນ້ຳ ແລະ ຊັບພະຍາກອນນ້ຳ,ກະຊວງ ກະສິກຳ ແລະ ສິ່ງແວດລ້ອມ,2024-06-27,2024-07-16,in_force,ປັດຈຸບັນ,subsidiary_legislation,false,,https://laoofficialgazette.gov.la/kcfinder/upload/files/1182.pdf,,false,false,true,true,
2,Agreement,legaltype=2&old=0,LA-2251,ຂໍ້ຕົກລົງວ່າດ້ວຍ ການຄຸ້ມຄອງການຈັດງານ ແລະ ບຸນປະເພນີພາຍໃນແຂວງ ຫຼວງນ້ຳທາ,ແຂວງ ຫຼວງນໍ້າທາ,2024-04-02,2024-06-17,in_force,ປັດຈຸບັນ,subsidiary_legislation,false,,https://laoofficialgazette.gov.la/kcfinder/upload/files/0351-VS-ວ່າດ້ວຍການຄຸ້ມຄອງການຈັດງານ ແລະ ບຸນປະເພນີພາຍໃນແຂວງຫຼວງນ້ຳທາ.pdf,,false,false,false,true,
2,Agreement,legaltype=2&old=0,LA-2246,ຂໍ້ຕົກລົງວ່າດ້ວຍ ການປະຢັດ ແລະ ຕ້ານການຟູມເຟືອຍ ຕໍ່ການນຳໃຊ້ງົບປະມານ ແລະ ຊັບສິນຂອງລັດ,ກະຊວງ ກະສິກຳ ແລະ ສິ່ງແວດລ້ອມ,2024-05-31,2024-06-07,in_force,ປັດຈຸບັນ,subsidiary_legislation,false,,https://laoofficialgazette.gov.la/kcfinder/upload/files/ 2887. 31.5.2024.pdf,,false,false,false,true,
2,Agreement,legaltype=2&old=0,LA-2247,"ຂໍ້ຕົກລົງວ່າດ້ວຍ ການບັນຈຸ, ການຫຸ້ມຫໍ່, ການພິມຄຳເຕືອນສຸຂະພາບ ແລະ ສະຫຼາກ ຜະລິດຕະພັນຢາສູບແບບອຸດສາຫະກຳ",ກະຊວງ ສາທາລະນະສຸກ,2024-05-13,2024-06-07,in_force,ປັດຈຸບັນ,subsidiary_legislation,false,,https://laoofficialgazette.gov.la/kcfinder/upload/files/1090 13.5.2024.pdf,,false,false,false,true,
2,Agreement,legaltype=2&old=0,LA-2243,ຂໍ້ຕົກລົງວ່າດ້ວຍ ການຢັ້ງຢືນຄວາມຖຶກຕ້ອງຂອງສັນຍາ ແລະ ເອກະສານ,ແຂວງ ຄຳມ່ວນ,2024-05-06,2024-05-30,in_force,ປັດຈຸບັນ,subsidiary_legislation,false,,https://laoofficialgazette.gov.la/kcfinder/upload/files/774 6.5.2024.pdf,,false,false,false,true,
2,Agreement,legaltype=2&old=0,LA-2242,ຂໍ້ຕົກລົງວ່າດ້ວຍ ການຄຸ້ມຄອງເຂດສະຫງວນທາງຫຼວງ,ແຂວງ ຄຳມ່ວນ,2024-04-24,2024-05-29,in_force,ປັດຈຸບັນ,subsidiary_legislation,false,,https://laoofficialgazette.gov.la/kcfinder/upload/files/683.24.4.2024.pdf,,false,false,false,true,
2,Agreement,legaltype=2&old=0,LA-2241,ຂໍ້ຕົກລົງວ່າດ້ວຍ ການຄຸ້ມຄອງແຫຼ່ງກຳເນີດລັງສີ,ກະຊວງ ສຶກສາທິການ ແລະ ກິລາ,2024-04-26,2024-05-22,in_force,ປັດຈຸບັນ,subsidiary_legislation,false,,https://laoofficialgazette.gov.la/kcfinder/upload/files/1958.pdf,,false,false,false,true,
2,Agreement,legaltype=2&old=0,LA-2239,ຂໍ້ຕົກລົງວ່າດ້ວຍ ລາຍການສິນຄ້າທີ່ຕ້ອງຂໍການຢັ້ງຢືນຄວາມສອດຄ່ອງທາງດ້ານລະບຽບການສຸຂານາໄມ ແລະ ສຸຂານາໄມພຶດ (Sanitary and Phytosanitary-SPS) ກ່ອນການນຳເຂົ້າ ແລະ ການສົ່ງອອກ,ກະຊວງ ອຸດສາຫະກຳ ແລະ ການຄ້າ,2024-05-15,2024-05-20,in_force,ປັດຈຸບັນ,subsidiary_legislation,false,,https://laoofficialgazette.gov.la/kcfinder/upload/files/0781.pdf,,false,false,false,true,
2,Agreement,legaltype=2&old=0,LA-2240,ຂໍ້ຕົກລົງວ່າດ້ວຍ ລາຍການສິນຄ້າທີ່ຕ້ອງຂໍການຢັ້ງຢືນຄວາມສອດຄ່ອງທາງດ້ານລະບຽບການເຕັກນິກຕໍ່ການຄ້າ (Technical Barriers to Trade-TBT) ກ່ອນການນຳເຂົ້າ ແລະ ການສົ່ງອອກ,ກະຊວງ ອຸດສາຫະກຳ ແລະ ການຄ້າ,2024-05-15,2024-05-20,in_force,ປັດຈຸບັນ,subsidiary_legislation,false,,https://laoofficialgazette.gov.la/kcfinder/upload/files/0782.pdf,,false,false,false,true,
2,Agreement,legaltype=2&old=0,LA-2235,ຂໍ້ຕົກລົງວ່າດ້ວຍ ການມີສ່ວນຮ່ວມຂອງສັງຄົມຕໍ່ການສຶກສາກ່ອນໄວຮຽນ ແລະ ສາມັນສຶກສາ ທົ່ວແຂວງ ສະຫວັນນະເຂດ,ແຂວງ ສະຫວັນນະເຂດ,2024-03-01,2024-05-07,in_force,ປັດຈຸບັນ,subsidiary_legislation,false,,https://laoofficialgazette.gov.la/kcfinder/upload/files/535 1.3.2024.pdf,,false,false,false,true,
2,Agreement,legaltype=2&old=0,LA-2234,"ຂໍ້ຕົກລົງວ່າດ້ວຍ ການຮັບຮອງເອົາບັນຊີ ສັດປ່າ ປະເພດຫວງຫ້າມ ຫຼື ບັນຊີ I, ປະເພດຄຸ້ມຄອງ ຫຼື ບັນຊີ II, ແລະ ປະເພດທົ່ວໄປ ຫຼື ບັນຊີ III",ກະຊວງ ກະສິກຳ ແລະ ສິ່ງແວດລ້ອມ,2024-04-05,2024-05-06,in_force,ປັດຈຸບັນ,subsidiary_legislation,false,,https://laoofficialgazette.gov.la/kcfinder/upload/files/1874 5.4.2024.pdf,,false,false,false,true,
2,Agreement,legaltype=2&old=0,LA-2233,ຂໍ້ຕົກລົງວ່າດ້ວຍ ການຄຸ້ມຄອງ ແລະ ການພັດທະນາທີ່ດິນປ່າໄມ້ທົ່ວແຂວງ ຄຳມ່ວນ,ແຂວງ ຄຳມ່ວນ,2024-04-04,2024-04-30,in_force,ປັດຈຸບັນ,subsidiary_legislation,false,,https://laoofficialgazette.gov.la/kcfinder/upload/files/588 4.4.2024.pdf,,false,false,false,true,
2,Agreement,legaltype=2&old=0,LA-2228,ຂໍ້ຕົກລົງວ່າດ້ວຍ ການຍົກເລີກນະໂຍບາຍສິນເຊື່ອ ເພື່ອແກ້ໄຂຜົນກະທົບຈາກສະພາບການລະບາດຂອງພະຍາດອັກເສບປອດຈາກເຊື້ອຈຸລະໂລກສາຍພັນໃໝ່ (COVID-19),ທະນາຄານແຫ່ງ ສປປ ລາວ,2024-03-26,2024-04-02,in_force,ປັດຈຸບັນ,subsidiary_legislation,false,,https://laoofficialgazette.gov.la/kcfinder/upload/files/368 26.3.2024.pdf,,false,false,false,true,
2,Agreement,legaltype=2&old=0,LA-2224,ຂໍ້ຕົກລົງວ່າດ້ວຍ ການຄຸ້ມຄອງກອງທຶນສັງຄົມສົງເຄາະແຂວງ ສະຫວັນນະເຂດ (ສະບັບປັບປຸງ),ແຂວງ ສະຫວັນນະເຂດ,2024-03-01,2024-03-25,in_force,ປັດຈຸບັນ,subsidiary_legislation,true,,https://laoofficialgazette.gov.la/kcfinder/upload/files/536 1.3.2024.pdf,,false,false,false,true,
2,Agreement,legaltype=2&old=0,LA-2223,"ຂໍ້ຕົກລົງວ່າດ້ວຍ ການແບ່ງຄວາມຮັບຜິດຊອບ ໃນການຈັດຕັ້ງປະຕິບັດແຜນຈັດສັນທີ່ດິນ, ຄຸ້ມຄອງຊັບພະຍາກອນທຳມະຊາດ ແລະ ສິ່ງແວດລ້ອມຮອບດ້ານ ຮອດປີ 2030 ຂອງ ນະຄອນຫຼວງວຽງຈັນ",ນະ​ຄອນ​ຫຼວງວຽງຈັນ,2023-03-21,2024-03-20,in_force,ປັດຈຸບັນ,subsidiary_legislation,false,,https://laoofficialgazette.gov.la/kcfinder/upload/files/387.pdf,,false,false,false,true,
2,Agreement,legaltype=2&old=0,LA-2217,ຂໍ້ຕົກລົງວ່າດ້ວຍ ຜູ້ຄວບຄຸມຊັບສິນ ແລະ ວິສາຫະກິດໃຫ້ບໍລິການຄວບຄຸມຊັບສິນ,ກະຊວງ ຍຸຕິທຳ,2024-03-18,2024-03-20,in_force,ປັດຈຸບັນ,subsidiary_legislation,false,,https://laoofficialgazette.gov.la/kcfinder/upload/files/329 ກຍ.pdf,,false,false,false,true,
2,Agreement,legaltype=2&old=0,LA-2218,ຂໍ້ຕົກລົງວ່າດ້ວຍ ການກຳນົດລາຄາຫົວໜ່ວຍ ກິດຈະການກໍ່ສ້າງ ແລະ ສ້ອມແປງຂົວທາງ ຂອງໂຄງການລົງທຶນຂອງລັດ ພາຍໃນແຂວງ ໄຊສົມບູນ,ແຂວງ ໄຊສົມບູນ,2024-03-07,2024-03-20,in_force,ປັດຈຸບັນ,subsidiary_legislation,false,,https://laoofficialgazette.gov.la/kcfinder/upload/files/0304ຈຂ ຊບ.pdf,,false,false,false,true,
2,Agreement,legaltype=2&old=0,LA-2219,ຂໍ້ຕົກລົງວ່າດ້ວຍ ການຄຸ້ມຄອງພັດທະນາ ແລະ ບໍລິຫານຕົວເມືອງ,ແຂວງ ໄຊສົມບູນ,2024-03-14,2024-03-20,in_force,ປັດຈຸບັນ,subsidiary_legislation,false,,https://laoofficialgazette.gov.la/kcfinder/upload/files/0314ຈຂ ຊບ.pdf,,false,false,false,true,
2,Agreement,legaltype=2&old=0,LA-2220,ຂໍ້ຕົກລົງວ່າດ້ວຍ ການຄຸ້ມຄອງ ແລະ ພັດທະນາ ສາຍນ້ຳຈັ້ງ ແລະ ຂອບເຂດບໍລິເວນປ້ອງກັນຕາຝັ່ງເຈື່ອນ ແຂວງ ໄຊສົມບູນ,ແຂວງ ໄຊສົມບູນ,2024-03-14,2024-03-20,in_force,ປັດຈຸບັນ,subsidiary_legislation,false,,https://laoofficialgazette.gov.la/kcfinder/upload/files/0315ຈຂ ຊບ.pdf,,false,false,false,true,
2,Agreement,legaltype=2&old=0,LA-2221,ຂໍ້ຕົກລົງວ່າດ້ວຍ ກອງທຶນພັດທະນາກິລາ - ກາຍຍະກຳ,ນະ​ຄອນ​ຫຼວງວຽງຈັນ,2024-03-06,2024-03-20,in_force,ປັດຈຸບັນ,subsidiary_legislation,false,,https://laoofficialgazette.gov.la/kcfinder/upload/files/233.6.3.2024.pdf,,false,false,false,true,
2,Agreement,legaltype=2&old=0,LA-2222,ຂໍ້ຕົກລົງວ່າດ້ວຍ ການສ້າງນະຄອນຫຼວງວຽງຈັນ ສະອາດ (ສ. ສະອາດ),ນະ​ຄອນ​ຫຼວງວຽງຈັນ,2023-08-21,2024-03-20,in_force,ປັດຈຸບັນ,subsidiary_legislation,false,,https://laoofficialgazette.gov.la/kcfinder/upload/files/847.21.8.2023.pdf,,false,false,false,true,
2,Agreement,legaltype=2&old=0,LA-2216,ຂໍ້ຕົກລົງວ່າດ້ວຍ ກອງທຶນຄຸ້ມຄອງໄພພິບັດ ແຂວງບໍ່ແກ້ວ,ແຂວງ ບໍ່ແກ້ວ,2024-02-15,2024-03-13,in_force,ປັດຈຸບັນ,subsidiary_legislation,false,,https://laoofficialgazette.gov.la/kcfinder/upload/files/295.15.2.2024.pdf,,false,false,false,true,
2,Agreement,legaltype=2&old=0,LA-2209,"ຂໍ້ຕົກລົງ ການຈັດຕັ້ງຜັນຂະຫຍາຍ ມະຕິຕົກລົງຂອງລັດຖະບານ ວ່າດ້ວຍນະໂຍບາຍ ແລະ ມາດຕະການແກ້ໄຂບັນຫາການຂາດແຄນຄູສອນ, ການປະລະການຮຽນ ແລະ ສົ່ງເສີມເຂົ້າຮຽນວິຊາຊີບ",ແຂວງ ອຸດົມໄຊ,2023-10-03,2024-02-27,in_force,ປັດຈຸບັນ,subsidiary_legislation,false,,https://laoofficialgazette.gov.la/kcfinder/upload/files/1200 ອຊ 3.10.2023.pdf,,false,false,false,true,
2,Agreement,legaltype=2&old=0,LA-2210,"ຂໍ້ຕົກລົງວ່າດ້ວຍ ການເພີ່ມທະວີຄວາມເຂັ້ມງວດ ໃນການຄຸ້ມຄອງ, ປົກປັກຮັກສາ, ພັດທະນາ ແລະ ນຳໃຊ້ປ່າໄມ້, ທີ່ດິນປ່າໄມ້, ຕ້ານ ແລະ ສະກັດກັ້ນ ການບຸກລຸກທຳລາຍປ່າໄມ້, ທີ່ດິນປ່າໄມ້ ແລະ ໄຟໄໝ້ລາມປ່າ ຢູ່ແຂວງ ອຸດົມໄຊ",ແຂວງ ອຸດົມໄຊ,2023-12-19,2024-02-27,in_force,ປັດຈຸບັນ,subsidiary_legislation,false,,https://laoofficialgazette.gov.la/kcfinder/upload/files/1690 ອຊ 19.12.2023.pdf,,false,false,false,true,
2,Agreement,legaltype=2&old=0,LA-2211,ຂໍ້ຕົກລົງວ່າດ້ວຍ ການຄຸ້ມຄອງ ແລະ ນຳໃຊ້ຊົນລະປະທານ ຢູ່ແຂວງ ອຸດົມໄຊ,ແຂວງ ອຸດົມໄຊ,2024-02-08,2024-02-27,in_force,ປັດຈຸບັນ,subsidiary_legislation,false,,https://laoofficialgazette.gov.la/kcfinder/upload/files/237 ອຊ 8.2.2024.pdf,,false,false,false,true,
2,Agreement,legaltype=2&old=0,LA-2212,ຂໍ້ຕົກລົງວ່າດ້ວຍ ລາຄາຫົວໜ່ວຍທົດແທນຄ່າເສຍຫາຍຈາກໂຄງການປັບປຸງທາງຫຼວງແຫ່ງຊາດ 2W ແລະ 2E ພາຍໃຕ້ໂຄງການ ພັດທະນາຕາມແລວທາງເສດຖະກິດອາຊີຕາເວັນອອກສ່ຽງໃຕ້ ເພື່ອການເຊື່ອມຈອດ-ເຊື່ອມໂຍງ (SEARECC),ແຂວງ ອຸດົມໄຊ,2024-02-08,2024-02-27,in_force,ປັດຈຸບັນ,subsidiary_legislation,false,,https://laoofficialgazette.gov.la/kcfinder/upload/files/238 ອຊ 8.2.2024.pdf,,false,false,false,true,
2,Agreement,legaltype=2&old=0,LA-2213,ຂໍ້ຕົກລົງວ່າດ້ວຍ ການກຳນົດລາຄາຫົວໜ່ວຍນ້ຳປະປາ ຢູ່ແຂວງ ອຸດົມໄຊ,ແຂວງ ອຸດົມໄຊ,2024-02-08,2024-02-27,in_force,ປັດຈຸບັນ,subsidiary_legislation,false,,https://laoofficialgazette.gov.la/kcfinder/upload/files/240ອຊ 8.2.2024.pdf,,false,false,false,true,
2,Agreement,legaltype=2&old=0,LA-2200,ຂໍ້ຕົກລົງວ່າດ້ວຍ ກາໝາຍຫັດຖະກຳ ແຫ່ງຊາດ,ກະຊວງ ອຸດສາຫະກຳ ແລະ ການຄ້າ,2024-01-31,2024-02-05,in_force,ປັດຈຸບັນ,subsidiary_legislation,false,,https://laoofficialgazette.gov.la/kcfinder/upload/files/0144.pdf,,false,false,false,true,
2,Agreement,legaltype=2&old=0,LA-2192,ຂໍ້ຕົກລົງວ່າດ້ວຍ ໂຄງປະກອບການບໍລິຫານຄຸ້ມຄອງບໍລິສັດປະກັນໄພ,ກະຊວງ ການເງິນ,2023-12-12,2024-01-30,in_force,ປັດຈຸບັນ,subsidiary_legislation,false,,https://laoofficialgazette.gov.la/kcfinder/upload/files/3995.pdf,,false,false,true,true,
2,Agreement,legaltype=2&old=0,LA-2191,ຂໍ້ຕົກລົງວ່າດ້ວຍ ການຄຸ້ມຄອງສະມາຄົມປະກັນໄພແຫ່ງ ສປປ ລາວ,ກະຊວງ ການເງິນ,2023-12-12,2024-01-30,in_force,ປັດຈຸບັນ,subsidiary_legislation,false,,https://laoofficialgazette.gov.la/kcfinder/upload/files/3992.pdf,,false,false,true,true,
2,Agreement,legaltype=2&old=0,LA-2185,ຂໍ້ຕົກລົງວ່າດ້ວຍ ການສ້າງຕັ້ງ ແລະ ການຄຸ້ມຄອງ ກອງທຶນພັດທະນາຊົນລະປະທານ,ກະຊວງ ກະສິກຳ ແລະ ສິ່ງແວດລ້ອມ,2024-01-04,2024-01-15,in_force,ປັດຈຸບັນ,subsidiary_legislation,false,,https://laoofficialgazette.gov.la/kcfinder/upload/files/0037.pdf,,false,false,false,true,
2,Agreement,legaltype=2&old=0,LA-2184,ຂໍ້ຕົກລົງວ່າດ້ວຍ ການສ້າງຕັ້ງ ແລະ ການຄຸ້ມຄອງ ກຸ່ມຜູ້ນຳໃຊ້ນ້ຳຊົນລະປະທານ,ກະຊວງ ກະສິກຳ ແລະ ສິ່ງແວດລ້ອມ,2024-01-04,2024-01-15,in_force,ປັດຈຸບັນ,subsidiary_legislation,false,,https://laoofficialgazette.gov.la/kcfinder/upload/files/0036.pdf,,false,false,false,true,
2,Agreement,legaltype=2&old=0,LA-2179,ຂໍ້ຕົກລົງວ່າດ້ວຍ ການຄຸ້ມຄອງໝາຍເລກກົດລະຫັດສາກົນ,ກະຊວງ ອຸດສາຫະກຳ ແລະ ການຄ້າ,2024-01-03,2024-01-05,in_force,ປັດຈຸບັນ,subsidiary_legislation,false,,https://laoofficialgazette.gov.la/kcfinder/upload/files/0008ອຄ2024.pdf,,false,false,false,true,
2,Agreement,legaltype=2&old=0,LA-2176,ຂໍ້ຕົກລົງວ່າດ້ວຍ ວົງເງິນປົກປ້ອງ,ທະນາຄານແຫ່ງ ສປປ ລາວ,2023-11-28,2024-01-02,in_force,ປັດຈຸບັນ,subsidiary_legislation,false,,https://laoofficialgazette.gov.la/kcfinder/upload/files/1170.pdf,,false,false,false,true,
2,Agreement,legaltype=2&old=0,LA-2177,ຂໍ້ຕົກລົງວ່າດ້ວຍ ການຄຸ້ມຄອງເງິນຕາຕ່າງປະເທດກ່ຽວກັບການລົງທຶນໂດຍກົງຈາກຕ່າງປະເທດ,ທະນາຄານແຫ່ງ ສປປ ລາວ,2023-12-21,2024-01-02,in_force,ປັດຈຸບັນ,subsidiary_legislation,false,,https://laoofficialgazette.gov.la/kcfinder/upload/files/1225.pdf,,false,false,true,true,
2,Agreement,legaltype=2&old=0,LA-2172,ຂໍ້ຕົກລົງວ່າດ້ວຍ ເຈົ້າໜ້າທີ່ທະບຽນວິສາຫະກິດ,ກະຊວງ ອຸດສາຫະກຳ ແລະ ການຄ້າ,2023-12-22,2023-12-26,in_force,ປັດຈຸບັນ,subsidiary_legislation,false,,https://laoofficialgazette.gov.la/kcfinder/upload/files/2405ອຄ2023.pdf,,false,false,true,true,
2,Agreement,legaltype=2&old=0,LA-2164,ຂໍ້ຕົກລົງວ່າດ້ວຍ ການຄຸ້ມຄອງການປຸກສ້າງ ແລະ ກໍ່ສ້າງໃນທົ່ວແຂວງ,ແຂວງ ຜົ້ງສາລີ,2023-11-14,2023-12-05,in_force,ປັດຈຸບັນ,subsidiary_legislation,false,,https://laoofficialgazette.gov.la/kcfinder/upload/files/963ຂຜລ2023.pdf,,false,false,false,true,
2,Agreement,legaltype=2&old=0,LA-2159,ຂໍ້ຕົກລົງວ່າດ້ວຍ ປ້າຍສະຖານີລົດໄຟ,ກະຊວງ ໂຍທາທິການ ແລະ ຂົນສົ່ງ,2023-11-16,2023-11-23,in_force,ປັດຈຸບັນ,subsidiary_legislation,false,,https://laoofficialgazette.gov.la/kcfinder/upload/files/32593.pdf,,false,false,false,true,
2,Agreement,legaltype=2&old=0,LA-2158,ຂໍ້ຕົກລົງວ່າດ້ວຍ ການຂື້ນທະບຽນ ແລະ ການຢັ້ງຢືນກວດສອບຖັງບັນຈຸນ້ຳມັນເຊື້ອໄຟໃນສາງ ແລະ ປ້ຳ,ກະຊວງ ອຸດສາຫະກຳ ແລະ ການຄ້າ,2023-10-06,2023-11-17,in_force,ປັດຈຸບັນ,subsidiary_legislation,false,,https://laoofficialgazette.gov.la/kcfinder/upload/files/1702.pdf,,false,false,true,true,
2,Agreement,legaltype=2&old=0,LA-2153,ຂໍ້ຕົກລົງວ່າດ້ວຍ ການຮັບຮອງມາດຕະຖານຫ້ອງທົດລອງ,ກະຊວງ ອຸດສາຫະກຳ ແລະ ການຄ້າ,2023-10-31,2023-11-02,in_force,ປັດຈຸບັນ,subsidiary_legislation,false,,https://laoofficialgazette.gov.la/kcfinder/upload/files/1925ອຄ2023.pdf,,false,false,false,true,
2,Agreement,legaltype=2&old=0,LA-2145,ຂໍ້ຕົກລົງວ່າດ້ວຍ ການຄຸ້ມຄອງໂຮງງານປຸງແຕ່ງຜະລິດຕະພັນສັດຂັ້ນຕົ້ນ,ກະຊວງ ກະສິກຳ ແລະ ສິ່ງແວດລ້ອມ,2023-10-16,2023-11-01,in_force,ປັດຈຸບັນ,subsidiary_legislation,false,,https://laoofficialgazette.gov.la/kcfinder/upload/files/4285ກປ16.10.2023.pdf,,false,false,false,true,
2,Agreement,legaltype=2&old=0,LA-2147,ຂໍ້ຕົກລົງວ່າດ້ວຍ ການນຳໃຊ້ສານມາກເກີຢອດໃສ່ນ້ຳມັນເຊື້ອໄຟ,ກະຊວງ ອຸດສາຫະກຳ ແລະ ການຄ້າ,2023-10-11,2023-11-01,in_force,ປັດຈຸບັນ,subsidiary_legislation,false,,https://laoofficialgazette.gov.la/kcfinder/upload/files/2043ພບ11.10.2023.pdf,,false,false,false,true,
2,Agreement,legaltype=2&old=0,LA-2139,ຂໍ້ຕົກລົງວ່າດ້ວຍ ການບໍລິການທີ່ປຶກສາຄວາມປອດໄພ ກ່ຽວກັບເຄມີ,ກະຊວງ ອຸດສາຫະກຳ ແລະ ການຄ້າ,2023-10-24,2023-10-25,in_force,ປັດຈຸບັນ,subsidiary_legislation,false,,https://laoofficialgazette.gov.la/kcfinder/upload/files/1897ອຄ24102023.pdf,,false,false,false,true,
2,Agreement,legaltype=2&old=0,LA-2135,ຂໍ້ຕົກລົງ ວ່າດ້ວຍການປະເມີນລາຄາທີ່ດິນທົ່ວແຂວງອັດຕະປື,ແຂວງ ອັດຕະປື,2023-09-27,2023-10-17,in_force,ປັດຈຸບັນ,subsidiary_legislation,false,,https://laoofficialgazette.gov.la/kcfinder/upload/files/1209-27-9-2023.pdf,,false,false,false,true,
2,Agreement,legaltype=2&old=0,LA-2129,ຂໍ້ຕົກລົງວ່າດ້ວຍ ນະໂຍບາຍ ແລະ ລາຄາຫົວໜ່ວຍທົດແທນຕໍ່ຊັບສິນທີ່ໄດ້ຮັບຜົນກະທົບຈາກ ໂຄງການປັບປຸງ ແລະ ສ້ອມແປງທາງຫຼວງແຫ່ງຊາດ ເລກທີ 13 ໃຕ້ (ກມ 21 ຫາ ກມ 71) ເຂດບ້ານ ນາໄຊ ແລະ ບ້ານໄຊສະຫວ່າງ ( ກມ 66 ຫາ ກມ 71) ເມືອງ ທ່າພະບາດ ແຂວງ ບໍລິຄຳໄຊ,ແຂວງ ບໍລິຄຳໄຊ,2023-09-22,2023-10-12,in_force,ປັດຈຸບັນ,subsidiary_legislation,false,,https://laoofficialgazette.gov.la/kcfinder/upload/files/583.pdf,,false,false,false,true,
2,Agreement,legaltype=2&old=0,LA-2126,ຂໍ້ຕົກລົງວ່າດ້ວຍ ການຄຸ້ມຄອງນໍ້້ຳລິນ,ແຂວງ ໄຊຍະບູລີ,2023-10-05,2023-10-11,in_force,ປັດຈຸບັນ,subsidiary_legislation,false,,https://laoofficialgazette.gov.la/kcfinder/upload/files/1404.pdf,,false,false,false,true,
2,Agreement,legaltype=2&old=0,LA-2125,ຂໍ້ຕົກລົງວ່າດ້ວຍ ການກໍຳນົດລາຄາຫົວໜ່ວຍຊົດເຊີຍຜົນກະທົບຈາກບັນດາໂຄງການ ພັດທະນາທົ່ວແຂວງ ໄຊສົມບູນ,ແຂວງ ໄຊສົມບູນ,2023-10-02,2023-10-11,in_force,ປັດຈຸບັນ,subsidiary_legislation,false,,https://laoofficialgazette.gov.la/kcfinder/upload/files/1119.pdf,,false,false,false,true,
2,Agreement,legaltype=2&old=0,LA-2121,"ຂໍ້ຕົກລົງວ່າດ້ວຍ ການຄຸ້ມຄອງຄູ, ນັກຮຽນ ແລະ ສະຖານການສຶກສາ ສາຍສາມັນ ຢູ່ແຂວງ ອຸດົມໄຊ",ແຂວງ ອຸດົມໄຊ,2023-08-25,2023-10-05,in_force,ປັດຈຸບັນ,subsidiary_legislation,false,,https://laoofficialgazette.gov.la/kcfinder/upload/files/968ອຊ25.8.2023.pdf,,false,false,false,true,
2,Agreement,legaltype=2&old=0,LA-2123,"ຂໍ້ຕົກລົງວ່າດ້ວຍ ການນຳໃຊ້, ກະກັດກັ້ນ ແລະ ແກ້ໄຂບັນຫາ ສື່ສັງຄົມອອນລາຍ ຢູ່ແຂວງ ອຸດົມໄຊ",ແຂວງ ອຸດົມໄຊ,2023-08-31,2023-10-05,in_force,ປັດຈຸບັນ,subsidiary_legislation,false,,https://laoofficialgazette.gov.la/kcfinder/upload/files/1009ອຊ31.8.2023.pdf,,false,false,false,true,
2,Agreement,legaltype=2&old=0,LA-2124,ຂໍ້ຕົກລົງວ່າດ້ວຍ ການຄຸ້ມຄອງ ແລະ ນຳໃຊ້ທີ່ດິນກະສິກຳແຂວງ ອຸດົມໄຊ,ແຂວງ ອຸດົມໄຊ,2023-08-31,2023-10-05,in_force,ປັດຈຸບັນ,subsidiary_legislation,false,,https://laoofficialgazette.gov.la/kcfinder/upload/files/1010ອຊ31.8.2023.pdf,,false,false,false,true,
2,Agreement,legaltype=2&old=0,LA-2122,ຂໍ້ຕົກລົງວ່າດ້ວຍ ການຄຸ້ມຄອງບໍລິການໄປສະນີ ຢູ່ແຂວງ ອຸດົມໄຊ,ແຂວງ ອຸດົມໄຊ,2023-08-31,2023-10-05,in_force,ປັດຈຸບັນ,subsidiary_legislation,false,,https://laoofficialgazette.gov.la/kcfinder/upload/files/1008ອຊ31.8.2023.pdf,,false,false,true,true,
2,Agreement,legaltype=2&old=0,LA-2162,ຂໍ້ຕົກລົງວ່າດ້ວຍ ກອງທຶນຄວບຄຸມສະກັດກັ້ນ ແລະ ຕ້ານຢາເສບຕິດ,ແຂວງ ໄຊຍະບູລີ,2022-11-22,2023-09-13,in_force,ປັດຈຸບັນ,subsidiary_legislation,false,,https://laoofficialgazette.gov.la/kcfinder/upload/files/1366ຈຂຊຍ22.11.2022.pdf,,false,false,false,true,
2,Agreement,legaltype=2&old=0,LA-2106,ຂໍ້ຕົກລົງວ່າດ້ວຍ ເລກໝາຍໂທລະສັບພິເສດ,ກະຊວງ ເຕັກໂນໂລຊີ ແລະ ການສື່ສານ,2023-06-22,2023-08-31,in_force,ປັດຈຸບັນ,subsidiary_legislation,false,,https://laoofficialgazette.gov.la/kcfinder/upload/files/1703 ກຕສ 22.6.2023.pdf,,false,false,false,true,
2,Agreement,legaltype=2&old=0,LA-2108,ຂໍ້ຕົກລົງວ່າດ້ວຍ ການແກ້ໄຂຂໍ້ຂັດແຍ່ງການບໍລິການທາງດ້ານການເງິນ,ທະນາຄານແຫ່ງ ສປປ ລາວ,2023-07-19,2023-08-31,in_force,ປັດຈຸບັນ,subsidiary_legislation,false,,https://laoofficialgazette.gov.la/kcfinder/upload/files/667ທຫລ2023.pdf,,false,false,false,true,
2,Agreement,legaltype=2&old=0,LA-2109,ຂໍ້ຕົກລົງວ່າດ້ວຍ ການຄຸ້ມຄອງເງິນຕາຕ່າງປະເທດ ກ່ຽວກັບການນຳເຂົ້າ-ສົ່ງອອກ ສິນຄ້າ ແລະ ການບໍລິການ,ທະນາຄານແຫ່ງ ສປປ ລາວ,2023-07-24,2023-08-31,in_force,ປັດຈຸບັນ,subsidiary_legislation,false,,https://laoofficialgazette.gov.la/kcfinder/upload/files/677ທຫລ2023.pdf,,false,false,true,true,
2,Agreement,legaltype=2&old=0,LA-2110,"ຂໍ້ຕົກລົງວ່າດ້ວຍການຮັບຮອງເອົາລາຍການສິນຄ້າ ໃນການນຳເຂົ້າຊົ່ວຄາວ, ສົ່ງອອກຊົ່ວຄາວ, ນຳເຂົ້າເພື່ອສົ່ງອອກຕໍ່ ແລະ ຜ່ານແດນ",ກະຊວງ ອຸດສາຫະກຳ ແລະ ການຄ້າ,2023-07-11,2023-08-31,in_force,ປັດຈຸບັນ,subsidiary_legislation,false,,https://laoofficialgazette.gov.la/kcfinder/upload/files/1101ອຄ2023.pdf,,false,false,false,true,
2,Agreement,legaltype=2&old=0,LA-2097,ຂໍ້ຕົກລົງວ່າດ້ວຍ ການຄຸ້ມຄອງ ແລະ ການນຳໃຊ້ຢາປາບສັດຕູພືດ ພາຍໃນແຂວງອັດຕະປື,ແຂວງ ອັດຕະປື,2023-05-21,2023-08-21,in_force,ປັດຈຸບັນ,subsidiary_legislation,false,,https://laoofficialgazette.gov.la/kcfinder/upload/files/483ຈຂອປ2023.pdf,,false,false,false,true,
2,Agreement,legaltype=2&old=0,LA-2095,ຂໍ້ຕົກລົງວ່າດ້ວຍ ການຄຸ້ມຄອງຂີ້ເຫຍື້ອໃນແຂວງສະຫວັນນະເຂດ,ແຂວງ ສະຫວັນນະເຂດ,2023-06-12,2023-08-21,in_force,ປັດຈຸບັນ,subsidiary_legislation,false,,https://laoofficialgazette.gov.la/kcfinder/upload/files/988ຈຂ2023.pdf,,false,false,false,true,
2,Agreement,legaltype=2&old=0,LA-2096,ຂໍ້ຕົກລົງວ່າດ້ວຍ ການສ້າງຕັ້ງ ແລະ ການຄຸ້ມຄອງກິດຈະການຟາມລ້ຽງສັດ ແຂວງອັດຕະປື,ແຂວງ ອັດຕະປື,2023-05-21,2023-08-21,in_force,ປັດຈຸບັນ,subsidiary_legislation,false,,https://laoofficialgazette.gov.la/kcfinder/upload/files/484ຈຂ.ອປ2023.pdf,,false,false,false,true,
2,Agreement,legaltype=2&old=0,LA-2098,ຂໍ້ຕົກລົງວ່າດ້ວຍ ການຄຸ້ມຄອງ ແລະ ປະຕິບັດມາດຕະການຕໍ່ຜູ້ລະເມີດ ລະບຽບກົດໝາຍ ໃນຂົງເຂດກະສິກຳ ແລະ ປ່າໄມ້,ແຂວງ ບໍ່ແກ້ວ,2023-06-02,2023-08-21,in_force,ປັດຈຸບັນ,subsidiary_legislation,false,,https://laoofficialgazette.gov.la/kcfinder/upload/files/72-532ຈຂ.pdf,,false,false,false,true,
2,Agreement,legaltype=2&old=0,LA-2099,ຂໍ້ຕົກລົງວ່າດ້ວຍ ການປັບລາຄາ ຄ່າບໍລິການເກັບມ້ຽນຂີ້ເຫຍື້ອ ຢູ່ໃນຕົວເມືອງຫ້ວຍຊາຍ ແຂວງບໍ່ແກ້ວ,ແຂວງ ບໍ່ແກ້ວ,2023-05-30,2023-08-21,in_force,ປັດຈຸບັນ,subsidiary_legislation,false,,https://laoofficialgazette.gov.la/kcfinder/upload/files/73-524ຈຂ.ບກ2023.pdf,,false,false,false,true,
2,Agreement,legaltype=2&old=0,LA-2101,"ຂໍ້ຕົກລົງວ່າດ້ວຍ ມາດຕະການ ປັບໃໝຕໍ່ຜູ້ລະເມີດການປູກກວ້ຍຫອມ ທີ່ບໍ່ຖືກຕ້ອງຕາມລະບຽບກົດໝາຍ ຂອງບັນດາບໍລິສັດ, ວິສາຫະກິດ ແລະ ບຸກຄົນ ຢຸູ່ພາຍໃນ ແຂວງບໍ່ແກ້ວ",ແຂວງ ບໍ່ແກ້ວ,2015-07-19,2023-08-21,in_force,ປັດຈຸບັນ,subsidiary_legislation,false,,https://laoofficialgazette.gov.la/kcfinder/upload/files/75-685ຈຂ.ບກ2023.pdf,,false,false,false,true,
2,Agreement,legaltype=2&old=0,LA-2103,ຂໍ້ຕົກລົງວ່າດ້ວຍ ການກຳນົດລາຄາທີ່ດິນ ແລະ ສິ່ງປຸກສ້າງ ແຂວງບໍ່ແກ້ວ,ແຂວງ ບໍ່ແກ້ວ,2019-05-28,2023-08-21,in_force,ປັດຈຸບັນ,subsidiary_legislation,false,,https://laoofficialgazette.gov.la/kcfinder/upload/files/77-510ຈຂ.ບກ2019.pdf,,false,false,false,true,
2,Agreement,legaltype=2&old=0,LA-2105,"ຂໍ້ຕົກລົງວ່າດ້ວຍ ກອງທຶນຄວບຄຸມ, ສະກັດກັ້ນ ແລະ ຕ້ານຢາເສບຕິດ ແຂວງຫົວພັນ",ແຂວງ ຫົວພັນ,2023-06-16,2023-08-21,in_force,ປັດຈຸບັນ,subsidiary_legislation,false,,https://laoofficialgazette.gov.la/kcfinder/upload/files/738ຈຂ.ຫພ2023.pdf,,false,false,false,true,
2,Agreement,legaltype=2&old=0,LA-2111,ຂໍ້ຕົກລົງວ່າດ້ວຍ ການຄຸ້ມຄອງຄຸນນະພາບນໍ້າ ແລະ ການປ່ອຍນໍ້າເປື້ອນ,ກະຊວງ ກະສິກຳ ແລະ ສິ່ງແວດລ້ອມ,2023-07-07,2023-08-15,in_force,ປັດຈຸບັນ,subsidiary_legislation,false,,https://laoofficialgazette.gov.la/kcfinder/upload/files/1430ກຊສ2023.pdf,,false,false,false,true,
2,Agreement,legaltype=2&old=0,LA-2168,ຂໍ້ຕົກລົງວ່າດ້ວຍ ມາດຕະການປັບໃໝຕໍ່ຜູ້ລະເມີດລະບຽບການດຳເນີນກິດຈະການໂຮງງານ,ກະຊວງ ອຸດສາຫະກຳ ແລະ ການຄ້າ,2023-08-02,2023-08-08,in_force,ປັດຈຸບັນ,subsidiary_legislation,false,,https://laoofficialgazette.gov.la/kcfinder/upload/files/1233ອຄ2.8.2023.pdf,,false,false,false,true,
2,Agreement,legaltype=2&old=0,LA-2167,ຂໍ້ຕົກລົງວ່າດ້ວຍ ການແບ່ງຂັ້ນຄຸ້ມຄອງໂຮງງານ,ກະຊວງ ອຸດສາຫະກຳ ແລະ ການຄ້າ,2023-08-02,2023-08-08,in_force,ປັດຈຸບັນ,subsidiary_legislation,false,,https://laoofficialgazette.gov.la/kcfinder/upload/files/1232ອຄ2.8.2023.pdf,,false,false,false,true,
2,Agreement,legaltype=2&old=0,LA-2090,ຂໍ້ຕົກລົງ ວ່າດ້ວຍກອງທຶນສົ່ງເສີມ ແລະ ພັດທະນາວຽກງານກິລາ - ກາຍຍະກຳແຂວງ ບໍ່ແກ້ວ,ແຂວງ ບໍ່ແກ້ວ,2023-04-04,2023-07-27,in_force,ປັດຈຸບັນ,subsidiary_legislation,false,,https://laoofficialgazette.gov.la/kcfinder/upload/files/law_1211689686801.pdf,,false,false,false,true,
2,Agreement,legaltype=2&old=0,LA-2089,ຂໍ້ຕົກລົງ ວ່າດ້ວຍການຄຸ້ມຄອງໂຮງງານຜະລິດຝຸ່ນ,ກະຊວງ ກະສິກຳ ແລະ ສິ່ງແວດລ້ອມ,2023-06-14,2023-07-27,in_force,ປັດຈຸບັນ,subsidiary_legislation,false,,https://laoofficialgazette.gov.la/kcfinder/upload/files/law_2641689686769.pdf,,false,false,false,true,
2,Agreement,legaltype=2&old=0,LA-2085,ຂໍ້ຕົກລົງ ວ່າດ້ວຍການຄຸ້ມຄອງສິ່ງເສດເຫຼືອ,ແຂວງ ຫຼວງນໍ້າທາ,2022-09-23,2023-07-24,in_force,ປັດຈຸບັນ,subsidiary_legislation,false,,https://laoofficialgazette.gov.la/kcfinder/upload/files/law_9771689686637.pdf,,false,false,false,true,
2,Agreement,legaltype=2&old=0,LA-2084,"ຂໍ້ຕົກລົງ ວ່າດ້ວຍການຄຸ້ມຄອງນໍ້າ, ຊັບພະຍາກອນນໍ້າ ແລະ ດິນບໍລິເວນນໍ້າ",ແຂວງ ຫຼວງນໍ້າທາ,2022-09-23,2023-07-24,in_force,ປັດຈຸບັນ,subsidiary_legislation,false,,https://laoofficialgazette.gov.la/kcfinder/upload/files/law_3461689686605.pdf,,false,false,false,true,
2,Agreement,legaltype=2&old=0,LA-2086,ຂໍ້ຕົກລົງ ວ່າດ້ວຍການຄຸ້ມຄອງວຽກງານໄປສະນີ ພາຍໃນແຂວງຫຼວງນໍ້າທາ,ແຂວງ ຫຼວງນໍ້າທາ,2023-03-21,2023-07-24,in_force,ປັດຈຸບັນ,subsidiary_legislation,false,,https://laoofficialgazette.gov.la/kcfinder/upload/files/law_4821689686669.pdf,,false,false,true,true,
2,Agreement,legaltype=2&old=0,LA-2087,"ຂໍ້ຕົກລົງ ວ່າດ້ວຍການສົ່ງເສີມຈຸນລະວິສາຫະກິດ, ວິສາຫະກິດຂະໜາດນ້ອຍ ແລະ ກາງຂອງແຂວງຫຼວງນໍ້າທາ",ແຂວງ ຫຼວງນໍ້າທາ,2023-05-23,2023-07-24,in_force,ປັດຈຸບັນ,subsidiary_legislation,false,,https://laoofficialgazette.gov.la/kcfinder/upload/files/law_8651689686702.pdf,,false,false,false,true,
2,Agreement,legaltype=2&old=0,LA-2088,ຂໍ້ຕົກລົງ ວ່າດ້ວຍການພັດທະນາເຂດອຸດສາຫະກຳ ແລະ ນິຄົມອຸດສາຫະກຳ,ແຂວງ ຫຼວງນໍ້າທາ,2023-05-23,2023-07-24,in_force,ປັດຈຸບັນ,subsidiary_legislation,false,,https://laoofficialgazette.gov.la/kcfinder/upload/files/law_4131689686734.pdf,,false,false,false,true,
2,Agreement,legaltype=2&old=0,LA-2091,ຂໍ້ຕົກລົງ ວ່າດ້ວຍການຄຸ້ມຄອງ ແລະ ພັດທະນາຕົວເມືອງຫ້ວຍຊາຍ (ສະບັບປັບປຸງ),ແຂວງ ບໍ່ແກ້ວ,2022-10-04,2023-07-24,in_force,ປັດຈຸບັນ,subsidiary_legislation,true,,https://laoofficialgazette.gov.la/kcfinder/upload/files/law_4961689686833.pdf,,false,false,false,true,
2,Agreement,legaltype=2&old=0,LA-2073,ຂໍ້ຕົກລົງວ່າດ້ວຍ ການຄຸ້ມຄອງງົບປະມານຕິດຕາມກວດກາວິຊາການດ້ານສິ່ງແວດລ້ອມ ແລະ ການຄຸ້ມຄອງອ່າງຮັບນໍ້າ,ກະຊວງ ກະສິກຳ ແລະ ສິ່ງແວດລ້ອມ,2023-05-16,2023-06-08,in_force,ປັດຈຸບັນ,subsidiary_legislation,false,,https://laoofficialgazette.gov.la/kcfinder/upload/files/0957ກຊສ2023.pdf,,false,false,false,true,
2,Agreement,legaltype=2&old=0,LA-2070,ຂໍ້ຕົກລົງວ່າດ້ວຍ ສັນຍາແຮງງານ,ແຂວງ ອັດຕະປື,2023-04-21,2023-05-30,in_force,ປັດຈຸບັນ,subsidiary_legislation,false,,https://laoofficialgazette.gov.la/kcfinder/upload/files/scan0001.pdf,,false,false,true,true,
2,Agreement,legaltype=2&old=0,LA-2067,ຂໍ້ຕົກລົງວ່າດ້ວຍ ການລົງທະບຽນຜູ້ນຳເຂົ້າ ແລະ ສົ່ງອອກສິນຄ້າ,ກະຊວງ ອຸດສາຫະກຳ ແລະ ການຄ້າ,2023-05-23,2023-05-25,in_force,ປັດຈຸບັນ,subsidiary_legislation,false,,https://laoofficialgazette.gov.la/kcfinder/upload/files/0752ອຄ2023.pdf,,false,false,true,true,
2,Agreement,legaltype=2&old=0,LA-2062,ຂໍ້ຕົກລົງວ່າດ້ວຍ ນະໂຍບາຍ ແລະ ລາຄາຫົວໜ່ວຍທົດແທນຄ່າເສຍຫາຍ ຈາກຜົນກະທົບຂອງໂຄງການກໍ່ສ້າງໂຮງງານ ຫຼອມເຫຼັກກ້າເຂດບ້ານ ຫາດໄຄ້ ແລະ ບ້ານ ທ່າບົກ ເມືອງ ທ່າພະບາດ ແຂວງ ບໍລິຄຳໄຊ,ແຂວງ ບໍລິຄຳໄຊ,2023-04-06,2023-05-11,in_force,ປັດຈຸບັນ,subsidiary_legislation,false,,https://laoofficialgazette.gov.la/kcfinder/upload/files/191ຂບຊ6.4.2023.pdf,,false,false,false,true,
2,Agreement,legaltype=2&old=0,LA-2063,ຂໍ້ຕົກລົງວ່າດ້ວຍ ການປະເມີນຫົວໜ່ວຍລາຄາມູນຄ່າທີ່ດິນພາຍໃນ ແຂວງ ບໍລິຄຳໄຊ,ແຂວງ ບໍລິຄຳໄຊ,2023-04-06,2023-05-11,in_force,ປັດຈຸບັນ,subsidiary_legislation,false,,https://laoofficialgazette.gov.la/kcfinder/upload/files/193ຂບຊ6.4.2023.pdf,,false,false,false,true,
2,Agreement,legaltype=2&old=0,LA-2061,ຂໍ້ຕົກລົງວ່າດ້ວຍ ມາດຕະຖານອົງການປົກຄອງບ້ານເຂັ້ມແຂງໜັກແໜ້ນ,ກະຊວງ ພາຍໃນ,2023-02-01,2023-05-05,in_force,ປັດຈຸບັນ,subsidiary_legislation,false,,https://laoofficialgazette.gov.la/kcfinder/upload/files/51ພນ2023.pdf,,false,false,false,true,
2,Agreement,legaltype=2&old=0,LA-2059,ຂໍ້ຕົກລົງວ່າດ້ວຍ ການຈັດຕັ້ງ ແລະ ການເຄື່ອນໄຫວຂອງອົງການປົກຄອງບ້ານ,ກະຊວງ ພາຍໃນ,2023-02-01,2023-05-05,in_force,ປັດຈຸບັນ,subsidiary_legislation,false,,https://laoofficialgazette.gov.la/kcfinder/upload/files/49ພນ2023.pdf,,false,false,false,true,
2,Agreement,legaltype=2&old=0,LA-2058,ຂໍ້ຕົກລົງວ່າດ້ວຍ ການປະກອບສ່ວນຂອງປະຊາຊົນໃນການພັດທະນາບ້ານ,ກະຊວງ ພາຍໃນ,2023-02-01,2023-05-05,in_force,ປັດຈຸບັນ,subsidiary_legislation,false,,https://laoofficialgazette.gov.la/kcfinder/upload/files/50ພນ2023.pdf,,false,false,false,true,
2,Agreement,legaltype=2&old=0,LA-2056,ຂໍ້ຕົກລົງວ່າດ້ວຍ ການອະນຸຍາດນໍ້າໜັກລວມສູງສຸດຂອງລົດບັນທຸກ,ກະຊວງ ໂຍທາທິການ ແລະ ຂົນສົ່ງ,2023-04-13,2023-04-25,in_force,ປັດຈຸບັນ,subsidiary_legislation,false,,https://laoofficialgazette.gov.la/kcfinder/upload/files/9393ຍທຂ2023.pdf,,false,false,false,true,
2,Agreement,legaltype=2&old=0,LA-2051,ຂໍ້ຕົກລົງວ່າດ້ວຍ ການສະກັດກັ້ນ ແລະ ຕ້ານອັກຄີໄພ,ແຂວງ ສະຫວັນນະເຂດ,2023-03-06,2023-04-20,in_force,ປັດຈຸບັນ,subsidiary_legislation,false,,https://laoofficialgazette.gov.la/kcfinder/upload/files/411ຈຂ.ສຂ2023.pdf,,false,false,false,true,
2,Agreement,legaltype=2&old=0,LA-2053,ຂໍ້ຕົກລົງວ່າດ້ວຍ ສັນຍາເຊົ່າສິນເຊື່ອ,ທະນາຄານແຫ່ງ ສປປ ລາວ,2023-03-20,2023-04-20,in_force,ປັດຈຸບັນ,subsidiary_legislation,false,,https://laoofficialgazette.gov.la/kcfinder/upload/files/265ທຫລ2023.pdf,,false,false,false,true,
2,Agreement,legaltype=2&old=0,LA-2054,ຂໍ້ຕົກລົງວ່າດ້ວຍ ບໍລິສັດບໍລິຫານໜີ້ ແລະ ຊັບສິນ,ທະນາຄານແຫ່ງ ສປປ ລາວ,2023-04-07,2023-04-20,in_force,ປັດຈຸບັນ,subsidiary_legislation,false,,https://laoofficialgazette.gov.la/kcfinder/upload/files/323ທຫລ2023.pdf,,false,false,false,true,
2,Agreement,legaltype=2&old=0,LA-2050,ຂໍ້ຕົກລົງວ່າດ້ວຍ ການນຳໃຊ້ນໍ້າ ຢູ່ພາຍໃນແຂວງອຸດົມໄຊ,ແຂວງ ອຸດົມໄຊ,2023-04-04,2023-04-12,in_force,ປັດຈຸບັນ,subsidiary_legislation,false,,https://laoofficialgazette.gov.la/kcfinder/upload/files/377ອຊ2023.pdf,,false,false,false,true,
2,Agreement,legaltype=2&old=0,LA-2049,ຂໍ້ຕົກລົງວ່າດ້ວຍ ການຄຸ້ມຄອງ ແລະ ນຳໃຊ້ຢາປາບສັດຕູພືດ ຢູ່ແຂວງອຸດົມໄຊ,ແຂວງ ອຸດົມໄຊ,2023-04-04,2023-04-12,in_force,ປັດຈຸບັນ,subsidiary_legislation,false,,https://laoofficialgazette.gov.la/kcfinder/upload/files/374ອຊ2023.pdf,,false,false,false,true,
2,Agreement,legaltype=2&old=0,LA-2048,ຂໍ້ຕົກລົງວ່າດ້ວຍ ການຄຸ້ມຄອງ ຄ່າທຳນຽມ ແລະ ຄ່າບໍລິການ ຢູ່ແຂວງອຸດົມໄຊ,ແຂວງ ອຸດົມໄຊ,2023-04-04,2023-04-12,in_force,ປັດຈຸບັນ,subsidiary_legislation,false,,https://laoofficialgazette.gov.la/kcfinder/upload/files/375ອຊ2023.pdf,,false,false,false,true,
2,Agreement,legaltype=2&old=0,LA-2047,ຂໍ້ຕົກລົງວ່າດ້ວຍ ການໂຄສະນາເຜີຍແຜ່ນິຕິກຳ,ແຂວງ ອຸດົມໄຊ,2023-04-04,2023-04-12,in_force,ປັດຈຸບັນ,subsidiary_legislation,false,,https://laoofficialgazette.gov.la/kcfinder/upload/files/376ອຊ2023.pdf,,false,false,false,true,
2,Agreement,legaltype=2&old=0,LA-2042,ຂໍ້ຕົກລົງວ່າດ້ວຍ ແບບຜັງວົງຈອນລວມ,ກະຊວງ ອຸດສາຫະກຳ ແລະ ການຄ້າ,2023-03-30,2023-04-11,in_force,ປັດຈຸບັນ,subsidiary_legislation,false,,https://laoofficialgazette.gov.la/kcfinder/upload/files/0437ອຄ2023.pdf,,false,false,false,true,
2,Agreement,legaltype=2&old=0,LA-2043,ຂໍ້ຕົກລົງວ່າດ້ວຍ ພັນພືດໃໝ່,ກະຊວງ ອຸດສາຫະກຳ ແລະ ການຄ້າ,2023-03-30,2023-04-11,in_force,ປັດຈຸບັນ,subsidiary_legislation,false,,https://laoofficialgazette.gov.la/kcfinder/upload/files/0438ອຄ2023.pdf,,false,false,false,true,
2,Agreement,legaltype=2&old=0,LA-2046,ຂໍ້ຕົກລົງວ່າດ້ວຍ ການແກ້ໄຂຂໍ້ຂັດແຍ່ງທາງດ້ານບໍລິຫານກ່ຽວກັບການຈົດທະບຽນ ຊັບສິນອຸດສາຫະກຳ ແລະ ພັນພືດໃໝ່,ກະຊວງ ອຸດສາຫະກຳ ແລະ ການຄ້າ,2023-03-30,2023-04-11,in_force,ປັດຈຸບັນ,subsidiary_legislation,false,,https://laoofficialgazette.gov.la/kcfinder/upload/files/0441ອຄ2023.pdf,,false,false,true,true,
2,Agreement,legaltype=2&old=0,LA-2037,ຂໍ້ຕົກລົງວ່າດ້ວຍ ກອງທຶນຄຸ້ມຄອງໄພພິບັດ,ແຂວງ ໄຊຍະບູລີ,2023-03-22,2023-04-07,in_force,ປັດຈຸບັນ,subsidiary_legislation,false,,https://laoofficialgazette.gov.la/kcfinder/upload/files/437ຈຂຊຍ22.3.2023.pdf,,false,false,false,true,
2,Agreement,legaltype=2&old=0,LA-2034,ຂໍ້ຕົກລົງວ່າດ້ວຍ ການຄຸ້ມຄອງ ແລະ ພັດທະນາພື້ນທີ່ສີຂຽວ ໃນນະຄອນປາກເຊ,ແຂວງ ຈຳປາສັກ,2023-03-22,2023-03-31,in_force,ປັດຈຸບັນ,subsidiary_legislation,false,,https://laoofficialgazette.gov.la/kcfinder/upload/files/351ຈຂ.ຈສ2023.pdf,,false,false,false,true,
2,Agreement,legaltype=2&old=0,LA-2031,ຂໍ້ຕົກລົງວ່າດ້ວຍ ການປະເມີນລາຄາທີ່ດິນ ທົ່ວແຂວງຈຳປາສັກ (ສະບັບປັບປຸງ),ແຂວງ ຈຳປາສັກ,2023-03-15,2023-03-27,in_force,ປັດຈຸບັນ,subsidiary_legislation,true,,https://laoofficialgazette.gov.la/kcfinder/upload/files/303ຈຂ.ຈປ2023.pdf,,false,false,false,true,
2,Agreement,legaltype=2&old=0,LA-2024,ຂໍ້ຕົກລົງວ່າດ້ວຍ ມາດຕະຖານສະຖານທີ່ໃຫ້ບໍລິການໄປສະນີ,ກະຊວງ ເຕັກໂນໂລຊີ ແລະ ການສື່ສານ,2023-03-16,2023-03-23,in_force,ປັດຈຸບັນ,subsidiary_legislation,false,,https://laoofficialgazette.gov.la/kcfinder/upload/files/957ກຕສ2023.pdf,,false,false,true,true,
2,Agreement,legaltype=2&old=0,LA-2020,ຂໍ້ຕົກລົງວ່າດ້ວຍ ກອງທຶນພັດທະນາຂັ້ນບ້ານ ຢູ່ ເມືອງທຸກຍາກ,ກະຊວງ ກະສິກຳ ແລະ ສິ່ງແວດລ້ອມ,2023-03-14,2023-03-20,in_force,ປັດຈຸບັນ,subsidiary_legislation,false,,https://laoofficialgazette.gov.la/kcfinder/upload/files/1700ກປ2023.pdf,,false,false,false,true,
2,Agreement,legaltype=2&old=0,LA-2019,ຂໍ້ຕົກລົງວ່າດ້ວຍ ການຄຸ້ມຄອງການນຳໃຊ້ທີ່ດິນກະສິກຳຢູ່ເມືອງປາກຊ່ອງ ແຂວງຈຳປາສັກ,ແຂວງ ຈຳປາສັກ,2023-03-06,2023-03-20,in_force,ປັດຈຸບັນ,subsidiary_legislation,false,,https://laoofficialgazette.gov.la/kcfinder/upload/files/265ຈຂ.ຈສ2023.pdf,,false,false,false,true,
2,Agreement,legaltype=2&old=0,LA-2016,ຂໍ້ຕົກລົງວ່າດ້ວຍ ບັນຊີການຈັດແບ່ງກຸ່ມໂຄງການລົງທຶນ ຫຼື ກິດຈະການຕ່າງໆ ໃນການປະເມີນຜົນກະທົບຕໍ່ສິ່ງແວດລ້ອມ,ກະຊວງ ກະສິກຳ ແລະ ສິ່ງແວດລ້ອມ,2023-02-24,2023-03-06,in_force,ປັດຈຸບັນ,subsidiary_legislation,false,,https://laoofficialgazette.gov.la/kcfinder/upload/files/0358ກຊສ2023.pdf,,false,false,false,true,
2,Agreement,legaltype=2&old=0,LA-2014,ຂໍ້ຕົກລົງວ່າດ້ວຍ ການຄຸ້ມຄອງລາຄາ ຢາ ແລະ ຜະລິດຕະພັນການແພດ,ກະຊວງ ສາທາລະນະສຸກ,2022-12-21,2023-02-23,in_force,ປັດຈຸບັນ,subsidiary_legislation,false,,https://laoofficialgazette.gov.la/kcfinder/upload/files/3708ສທ2022.pdf,,false,false,false,true,
2,Agreement,legaltype=2&old=0,LA-2013,ຂໍ້ຕົກລົງວ່າດ້ວຍ ການຄຸ້ມຄອງ ພືດປໍແກ້ວ ນຳໃຊ້ທາງແພດ ແລະ ເປັນສິນຄ້າ,ກະຊວງ ສາທາລະນະສຸກ,2022-12-28,2023-02-23,in_force,ປັດຈຸບັນ,subsidiary_legislation,false,,https://laoofficialgazette.gov.la/kcfinder/upload/files/3789ສທ2022.pdf,,false,false,false,true,
2,Agreement,legaltype=2&old=0,LA-2010,ຂໍ້ຕົກລົງວ່າດ້ວຍ ການຄຸ້ມຄອງອຸປະກອນ ໂທລະຄົມມະນາຄົມ ແລະ ໄອຊີທີ (ICT),ກະຊວງ ເຕັກໂນໂລຊີ ແລະ ການສື່ສານ,2022-12-13,2023-02-21,in_force,ປັດຈຸບັນ,subsidiary_legislation,false,,https://laoofficialgazette.gov.la/kcfinder/upload/files/3583ກຕສ2022.pdf,,false,false,true,true,
2,Agreement,legaltype=2&old=0,LA-2012,ຂໍ້ຕົກລົງວ່າດ້ວຍ ລະບົບຈັດເກັບ ແລະ ນຳໃຊ້ເອກະສານຮ່ວມກັນຂອງພາກລັດ (G-share/G-Drive),ກະຊວງ ເຕັກໂນໂລຊີ ແລະ ການສື່ສານ,2023-01-17,2023-02-21,in_force,ປັດຈຸບັນ,subsidiary_legislation,false,,https://laoofficialgazette.gov.la/kcfinder/upload/files/073ກຕສ2023.pdf,,false,false,false,true,
2,Agreement,legaltype=2&old=0,LA-2001,ຂໍ້ຕົກລົງ ວ່າດ້ວຍການຄຸ້ມຄອງຊັບສິນ ຂອງຂະແໜງການສຶກສາທິການ ແລະ ກິລາ,ກະຊວງ ສຶກສາທິການ ແລະ ກິລາ,2022-12-28,2023-02-13,in_force,ປັດຈຸບັນ,subsidiary_legislation,false,,https://laoofficialgazette.gov.la/kcfinder/upload/files/7448ສສກ8.12.2022.pdf,,false,false,false,true,
2,Agreement,legaltype=2&old=0,LA-2002,"ຂໍ້ຕົກລົງ ວ່າດ້ວຍການຄຸ້ມຄອງອອກແບບ, ກໍ່ສ້າງ ແລະ ສ້ອມແປງ ໃນຂະແໜງການສຶກສາທິການ ແລະ ກິລາ",ກະຊວງ ສຶກສາທິການ ແລະ ກິລາ,2023-01-23,2023-02-13,in_force,ປັດຈຸບັນ,subsidiary_legislation,false,,https://laoofficialgazette.gov.la/kcfinder/upload/files/233ສສກ23.1.2023.pdf,,false,false,false,true,
2,Agreement,legaltype=2&old=0,LA-2003,ຂໍ້ຕົກລົງ ວ່າດ້ວຍການຈັດຊື້ - ຈັດຈ້າງ ຂອງຂະແໜງການສຶກສາທິການ ແລະ ກິລາ,ກະຊວງ ສຶກສາທິການ ແລະ ກິລາ,2023-01-31,2023-02-13,in_force,ປັດຈຸບັນ,subsidiary_legislation,false,,https://laoofficialgazette.gov.la/kcfinder/upload/files/282ສສກ31.1.2023.pdf,,false,false,false,true,
2,Agreement,legaltype=2&old=0,LA-2004,ຂໍ້ຕົກລົງ ວ່າດ້ວຍໂຮງງານ,ກະຊວງ ອຸດສາຫະກຳ ແລະ ການຄ້າ,2023-02-09,2023-02-13,in_force,ປັດຈຸບັນ,subsidiary_legislation,false,,https://laoofficialgazette.gov.la/kcfinder/upload/files/0166ອຄ9.2.2023.pdf,,false,false,false,true,
2,Agreement,legaltype=2&old=0,LA-2005,ຂໍ້ຕົກລົງ ວ່າດ້ວຍການຮັບຮອງເອົາບັນຊີກິດຈະການ ໂຮງງານອຸດສາຫະກຳປຸງແຕ່ງ ແລະ ຫັດຖະກຳ ທີ່ຕ້ອງຂໍອະນຸຍາດສ້າງຕັ້ງໂຮງງານ,ກະຊວງ ອຸດສາຫະກຳ ແລະ ການຄ້າ,2023-02-09,2023-02-13,in_force,ປັດຈຸບັນ,subsidiary_legislation,false,,https://laoofficialgazette.gov.la/kcfinder/upload/files/0167ອຄ9.2.2023.pdf,,false,false,false,true,
2,Agreement,legaltype=2&old=0,LA-2006,"ຂໍ້ຕົກລົງ ວ່າດ້ວຍມາດຕະຖານສຽງດັງ, ແສງສະຫວ່າງ ແລະ ອຸນຫະພູມ ສຳລັບໂຮງງານອຸດສາຫະກຳປຸງແຕ່ງ ແລະ ຫັດຖະກຳ",ກະຊວງ ອຸດສາຫະກຳ ແລະ ການຄ້າ,2023-02-09,2023-02-13,in_force,ປັດຈຸບັນ,subsidiary_legislation,false,,https://laoofficialgazette.gov.la/kcfinder/upload/files/0168ອຄ9.2.2023.pdf,,false,false,false,true,
2,Agreement,legaltype=2&old=0,LA-1992,ຂໍ້ຕົກລົງ ວ່າດ້ວຍການຄຸ້ມຄອງການຈັດງານປະເພນີຕ່າງໆ ຢູ່ແຂວງອຸດົມໄຊ,ແຂວງ ອຸດົມໄຊ,2022-12-06,2023-02-02,in_force,ປັດຈຸບັນ,subsidiary_legislation,false,,https://laoofficialgazette.gov.la/kcfinder/upload/files/1234ອຊ2022.pdf,,false,false,false,true,
2,Agreement,legaltype=2&old=0,LA-1991,"ຂໍ້ຕົກລົງ ວ່າດ້ວຍກຳນົດໝາຍການໃຊ້ຈ່າຍງົບປະມານຂອງລັດ, ການປະຢັດ ແລະ ຕ້ານການຟູມເຟືອຍ",ກະຊວງ ການເງິນ,2023-01-25,2023-02-01,in_force,ປັດຈຸບັນ,subsidiary_legislation,false,,https://laoofficialgazette.gov.la/kcfinder/upload/files/0200ກງ2023.pdf,,false,false,false,true,
2,Agreement,legaltype=2&old=0,LA-1988,"ຂໍ້ຕົກລົງ ວ່າດ້ວຍການຂຶ້ຍທະບຽນ ລົດໄຟ, ຫົວຈັກ, ຕູ້ ແລະ ຫາງລາກ ລົດໄຟ",ກະຊວງ ໂຍທາທິການ ແລະ ຂົນສົ່ງ,2023-01-11,2023-01-17,in_force,ປັດຈຸບັນ,subsidiary_legislation,false,,https://laoofficialgazette.gov.la/kcfinder/upload/files/661ຍທຂ2023.pdf,,false,false,true,true,
2,Agreement,legaltype=2&old=0,LA-1978,"ຂໍ້ຕົກລົງ ວ່າດ້ວຍການຕ້ານ, ສະກັດກັ້ນ ແລະ ແກ້ໄຂຢາເສບຕິດຢູ່ແຂວງ ສາລະວັນ",ແຂວງ ສາລະວັນ,2022-02-14,2023-01-05,in_force,ປັດຈຸບັນ,subsidiary_legislation,false,,https://laoofficialgazette.gov.la/kcfinder/upload/files/136ຈຂສວ2022.pdf,,false,false,false,true,
2,Agreement,legaltype=2&old=0,LA-1979,ຂໍ້ຕົກລົງ ວ່າດ້ວຍການສົ່ງເສີມ ແລະ ຄຸ້ມຄອງການລົງທຶນ ໃນກິດຈະການສຳປະທານຢູ່ແຂວງ ສາລະວັນ,ແຂວງ ສາລະວັນ,2022-05-31,2023-01-05,in_force,ປັດຈຸບັນ,subsidiary_legislation,false,,https://laoofficialgazette.gov.la/kcfinder/upload/files/325ຈຂສວ2022.pdf,,false,false,false,true,
2,Agreement,legaltype=2&old=0,LA-1980,"ຂໍ້ຕົກລົງ ວ່າດ້ວຍການສ້າງຕັ້ງກອງທຶນເພື່ອນຳໃຊ້ເຂົ້າໃນວຽກງານ ຄວບຄຸມ, ສະກັດກັ້ນ ແລະ ຕ້ານຢາເສບຕິດ",ແຂວງ ສາລະວັນ,2022-05-31,2023-01-05,in_force,ປັດຈຸບັນ,subsidiary_legislation,false,,https://laoofficialgazette.gov.la/kcfinder/upload/files/323ຈຂສວ2022.pdf,,false,false,false,true,
2,Agreement,legaltype=2&old=0,LA-1981,ຂໍ້ຕົກລົງ ວ່າດ້ວຍການຄຸ້ມຄອງກຸ່ມນຳໃຊ້ນໍ້າຊົນລະປະທານ ຢູ່ແຂວງ ສາລະວັນ,ແຂວງ ສາລະວັນ,2022-02-14,2023-01-05,in_force,ປັດຈຸບັນ,subsidiary_legislation,false,,https://laoofficialgazette.gov.la/kcfinder/upload/files/137ຈຂສວ2022.pdf,,false,false,false,true,
2,Agreement,legaltype=2&old=0,LA-1982,ຂໍ້ຕົກລົງ ວ່າດ້ວຍການຄຸ້ມຄອງແຮງງານພາຍໃນ ແລະ ແຮງງານຕ່າງປະເທດຢູ່ແຂວງ ສາລະວັນ( ສະບັບປັບປຸງ ),ແຂວງ ສາລະວັນ,2022-11-08,2023-01-05,in_force,ປັດຈຸບັນ,subsidiary_legislation,true,,https://laoofficialgazette.gov.la/kcfinder/upload/files/786 ຈຂ 8.11.2022.pdf,,false,false,true,true,
2,Agreement,legaltype=2&old=0,LA-1983,ຂໍ້ຕົກລົງ ວ່າດ້ວຍການຄຸ້ມຄອງ ແລະ ພັດທະນາ 15 ບ້ານຕົວເມືອງ ສາລະວັນ,ແຂວງ ສາລະວັນ,2022-11-08,2023-01-05,in_force,ປັດຈຸບັນ,subsidiary_legislation,false,,https://laoofficialgazette.gov.la/kcfinder/upload/files/788ຈຂ 8.11.2022.pdf,,false,false,false,true,
2,Agreement,legaltype=2&old=0,LA-1984,"ຂໍ້ຕົກລົງ ວ່າດ້ວຍການຄຸ້ມຄອງ, ປົກປັກຮັກສາ ແລະ ຟື້ນຟູປ່າໄມ້ຢູ່ແຂວງ ສາລະວັນ",ແຂວງ ສາລະວັນ,2022-11-08,2023-01-05,in_force,ປັດຈຸບັນ,subsidiary_legislation,false,,https://laoofficialgazette.gov.la/kcfinder/upload/files/787ຈຂ 8.11.2022.pdf,,false,false,false,true,
2,Agreement,legaltype=2&old=0,LA-1975,ຂໍ້ຕົກລົງ ວ່າດ້ວຍການນຳໃຊ້ນໍ້າ,ກະຊວງ ກະສິກຳ ແລະ ສິ່ງແວດລ້ອມ,2022-11-29,2023-01-03,in_force,ປັດຈຸບັນ,subsidiary_legislation,false,,https://laoofficialgazette.gov.la/kcfinder/upload/files/6118ກຊສ.pdf,,false,false,false,true,
2,Agreement,legaltype=2&old=0,LA-1962,ຂໍ້ຕົກລົງ ວ່າດ້ວຍ ຮ້ານອາຫານ,ກະຊວງ ວັດທະນະທຳ ແລະ ການທ່ອງທ່ຽວ,2021-12-14,2022-11-21,in_force,ປັດຈຸບັນ,subsidiary_legislation,false,,https://laoofficialgazette.gov.la/kcfinder/upload/files/986.ຖວທ 14.12.2021.pdf,,false,false,false,true,
2,Agreement,legaltype=2&old=0,LA-1955,ຂໍ້ຕົກລົງ ວ່າດ້ວຍ ທຸລະກິດນຳທ່ຽວ,ກະຊວງ ວັດທະນະທຳ ແລະ ການທ່ອງທ່ຽວ,2022-09-30,2022-11-14,in_force,ປັດຈຸບັນ,subsidiary_legislation,false,,https://laoofficialgazette.gov.la/kcfinder/upload/files/607. 30.9.2022.pdf,,false,false,false,true,
2,Agreement,legaltype=2&old=0,LA-1954,ຂໍ້ຕົກລົງ ວ່າດ້ວຍ ສະຖານທີ່ພັກແຮມ,ກະຊວງ ວັດທະນະທຳ ແລະ ການທ່ອງທ່ຽວ,2021-12-14,2022-11-14,in_force,ປັດຈຸບັນ,subsidiary_legislation,false,,https://laoofficialgazette.gov.la/kcfinder/upload/files/985. 14.12.2021.pdf,,false,false,false,true,
2,Agreement,legaltype=2&old=0,LA-1951,ຂໍ້ຕົກລົງ ຂອງເຈົ້າແຂວງວ່າດ້ວຍການປະເມີນລາຄາທີ່ດິນໃນ 7 ເມືອງ ທົ່ວແຂວງ ຜົ່ງສາລີ,ແຂວງ ຜົ້ງສາລີ,2021-10-05,2022-11-10,in_force,ປັດຈຸບັນ,subsidiary_legislation,false,,https://laoofficialgazette.gov.la/kcfinder/upload/files/4637. ຈຂ ຜລ 5.10.2021.pdf,,false,false,false,true,
2,Agreement,legaltype=2&old=0,LA-1952,ຂໍ້ຕົກລົງ ວ່າດ້ວຍນະໂຍບາຍສົ່ງເສີມການລົງທຶນສະເພາະກິດຈະການ ການປູກ - ການລ້ຽງ ເປັນສິນຄ້າຢູ່ແຂວງ ຫົວພັນ,ແຂວງ ຫົວພັນ,2022-10-11,2022-11-10,in_force,ປັດຈຸບັນ,subsidiary_legislation,false,,https://laoofficialgazette.gov.la/kcfinder/upload/files/1318 ຈຂ. 11.10.2022.pdf,,false,false,false,true,
2,Agreement,legaltype=2&old=0,LA-1953,ຂໍ້ຕົກລົງ ວ່າດ້ວຍການປະເມີນລາຄາທີ່ດິນຢູ່ແຂວງ ຫົວພັນ,ແຂວງ ຫົວພັນ,2022-10-11,2022-11-10,in_force,ປັດຈຸບັນ,subsidiary_legislation,false,,https://laoofficialgazette.gov.la/kcfinder/upload/files/1311.ຈຂ11.10.2022.pdf,,false,false,false,true,
2,Agreement,legaltype=2&old=0,LA-1944,ຂໍ້ຕົກລົງ ວ່າດ້ວຍກອງທຶນເລືອດ,ແຂວງ ໄຊຍະບູລີ,2022-09-08,2022-10-27,in_force,ປັດຈຸບັນ,subsidiary_legislation,false,,https://laoofficialgazette.gov.la/kcfinder/upload/files/1035 ຈຂ ຊຍ 8.9.2022.pdf,,false,false,false,true,
2,Agreement,legaltype=2&old=0,LA-1943,ຂໍ້ຕົກລົງ ວ່າດ້ວຍກອງທຶນພັດທະນາກິລາ - ກາຍຍະກຳ ແຂວງ ໄຊຍະບູລີ,ແຂວງ ໄຊຍະບູລີ,2022-08-12,2022-10-27,in_force,ປັດຈຸບັນ,subsidiary_legislation,false,,https://laoofficialgazette.gov.la/kcfinder/upload/files/887_ຈຂຊຍ_1282022.pdf,,false,false,false,true,
2,Agreement,legaltype=2&old=0,LA-1940,ຂໍ້ຕົກລົງ ວ່າດ້ວຍກອງທຶນຄຸ້ມຄອງໄພພິບັດ ຂັ້ນແຂວງ,ແຂວງ ຜົ້ງສາລີ,2022-05-12,2022-10-18,in_force,ປັດຈຸບັນ,subsidiary_legislation,false,,https://laoofficialgazette.gov.la/kcfinder/upload/files/388 ຜລ 12.5.2022.pdf,,false,false,false,true,
2,Agreement,legaltype=2&old=0,LA-1933,ຂໍ້ຕົກລົງ ວ່າດ້ວຍການຄຸ້ມຄອງລົດຮັບ-ສົ່ງນັກຮຽນ,ແຂວງ ບໍລິຄຳໄຊ,2022-09-12,2022-10-07,in_force,ປັດຈຸບັນ,subsidiary_legislation,false,,https://laoofficialgazette.gov.la/kcfinder/upload/files/5428ຂບຊ12-9-2022.pdf,,false,false,false,true,
2,Agreement,legaltype=2&old=0,LA-1934,"ຂໍ້ຕົກລົງ ວ່າດ້ວຍການຄຸ້ມຄອງ, ປົກປັກຮັກສາ ປ່າສະຫງວນຫ້ວຍງົວ",ແຂວງ ບໍລິຄຳໄຊ,2022-09-20,2022-10-07,in_force,ປັດຈຸບັນ,subsidiary_legislation,false,,https://laoofficialgazette.gov.la/kcfinder/upload/files/577ຂບຊ20-9-2022.pdf,,false,false,false,true,
2,Agreement,legaltype=2&old=0,LA-1935,ຂໍ້ຕົກລົງ ວ່າດ້ວຍການຄຸ້ມຄອງການລົງທຶນດ້ານກະສິກຳຕາມຮູບແບບສັນຍາ ຂອງແຂວງບໍລິຄຳໄຊ,ແຂວງ ບໍລິຄຳໄຊ,2022-09-20,2022-10-07,in_force,ປັດຈຸບັນ,subsidiary_legislation,false,,https://laoofficialgazette.gov.la/kcfinder/upload/files/578ຂບຊ20-9-2022.pdf,,false,false,false,true,
2,Agreement,legaltype=2&old=0,LA-1936,"ຂໍ້ຕົກລົງ ວ່າດ້ວຍການປັບໄໝ ແລະ ນຳໃຊ້ມາດຕະການອື່ນຕໍ່ຜູ້ລະເມີດກົດໝາຍ, ລະບຽບການກ່ຽວກັບການຄຸ້ມຄອງສິ່ງແວດລ້ອມ",ແຂວງ ບໍລິຄຳໄຊ,2022-09-20,2022-10-07,in_force,ປັດຈຸບັນ,subsidiary_legislation,false,,https://laoofficialgazette.gov.la/kcfinder/upload/files/579ຂບຊ20-9-2022.pdf,,false,false,false,true,
2,Agreement,legaltype=2&old=0,LA-1937,ຂໍ້ຕົກລົງ ວ່າດ້ວຍກຸ່ມ ແລະ ສະຫະກອນຫັດຖະກຳ,ກະຊວງ ອຸດສາຫະກຳ ແລະ ການຄ້າ,2022-10-04,2022-10-07,in_force,ປັດຈຸບັນ,subsidiary_legislation,false,,https://laoofficialgazette.gov.la/kcfinder/upload/files/1355ອຄ04-10-2022.pdf,,false,false,false,true,
2,Agreement,legaltype=2&old=0,LA-1928,ຂໍ້ຕົກລົງ ວ່າດ້ວຍການປະເມີນລາຄາທີ່ດິນທົ່ວແຂວງອຸດົມໄຊ ( ສະບັບປັບປຸງໃໝ່ ),ແຂວງ ອຸດົມໄຊ,2022-09-05,2022-09-21,in_force,ປັດຈຸບັນ,subsidiary_legislation,true,,https://laoofficialgazette.gov.la/kcfinder/upload/files/838 ອຊ 5.9.2022.pdf,,false,false,false,true,
2,Agreement,legaltype=2&old=0,LA-1920,ຂໍ້ຕົກລົງ ວ່າດ້ວຍທຸລະກິດກ່ຽວກັບທີ່ດິນ,ກະຊວງ ກະສິກຳ ແລະ ສິ່ງແວດລ້ອມ,2022-08-25,2022-09-06,in_force,ປັດຈຸບັນ,subsidiary_legislation,false,,https://laoofficialgazette.gov.la/kcfinder/upload/files/4392ກຊສ2022.pdf,,false,false,false,true,
2,Agreement,legaltype=2&old=0,LA-1921,ຂໍ້ຕົກລົງ ວ່າດ້ວຍການຄຸ້ມຄອງໂຮງງານປຸງແຕ່ງພືດ,ກະຊວງ ກະສິກຳ ແລະ ສິ່ງແວດລ້ອມ,2022-08-19,2022-09-06,in_force,ປັດຈຸບັນ,subsidiary_legislation,false,,https://laoofficialgazette.gov.la/kcfinder/upload/files/3736ກປ2022.pdf,,false,false,false,true,
2,Agreement,legaltype=2&old=0,LA-1916,ຂໍ້ຕົກລົງ ວ່າດ້ວຍການຄຸ້ມຄອງໂຮງຮຽນສາມັນກິນນອນຊົນເຜົ່າ,ກະຊວງ ສຶກສາທິການ ແລະ ກິລາ,2022-01-26,2022-09-01,in_force,ປັດຈຸບັນ,subsidiary_legislation,false,,https://laoofficialgazette.gov.la/kcfinder/upload/files/241ສສກ2022.pdf,,false,false,false,true,
2,Agreement,legaltype=2&old=0,LA-1915,ຂໍ້ຕົກລົງ ວ່າດ້ວຍການຄຸ້ມຄອງໂຮງຮຽນສຶກສາຄົນພິການ,ກະຊວງ ສຶກສາທິການ ແລະ ກິລາ,2022-01-26,2022-09-01,in_force,ປັດຈຸບັນ,subsidiary_legislation,false,,https://laoofficialgazette.gov.la/kcfinder/upload/files/240ສສກ2022.pdf,,false,false,false,true,
2,Agreement,legaltype=2&old=0,LA-1914,ຂໍ້ຕົກລົງ ວ່າດ້ວຍການຄຸ້ມຄອງ ແລະ ນຳໃຊ້ເລກໝາຍອິນເຕີເນັດ,ກະຊວງ ເຕັກໂນໂລຊີ ແລະ ການສື່ສານ,2022-08-12,2022-08-24,in_force,ປັດຈຸບັນ,subsidiary_legislation,false,,https://laoofficialgazette.gov.la/kcfinder/upload/files/2600ກຕສ2022.pdf,,false,false,true,true,
2,Agreement,legaltype=2&old=0,LA-1913,ຂໍ້ຕົກລົງ ວ່າດ້ວຍລະບົບການສື່ສານພາກລັດ,ກະຊວງ ເຕັກໂນໂລຊີ ແລະ ການສື່ສານ,2022-08-12,2022-08-24,in_force,ປັດຈຸບັນ,subsidiary_legislation,false,,https://laoofficialgazette.gov.la/kcfinder/upload/files/2599ກຕສ2022.pdf,,false,false,true,true,
2,Agreement,legaltype=2&old=0,LA-1912,ຂໍ້ຕົກລົງ ວ່າດ້ວຍການສ້າງ ແລະ ພັດທະນາແອັບພິເຄຊັ່ນໃຫ້ມີຄວາມປອດໄພ,ກະຊວງ ເຕັກໂນໂລຊີ ແລະ ການສື່ສານ,2022-08-12,2022-08-24,in_force,ປັດຈຸບັນ,subsidiary_legislation,false,,https://laoofficialgazette.gov.la/kcfinder/upload/files/2598ກຕສ2022.pdf,,false,false,false,true,
2,Agreement,legaltype=2&old=0,LA-1911,ຂໍ້ຕົກລົງ ວ່າດ້ວຍການເຊື່ອມຕໍ່ ແລະ ໃຫ້ບໍລິການຂໍ້ຄວາມສັ້ນ,ກະຊວງ ເຕັກໂນໂລຊີ ແລະ ການສື່ສານ,2022-08-12,2022-08-24,in_force,ປັດຈຸບັນ,subsidiary_legislation,false,,https://laoofficialgazette.gov.la/kcfinder/upload/files/2597ກຕສ2022.pdf,,false,false,false,true,
2,Agreement,legaltype=2&old=0,LA-1910,ຂໍ້ຕົກລົງ ວ່າດ້ວຍການພິສູດ ແລະ ຢັ້ງຢືນຕົວຕົນທາງດິຈີຕອນ,ກະຊວງ ເຕັກໂນໂລຊີ ແລະ ການສື່ສານ,2022-08-12,2022-08-24,in_force,ປັດຈຸບັນ,subsidiary_legislation,false,,https://laoofficialgazette.gov.la/kcfinder/upload/files/2596ກຕສ2022.pdf,,false,false,false,true,
2,Agreement,legaltype=2&old=0,LA-1907,ຂໍ້ຕົກລົງ ວ່າດ້ວຍການແກ້ໄຂສະຖາບັນການເງິນທີ່ຢູ່ໃນພາວະວິກິດ,ທະນາຄານແຫ່ງ ສປປ ລາວ,2022-05-31,2022-08-15,in_force,ປັດຈຸບັນ,subsidiary_legislation,false,,https://laoofficialgazette.gov.la/kcfinder/upload/files/402ທຫລ2022.pdf,,false,false,true,true,
2,Agreement,legaltype=2&old=0,LA-1908,ຂໍ້ຕົກລົງ ວ່າດ້ວຍມາດຕະການແຕ່ຫົວທີຕໍ່ສະຖາບັນການເງິນ,ທະນາຄານແຫ່ງ ສປປ ລາວ,2022-05-16,2022-08-15,in_force,ປັດຈຸບັນ,subsidiary_legislation,false,,https://laoofficialgazette.gov.la/kcfinder/upload/files/374ທຫລ2022.pdf,,false,false,true,true,
2,Agreement,legaltype=2&old=0,LA-1906,"ຂໍ້ຕົກລົງ ວ່າດ້ວຍການຮັບຝາກ, ຈັດສົ່ງ ແລະ ແຈກຢາຍ ເຄື່ອງຝາກທາງໄສະນີ",ກະຊວງ ເຕັກໂນໂລຊີ ແລະ ການສື່ສານ,2022-07-27,2022-08-05,in_force,ປັດຈຸບັນ,subsidiary_legislation,false,,https://laoofficialgazette.gov.la/kcfinder/upload/files/2346ກຕສ2022.pdf,,false,false,false,true,
2,Agreement,legaltype=2&old=0,LA-1905,ຂໍ້ຕົກລົງ ວ່າດ້ວຍກອງທຶນສັງຄົມສົງເຄາະ,ແຂວງ ຫຼວງນໍ້າທາ,2022-04-20,2022-08-05,in_force,ປັດຈຸບັນ,subsidiary_legislation,false,,https://laoofficialgazette.gov.la/kcfinder/upload/files/199ຈຂ2022.pdf,,false,false,false,true,
2,Agreement,legaltype=2&old=0,LA-1904,"ຂໍ້ຕົກລົງ ວ່າດ້ວຍການຄຸ້ມຄອງລາຍຮັບ-ລາຍຈ່າຍງົບປະມານ ຂັ້ນແຂວງ, ຂັ້ນເມືອງ ແລະ ຂັ້ນບ້ານ",ແຂວງ ຫຼວງນໍ້າທາ,2021-01-28,2022-08-05,in_force,ປັດຈຸບັນ,subsidiary_legislation,false,,https://laoofficialgazette.gov.la/kcfinder/upload/files/24ຈຂ2021.pdf,,false,false,false,true,
2,Agreement,legaltype=2&old=0,LA-1899,"ຂໍ້ຕົກລົງ ວ່າດ້ວຍການຄຸ້ມຄອງສິ່ງແວດລ້ອມໃນທຸລະກິດຄອບຄົວ, ວິສາຫະກິດຂະໜາດນ້ອຍ ແລະ ກາງ",ກະຊວງ ກະສິກຳ ແລະ ສິ່ງແວດລ້ອມ,2022-03-29,2022-07-27,in_force,ປັດຈຸບັນ,subsidiary_legislation,false,,https://laoofficialgazette.gov.la/kcfinder/upload/files/1174ກຊສ2022.pdf,,false,false,false,true,
2,Agreement,legaltype=2&old=0,LA-1896,ຂໍ້ຕົກລົງ ວ່າດ້ວຍຫ້ອງທົດລອງສິ່ງແວດລ້ອມ,ກະຊວງ ກະສິກຳ ແລະ ສິ່ງແວດລ້ອມ,2022-06-24,2022-07-26,in_force,ປັດຈຸບັນ,subsidiary_legislation,false,,https://laoofficialgazette.gov.la/kcfinder/upload/files/3613ກຊສ2022.pdf,,false,false,false,true,
2,Agreement,legaltype=2&old=0,LA-1897,ຂໍ້ຕົກລົງ ວ່າດ້ວຍກອງທຶນຄຸ້ມຄອງໄພພິບັດ ແລະ ສັງຄົມ-ສົງເຄາະ ຂັ້ນແຂວງ,ແຂວງ ເຊກອງ,2022-05-16,2022-07-26,in_force,ປັດຈຸບັນ,subsidiary_legislation,false,,https://laoofficialgazette.gov.la/kcfinder/upload/files/90ຈຂຊກ2022.pdf,,false,false,false,true,
2,Agreement,legaltype=2&old=0,LA-1898,"ຂໍ້ຕົກລົງ ວ່າດ້ວຍການຄຸ້ມຄອງ ແລະ ບໍລິຫານ ຕົວເມືອງລະມາມ, ແຂວງເຊກອງ",ແຂວງ ເຊກອງ,2022-05-16,2022-07-26,in_force,ປັດຈຸບັນ,subsidiary_legislation,false,,https://laoofficialgazette.gov.la/kcfinder/upload/files/89ຈຂຊກ2022.pdf,,false,false,false,true,
2,Agreement,legaltype=2&old=0,LA-1884,ຂໍ້ຕົກລົງ ວ່າດ້ວຍການຄຸ້ມຄອງກິລາ-ກາຍຍະກຳພື້ນເມືອງ,ກະຊວງ ສຶກສາທິການ ແລະ ກິລາ,2022-06-13,2022-07-06,in_force,ປັດຈຸບັນ,subsidiary_legislation,false,,https://laoofficialgazette.gov.la/kcfinder/upload/files/2324ສສກ2022.pdf,,false,false,false,true,
2,Agreement,legaltype=2&old=0,LA-1882,ຂໍ້ຕົກລົງ ວ່າດ້ວຍມາດຕະຖານກະສິກຳທີ່ດີ ກ່ຽວກັບຄວາມປອດໄພຂອງຜົນຜະລິດ,ກະຊວງ ກະສິກຳ ແລະ ສິ່ງແວດລ້ອມ,2022-06-15,2022-07-06,in_force,ປັດຈຸບັນ,subsidiary_legislation,false,,https://laoofficialgazette.gov.la/kcfinder/upload/files/3004ກປ2022.pdf,,false,false,false,true,
2,Agreement,legaltype=2&old=0,LA-1877,ຂໍ້ຕົກລົງ ວ່າດ້ວຍມາດຕະການປະຢັດ ການໃຊ້ຈ່າຍງົບປະມານຂອງລັດ ໃນຂະແໜງການສຶກສາທິການ ແລະ ກິລາ,ກະຊວງ ສຶກສາທິການ ແລະ ກິລາ,2022-05-13,2022-06-22,in_force,ປັດຈຸບັນ,subsidiary_legislation,false,,https://laoofficialgazette.gov.la/kcfinder/upload/files/1779ສສກ2022.pdf,,false,false,false,true,
2,Agreement,legaltype=2&old=0,LA-1875,ຂໍ້ຕົກລົງ ວ່າດ້ວຍມາດຕະຖານກະສິກຳອິນຊີ,ກະຊວງ ກະສິກຳ ແລະ ສິ່ງແວດລ້ອມ,2022-04-11,2022-06-21,in_force,ປັດຈຸບັນ,subsidiary_legislation,false,,https://laoofficialgazette.gov.la/kcfinder/upload/files/1393ກປ2022.pdf,,false,false,false,true,
2,Agreement,legaltype=2&old=0,LA-1869,ຂໍ້ຕົກລົງ ວ່າດ້ວຍການຄຸ້ມຄອງວິຊາຊີບ ຂອງສະຖາປະນິກ ແລະ ວິສະວະກອນໂຍທາ,ກະຊວງ ໂຍທາທິການ ແລະ ຂົນສົ່ງ,2022-05-10,2022-05-31,in_force,ປັດຈຸບັນ,subsidiary_legislation,false,,https://laoofficialgazette.gov.la/kcfinder/upload/files/10420ຍທຂ2022.pdf,,false,false,false,true,
2,Agreement,legaltype=2&old=0,LA-1867,ຂໍ້ຕົກລົງ ວ່າດ້ວຍສະຖານີດາວທຽມພາກພື້ນດິນ,ກະຊວງ ເຕັກໂນໂລຊີ ແລະ ການສື່ສານ,2022-04-26,2022-05-19,in_force,ປັດຈຸບັນ,subsidiary_legislation,false,,https://laoofficialgazette.gov.la/kcfinder/upload/files/980ກຕສ2022.pdf,,false,false,false,true,
2,Agreement,legaltype=2&old=0,LA-1864,ຂໍ້ຕົກລົງ ວ່າດ້ວຍທຸລະກິດໃຫ້ການບໍລິການທີ່ຕິດພັນກັບທຸລະກິດກ່ຽວກັບແຮ່ທາດ,ກະຊວງ ອຸດສາຫະກຳ ແລະ ການຄ້າ,2022-04-06,2022-04-27,in_force,ປັດຈຸບັນ,subsidiary_legislation,false,,https://laoofficialgazette.gov.la/kcfinder/upload/files/64ພບ2022.pdf,,false,false,false,true,
2,Agreement,legaltype=2&old=0,LA-1855,ຂໍ້ຕົກລົງ ວ່າດ້ວຍການນຳເຂົ້ານໍ້າມັນເຊື້ອໄຟ ແລະ ນຳມັນຫຼໍ່ລື່ນ,ກະຊວງ ອຸດສາຫະກຳ ແລະ ການຄ້າ,2022-03-21,2022-03-28,in_force,ປັດຈຸບັນ,subsidiary_legislation,false,,https://laoofficialgazette.gov.la/kcfinder/upload/files/0317ອຄ2022.pdf,,false,false,false,true,
2,Agreement,legaltype=2&old=0,LA-1856,ຂໍ້ຕົກລົງ ວ່າດ້ວຍລາຍການສິນຄ້າທີ່ຕ້ອງຂໍອະນຸຍາດກ່ອນການນຳເຂົ້າ ຫຼື ສົ່ງອອກ,ກະຊວງ ອຸດສາຫະກຳ ແລະ ການຄ້າ,2022-03-22,2022-03-28,in_force,ປັດຈຸບັນ,subsidiary_legislation,false,,https://laoofficialgazette.gov.la/kcfinder/upload/files/0333ອຄ2022.pdf,,false,false,false,true,
2,Agreement,legaltype=2&old=0,LA-1849,ຂໍ້ຕົກລົງ ວ່າດ້ວຍກອງທຶນຄຸ້ມຄອງໄພພິບັດ ແລະ ສັງຄົມສົງເຄາະ (ສະບັບປັບປຸງ),ແຂວງ ອຸດົມໄຊ,2022-02-24,2022-03-11,in_force,ປັດຈຸບັນ,subsidiary_legislation,true,,https://laoofficialgazette.gov.la/kcfinder/upload/files/111ອຊ2022.pdf,,false,false,false,true,
2,Agreement,legaltype=2&old=0,LA-1848,"ຂໍ້ຕົກລົງ ວ່າດ້ວຍກອງທຶນຄວບຄຸມ, ສະກັດກັ້ນ ແລະ ແກ້ໄຂບັນຫາຢາເສບຕິດ",ແຂວງ ອຸດົມໄຊ,2022-02-24,2022-03-11,in_force,ປັດຈຸບັນ,subsidiary_legislation,false,,https://laoofficialgazette.gov.la/kcfinder/upload/files/110ອຊ2022-1-11.pdf,,false,false,false,true,
2,Agreement,legaltype=2&old=0,LA-1847,ຂໍ້ຕົກລົງ ວ່າດ້ວຍການທົດແທນຄ່າເສຍຫາຍ ຈາກໂຄງການພັດທະນາ ຂອງແຂວງອຸດົມໄຊ,ແຂວງ ອຸດົມໄຊ,2022-02-24,2022-03-11,in_force,ປັດຈຸບັນ,subsidiary_legislation,false,,https://laoofficialgazette.gov.la/kcfinder/upload/files/112ອຊ2022.pdf,,false,false,false,true,
2,Agreement,legaltype=2&old=0,LA-1846,ຂໍ້ຕົກລົງ ວ່າດ້ວຍການຄຸ້ມຄອງແຮ່ທາດອະໂລຫະ ສຳລັບການກໍ່ສ້າງ ແລະ ອຸດສາຫະກຳພາຍໃນ ແຂວງອຸດົມໄຊ,ແຂວງ ອຸດົມໄຊ,2022-02-24,2022-03-11,in_force,ປັດຈຸບັນ,subsidiary_legislation,false,,https://laoofficialgazette.gov.la/kcfinder/upload/files/113ອຊ2022.pdf,,false,false,false,true,
2,Agreement,legaltype=2&old=0,LA-1841,ຂໍ້ຕົກລົງ ວ່າດ້ວຍການກວດກາເຕັກນິກເຮືອ,ກະຊວງ ໂຍທາທິການ ແລະ ຂົນສົ່ງ,2022-02-22,2022-02-25,in_force,ປັດຈຸບັນ,subsidiary_legislation,false,,https://laoofficialgazette.gov.la/kcfinder/upload/files/4545ຍທຂ2022.pdf,,false,false,false,true,
2,Agreement,legaltype=2&old=0,LA-1837,ຂໍ້ຕົກລົງ ວ່າດ້ວຍອຸດສາຫະກຳສີຂຽວ,ກະຊວງ ອຸດສາຫະກຳ ແລະ ການຄ້າ,2022-02-03,2022-02-09,in_force,ປັດຈຸບັນ,subsidiary_legislation,false,,https://laoofficialgazette.gov.la/kcfinder/upload/files/0141ອຄ2022.pdf,,false,false,false,true,
2,Agreement,legaltype=2&old=0,LA-1833,ຂໍ້ຕົກລົງ ວ່າດ້ວຍການແບ່ງຂັ້ນຄຸ້ມຄອງທຸລະກິດຍານພາຫະນະທາງບົກ,ກະຊວງ ອຸດສາຫະກຳ ແລະ ການຄ້າ,2022-01-06,2022-01-19,in_force,ປັດຈຸບັນ,subsidiary_legislation,false,,https://laoofficialgazette.gov.la/kcfinder/upload/files/0023ອຄ2022.pdf,,false,false,false,true,
2,Agreement,legaltype=2&old=0,LA-1831,ຂໍ້ຕົກລົງ ວ່າດ້ວຍລາງວັນຄຸນນະພາບແຫ່ງຊາດ,ກະຊວງ ອຸດສາຫະກຳ ແລະ ການຄ້າ,2022-01-04,2022-01-11,in_force,ປັດຈຸບັນ,subsidiary_legislation,false,,https://laoofficialgazette.gov.la/kcfinder/upload/files/0001ອຄ2022.pdf,,false,false,false,true,
2,Agreement,legaltype=2&old=0,LA-1830,ຂໍ້ຕົກລົງ ວ່າດ້ວຍມາດຕະຖານໂຮງງານສີເຂົ້າ,ກະຊວງ ອຸດສາຫະກຳ ແລະ ການຄ້າ,2021-12-24,2021-12-29,in_force,ປັດຈຸບັນ,subsidiary_legislation,false,,https://laoofficialgazette.gov.la/kcfinder/upload/files/1319ອຄ2021.pdf,,false,false,false,true,
2,Agreement,legaltype=2&old=0,LA-1829,ຂໍ້ຕົກລົງ ວ່າດ້ວຍທຸລະກິດການຈຳໜ່າຍວັດຖຸມີຄ່າ,ກະຊວງ ອຸດສາຫະກຳ ແລະ ການຄ້າ,2021-12-01,2021-12-29,in_force,ປັດຈຸບັນ,subsidiary_legislation,false,,https://laoofficialgazette.gov.la/kcfinder/upload/files/1145ອຄ2021.pdf,,false,false,false,true,
2,Agreement,legaltype=2&old=0,LA-1822,ຂໍ້ຕົກລົງ ວ່າດ້ວຍສະຫະກອນສິນເຊື່ອ ແລະ ເງິນຝາກປະຢັດ,ທະນາຄານແຫ່ງ ສປປ ລາວ,2021-12-06,2021-12-13,in_force,ປັດຈຸບັນ,subsidiary_legislation,false,,https://laoofficialgazette.gov.la/kcfinder/upload/files/695ທຫລ2021.pdf,,false,false,false,true,
2,Agreement,legaltype=2&old=0,LA-1823,ຂໍ້ຕົກລົງ ວ່າດ້ວຍການບໍລິຫານລະບົບເຕັກໂນໂລຊີຂໍ້ມູນຂ່າວສານ ຂອງຜູ້ໃຫ້ບໍລິການທາງດ້ານການເງິນ,ທະນາຄານແຫ່ງ ສປປ ລາວ,2021-12-06,2021-12-13,in_force,ປັດຈຸບັນ,subsidiary_legislation,false,,https://laoofficialgazette.gov.la/kcfinder/upload/files/696ທຫລ2021.pdf,,false,false,true,true,
2,Agreement,legaltype=2&old=0,LA-1813,ຂໍ້ຕົກລົງ ວ່າດ້ວຍການຈັດລະດັບຄວາມສ່ຽງຜົນກະທົບດ້ານສິ່ງແວດລ້ອມຂອງໂຮງງານອຸດສາຫະກຳປຸງແຕ່ງ,ກະຊວງ ອຸດສາຫະກຳ ແລະ ການຄ້າ,2021-10-12,2021-10-15,in_force,ປັດຈຸບັນ,subsidiary_legislation,false,,https://laoofficialgazette.gov.la/kcfinder/upload/files/0948ອຄ2021.pdf,,false,false,false,true,
2,Agreement,legaltype=2&old=0,LA-1809,ຂໍ້ຕົກລົງ ວ່າດ້ວຍການຮັບຮອງເອົາລາຍການຜະລິດຕະພັນໄມ້ ເພື່ອສົ່ງອອກ,ກະຊວງ ອຸດສາຫະກຳ ແລະ ການຄ້າ,2021-09-14,2021-09-17,in_force,ປັດຈຸບັນ,subsidiary_legislation,false,,https://laoofficialgazette.gov.la/kcfinder/upload/files/0851ອຄ2021.pdf,,false,false,false,true,
2,Agreement,legaltype=2&old=0,LA-1808,ຂໍ້ຕົກລົງ ວ່າດ້ວຍສະຫຼາກເຄມີ,ກະຊວງ ອຸດສາຫະກຳ ແລະ ການຄ້າ,2021-09-15,2021-09-17,in_force,ປັດຈຸບັນ,subsidiary_legislation,false,,https://laoofficialgazette.gov.la/kcfinder/upload/files/0863ອຄ2021.pdf,,false,false,false,true,
2,Agreement,legaltype=2&old=0,LA-1807,ຂໍ້ຕົກລົງ ວ່າດ້ວຍລາຍການສິນຄ້າເກືອດຫ້າມການນຳເຂົ້າ ຫຼື ສົ່ງອອກ,ກະຊວງ ອຸດສາຫະກຳ ແລະ ການຄ້າ,2021-09-13,2021-09-17,in_force,ປັດຈຸບັນ,subsidiary_legislation,false,,https://laoofficialgazette.gov.la/kcfinder/upload/files/0848ອຄ2021.pdf,,false,false,false,true,
2,Agreement,legaltype=2&old=0,LA-1805,ຂໍ້ຕົກລົງ ວ່າດ້ວຍການຄວບຄຸມສານຊືນໃນນໍ້າສີ ຫຼື ຜະລິດຕະພັນເຄືອບ,ກະຊວງ ກະສິກຳ ແລະ ສິ່ງແວດລ້ອມ,2021-08-23,2021-09-02,in_force,ປັດຈຸບັນ,subsidiary_legislation,false,,https://laoofficialgazette.gov.la/kcfinder/upload/files/4566ກຊສ2021.pdf,,false,false,false,true,
2,Agreement,legaltype=2&old=0,LA-1804,ຂໍ້ຕົກລົງ ວ່າດ້ວຍການຕິດຕາມ ກວດກາວິຊາການດ້ານສິ່ງແວດລ້ອມ ໃນໂຄງການລົງທຶນ ແລະ ກິດຈະການຕ່າງໆ ຂອງຂະແໜງການຊັບພະຍາກອນທຳມະຊາດ ແລະ ສິ່ງແວດລ້ອມ,ກະຊວງ ກະສິກຳ ແລະ ສິ່ງແວດລ້ອມ,2021-05-26,2021-09-02,in_force,ປັດຈຸບັນ,subsidiary_legislation,false,,https://laoofficialgazette.gov.la/kcfinder/upload/files/2319ກຊສ2021.pdf,,false,false,false,true,
2,Agreement,legaltype=2&old=0,LA-1800,"ຂໍ້ຕົກລົງ ວ່າດ້ວຍການຄຸ້ມຄອງ ແລະ ຕິດຕາມ ກວດກາການບຳບັດ, ກຳຈັດ ສິ່ງເສດເຫຼືອເຄມີເປັນພິດ ແລະ ອັນຕະລາຍ",ກະຊວງ ກະສິກຳ ແລະ ສິ່ງແວດລ້ອມ,2021-08-03,2021-08-18,in_force,ປັດຈຸບັນ,subsidiary_legislation,false,,https://laoofficialgazette.gov.la/kcfinder/upload/files/3649ກຊສ2021.pdf,,false,false,false,true,
2,Agreement,legaltype=2&old=0,LA-1790,ຂໍ້ຕົກລົງ ວ່າດ້ວຍການຄຸ້ມຄອງ ການໃຫ້ຖືພາແທນ ແລະ ການໃຫ້ຫຼຸລູກ,ກະຊວງ ສາທາລະນະສຸກ,2021-07-08,2021-07-16,in_force,ປັດຈຸບັນ,subsidiary_legislation,false,,https://laoofficialgazette.gov.la/kcfinder/upload/files/2077ສທ2021.pdf,,false,false,false,true,
2,Agreement,legaltype=2&old=0,LA-1789,ຂໍ້ຕົກລົງ ວ່າດ້ວຍການຄຸ້ມຄອງໂປຣແກຣມບັນຊີ,ກະຊວງ ການເງິນ,2020-07-14,2021-07-13,in_force,ປັດຈຸບັນ,subsidiary_legislation,false,,https://laoofficialgazette.gov.la/kcfinder/upload/files/1835ກງ2020.pdf,,false,false,false,true,
2,Agreement,legaltype=2&old=0,LA-1788,ຂໍ້ຕົກລົງ ວ່າດ້ວຍການຄຸ້ມຄອງເຄມີພາຍໃຕ້ອະນຸສັນຍາມົງເຣອານ,ກະຊວງ ກະສິກຳ ແລະ ສິ່ງແວດລ້ອມ,2021-04-07,2021-07-12,in_force,ປັດຈຸບັນ,subsidiary_legislation,false,,https://laoofficialgazette.gov.la/kcfinder/upload/files/1686ກຊສ2021.pdf,,false,false,false,true,
2,Agreement,legaltype=2&old=0,LA-1787,ຂໍ້ຕົກລົງ ວ່າດ້ວຍການຄວບຄຸມມົນລະພິດ,ກະຊວງ ກະສິກຳ ແລະ ສິ່ງແວດລ້ອມ,2021-04-07,2021-07-12,in_force,ປັດຈຸບັນ,subsidiary_legislation,false,,https://laoofficialgazette.gov.la/kcfinder/upload/files/1687ກຊສ2021.pdf,,false,false,false,true,
2,Agreement,legaltype=2&old=0,LA-1784,ຂໍ້ຕົກລົງ ວ່າດ້ວຍການຄຸ້ມຄອງສິນຄ້າຜ່ານແດນ,ກະຊວງ ອຸດສາຫະກຳ ແລະ ການຄ້າ,2021-06-14,2021-06-21,in_force,ປັດຈຸບັນ,subsidiary_legislation,false,,https://laoofficialgazette.gov.la/kcfinder/upload/files/0451ອຄ.ກຂອ2021.pdf,,false,false,false,true,
2,Agreement,legaltype=2&old=0,LA-1779,ຂໍ້ຕົກລົງ ວ່າດ້ວຍການຄຸ້ມຄອງໂຮງຮຽນສອນຂັບລົດ,ກະຊວງ ໂຍທາທິການ ແລະ ຂົນສົ່ງ,2021-05-11,2021-05-24,in_force,ປັດຈຸບັນ,subsidiary_legislation,false,,https://laoofficialgazette.gov.la/kcfinder/upload/files/09161-MPWT.pdf,,false,false,false,true,
2,Agreement,legaltype=2&old=0,LA-1780,ຂໍ້ຕົກລົງ ວ່າດ້ວຍການຄຸ້ມຄອງໃບຂັບຂີ່ຍານພາຫະນະຂົນສົ່ງທາງບົກ,ກະຊວງ ໂຍທາທິການ ແລະ ຂົນສົ່ງ,2021-05-11,2021-05-24,in_force,ປັດຈຸບັນ,subsidiary_legislation,false,,https://laoofficialgazette.gov.la/kcfinder/upload/files/09163-MPWT.pdf,,false,false,false,true,
2,Agreement,legaltype=2&old=0,LA-1777,ຂໍ້ຕົກລົງ ວ່າດ້ວຍຢາຕ້ານເຊື້ອຈຸລະຊີບ ສຳລັບ ສັດ ແລະ ສັດນ້ຳ,ກະຊວງ ກະສິກຳ ແລະ ສິ່ງແວດລ້ອມ,2021-05-12,2021-05-20,in_force,ປັດຈຸບັນ,subsidiary_legislation,false,,https://laoofficialgazette.gov.la/kcfinder/upload/files/scan0001 (1).pdf,,false,false,false,true,
2,Agreement,legaltype=2&old=0,LA-1774,ຂໍ້ຕົກລົງ ວ່າດ້ວຍການໃຫ້ບໍລິການຜະລິດຕະພັນຂອງທະນາຄານທຸລະກິດ,ທະນາຄານແຫ່ງ ສປປ ລາວ,2021-04-21,2021-04-26,in_force,ປັດຈຸບັນ,subsidiary_legislation,false,,https://laoofficialgazette.gov.la/kcfinder/upload/files/199ທຫລ2021.pdf,,false,false,true,true,
2,Agreement,legaltype=2&old=0,LA-1773,"ຂໍ້ຕົກລົງ ວ່າດ້ວຍການກຳນົດບັນຊີໄມ້ I,II ແລະ III",ກະຊວງ ກະສິກຳ ແລະ ສິ່ງແວດລ້ອມ,2021-04-06,2021-04-22,in_force,ປັດຈຸບັນ,subsidiary_legislation,false,,https://laoofficialgazette.gov.la/kcfinder/upload/files/0448ກປ2021.pdf,,false,false,false,true,
2,Agreement,legaltype=2&old=0,LA-1761,ຂໍ້ຕົກລົງ ວ່າດ້ວຍໂຄງສ້າງມາດຕະຖານສີມືແຮງງານແຫ່ງຊາດ,ກະຊວງ ແຮງງານ ແລະ ສະຫວັດດີການສັງຄົມ,2020-12-22,2021-04-06,in_force,ປັດຈຸບັນ,subsidiary_legislation,false,,https://laoofficialgazette.gov.la/kcfinder/upload/files/4358ຮສສ2021.pdf,,false,false,true,true,
2,Agreement,legaltype=2&old=0,LA-1763,ຂໍ້ຕົກລົງ ວ່າດ້ວຍການອະນຸຍາດໃຫ້ຜູ້ອອກແຮງງານຕ່າງປະເທດ ເຂົ້າມາເຮັດວຽກຢູ ສປປ ລາວ,ກະຊວງ ແຮງງານ ແລະ ສະຫວັດດີການສັງຄົມ,2021-02-23,2021-04-06,in_force,ປັດຈຸບັນ,subsidiary_legislation,false,,https://laoofficialgazette.gov.la/kcfinder/upload/files/0600ຮສສ2021.pdf,,false,false,true,true,
2,Agreement,legaltype=2&old=0,LA-1765,"ຂໍ້ຕົກລົງ ວ່າດ້ວຍການນຳເຂົ້າຊົ່ວຄາວ, ສົ່ງອອກຊົ່ວຄາວ ແລະ ນຳເຂົ້າເພື່ອສົ່ງອອກຕໍ່ ສິນຄ້າຄຸ້ມຄອງ",ກະຊວງ ອຸດສາຫະກຳ ແລະ ການຄ້າ,2021-03-25,2021-04-06,in_force,ປັດຈຸບັນ,subsidiary_legislation,false,,https://laoofficialgazette.gov.la/kcfinder/upload/files/0230ອຄ2021.pdf,,false,false,false,true,
2,Agreement,legaltype=2&old=0,LA-1766,"ຂໍ້ຕົກລົງ ວ່າດ້ວຍການອະນຸຍາດດຳເນີນ ວິສາຫະກິດບັນຊີ, ວິສາຫະກິດກວດສອບ ແລະ ນັກກວດສອບຕາມກົດໝາຍ",ກະຊວງ ການເງິນ,2021-02-16,2021-04-06,in_force,ປັດຈຸບັນ,subsidiary_legislation,false,,https://laoofficialgazette.gov.la/kcfinder/upload/files/0875ກງ2021 (2).pdf,,false,false,false,true,
2,Agreement,legaltype=2&old=0,LA-1754,ຂໍ້ຕົກລົງ ວ່າດ້ວຍຊິ້ນສ່ວນຍານພາຫະນະທາງບົກ,ກະຊວງ ອຸດສາຫະກຳ ແລະ ການຄ້າ,2021-03-23,2021-03-30,in_force,ປັດຈຸບັນ,subsidiary_legislation,false,,https://laoofficialgazette.gov.la/kcfinder/upload/files/0221ອຄ2021.pdf,,false,false,false,true,
2,Agreement,legaltype=2&old=0,LA-1752,ຂໍ້ຕົກລົງ ວ່າດ້ວຍບັນຊີເຄມີອຸດສາຫະກຳ,ກະຊວງ ອຸດສາຫະກຳ ແລະ ການຄ້າ,2021-03-23,2021-03-30,in_force,ປັດຈຸບັນ,subsidiary_legislation,false,,https://laoofficialgazette.gov.la/kcfinder/upload/files/0220ອຄ2021.pdf,,false,false,false,true,
2,Agreement,legaltype=2&old=0,LA-1775,ຂໍ້ຕົກລົງ ວ່າດ້ວຍການກຳນົດເຂດປະເມີນລາຄາທີ່ດິນ ແລະ ສິ່ງປຸກສ້າງ ແຂວງໄຊຍະບູລີ,ແຂວງ ໄຊຍະບູລີ,2021-03-18,2021-03-29,in_force,ປັດຈຸບັນ,subsidiary_legislation,false,,https://laoofficialgazette.gov.la/kcfinder/upload/files/246ຈຂຊຍ2021.pdf,,false,false,false,true,
2,Agreement,legaltype=2&old=0,LA-1750,ຂໍ້ຕົກລົງ ວ່າດ້ວຍການຄຸ້ມຄອງທຶນພັດທະນາຊຸມຊົນ ຂອງໂຄງການຜະລິດໄຟຟ້າສະເພາະ ສຳລັບ IPP,ກະຊວງ ອຸດສາຫະກຳ ແລະ ການຄ້າ,2019-08-22,2021-03-22,in_force,ປັດຈຸບັນ,subsidiary_legislation,false,,https://laoofficialgazette.gov.la/kcfinder/upload/files/1605ພບ2019.pdf,,false,false,false,true,
2,Agreement,legaltype=2&old=0,LA-1741,ຂໍ້ຕົກລົງ ວ່າດ້ວຍການສ້າງນະຄອນຫຼວງວຽງຈັນສະຫວ່າງ,ນະ​ຄອນ​ຫຼວງວຽງຈັນ,2020-12-15,2021-03-17,in_force,ປັດຈຸບັນ,subsidiary_legislation,false,,https://laoofficialgazette.gov.la/kcfinder/upload/files/748ຈນວ2020.pdf,,false,false,false,true,
2,Agreement,legaltype=2&old=0,LA-1742,ຂໍ້ຕົກລົງ ວ່າດ້ວຍການສ້າງນະຄອນຫຼວງວຽງຈັນສີຂຽວ,ນະ​ຄອນ​ຫຼວງວຽງຈັນ,2020-11-11,2021-03-17,in_force,ປັດຈຸບັນ,subsidiary_legislation,false,,https://laoofficialgazette.gov.la/kcfinder/upload/files/699ຈນວ2020.pdf,,false,false,false,true,
2,Agreement,legaltype=2&old=0,LA-1744,ຂໍ້ຕົກລົງ ວ່າດ້ວຍການຄຸ້ມຄອງການຂຸດຄົ້ນ ດິນດຳ-ດິນແດງ ພາຍໃນແຂວງສະຫວັນນະເຂດ,ແຂວງ ສະຫວັນນະເຂດ,2020-11-06,2021-03-17,in_force,ປັດຈຸບັນ,subsidiary_legislation,false,,https://laoofficialgazette.gov.la/kcfinder/upload/files/2010ຈຂສຂ2020-1-11.pdf,,false,false,false,true,
2,Agreement,legaltype=2&old=0,LA-1746,"ຂໍ້ຕົກລົງ ວ່າດ້ວຍການຄຸ້ມຄອງການບໍລິການ ຮ້ານອາຫານ, ຮ້ານກິນດື່ມ ແລະ ຮ້ານບັນເທິງ",ແຂວງ ສະຫວັນນະເຂດ,2020-11-25,2021-03-17,in_force,ປັດຈຸບັນ,subsidiary_legislation,false,,https://laoofficialgazette.gov.la/kcfinder/upload/files/2142ຈຂສຂ2020.pdf,,false,false,false,true,
2,Agreement,legaltype=2&old=0,LA-1740,"ຂໍ້ຕົກລົງ ວ່າດ້ວຍການກຳນົດຂອບເຂດ ແລະ ຮັບຮອງຫົວໜ່ວຍລາຄາທົດແທນຄ່າເສຍຫາຍໃຫ້ແກ່ຜູ້ຖືສິດນຳໃຊ້ທີ່ດິນ ໃນເຂດພັດທະນາ ເນື້ອທີ່ 51,1 ເຮັກຕາ ຂອງໂຄງການທ່າບົກ ທ່ານາແລ້ງ ແລະ ເຂດໂລຊິດສະຕິກ ນະຄອນຫຼວງວຽງຈັນ (ແບບຄົບວົງຈອນ)",ນະ​ຄອນ​ຫຼວງວຽງຈັນ,2020-12-25,2021-03-10,in_force,ປັດຈຸບັນ,subsidiary_legislation,false,,https://laoofficialgazette.gov.la/kcfinder/upload/files/768ຈນວ2020.pdf,,false,false,false,true,
2,Agreement,legaltype=2&old=0,LA-1739,ຂໍ້ຕົກລົງ ວ່າດ້ວຍທຸລະກິດການນຳເຂົ້າ ແລະ ສົ່ງອອກວັດຖຸມີຄ່າ,ກະຊວງ ອຸດສາຫະກຳ ແລະ ການຄ້າ,2021-02-26,2021-03-03,in_force,ປັດຈຸບັນ,subsidiary_legislation,false,,https://laoofficialgazette.gov.la/kcfinder/upload/files/0144ອຄ2021.pdf,,false,false,false,true,
2,Agreement,legaltype=2&old=0,LA-1734,ຂໍ້ຕົກລົງ ວ່າດ້ວຍການຄຸ້ມຄອງເລກໝາຍໂທລະສັບ,ກະຊວງ ເຕັກໂນໂລຊີ ແລະ ການສື່ສານ,2021-02-09,2021-02-22,in_force,ປັດຈຸບັນ,subsidiary_legislation,false,,https://laoofficialgazette.gov.la/kcfinder/upload/files/350ປທສ2021.pdf,,false,false,false,true,
2,Agreement,legaltype=2&old=0,LA-1735,ຂໍ້ຕົກລົງ ວ່າດ້ວຍມາດຕະຖານເຕັກນິກການເຊື່ອມໂຍງຂໍ້ມູນຂອງລະບົບບໍລິຫານລັດດ້ວຍເອເລັກໂຕຣນິກ,ກະຊວງ ເຕັກໂນໂລຊີ ແລະ ການສື່ສານ,2021-02-09,2021-02-22,in_force,ປັດຈຸບັນ,subsidiary_legislation,false,,https://laoofficialgazette.gov.la/kcfinder/upload/files/531ປທສ2021.pdf,,false,false,true,true,
2,Agreement,legaltype=2&old=0,LA-1730,ຂໍ້ຕົກລົງ ວ່າດ້ວຍການເກັບຮັກສາເຄມີ,ກະຊວງ ອຸດສາຫະກຳ ແລະ ການຄ້າ,2021-02-01,2021-02-11,in_force,ປັດຈຸບັນ,subsidiary_legislation,false,,https://laoofficialgazette.gov.la/kcfinder/upload/files/0072ອຄ2021.pdf,,false,false,false,true,
2,Agreement,legaltype=2&old=0,LA-1728,ຂໍ້ຕົກລົງ ວ່າດ້ວຍການເກັບກຳຂໍ້ມູນພາກສະໜາມເບື້ອງຕົ້ນ,ກະຊວງ ອຸດສາຫະກຳ ແລະ ການຄ້າ,2021-01-28,2021-02-09,in_force,ປັດຈຸບັນ,subsidiary_legislation,false,,https://laoofficialgazette.gov.la/kcfinder/upload/files/0106ພບ2021.pdf,,false,false,true,true,
2,Agreement,legaltype=2&old=0,LA-1726,ຂໍ້ຕົກລົງ ວ່າດ້ວຍການແບ່ງຄວາມຮັບຜິດຊອບ ໃນການພິຈາລະນາຮັບຮອງແຜນຮັບມືສຸກເສີນຂອງໂຄງການເຂື່ອນ,ກະຊວງ ອຸດສາຫະກຳ ແລະ ການຄ້າ,2020-07-23,2021-01-26,in_force,ປັດຈຸບັນ,subsidiary_legislation,false,,https://laoofficialgazette.gov.la/kcfinder/upload/files/68ນຍ2020.pdf,https://laoofficialgazette.gov.la/kcfinder/upload/files/68-PM-Agreement-dam -Eng.pdf,true,false,false,true,
2,Agreement,legaltype=2&old=0,LA-1725,"ຂໍ້ຕົກລົງ ວ່າດ້ວຍການຄຸ້ມຄອງ ແລະ ຕິດຕາມການບຳບັດ, ການກຳຈັດ ສານເຄມີພີຊີບີ ໃນໝໍ້ແປງໄຟຟ້າ",ກະຊວງ ກະສິກຳ ແລະ ສິ່ງແວດລ້ອມ,2020-12-30,2021-01-20,in_force,ປັດຈຸບັນ,subsidiary_legislation,false,,https://laoofficialgazette.gov.la/kcfinder/upload/files/5925 ກຊສ 2020 .pdf,,false,false,false,true,
2,Agreement,legaltype=2&old=0,LA-1719,ຂໍ້ຕົກລົງ ວ່າດ້ວຍສູນສົ່ງເສີມຫັດຖະກຳ,ກະຊວງ ອຸດສາຫະກຳ ແລະ ການຄ້າ,2020-01-31,2021-01-06,in_force,ປັດຈຸບັນ,subsidiary_legislation,false,,https://laoofficialgazette.gov.la/kcfinder/upload/files/1227ອຄ2020.pdf,,false,false,false,true,
2,Agreement,legaltype=2&old=0,LA-1714,"ຂໍ້ຕົກລົງ ວ່າດ້ວຍການຂຶ້ນທະບຽນບັນຊີເຄມີ, ການນຳເຂົ້າ, ສົ່ງອອກ ແລະ ສົ່ງຜ່ານເຄມີ",ກະຊວງ ອຸດສາຫະກຳ ແລະ ການຄ້າ,2020-12-24,2020-12-29,in_force,ປັດຈຸບັນ,subsidiary_legislation,false,,https://laoofficialgazette.gov.la/kcfinder/upload/files/1204ອຄ2020.pdf,,false,false,true,true,
2,Agreement,legaltype=2&old=0,LA-1713,ຂໍ້ຕົກລົງ ວ່າດ້ວຍການຢັ້ງຢືນແຫຼ່ງກຳເນີດສິນຄ້າດ້ວຍຕົນເອງພາຍໃຕ້ສັນຍາການຄ້າດ້ານສິນຄ້າອາຊຽນ,ກະຊວງ ອຸດສາຫະກຳ ແລະ ການຄ້າ,2020-12-25,2020-12-29,in_force,ປັດຈຸບັນ,subsidiary_legislation,false,,https://laoofficialgazette.gov.la/kcfinder/upload/files/1206ອຄ2020.pdf,,false,false,false,true,
2,Agreement,legaltype=2&old=0,LA-1710,ຂໍ້ຕົກລົງ ວ່າດ້ວຍການຄຸ້ມຄອງທາງດ່ວນສຳປະທານ ນະຄອນຫຼວງວຽງຈັນ-ວັງວຽງ,ກະຊວງ ໂຍທາທິການ ແລະ ຂົນສົ່ງ,2020-12-18,2020-12-23,in_force,ປັດຈຸບັນ,subsidiary_legislation,false,,https://laoofficialgazette.gov.la/kcfinder/upload/files/ຂໍ້ຕົກລົງ ວ່າດ້ວຍທາງດ່ວນສໍາປະທານ ນະຄອນຫຼວງວຽງຈັນ-ວັງວຽງ ຮັບຮອງແລ້ວ 30428-MPWT.pdf,,false,false,false,true,
2,Agreement,legaltype=2&old=0,LA-1704,ຂໍ້ຕົກລົງ ວ່າດ້ວຍການກວດກາຄື້ນຄວາມຖີ່ວິທະຍຸສື່ສານ,ກະຊວງ ເຕັກໂນໂລຊີ ແລະ ການສື່ສານ,2020-11-16,2020-12-22,in_force,ປັດຈຸບັນ,subsidiary_legislation,false,,https://laoofficialgazette.gov.la/kcfinder/upload/files/219ປທສ2020.pdf,,false,false,true,true,
2,Agreement,legaltype=2&old=0,LA-1705,ຂໍ້ຕົກລົງ ວ່າດ້ວຍລະບົບສື່ສານຜ່ານສະຖານີດາວທຽມຂະໜາດນ້ອຍ,ກະຊວງ ເຕັກໂນໂລຊີ ແລະ ການສື່ສານ,2020-12-17,2020-12-22,in_force,ປັດຈຸບັນ,subsidiary_legislation,false,,https://laoofficialgazette.gov.la/kcfinder/upload/files/2322ປທສ2020.pdf,,false,false,true,true,
2,Agreement,legaltype=2&old=0,LA-1706,ຂໍ້ຕົກລົງ ວ່າດ້ວຍການເຊື່ອມຕໍ່ລະບົບເຄືອຂ່າຍອິນເຕີເນັດ,ກະຊວງ ເຕັກໂນໂລຊີ ແລະ ການສື່ສານ,2020-12-17,2020-12-22,in_force,ປັດຈຸບັນ,subsidiary_legislation,false,,https://laoofficialgazette.gov.la/kcfinder/upload/files/2321ປທສ2020.pdf,,false,false,true,true,
2,Agreement,legaltype=2&old=0,LA-1707,"ຂໍ້ຕົກລົງ ວ່າດ້ວຍຄຸນນະພາບເຄືອຂ່າຍໂທລະສັບມືຖື, ອິນເຕີເນັດ ແລະ ການບໍລິການ",ກະຊວງ ເຕັກໂນໂລຊີ ແລະ ການສື່ສານ,2020-12-17,2020-12-22,in_force,ປັດຈຸບັນ,subsidiary_legislation,false,,https://laoofficialgazette.gov.la/kcfinder/upload/files/2323ປທສ2020.pdf,,false,false,true,true,
2,Agreement,legaltype=2&old=0,LA-1697,ຂໍ້ຕົກລົງ ວ່າດ້ວຍການຄຸ້ມຄອງຄຸນນະພາບ ແລະ ຄວາມປອດໄພ ອຸປະກອນພິເສດ,ກະຊວງ ອຸດສາຫະກຳ ແລະ ການຄ້າ,2020-11-27,2020-12-14,in_force,ປັດຈຸບັນ,subsidiary_legislation,false,,https://laoofficialgazette.gov.la/kcfinder/upload/files/1571ກວຕ2020.pdf,,false,false,false,true,
2,Agreement,legaltype=2&old=0,LA-1698,ຂໍ້ຕົກລົງ ວ່າດ້ວຍການຄຸ້ມຄອງສິນຄ້າຫຸ້ມຫໍ່,ກະຊວງ ອຸດສາຫະກຳ ແລະ ການຄ້າ,2020-11-27,2020-12-14,in_force,ປັດຈຸບັນ,subsidiary_legislation,false,,https://laoofficialgazette.gov.la/kcfinder/upload/files/1572ກວຕ2020.pdf,,false,false,false,true,
2,Agreement,legaltype=2&old=0,LA-1699,ຂໍ້ຕົກລົງ ວ່າດ້ວຍການຄຸ້ມຄອງຄວາມປອດໄພຂອງ ອຸປະກອນເຄື່ອງໃຊ້ໄຟຟ້າ ແລະ ເອເລັກໂຕຣນິກ,ກະຊວງ ອຸດສາຫະກຳ ແລະ ການຄ້າ,2020-11-27,2020-12-14,in_force,ປັດຈຸບັນ,subsidiary_legislation,false,,https://laoofficialgazette.gov.la/kcfinder/upload/files/1573ກວຕ2020.pdf,,false,false,true,true,
2,Agreement,legaltype=2&old=0,LA-1700,ຂໍ້ຕົກລົງ ວ່າດ້ວຍການປົກປ້ອງຜູ້ຊົມໃຊ້ຂົງເຂດມາດຕະຖານ ແລະ ການວັດແທກ,ກະຊວງ ອຸດສາຫະກຳ ແລະ ການຄ້າ,2020-11-27,2020-12-14,in_force,ປັດຈຸບັນ,subsidiary_legislation,false,,https://laoofficialgazette.gov.la/kcfinder/upload/files/1574ກວຕ200.pdf,,false,false,false,true,
2,Agreement,legaltype=2&old=0,LA-1690,"ຂໍ້ຕົກລົງ ວ່າດ້ວຍການຄຸ້ມຄອງ, ບູລະນະ, ນຳໃຊ້ປ່າຊາ ແລະ ທີ່ດິນປ່າຊາທຳມະຊາດຢູ່ ແຂວງອຸດົມໄຊ",ແຂວງ ອຸດົມໄຊ,2019-08-21,2020-11-23,in_force,ປັດຈຸບັນ,subsidiary_legislation,false,,https://laoofficialgazette.gov.la/kcfinder/upload/files/760ອຊ2019.pdf,,false,false,false,true,
2,Agreement,legaltype=2&old=0,LA-1687,ຂໍ້ຕົກລົງ ວ່າດ້ວຍການກຳນົດຫົວໜ່ວຍລາຄາທົດແທນຄ່າເສຍຫາຍໃຫ້ຜູ້ທີ່ໄດ້ຮັບຜົນກະທົບຈາກໂຄງການຄຸ້ມຄອງຄວາມສ່ຽງໄພພິບັດນໍ້າຖ້ວມເທດສະບານເມືອງໄຊ ແຂວງອຸດົມໄຊ,ແຂວງ ອຸດົມໄຊ,2020-09-15,2020-11-06,in_force,ປັດຈຸບັນ,subsidiary_legislation,false,,https://laoofficialgazette.gov.la/kcfinder/upload/files/1105ອຊ2020.pdf,,false,false,false,true,
2,Agreement,legaltype=2&old=0,LA-1685,ຂໍ້ຕົກລົງ ວ່າດ້ວຍການຢັ້ງຢືນຄື້ນຄວາມຖີ່ວິທະຍຸສື່ສານ ສຳລັບເຄື່ອງບິນບໍ່ມີຄົນຂັບ,ກະຊວງ ເຕັກໂນໂລຊີ ແລະ ການສື່ສານ,2020-09-11,2020-10-23,in_force,ປັດຈຸບັນ,subsidiary_legislation,false,,https://laoofficialgazette.gov.la/kcfinder/upload/files/1831ປທສ2020.pdf,,false,false,true,true,
2,Agreement,legaltype=2&old=0,LA-1684,ຂໍ້ຕົກລົງ ວ່າດ້ວຍມາດຕະຖານ ສີ່ ສ ຂອງບັນດາບ້ານໃນຕົວເມືອງຢູ່ແຂວງອຸດົມໄຊ,ແຂວງ ອຸດົມໄຊ,2018-10-09,2020-10-20,in_force,ປັດຈຸບັນ,subsidiary_legislation,false,,https://laoofficialgazette.gov.la/kcfinder/upload/files/1292ອຊ2018.pdf,,false,false,false,true,
2,Agreement,legaltype=2&old=0,LA-1683,ຂໍ້ຕົກລົງ ວ່າດ້ວຍການກວດກາຄຸນນະພາບວິສະວະກຳກໍ່ສ້າງ ຢູ ສປປ ລາວ,ກະຊວງ ອຸດສາຫະກຳ ແລະ ການຄ້າ,2020-10-08,2020-10-15,in_force,ປັດຈຸບັນ,subsidiary_legislation,false,,https://laoofficialgazette.gov.la/kcfinder/upload/files/1210ກວຕ2020.pdf,,false,false,false,true,
2,Agreement,legaltype=2&old=0,LA-1679,"ຂໍ້ຕົກລົງ ວ່າດ້ວຍການກຳນົດຂອບເຂດ ແລະ ປະເມີນຫົວໜ່ວຍລາຄາຜົນລະປູກ, ສິ່ງກໍ່ສ້າງ, ເນື້ອທີ່ດິນ ທີ່ຖືກກັບແລວທາງການກໍ່ສ້າງສາຍສົ່ງໄຟຟ້າແຮງສູງ 230 ກິໂລໂວນ ຂອງລັດວິສາຫະກິດໄຟຟ້າລາວ ແຕ່ສະຖານີນາບົງ ເມືອງປາກງື່ມ ຫາສະຖານີດົງໂພສີ ເມືອງຫາດຊາຍຟອງ ນະຄອນຫຼວງວຽງຈັນ",ນະ​ຄອນ​ຫຼວງວຽງຈັນ,2020-09-08,2020-10-13,in_force,ປັດຈຸບັນ,subsidiary_legislation,false,,https://laoofficialgazette.gov.la/kcfinder/upload/files/578ຈນວ2020.pdf,,false,false,false,true,
2,Agreement,legaltype=2&old=0,LA-1678,ຂໍ້ຕົກລົງ ວ່າດ້ວຍການກຳນົດປະເມີນລາຄາທີ່ດິນ ແລະ ສິ່ງປຸກສ້າງ ຂອງແຂວງຊຽງຂວາງ,ແຂວງ ຊຽງຂວາງ,2020-08-06,2020-10-05,in_force,ປັດຈຸບັນ,subsidiary_legislation,false,,https://laoofficialgazette.gov.la/kcfinder/upload/files/407ຊຂ2020.pdf,,false,false,false,true,
2,Agreement,legaltype=2&old=0,LA-1669,"ຂໍ້ຕົກລົງ ວ່າດ້ວຍການແບ່ງຂັ້ນປະລິມານຊັບພະຍາກອນແຮ່ທາດ, ປະລິມານສະສົມແຮ່ທາດ; ການແບ່ງປະເພດແຫຼ່ງແຮ່ເພື່ອການສຳຫຼວດ ແລະ ເຕັກນິກການສຳຫຼວດແຮ່ທາດ",ກະຊວງ ອຸດສາຫະກຳ ແລະ ການຄ້າ,2020-08-17,2020-09-11,in_force,ປັດຈຸບັນ,subsidiary_legislation,false,,https://laoofficialgazette.gov.la/kcfinder/upload/files/1211ພບ2020.pdf,,false,false,false,true,
2,Agreement,legaltype=2&old=0,LA-1670,ຂໍ້ຕົກລົງ ວ່າດ້ວຍການຈັດຕັ້ງ ແລະ ການເຄື່ອນໄຫວຂອງຄະນະກຳມະການຕີລາຄາ ແລະ ຮັບຮອງປະລິມານສະສົມແຮ່ທາດ,ກະຊວງ ອຸດສາຫະກຳ ແລະ ການຄ້າ,2020-08-17,2020-09-11,in_force,ປັດຈຸບັນ,subsidiary_legislation,false,,https://laoofficialgazette.gov.la/kcfinder/upload/files/1209ພບ2020.pdf,,false,false,false,true,
2,Agreement,legaltype=2&old=0,LA-1671,ຂໍ້ຕົກລົງ ວ່າດ້ວຍບັນຊີປະເພດຜະລິດຕະພັນແຮ່ທາດ ສຳລັບອຸດສາຫະກຳບໍ່ແຮ່,ກະຊວງ ອຸດສາຫະກຳ ແລະ ການຄ້າ,2020-08-17,2020-09-11,in_force,ປັດຈຸບັນ,subsidiary_legislation,false,,https://laoofficialgazette.gov.la/kcfinder/upload/files/1212ພບ2020.pdf,,false,false,false,true,
2,Agreement,legaltype=2&old=0,LA-1662,ຂໍ້ຕົກລົງ ເຈົ້າແຂວງບໍລິຄຳໄຊ ວ່າດ້ວຍການມີສ່ວນຮ່ວມຂອງສັງຄົມເຂົ້າໃນວຽກງານການສຶກສາ,ແຂວງ ບໍລິຄຳໄຊ,2018-10-31,2020-09-08,in_force,ປັດຈຸບັນ,subsidiary_legislation,false,,https://laoofficialgazette.gov.la/kcfinder/upload/files/786ຂບຊ2018.pdf,,false,false,false,true,
2,Agreement,legaltype=2&old=0,LA-1663,ຂໍ້ຕົກລົງ ຂອງທ່ານເຈົ້າແຂວງບໍລິຄຳໄຊ ວ່າດ້ວຍການກຳນົດລາຄາຫົວໜ່ວຍທົດແທນຄ່າເສຍຫາຍ ໂຄງການສາຍສົ່ງ 115 ກວ ຈາກເຄື່ອນໄຟຟ້ານໍ້າງຽບ1-ສະຖານີເມືອງປາກຊັນ,ແຂວງ ບໍລິຄຳໄຊ,2017-11-09,2020-09-08,in_force,ປັດຈຸບັນ,subsidiary_legislation,false,,https://laoofficialgazette.gov.la/kcfinder/upload/files/849ຂບຊ2017.pdf,,false,false,false,true,
2,Agreement,legaltype=2&old=0,LA-1664,ຂໍ້ຕົກລົງ ວ່າດ້ວຍການຄຸ້ມຄອງການພັດທະນາຕົວເມືອງຂອງເມືອງປາກຊັນ,ແຂວງ ບໍລິຄຳໄຊ,2019-02-28,2020-09-08,in_force,ປັດຈຸບັນ,subsidiary_legislation,false,,https://laoofficialgazette.gov.la/kcfinder/upload/files/94ຂບຊ2019.pdf,,false,false,false,true,
2,Agreement,legaltype=2&old=0,LA-1665,ຂໍ້ຕົກລົງ ຂອງເຈົ້າແຂວງບໍລິຄຳໄຊ ວ່າດ້ວຍລະບຽບການຄຸ້ມຄອງເຂດຊົດເຊີຍຊີວະນາໆພັນນໍ້າຈວນ-ນໍ້າຊັ່ງ ຂອງໂຄງການເຄື່ອນໄຟຟ້ານໍ້າງຽບ1,ແຂວງ ບໍລິຄຳໄຊ,2018-10-31,2020-09-08,in_force,ປັດຈຸບັນ,subsidiary_legislation,false,,https://laoofficialgazette.gov.la/kcfinder/upload/files/784ຂບຊ2018.pdf,,false,false,false,true,
2,Agreement,legaltype=2&old=0,LA-1666,ຂໍ້ຕົກລົງ ຂອງເຈົ້າແຂວງບໍລິຄຳໄຊ ວ່າດ້ວຍການຄຸ້ມຄອງ ແລະ ພັດທະນາທີ່ດິນກະສິກຳໃນເຂດຊົນລະປະທານ,ແຂວງ ບໍລິຄຳໄຊ,2018-03-28,2020-09-08,in_force,ປັດຈຸບັນ,subsidiary_legislation,false,,https://laoofficialgazette.gov.la/kcfinder/upload/files/237ຂບຊ2018.pdf,,false,false,false,true,
2,Agreement,legaltype=2&old=0,LA-1667,"ຂໍ້ຕົກລົງ ຂອງເຈົ້າແຂວງບໍລິຄຳໄຊ ວ່າດ້ວຍການກຳນົດເກັບຄ່າຊັບພະຍາກອນປ່າໄມ້, ຄ່າພັນທະປູກໄມ້ທົດແທນຄືນ ແລະ ຄ່າຄຸ້ມຄອງ ປະເພດເຄື່ອງປ່າຂອງດົງ",ແຂວງ ບໍລິຄຳໄຊ,2018-03-28,2020-09-08,in_force,ປັດຈຸບັນ,subsidiary_legislation,false,,https://laoofficialgazette.gov.la/kcfinder/upload/files/235ຂບຊ2018.pdf,,false,false,false,true,
2,Agreement,legaltype=2&old=0,LA-1668,ຂໍ້ຕົກລົງ ວ່າດ້ວຍການຄຸ້ມຄອງການລົງທຶນດ້ານກະສິກຳຮູບແບບ 1+2+3 ຂອງແຂວງບໍລິຄຳໄຊ,ແຂວງ ບໍລິຄຳໄຊ,2019-09-06,2020-09-08,in_force,ປັດຈຸບັນ,subsidiary_legislation,false,,https://laoofficialgazette.gov.la/kcfinder/upload/files/486ຂບຊ2019.pdf,,false,false,false,true,
2,Agreement,legaltype=2&old=0,LA-1661,"ຂໍ້ຕົກລົງ ຂອງເຈົ້າແຂວງບໍລິຄຳໄຊ ວ່າດ້ວຍການຄຸ້ມຄອງ, ປົກປັກຮັກສາຊັບພະຍາກອນປ່າໄມ້ ແລະ ຊີວະນາໆພັນ ໃນເຂດອ່າງຮັບນໍ້າໜ້າເຄື່ອນໄຟຟ້າ ນໍ້າງຽບ 1 ໃນເຂດພື້ນທີ່ ແຂວງບໍລິຄຳໄຊ",ແຂວງ ບໍລິຄຳໄຊ,2020-08-13,2020-09-08,in_force,ປັດຈຸບັນ,subsidiary_legislation,false,,https://laoofficialgazette.gov.la/kcfinder/upload/files/475ຂບຊ2020.pdf,,false,false,false,true,
2,Agreement,legaltype=2&old=0,LA-1693,ຂໍ້ຕົກລົງ ວ່າດ້ວຍມາດຕະຖານ ແຂວງເປັນຫົວໜ່ວຍຍຸດທະສາດ ເມືອງ ເປັນຫົວໜ່ວຍເຂັ້ມແຂງ ຂອງຂະແໜງພາຍໃນ,ກະຊວງ ພາຍໃນ,2018-11-08,2020-09-07,in_force,ປັດຈຸບັນ,subsidiary_legislation,false,,https://laoofficialgazette.gov.la/kcfinder/upload/files/572ພນ2018.pdf,,false,false,false,true,
2,Agreement,legaltype=2&old=0,LA-1657,ຂໍ້ຕົກລົງ ວ່າດ້ວຍການຢັ້ງຢືນແຫຼ່ງກຳເນີດສິນຄ້າດ້ວຍຕົນເອງຜ່ານລະບົບການລົງທະບຽນເປັນຜູ້ສົ່ງອອກພາຍໃຕ້ສິດທິພິເສດທາງການຄ້າ,ກະຊວງ ອຸດສາຫະກຳ ແລະ ການຄ້າ,2020-08-06,2020-08-17,in_force,ປັດຈຸບັນ,subsidiary_legislation,false,,https://laoofficialgazette.gov.la/kcfinder/upload/files/0725ອຄ2020.pdf,,false,false,true,true,
2,Agreement,legaltype=2&old=0,LA-1647,ຂໍ້ຕົກລົງ ວ່າດ້ວຍການຂຶ້ນທະບຽນເລກໝາຍໂທລະສັບ,ກະຊວງ ເຕັກໂນໂລຊີ ແລະ ການສື່ສານ,2020-03-30,2020-07-23,in_force,ປັດຈຸບັນ,subsidiary_legislation,false,,https://laoofficialgazette.gov.la/kcfinder/upload/files/903ປທສ2020.pdf,,false,false,true,true,
2,Agreement,legaltype=2&old=0,LA-1646,ຂໍ້ຕົກລົງ ວ່າດ້ວຍການຄຸ້ມຄອງທະນະບັດໃນຂອດຈໍລະຈອນ,ທະນາຄານແຫ່ງ ສປປ ລາວ,2020-07-10,2020-07-23,in_force,ປັດຈຸບັນ,subsidiary_legislation,false,,https://laoofficialgazette.gov.la/kcfinder/upload/files/407ທຫລ2020.pdf,,false,false,false,true,
2,Agreement,legaltype=2&old=0,LA-1645,ຂໍ້ຕົກລົງ ວ່າດ້ວຍການກຳນົດຂອບເຂດ ແລະ ປະເມີນຫົວໜ່ວຍລາຄາການທົດແທນຄ່າເສຍຫາຍ ໃຫ້ຜູ້ຖືກຜົນກະທົບຈາກໂຄງການກໍ່ສ້າງທາງລົດໄຟ ລາວ-ຈີນ ໄລຍະນະຄອນຫຼວງວຽງຈັນ,ນະ​ຄອນ​ຫຼວງວຽງຈັນ,2018-04-27,2020-07-21,in_force,ປັດຈຸບັນ,subsidiary_legislation,false,,https://laoofficialgazette.gov.la/kcfinder/upload/files/Untitled.pdf,,false,false,false,true,
2,Agreement,legaltype=2&old=0,LA-1643,ຂໍ້ຕົກລົງ ວ່າດ້ວຍທຸລະກິດແລກປ່ຽນເງິນຕາ,ທະນາຄານແຫ່ງ ສປປ ລາວ,2020-07-02,2020-07-09,in_force,ປັດຈຸບັນ,subsidiary_legislation,false,,https://laoofficialgazette.gov.la/kcfinder/upload/files/393ທຫລ2020.pdf,,false,false,true,true,
2,Agreement,legaltype=2&old=0,LA-1637,ຂໍ້ຕົກລົງ ວ່າດ້ວຍກອງທຶນສົ່ງເສີມກະສິກຳຍືນຍົງ,ແຂວງ ໄຊຍະບູລີ,2020-06-01,2020-06-29,in_force,ປັດຈຸບັນ,subsidiary_legislation,false,,https://laoofficialgazette.gov.la/kcfinder/upload/files/559ຊຍ2020.pdf,,false,false,false,true,
2,Agreement,legaltype=2&old=0,LA-1638,ຂໍ້ຕົກລົງ ວ່າດ້ວຍການຄຸ້ມຄອງ ແລະ ການພັດທະນາ ຊົນລະປະທານ,ແຂວງ ໄຊຍະບູລີ,2020-06-01,2020-06-29,in_force,ປັດຈຸບັນ,subsidiary_legislation,false,,https://laoofficialgazette.gov.la/kcfinder/upload/files/560ຊຍ2020.pdf,,false,false,false,true,
2,Agreement,legaltype=2&old=0,LA-1628,ຂໍ້ຕົກລົງ ວ່າດ້ວຍການອະນຸຍາດດຳເນີນທຸລະກິດບໍລິການອິນເຕີເນັດ,ກະຊວງ ເຕັກໂນໂລຊີ ແລະ ການສື່ສານ,2019-12-13,2020-06-04,in_force,ປັດຈຸບັນ,subsidiary_legislation,false,,https://laoofficialgazette.gov.la/kcfinder/upload/files/3972ປທສ2020.pdf,,false,false,true,true,
2,Agreement,legaltype=2&old=0,LA-1631,ຂໍ້ຕົກລົງ ວ່າດ້ວຍການດຳເນີນກິດຈະການລາຍເຊັນເອເລັກໂຕຣນິກ,ກະຊວງ ເຕັກໂນໂລຊີ ແລະ ການສື່ສານ,2020-05-29,2020-06-04,in_force,ປັດຈຸບັນ,subsidiary_legislation,false,,https://laoofficialgazette.gov.la/kcfinder/upload/files/1101ປທສ2020.pdf,,false,false,true,true,
2,Agreement,legaltype=2&old=0,LA-1630,ຂໍ້ຕົກລົງ ວ່າດ້ວຍລະບົບຫ້ອງການທັນສະໄໝ (e-office),ກະຊວງ ເຕັກໂນໂລຊີ ແລະ ການສື່ສານ,2020-05-25,2020-06-04,in_force,ປັດຈຸບັນ,subsidiary_legislation,false,,https://laoofficialgazette.gov.la/kcfinder/upload/files/1062ປທສ2020.pdf,,false,false,false,true,
2,Agreement,legaltype=2&old=0,LA-1629,ຂໍ້ຕົກລົງ ວ່າດ້ວຍການປົກປ້ອງຜູ້ໃຊ້ບໍລິການດ້ານໂທລະຄົມມະນາຄົມ ແລະ ອິນເຕີເນັດ,ກະຊວງ ເຕັກໂນໂລຊີ ແລະ ການສື່ສານ,2020-05-25,2020-06-04,in_force,ປັດຈຸບັນ,subsidiary_legislation,false,,https://laoofficialgazette.gov.la/kcfinder/upload/files/1061ປທສ2020.pdf,,false,false,true,true,
2,Agreement,legaltype=2&old=0,LA-1626,ຂໍ້ຕົກລົງ ວ່າດ້ວຍລະບົບການຊຳລະ ແລະ ຫັກບັນຊີ ຂອງ ສປປ ລາວ,ທະນາຄານແຫ່ງ ສປປ ລາວ,2020-05-26,2020-05-29,in_force,ປັດຈຸບັນ,subsidiary_legislation,false,,https://laoofficialgazette.gov.la/kcfinder/upload/files/scan0034.pdf,,false,false,true,true,
2,Agreement,legaltype=2&old=0,LA-1615,ຂໍ້ຕົກລົງຂອງເຈົ້າແຂວງໆ ຄຳມ່ວນ ວ່າດ້ວຍການຄຸ້ມຄອງນຳໃຊ້ ທີ່ດິນກະສິກຳ ຢູ່ແຂວງຄຳມ່ວນ,ແຂວງ ຄຳມ່ວນ,2020-03-03,2020-05-04,in_force,ປັດຈຸບັນ,subsidiary_legislation,false,,https://laoofficialgazette.gov.la/kcfinder/upload/files/333 ຈຂຄມ 2020.pdf,,false,false,false,true,
2,Agreement,legaltype=2&old=0,LA-1604,"ຂໍ້ຕົກລົງ ວ່າດ້ວຍການຄຸ້ມຄອງການຈັດງານແຕ່ງດອງ, ງານບາສີສູ່ຂັວນ, ງານລ້ຽງ ແລະ ງານບຸນປະເພນີຕ່າງໆ ຢູ່ແຂວງຫົວພັນ",ແຂວງ ຫົວພັນ,2019-11-14,2020-03-05,in_force,ປັດຈຸບັນ,subsidiary_legislation,false,,https://laoofficialgazette.gov.la/kcfinder/upload/files/1380ຈຂຫພ2019.pdf,,false,false,false,true,
2,Agreement,legaltype=2&old=0,LA-1603,"ຂໍ້ຕົກລົງ ວ່າດ້ວຍການຮັບຮອງລາຄາຫົວໜ່ວຍທົດແທນຄ່າເສຍຫາຍຊັບສິນ ຂອງປະຊາຊົນ ທີ່ຖືກຜົນກະທົບຈາກໂຄງການກໍ່ສ້າງເຂື່ອນໄຟຟ້າຫວ້ຍປາຫຼາຍ, ເມືອງບາຈຽງຈະເລີນສຸກ ແລະ ເມືອງປາກຊ່ອງ ແຂວງຈຳປາສັກ",ແຂວງ ຈຳປາສັກ,2020-02-21,2020-03-05,in_force,ປັດຈຸບັນ,subsidiary_legislation,false,,https://laoofficialgazette.gov.la/kcfinder/upload/files/227ຈຂຈສ2020.pdf,,false,false,false,true,
2,Agreement,legaltype=2&old=0,LA-1598,"ຂໍ້ຕົກລົງ ວ່າດ້ວຍການກຳນົດບັນຊີ ເຄື່ອງປ່າຂອງດົງ I, II ແລະ III",ກະຊວງ ກະສິກຳ ແລະ ສິ່ງແວດລ້ອມ,2020-02-19,2020-03-03,in_force,ປັດຈຸບັນ,subsidiary_legislation,false,,https://laoofficialgazette.gov.la/kcfinder/upload/files/0279ກປ2020.pdf,,false,false,false,true,
2,Agreement,legaltype=2&old=0,LA-1600,ຂໍ້ຕົກລົງ ວ່າດ້ວຍມາດຕະຖານການສ້າງ ແລະ ປັບປຸງນິຕິກຳ ຂອງກະຊວງພາຍໃນ,ກະຊວງ ພາຍໃນ,2019-12-31,2020-03-03,in_force,ປັດຈຸບັນ,subsidiary_legislation,false,,https://laoofficialgazette.gov.la/kcfinder/upload/files/763ພນ2019.pdf,,false,false,false,true,
2,Agreement,legaltype=2&old=0,LA-1599,ຂໍ້ຕົກລົງ ວ່າດ້ວຍການຈັດຕັ້ງ ແລະ ການເຄື່ອນໄຫວຂອງໜ່ວຍງານຈົດໝາຍເຫດທາງລັດຖະການ ແລະ ການປະເມີນຜົນກະທົບຂອງນິຕິກຳ ຂອງກະຊວງພາຍໃນ,ກະຊວງ ພາຍໃນ,2016-02-22,2020-03-03,in_force,ປັດຈຸບັນ,subsidiary_legislation,false,,https://laoofficialgazette.gov.la/kcfinder/upload/files/368ພນ2016.pdf,,false,false,false,true,
2,Agreement,legaltype=2&old=0,LA-1595,ຂໍ້ຕົກລົງ ວ່າດ້ວຍການອະນາໄມສະຖານທີ່ບໍລິການສາທາລະນະສຸກ,ກະຊວງ ສາທາລະນະສຸກ,2018-08-15,2020-02-28,in_force,ປັດຈຸບັນ,subsidiary_legislation,false,,https://laoofficialgazette.gov.la/kcfinder/upload/files/1667ສທ2018.pdf,,false,false,true,true,
2,Agreement,legaltype=2&old=0,LA-1596,ຂໍ້ຕົກລົງ ວ່າດ້ວຍການຄຸ້ມຄອງ ແລະ ນຳໃຊ້ລະຫັດຊື່ອິນເຕີເນັດ,ກະຊວງ ເຕັກໂນໂລຊີ ແລະ ການສື່ສານ,2020-02-20,2020-02-28,in_force,ປັດຈຸບັນ,subsidiary_legislation,false,,https://laoofficialgazette.gov.la/kcfinder/upload/files/687ປທສ2020.pdf,,false,false,true,true,
2,Agreement,legaltype=2&old=0,LA-1597,ຂໍ້ຕົກລົງ ວ່າດ້ວຍມາດຕະຖານເຕັກນິກເວັບໄຊຂອງພາກລັດ,ກະຊວງ ເຕັກໂນໂລຊີ ແລະ ການສື່ສານ,2020-01-30,2020-02-28,in_force,ປັດຈຸບັນ,subsidiary_legislation,false,,https://laoofficialgazette.gov.la/kcfinder/upload/files/531ປທສ2020.pdf,,false,false,false,true,
2,Agreement,legaltype=2&old=0,LA-1589,"ຂໍ້ຕົກລົງ ວ່າດ້ວຍການເກັບຄ່າທຳນຽມສຳລັບສິນຄ້າ, ເຄື່ອງຂອງນຳເຂົ້າເພື່ອສົ່ງອອກຕໍ່",ກະຊວງ ການເງິນ,2020-02-10,2020-02-20,in_force,ປັດຈຸບັນ,subsidiary_legislation,false,,https://laoofficialgazette.gov.la/kcfinder/upload/files/0415ກງ2020.pdf,,false,false,false,true,
2,Agreement,legaltype=2&old=0,LA-1585,ຂໍ້ຕົກລົງ ວ່າດ້ວຍການຈັດຕັ້ງປະຕິບັດວຽກງານ ຂຽວ ສະອາດ ງາມຕາ,ແຂວງ ຫົວພັນ,2019-11-14,2020-02-13,in_force,ປັດຈຸບັນ,subsidiary_legislation,false,,https://laoofficialgazette.gov.la/kcfinder/upload/files/1382ຈຂຫພ2019.pdf,,false,false,false,true,
2,Agreement,legaltype=2&old=0,LA-1578,ຂໍ້ຕົກລົງ ວ່າດ້ວຍບັນຊີທີ່ບໍ່ມີການເຄື່ອນໄຫວ,ທະນາຄານແຫ່ງ ສປປ ລາວ,2019-12-30,2020-01-30,in_force,ປັດຈຸບັນ,subsidiary_legislation,false,,https://laoofficialgazette.gov.la/kcfinder/upload/files/1190ທຫລ2019.pdf,,false,false,false,true,
2,Agreement,legaltype=2&old=0,LA-1575,ຂໍ້ຕົກລົງ ວ່າດ້ວຍລະບົບການຮັບປະກັນຄຸນນະພາບວຽກງານກວດສອບ,ກະຊວງ ການເງິນ,2019-04-01,2020-01-29,in_force,ປັດຈຸບັນ,subsidiary_legislation,false,,https://laoofficialgazette.gov.la/kcfinder/upload/files/0974ກງ2019.pdf,,false,false,false,true,
2,Agreement,legaltype=2&old=0,LA-1565,ຂໍ້ຕົກລົງ ວ່າດ້ວຍການຄຸ້ມຄອງສະຖານີອຸຕຸນິຍົມ ແລະ ອຸທົກກະສາດ,ກະຊວງ ກະສິກຳ ແລະ ສິ່ງແວດລ້ອມ,2019-12-12,2020-01-02,in_force,ປັດຈຸບັນ,subsidiary_legislation,false,,https://laoofficialgazette.gov.la/kcfinder/upload/files/6748ກຊສ.pdf,,false,false,false,true,
2,Agreement,legaltype=2&old=0,LA-1563,ຂໍ້ຕົກລົງ ວ່າດ້ວຍການຄຸ້ມຄອງ ແລະ ນຳໃຊ້ລະບົບຈົດໝາຍເອເລັກໂຕຣນິກຂອງລັດຖະບານ,ກະຊວງ ເຕັກໂນໂລຊີ ແລະ ການສື່ສານ,2019-12-19,2019-12-25,in_force,ປັດຈຸບັນ,subsidiary_legislation,false,,https://laoofficialgazette.gov.la/kcfinder/upload/files/4023 ປທສ 2019.pdf,,false,false,true,true,
2,Agreement,legaltype=2&old=0,LA-1561,"ຂໍ້ຕົກລົງ ວ່າດ້ວຍການນຳເຂົ້າ, ສົ່ງອອກ ແລະ ສົ່ງຜ່ານ ສັດນໍ້າ ແລະ ຜະລິດຕະພັນສັດນໍ້າ",ກະຊວງ ກະສິກຳ ແລະ ສິ່ງແວດລ້ອມ,2019-11-29,2019-12-13,in_force,ປັດຈຸບັນ,subsidiary_legislation,false,,https://laoofficialgazette.gov.la/kcfinder/upload/files/4211ກປ2019.pdf,,false,false,false,true,
2,Agreement,legaltype=2&old=0,LA-1560,ຂໍ້ຕົກລົງ ວ່າດ້ວຍການພັດທະນາ ແລະ ຄຸ້ມຄອງເຂດສະຫງວນຄອງນ້ຳວຽງຈັນ,ນະ​ຄອນ​ຫຼວງວຽງຈັນ,2019-11-11,2019-12-03,in_force,ປັດຈຸບັນ,subsidiary_legislation,false,,https://laoofficialgazette.gov.la/kcfinder/upload/files/0966ຈນຂ2019.pdf,,false,false,false,true,
2,Agreement,legaltype=2&old=0,LA-1559,ຂໍ້ຕົກລົງ ວ່າດ້ວຍການຄຸ້ມຄອງເຂດສະຫງວນທາງຫຼວງ ໃນແຂວງສະຫວັນນະເຂດ,ແຂວງ ສະຫວັນນະເຂດ,2019-11-11,2019-11-28,in_force,ປັດຈຸບັນ,subsidiary_legislation,false,,https://laoofficialgazette.gov.la/kcfinder/upload/files/2019ຈຂສຂ2019.pdf,,false,false,false,true,
2,Agreement,legaltype=2&old=0,LA-1558,ຂໍ້ຕົກລົງ ວ່າດ້ວຍການເງິນບ້ານ,ກະຊວງ ການເງິນ,2019-11-07,2019-11-26,in_force,ປັດຈຸບັນ,subsidiary_legislation,false,,https://laoofficialgazette.gov.la/kcfinder/upload/files/4489ກງ2019.pdf,,false,false,false,true,
2,Agreement,legaltype=2&old=0,LA-1556,ຂໍ້ຕົກລົງ ວ່າດ້ວຍນິຄົມອຸດສາຫະກຳ,ກະຊວງ ອຸດສາຫະກຳ ແລະ ການຄ້າ,2019-10-30,2019-11-19,in_force,ປັດຈຸບັນ,subsidiary_legislation,false,,https://laoofficialgazette.gov.la/kcfinder/upload/files/1510ອຄຄ.ກອຫ2019.pdf,,false,false,false,true,
2,Agreement,legaltype=2&old=0,LA-1551,"ຂໍ້ຕົກລົງ ວ່າດ້ວຍການຈັດສັນ, ຄຸ້ມຄອງ ແລະ ພັດທະນາເທດສະບານ ແຂວງວຽງຈັນ",ແຂວງ ວຽງຈັນ,2019-10-08,2019-10-28,in_force,ປັດຈຸບັນ,subsidiary_legislation,false,,https://laoofficialgazette.gov.la/kcfinder/upload/files/2145ຈຂວຈ2019.pdf,,false,false,false,true,
2,Agreement,legaltype=2&old=0,LA-1545,ຂໍ້ຕົກລົງ ວ່າດ້ວຍການຄຸ້ມຄອງວຽກງານທະບຽນສານ,ກະຊວງ ຍຸຕິທຳ,2019-10-01,2019-10-18,in_force,ປັດຈຸບັນ,subsidiary_legislation,false,,https://laoofficialgazette.gov.la/kcfinder/upload/files/1314ກຍ2019.pdf,,false,false,true,true,
2,Agreement,legaltype=2&old=0,LA-1543,ຂໍ້ຕົກລົງ ວ່າດ້ວຍການຂຶ້ນທະບຽນວິຊາການຢາປາບສັດຕູພືດ,ກະຊວງ ກະສິກຳ ແລະ ສິ່ງແວດລ້ອມ,2019-09-17,2019-10-09,in_force,ປັດຈຸບັນ,subsidiary_legislation,false,,https://laoofficialgazette.gov.la/kcfinder/upload/files/3604ກປ2019.pdf,,false,false,true,true,
2,Agreement,legaltype=2&old=0,LA-1539,"ຂໍ້ຕົກລົງ ວ່າດ້ວຍການສ້າງ, ຄຸ້ມຄອງ ແລະ ເຜີຍແຜ່ສະຖິຕິກະສິກຳ (ສະບັບປັບປຸງ)",ກະຊວງ ກະສິກຳ ແລະ ສິ່ງແວດລ້ອມ,2019-07-24,2019-09-12,in_force,ປັດຈຸບັນ,subsidiary_legislation,true,,https://laoofficialgazette.gov.la/kcfinder/upload/files/3202ກປ2019.pdf,,false,false,true,true,
2,Agreement,legaltype=2&old=0,LA-1538,ຂໍ້ຕົກລົງ ວ່າດ້ວຍລະບຽບການ ຕິດຕາມ ແລະ ກວດກາ ໂຄງການລົງທຶນຂອງລັດແຕ່ຫົວທີ ໃນຂະແໜງການກະສິກຳ ແລະ ປ່າໄມ້,ກະຊວງ ກະສິກຳ ແລະ ສິ່ງແວດລ້ອມ,2015-09-18,2019-09-05,in_force,ປັດຈຸບັນ,subsidiary_legislation,false,,https://laoofficialgazette.gov.la/kcfinder/upload/files/1970ກປ2019.pdf,,false,false,false,true,
2,Agreement,legaltype=2&old=0,LA-1533,ຂໍ້ຕົກລົງ ວ່າດ້ວຍການຄຸ້ມຄອງ ແລະ ນຳໃຊ້ລະບົບກອງປະຊຸມທາງໄກຂອງລັດຖະບານ,ກະຊວງ ເຕັກໂນໂລຊີ ແລະ ການສື່ສານ,2019-08-21,2019-08-27,in_force,ປັດຈຸບັນ,subsidiary_legislation,false,,https://laoofficialgazette.gov.la/kcfinder/upload/files/2133ປທສ2019.pdf,,false,false,false,true,
2,Agreement,legaltype=2&old=0,LA-1530,"ຂໍ້ຕົກລົງ ວ່າດ້ວຍອະນຸມັດໃຫ້ພະແນກໂຍທາທິການ ແລະ ຂົນສົ່ງ ປະຈຳແຂວງ ປະຕິບັດການຈັດເກັບ ແລະ ພິມໃບທະບຽນ, ໃບຂັບຂີ່ຖາວອນ ຢູ່ແຂວງເຊກອງ",ແຂວງ ເຊກອງ,2017-05-04,2019-08-26,in_force,ປັດຈຸບັນ,subsidiary_legislation,false,,https://laoofficialgazette.gov.la/kcfinder/upload/files/128ຈຂຊຫ2019.pdf,,false,false,true,true,
2,Agreement,legaltype=2&old=0,LA-1523,"ຂໍ້ຕົກລົງ ວ່າດ້ວຍມາດຕະການສຸຂານາໄມພືດ ສຳລັບການສົ່ງອອກ ແລະ ສົ່ງອອກຕໍ່ ພືດ, ຜະລິດຕະພັນພືດ ແລະ ວັດຖຸຕ້ອງຄວບຄຸມ",ກະຊວງ ກະສິກຳ ແລະ ສິ່ງແວດລ້ອມ,2019-06-28,2019-07-19,in_force,ປັດຈຸບັນ,subsidiary_legislation,false,,https://laoofficialgazette.gov.la/kcfinder/upload/files/2986ກປ2019.pdf,,false,false,false,true,
2,Agreement,legaltype=2&old=0,LA-1522,"ຂໍ້ຕົກລົງ ວ່າດ້ວຍມາດຕະການສຸຂານາໄມພືດ ສຳລັບການນຳເຂົ້າ ແລະ ສົ່ງຜ່ານ ພືດ, ຜະລິດຕະພັນພືດ ແລະ ວັດຖຸຕ້ອງຄວບຄຸມ",ກະຊວງ ກະສິກຳ ແລະ ສິ່ງແວດລ້ອມ,2019-06-28,2019-07-19,in_force,ປັດຈຸບັນ,subsidiary_legislation,false,,https://laoofficialgazette.gov.la/kcfinder/upload/files/2985ກປ2019.pdf,,false,false,false,true,
2,Agreement,legaltype=2&old=0,LA-1520,ຂໍ້ຕົກລົງ ວ່າດ້ວຍມາດຕະຖານເຕັກນິກການປຸກສ້າງ ສາງ ແລະ ປ້ຳ ນ້ຳມັນເຊື້ອໄຟ (ສະບັບປັບປຸງ),ກະຊວງ ໂຍທາທິການ ແລະ ຂົນສົ່ງ,2019-06-18,2019-06-25,in_force,ປັດຈຸບັນ,subsidiary_legislation,true,,https://laoofficialgazette.gov.la/kcfinder/upload/files/13877ຍທຂ2019.pdf,,false,false,false,true,
2,Agreement,legaltype=2&old=0,LA-1516,ຂໍ້ຕົກລົງ ວ່າດ້ວຍສິດທາງການຄ້າຂອງຜູ້ຄ້າຕ່າງປະເທດ,ກະຊວງ ອຸດສາຫະກຳ ແລະ ການຄ້າ,2019-06-05,2019-06-12,in_force,ປັດຈຸບັນ,subsidiary_legislation,false,,https://laoofficialgazette.gov.la/kcfinder/upload/files/0623ອຄກຂອ2019.pdf,,false,false,false,true,
2,Agreement,legaltype=2&old=0,LA-1515,ຂໍ້ຕົກລົງ ວ່າດ້ວຍການຄຸ້ມຄອງ ແລະ ພັດທະນາທີ່ດິນປ່າໄມ້ ທົ່ວແຂວງ,ແຂວງ ຈຳປາສັກ,2019-05-30,2019-06-07,in_force,ປັດຈຸບັນ,subsidiary_legislation,false,,https://laoofficialgazette.gov.la/kcfinder/upload/files/708ຈຂຈສ2019.pdf,,false,false,false,true,
2,Agreement,legaltype=2&old=0,LA-1513,ຂໍ້ຕົກລົງ ວ່າດ້ວຍການທົດແທນຄ່າເສຍຫາຍ ແລະ ການຈັດສັນ-ຍົກຍ້າຍປະຊາຊົນ ທີ່ຖືກໂຄງການພັດທະນາຂອງລັດ ແລະ ເອກະຊົນ,ແຂວງ ຈຳປາສັກ,2019-05-27,2019-06-06,in_force,ປັດຈຸບັນ,subsidiary_legislation,false,,https://laoofficialgazette.gov.la/kcfinder/upload/files/672ຈຂຈສ2019.pdf,,false,false,false,true,
2,Agreement,legaltype=2&old=0,LA-1511,"ຂໍ້ຕົກລົງ ວ່າດ້ວຍການກຳນົດ ປະເມີນລາຄາທີ່ດິນ ໃນຂອບເຂດ ເມືອງລະມາມ, ເມືອງທ່າແຕງ ແຂວງເຊກອງ",ແຂວງ ເຊກອງ,2019-05-08,2019-05-30,in_force,ປັດຈຸບັນ,subsidiary_legislation,false,,https://laoofficialgazette.gov.la/kcfinder/upload/files/60ຈຂຊກ2019.pdf,,false,false,false,true,
2,Agreement,legaltype=2&old=0,LA-1503,ຂໍ້ຕົກລົງ ວ່າດ້ວຍການກຳນົດຂອບເຂດ ແລະ ປະເມີນຫົວໜ່ວຍລາຄາທົດແທນຄ່າເສຍຫາຍໃຫ້ຜູ້ທີ່ຖືກກະທົບ ຈາກໂຄງການປັບປຸງ ແລະ ສ້ອມແປງທາງຫຼວງແຫ່ງຊາດ ເລກທີ 13 ເໜືອຊ່ວງໄລຍະນະຄອນຫຼວງວຽງຈັນ (ບ້ານໄຊມຸງຄຸນ ຫາ ບ້ານນາດີ),ນະ​ຄອນ​ຫຼວງວຽງຈັນ,2019-05-17,2019-05-21,in_force,ປັດຈຸບັນ,subsidiary_legislation,false,,https://laoofficialgazette.gov.la/kcfinder/upload/files/0357ຈນວ2019.pdf,,false,false,false,true,
2,Agreement,legaltype=2&old=0,LA-1633,ຂໍ້ຕົກລົງ ວ່າດ້ວຍການຄຸ້ມຄອງທາງຫຼວງຂອງແຂວງ,ແຂວງ ຊຽງຂວາງ,2019-02-15,2019-05-13,in_force,ປັດຈຸບັນ,subsidiary_legislation,false,,https://laoofficialgazette.gov.la/kcfinder/upload/files/ilovepdf_merged_(7).pdf,,false,false,false,true,
2,Agreement,legaltype=2&old=0,LA-1501,ຂໍ້ຕົກລົງ ວ່າດ້ວຍການສົ່ງເສີມການລ້ຽງສັດໃຫຍ່ເປັນສິນຄ້າຂອງແຂວງຊຽງຂວາງ,ແຂວງ ຊຽງຂວາງ,2019-03-05,2019-05-13,in_force,ປັດຈຸບັນ,subsidiary_legislation,false,,https://laoofficialgazette.gov.la/kcfinder/upload/files/169ຈຂຊຂ2019.pdf,,false,false,false,true,
2,Agreement,legaltype=2&old=0,LA-1498,ຂໍ້ຕົກລົງ ວ່າດ້ວຍການສົ່ງເສີມວິສາຫະກິດ ຂະໜາດນ້ອຍ ແລະ ຂະໜາດກາງ ຂອງແຂວງຊຽງຂວາງ,ແຂວງ ຊຽງຂວາງ,2019-03-05,2019-05-08,in_force,ປັດຈຸບັນ,subsidiary_legislation,false,,https://laoofficialgazette.gov.la/kcfinder/upload/files/168ຈຂຊຂ2016.pdf,,false,false,false,true,
2,Agreement,legaltype=2&old=0,LA-1496,ຂໍ້ຕົກລົງ ວ່າດ້ວຍການຄຸ້ມຄອງ ແລະ ບໍລິຫານ ທີ່ດິນ ຂອງແຂວງຊຽງຂວາງ,ແຂວງ ຊຽງຂວາງ,2019-04-02,2019-05-02,in_force,ປັດຈຸບັນ,subsidiary_legislation,false,,https://laoofficialgazette.gov.la/kcfinder/upload/files/236ຈຂຊຂ2019.pdf,,false,false,false,true,
2,Agreement,legaltype=2&old=0,LA-1493,"ຂໍ້ຕົກລົງ ວ່າດ້ວຍການນຳເຂົ້າ, ສົ່ງອອກ ແລະ ສົ່ງຜ່ານ ສັດ ແລະ ຜະລິດຕະພັນສັດ",ກະຊວງ ກະສິກຳ ແລະ ສິ່ງແວດລ້ອມ,2019-04-18,2019-04-30,in_force,ປັດຈຸບັນ,subsidiary_legislation,false,,https://laoofficialgazette.gov.la/kcfinder/upload/files/0795ກປ2019.pdf,,false,false,false,true,
2,Agreement,legaltype=2&old=0,LA-1476,"ຂໍ້ຕົກລົງວ່າດ້ວຍ ການເກັບຄ່າທຳນຽມ, ຄ່າບໍລິການ, ຄ່າແບບຟອມ, ແບບພິມ ແລະ ກຳນົດວັນເວລາ ຮັບເອກະສານ ຂອງໜ່ວຍງານການບໍລິການຜ່ານປະຕູດຽວ ເມືອງໂຂງ",ແຂວງ ຈຳປາສັກ,2019-01-31,2019-04-29,in_force,ປັດຈຸບັນ,subsidiary_legislation,false,,https://laoofficialgazette.gov.la/kcfinder/upload/files/157ຈຂຈສ2019.pdf,,false,false,false,true,
2,Agreement,legaltype=2&old=0,LA-1492,ຂໍ້ຕົກລົງ ວ່າດ້ວຍການຄຸ້ມຄອງການຈັດພິມປຶ້ມກົດໝາຍ ແລະ ນິຕິກຳລຸ່ມກົດໝາຍ,ກະຊວງ ຍຸຕິທຳ,2019-04-25,2019-04-26,in_force,ປັດຈຸບັນ,subsidiary_legislation,false,,https://laoofficialgazette.gov.la/kcfinder/upload/files/518ກຍ2019.pdf,,false,false,false,true,
2,Agreement,legaltype=2&old=0,LA-1490,ຂໍ້ຕົກລົງ ວ່າດ້ວຍການອະນຸຍາດດຳເນີນທຸລະກິດບໍລິການໄປສະນີ,ກະຊວງ ເຕັກໂນໂລຊີ ແລະ ການສື່ສານ,2019-04-09,2019-04-26,in_force,ປັດຈຸບັນ,subsidiary_legislation,false,,https://laoofficialgazette.gov.la/kcfinder/upload/files/1039ປທສ2019.pdf,,false,false,true,true,
2,Agreement,legaltype=2&old=0,LA-1488,ຂໍ້ຕົກລົງ ວ່າດ້ວຍມາດຕະຖານການເຂົ້າເຖິງການບໍລິການທາງການເງິນ,ທະນາຄານແຫ່ງ ສປປ ລາວ,2019-01-24,2019-04-25,in_force,ປັດຈຸບັນ,subsidiary_legislation,false,,https://laoofficialgazette.gov.la/kcfinder/upload/files/73ທຫລ2019.pdf,,false,false,false,true,
2,Agreement,legaltype=2&old=0,LA-1487,ຂໍ້ຕົກລົງ ວ່າດ້ວຍລະບົບການຊຳລະທີ່ສຳຄັນ,ທະນາຄານແຫ່ງ ສປປ ລາວ,2019-01-14,2019-04-25,in_force,ປັດຈຸບັນ,subsidiary_legislation,false,,https://laoofficialgazette.gov.la/kcfinder/upload/files/29ທຫລ2019.pdf,,false,false,true,true,
2,Agreement,legaltype=2&old=0,LA-1486,ຂໍ້ຕົກລົງວ່າດ້ວຍ ການນຳໃຊ້ເອກະສານທະບຽນຄອບຄົວ (ສະບັບປັບປຸງ),ກະຊວງ ພາຍໃນ,2016-12-13,2019-04-23,in_force,ປັດຈຸບັນ,subsidiary_legislation,true,,https://laoofficialgazette.gov.la/kcfinder/upload/files/946ພນ2019.pdf,,false,false,true,true,
2,Agreement,legaltype=2&old=0,LA-1483,ຂໍ້ຕົກລົງວ່າດ້ວຍ ວ່າດ້ວຍການຄຸ້ມຄອງການປຸກສ້າງ,ກະຊວງ ໂຍທາທິການ ແລະ ຂົນສົ່ງ,2019-01-31,2019-04-18,in_force,ປັດຈຸບັນ,subsidiary_legislation,false,,https://laoofficialgazette.gov.la/kcfinder/upload/files/2241ຍທຂ2019.pdf,,false,false,false,true,
2,Agreement,legaltype=2&old=0,LA-1482,ຂໍ້ຕົກລົງວ່າດ້ວຍ ການຄຸ້ມຄອງນ້ຳໃຕ້ດິນ,ກະຊວງ ກະສິກຳ ແລະ ສິ່ງແວດລ້ອມ,2019-03-21,2019-04-05,in_force,ປັດຈຸບັນ,subsidiary_legislation,false,,https://laoofficialgazette.gov.la/kcfinder/upload/files/1509ກຊສ2019.pdf,,false,false,false,true,
2,Agreement,legaltype=2&old=0,LA-1481,ຂໍ້ຕົກລົງວ່າດ້ວຍ ມາດຕະຖານໂຮງງານຂ້າສັດ,ກະຊວງ ອຸດສາຫະກຳ ແລະ ການຄ້າ,2019-03-15,2019-04-03,in_force,ປັດຈຸບັນ,subsidiary_legislation,false,,https://laoofficialgazette.gov.la/kcfinder/upload/files/0266ອຄກອຫ2019.pdf,,false,false,false,true,
2,Agreement,legaltype=2&old=0,LA-1480,ຂໍ້ຕົກລົງວ່າດ້ວຍ ການແບ່ງຂັ້ນຄຸ້ມຄອງໂຮງງານອຸດສາຫະກຳປຸງແຕ່ງ ແລະ ຫັດຖະກຳ,ກະຊວງ ອຸດສາຫະກຳ ແລະ ການຄ້າ,2019-03-15,2019-04-03,in_force,ປັດຈຸບັນ,subsidiary_legislation,false,,https://laoofficialgazette.gov.la/kcfinder/upload/files/0265ອຄກອຫ2019.pdf,,false,false,false,true,
2,Agreement,legaltype=2&old=0,LA-1477,ຂໍ້ຕົກລົງວ່າດ້ວຍ ການຄຸ້ມຄອງ ແລະ ພັດທະນາ ສວນອຸທິຍານພຶກສາສາດ ຜາຊ້າງ-ຜາຂີ້ໝິ້ນ ແຂວງໄຊຍະບູລີ,ແຂວງ ໄຊຍະບູລີ,2019-03-21,2019-04-02,in_force,ປັດຈຸບັນ,subsidiary_legislation,false,,https://laoofficialgazette.gov.la/kcfinder/upload/files/285ຈຂຊຍ2019.pdf,,false,false,false,true,
2,Agreement,legaltype=2&old=0,LA-1469,ຂໍ້ຕົກລົງວ່າດ້ວຍ ເປົ້າໝາຍສ້າງນະຄອນຫຼວງວຽງຈັນສະຫງົບສຸກ ໃນໄລຍະໃໝ່ (ສ. ສະຫງົບສຸກ),ນະ​ຄອນ​ຫຼວງວຽງຈັນ,2018-12-21,2019-03-20,in_force,ປັດຈຸບັນ,subsidiary_legislation,false,,https://laoofficialgazette.gov.la/kcfinder/upload/files/1318ຈນວ2019.pdf,,false,false,false,true,
2,Agreement,legaltype=2&old=0,LA-1468,ຂໍ້ຕົກລົງວ່າດ້ວຍ ການຄຸ້ມຄອງການດຳເນີນທຸລະກິດຢາປາບສັດຕູພືດ,ກະຊວງ ກະສິກຳ ແລະ ສິ່ງແວດລ້ອມ,2019-02-14,2019-03-04,in_force,ປັດຈຸບັນ,subsidiary_legislation,false,,https://laoofficialgazette.gov.la/kcfinder/upload/files/0238ກປ2019.pdf,,false,false,false,true,
2,Agreement,legaltype=2&old=0,LA-1467,"ຂໍ້ຕົກລົງວ່າດ້ວຍ ການສ້າງ ແລະ ຄຸ້ມຄອງ ສວນສັດ, ຟາມສັດປ່າ, ສູນຟື້ນຟູ ແລະ ຂະຫຍາຍພັນ ສັດປ່າ ແລະ ສວນພືດປ່າ",ກະຊວງ ກະສິກຳ ແລະ ສິ່ງແວດລ້ອມ,2019-02-08,2019-03-04,in_force,ປັດຈຸບັນ,subsidiary_legislation,false,,https://laoofficialgazette.gov.la/kcfinder/upload/files/0188ກປ2019.pdf,,false,false,false,true,
2,Agreement,legaltype=2&old=0,LA-1465,ຂໍ້ຕົກລົງວ່າດ້ວຍ ການຈັດຕັ້ງ ແລະ ເຄື່ອນໄຫວ ຂອງຫ້ອງວ່າການນະຄອນຫຼວງວຽງຈັນ,ນະ​ຄອນ​ຫຼວງວຽງຈັນ,2018-05-18,2019-02-27,in_force,ປັດຈຸບັນ,subsidiary_legislation,false,,https://laoofficialgazette.gov.la/kcfinder/upload/files/0488ຈນວ2019.pdf,,false,false,false,true,
2,Agreement,legaltype=2&old=0,LA-1463,ຂໍ້ຕົກລົງວ່າດ້ວຍ ການຄຸ້ມຄອງການປຸກສ້າງພາຍໃນ ແຂວງສະຫວັນນະເຂດ,ແຂວງ ສະຫວັນນະເຂດ,2018-12-28,2019-02-26,in_force,ປັດຈຸບັນ,subsidiary_legislation,false,,https://laoofficialgazette.gov.la/kcfinder/upload/files/2937ຈຂສຂ.pdf,,false,false,false,true,
2,Agreement,legaltype=2&old=0,LA-1454,ຂໍ້ຕົກລົງວ່າດ້ວຍ ມາດຕະການຫຼຸດຜ່ອນອຸປະຕິເຫດ ແລະ ການຮັກສາຄວາມປອດໄພຕາມຖະໜົນ ທົ່ວນະຄອນຫຼວງວຽງຈັນ,ນະ​ຄອນ​ຫຼວງວຽງຈັນ,2018-12-21,2019-02-11,in_force,ປັດຈຸບັນ,subsidiary_legislation,false,,https://laoofficialgazette.gov.la/kcfinder/upload/files/1323ຈນວ.pdf,,false,false,false,true,
2,Agreement,legaltype=2&old=0,LA-1453,ຂໍ້ຕົກລົງວ່າດ້ວຍ ການອະນຸມັດນຳໃຊ້ລະບົບແຈ້ງພາສີປະຕູດຽວ,ກະຊວງ ການເງິນ,2019-01-15,2019-02-05,in_force,ປັດຈຸບັນ,subsidiary_legislation,false,,https://laoofficialgazette.gov.la/kcfinder/upload/files/0204ກງ.pdf,,false,false,false,true,
2,Agreement,legaltype=2&old=0,LA-1451,ຂໍ້ຕົກລົງວ່າດ້ວຍ ຮັບຮອງກິດຈະການ ອຸດສາຫະກຳ ແລະ ການຄ້າ ທີ່ຕ້ອງອອກໃບອະນຸຍາດດຳເນີນທຸລະກິດ,ກະຊວງ ອຸດສາຫະກຳ ແລະ ການຄ້າ,2019-01-18,2019-01-21,in_force,ປັດຈຸບັນ,subsidiary_legislation,false,,"https://laoofficialgazette.gov.la/kcfinder/upload/files/0044ອຄ,ກທຄວ.pdf",,false,false,false,true,
2,Agreement,legaltype=2&old=0,LA-1446,ຂໍ້ຕົກລົງວ່າດ້ວຍ ການຂຶ້ນທະບຽນວິສາຫະກິດ,ກະຊວງ ອຸດສາຫະກຳ ແລະ ການຄ້າ,2019-01-09,2019-01-14,in_force,ປັດຈຸບັນ,subsidiary_legislation,false,,https://laoofficialgazette.gov.la/kcfinder/upload/files/0023ອຄ.ກທຄວ.pdf,,false,false,true,true,
2,Agreement,legaltype=2&old=0,LA-1439,"ຂໍ້ຕົກລົງວ່າດ້ວຍ ການເກັບຄ່າທຳນຽມ, ຄ່າບໍລິການ, ຄ່າແບບຟອມ,​ ແບບພິມ ແລະ ກຳນົດວັນ ເວລາ ຮັບເອກະສານ ຂອງໜ່ວຍງານການບໍລິການຜ່ານປະຕູດຽວ ເມືອງໂພນທອງ",ແຂວງ ຈຳປາສັກ,2018-11-23,2018-12-19,in_force,ປັດຈຸບັນ,subsidiary_legislation,false,,https://laoofficialgazette.gov.la/kcfinder/upload/files/1223ຈຂຈສ.pdf,,false,false,false,true,
2,Agreement,legaltype=2&old=0,LA-1427,"ຂໍ້ຕົກລົງວ່າດ້ວຍ ການອະນຸລັກ, ​ຄຸ້ມຄອງ ແລະ ບໍລິການເຂດຕົວເມືອງເກົ່າ ເທສະບານເມືອງໄກສອນພົມວິຫານ",ແຂວງ ສະຫວັນນະເຂດ,2018-03-29,2018-11-26,in_force,ປັດຈຸບັນ,subsidiary_legislation,false,,https://laoofficialgazette.gov.la/kcfinder/upload/files/svnk0603.pdf,,false,false,false,true,
2,Agreement,legaltype=2&old=0,LA-1426,ຂໍ້ຕົກລົງວ່າດ້ວຍ ການສ້າງຕັ້ງ ແລະ ຄຸ້ມຄອງ ກອງທຶນພັດທະນາຂັ້ນບ້ານ,ແຂວງ ໄຊຍະບູລີ,2018-11-08,2018-11-23,in_force,ປັດຈຸບັນ,subsidiary_legislation,false,,https://laoofficialgazette.gov.la/kcfinder/upload/files/xybl1169.pdf,,false,false,false,true,
2,Agreement,legaltype=2&old=0,LA-1425,ຂໍ້ຕົກລົງວ່າດ້ວຍ ການໂຮມບ້ານດາກປາດຸກ ກັບ ບ້ານດາກເບນ ເປັນບ້ານປາດຸກໃໝ່,ແຂວງ ອັດຕະປື,2018-05-29,2018-11-22,in_force,ປັດຈຸບັນ,subsidiary_legislation,false,,https://laoofficialgazette.gov.la/kcfinder/upload/files/ຂໍ້ຕົກລົງການໂຮມບ້ານ.pdf,,false,false,false,true,
2,Agreement,legaltype=2&old=0,LA-1424,ຂໍ້ຕົກລົງວ່າດ້ວຍ ການຮັບຮອງເອົາຫົວໜ່ວຍລາຄາທົດແທນຜົນກະທົບ ຈາກໂຄງການກໍ່ສ້າງສາຍສົ່ງໄຟຟ້າແຮງສູງ 115 ກວ ສະຖານີໄຟຟ້ານາໄຫ ຫາ ສະຖານີໄຟຟ້າດົງໂພສີ ນະຄອນຫຼວງວຽງຈັນ,ນະ​ຄອນ​ຫຼວງວຽງຈັນ,2018-11-13,2018-11-21,in_force,ປັດຈຸບັນ,subsidiary_legislation,false,,https://laoofficialgazette.gov.la/kcfinder/upload/files/146ນຫລ.pdf,,false,false,false,true,
2,Agreement,legaltype=2&old=0,LA-1419,ຂໍ້ຕົກລົງວ່າດ້ວຍ ການວາງເງິນຄໍ້າປະກັນ ສຳລັບກິດຈະການສຳປະທານ,ກະຊວງ ການເງິນ,2018-11-02,2018-11-07,in_force,ປັດຈຸບັນ,subsidiary_legislation,false,,https://laoofficialgazette.gov.la/kcfinder/upload/files/ການວາງເງິນຄ້ຳປະກັນ ສຳລັບກິດຈະກຳສຳປະທານ.pdf,,false,false,false,true,
2,Agreement,legaltype=2&old=0,LA-1408,ຂໍ້ຕົກລົງວ່າດ້ວຍ ການຈັດຕັ້ງ ແລະ ການເຄື່ອນໄຫວຂອງຫ້ອງວ່າການແຂວງຈຳປາສັກ,ແຂວງ ຈຳປາສັກ,2018-06-11,2018-10-23,in_force,ປັດຈຸບັນ,subsidiary_legislation,false,,https://laoofficialgazette.gov.la/kcfinder/upload/files/cps580.pdf,,false,false,false,true,
2,Agreement,legaltype=2&old=0,LA-1404,ຂໍ້ຕົກລົງວ່າດ້ວຍ ການຄຸ້ມຄອງວຽກງານ ວັດທະນະທຳ ແລະ ທຸລະກິດການທ່ອງທ່ຽວ ແຂວງໄຊຍະບູລີ,ແຂວງ ໄຊຍະບູລີ,2018-07-24,2018-10-22,in_force,ປັດຈຸບັນ,subsidiary_legislation,false,,https://laoofficialgazette.gov.la/kcfinder/upload/files/xybl756 (1).pdf,,false,false,false,true,
2,Agreement,legaltype=2&old=0,LA-1403,"ຂໍ້ຕົກລົງວ່າດ້ວຍ ການຄຸ້ມຄອງ, ​ນຳໃຊ້ ແລະ ອານຸລັກ ຊັບພະຍາກອນທຳມະຊາດ ທີ່ເປັນຢາ",ແຂວງ ໄຊຍະບູລີ,2018-04-04,2018-10-22,in_force,ປັດຈຸບັນ,subsidiary_legislation,false,,https://laoofficialgazette.gov.la/kcfinder/upload/files/xybl308.pdf,,false,false,false,true,
2,Agreement,legaltype=2&old=0,LA-1398,ຂໍ້ຕົກລົງວ່າດ້ວຍ ການຄຸ້ມຄອງ ແລະ ຈັດຕັ້ງປະຕິບັດວຽກງານບັນຊີວິສາຫະກິດ,ແຂວງ ຈຳປາສັກ,2018-06-12,2018-10-16,in_force,ປັດຈຸບັນ,subsidiary_legislation,false,,https://laoofficialgazette.gov.la/kcfinder/upload/files/cps583.pdf,,false,false,false,true,
2,Agreement,legaltype=2&old=0,LA-1399,"ຂໍ້ຕົກລົງວ່າດ້ວຍ ການເກັບຄ່າທຳນຽມ, ຄ່າບໍລິການ, ຄ່າແບບຟອມ, ແບບພິມ ແລະ ກຳນົດວັນ ເວລາ ຮັບເອກະສານ ຂອງໜ່ວຍງານການບໍລິການຜ່ານປະຕູດຽວ ເມືອງສຸຂຸມາ",ແຂວງ ຈຳປາສັກ,2018-06-18,2018-10-16,in_force,ປັດຈຸບັນ,subsidiary_legislation,false,,https://laoofficialgazette.gov.la/kcfinder/upload/files/cps607.pdf,,false,false,false,true,
2,Agreement,legaltype=2&old=0,LA-1400,"ຂໍ້ຕົກລົງວ່າດ້ວຍ ການເກັບຄ່າທຳນຽມ, ຄ່າບໍລິການ, ຄ່າແບບຟອມ, ແບບພິມ ແລະ ກຳນົດວັນ ເວລາ ຮັບເອກະສານ ຂອງໜ່ວຍງານການບໍລິການຜ່ານປະຕູດຽວ ເມືອງມຸນລະປາໂມກ",ແຂວງ ຈຳປາສັກ,2018-07-23,2018-10-16,in_force,ປັດຈຸບັນ,subsidiary_legislation,false,,https://laoofficialgazette.gov.la/kcfinder/upload/files/cps828.pdf,,false,false,false,true,
2,Agreement,legaltype=2&old=0,LA-1401,"ຂໍ້ຕົກລົງວ່າດ້ວຍ ການຮັບຮອງຫົວໜ່ວຍ ລາຄາທົດແທນຄ່າທີ່ດິນ ແລະ ຊັບສິນ ທີ່ຖືກຜົນກະທົບ ຈາກການກໍ່ສ້າງແລວສາຍສົ່ງ ໄຟຟ້າແຮງສູງ 230 kv ຂອງໂຄງການເຂື່ອນໄຟຟ້າ ດອນສະໂຮງ, ເມືອງໂຂງ, ແຂວງຈຳປາສັກ",ແຂວງ ຈຳປາສັກ,2018-07-31,2018-10-16,in_force,ປັດຈຸບັນ,subsidiary_legislation,false,,https://laoofficialgazette.gov.la/kcfinder/upload/files/cps758.pdf,,false,false,false,true,
2,Agreement,legaltype=2&old=0,LA-1393,ຂໍ້ຕົກລົງ ວ່າດ້ວຍການສົ່ງເສີມ ແລະ ການຄຸ້ມຄອງຄຸນນະພາບພືດ ຢູ່ໃນນະຄອນຫຼວງວຽງຈັນ,ນະ​ຄອນ​ຫຼວງວຽງຈັນ,2018-07-13,2018-10-05,in_force,ປັດຈຸບັນ,subsidiary_legislation,false,,https://laoofficialgazette.gov.la/kcfinder/upload/files/ສົ່ງເສີມ_ແລະ_ຄຸ້ມຄອງພືດ.pdf,,false,false,false,true,
2,Agreement,legaltype=2&old=0,LA-1392,ຂໍ້ຕົກລົງ ວ່າດ້ວຍການຄຸ້ມຄອງ ແລະ ການນຳໃຊ້ ຢາປາບສັດຕູພືດ,ນະ​ຄອນ​ຫຼວງວຽງຈັນ,2018-07-13,2018-10-05,in_force,ປັດຈຸບັນ,subsidiary_legislation,false,,https://laoofficialgazette.gov.la/kcfinder/upload/files/ຄຸ້ມຄອງນຳໃຊ້ຢາປາບສັດຕູພືດ.pdf,,false,false,false,true,
2,Agreement,legaltype=2&old=0,LA-1391,"ຂໍ້ຕົກລົງ ວ່າດ້ວຍການຄຸ້ມຄອງ ສະໜາມຫຼວງ, ພະທາດຫຼວງ ແລະ ບໍລິເວນອ້ອມຮອບ",ນະ​ຄອນ​ຫຼວງວຽງຈັນ,2018-07-13,2018-10-05,in_force,ປັດຈຸບັນ,subsidiary_legislation,false,,https://laoofficialgazette.gov.la/kcfinder/upload/files/ຄຸ້ມຄອງສະໜາມຫຼວງ_ທາດຫຼສງບໍລິເວນອ້ອມຮອບ.pdf,,false,false,false,true,
2,Agreement,legaltype=2&old=0,LA-1390,ຂໍ້ຕົກລົງ ວ່າດ້ວຍການກຳນົດຂອບເຂດ ແລະ ການປະເມີນຫົວໜ່ວຍລາຄາການທົດແທນຄ່າເສຍຫາຍ ໃຫ້ຜູ້ຖືກຜົນກະທົບຈາກໂຄງການທາງດ່ວນ ແຕ່ນະຄອນຫຼວງວຽງຈັນ ຫາ ວັງວຽງ ແຂວງວຽງຈັນ ໄລຍະຜ່ານເມືອງນາຊາຍທອງ,ນະ​ຄອນ​ຫຼວງວຽງຈັນ,2018-06-04,2018-10-05,in_force,ປັດຈຸບັນ,subsidiary_legislation,false,,https://laoofficialgazette.gov.la/kcfinder/upload/files/ກຳນົດຂອບເຂດ_ປະເມີນຫົວໜ່ວຍ.pdf,,false,false,false,true,
2,Agreement,legaltype=2&old=0,LA-1378,ຂໍ້ຕົກລົງ ວ່າດ້ວຍການກວດກາ ແລະ ຢັ້ງຢືນ ມາດຕະຖານເຕັກນິກອຸປະກອນໄອຊີທີ (ICT),ກະຊວງ ເຕັກໂນໂລຊີ ແລະ ການສື່ສານ,2018-08-08,2018-09-07,in_force,ປັດຈຸບັນ,subsidiary_legislation,false,,https://laoofficialgazette.gov.la/kcfinder/upload/files/ICT.pdf,,false,false,false,true,
2,Agreement,legaltype=2&old=0,LA-1379,ຂໍ້ຕົກລົງ ວ່າດ້ວຍຄື້ນຄວາມຖີ່ວິທະຍຸສື່ສານສຳລັບການສື່ສານ Internet of Things (IoT),ກະຊວງ ເຕັກໂນໂລຊີ ແລະ ການສື່ສານ,2018-08-08,2018-09-07,in_force,ປັດຈຸບັນ,subsidiary_legislation,false,,https://laoofficialgazette.gov.la/kcfinder/upload/files/IoT.pdf,,false,false,true,true,
2,Agreement,legaltype=2&old=0,LA-1380,ຂໍ້ຕົກລົງ ວ່າດ້ວຍອຸປະກອນຄື້ນຄວາມຖີ່ວິທະຍຸສື່ສານໄລຍະໃກ້,ກະຊວງ ເຕັກໂນໂລຊີ ແລະ ການສື່ສານ,2018-08-08,2018-09-07,in_force,ປັດຈຸບັນ,subsidiary_legislation,false,,https://laoofficialgazette.gov.la/kcfinder/upload/files/sort range devices.pdf,,false,false,true,true,
2,Agreement,legaltype=2&old=0,LA-1374,ຂໍ້ຕົກລົງ ວ່າດ້ວຍການເພີ່ມທະວີຄວາມເອົາໃຈໃສ່ຕໍ່ວຽກງານສະຖິຕິ ຂອງຂະແໜງຍຸຕິທຳ,ກະຊວງ ຍຸຕິທຳ,2018-08-16,2018-08-30,in_force,ປັດຈຸບັນ,subsidiary_legislation,false,,https://laoofficialgazette.gov.la/kcfinder/upload/files/scan0003.pdf,,false,false,true,true,
2,Agreement,legaltype=2&old=0,LA-1370,ຂໍ້ຕົກລົງວ່າດ້ວຍ ການປະຕິບັດພັນທະ ແລະ ການປະກອບສ່ວນຂອງປະຊາຊົນ ໃນການພັດທະນາບ້ານ,ກະຊວງ ພາຍໃນ,2017-01-24,2018-08-20,in_force,ປັດຈຸບັນ,subsidiary_legislation,false,,https://laoofficialgazette.gov.la/kcfinder/upload/files/ປະຕິບັດພັນທະແລະປະກອບສ່ວນຂອງປຊຊ.pdf,,false,false,false,true,
2,Agreement,legaltype=2&old=0,LA-1355,ຂໍ້ຕົກລົງວ່າດ້ວຍ ການສ້າງຕັ້ງ ແລະ ການຄຸ້ມຄອງຫ້ອງການຜູ້ຕາງໜ້າ ຂອງນິຕິບຸກຄົນຕ່າງປະເທດ ຢູ່ ສປປ ລາວ,ກະຊວງ ການເງິນ,2018-07-30,2018-08-06,in_force,ປັດຈຸບັນ,subsidiary_legislation,false,,https://laoofficialgazette.gov.la/kcfinder/upload/files/ຂໍ້ຕົກລົງ ສ້າງຕັ້ງແລະຄຸ້ມຄອງ1815.pdf,,false,false,false,true,
2,Agreement,legaltype=2&old=0,LA-1351,ຂໍ້ຕົກລົງ ວ່າດ້ວຍກອງທຶນສັງຄົມສົງເຄາະ,ກະຊວງ ແຮງງານ ແລະ ສະຫວັດດີການສັງຄົມ,2018-07-19,2018-07-23,in_force,ປັດຈຸບັນ,subsidiary_legislation,false,,https://laoofficialgazette.gov.la/kcfinder/upload/files/ຂໍ້ຕົກລົງ ກອງທຶນສັງຄົມສົງເຄາະ.pdf,,false,false,false,true,
2,Agreement,legaltype=2&old=0,LA-1347,ຂໍ້ຕົກລົງ ວ່າດ້ວຍການຈັດຊັ້ນໜີ້ ແລະ ການຫັກເງິນແຮໜີ້ທີ່ຖືກຈັດຊັ້ນຂອງທະນາຄານ,ທະນາຄານແຫ່ງ ສປປ ລາວ,2018-06-29,2018-07-17,in_force,ປັດຈຸບັນ,subsidiary_legislation,false,,https://laoofficialgazette.gov.la/kcfinder/upload/files/ຂໍ້ຕົກລົງ_ຈັດຊັ້ນໜີ້_ແລະ_ຫັກເງິນແຮໜີ້.pdf,,false,false,true,true,
2,Agreement,legaltype=2&old=0,LA-1346,ຂໍ້ຕົກລົງ ວ່າດ້ວຍການຍົກເລີກຂໍ້ຕົກລົງ ວ່າດ້ວຍການສະໜອງສິນເຊື່ອເປັນເງິນຕາຕ່າງປະເທດ ຂອງທະນາຄານທຸລະກິດ,ທະນາຄານແຫ່ງ ສປປ ລາວ,2018-05-30,2018-07-17,in_force,ປັດຈຸບັນ,subsidiary_legislation,false,,https://laoofficialgazette.gov.la/kcfinder/upload/files/ຂໍ້ຕົກລົງ ຍົກເລີກຂໍ້ຕົກລົງ.pdf,,false,false,true,true,
2,Agreement,legaltype=2&old=0,LA-1348,ຂໍ້ຕົກລົງ ວ່າດ້ວຍການຮັກສາອັດຕາສ່ວນເງິນສົດຄ້າງຄັງຂອງທະນາຄານທຸລະກິດ,ທະນາຄານແຫ່ງ ສປປ ລາວ,2013-09-30,2018-07-17,in_force,ປັດຈຸບັນ,subsidiary_legislation,false,,https://laoofficialgazette.gov.la/kcfinder/upload/files/ຂໍ້ຕົກລົງ_ການຮັກສາອັດຕາສ່ວນເງິນສົດຄັງ.pdf,,false,false,true,true,
2,Agreement,legaltype=2&old=0,LA-1349,ຂໍ້ຕົກລົງ ກ່ຽວກັບຄວາມພຽງພໍຂອງທຶນ ສຳລັບທະນາຄານທຸລະກິດ,ທະນາຄານແຫ່ງ ສປປ ລາວ,2007-03-20,2018-07-17,in_force,ປັດຈຸບັນ,subsidiary_legislation,false,,https://laoofficialgazette.gov.la/kcfinder/upload/files/ຂໍ້ຕົກລົງ_ຄວາມພຽງພໍຂອງທຶນ.pdf,,false,false,true,true,
2,Agreement,legaltype=2&old=0,LA-1345,ຂໍ້ຕົກລົງ ວ່າດ້ວຍການຄຸ້ມຄອງ ແລະ ນຳໃຊ້ຄັງສະສົມແຫ່ງລັດ,ກະຊວງ ການເງິນ,2018-05-29,2018-07-13,in_force,ປັດຈຸບັນ,subsidiary_legislation,false,,https://laoofficialgazette.gov.la/kcfinder/upload/files/ຂໍ້ຕົກລົງ ຄຸ່ມຄອງແລະນຳໃຊ້ຄັງສະສົມແຫ່ງລັດ.pdf,,false,false,false,true,
2,Agreement,legaltype=2&old=0,LA-1344,"ຂໍ້ຕົກລົງ ວ່າດ້ວຍມາດຕະຖານຄອບຄົວກະສິກຳ ແລະ ປ່າໄມ້ ຕົວແບບ, ບ້ານແບບຢ່າງດ້ານກະສິກຳ ແລະ ປ່າໄມ້ ແລະ ເມືອງກະສິກຳ ແລະ ປ່າໄມ້ ພັດທະນາ",ກະຊວງ ກະສິກຳ ແລະ ສິ່ງແວດລ້ອມ,2018-04-06,2018-07-12,in_force,ປັດຈຸບັນ,subsidiary_legislation,false,,https://laoofficialgazette.gov.la/kcfinder/upload/files/ຂໍ້ຕົກລົງ ມາດຕະຖານຄຄຕົວແບບ.pdf,,false,false,false,true,
2,Agreement,legaltype=2&old=0,LA-1328,ຂໍ້ຕົກລົງວ່າດ້ວຍ ການປະກາດສ້າງຕັ້ງນະຄອນປາກເຊ ທີ່ແຂວງຈຳປາສັກ,ແຂວງ ຈຳປາສັກ,2018-05-10,2018-05-22,in_force,ປັດຈຸບັນ,subsidiary_legislation,false,,https://laoofficialgazette.gov.la/kcfinder/upload/files/ຂໍ້​ຕົກ​ລົງ​ວ່າ​ດ້ວຍ​ການ​ປະ​ກາດ​ສ້າງ​ຕັ້ງ​ນະ​ຄອນ ປາກ​ເຊ.pdf,,false,false,false,true,
2,Agreement,legaltype=2&old=0,LA-1329,ຂໍ້ຕົກລົງວ່າດ້ວຍ ການຈັດຕັ້ງ ແລະ ການເຄື່ອນໄຫວ ຂອງຫ້ອງການບໍລິການ ການລົງທຶນປະຕູດຽວ ແລະ ໜ່ວຍງານປະສານງານການບໍລິການ ການລົງທຶນປະຕູດຽວ ຂັ້ນແຂວງ,ແຂວງ ຈຳປາສັກ,2018-03-20,2018-05-22,in_force,ປັດຈຸບັນ,subsidiary_legislation,false,,https://laoofficialgazette.gov.la/kcfinder/upload/files/ຂໍ້​ຕົກ​ລົງ ວ່າ​ດ້ວຍ​ການ​ຈັດ​ຕັ້ງ ແລະ ການ​ເຄື່ອນ​ໄຫວ ລົງ​ທຶນ​ປະ​ຕູ​ດຽວ.pdf,,false,false,false,true,
2,Agreement,legaltype=2&old=0,LA-1317,ຂໍ້ຕົກລົງວ່າດ້ວຍ ການຈັດສັນຄວາມບໍ່ເປັນລະບຽບຮຽບຮ້ອຍໃນຕົວເມືອງ ແລະ ຊານເມືອງ,ນະ​ຄອນ​ຫຼວງວຽງຈັນ,2017-12-20,2018-05-11,in_force,ປັດຈຸບັນ,subsidiary_legislation,false,,https://laoofficialgazette.gov.la/kcfinder/upload/files/ຂໍ້ຕົກລົງຂອງເຈົ້າຄອງ ນວ ວ່າດ້ວຍການຈັດສັນຄວາມບໍ່ເປັນລະບຽບຮຽບຮ້ອຍໃນຕົວເມືອງ ແລະ ຊານເມືອງ.pdf,,false,false,false,true,
2,Agreement,legaltype=2&old=0,LA-1319,ຂໍ້ຕົກລົງວ່າດ້ວຍ ການກຳນົດ ແລະ ການຄຸ້ມຄອງທີ່ດິນກະສິກຳ ແລະ ປ່າໄມ້ຢູ່ ນະຄອນຫຼວງວຽງຈັນ,ນະ​ຄອນ​ຫຼວງວຽງຈັນ,2017-03-29,2018-05-11,in_force,ປັດຈຸບັນ,subsidiary_legislation,false,,https://laoofficialgazette.gov.la/kcfinder/upload/files/ຂໍ້ຕົກລົງວ່າດ້ວຍການກຳນົດ ແລະ ການຄຸ້ມຄອງທີ່ດິນກະສິກຳ ແລະ ປ່າໄມ້ຢູ່ນະຄອນຫຼວງວຽງຈັນ.pdf,,false,false,false,true,
2,Agreement,legaltype=2&old=0,LA-1323,ຂໍ້ຕົກລົງ ວ່າດ້ວຍການກຳນົດລາຄາຫົວໜ່ວຍທົດແທນຜົນເສຍຫາຍໃຫ້ແກ່ປະຊາຊົນ ທີ່ໄດ້ຮັບຜົນກະທົບຈາກໂຄງການກໍ່ສ້າງເສັ້ນທາງລົດໄຟ ລາວ-ຈີນ ຜ່ານແຂວງຫຼວງພະບາງ ໄລຍະທາງຍາວ 80 ກິໂລແມັດ,ແຂວງ ຫຼວງພະບາງ,2018-01-19,2018-05-11,in_force,ປັດຈຸບັນ,subsidiary_legislation,false,,https://laoofficialgazette.gov.la/kcfinder/upload/files/ຂໍ້​ຕົກ​ລົງ ວ່າ​ດ້ວຍ​ການ​ກຳ​ນົດ​ລາ​ຄາ​ຫົວ​ທົດ​ແທນ.pdf,,false,false,false,true,
2,Agreement,legaltype=2&old=0,LA-1307,"ຂໍ້ຕົກລົງ ວ່າດ້ວຍການຄຸ້ມຄອງ, ກວດກາ ແລະ ຢັ້ງຢືນຄຸນນະພາບ ຂອງຜະລິດຕະພັນວັດສະດຸກໍ່ສ້າງ ຢູ່ ສປປ ລາວ",ກະຊວງ ອຸດສາຫະກຳ ແລະ ການຄ້າ,2018-03-01,2018-04-23,in_force,ປັດຈຸບັນ,subsidiary_legislation,false,,https://laoofficialgazette.gov.la/kcfinder/upload/files/ຂໍ້​ຕົກ​ລົງ ວ່າ​ດ້ວຍ​ການ​ຄຸ້ມ​ຄອງກວດ​ກາ ແລະ ຢັ້ງ​ຢືນ​ຄຸນ​ນະ​ພາບ​ຂອງ​ຜ​ະ​ລິດ​ຕະ​ພັ​ນ.pdf,,false,false,false,true,
2,Agreement,legaltype=2&old=0,LA-1310,ຂໍ້ຕົກລົງ ວ່າດ້ວຍມາດຕະການປັບໃໝຕໍ່ຜູ້ລະເມີດການດຳເນີນທຸລະກິດບໍລິການໄປສະນີ,ກະຊວງ ເຕັກໂນໂລຊີ ແລະ ການສື່ສານ,2018-03-27,2018-04-11,in_force,ປັດຈຸບັນ,subsidiary_legislation,false,,https://laoofficialgazette.gov.la/kcfinder/upload/files/ຂໍ້​ຕົກ​ລົງ ວ່າ​ດ້ວຍ​ມາດ​ຕະ​ການ​ປັບ​ໃໝ​ຜູ້​ລະ​ເມີດ​ການ​ດຳ​ເນີນ​ທຸ​ລະ​ກິດ.pdf,,false,false,true,true,
2,Agreement,legaltype=2&old=0,LA-1294,ຂໍ້ຕົກລົງ ວ່າດ້ວຍການຈັດຕັ້ງ ແລະ ການເຄື່ອນໄຫວຂອງສູນສົງເຄາະ ແຂວງຈຳປາສັກ,ແຂວງ ຈຳປາສັກ,2018-01-17,2018-04-05,in_force,ປັດຈຸບັນ,subsidiary_legislation,false,,https://laoofficialgazette.gov.la/kcfinder/upload/files/ຂໍ້​ຕົກ​ລົງ ວ່າ​ດ້ວຍ​ການ​ຈັດ​ຕັ້ງ ແລະ ການ​ເຄື່ອນ​ໄຫວ​ຂອງ​ສູນ​ສົງ​ເຄາະ.pdf,,false,false,false,true,
2,Agreement,legaltype=2&old=0,LA-1295,"ຂໍ້ຕົກລົງ ວ່າດ້ວຍການເກັບຄ່າທຳນຽມ, ຄ່າບໍລິການ, ຄ່າແບບຟອມ,ແບບພິມ ແລະ ກຳນົດວັນເວລາ ຮັບເອກະສານ ຂອງໜ່ວຍງານການບໍລິການຜ່ານປະຕູດຽວ ເມືອງປາກເຊ",ແຂວງ ຈຳປາສັກ,2018-02-13,2018-04-05,in_force,ປັດຈຸບັນ,subsidiary_legislation,false,,"https://laoofficialgazette.gov.la/kcfinder/upload/files/ຂໍ້​ຕົກ​ລົງ ວ່າ​ດ້ວຍ​ການ​ເກັບ​ຄ່າ​ທຳ​ນຽມ, ຄ່າ​ບໍ​ລິ​ການ, ຄ່າ​ແບບ​ຟອມ.pdf",,false,false,false,true,
2,Agreement,legaltype=2&old=0,LA-1290,ຂໍ້ຕົກລົງ ເຈົ້າແຂວງສະຫວັນນະເຂດ ວ່າດ້ວຍການກຳນົດເຂດປະເມີນລາຄາທີ່ດິນ ແລະ ສິ່ງປຸກສ້າງ ໃນ 4 ເມືອງຂອງແຂວງສະຫວັນນະເຂດ,ແຂວງ ສະຫວັນນະເຂດ,2018-02-14,2018-04-02,in_force,ປັດຈຸບັນ,subsidiary_legislation,false,,https://laoofficialgazette.gov.la/kcfinder/upload/files/ຂໍ້​ຕົກ​ລົງ ວ່າ​ດ້ວຍ​ການ​ກຳ​ນົດ​ເຂດ​ປະ​ເມີນ​ລາ​ຄາ​ທີ່​ດິນ ແລະ ສິ່ງ​ປຸກ​ສ້າງ.pdf,,false,false,false,true,
2,Agreement,legaltype=2&old=0,LA-1267,ຂໍ້ຕົກລົງ ວ່າດ້ວຍການແກ້ໄຂ ແລະ ດັດສົມ ໂຮງງານປຸງແຕ່ງໄມ້ ແລະ ໂຮງງານເຟີນີເຈີທົ່ວແຂວງ,ແຂວງ ຊຽງຂວາງ,2017-04-07,2018-02-14,in_force,ປັດຈຸບັນ,subsidiary_legislation,false,,https://laoofficialgazette.gov.la/kcfinder/upload/files/​ຂໍ້​ຕົກ​ລົງ ວ່າ​ດ້ວຍ​ການ​ແກ້​ໄຂ ແລະ ດັດ​ສົມ.pdf,,false,false,false,true,
2,Agreement,legaltype=2&old=0,LA-1268,"ຂໍ້ຕົກລົງ ວ່າດ້ວຍນະໂຍບາຍ ແລະ ລາຄາຫົວໜ່ວຍການທົດແທນຄ່າເສຍຫາຍໃຫ້ແກ່ປະຊາຊົນທີ່ໄດ້ຮັບຜົນກະທົບຈາກໂຄງການກໍ່ສ້າງແລວສາຍສົ່ງໄຟຟ້າແຮງສູງ 500 ກວ ຊຽງຂວາງ-ນາຊາຍທອງ, ເມືອງຜາໄຊ ແຂວງຊຽງຂວາງ",ແຂວງ ຊຽງຂວາງ,2017-10-25,2018-02-14,in_force,ປັດຈຸບັນ,subsidiary_legislation,false,,https://laoofficialgazette.gov.la/kcfinder/upload/files/ຂໍ້​ຕົກ​ລົງ ວ່າ​ດ້ວຍ​ນະ​ໂຍ​ບາຍ ແລະ ລາ​ຄາ​ຫົວ​ໜ່ວຍ.pdf,,false,false,false,true,
2,Agreement,legaltype=2&old=0,LA-1255,ຂໍ້ຕົກລົງ ວ່າດ້ວຍການຈັດຕັ້ງ ແລະ ການເຄື່ອນໄຫວຂອງຄະນະແກ້ໄຂຂໍ້ຂັດແຍ່ງຂັ້ນບ້ານ,ກະຊວງ ຍຸຕິທຳ,2016-04-28,2018-02-09,in_force,ປັດຈຸບັນ,subsidiary_legislation,false,,https://laoofficialgazette.gov.la/kcfinder/upload/files/​ຂໍ້​ຕົກ​ລົງ ວ່າ​ດ້ວຍ​ການ​ເຄື່ອນ​ໄຫວ​ຂອງ​ຄະ​ນະ​ແກ້​ໄຂ​ຂໍ້​ຂັດ​ແຍ່ງ​ຂັ້ນ​ບ້ານ.pdf,,false,false,false,true,
2,Agreement,legaltype=2&old=0,LA-1253,ຂໍ້ຕົກລົງ ວ່າດ້ວຍການສ້າງຕັ້ງຄະນະແກ້ໄຂຂໍ້ຂັດແຍ່ງຂັ້ນບ້ານ,ກະຊວງ ຍຸຕິທຳ,2016-01-06,2018-02-09,in_force,ປັດຈຸບັນ,subsidiary_legislation,false,,https://laoofficialgazette.gov.la/kcfinder/upload/files/ຂໍ້​ຕົກ​ລົງ​ວ່າດ້ວຍ​ການ​ສ້າງ​ຕັ້ງ​ຄະ​ນະ​ແກ້​ໄຂ​ຂໍ້​ຂັດ​ແຍ່ງ​ຂັ້ນ​ບ້ານ.pdf,,false,false,false,true,
2,Agreement,legaltype=2&old=0,LA-1250,ຂໍ້ຕົກລົງ ວ່າດ້ວຍການເຂົ້າຫາຂໍ້ມູນຂ່າວສານສິນເຊື່ອ,ທະນາຄານແຫ່ງ ສປປ ລາວ,2018-01-02,2018-01-19,in_force,ປັດຈຸບັນ,subsidiary_legislation,false,,https://laoofficialgazette.gov.la/kcfinder/upload/files/ຂໍ້​ຕົກ​ລົງ ວ່າ​ດ້ວຍ​ການ​ເຂົ້າ​ຫາ​ຂໍ້​ມູນ​ຂ່າວ​ສານ​ສິນ​ເຊື່ອ.pdf,,false,false,true,true,
2,Agreement,legaltype=2&old=0,LA-1246,ຂໍ້ຕົກລົງ ວ່າດ້ວຍມາດຕະການປັບໃໝຕໍ່ຜູ້ລະເມີດກ່ຽວກັບ ອາຊະຍາກຳທາງລະບົບຄອມພິວເຕີ,ກະຊວງ ເຕັກໂນໂລຊີ ແລະ ການສື່ສານ,2017-12-11,2017-12-27,in_force,ປັດຈຸບັນ,subsidiary_legislation,false,,https://laoofficialgazette.gov.la/kcfinder/upload/files/1018595.pdf,,false,false,true,true,
2,Agreement,legaltype=2&old=0,LA-1242,ຂໍ້ຕົກລົງ ຂອງລັດຖະມົນຕີ ກະຊວງຍຸຕິທຳ ວ່າດ້ວຍການສ້າງຄອບຄົວ ແລະ ບ້ານແບບຢ່າງປະຕິບັດກົດໝາຍ,ກະຊວງ ຍຸຕິທຳ,2017-12-07,2017-12-25,in_force,ປັດຈຸບັນ,subsidiary_legislation,false,,https://laoofficialgazette.gov.la/kcfinder/upload/files/​ຂໍ້​ຕົກ​ລົງ ວ່າ​ດ້ວຍ​ການ​ສ້າງ​ຄອບ​ຄົວ ແລະ ບ້ານ​ແບບ​ຢ່າງ​ປະ​ຕິ​ບັດ​ກົດ​ໝາຍ.pdf,,false,false,false,true,
2,Agreement,legaltype=2&old=0,LA-1237,ຂໍ້ຕົກລົງ ວ່າດ້ວຍການຄ້າຊາຍແດນ,ກະຊວງ ອຸດສາຫະກຳ ແລະ ການຄ້າ,2017-12-05,2017-12-11,in_force,ປັດຈຸບັນ,subsidiary_legislation,false,,https://laoofficialgazette.gov.la/kcfinder/upload/files/0916589.pdf,,false,false,false,true,
2,Agreement,legaltype=2&old=0,LA-1233,"ຂໍ້ຕົກລົງ ວ່າດ້ວຍ ການຄຸ້ມຄອງ, ນຳໃຊ້ ແລະ ການອານຸລັກຊ້າງບ້ານ",ແຂວງ ໄຊຍະບູລີ,2017-09-13,2017-11-27,in_force,ປັດຈຸບັນ,subsidiary_legislation,false,,https://laoofficialgazette.gov.la/kcfinder/upload/files/1054584.pdf,,false,false,false,true,
2,Agreement,legaltype=2&old=0,LA-1234,ຂໍ້ຕົກລົງ ວ່າດ້ວຍການປະຢັດລາຍຈ່າຍງົບປະມານຂອງລັດ,ແຂວງ ໄຊຍະບູລີ,2017-09-13,2017-11-27,in_force,ປັດຈຸບັນ,subsidiary_legislation,false,,https://laoofficialgazette.gov.la/kcfinder/upload/files/1054585.pdf,,false,false,false,true,
2,Agreement,legaltype=2&old=0,LA-1235,ຂໍ້ຕົກລົງ ວ່າດ້ວຍ ການຄຸ້ມຄອງ ແລະ ນຳໃຊ້ທີ່ດິນກະສິກຳ,ແຂວງ ໄຊຍະບູລີ,2017-09-13,2017-11-27,in_force,ປັດຈຸບັນ,subsidiary_legislation,false,,https://laoofficialgazette.gov.la/kcfinder/upload/files/1054586.pdf,,false,false,false,true,
2,Agreement,legaltype=2&old=0,LA-1223,ຂໍ້ຕົກລົງ ວ່າດ້ວຍການຄຸ້ມຄອງ ແລະ ຈັດສັນຄວາມເປັນລະບຽບຮຽບຮ້ອຍ ໃນຕົວເມືອງປາກເຊ ແຂວງຈຳປາສັກ,ແຂວງ ຈຳປາສັກ,2017-10-09,2017-10-16,in_force,ປັດຈຸບັນ,subsidiary_legislation,false,,https://laoofficialgazette.gov.la/kcfinder/upload/files/1059574.pdf,,false,false,false,true,
2,Agreement,legaltype=2&old=0,LA-1221,ຂໍ້ຕົກລົງ ການອະນຸມັດຮັບຮອງເອົາສະຖານບູຮານ ໜອງດິນຈີ່ ເປັນມໍລະດົກທາງດ້ານວັດທະນະທຳ ຂັ້ນແຂວງ,ແຂວງ ຈຳປາສັກ,2017-09-29,2017-10-16,in_force,ປັດຈຸບັນ,subsidiary_legislation,false,,https://laoofficialgazette.gov.la/kcfinder/upload/files/1059572.pdf,,false,false,false,true,
2,Agreement,legaltype=2&old=0,LA-1218,ຂໍ້ຕົກລົງ ວ່າດ້ວຍການອະນຸມັດ ເຂດພື້ນທີ່ດິນປ່າສະຫງວນ ດົງຫົວຊ້າງເປັນເຂດສະຫງວນເພື່ອການທ່ອງທ່ຽວ,ແຂວງ ອັດຕະປື,2017-05-03,2017-10-05,in_force,ປັດຈຸບັນ,subsidiary_legislation,false,,https://laoofficialgazette.gov.la/kcfinder/upload/files/1061568.pdf,,false,false,false,true,
2,Agreement,legaltype=2&old=0,LA-1202,ຂໍ້ຕົກລົງ ວ່າດ້ວຍການລົບລ້າງການເກັບພັນທະ ກອງທຶນສົ່ງເສີມການທ່ອງທ່ຽວແຫ່ງຊາດ ຢູ່ດ່ານສາກົນວັງເຕົ່າ ແລະດ່ານສາກົນໜອງນົກຂຽນ,ແຂວງ ຈຳປາສັກ,2016-10-19,2017-09-20,in_force,ປັດຈຸບັນ,subsidiary_legislation,false,,https://laoofficialgazette.gov.la/kcfinder/upload/files/ຂໍ້ຕົກລົງ ການລົບລ້າງການເກັບພັນທະ.pdf,,false,false,false,true,
2,Agreement,legaltype=2&old=0,LA-1203,ຂໍ້ຕົກລົງ ວ່າດ້ວຍການສ້າງຕັ້ງຫ້ອງການສາຂາ ສະມາຄົມຄົນພິການແຫ່ງຊາດລາວ ປະຈຳແຂວງຈຳປາສັກ,ແຂວງ ຈຳປາສັກ,2016-10-18,2017-09-20,in_force,ປັດຈຸບັນ,subsidiary_legislation,false,,https://laoofficialgazette.gov.la/kcfinder/upload/files/ຂໍ້ຕົກລົງ ສ້າງຕັ້ງຫ້ອງການຄົນພິການ.pdf,,false,false,false,true,
2,Agreement,legaltype=2&old=0,LA-1204,ຂໍ້ຕົກລົງ ວ່າດ້ວຍການຈັດຕັ້ງ ແລະ ການເຄື່ອນໄຫວ ຂອງສູນຊ່ວຍເຫຼືອຜູ້ດ້ອຍໂອກາດທາງສັງຄົມ ແຂວງຈຳປາສັກ,ແຂວງ ຈຳປາສັກ,2016-08-30,2017-09-20,in_force,ປັດຈຸບັນ,subsidiary_legislation,false,,https://laoofficialgazette.gov.la/kcfinder/upload/files/ຂໍ້ຕົກລົງ ຊ່ວຍເຫຼືອຜູ້ດ້ອຍໂອກາດ.pdf,,false,false,false,true,
2,Agreement,legaltype=2&old=0,LA-1200,ຂໍ້ຕົກລົງ ວ່າດ້ວຍການຄຸ້ມຄອງປ່າສະຫງວນ ຂອງແຂວງ,ແຂວງ ບໍ່ແກ້ວ,2017-09-04,2017-09-14,in_force,ປັດຈຸບັນ,subsidiary_legislation,false,,https://laoofficialgazette.gov.la/kcfinder/upload/files/ຂໍ້ຕົກລົງຄຸ້ມຄອງປ່າສະຫງວນຂອງແຂວງ.pdf,,false,false,false,true,
2,Agreement,legaltype=2&old=0,LA-1193,ຂໍ້ຕົກລົງ ວ່າດ້ວຍສິນຄ້າ ໜຶ່ງເມືອງ ໜຶ່ງຜະລິດຕະພັນ ແຫ່ງຊາດ,ກະຊວງ ອຸດສາຫະກຳ ແລະ ການຄ້າ,2017-08-01,2017-08-18,in_force,ປັດຈຸບັນ,subsidiary_legislation,false,,https://laoofficialgazette.gov.la/kcfinder/upload/files/ຂໍ້ຕົກລົງ ໜຶ່ງເມືອງໜຶ່ງຜະລິດຕະພັນ.pdf,,false,false,false,true,
2,Agreement,legaltype=2&old=0,LA-1181,ຂໍ້ຕົກລົງ ວ່າດ້ວຍການຄຸ້ມຄອງ ໝໍ້ແທກນ້ຳປະປາ ຢູ່ ສປປ ລາວ,ກະຊວງ ອຸດສາຫະກຳ ແລະ ການຄ້າ,2017-05-16,2017-06-21,in_force,ປັດຈຸບັນ,subsidiary_legislation,false,,https://laoofficialgazette.gov.la/kcfinder/upload/files/ຂໍ້ຕົກລົງ ການຄຸ້ມຄອງໝໍ້ແທກນ້ຳປະປາ.pdf,,false,false,false,true,
2,Agreement,legaltype=2&old=0,LA-1180,ຂໍ້ຕົກລົງ ວ່າດ້ວຍການຄຸ້ມຄອງຊິງຊັ່ງທຸກປະເພດ ຢູ່ ສປປ ລາວ,ກະຊວງ ອຸດສາຫະກຳ ແລະ ການຄ້າ,2017-05-16,2017-06-21,in_force,ປັດຈຸບັນ,subsidiary_legislation,false,,https://laoofficialgazette.gov.la/kcfinder/upload/files/ຂໍ້ຕົກລົງ ຄຸ້ມຄອງຊິງຊັ່ງ.pdf,,false,false,false,true,
2,Agreement,legaltype=2&old=0,LA-1175,ຂໍ້ຕົກລົງ ວ່າດ້ວຍມາດຕະຖານຜະລິດຕະພັນ ແລະ ຄຸນນະພາບການບໍລິການໄປສະນີ,ກະຊວງ ເຕັກໂນໂລຊີ ແລະ ການສື່ສານ,2017-05-16,2017-05-23,in_force,ປັດຈຸບັນ,subsidiary_legislation,false,,https://laoofficialgazette.gov.la/kcfinder/upload/files/1918.pdf,,false,false,true,true,
2,Agreement,legaltype=2&old=0,LA-1174,ຂໍ້ຕົກລົງ ວ່າດ້ວຍການຄຸ້ມຄອງ ແລະ ນຳໃຊ້ ເຄື່ອງບັນທຶກການຂາຍສິນຄ້າ ແລະ ບໍລິການ,ກະຊວງ ການເງິນ,2017-04-20,2017-05-22,in_force,ປັດຈຸບັນ,subsidiary_legislation,false,,https://laoofficialgazette.gov.la/kcfinder/upload/files/1179.pdf,,false,false,false,true,
2,Agreement,legaltype=2&old=0,LA-1144,ຂໍ້ຕົກລົງ ວ່າດ້ວຍການປະເມີນສິ່ງແວດລ້ອມແບບຍຸດທະສາດ,ກະຊວງ ກະສິກຳ ແລະ ສິ່ງແວດລ້ອມ,2017-02-06,2017-03-06,in_force,ປັດຈຸບັນ,subsidiary_legislation,false,,https://laoofficialgazette.gov.la/kcfinder/upload/files/ຂໍ້ຕົກລົງປະເມີນສິ່ງແວດລ້ອມ.pdf,,false,false,false,true,
2,Agreement,legaltype=2&old=0,LA-1137,ຂໍ້ຕົກລົງ ວ່າດ້ວຍການກຳນົດຂອບເຂດເນື້ອທີ່ປ່າສະຫງວນ,ແຂວງ ບໍ່ແກ້ວ,2017-02-09,2017-02-23,in_force,ປັດຈຸບັນ,subsidiary_legislation,false,,https://laoofficialgazette.gov.la/kcfinder/upload/files/ຂໍ້ຕົກລົງ ກຳນົດເຂດປ່າສະຫງວນ.pdf,,false,false,false,true,
2,Agreement,legaltype=2&old=0,LA-1115,ຂໍ້ຕົກລົງ ວ່າດ້ວຍການກຳນົດສົ່ງຂອງເກືອດຫ້າມໃນການບໍລິການໄປສະນີ,ກະຊວງ ເຕັກໂນໂລຊີ ແລະ ການສື່ສານ,2017-01-23,2017-01-26,in_force,ປັດຈຸບັນ,subsidiary_legislation,false,,https://laoofficialgazette.gov.la/kcfinder/upload/files/168.pdf,,false,false,true,true,
2,Agreement,legaltype=2&old=0,LA-1113,ຂໍ້ຕົກລົງ ວ່າດ້ວຍທຸລະກິດຂາຍກົງ,ກະຊວງ ອຸດສາຫະກຳ ແລະ ການຄ້າ,2017-01-12,2017-01-25,in_force,ປັດຈຸບັນ,subsidiary_legislation,false,,https://laoofficialgazette.gov.la/kcfinder/upload/files/ຂໍ້ຕົກລົງ ທຸລະກິດຂາຍກົງ.pdf,,false,false,false,true,
2,Agreement,legaltype=2&old=0,LA-1111,ຂໍ້ຕົກລົງ ວ່າດ້ວຍການຄຸ້ມຄອງ ລົດບັນທຸກນ້ຳມັນເຊື້ອໄຟ ຢູ່ ສປປ ລາວ,ກະຊວງ ອຸດສາຫະກຳ ແລະ ການຄ້າ,2016-12-27,2017-01-24,in_force,ປັດຈຸບັນ,subsidiary_legislation,false,,https://laoofficialgazette.gov.la/kcfinder/upload/files/1397.pdf,,false,false,false,true,
2,Agreement,legaltype=2&old=0,LA-1110,ຂໍ້ຕົກລົງ ວ່າດ້ວຍການຄຸ້ມຄອງໝໍ້ນັບໄຟຟ້າ ຢູ່ ສປປ ລາວ,ກະຊວງ ອຸດສາຫະກຳ ແລະ ການຄ້າ,2016-09-26,2017-01-24,in_force,ປັດຈຸບັນ,subsidiary_legislation,false,,https://laoofficialgazette.gov.la/kcfinder/upload/files/1014.pdf,,false,false,false,true,
2,Agreement,legaltype=2&old=0,LA-1102,ຂໍ້ຕົກລົງ ວ່າດ້ວຍການນຳໃຊ້ເລກໝາຍໂທລະສັບພິເສດ,ກະຊວງ ເຕັກໂນໂລຊີ ແລະ ການສື່ສານ,2016-12-21,2016-12-29,in_force,ປັດຈຸບັນ,subsidiary_legislation,false,,https://laoofficialgazette.gov.la/kcfinder/upload/files/3426.pdf,,false,false,false,true,
2,Agreement,legaltype=2&old=0,LA-1117,ຂໍ້ຕົກລົງ ວ່າດ້ວຍການຄຸ້ມຄອງທຸລະກິດການໃຫ້ບໍລິການໂອນເງິນ,ທະນາຄານແຫ່ງ ສປປ ລາວ,2017-01-26,2016-12-05,in_force,ປັດຈຸບັນ,subsidiary_legislation,false,,https://laoofficialgazette.gov.la/kcfinder/upload/files/1058.pdf,,false,false,false,true,
2,Agreement,legaltype=2&old=0,LA-1089,ຂໍ້ຕົກລົງ ວ່າດ້ວຍຈັນຍາບັນສຳລັບນັກວິຊາຊີບການບັນຊີ,ກະຊວງ ການເງິນ,2016-10-26,2016-11-25,in_force,ປັດຈຸບັນ,subsidiary_legislation,false,,https://laoofficialgazette.gov.la/kcfinder/upload/files/3603.pdf,,false,false,false,true,
2,Agreement,legaltype=2&old=0,LA-1088,"ຂໍ້ຕົກລົງ ວ່າດ້ວຍການກຳນົດຊ່ອງຄວາມຖີ່ສຳລັບວຽກງານສື່ສານປະຈຳທີ່ ຈຸດຫາຈຸດ ໃນແຖບຄວາມຖີ່ 7GHz, 13GHz ແລະ 15GHz",ກະຊວງ ເຕັກໂນໂລຊີ ແລະ ການສື່ສານ,2016-11-03,2016-11-15,in_force,ປັດຈຸບັນ,subsidiary_legislation,false,,https://laoofficialgazette.gov.la/kcfinder/upload/files/3115.pdf,,false,false,true,true,
2,Agreement,legaltype=2&old=0,LA-1057,ຂໍ້ຕົກລົງ ວ່າດ້ວຍການຄຸ້ມຄອງ ແລະ ພັດທະນາ ເຂດແຄມຂອງ ບໍລິເວນຫາດດອນຈັນ ນະຄອນຫຼວງວຽງຈັນ,ນະ​ຄອນ​ຫຼວງວຽງຈັນ,2016-09-09,2016-10-18,in_force,ປັດຈຸບັນ,subsidiary_legislation,false,,https://laoofficialgazette.gov.la/kcfinder/upload/files/scan2.pdf,,false,false,false,true,
2,Agreement,legaltype=2&old=0,LA-1037,ຂໍ້ຕົກລົງ ຂອງລັດຖະມົນຕີ ວ່າດ້ວຍການສ້າງບ້ານພັດທະນາດ້ານແຮງງານ ແລະ ສະຫວັດດີການສັງຄົມ,ກະຊວງ ແຮງງານ ແລະ ສະຫວັດດີການສັງຄົມ,2016-06-20,2016-09-09,in_force,ປັດຈຸບັນ,subsidiary_legislation,false,,https://laoofficialgazette.gov.la/kcfinder/upload/files/ຂໍ້ຕົກລົງ ວ່າດ້ວຍການສ້າງບ້ານພັດທະນາດ້ານແຮງງານ.pdf,,false,false,true,true,
2,Agreement,legaltype=2&old=0,LA-1030,"ຂໍ້ຕົກລົງ ວ່າດ້ວຍການຄຸ້ມຄອງ ແລະ ນຳໃຊ້ເນື້ອທີ່ປ່າສະຫງວນແຫ່ງຊາດດົງຫົວສາວ ເຂດເມືອງປາກຊ່ອງ ເພື່ອອະນຸລັກຮັກສາ, ປັບປຸງໃຫ້ກາຍເປັນແຫຼ່ງທ່ອງທ່ຽວທຳມະຊາດ",ແຂວງ ຈຳປາສັກ,2016-04-08,2016-08-31,in_force,ປັດຈຸບັນ,subsidiary_legislation,false,,https://laoofficialgazette.gov.la/kcfinder/upload/files/ຂໍ້ຕົກລົງ ການຄຸ້ມຄອງ ແລະ ນຳໃຊ້ເນື້ອທີ່ປ່າສະຫງວນແຫ່ງຊາດ ດົງຫົວສາວ  .pdf,,false,false,false,true,
2,Agreement,legaltype=2&old=0,LA-1031,ຂໍ້ຕົກລົງ ວ່າດ້ວຍການຮັບຮອງນາມມະຍົດບ້ານໃຫຍ່ກາຍເປັນຕົວເມືອງນ້ອຍໃນຊົນນະບົດ,ແຂວງ ຈຳປາສັກ,2016-06-29,2016-08-31,in_force,ປັດຈຸບັນ,subsidiary_legislation,false,,https://laoofficialgazette.gov.la/kcfinder/upload/files/ຂໍ້ຕົກລົງ ວ່າດ້ວຍການຮັບຮອງນາມມະຍົດບ້ານໃຫຍ່ກາຍເປັນຕົວເມືອງນ້ອຍໃນຊົນນະບົດ5.pdf,,false,false,false,true,
2,Agreement,legaltype=2&old=0,LA-1032,ຂໍ້ຕົກລົງ ວ່າດ້ວຍການຮັບຮອງນາມມະຍົດບ້ານໃຫຍ່ກາຍເປັນຕົວເມືອງນ້ອຍໃນຊົນນະບົດ,ແຂວງ ຈຳປາສັກ,2016-04-05,2016-08-31,in_force,ປັດຈຸບັນ,subsidiary_legislation,false,,https://laoofficialgazette.gov.la/kcfinder/upload/files/ຂໍ້ຕົກລົງ ວ່າດ້ວຍການຮັບຮອງນາມມະຍົດບ້ານໃຫຍ່ກາຍເປັນຕົວເມືອງນ້ອຍໃນຊົນນະບົດ4.pdf,,false,false,false,true,
2,Agreement,legaltype=2&old=0,LA-1033,ຂໍ້ຕົກລົງ ວ່າດ້ວຍການຮັບຮອງນາມມະຍົດບ້ານໃຫຍ່ກາຍເປັນຕົວເມືອງນ້ອຍໃນຊົນນະບົດ,ແຂວງ ຈຳປາສັກ,2016-02-18,2016-08-31,in_force,ປັດຈຸບັນ,subsidiary_legislation,false,,https://laoofficialgazette.gov.la/kcfinder/upload/files/ຂໍ້ຕົກລົງ ວ່າດ້ວຍການຮັບຮອງນາມມະຍົດບ້ານໃຫຍ່ກາຍເປັນຕົວເມືອງນ້ອຍໃນຊົນນະບົດ3.pdf,,false,false,false,true,
2,Agreement,legaltype=2&old=0,LA-1034,ຂໍ້ຕົກລົງ ວ່າດ້ວຍການຮັບຮອງນາມມະຍົດບ້ານໃຫຍ່ກາຍເປັນຕົວເມືອງນ້ອຍໃນຊົນນະບົດ,ແຂວງ ຈຳປາສັກ,2016-01-13,2016-08-31,in_force,ປັດຈຸບັນ,subsidiary_legislation,false,,https://laoofficialgazette.gov.la/kcfinder/upload/files/ຂໍ້ຕົກລົງ ວ່າດ້ວຍການຮັບຮອງນາມມະຍົດບ້ານໃຫຍ່ກາຍເປັນຕົວເມືອງນ້ອຍໃນຊົນນະບົດ2.pdf,,false,false,false,true,
2,Agreement,legaltype=2&old=0,LA-1035,ຂໍ້ຕົກລົງ ວ່າດ້ວຍການຮັບຮອງນາມມະຍົດບ້ານໃຫຍ່ກາຍເປັນຕົວເມືອງນ້ອຍໃນຊົນນະບົດ,ແຂວງ ຈຳປາສັກ,2016-01-13,2016-08-31,in_force,ປັດຈຸບັນ,subsidiary_legislation,false,,https://laoofficialgazette.gov.la/kcfinder/upload/files/ຂໍ້ຕົກລົງ ວ່າດ້ວຍການຮັບຮອງນາມມະຍົດບ້ານໃຫຍ່ກາຍເປັນຕົວເມືອງນ້ອຍໃນຊົນນະບົດ.pdf,,false,false,false,true,
2,Agreement,legaltype=2&old=0,LA-1023,ຂໍ້ຕົກລົງ ວ່າດ້ວຍການສື່ສານຜ່ານດາວທຽມ,ກະຊວງ ເຕັກໂນໂລຊີ ແລະ ການສື່ສານ,2016-08-22,2016-08-30,in_force,ປັດຈຸບັນ,subsidiary_legislation,false,,https://laoofficialgazette.gov.la/kcfinder/upload/files/ຂໍ້ຕົກລົງ ວ່າດ້ວຍການສື່ສານຜ່ານດາວທຽມ.pdf,,false,false,true,true,
2,Agreement,legaltype=2&old=0,LA-1014,ຂໍ້ຕົກລົງ ວ່າດ້ວຍການໃຫ້ບໍລິການອິນເຕີເນັດກາເຟ,ກະຊວງ ເຕັກໂນໂລຊີ ແລະ ການສື່ສານ,2015-03-11,2016-08-26,in_force,ປັດຈຸບັນ,subsidiary_legislation,false,,https://laoofficialgazette.gov.la/kcfinder/upload/files/ຂໍ້ຕົກລົງ ວ່າດ້ວຍການໃຫ້ບໍລິການອິນເຕີເນັດກາເຟ.pdf,,false,false,true,true,
2,Agreement,legaltype=2&old=0,LA-1016,ຂໍ້ຕົກລົງ ວ່າດ້ວຍຄວາມປອດໄພຂອງການກະຈາຍຄື້ນຄວາມຖີ່,ກະຊວງ ເຕັກໂນໂລຊີ ແລະ ການສື່ສານ,2016-02-05,2016-08-26,in_force,ປັດຈຸບັນ,subsidiary_legislation,false,,https://laoofficialgazette.gov.la/kcfinder/upload/files/ຂໍ້ຕົກລົງ ວ່າດ້ວຍຄວາມປອດໄພຂອງການກະຈາຍຄື້ນຄວາມຖີ່.pdf,,false,false,true,true,
2,Agreement,legaltype=2&old=0,LA-1017,ຂໍ້ຕົກລົງ ວ່າດ້ວຍການຕິດຕັ້ງສະຖານີຮັບ-ສົ່ງສັນຍານໂທລະສັບເຄື່ອນທີ່,ກະຊວງ ເຕັກໂນໂລຊີ ແລະ ການສື່ສານ,2016-02-05,2016-08-26,in_force,ປັດຈຸບັນ,subsidiary_legislation,false,,https://laoofficialgazette.gov.la/kcfinder/upload/files/ຂໍ້ຕົກລົງ ວ່າດ້ວຍການຕິດຕັ້ງ ສະຖານີຮັບ-ສົ່ງສັນຍານໂທລະສັບເຄື່ອນທີ່.pdf,,false,false,false,true,
2,Agreement,legaltype=2&old=0,LA-1021,ຂໍ້ຕົກລົງ ວ່າດ້ວຍການອະນຸມັດຂອບເຂດພື້ນທີ່ດິນແຫຼ່ງທ່ອງທ່ຽວຕາດຫົວຄົນ ບ້ານໃຫຍ່ໝື່ນຫົວເມືອງ ເມືອງສາມັກຄີໄຊ ເປັນເຂດສະຫງວນເພື່ອການທ່ອງທ່ຽວ,ແຂວງ ອັດຕະປື,2016-06-28,2016-08-26,in_force,ປັດຈຸບັນ,subsidiary_legislation,false,,https://laoofficialgazette.gov.la/kcfinder/upload/files/ຂໍ້ຕົກລົງວ່າດ້ວຍການອະນຸມັດຂອບເຂດພື້ນທີ່ດິນແຫຼ່ງທ່ອງທ່ຽວຕາດຫົວຄົນ .pdf,,false,false,false,true,
2,Agreement,legaltype=2&old=0,LA-1013,ຂໍ້ຕົກລົງ ວ່າດ້ວຍການຕິດຕາມ ກວດກາ ໂຄງການລົງທຶນຂອງລັດ ເລີ່ມແຕ່ຫົວທີ ຂອງຂະແໜງອຸດສາຫະກຳ ແລະ ການຄ້າ,ກະຊວງ ອຸດສາຫະກຳ ແລະ ການຄ້າ,2016-08-12,2016-08-24,in_force,ປັດຈຸບັນ,subsidiary_legislation,false,,https://laoofficialgazette.gov.la/kcfinder/upload/files/ຂໍ້ຕົກລົງ ວ່າດ້ວຍລະບຽບການຕິດຕາມກວດກາໂຄງການລົງທຶນຂອງລັດ ຂອງຂະແໜງອຸດສາຫະກຳ ແລະ ການຄ້າ.pdf,,false,false,false,true,
2,Agreement,legaltype=2&old=0,LA-1007,ຂໍ້ຕົກລົງ ວ່າດ້ວຍການກຳນົດຂອບເຂດພັດທະນາທີ່ດິນອ່າງນ້ຳກັດ,ແຂວງ ຊຽງຂວາງ,2016-06-27,2016-08-16,in_force,ປັດຈຸບັນ,subsidiary_legislation,false,,https://laoofficialgazette.gov.la/kcfinder/upload/files/ຂໍ້ຕົກລົງ ວ່າດ້ວຍການກຳນົດຂອບເຂດພັດທະນາທີ່ດິນອ່າງນ້ຳກັດ.pdf,,false,false,false,true,
2,Agreement,legaltype=2&old=0,LA-1002,ຂໍ້ຕົກລົງວ່າດ້ວຍ ການຢຸດຕິການຂຸດຄົ້ນໄມ້ ຢູ່ແຂວງຫຼວງນໍ້າທາ,ແຂວງ ຫຼວງນໍ້າທາ,2016-06-29,2016-08-01,in_force,ປັດຈຸບັນ,subsidiary_legislation,false,,https://laoofficialgazette.gov.la/kcfinder/upload/files/ຂໍ້ຕົກລົງ ວ່າດ້ວຍການຢຸດຕິການຂຸດຄົ້ນໄມ້.pdf,,false,false,false,true,
2,Agreement,legaltype=2&old=0,LA-982,ຂໍ້ຕົກລົງ ວ່າດ້ວຍການຮັບຮອງເອົາຕົ້ນໝາກຂາມ ເປັນຕົ້ນໄມ້ປະຈຳແຂວງອັດຕະປື,ແຂວງ ອັດຕະປື,2016-05-10,2016-07-08,in_force,ປັດຈຸບັນ,subsidiary_legislation,false,,https://laoofficialgazette.gov.la/kcfinder/upload/files/ຂໍ້ຕົກລົງ ວ່າດ້ວຍການຮັບຮອງເອົາຕົ້ນໝາກຂາມ ເປັນຕົ້ນໄມ້ປະຈຳແຂວງອັດຕະປື.pdf,,false,false,false,true,
2,Agreement,legaltype=2&old=0,LA-1339,ຂໍ້ຕົກລົງວ່າດ້ວຍ ການຄຸ້ມຄອງເວັບໄຊກະຊວງຍຸຕິທຳ,ກະຊວງ ຍຸຕິທຳ,2016-06-13,2016-06-17,in_force,ປັດຈຸບັນ,subsidiary_legislation,false,,https://laoofficialgazette.gov.la/kcfinder/upload/files/ຂໍ້ຕົກລົງວ່າດ້ວຍການຄຸ້ມຄອງເວັບໄຊກະຊວງຍຸຕິທຳ (1).pdf,,false,false,false,true,
2,Agreement,legaltype=2&old=0,LA-957,ຂໍ້ຕົກລົງ ກ່ຽວກັບ ການຈັດຕັ້ງປະຕິບັດກົດໝາຍວ່າດ້ວຍການຄວບຄຸມຢາສູບ,ກະຊວງ ສາທາລະນະສຸກ,2016-05-23,2016-06-03,in_force,ປັດຈຸບັນ,subsidiary_legislation,false,,https://laoofficialgazette.gov.la/kcfinder/upload/files/ຂໍ້ຕົກລົງ ກ່ຽວກັບການຈັດຕັ້ງປະຕິບັດກົດໝາຍ ການຄວບຄຸມຢາສູບ.pdf,,false,false,false,true,
2,Agreement,legaltype=2&old=0,LA-935,ຂໍ້ຕົກລົງ ວ່າດ້ວຍການຮັບຮອງການກຳນົດຂອບເຂດສະຫງວນທາງຫຼວງພາຍໃນແຂວງຫົວພັນ,ແຂວງ ຫົວພັນ,2016-01-25,2016-05-12,in_force,ປັດຈຸບັນ,subsidiary_legislation,false,,https://laoofficialgazette.gov.la/kcfinder/upload/files/ຂໍ້ຕົກລົງ ວ່າດ້ວຍການຮັບຮອງການກຳນົດຂອບເຂດ.pdf,,false,false,false,true,
2,Agreement,legaltype=2&old=0,LA-929,ຂໍ້ຕົກລົງ ວ່າດ້ວຍການປິດສະໜາມຂີ້ເຫຍື້ອແຫ່ງເກົ່າຢູ່ບ້ານນາໂອ ແລະ ໄປນຳໃຊ້ສະໜາມຊົ່ວຄາວຢູ່ບ້ານມ່ວງພາ,ແຂວງ ຊຽງຂວາງ,2016-03-28,2016-05-11,in_force,ປັດຈຸບັນ,subsidiary_legislation,false,,https://laoofficialgazette.gov.la/kcfinder/upload/files/ຂໍ້ຕົກລົງ ວ່າດ້ວຍການປິດສະໜາມຂີ້ເຫຍື້ອແຫ່ງເກົ່າ.pdf,,false,false,false,true,
2,Agreement,legaltype=2&old=0,LA-917,ຂໍ້ຕົກລົງ ຂອງລັດຖະມົນຕີວ່າການ ກະຊວງການເງິນວ່າດ້ວຍ ການຮັບຮອງ ມາດຕະຖານການລາຍງານການເງິນ ສຳລັບວິສາຫະກິດທີ່ບໍ່ຮັບໃຊ້ຜົນປະໂຫຍດສາທາລະນະ,ກະຊວງ ການເງິນ,2016-02-26,2016-04-07,in_force,ປັດຈຸບັນ,subsidiary_legislation,false,,https://laoofficialgazette.gov.la/kcfinder/upload/files/Scanned2.pdf,,false,false,false,true,
2,Agreement,legaltype=2&old=0,LA-916,ຂໍ້ຕົກລົງ ຂອງລັດຖະມົນຕີວ່າການ ກະຊວງການເງິນວ່າດ້ວຍ ການນຳໃຊ້ມາດຕະຖານສາກົນ ດ້ານການບັນຊີແຫ່ງລັດ ຕາມພື້ນຖານເງິນສົດ,ກະຊວງ ການເງິນ,2016-02-26,2016-04-07,in_force,ປັດຈຸບັນ,subsidiary_legislation,false,,https://laoofficialgazette.gov.la/kcfinder/upload/files/Scanned1.pdf,,false,false,false,true,
2,Agreement,legaltype=2&old=0,LA-908,"ຂໍ້ຕົກລົງ ຂອງນາຍົກລັດຖະມົນຕີວ່າດ້ວຍ ການຈັດຕັ້ງປະຕິບັດກົນໄກ ""ການບໍລິການຜ່ານປະຕູດຽວ"" ຢູ່ອົງການບໍລິຫານລັດ",ກະຊວງ ພາຍໃນ,2007-08-03,2016-03-28,in_force,ປັດຈຸບັນ,subsidiary_legislation,false,,https://laoofficialgazette.gov.la/kcfinder/upload/files/ຂໍ້ຕົກລົງ ວ່າດ້ວຍການເພີ່ມທະວີການຈັດຕັ້ງປະຕິບັດ.pdf,,false,false,false,true,
2,Agreement,legaltype=2&old=0,LA-900,ຂໍ້ຕົກລົງ ວ່າດ້ວຍການອອກໃບຢັ້ງຢືນແຫຼ່ງກຳເນີດສິນຄ້າທາງເອເລັກໂຕຣນິກ,ກະຊວງ ອຸດສາຫະກຳ ແລະ ການຄ້າ,2016-02-26,2016-03-14,in_force,ປັດຈຸບັນ,subsidiary_legislation,false,,https://laoofficialgazette.gov.la/kcfinder/upload/files/Decision on electronic issuance of certificate.pdf,,false,false,true,true,
2,Agreement,legaltype=2&old=0,LA-887,ຂໍ້ຕົກລົງ ວ່າດ້ວຍການນຳເຂົ້າ ແລະ ສົ່ງອອກ ເພັດຫຍາບ,ກະຊວງ ອຸດສາຫະກຳ ແລະ ການຄ້າ,2016-02-08,2016-02-12,in_force,ປັດຈຸບັນ,subsidiary_legislation,false,,https://laoofficialgazette.gov.la/kcfinder/upload/files/ຂໍ້ຕົກລົງ ວ່າດ້ວຍການນຳເຂົ້າ ແລະ ສົ່ງອອກ ເພັດຫຍາບ.pdf,,false,false,false,true,
2,Agreement,legaltype=2&old=0,LA-871,ຂໍ້​ຕົກ​ລົງວ່າ​ດ້ວຍ ການ​ສະ​ໜອງ​ຂໍ້​ມູນ​ເພີ່ມ​ເຕີມ ຂອງ​ສະ​ຖາ​ບັນ​ການ​ເງິນ,ທະນາຄານແຫ່ງ ສປປ ລາວ,2016-01-15,2016-01-29,in_force,ປັດຈຸບັນ,subsidiary_legislation,false,,https://laoofficialgazette.gov.la/kcfinder/upload/files/ຂໍ້​ຕົກ​ລົງ​ວ່າ​ດ້ວຍ​ການ​ສະ​ໜອງ​ຂໍ້​ມູນ​ຂອງ​ສະ​ຖາ​ບັນ​ການ​ເງິນ.pdf,,false,false,false,true,
2,Agreement,legaltype=2&old=0,LA-867,ຂໍ້​ຕົກ​ລົງ​ວ່າ​ດ້ວຍ ການ​ສ້າງ​ຕັ້ງ​ ທະ​ນາ​ຄານ​ທຸ​ລະ​ກິດ ແລະ ສາ​ຂາ​ທະ​ນາ​ຄານ​ທຸ​ລະ​ກິດ,ທະນາຄານແຫ່ງ ສປປ ລາວ,2016-01-15,2016-01-29,in_force,ປັດຈຸບັນ,subsidiary_legislation,false,,https://laoofficialgazette.gov.la/kcfinder/upload/files/ຂໍ້​ຕົກ​ລົງ​ວ່າ​ດ້ວຍ​ການ​ສ້າງ​ຕັ້ງ​ທະ​ນາ​ຄານ​ທຸ​ລະ​ກິດ ແລະ ສາ​ຂາ​ທ​ະ​ນາ​ຄານ​ທຸ​ລະ​ກິດ.pdf,,false,false,false,true,
2,Agreement,legaltype=2&old=0,LA-863,ຂໍ້ຕົກລົງ ວ່າດ້ວຍການເຊື່ອມເຄືອຂ່າຍໂທລະຄົມມະນາຄົມ,ກະຊວງ ເຕັກໂນໂລຊີ ແລະ ການສື່ສານ,2016-01-25,2016-01-29,in_force,ປັດຈຸບັນ,subsidiary_legislation,false,,https://laoofficialgazette.gov.la/kcfinder/upload/files/6. ຂໍ້ຕົກລົງ ວ່າດ້ວຍການເຊື່ອມເຄືອຂ່າຍໂທລະຄົມມະນາຄົມ.pdf,,false,false,true,true,
2,Agreement,legaltype=2&old=0,LA-860,ຂໍ້ຕົກລົງວ່າດ້ວຍ ການອະນຸມັດໃຫ້ປະຕິບັດ ເກັບຄ່າຄຸ້ມຄອງໝໍ້ແທກນ້ຳປະປາ ຢູ່ແຂວງຊຽງຂວາງ,ແຂວງ ຊຽງຂວາງ,2015-03-18,2016-01-22,in_force,ປັດຈຸບັນ,subsidiary_legislation,false,,https://laoofficialgazette.gov.la/kcfinder/upload/files/ຂໍ້ຕົກລົງ ວ່າດ້ວຍ ການອະນຸມັດໃຫ້ປະຕິບັດ ເກັບຄ່າຄຸ້ມຄອງ ໝໍ້ແທກນ້ຳປະປາ ຢູ່ແຂວາງຊຽງຂວາງ.pdf,,false,false,false,true,
2,Agreement,legaltype=2&old=0,LA-868,ຂໍ້ຕົກລົງວ່າດ້ວຍ ກອງທຶນໝູນວຽນ ທາດໂປຕາດຊຽມຟຣູອໍໄຣ,ກະຊວງ ອຸດສາຫະກຳ ແລະ ການຄ້າ,2015-12-11,2015-12-30,in_force,ປັດຈຸບັນ,subsidiary_legislation,false,,https://laoofficialgazette.gov.la/kcfinder/upload/files/11-12-2015.pdf,,false,false,false,true,
2,Agreement,legaltype=2&old=0,LA-859,ຂໍ້ຕົກລົງວ່າດ້ວຍ ແຜນຜັງຄື້ນຄວາມຖີ່ແຫ່ງຊາດ,ກະຊວງ ເຕັກໂນໂລຊີ ແລະ ການສື່ສານ,2015-10-02,2015-11-04,in_force,ປັດຈຸບັນ,subsidiary_legislation,false,,https://laoofficialgazette.gov.la/kcfinder/upload/files/ຂໍ້ຕົກລົງ ວ່າດ້ວຍແຜນຜັງຄື້ນຄວາມຖີ່ແຫ່ງຊາດ.pdf,,false,false,true,true,
2,Agreement,legaltype=2&old=0,LA-858,ຂໍ້ຕົກລົງວ່າດ້ວຍ ຜະລິດຕະພັນໄມ້,ກະຊວງ ອຸດສາຫະກຳ ແລະ ການຄ້າ,2015-09-28,2015-10-09,in_force,ປັດຈຸບັນ,subsidiary_legislation,false,,https://laoofficialgazette.gov.la/kcfinder/upload/files/35. ຂໍ້ຕົກລົງ ວ່າດ້ວຍຜະລິດຕະພັນໄມ້111.pdf,,false,false,false,true,
2,Agreement,legaltype=2&old=0,LA-846,ຂໍ້ຕົກລົງວ່າດ້ວຍ ສູນການຄ້າ ແລະ ຮ້ານສັບພະສິນຄ້າ,ກະຊວງ ອຸດສາຫະກຳ ແລະ ການຄ້າ,2015-09-22,2015-09-28,in_force,ປັດຈຸບັນ,subsidiary_legislation,false,,"https://laoofficialgazette.gov.la/kcfinder/upload/files/1, ຂໍ້ຕົກລົງ ວ່າດ້ວຍສູນການຄ້າ ແລະ ຮ້ານສັບພະສິນຄ້າ.pdf",,false,false,false,true,
2,Agreement,legaltype=2&old=0,LA-835,"ຂໍ້ຕົກລົງວ່າດ້ວຍການຈັດຕັ້ງ ປະຕິບັດ ແລະ ເຄື່ອນໄຫວວຽກ ສຳລັບການພັດທະນາ, ຈັດຕັ້ງປະ ຕິບັດ ແລະ ດຳເນີນງານລະບົບ ແຈ້ງພາສີປະຕູດຽວ",ກະຊວງ ການເງິນ,2015-06-26,2015-08-11,in_force,ປັດຈຸບັນ,subsidiary_legislation,false,,https://laoofficialgazette.gov.la/kcfinder/upload/files/Decision of Implementation for Lao National Single Window(upload).pdf,,false,false,false,true,
2,Agreement,legaltype=2&old=0,LA-821,ຂໍ້ຕົກລົງ ວ່າດ້ວຍການສ້າງຕັ້ງ ສະພາການຄ້າຕ່າງປະເທດ ປະຈຳ ສປປ ລາວ,ກະຊວງ ອຸດສາຫະກຳ ແລະ ການຄ້າ,2015-05-22,2015-06-24,in_force,ປັດຈຸບັນ,subsidiary_legislation,false,,https://laoofficialgazette.gov.la/kcfinder/upload/files/ຂໍ້ຕົກລົງ ວ່າດ້ວຍການສ້າງຕັ້ງສະພາການຄ້າຕ່າງປະເທດ ປະຈຳ ສປປ ລາວ.pdf,,false,false,false,true,
2,Agreement,legaltype=2&old=0,LA-820,ຂໍ້ຕົກລົງ ວ່າດ້ວຍທຸລະກິດ ການຄ້າຂາຍຍົກ ແລະ ການຄ້າຂາຍຍ່ອຍ,ກະຊວງ ອຸດສາຫະກຳ ແລະ ການຄ້າ,2015-05-22,2015-06-24,in_force,ປັດຈຸບັນ,subsidiary_legislation,false,,https://laoofficialgazette.gov.la/kcfinder/upload/files/ຂໍ້ຕົກລົງ ວ່າດ້ວຍທຸລະກິດການຄ້າຂາຍຍົກ ແລະ ການຄ້າຂາຍຍ່ອຍ.pdf,,false,false,false,true,
2,Agreement,legaltype=2&old=0,LA-817,ຂໍ້ຕົກລົງ ວ່າດ້ວຍການຫັນປ່ຽນ ທີ່ດິນປ່າໄມ້ (ປ່າປ້ອງກັນແຫ່ງຊາດ) ເປັນດິນປຸກສ້າງ,ແຂວງ ເຊກອງ,2015-02-27,2015-06-19,in_force,ປັດຈຸບັນ,subsidiary_legislation,false,,"https://laoofficialgazette.gov.la/kcfinder/upload/files/2, ຂໍ້ຕົກລົງ ວ່າດ້ວຍການຫັນປ່ຽນທີ່ດິນປ່າໄມ້ (ປ່າປ້ອງກັນແຫ່ງຊາດ) ເປັນດິນປຸກສ້າງ.pdf",,false,false,false,true,
2,Agreement,legaltype=2&old=0,LA-788,ຂໍ້ຕົກລົງ ວ່າດ້ວຍການໂຈະໂຄງການ ທີ່ຂະແໜງການ ແລະ ເມືອງສະເໜີມາ ປະຕິບັດໃນສົກປີ 2012-13 ໄປປະຕິບັດ ໃນສົກປີຕໍ່ໜ້າ,ແຂວງ ອັດຕະປື,2012-08-03,2015-04-09,in_force,ປັດຈຸບັນ,subsidiary_legislation,false,,https://laoofficialgazette.gov.la/kcfinder/upload/files/ຂໍ້ຕົກລົງ ວ່າດ້ວຍການໂຈະໂຄງການທີ່ຂະແໜງການ ແລະ ເມືອງສະເໜີມາປະຕິບັດ ໃນສົກປີ 2012-13 .pdf,,false,false,false,true,
2,Agreement,legaltype=2&old=0,LA-785,ຂໍ້ຕົກລົງ ວ່າດ້ວຍການຍົກຍ້າຍ ເມືອງກະລຶມເກົ່າ ໄປຢູ່ເມືອງກະລຶມໃໝ່,ແຂວງ ເຊກອງ,2015-03-10,2015-04-01,in_force,ປັດຈຸບັນ,subsidiary_legislation,false,,https://laoofficialgazette.gov.la/kcfinder/upload/files/ຂໍ້ຕົກລົງ ວ່າດ້ວຍການຍົກຍ້າຍເມືອງກະລຶມເກົ່າໄປຢູ່ເມືອງກະລຶມໃໝ່.pdf,,false,false,false,true,
2,Agreement,legaltype=2&old=0,LA-770,ຂໍ້ຕົກລົງ ວ່າດ້ວຍລະບຽບການດຳເນີນບໍລິການ ດ້ານວິຊາການກ່ຽວກັບສິ່ງແວດລ້ອມ,ກະຊວງ ກະສິກຳ ແລະ ສິ່ງແວດລ້ອມ,2015-01-22,2015-03-12,in_force,ປັດຈຸບັນ,subsidiary_legislation,false,,https://laoofficialgazette.gov.la/kcfinder/upload/files/ຂໍ້ຕົກລົງ ວ່າດ້ວຍລະບຽບການດຳເນີນບໍລິການດ້ານວິຊາການກ່ຽວກັບສິ່ງແວດລ້ອມ.pdf,,false,false,false,true,
2,Agreement,legaltype=2&old=0,LA-764,ຂໍ້ຕົກລົງ ວ່າດ້ວຍລະບຽບການຄຸ້ມຄອງການເງິນ ສຳລັບທຶນຊ່ວຍເຫຼືອທາງການເພື່ອການພັດທະນາ,ກະຊວງ ການເງິນ,2010-11-01,2015-03-04,in_force,ປັດຈຸບັນ,subsidiary_legislation,false,,https://laoofficialgazette.gov.la/kcfinder/upload/files/ຂໍ້ຕົກລົງ ວ່າດ້ວຍລະບຽບການຄຸ້ມຄອງການເງິນສຳລັບທຶນຊ່ວຍເຫຼືອທາງການເພື່ອການພັດທະນາ.pdf,,false,false,false,true,
2,Agreement,legaltype=2&old=0,LA-763,"ຂໍ້ຕົກລົງ ກ່ຽວກັບການກຳນົດຊົ່ວຄາວ ອັດຕາການເກັບຄ່າຊັບພະຍາກອນປະເພດ ດິນດຳ,ດິນແດງ, ແຮ-ຊາຍ ແລະ ອື່ນໆ",ກະຊວງ ການເງິນ,2008-02-19,2015-03-04,in_force,ປັດຈຸບັນ,subsidiary_legislation,false,,"https://laoofficialgazette.gov.la/kcfinder/upload/files/ຂໍ້ຕົກລົງ ການກຳນົດຊົ່ວຄາວອັດຕາການເກັບຄ່າຊັບພະຍາກອນປະເພດດິນດຳ,ດິນແດງ,ແຮ-ຊາຍ .pdf",,false,false,false,true,
2,Agreement,legaltype=2&old=0,LA-751,ຂໍ້ຕົກລົງ ວ່າດ້ວຍການແຂ່ງຂັນ ດ້ານໂທລະຄົມມະນາຄົມ,ກະຊວງ ເຕັກໂນໂລຊີ ແລະ ການສື່ສານ,2015-01-08,2015-01-13,in_force,ປັດຈຸບັນ,subsidiary_legislation,false,,https://laoofficialgazette.gov.la/kcfinder/upload/files/5. ຂໍ້ຕົກລົງ ວ່າດ້ວຍການແຂ່ງຂັນດ້ານໂທລະຄົມມະນາຄົມ.pdf,,false,false,true,true,
2,Agreement,legaltype=2&old=0,LA-747,"ຂໍ້ຕົກລົງ ວ່າດ້ວຍລະບຽບການຄຸ້ມຄອງ ນັກຮຽນ, ນັກສຶກສາລາວ ໄປສຶກສາຢູ່ຕ່າງປະເທດ",ກະຊວງ ສຶກສາທິການ ແລະ ກິລາ,2013-08-28,2015-01-09,in_force,ປັດຈຸບັນ,subsidiary_legislation,false,,"https://laoofficialgazette.gov.la/kcfinder/upload/files/ຂໍ້ຕົກລົງ ວ່າດ້ວຍລະບຽບການຄຸ້ມຄອງ ນັກຮຽນ, ນັກສຶກສາລາວ ໄປສຶກສາຢູ່ຕ່າງປະເທດ.pdf",,false,false,false,true,
2,Agreement,legaltype=2&old=0,LA-740,ຂໍ້ຕົກລົງຂອງ ລັດຖະມົນຕີ ວ່າດ້ວຍການກຳນົດລາຄາຂາຍຍົກ ໃບຫວຍພັດທະນາທຸກປະເພດ,ກະຊວງ ການເງິນ,2003-05-08,2015-01-06,in_force,ປັດຈຸບັນ,subsidiary_legislation,false,,https://laoofficialgazette.gov.la/kcfinder/upload/files/ຂໍ້ຕົກລົງຂອງລັດຖະມົນຕີ ວ່າດ້ວຍການກຳນົດລາຄາຂາຍຍົກໃບຫວຍພັດທະນາທຸກປະເພດ.pdf,,false,false,false,true,
2,Agreement,legaltype=2&old=0,LA-739,ຂໍ້ຕົກລົງຂອງນາຍົກລັດຖະມົນຕີ ວ່າດ້ວຍການຄຸ້ມຄອງ ກິດຈະການຫວຍ,ກະຊວງ ການເງິນ,2008-07-01,2015-01-06,in_force,ປັດຈຸບັນ,subsidiary_legislation,false,,https://laoofficialgazette.gov.la/kcfinder/upload/files/5. ຂໍ້ຕົກລົງ ຂອງນາຍົກລັດຖະມົນຕີ ແຫ່ງ ສປປ ລາວ ວ່າດ້ວຍການຄຸ້ມຄອງກິດຈະການຫວຍ.pdf,,false,false,false,true,
2,Agreement,legaltype=2&old=0,LA-729,ຂໍ້ຕົກລົງຂອງລັດຖະມົນຕີ ວ່າດ້ວຍ ຄວາມປອດໄພ ແລະ ສຸຂະພາບແຮງງານ ໃນສະຖານທີ່ການກໍ່ສ້າງ,ກະຊວງ ແຮງງານ ແລະ ສະຫວັດດີການສັງຄົມ,2013-08-21,2014-12-23,in_force,ປັດຈຸບັນ,subsidiary_legislation,false,,https://laoofficialgazette.gov.la/kcfinder/upload/files/1. ຂໍ້ຕົກລົງ .pdf,,false,false,true,true,
2,Agreement,legaltype=2&old=0,LA-717,ຂໍ້ຕົກລົງວ່າດ້ວຍ ຫຼັກຊັບຄ້ຳປະກັນ,ທະນາຄານແຫ່ງ ສປປ ລາວ,2007-11-30,2014-12-03,in_force,ປັດຈຸບັນ,subsidiary_legislation,false,,https://laoofficialgazette.gov.la/kcfinder/upload/files/12. ຂໍ້ຕົກລົງ ວ່າດ້ວຍຫລັກ​ຊັບ​ຄ້ຳ​ປະ​ກັນ.pdf,,false,false,true,true,
2,Agreement,legaltype=2&old=0,LA-718,ຂໍ້ຕົກລົງກ່ຽວກັບ ການກຳນົດອັດຕາດອກເບ້ຍຊື້ຂາຍ ຂາດຕົວ ແລະ ອັດຕາດອກເບ້ຍຊື້ຂາຍ ຝາກພັນທະບັດ,ທະນາຄານແຫ່ງ ສປປ ລາວ,2008-07-02,2014-12-03,in_force,ປັດຈຸບັນ,subsidiary_legislation,false,,https://laoofficialgazette.gov.la/kcfinder/upload/files/11. ຂໍ້ຕົກລົງ ກ່ຽວ​ກັບ​ການ​ກຳ​ນົດ​ອັດ​ຕາ​ດອກ​ເບ້ຍ​ ຊື້-ຂາຍ​ຂາດ​ຕົວ.pdf,,false,false,false,true,
2,Agreement,legaltype=2&old=0,LA-719,"ຂໍ້ຕົກລົງວ່າດ້ວຍ ຄ່າທຳນຽມ, ຄ່າບໍລິການໃນການຂໍອະນຸຍາດ ດຳເນີນທຸລະກິດ ແລະ ຄຸ້ມຄອງປະຈຳປີ ຂອງສະຖາບັນການເງິນ",ທະນາຄານແຫ່ງ ສປປ ລາວ,2014-05-23,2014-12-03,in_force,ປັດຈຸບັນ,subsidiary_legislation,false,,"https://laoofficialgazette.gov.la/kcfinder/upload/files/2. ຂໍ້ຕົກລົງ ວ່າດ້ວຍຄ່າທຳນຽມ, ຄ່າບໍລິການໃນການຂໍອະນຸຍາດດຳເນີນທຸລະກິດ ແລະ ຄຸ້ມຄອງປະຈຳປີ.pdf",,false,false,true,true,
2,Agreement,legaltype=2&old=0,LA-722,ຂໍ້ຕົກລົງ ຂອງລັດຖະມົນຕີວ່າການ ກະຊວງພະລັງງານ ແລະ ບໍ່ແຮ່ ວ່າດ້ວຍການຊື້-ຂາຍ ແຮ່ທາດ ແລະ ຜະລິດຕະພັນແຮ່ທາດ,ກະຊວງ ອຸດສາຫະກຳ ແລະ ການຄ້າ,2012-04-20,2014-12-03,in_force,ປັດຈຸບັນ,subsidiary_legislation,false,,"https://laoofficialgazette.gov.la/kcfinder/upload/files/1, ຂໍ້ຕົກລົງ ວ່າດ້ວຍການຊື້-ຂາຍ ແຮ່ທາດ ແລະ ປະລິດຕະພັນແຮ່ທາດ.pdf",,false,false,false,true,
2,Agreement,legaltype=2&old=0,LA-723,ຂໍ້ຕົກລົງ ວ່າດ້ວຍ ລະບຽບການຂໍອະນຸຍາດນຳເຂົ້າ ແລະ ສົ່ງອອກແຮ່ທາດ ແລະ ຜະລິດຕະພັນແຮ່ທາດ,ກະຊວງ ອຸດສາຫະກຳ ແລະ ການຄ້າ,2012-03-13,2014-12-03,in_force,ປັດຈຸບັນ,subsidiary_legislation,false,,"https://laoofficialgazette.gov.la/kcfinder/upload/files/2, ຂໍ້ຕົກລົງ ວ່າດ້ວຍ ລະບຽບການຂໍອະນຸຍາດນຳເຂົ້າ ແລະ ສົ່ງອອກແຮ່ທາດ ແລະ ຜະລິດຕະພັນແຮ່ທາດ.pdf",,false,false,false,true,
2,Agreement,legaltype=2&old=0,LA-705,ຂໍ້ຕົກລົງວ່າດ້ວຍ ການຄິດໄລ່ດອກເບັ້ຍໃຫ້ກູ້ຢຶມ ແລະການປັບໃໝຂອງ ທະນາຄານທຸລະກິດ,ທະນາຄານແຫ່ງ ສປປ ລາວ,2012-04-23,2014-11-12,in_force,ປັດຈຸບັນ,subsidiary_legislation,false,,https://laoofficialgazette.gov.la/kcfinder/upload/files/3. ຂໍ້ຕົກລົງ .pdf,,false,false,true,true,
2,Agreement,legaltype=2&old=0,LA-706,ຂໍ້ຕົກລົງກ່ຽວກັບ ການໂອນເງິນເຂົ້າ-ອອກປະເທດຂອງ ທະນາຄານທຸລະກິດ,ທະນາຄານແຫ່ງ ສປປ ລາວ,2011-06-06,2014-11-12,in_force,ປັດຈຸບັນ,subsidiary_legislation,false,,https://laoofficialgazette.gov.la/kcfinder/upload/files/4. ຂໍ້ຕົກລົງ .pdf,,false,false,true,true,
2,Agreement,legaltype=2&old=0,LA-707,ຂໍ້ຕົກລົງວ່າດ້ວຍ ການລົງທຶນໃນຫຼັກຊັບ ຂອງທະນາຄານທຸລະກິດ ແລະ ສະຖາບັນການເງິນທີ່ຮັບເງິນຝາກ,ທະນາຄານແຫ່ງ ສປປ ລາວ,2011-02-21,2014-11-12,in_force,ປັດຈຸບັນ,subsidiary_legislation,false,,https://laoofficialgazette.gov.la/kcfinder/upload/files/5. ຂໍ້ຕົກລົງ .pdf,,false,false,true,true,
2,Agreement,legaltype=2&old=0,LA-708,ຂໍ້ຕົກລົງວ່າດ້ວຍ ຄ່າທຳນຽມການຂໍສ້າງຕັ້ງ ແລະ ຄ່າຄຸ້ມຄອງປະຈຳປີ ຂອງທະນາຄານທຸລະກິດ,ທະນາຄານແຫ່ງ ສປປ ລາວ,2011-11-22,2014-11-12,in_force,ປັດຈຸບັນ,subsidiary_legislation,false,,https://laoofficialgazette.gov.la/kcfinder/upload/files/6. ຂໍ້ຕົກລົງ .pdf,,false,false,true,true,
2,Agreement,legaltype=2&old=0,LA-709,ຂໍ້ຕົກລົງກ່ຽວກັບການດັດແກ້ ການຫັກເງິນແຮສຳລັບ ການສູນເສັຍເງິນກູ້ລວມ,ທະນາຄານແຫ່ງ ສປປ ລາວ,2010-04-02,2014-11-12,in_force,ປັດຈຸບັນ,subsidiary_legislation,false,,https://laoofficialgazette.gov.la/kcfinder/upload/files/7.​ ຂໍ້ຕົກລົງ ມ.pdf,,false,false,false,true,
2,Agreement,legaltype=2&old=0,LA-710,ຂໍ້ຕົກລົງວ່າດ້ວຍ ມາດຕະການລະເມີດຂອງ ທະນາຄານທຸລະກິດ,ທະນາຄານແຫ່ງ ສປປ ລາວ,2010-10-18,2014-11-12,in_force,ປັດຈຸບັນ,subsidiary_legislation,false,,https://laoofficialgazette.gov.la/kcfinder/upload/files/8.​ ຂໍ້ຕົກລົງ .pdf,,false,false,true,true,
2,Agreement,legaltype=2&old=0,LA-711,ຂໍ້ຕົກລົງວ່າດ້ວຍຄ່າບໍລິການ ຂອງທະນາຄານ ແຫ່ງ ສປປ ລາວ,ທະນາຄານແຫ່ງ ສປປ ລາວ,2009-09-07,2014-11-12,in_force,ປັດຈຸບັນ,subsidiary_legislation,false,,https://laoofficialgazette.gov.la/kcfinder/upload/files/9. ຂໍ້ຕົກລົງ .pdf,,false,false,true,true,
2,Agreement,legaltype=2&old=0,LA-712,ຂໍ້ຕົກລົງວ່າດ້ວຍ ຂອບເຂດການໃຫ້ສິນເຊື່ອ ຂອງທະນາຄານທຸລະກິດ,ທະນາຄານແຫ່ງ ສປປ ລາວ,2007-07-02,2014-11-12,in_force,ປັດຈຸບັນ,subsidiary_legislation,false,,https://laoofficialgazette.gov.la/kcfinder/upload/files/10. ຂໍ້ຕົກລົງ .pdf,,false,false,true,true,
2,Agreement,legaltype=2&old=0,LA-690,"ຂໍ້ຕົກລົງຂອງລັດຖະມົນຕີ ວ່າດ້ວຍມາດຕະຖານກະສິກຳທີ່ດີ ກ່ຽວກັບສຸຂະພາບ, ຄວາມປອດໄພ ແລະ ສະຫວັດດີການສັງຄົມ ຂອງຜູ່ອອກແຮງງານ",ກະຊວງ ກະສິກຳ ແລະ ສິ່ງແວດລ້ອມ,2011-02-09,2014-11-07,in_force,ປັດຈຸບັນ,subsidiary_legislation,false,,https://laoofficialgazette.gov.la/kcfinder/upload/files/20. ຂໍ້ຕົກລົງ.pdf,"https://laoofficialgazette.gov.la/kcfinder/upload/files/20, Ministry of the .pdf",true,false,true,true,
2,Agreement,legaltype=2&old=0,LA-686,ຂໍ້ຕົກລົງຂອງລັດຖະມົນຕີ ວ່າດ້ວຍລະບຽບການຄຸ້ມຄອງ ແລະນຳໃຊ້ແຫຼ່ງແນວພັນໄມ້ ໃນ ສປປ ລາວ,ກະຊວງ ກະສິກຳ ແລະ ສິ່ງແວດລ້ອມ,2010-01-27,2014-11-07,in_force,ປັດຈຸບັນ,subsidiary_legislation,false,,https://laoofficialgazette.gov.la/kcfinder/upload/files/16. ຂໍ້ຕົກລົງ .pdf,,false,false,false,true,
2,Agreement,legaltype=2&old=0,LA-681,ຂໍ້ຕົກລົງຂອງລັດຖະມົນຕີ ວ່າດ້ວຍມາດຕະຖານກະສິກຳທີ່ດີ ກ່ຽວກັບຄຸນນະພາບຂອງຜົນຜະລິດ,ກະຊວງ ກະສິກຳ ແລະ ສິ່ງແວດລ້ອມ,2011-02-09,2014-11-05,in_force,ປັດຈຸບັນ,subsidiary_legislation,false,,https://laoofficialgazette.gov.la/kcfinder/upload/files/11. ຂໍ້ຕົກລົງ .pdf,,false,false,false,true,
2,Agreement,legaltype=2&old=0,LA-679,"ຂໍ້ຕົກລົງຂອງລັດຖະມົນຕີ ວ່າດ້ວຍການຄຸ້ມຄອງ ຫ້ອງປິ່ນປົວສັດ, ຮ້ານຂາຍຢາ ແລະ ເຄື່ອງມືສັດຕະວະເພດ",ກະຊວງ ກະສິກຳ ແລະ ສິ່ງແວດລ້ອມ,2012-08-23,2014-11-05,in_force,ປັດຈຸບັນ,subsidiary_legislation,false,,"https://laoofficialgazette.gov.la/kcfinder/upload/files/9, ຂໍ້ຕົກລົງ ຂອງ ລຕ .pdf",,false,false,false,true,
2,Agreement,legaltype=2&old=0,LA-680,"ຂໍ້ຕົກລົງຂອງລັດຖະມົນຕີ ວ່າດ້ວຍລະບຽບການນຳເຂົ້າ, ການຄຸ້ມຄອງ ແລະ ການນຳໃຊ້ເຄື່ອງຈັກຕັດໄມ້",ກະຊວງ ກະສິກຳ ແລະ ສິ່ງແວດລ້ອມ,2012-06-19,2014-11-05,in_force,ປັດຈຸບັນ,subsidiary_legislation,false,,https://laoofficialgazette.gov.la/kcfinder/upload/files/10. ຂໍ້ຕົກລົງ ຂອງ ລຕ .pdf,,false,false,false,true,
2,Agreement,legaltype=2&old=0,LA-682,ຂໍ້ຕົກລົງຂອງລັດຖະມົນຕີ ວ່າດ້ວຍມາດຕະຖານກະສິກຳທີ່ດີ ກ່ຽວກັບການຈັດການ ດ້ານສິ່ງແວດລ້ອມ,ກະຊວງ ກະສິກຳ ແລະ ສິ່ງແວດລ້ອມ,2011-02-09,2014-11-05,in_force,ປັດຈຸບັນ,subsidiary_legislation,false,,https://laoofficialgazette.gov.la/kcfinder/upload/files/12. ຂໍ້ຕົກລົງ .pdf,,false,false,false,true,
2,Agreement,legaltype=2&old=0,LA-678,ຂໍ້ຕົກລົງຂອງລັດຖະມົນຕີ ວ່າດ້ວຍການຂ້າສັດ ແລະ ການກວດກາອະນາໄມ ຜະລິດຕະພັນສັດ,ກະຊວງ ກະສິກຳ ແລະ ສິ່ງແວດລ້ອມ,2011-03-18,2014-11-04,in_force,ປັດຈຸບັນ,subsidiary_legislation,false,,https://laoofficialgazette.gov.la/kcfinder/upload/files/7.ຂໍ່​ຕົກ​ລົງ .pdf,,false,false,false,true,
2,Agreement,legaltype=2&old=0,LA-677,ຂໍ້ຕົກລົງຂອງລັດຖະມົນຕີ ວ່າດ້ວຍຫຼັກການພື້ນຖານກ່ຽວກັບການນຳໃຊ້ ມາດຕະການສຸຂານາໄມ ແລະ ສຸຂານາໄມພືດ ເຂົ້າໃນການຄຸ້ມຄອງຜະລິດຕະພັນພືດ ແລະ ສັດ,ກະຊວງ ກະສິກຳ ແລະ ສິ່ງແວດລ້ອມ,2012-01-11,2014-11-04,in_force,ປັດຈຸບັນ,subsidiary_legislation,false,,https://laoofficialgazette.gov.la/kcfinder/upload/files/6.ຂໍ້​ຕົກ​ລົງ ລ​ຕ ວດ .pdf,,false,false,false,true,
2,Agreement,legaltype=2&old=0,LA-676,ຂໍ້ຕົກລົງຂອງລັດຖະມົນຕີ ວ່າດ້ວຍການຂຶ້ນທະບຽນພິມສັດ,ກະຊວງ ກະສິກຳ ແລະ ສິ່ງແວດລ້ອມ,2012-08-23,2014-11-04,in_force,ປັດຈຸບັນ,subsidiary_legislation,false,,https://laoofficialgazette.gov.la/kcfinder/upload/files/5. ຂໍ້​ຕົກ​ລົງ​ຂອງ​ລັດ​ຖະ​ມົນ​ວ່າ​ດ້ວຍ​.pdf,,false,false,true,true,
2,Agreement,legaltype=2&old=0,LA-671,ຂໍ້ຕົກລົງຂອງລັດຖະມົນຕີ ວ່າດ້ວຍການຄຸ້ມຄອງ ກິດຈະການຟາມລ້ຽງສັດ ໃນ ສປປ ລາວ,ກະຊວງ ກະສິກຳ ແລະ ສິ່ງແວດລ້ອມ,2013-02-06,2014-10-23,in_force,ປັດຈຸບັນ,subsidiary_legislation,false,,https://laoofficialgazette.gov.la/kcfinder/upload/files/ຂໍ້ຕົກລົງ (2).pdf,,false,false,false,true,
2,Agreement,legaltype=2&old=0,LA-673,ຂໍ້ຕົກລົງຂອງລັດຖະມົນຕີ ວ່າດ້ວຍການຄຸ້ມຄອງຝຸ່ນ ໃນ ສປປ ລາວ,ກະຊວງ ກະສິກຳ ແລະ ສິ່ງແວດລ້ອມ,2013-10-24,2014-10-23,in_force,ປັດຈຸບັນ,subsidiary_legislation,false,,https://laoofficialgazette.gov.la/kcfinder/upload/files/ຂໍ້ຕົກລົງ.pdf,,false,false,false,true,
2,Agreement,legaltype=2&old=0,LA-652,ຂໍ້ຕົກລົງ ວ່າດ້ວຍຮູບແບບ ແລະ ຂະໜາດຜະລິດຕະພັນໄມ້,ກະຊວງ ອຸດສາຫະກຳ ແລະ ການຄ້າ,2008-08-28,2014-10-02,in_force,ປັດຈຸບັນ,subsidiary_legislation,false,,https://laoofficialgazette.gov.la/kcfinder/upload/files/ຂໍ້ຕົກລົງ ວ່າດ້ວຍຮູບແບບ ແລະ ຂະໜາດຜະລິດຕະພັນໄມ້.pdf,,false,false,false,true,
2,Agreement,legaltype=2&old=0,LA-650,ຂໍ້ຕົກລົງ ວ່າດ້ວຍການປະເມີນຜົນກະທົບຕໍ່ສິ່ງແວດລ້ອມ ສຳລັບອຸດສາຫະກຳ ແລະ ຫັດຖະກຳປຸງແຕ່ງຢູ່ໃນ ສປປ ລາວ,ກະຊວງ ອຸດສາຫະກຳ ແລະ ການຄ້າ,2005-12-07,2014-10-02,in_force,ປັດຈຸບັນ,subsidiary_legislation,false,,https://laoofficialgazette.gov.la/kcfinder/upload/files/ຂໍ້ຕົກລົງ ວ່າດ້ວຍການປະເມີນຜົນກະທົບຕໍ່ສິ່ງແວດລ້ອມ ສຳລັບອຸດສາຫະກຳ1.pdf,,false,false,false,true,
2,Agreement,legaltype=2&old=0,LA-632,ຂໍ້ຕົກລົງວ່າດ້ວຍ ການຂໍອະນຸຍາດ ນຳເຂົ້າ ແລະ ສົ່ງອອກ ຄຳແທ່ງ,ທະນາຄານແຫ່ງ ສປປ ລາວ,2012-06-26,2014-09-22,in_force,ປັດຈຸບັນ,subsidiary_legislation,false,,https://laoofficialgazette.gov.la/kcfinder/upload/files/ຂໍ້ຕົກລົງ ວ່າດ້ວຍການຂໍອະນຸຍາດນຳເຂົ້າ ແລະ ສົ່ງອອກ ຄຳແທ່ງ.pdf,,false,false,false,true,
2,Agreement,legaltype=2&old=0,LA-633,ຂໍ້ຕົກລົງວ່າດ້ວຍ ການເຄື່ອນໄຫວ ວຽກງານຂໍ້ມູນຂ່າວສານສິນເຊື່ອ,ທະນາຄານແຫ່ງ ສປປ ລາວ,2012-09-20,2014-09-22,in_force,ປັດຈຸບັນ,subsidiary_legislation,false,,https://laoofficialgazette.gov.la/kcfinder/upload/files/ຂໍ້ຕົກລົງ ວ່າດ້ວຍການເຄື່ອນໄຫວວຽກງານຂໍ້ມູນຂ່າວສານສິນເຊື່ອ.pdf,,false,false,true,true,
2,Agreement,legaltype=2&old=0,LA-634,ຂໍ້ຕົກລົງວ່າດ້ວຍ ສະມາຊິກ ແລະ ຄ່າບໍລິການຂໍ້ມູນ ຂ່າວສານສິນເຊື່ອ,ທະນາຄານແຫ່ງ ສປປ ລາວ,2012-09-20,2014-09-22,in_force,ປັດຈຸບັນ,subsidiary_legislation,false,,https://laoofficialgazette.gov.la/kcfinder/upload/files/ຂໍ້ຕົກລົງ ວ່າດ້ວຍຄ່າສະມາຊິກ ແລະ ຄ່າບໍລິການຂໍ້ມູນຂ່າວສານສິນເຊື່ອ.pdf,,false,false,true,true,
2,Agreement,legaltype=2&old=0,LA-616,ຂໍ້ຕົກລົງ ວ່າດ້ວຍ ການຄຸ້ມຄອງໝໍ້ຕົ້ມນ້ຳ ໃນໂຮງງານອຸດສາຫະກຳ ປຸງແຕ່ງ ແລະ ຫັດຖະກຳ,ກະຊວງ ອຸດສາຫະກຳ ແລະ ການຄ້າ,2013-11-25,2014-09-17,in_force,ປັດຈຸບັນ,subsidiary_legislation,false,,https://laoofficialgazette.gov.la/kcfinder/upload/files/9.ຂໍ້ຕົກລົງ ວ່າດ້ວຍການຄຸ້ມຄອງໝໍ້ຕົ້ມນ້ຳໃນໂຮງງານອຸດສາຫະກຳປຸງແຕ່ງ ແລະ ຫັດຖະກຳ.pdf,,false,false,false,true,
2,Agreement,legaltype=2&old=0,LA-615,ຂໍ້ຕົກລົງ ວ່າດ້ວຍ ການຄຸ້ມຄອງຜະລິດຕະພັນ ອຸດສາຫະກຳ,ກະຊວງ ອຸດສາຫະກຳ ແລະ ການຄ້າ,2012-03-05,2014-09-17,in_force,ປັດຈຸບັນ,subsidiary_legislation,false,,https://laoofficialgazette.gov.la/kcfinder/upload/files/8.ຂໍ້ຕົກລົງ ວ່າດ້ວຍການຄຸ້ມຄອງຜະລິດຕະພັນອຸດສາຫະກຳ.pdf,,false,false,false,true,
2,Agreement,legaltype=2&old=0,LA-614,ຂໍ້ຕົກລົງ ວ່າດ້ວຍ ການຄຸ້ມຄອງປ້ຳຂາຍຍ່ອຍ ນ້ຳມັນເຊື້ອໄຟຢູ່ ສປປ ລາວ,ກະຊວງ ອຸດສາຫະກຳ ແລະ ການຄ້າ,2009-09-08,2014-09-17,in_force,ປັດຈຸບັນ,subsidiary_legislation,false,,https://laoofficialgazette.gov.la/kcfinder/upload/files/7.ຂໍ້ຕົກລົງ ວ່າດ້ວຍການຄຸ້ມຄອງປ້ຳຂາຍຍ່ອຍນ້ຳມັນເຊື້ອໄຟຢູ່ ສປປລາວ.pdf,,false,false,false,true,
2,Agreement,legaltype=2&old=0,LA-613,ຂໍ້ຕົກລົງ ວ່າດ້ວຍ ການຄຸ້ມຄອງທຸລະກິດ ນຳເຂົ້າ ແລະ ບໍລິການຂາຍຍົກ ນ້ຳມັນເຊື້ອໄຟ,ກະຊວງ ອຸດສາຫະກຳ ແລະ ການຄ້າ,2009-09-07,2014-09-17,in_force,ປັດຈຸບັນ,subsidiary_legislation,false,,https://laoofficialgazette.gov.la/kcfinder/upload/files/6.ຂໍ້ຕົກລົງ ວ່າດ້ວຍການຄຸ້ມຄອງທຸລະກິດນຳເຂົ້າ ແລະ ບໍລິການຂາຍຍົກນ້ຳມັນເຊື້ອໄຟ.pdf,,false,false,false,true,
2,Agreement,legaltype=2&old=0,LA-612,ຂໍ້ຕົກລົງ ວ່າດ້ວຍ ການຄຸ້ມຄອງທຶນເງິນກູ້ ເພື່ອເກັບຊື້ເຂົ້າແຮແຊກແຊງ ລາຄາ ແລະ ດັດສົມຕະຫຼາດ,ກະຊວງ ອຸດສາຫະກຳ ແລະ ການຄ້າ,2009-09-03,2014-09-17,in_force,ປັດຈຸບັນ,subsidiary_legislation,false,,https://laoofficialgazette.gov.la/kcfinder/upload/files/5.ຂໍ້ຕົກລົງ ວ່າດ້ວຍການຄຸ້ມຄອງທຶນເງິນກູ້ເພື່ອເກັບຊື້ເຂົ້າແຮແຊກແຊງລາຄາ ແລະ ດັດສົມຕະຫຼາດ.pdf,,false,false,false,true,
2,Agreement,legaltype=2&old=0,LA-611,ຂໍ້ຕົກລົງ ວ່າດ້ວຍ ການຄຸ້ມຄອງທາດ ແລະ ທາດເຄມີອຸດສາຫະກຳ,ກະຊວງ ອຸດສາຫະກຳ ແລະ ການຄ້າ,2012-05-28,2014-09-17,in_force,ປັດຈຸບັນ,subsidiary_legislation,false,,https://laoofficialgazette.gov.la/kcfinder/upload/files/4.ຂໍ້ຕົກລົງ ວ່າດ້ວຍການຄຸ້ມຄອງທາດ ແລະ ທາດເຄມີອຸດສາຫະກຳ.pdf,,false,false,false,true,
2,Agreement,legaltype=2&old=0,LA-610,ຂໍ້ຕົກລົງ ວ່າດ້ວຍ ການຄຸ້ມຄອງສິ່ງເສດເຫຼືອ ຈາກໂຮງງານອຸດສາຫະກຳ ປຸງແຕ່ງ ແລະ ຫັດຖະກຳ,ກະຊວງ ອຸດສາຫະກຳ ແລະ ການຄ້າ,2012-03-20,2014-09-17,in_force,ປັດຈຸບັນ,subsidiary_legislation,false,,https://laoofficialgazette.gov.la/kcfinder/upload/files/3.ຂໍ້ຕົກລົງ ວ່າດ້ວຍການຄຸ້ມຄອງສິ່ງເສດເຫຼືອຈາກໂຮງງານອຸດສາຫະກຳປຸງແຕ່ງ ແລະ ຫັດຖະກຳ.pdf,,false,false,false,true,
2,Agreement,legaltype=2&old=0,LA-609,ຂໍ້ຕົກລົງ ວ່າດ້ວຍ ການກຳນົດລາຍການສິນຄ້າ ຄວບຄຸມລາຄາ ຂອງຂະແໜງອຸດສາຫະກຳ ແລະ ການຄ້າ,ກະຊວງ ອຸດສາຫະກຳ ແລະ ການຄ້າ,2012-06-04,2014-09-17,in_force,ປັດຈຸບັນ,subsidiary_legislation,false,,https://laoofficialgazette.gov.la/kcfinder/upload/files/2.ຂໍ້ຕົກລົງ ວ່າດ້ວຍການກຳນົດລາຍການສິນຄ້າຄວບຄຸມລາຄາຂອງຂະແໜງອຸດສາຫະກຳ ແລະ ການຄ້າ.pdf,,false,false,false,true,
2,Agreement,legaltype=2&old=0,LA-617,ຂໍ້ຕົກລົງ ວ່າດ້ວຍ ການຄຸ້ມຄອງໂຮງງານ ຂະໜາດນ້ອຍ ແບບຄອບຄົວ,ກະຊວງ ອຸດສາຫະກຳ ແລະ ການຄ້າ,2011-05-11,2014-09-17,in_force,ປັດຈຸບັນ,subsidiary_legislation,false,,https://laoofficialgazette.gov.la/kcfinder/upload/files/10.ຂໍ້ຕົກລົງ ວ່າດ້ວຍການຄຸ້ມຄອງໂຮງງານຂະໜາດນ້ອຍ ແບບຄອບຄົວ.pdf,,false,false,false,true,
2,Agreement,legaltype=2&old=0,LA-620,"ຂໍ້ຕົກລົງ ວ່າດ້ວຍ ການຮັບຮອງເອົາ ຍັດຕິກອງປະຊຸມ ການຄຸ້ມຄອງປ່າໄມ້, ກວດກາປ່າໄມ້ ແລະ ການທຸລະກິດໄມ້",ກະຊວງ ອຸດສາຫະກຳ ແລະ ການຄ້າ,2012-03-06,2014-09-17,in_force,ປັດຈຸບັນ,subsidiary_legislation,false,,https://laoofficialgazette.gov.la/kcfinder/upload/files/15.ຂໍ້ຕົກລົງ ວ່າດ້ວຍການຮັບຮອງເອົາມັດຕິກອງປະຊຸມ.pdf,,false,false,false,true,
2,Agreement,legaltype=2&old=0,LA-631,ຂໍຕົກລົງ ວ່າດ້ວຍ ລະບຽບການຂໍອະນຸຍາດ ນຳເຂົ້າ ແລະ ການຈຳໜ່າຍ ລົດຢູ່ ສປປ ລາວ,ກະຊວງ ອຸດສາຫະກຳ ແລະ ການຄ້າ,2012-01-13,2014-09-17,in_force,ປັດຈຸບັນ,subsidiary_legislation,false,,https://laoofficialgazette.gov.la/kcfinder/upload/files/29.ຂໍຕົກລົງ ວ່າດ້ວຍລະບຽບການຂໍອະນຸຍາດນຳເຂົ້າ ແລະ ການຈຳໜ່າຍລົດຢູ່ ສປປລາວ.pdf,,false,false,false,true,
2,Agreement,legaltype=2&old=0,LA-630,ຂໍຕົກລົງ ວ່າດ້ວຍ ມາດຕະຖານຂອງໂຮງງານ ຜະລິດນ້ຳດື່ມ,ກະຊວງ ອຸດສາຫະກຳ ແລະ ການຄ້າ,2005-03-24,2014-09-17,in_force,ປັດຈຸບັນ,subsidiary_legislation,false,,https://laoofficialgazette.gov.la/kcfinder/upload/files/28.ຂໍຕົກລົງ ວ່າດ້ວຍມາດຕະຖານຂອງໂຮງງານຜະລິດນ້ຳດື່ມ.pdf,,false,false,false,true,
2,Agreement,legaltype=2&old=0,LA-629,ຂໍ້ຕົກລົງ ວ່າດ້ວຍ ລະບຽບການຂໍອະນຸຍາດ ນຳເຂົ້າ ແລະ ຈຳໜ່າຍ ອາຍແກັສຢູ່ ສປປ ລາວ,ກະຊວງ ອຸດສາຫະກຳ ແລະ ການຄ້າ,2012-02-02,2014-09-17,in_force,ປັດຈຸບັນ,subsidiary_legislation,false,,https://laoofficialgazette.gov.la/kcfinder/upload/files/24.ຂໍ້ຕົກລົງ ວ່າດ້ວຍລະບຽບການຂໍອະນຸຍາດນຳເຂົ້າ ແລະ ຈຳໜ່າຍອາຍແກັສຢູ່ ສປປລາວ.pdf,,false,false,false,true,
2,Agreement,legaltype=2&old=0,LA-626,ຂໍ້ຕົກລົງ ວ່າດ້ວຍ ມາດຕະຖານໂຮງງານອຸດສາຫະກຳ ປຸງແຕ່ງເຫຼັກ,ກະຊວງ ອຸດສາຫະກຳ ແລະ ການຄ້າ,2010-10-19,2014-09-17,in_force,ປັດຈຸບັນ,subsidiary_legislation,false,,https://laoofficialgazette.gov.la/kcfinder/upload/files/21.ຂໍ້ຕົກລົງ ວ່າດ້ວຍມາດຕະຖານໂຮງງານອຸດສາຫະກຳປຸງແຕ່ງເຫຼັກ.pdf,,false,false,false,true,
2,Agreement,legaltype=2&old=0,LA-625,ຂໍ້ຕົກລົງ ວ່າດ້ວຍມາດຕະຖານໂຮງງານຜະລິດດິນຈີ່,ກະຊວງ ອຸດສາຫະກຳ ແລະ ການຄ້າ,2010-10-19,2014-09-17,in_force,ປັດຈຸບັນ,subsidiary_legislation,false,,https://laoofficialgazette.gov.la/kcfinder/upload/files/20.ຂໍ້ຕົກລົງ ວ່າດ້ວຍມາດຕະຖານໂຮງງານຜະລິດດິນຈີ່.pdf,,false,false,false,true,
2,Agreement,legaltype=2&old=0,LA-623,ຂໍ້ຕົກລົງ ວ່າດ້ວຍ ມາດຕະຖານອາກາດ ທີ່ປ່ອຍອອກຈາກໂຮງງານ ອຸດສາຫະກຳປຸງແຕ່ງ,ກະຊວງ ອຸດສາຫະກຳ ແລະ ການຄ້າ,2009-10-14,2014-09-17,in_force,ປັດຈຸບັນ,subsidiary_legislation,false,,https://laoofficialgazette.gov.la/kcfinder/upload/files/18.ຂໍ້ຕົກລົງ ວ່າດ້ວຍມາດຕະຖານອາກາດທີ່ປ່ອຍອອກຈາກໂຮງງານອຸດສາຫະກຳປຸງແຕ່ງ.pdf,,false,false,false,true,
2,Agreement,legaltype=2&old=0,LA-621,ຂໍ້ຕົກລົງ ວ່າດ້ວຍ ຈຸດສອບຖາມຂໍ້ມູນການຄ້າ ດ້ານການບໍລິການ,ກະຊວງ ອຸດສາຫະກຳ ແລະ ການຄ້າ,2011-02-22,2014-09-17,in_force,ປັດຈຸບັນ,subsidiary_legislation,false,,https://laoofficialgazette.gov.la/kcfinder/upload/files/16.ຂໍ້ຕົກລົງ ວ່າດ້ວຍຈຸດສອບຖາມຂໍ້ມູນການຄ້າດ້ານການບໍລິການ.pdf,,false,false,true,true,
2,Agreement,legaltype=2&old=0,LA-588,ຂໍ້ຕົກລົງ ວ່າດ້ວຍການປະເມີນຜົນກະທົບຂອງຮ່າງນິຕິກຳ,ກະຊວງ ຍຸຕິທຳ,2014-07-07,2014-07-15,in_force,ປັດຈຸບັນ,subsidiary_legislation,false,,https://laoofficialgazette.gov.la/kcfinder/upload/files/Minister Decision on the Impact Assessment of Draft Legislation.pdf,https://laoofficialgazette.gov.la/kcfinder/upload/files/Minister Decision on the Impact Assessment of Draft Legislation-English.pdf,true,false,false,true,
2,Agreement,legaltype=2&old=0,LA-525,"ຂໍ້ຕົກລົງ ວ່າດ້ວຍລະບຽບການ ກ່ຽວກັບ ການຂຸດຄົ້ນ ຫີນແຮ່, ຊາຍ ແລະ ດິນດຳ ຕາມແມ່ນໍ້າຂອງ ແລະ ແມ່ນໍ້າຕ່າງໆ ຢູ່ ສປປ ລາວ",ກະຊວງ ໂຍທາທິການ ແລະ ຂົນສົ່ງ,2010-06-08,2014-02-13,in_force,ປັດຈຸບັນ,subsidiary_legislation,false,,https://laoofficialgazette.gov.la/kcfinder/upload/files/Desision no 7737.pdf,,false,false,false,true,
2,Agreement,legaltype=2&old=0,LA-526,ຂໍ້ຕົກລົງ ວ່າດ້ວຍການອະນຸມັດນ້ຳໜັກລວມສູງສຸດ ຂອງລົດບັນທຸກ ( ລົດລາກ ) 22 ລໍ້ 6 ເພົາ,ກະຊວງ ໂຍທາທິການ ແລະ ຂົນສົ່ງ,2009-04-21,2014-02-13,in_force,ປັດຈຸບັນ,subsidiary_legislation,false,,https://laoofficialgazette.gov.la/kcfinder/upload/files/Desision no 5064.pdf,,false,false,false,true,
2,Agreement,legaltype=2&old=0,LA-524,ຂໍ້ຕົກລົງ ວ່າດ້ວຍການຄຸ້ມຄອງຕົວແທນຂາຍປີ້ເຮືອບິນ ແລະ ຈອງບ່ອນໂດຍສານທາງອາກາດ,ກະຊວງ ໂຍທາທິການ ແລະ ຂົນສົ່ງ,2011-02-16,2014-02-12,in_force,ປັດຈຸບັນ,subsidiary_legislation,false,,https://laoofficialgazette.gov.la/kcfinder/upload/files/Desision no 2526.pdf,,false,false,false,true,
2,Agreement,legaltype=2&old=0,LA-475,ຂໍ້ຕົກລົງວ່າດ້ວຍ ການຄຸ້ມຄອງສະໜາມກຳຈັດຂີ້ເຫຍື້ອ,ກະຊວງ ໂຍທາທິການ ແລະ ຂົນສົ່ງ,2007-02-23,2014-01-09,in_force,ປັດຈຸບັນ,subsidiary_legislation,false,,https://laoofficialgazette.gov.la/kcfinder/upload/files/ຂໍ້​ຕົກ​ລົງ​ວ່າ​ດ້ວຍ​ການ​ຄຸ້ມ​ຄອງ​ສະ​ໜາມ​ກຳ​ຈັດ​ຂີ້​ເຫ​ຍື້ອ.pdf,,false,false,false,true,
2,Agreement,legaltype=2&old=0,LA-477,ຂໍ້ຕົກລົງ ວ່າດ້ວຍການຄຸ້ມຄອງ ແລະ ການພັດທະນາ ຂະແໜງນ້ຳປະປາ,ກະຊວງ ໂຍທາທິການ ແລະ ຂົນສົ່ງ,1999-09-30,2014-01-09,in_force,ປັດຈຸບັນ,subsidiary_legislation,false,,https://laoofficialgazette.gov.la/kcfinder/upload/files/ຂໍ້​ຕົກ​ລົງ ວ່າ​ດ້ວຍ ​ການ​ຄຸ້ມ​ຄອງ ແລະ ການ​ພັດ​ທະ​ນາ​ຂະ​ແໜງ​ນ້ຳ​ປະ​ປາ.pdf,,false,false,false,true,
2,Agreement,legaltype=2&old=0,LA-462,ຂໍ້ຕົກລົງ ວ່າດ້ວຍ ອັດຕາຄ່ານຳໃຊ້ ເລກໝາຍໂທລະຄົມ ແລະ ເລກລະຫັດອິນເຕີເນັດ,ກະຊວງ ເຕັກໂນໂລຊີ ແລະ ການສື່ສານ,2011-06-16,2014-01-06,in_force,ປັດຈຸບັນ,subsidiary_legislation,false,,https://laoofficialgazette.gov.la/kcfinder/upload/files/Free telecom number and internet domain name application Decision.pdf,,false,false,true,true,
2,Agreement,legaltype=2&old=0,LA-463,ຂໍ້ຕົກລົງ ວ່າດ້ວຍ ການຫຼຸດອັດຕາ ຄ່ານຳໃຊ້ ຄື້ນຄວາມຖີ່ວິທະຍຸ,ກະຊວງ ເຕັກໂນໂລຊີ ແລະ ການສື່ສານ,2010-06-07,2014-01-06,in_force,ປັດຈຸບັນ,subsidiary_legislation,false,,https://laoofficialgazette.gov.la/kcfinder/upload/files/Decrease free for radio frequency application Dicision.pdf,,false,false,true,true,
2,Agreement,legaltype=2&old=0,LA-458,ຂໍ້ຕົກລົງ ວ່າດ້ວຍ ການຮັບຮອງ ແລະ ປະກາດໃຊ້ ບັນຊີໂຄງການລົງທຶນ ແລະ ກິດຈະການຕ່າງໆ ທີ່ຈະຕ້ອງດຳເນີນ ການສຶກສາເບື້ອງຕົ້ນ ກ່ຽວກັບ ຜົນກະທົບຕໍ່ສິ່ງແວດລ້ອມ ຫຼື ການປະເມີນຜົນກະທົບ ຕໍ່ສິ່ງແວດລ້ອມສັງຄົມ ແລະ ທຳມະຊາດ,ກະຊວງ ກະສິກຳ ແລະ ສິ່ງແວດລ້ອມ,2013-12-17,2013-12-30,in_force,ປັດຈຸບັນ,subsidiary_legislation,false,,https://laoofficialgazette.gov.la/kcfinder/upload/files/1. Ministerial Decition on the Approval.pdf,,false,false,false,true,
2,Agreement,legaltype=2&old=0,LA-450,ຂໍ້ຕົກລົງ ວ່າດ້ວຍລະບຽບການ ກ່ຽວກັບ ການຄຸ້ມຄອງກິດຈະການກໍ່ສ້າງທາງນໍ້າ ຢູ່ ສປປ ລາວ,ກະຊວງ ໂຍທາທິການ ແລະ ຂົນສົ່ງ,2010-06-08,2013-12-24,in_force,ປັດຈຸບັນ,subsidiary_legislation,false,,https://laoofficialgazette.gov.la/kcfinder/upload/files/ຂໍ້ຕົກລົງ ວ່າດ້ວຍລະບຽບການ ກ່ຽວກັບ ການຄຸ້ມຄອງກິດຈະການກໍ່ສ້າງທາງນໍ້າ ຢູ່ ສປປ ລາວ.pdf,,false,false,false,true,
2,Agreement,legaltype=2&old=0,LA-451,ຂໍ້ຕົກລົງ ວ່າດ້ວຍ ການປົກປັກຮັກສາ ແລະ ບູລະນະທາງຫຼວງ,ກະຊວງ ໂຍທາທິການ ແລະ ຂົນສົ່ງ,2009-12-28,2013-12-24,in_force,ປັດຈຸບັນ,subsidiary_legislation,false,,https://laoofficialgazette.gov.la/kcfinder/upload/files/ຂໍ້​ຕົກ​ລົງ​​​ ວ່າ​ດ້ວຍ​ ການ​ປົກ​ປັກ​ຮັກ​ສາ ແລະ ບູ​ລະ​ນະ​ທາງຫຼວງ.pdf,,false,false,false,true,
2,Agreement,legaltype=2&old=1,LA-2433,ຂໍ້ຕົກລົງວ່າດ້ວຍ ການກວດກາວຽກງານປະກັນສັງຄົມ,ກະຊວງ ແຮງງານ ແລະ ສະຫວັດດີການສັງຄົມ,2021-11-02,2025-09-01,repealed,ສະບັບເກົ່າ,subsidiary_legislation,false,,"https://laoofficialgazette.gov.la/kcfinder/upload/files/4139,2,11,2021.pdf",,false,false,false,true,
2,Agreement,legaltype=2&old=1,LA-2418,ຂໍ້ຕົກລົງວ່າດ້ວຍ ການຄຸ້ມຄອງວິສາຫະກິດ ບໍລິການຈັດຫາງານ,ກະຊວງ ແຮງງານ ແລະ ສະຫວັດດີການສັງຄົມ,2022-03-25,2025-08-11,repealed,ສະບັບເກົ່າ,subsidiary_legislation,false,,"https://laoofficialgazette.gov.la/kcfinder/upload/files/1050,25,3,2022.pdf",,false,false,false,true,
2,Agreement,legaltype=2&old=1,LA-2324,ຂໍ້ຕົກລົງວ່າດ້ວຍ ການປະຕິບັດວຽກງານກວດກາການຄ້າ,ກະຊວງ ອຸດສາຫະກຳ ແລະ ການຄ້າ,2025-01-06,2025-01-09,repealed,ສະບັບເກົ່າ,subsidiary_legislation,false,,https://laoofficialgazette.gov.la/kcfinder/upload/files/0019.9-1-2025.pdf,,false,false,false,true,
2,Agreement,legaltype=2&old=1,LA-2318,ຂໍ້ຕົກລົງວ່າດ້ວຍ ການກຳນົດເນື້ອໃນແບບພິມ ແລະ ການພິມຕາມແບບພິມໃບທະບຽນຢັ້ງຢືນການນຳໃຊ້ທີ່ດິນ ແລະ ໃບຢັ້ງຢືນການນຳໃຊ້ທີ່ດິນ,ກະຊວງ ກະສິກຳ ແລະ ສິ່ງແວດລ້ອມ,2024-11-14,2024-12-30,repealed,ສະບັບເກົ່າ,subsidiary_legislation,false,,https://laoofficialgazette.gov.la/kcfinder/upload/files/4186-30-12-2024.pdf,,false,false,true,true,
2,Agreement,legaltype=2&old=1,LA-2273,ຂໍ້ຕົກລົງວ່າດ້ວຍ ຜະລິດຕະພັນໄມ້,ກະຊວງ ກະສິກຳ ແລະ ສິ່ງແວດລ້ອມ,2024-09-11,2024-09-23,repealed,ສະບັບເກົ່າ,subsidiary_legislation,false,,https://laoofficialgazette.gov.la/kcfinder/upload/files/4645 (1).pdf,,false,false,false,true,
2,Agreement,legaltype=2&old=1,LA-2186,ຂໍ້ຕົກລົງວ່າດ້ວຍ ການຫັນປ່ຽນປະເພດທີ່ດິນ,ກະຊວງ ກະສິກຳ ແລະ ສິ່ງແວດລ້ອມ,2023-12-29,2024-01-15,repealed,ສະບັບເກົ່າ,subsidiary_legislation,false,,https://laoofficialgazette.gov.la/kcfinder/upload/files/3806.pdf,,false,false,false,true,
2,Agreement,legaltype=2&old=1,LA-2181,"ຂໍ້ຕົກລົງວ່າດ້ວຍ ການກຳນົດລາຍການຜະລິດຕະພັນໄມ້, ຫວາຍ ແລະ ໄມ້ປ່ອງເພື່ອສົ່ງອອກ",ກະຊວງ ກະສິກຳ ແລະ ສິ່ງແວດລ້ອມ,2023-12-07,2024-01-10,repealed,ສະບັບເກົ່າ,subsidiary_legislation,false,,https://laoofficialgazette.gov.la/kcfinder/upload/files/4912ກປ2023.pdf,,false,false,false,true,
2,Agreement,legaltype=2&old=1,LA-2143,"ຂໍ້ຕົກລົງວ່າດ້ວຍ ການຄຸ້ມຄອງ, ພັດທະນາ ແລະ ປຸງແຕ່ງ ຢາງພາລາ",ກະຊວງ ກະສິກຳ ແລະ ສິ່ງແວດລ້ອມ,2023-10-17,2023-11-01,repealed,ສະບັບເກົ່າ,subsidiary_legislation,false,,https://laoofficialgazette.gov.la/kcfinder/upload/files/4288ກປ17.10.2023.pdf,,false,false,false,true,
2,Agreement,legaltype=2&old=1,LA-2114,ຂໍ້ຕົກລົງວ່າດ້ວຍ ການຂຶ້ນທະບຽນເລກໝາຍໂທລະສັບ,ກະຊວງ ເຕັກໂນໂລຊີ ແລະ ການສື່ສານ,2023-08-30,2023-09-15,repealed,ສະບັບເກົ່າ,subsidiary_legislation,false,,https://laoofficialgazette.gov.la/kcfinder/upload/files/93-2347ກຕສ2023.pdf,,false,false,true,true,
2,Agreement,legaltype=2&old=1,LA-2039,ຂໍ້ຕົກລົງວ່າດ້ວຍ ສິດທິບັດ ແລະ ອະນຸສິດທິບັດ,ກະຊວງ ອຸດສາຫະກຳ ແລະ ການຄ້າ,2023-03-30,2023-04-11,repealed,ສະບັບເກົ່າ,subsidiary_legislation,false,,https://laoofficialgazette.gov.la/kcfinder/upload/files/0434ອຄ2023.pdf,,false,false,false,true,
2,Agreement,legaltype=2&old=1,LA-2041,ຂໍ້ຕົກລົງວ່າດ້ວຍ ເຄື່ອງໝາຍການຄ້າ,ກະຊວງ ອຸດສາຫະກຳ ແລະ ການຄ້າ,2023-03-30,2023-04-11,repealed,ສະບັບເກົ່າ,subsidiary_legislation,false,,https://laoofficialgazette.gov.la/kcfinder/upload/files/0436ອຄ2023.pdf,,false,false,false,true,
2,Agreement,legaltype=2&old=1,LA-2044,ຂໍ້ຕົກລົງວ່າດ້ວຍ ລິຂະສິດ ແລະ ສິດກ່ຽວຂ້ອງກັບລິຂະສິດ,ກະຊວງ ອຸດສາຫະກຳ ແລະ ການຄ້າ,2023-03-30,2023-04-11,repealed,ສະບັບເກົ່າ,subsidiary_legislation,false,,https://laoofficialgazette.gov.la/kcfinder/upload/files/0439ອຄ2023.pdf,,false,false,true,true,
2,Agreement,legaltype=2&old=1,LA-2040,ຂໍ້ຕົກລົງວ່າດ້ວຍ ແບບອຸດສາຫະກຳ,ກະຊວງ ອຸດສາຫະກຳ ແລະ ການຄ້າ,2023-03-30,2023-04-11,repealed,ສະບັບເກົ່າ,subsidiary_legislation,false,,https://laoofficialgazette.gov.la/kcfinder/upload/files/0435ອຄ2023.pdf,,false,false,false,true,
2,Agreement,legaltype=2&old=1,LA-2045,ຂໍ້ຕົກລົງວ່າດ້ວຍ ຖິ່ນກຳເນີດ,ກະຊວງ ອຸດສາຫະກຳ ແລະ ການຄ້າ,2023-03-30,2023-04-11,repealed,ສະບັບເກົ່າ,subsidiary_legislation,false,,https://laoofficialgazette.gov.la/kcfinder/upload/files/0440ອຄ2023.pdf,,false,false,false,true,
2,Agreement,legaltype=2&old=1,LA-2011,ຂໍ້ຕົກລົງວ່າດ້ວຍ ການຄຸ້ມຄອງຄວາມປອດໄພດ້ານຄວາມແຮງທົ່ງແມ່ເຫຼັກໄຟຟ້າຂອງສະຖານີຮັບສົ່ງສັນຍານໂທລະສັບເຄື່ອນທີ່,ກະຊວງ ເຕັກໂນໂລຊີ ແລະ ການສື່ສານ,2022-12-13,2023-02-21,repealed,ສະບັບເກົ່າ,subsidiary_legislation,false,,https://laoofficialgazette.gov.la/kcfinder/upload/files/3579ກຕສ2022.pdf,,false,false,false,true,
2,Agreement,legaltype=2&old=1,LA-1996,ຂໍ້ຕົກລົງ ວ່າດ້ວຍການຄຸ້ມຄອງ ແລະ ຕິດຕາມ ໄມ້ ສົ້ນເຂົ້າ ແລະ ສົ້ນອອກ,ກະຊວງ ກະສິກຳ ແລະ ສິ່ງແວດລ້ອມ,2023-01-16,2023-02-07,repealed,ສະບັບເກົ່າ,subsidiary_legislation,false,,https://laoofficialgazette.gov.la/kcfinder/upload/files/1045 ກປ 2023.pdf,,false,false,false,true,
2,Agreement,legaltype=2&old=1,LA-1994,ຂໍ້ຕົກລົງ ວ່າດ້ວຍການຄຸ້ມຄອງໂຮງງານອຸດສາຫະກຳປຸງແຕ່ງໄມ້,ກະຊວງ ກະສິກຳ ແລະ ສິ່ງແວດລ້ອມ,2023-01-16,2023-02-02,repealed,ສະບັບເກົ່າ,subsidiary_legislation,false,,https://laoofficialgazette.gov.la/kcfinder/upload/files/1044ກປ2023.pdf,,false,false,false,true,
2,Agreement,legaltype=2&old=1,LA-1939,ຂໍ້ຕົກລົງ ວ່າດ້ວຍການຄຸ້ມຄອງພັດທະນາ ແລະ ບໍລິຫານຕົວເມືອງ ໄຊຍະບູລີ,ແຂວງ ໄຊຍະບູລີ,2022-09-08,2022-10-18,repealed,ສະບັບເກົ່າ,subsidiary_legislation,false,,https://laoofficialgazette.gov.la/kcfinder/upload/files/1025.ຈຂ ຍຊ 8.9.2022.pdf,,false,false,false,true,
2,Agreement,legaltype=2&old=1,LA-1902,ຂໍ້ຕົກລົງ ວ່າດ້ວຍກອງທຶນສົ່ງເສີມ ແລະ ພັດທະນາວຽກງານກິລາ-ກາຍຍະກຳແຂວງຫຼວງນໍ້າທາ,ແຂວງ ຫຼວງນໍ້າທາ,2021-05-17,2022-08-05,repealed,ສະບັບເກົ່າ,subsidiary_legislation,false,,https://laoofficialgazette.gov.la/kcfinder/upload/files/243ຈຂ2021.pdf,,false,false,false,true,
2,Agreement,legaltype=2&old=1,LA-1776,ຂໍ້ຕົກລົງ ວ່າດ້ວຍການຮັບຮອງເອົາບັນຊີ ສັດນ້ຳ ແລະ ສັດປ່າປະເພດຫວງຫ້າມ ຫຼື ບັນຊີ I ແລະ ປະເພດຄຸ້ມຄອງ ຫຼື ບັນຊີ II,ກະຊວງ ກະສິກຳ ແລະ ສິ່ງແວດລ້ອມ,2021-02-25,2021-05-20,repealed,ສະບັບເກົ່າ,subsidiary_legislation,false,,https://laoofficialgazette.gov.la/kcfinder/upload/files/08.25.02.2021.pdf,,false,false,false,true,
2,Agreement,legaltype=2&old=1,LA-1768,ຂໍ້ຕົກລົງ ວ່າດ້ວຍແບບອຸດສາຫະກຳ,ກະຊວງ ອຸດສາຫະກຳ ແລະ ການຄ້າ,2021-01-20,2021-04-06,repealed,ສະບັບເກົ່າ,subsidiary_legislation,false,,https://laoofficialgazette.gov.la/kcfinder/upload/files/0035ກວຕ2021.pdf,,false,false,false,true,
2,Agreement,legaltype=2&old=1,LA-1762,ຂໍ້ຕົກລົງ ວ່າດ້ວຍການຂຶ້ນທະບຽນຜູ້ວ່າງງານ ສຳລັບສະມາຊິກປະກັນສັງຄົມ,ກະຊວງ ແຮງງານ ແລະ ສະຫວັດດີການສັງຄົມ,2021-02-23,2021-04-06,repealed,ສະບັບເກົ່າ,subsidiary_legislation,false,,https://laoofficialgazette.gov.la/kcfinder/upload/files/0604ຮສສ2021.pdf,,false,false,true,true,
2,Agreement,legaltype=2&old=1,LA-1767,ຂໍ້ຕົກລົງ ວ່າດ້ວຍແບບຜັງວົງຈອນລວມ,ກະຊວງ ອຸດສາຫະກຳ ແລະ ການຄ້າ,2021-01-20,2021-04-06,repealed,ສະບັບເກົ່າ,subsidiary_legislation,false,,https://laoofficialgazette.gov.la/kcfinder/upload/files/0034ກວຕ2021.pdf,,false,false,false,true,
2,Agreement,legaltype=2&old=1,LA-1753,ຂໍ້ຕົກລົງ ວ່າດ້ວຍໂຮງງານອຸດສາຫະກຳປຸງແຕ່ງໄມ້,ກະຊວງ ອຸດສາຫະກຳ ແລະ ການຄ້າ,2021-03-23,2021-03-30,repealed,ສະບັບເກົ່າ,subsidiary_legislation,false,,https://laoofficialgazette.gov.la/kcfinder/upload/files/0222ອຄ2021.pdf,,false,false,false,true,
2,Agreement,legaltype=2&old=1,LA-1747,ຂໍ້ຕົກລົງ ວ່າດ້ວຍການກຳນົດເຂດປະເມີນລາຄາທີ່ດິນ ແລະ ສິ່ງປຸກສ້າງ ທົ່ວແຂວງສະຫວັນນະເຂດ,ແຂວງ ສະຫວັນນະເຂດ,2020-11-04,2021-03-18,repealed,ສະບັບເກົ່າ,subsidiary_legislation,false,,https://laoofficialgazette.gov.la/kcfinder/upload/files/1919ຈຂສຂ2020.pdf,,false,false,false,true,
2,Agreement,legaltype=2&old=1,LA-1745,"ຂໍ້ຕົກລົງ ວ່າດ້ວຍການສົ່ງເສີມ, ການຄຸ້ມຄອງ ວິສາຫະກິດຂະໜາດນ້ອຍ ແລະ ກາງ",ແຂວງ ສະຫວັນນະເຂດ,2020-11-16,2021-03-17,repealed,ສະບັບເກົ່າ,subsidiary_legislation,false,,https://laoofficialgazette.gov.la/kcfinder/upload/files/2043ຈຂສຂ2020.pdf,,false,false,false,true,
2,Agreement,legaltype=2&old=1,LA-1738,ຂໍ້ຕົກລົງ ວ່າດ້ວຍການກຳນົດເນື້ອໃນແບບພິມ ແລະ ການພິມຕາມແບບພິມ ໃບທະບຽນທີ່ດິນ ແລະ ໃບຕາດິນ,ກະຊວງ ກະສິກຳ ແລະ ສິ່ງແວດລ້ອມ,2021-02-19,2021-03-03,repealed,ສະບັບເກົ່າ,subsidiary_legislation,false,,https://laoofficialgazette.gov.la/kcfinder/upload/files/0672ກຊສ2021.pdf,,false,false,true,true,
2,Agreement,legaltype=2&old=1,LA-1711,ຂໍ້ຕົກລົງ ວ່າດ້ວຍບໍລິສັດຄໍ້າປະກັນສິນເຊື່ອ,ທະນາຄານແຫ່ງ ສປປ ລາວ,2020-12-21,2020-12-23,repealed,ສະບັບເກົ່າ,subsidiary_legislation,false,,https://laoofficialgazette.gov.la/kcfinder/upload/files/730ທຫລ2020.pdf,,false,false,false,true,
2,Agreement,legaltype=2&old=1,LA-1708,ຂໍ້ຕົກລົງ ວ່າດ້ວຍສິດທິບັດ ແລະ ອະນຸສິດທິບັດ,ກະຊວງ ອຸດສາຫະກຳ ແລະ ການຄ້າ,2020-12-15,2020-12-23,repealed,ສະບັບເກົ່າ,subsidiary_legislation,false,,https://laoofficialgazette.gov.la/kcfinder/upload/files/1714ກວຕ2020.pdf,,false,false,false,true,
2,Agreement,legaltype=2&old=1,LA-1689,ຂໍ້ຕົກລົງ ວ່າດ້ວຍກອງທຶນແຮຊ່ວຍເຫຼືອສຸກເສີນຜູ້ປະສົບໄພພິບັດ,ແຂວງ ອຸດົມໄຊ,2018-07-31,2020-11-23,repealed,ສະບັບເກົ່າ,subsidiary_legislation,false,,https://laoofficialgazette.gov.la/kcfinder/upload/files/1096ອຊ2018.pdf,,false,false,false,true,
2,Agreement,legaltype=2&old=1,LA-1691,ຂໍ້ຕົກລົງ ວ່າດ້ວຍການປະເມີນລາຄາທີ່ດິນໃນທົ່ວແຂວງອຸດົມໄຊ,ແຂວງ ອຸດົມໄຊ,2020-05-19,2020-11-23,repealed,ສະບັບເກົ່າ,subsidiary_legislation,false,,https://laoofficialgazette.gov.la/kcfinder/upload/files/506ອຊ2019.pdf,,false,false,false,true,
2,Agreement,legaltype=2&old=1,LA-1660,ຂໍ້ຕົກລົງ ວ່າດ້ວຍການຄຸ້ມຄອງ ແລະ ຕິດຕາມໄມ້ສົ້ນເຂົ້າ ແລະ ສົ້ນອອກ,ກະຊວງ ອຸດສາຫະກຳ ແລະ ການຄ້າ,2020-08-25,2020-09-08,repealed,ສະບັບເກົ່າ,subsidiary_legislation,false,,https://laoofficialgazette.gov.la/kcfinder/upload/files/0777ອຄ2020.pdf,,false,false,false,true,
2,Agreement,legaltype=2&old=1,LA-1610,ຂໍ້ຕົກລົງ ວ່າດ້ວຍມາດຕະຖານລາວຄິວອາ ເພື່ອການຊຳລະ,ທະນາຄານແຫ່ງ ສປປ ລາວ,2020-01-28,2020-03-27,repealed,ສະບັບເກົ່າ,subsidiary_legislation,false,,https://laoofficialgazette.gov.la/kcfinder/upload/files/74ທຫລ2020.pdf,,false,false,true,true,
2,Agreement,legaltype=2&old=1,LA-1609,ຂໍ້ຕົກລົງ ວ່າດ້ວຍການໃຫ້ບໍລິການຊຳລະ,ທະນາຄານແຫ່ງ ສປປ ລາວ,2020-03-17,2020-03-27,repealed,ສະບັບເກົ່າ,subsidiary_legislation,false,,https://laoofficialgazette.gov.la/kcfinder/upload/files/288ທຫລ2020.pdf,,false,false,true,true,
2,Agreement,legaltype=2&old=1,LA-1574,ຂໍ້ຕົກລົງ ວ່າດ້ວຍພັນພືດໃໝ່,ກະຊວງ ອຸດສາຫະກຳ ແລະ ການຄ້າ,2019-12-17,2020-01-27,repealed,ສະບັບເກົ່າ,subsidiary_legislation,false,,https://laoofficialgazette.gov.la/kcfinder/upload/files/2823ກວຕ2019.pdf,,false,false,false,true,
2,Agreement,legaltype=2&old=1,LA-1573,ຂໍ້ຕົກລົງ ວ່າດ້ວຍເຄື່ອງໝາຍການຄ້າ ແລະ ຊື່ການຄ້າ,ກະຊວງ ອຸດສາຫະກຳ ແລະ ການຄ້າ,2019-12-17,2020-01-27,repealed,ສະບັບເກົ່າ,subsidiary_legislation,false,,https://laoofficialgazette.gov.la/kcfinder/upload/files/2822ກວຕ2019.pdf,,false,false,false,true,
2,Agreement,legaltype=2&old=1,LA-1568,ຂໍ້ຕົກລົງ ວ່າດ້ວຍລິຂະສິດ ແລະ ສິດກ່ຽວຂ້ອງກັບລິຂະສິດ,ກະຊວງ ອຸດສາຫະກຳ ແລະ ການຄ້າ,2019-12-17,2020-01-20,repealed,ສະບັບເກົ່າ,subsidiary_legislation,false,,https://laoofficialgazette.gov.la/kcfinder/upload/files/2824ກວຕ2019.pdf,,false,false,true,true,
2,Agreement,legaltype=2&old=1,LA-1555,ຂໍ້ຕົກລົງ ວ່າດ້ວຍຖິ່ນກຳເນີດ,ກະຊວງ ອຸດສາຫະກຳ ແລະ ການຄ້າ,2019-10-03,2019-11-14,repealed,ສະບັບເກົ່າ,subsidiary_legislation,false,,https://laoofficialgazette.gov.la/kcfinder/upload/files/2221ກວຕ2019.pdf,,false,false,false,true,
2,Agreement,legaltype=2&old=1,LA-1500,ຂໍ້ຕົກລົງ ວ່າດ້ວຍການກຳນົດວຽກທີ່ເປັນອັນຕະລາຍ ທີ່ຫ້າມນຳໃຊ້ແຮງງານໄວໜຸ່ມ,ກະຊວງ ແຮງງານ ແລະ ສະຫວັດດີການສັງຄົມ,2016-11-23,2019-05-10,repealed,ສະບັບເກົ່າ,subsidiary_legislation,false,,https://laoofficialgazette.gov.la/kcfinder/upload/files/4182ຮສສ2019.pdf,,false,false,true,true,
2,Agreement,legaltype=2&old=1,LA-1489,ຂໍ້ຕົກລົງ ວ່າດ້ວຍລະບົບການຊຳລະທຸລະກຳຍ່ອຍ,ທະນາຄານແຫ່ງ ສປປ ລາວ,2019-04-01,2019-04-25,repealed,ສະບັບເກົ່າ,subsidiary_legislation,false,,https://laoofficialgazette.gov.la/kcfinder/upload/files/293ທຫລ2019.pdf,,false,false,true,true,
2,Agreement,legaltype=2&old=1,LA-1485,ຂໍ້ຕົກລົງວ່າດ້ວຍ ລະບຽບຄຸ້ມຄອງການຂໍອະນຸຍາດດຳເນີນທຸລະກິດໃນຂະແໜງການ ໂຍທາທິການ ແລະ ຂົນສົ່ງ,ກະຊວງ ໂຍທາທິການ ແລະ ຂົນສົ່ງ,2018-08-08,2019-04-18,repealed,ສະບັບເກົ່າ,subsidiary_legislation,false,,https://laoofficialgazette.gov.la/kcfinder/upload/files/17582ຍທຂ2019.pdf,,false,false,false,true,
2,Agreement,legaltype=2&old=1,LA-1479,ຂໍ້ຕົກລົງວ່າດ້ວຍ ການຄຸ້ມຄອງໂຮງງານ,ກະຊວງ ອຸດສາຫະກຳ ແລະ ການຄ້າ,2019-03-15,2019-04-03,repealed,ສະບັບເກົ່າ,subsidiary_legislation,false,,https://laoofficialgazette.gov.la/kcfinder/upload/files/00264ອຄກອຫ2019.pdf,,false,false,false,true,
2,Agreement,legaltype=2&old=1,LA-1478,ຂໍ້ຕົກລົງວ່າດ້ວຍ ການສ້າງຕັ້ງກອງທຶນຄວບຄຸມສະກັດກັ້ນ ແລະ ຕ້ານຢາເສບຕິດ,ແຂວງ ໄຊຍະບູລີ,2019-03-21,2019-04-02,repealed,ສະບັບເກົ່າ,subsidiary_legislation,false,,https://laoofficialgazette.gov.la/kcfinder/upload/files/286ຈຂຊຍ2019.pdf,,false,false,false,true,
2,Agreement,legaltype=2&old=1,LA-1438,"ຂໍ້ຕົກລົງວ່າດ້ວຍ ການປະເມີນມູນຄ່າທີ່ດິນ ໃນຂອບເຂດເມືອງຊະນະສົມບູນ, ເມືອງປະທຸມພອນ, ເມືອງຈຳປາສັກ, ເມືອງສຸຂຸມາ, ເມືອງມຸນລະປາໂມກ ແລະ ເມືອງໂຂງ, ແຂວງຈຳປາສັກ",ແຂວງ ຈຳປາສັກ,2018-11-23,2018-12-19,repealed,ສະບັບເກົ່າ,subsidiary_legislation,false,,https://laoofficialgazette.gov.la/kcfinder/upload/files/1214ຈຂຈສ.pdf,,false,false,false,true,
2,Agreement,legaltype=2&old=1,LA-1437,ຂໍ້ຕົກລົງວ່າດ້ວຍ ກຳນົດໝາຍການໃຊ້ຈ່າຍງົບປະມານຂອງລັດ,ກະຊວງ ການເງິນ,2018-12-12,2018-12-17,repealed,ສະບັບເກົ່າ,subsidiary_legislation,false,,https://laoofficialgazette.gov.la/kcfinder/upload/files/4000ກງ.pdf,,false,false,false,true,
2,Agreement,legaltype=2&old=1,LA-1416,ຂໍ້ຕົກລົງວ່າດ້ວຍ ລະບຽບການຮັກສາເງິນແຮປະກັນໄພ ແລະ ການຄຸ້ມຄອງຄວາມສາມາດໃນການຊຳລະໜີ້,ກະຊວງ ການເງິນ,2018-09-27,2018-11-05,repealed,ສະບັບເກົ່າ,subsidiary_legislation,false,,https://laoofficialgazette.gov.la/kcfinder/upload/files/kn3059.pdf,,false,false,true,true,
2,Agreement,legaltype=2&old=1,LA-1409,ຂໍ້ຕົກລົງວ່າດ້ວຍ ການຄຸ້ມຄອງ ພັດທະນາ ແລະ ບໍລິຫານຕົວເມືອງ ໄຊຍະບູລີ,ແຂວງ ໄຊຍະບູລີ,2018-10-12,2018-10-26,repealed,ສະບັບເກົ່າ,subsidiary_legislation,false,,https://laoofficialgazette.gov.la/kcfinder/upload/files/xybl1100.pdf,,false,false,false,true,
2,Agreement,legaltype=2&old=1,LA-1396,ຂໍ້ຕົກລົງ ວ່າດ້ວຍລະບຽບການລາຍງານຂໍ້ມູນຂອງບໍລິສັດປະກັນໄພ ແລະ ນາຍໜ້າປະກັນໄພ,ກະຊວງ ການເງິນ,2018-09-27,2018-10-12,repealed,ສະບັບເກົ່າ,subsidiary_legislation,false,,https://laoofficialgazette.gov.la/kcfinder/upload/files/ລະບຽບລາຍງານຂໍ້ມູນປະກັນໄພ.pdf,,false,false,true,true,
2,Agreement,legaltype=2&old=1,LA-1395,ຂໍ້ຕົກລົງ ວ່າດ້ວຍລະບຽບການບໍລິຫານຄຸ້ມຄອງ ແລະ ການດຳເນີນທຸລະກິດປະກັນໄພ,ກະຊວງ ການເງິນ,2018-09-27,2018-10-12,repealed,ສະບັບເກົ່າ,subsidiary_legislation,false,,https://laoofficialgazette.gov.la/kcfinder/upload/files/ບໍລິຫານຄຸ້ມຄອງແລະ_ດຳເນີນປະກັນໄພ.pdf,,false,false,true,true,
2,Agreement,legaltype=2&old=1,LA-1364,ຂໍ້ຕົກລົງ ວ່າດ້ວຍການເກັບເງິນປະກອບສ່ວນພັດທະນາບ້ານຂອງປະຊາຊົນ,ກະຊວງ ພາຍໃນ,2016-08-24,2018-08-08,repealed,ສະບັບເກົ່າ,subsidiary_legislation,false,,https://laoofficialgazette.gov.la/kcfinder/upload/files/ເກັບເງິນປະກອບສ່ວນພັດທະນາບ້ານຂອງປະຊາຊົນ.pdf,,false,false,false,true,
2,Agreement,legaltype=2&old=1,LA-1363,ຂໍ້ຕົກລົງ ວ່າດ້ວຍມາດຕະຖານບ້ານໜັກແໜ້ນເຂັ້ມແຂງ,ກະຊວງ ພາຍໃນ,2016-12-26,2018-08-08,repealed,ສະບັບເກົ່າ,subsidiary_legislation,false,,https://laoofficialgazette.gov.la/kcfinder/upload/files/ມາດຕະຖານບ້ານໜັກແໜ້ນເຂັ້ມແຂງ.pdf,,false,false,false,true,
2,Agreement,legaltype=2&old=1,LA-1358,ຂໍ້ຕົກລົງ ວ່າດ້ວຍການຈັດຕັ້ງ ແລະ ການເຄື່ອນໄຫວຂອງອົງການປົກຄອງບ້ານ,ກະຊວງ ພາຍໃນ,2016-08-24,2018-08-08,repealed,ສະບັບເກົ່າ,subsidiary_legislation,false,,https://laoofficialgazette.gov.la/kcfinder/upload/files/ຈັດຕັ້ງເຄື່ອນໄຫວອົງການປົກຄອງບ້ານ.pdf,,false,false,false,true,
2,Agreement,legaltype=2&old=1,LA-1357,ຂໍ້ຕົກລົງ ວ່າດ້ວຍການອອກເອກະສານທາງການຂອງອົງການປົກຄອງບ້ານ,ກະຊວງ ພາຍໃນ,2016-08-24,2018-08-08,repealed,ສະບັບເກົ່າ,subsidiary_legislation,false,,https://laoofficialgazette.gov.la/kcfinder/upload/files/ການອອກເອກະສານທາງການຂອງອົງການປົກຄອງບ້ານ.pdf,,false,false,false,true,
2,Agreement,legaltype=2&old=1,LA-1308,ຂໍ້ຕົກລົງ ວ່າດ້ວຍບັນຊີເຄມີອຸດສາຫະກຳ,ກະຊວງ ອຸດສາຫະກຳ ແລະ ການຄ້າ,2018-04-03,2018-05-03,repealed,ສະບັບເກົ່າ,subsidiary_legislation,false,,https://laoofficialgazette.gov.la/kcfinder/upload/files/ຂໍ້​ຕົກ​ລົງ ວ່າ​ດ້ວຍ​ບັນ​ຊີ​ເຄ​ມີ​ອຸດ​ສາ​ຫະ​ກຳ.pdf,,false,false,false,true,
2,Agreement,legaltype=2&old=1,LA-1270,ຂໍ້ຕົກລົງ ຂອງລັດຖະມົນຕີ ກະຊວງວິທະຍາສາດ ແລະ ເຕັກໂນໂລຊີ ວ່າດ້ວຍ ການຄຸ້ມຄອງຄວາມປອດໄພຂອງ ອຸປະກອນເຄື່ອງໃຊ້ໄຟຟ້າ ແລະ ເອເລັກໂຕຣນິກ ຢູ່ ສປປ ລາວ,ກະຊວງ ອຸດສາຫະກຳ ແລະ ການຄ້າ,2018-01-12,2018-02-27,repealed,ສະບັບເກົ່າ,subsidiary_legislation,false,,https://laoofficialgazette.gov.la/kcfinder/upload/files/​ຂໍ້​ຕົກ​ລົງ ວ່າ​ດ້ວຍ​ການ​ຄຸ້ມ​ຄອງ​ຄວາມ​ປອດ​ໄພ ຂອງ​ອຸ​ປະ​ກອນ​ເຄື່ອງ​ໃຊ້​ໄຟ​ຟ້າ.pdf,,false,false,true,true,
2,Agreement,legaltype=2&old=1,LA-1247,ຂໍ້ຕົກລົງ ວ່າດ້ວຍການຄຸ້ມຄອງ ແລະ ການນຳໃຊ້ລະບົບຈົດໝາຍເອເລັກໂຕຣນິກ ຂອງລັດຖະບານ,ກະຊວງ ເຕັກໂນໂລຊີ ແລະ ການສື່ສານ,2017-12-19,2017-12-27,repealed,ສະບັບເກົ່າ,subsidiary_legislation,false,,https://laoofficialgazette.gov.la/kcfinder/upload/files/1018596.pdf,,false,false,true,true,
2,Agreement,legaltype=2&old=1,LA-1239,ຂໍ້ຕົກລົງ ວ່າດ້ວຍການນຳໃຊ້ເຄື່ອງບິນບໍ່ມີຄົນຂັບ,ກະຊວງ ເຕັກໂນໂລຊີ ແລະ ການສື່ສານ,2017-11-14,2017-12-15,repealed,ສະບັບເກົ່າ,subsidiary_legislation,false,,https://laoofficialgazette.gov.la/kcfinder/upload/files/​ຂໍ້​ຕົກ​ລົງ ວ່າ​ດ້ວຍ​ການ​ນຳ​ໃຊ້​ເຄື່ອງ​ບິນບໍ່​ມີ​ຄົນ​ຂັບ.pdf,,false,false,false,true,
2,Agreement,legaltype=2&old=1,LA-1222,"ຂໍ້ຕົກລົງ ວ່າດ້ວຍການປະເມີນມູນຄ່າທີ່ດິນໃນຂອບເຂດເມືອງປາກເຊ, ເມືອງບາຈຽງຈະເລີນສຸກ, ເມືອງປາກຊ່ອງ ແລະ ເມືອງໂພນທອງ ແຂວງຈຳປາສັກ",ແຂວງ ຈຳປາສັກ,2017-10-09,2017-10-16,repealed,ສະບັບເກົ່າ,subsidiary_legislation,false,,https://laoofficialgazette.gov.la/kcfinder/upload/files/1059573.pdf,,false,false,false,true,
2,Agreement,legaltype=2&old=1,LA-1220,ຂໍ້ຕົກລົງ ຂອງລັດຖະມົນຕີກະຊວງຍຸຕິທຳ ວ່າດ້ວຍການຄຸ້ມຄອງຈົດໝາຍເຫດທາງລັດຖະການ,ກະຊວງ ຍຸຕິທຳ,2017-10-10,2017-10-10,repealed,ສະບັບເກົ່າ,subsidiary_legislation,false,,https://laoofficialgazette.gov.la/kcfinder/upload/files/ຈໝຫ1106.pdf,,false,false,false,true,
2,Agreement,legaltype=2&old=1,LA-1210,ຂໍ້ຕົກລົງ ວ່າດ້ວຍການປະຕິບັດວຽກງານກວດກາການຄ້າ,ກະຊວງ ອຸດສາຫະກຳ ແລະ ການຄ້າ,2017-09-08,2017-09-22,repealed,ສະບັບເກົ່າ,subsidiary_legislation,false,,https://laoofficialgazette.gov.la/kcfinder/upload/files/ຂໍ້ຕົກລົງ ປະຕິບັດວຽກງານການຄ້າ.pdf,,false,false,false,true,
2,Agreement,legaltype=2&old=1,LA-1199,ຂໍ້ຕົກລົງ ວ່າດ້ວຍການຄຸ້ມຄອງຕົວເມືອງຫ້ວຍຊາຍ,ແຂວງ ບໍ່ແກ້ວ,2017-08-22,2017-09-14,repealed,ສະບັບເກົ່າ,subsidiary_legislation,false,,https://laoofficialgazette.gov.la/kcfinder/upload/files/ຂໍ້ຕົກລົງຄຸ້ມຄອງຕົວເມືອງຫ້ວຍຊາຍ.pdf,,false,false,false,true,
2,Agreement,legaltype=2&old=1,LA-1190,ຂໍ້ຕົກລົງ ວ່າດ້ວຍ ການຄຸ້ມຄອງສິນຄ້າຫຸ້ມຫໍ່ ຢູ່ ສປປ ລາວ (ສະບັບປັບປຸງ),ກະຊວງ ອຸດສາຫະກຳ ແລະ ການຄ້າ,2017-05-16,2017-07-26,repealed,ສະບັບເກົ່າ,subsidiary_legislation,true,,https://laoofficialgazette.gov.la/kcfinder/upload/files/ຂໍ້ຕົກລົງ ຄຸ້ມຄອງສິນຄ້າຫຸ້ມຫໍ່ ຢູ່ ສປປລາວ.pdf,,false,false,false,true,
2,Agreement,legaltype=2&old=1,LA-1186,ຂໍ້ຕົກລົງ ວ່າດ້ວຍການໃຫ້ບໍລິການຕິດຕັ້ງ ແລະ ສ້ອມແປງດ້ານໄອຊີທີ,ກະຊວງ ເຕັກໂນໂລຊີ ແລະ ການສື່ສານ,2017-07-10,2017-07-12,repealed,ສະບັບເກົ່າ,subsidiary_legislation,false,,https://laoofficialgazette.gov.la/kcfinder/upload/files/ຂໍ້ຕົກລົງ ການໃຫ້ບໍລິການຕິດຕັ້ງ ແລະ ສ້ອມແປງດ້ານໄອທີ.pdf,,false,false,false,true,
2,Agreement,legaltype=2&old=1,LA-1182,ຂໍ້ຕົກລົງ ວ່າດ້ວຍການຄຸ້ມຄອງຫົວຈ່າຍນ້ຳມັນເຊື້ອໄຟ ຢູ່ ສ ປປ ລາວ,ກະຊວງ ອຸດສາຫະກຳ ແລະ ການຄ້າ,2017-05-26,2017-06-21,repealed,ສະບັບເກົ່າ,subsidiary_legislation,false,,https://laoofficialgazette.gov.la/kcfinder/upload/files/ຂໍ້ຕົກລົງ ການຄຸ້ມຄອງຫົວຈ່າຍນ້ຳມັນເຊື້ອໄຟ.pdf,,false,false,false,true,
2,Agreement,legaltype=2&old=1,LA-1179,"ຂໍ້ຕົກລົງ ວ່າດ້ວຍການຄຸ້ມຄອງ, ກວດກາ ແລະ ຢັ້ງຢືນຄຸນນະພາບນ້ຳມັນເຊື້ອໄຟ ຢູ່ ສປປ ລາວ",ກະຊວງ ອຸດສາຫະກຳ ແລະ ການຄ້າ,2016-06-08,2017-06-21,repealed,ສະບັບເກົ່າ,subsidiary_legislation,false,,"https://laoofficialgazette.gov.la/kcfinder/upload/files/ຂໍ້ຕົກລົງ ຄຸ້ມຄອງ,ກວດກາ ຢັ້ງຢືນຄຸນະພາບນ້ຳມັນ.pdf",,false,false,false,true,
2,Agreement,legaltype=2&old=1,LA-1148,ຂໍ້ຕົກລົງ ວ່າດ້ວຍການດຳເນີນທຸລະກິດທີ່ປຶກສາ ແລະ ຝຶກອົບຮົມດ້ານໄອຊີທີ,ກະຊວງ ເຕັກໂນໂລຊີ ແລະ ການສື່ສານ,2017-02-10,2017-03-14,repealed,ສະບັບເກົ່າ,subsidiary_legislation,false,,https://laoofficialgazette.gov.la/kcfinder/upload/files/ຂໍ້ຕົກລົງດຳເນີນທຸລະກິດຝຶກອັບຮົມ.pdf,,false,false,false,true,
2,Agreement,legaltype=2&old=1,LA-1119,ຂໍ້ຕົກລົງ ວ່າດ້ວຍ ການນຳເຂົ້າ ແລະ ຈຳໜ່າຍ ອຸປະກອນໄອຊີທີ,ກະຊວງ ເຕັກໂນໂລຊີ ແລະ ການສື່ສານ,2016-11-16,2017-02-03,repealed,ສະບັບເກົ່າ,subsidiary_legislation,false,,https://laoofficialgazette.gov.la/kcfinder/upload/files/ຂໍ້ຕົກລົງ ການນຳເຂົ້າ-ຈຳໜ່າຍເຄື່ອງໄອທີ.pdf,,false,false,false,true,
2,Agreement,legaltype=2&old=1,LA-1118,ຂໍ້ຕົກລົງ ວ່າດ້ວຍການດຳເນີນທຸລະກິດຊອບແວ ແລະ ສູນບໍລິການຂໍ້ມູນຂ່າວສານຜ່ານອິນເຕີເນັດ,ກະຊວງ ເຕັກໂນໂລຊີ ແລະ ການສື່ສານ,2017-01-20,2017-02-03,repealed,ສະບັບເກົ່າ,subsidiary_legislation,false,,https://laoofficialgazette.gov.la/kcfinder/upload/files/ຂໍ້ຕົກລົງ ດຳເນີນທຸລະກິດຊອບແວ.pdf,,false,false,true,true,
2,Agreement,legaltype=2&old=1,LA-1116,ຂໍ້ຕົກລົງ ວ່າດ້ວຍການຈັດຕັ້ງປະຕິບັດການຢັ້ງຢືນ ແຫຼ່ງກຳເນີດສິນຄ້າດ້ວຍຕົນເອງ ພາຍໃຕ້ໂຄງການທົດລອງ ຂອງສະຫະພາບເອີຣົບ,ກະຊວງ ອຸດສາຫະກຳ ແລະ ການຄ້າ,2017-01-19,2017-01-30,repealed,ສະບັບເກົ່າ,subsidiary_legislation,false,,https://laoofficialgazette.gov.la/kcfinder/upload/files/ຂໍ້ຕົກລົງ ຢັ້ງຢືນແຫຼ່ງກຳເນີດສິນຄ້າດ້ວຍຕົນເອງ.pdf,,false,false,false,true,
2,Agreement,legaltype=2&old=1,LA-1094,ຂໍ້ຕົກລົງ ວ່າດ້ວຍການສະໜອງສິນເຊື່ອເປັນເງິນຕາຕ່າງປະເທດຂອງທະນາຄານທຸລະກິດ,ທະນາຄານແຫ່ງ ສປປ ລາວ,2016-11-17,2016-12-01,repealed,ສະບັບເກົ່າ,subsidiary_legislation,false,,https://laoofficialgazette.gov.la/kcfinder/upload/files/1008.pdf,,false,false,true,true,
2,Agreement,legaltype=2&old=1,LA-1092,"ຂໍ້ຕົກລົງ ວ່າດ້ວຍ ຄຸນນະພາບເຄື່ອຂ່າຍໂທລະສັບມືຖື, ອິນເຕີເນັດ ແລະ ການບໍລິການ",ກະຊວງ ເຕັກໂນໂລຊີ ແລະ ການສື່ສານ,2016-11-22,2016-11-29,repealed,ສະບັບເກົ່າ,subsidiary_legislation,false,,https://laoofficialgazette.gov.la/kcfinder/upload/files/3245.pdf,,false,false,true,true,
2,Agreement,legaltype=2&old=1,LA-1054,ຂໍ້ຕົກລົງ ວ່າດ້ວຍການຄຸ້ມຄອງການຍົກຍ້າຍພົນລະເມືອງ,ກະຊວງ ພາຍໃນ,2012-09-14,2016-10-18,repealed,ສະບັບເກົ່າ,subsidiary_legislation,false,,https://laoofficialgazette.gov.la/kcfinder/upload/files/633.pdf,,false,false,false,true,
2,Agreement,legaltype=2&old=1,LA-1053,ຂໍ້ຕົກລົງ ວ່າດ້ວຍການນຳໃຊ້ເອກະສານກ່ຽວກັບທະບຽນຄອບຄົວ,ກະຊວງ ພາຍໃນ,2012-10-31,2016-10-18,repealed,ສະບັບເກົ່າ,subsidiary_legislation,false,,https://laoofficialgazette.gov.la/kcfinder/upload/files/770.pdf,,false,false,true,true,
2,Agreement,legaltype=2&old=1,LA-1024,ຂໍ້ຕົກລົງ ວ່າດ້ວຍການອະນຸຍາດດຳເນີນທຸລະກິດບໍລິການໄປສະນີ,ກະຊວງ ເຕັກໂນໂລຊີ ແລະ ການສື່ສານ,2016-08-29,2016-08-30,repealed,ສະບັບເກົ່າ,subsidiary_legislation,false,,https://laoofficialgazette.gov.la/kcfinder/upload/files/ຂໍ້ຕົກລົງ ວ່າດ້ວຍການອະນຸຍາດດຳເນີນທຸລະກິດບໍລິການໄປສະນີ.pdf,,false,false,true,true,
2,Agreement,legaltype=2&old=1,LA-1015,ຂໍ້ຕົກລົງ ວ່າດ້ວຍການອະນຸຍາດດຳເນີນທຸລະກິດບໍລິການອິນເຕີເນັດ,ກະຊວງ ເຕັກໂນໂລຊີ ແລະ ການສື່ສານ,2015-09-22,2016-08-26,repealed,ສະບັບເກົ່າ,subsidiary_legislation,false,,https://laoofficialgazette.gov.la/kcfinder/upload/files/ຂໍ້ຕົກລົງວ່າດ້ວຍການອະນຸຍາດດຳເນີນທຸລະກິດບໍລິການອິນເຕີເນັດ.pdf,,false,false,true,true,
2,Agreement,legaltype=2&old=1,LA-1011,ຂໍ້ຕົກລົງ ວ່າດ້ວຍການແບ່ງຄວາມຮັບຜິດຊອບ ຂອງອົງການທະບຽນສານ,ກະຊວງ ຍຸຕິທຳ,2016-07-29,2016-08-24,repealed,ສະບັບເກົ່າ,subsidiary_legislation,false,,https://laoofficialgazette.gov.la/kcfinder/upload/files/ຂໍ້ຕົກລົງວ່າດ້ວຍການແບ່ງຄວາມຮັບຜິດຊອບ ຂອງອົງການທະບຽນສານ.pdf,,false,false,true,true,
2,Agreement,legaltype=2&old=1,LA-987,ຂໍ້ຕົກລົງ ວ່າດ້ວຍການດຳເນີນທຸລະກິດແລກປ່ຽນເງິນຕາ,ທະນາຄານແຫ່ງ ສປປ ລາວ,2016-07-01,2016-07-08,repealed,ສະບັບເກົ່າ,subsidiary_legislation,false,,https://laoofficialgazette.gov.la/kcfinder/upload/files/ຂໍ້ຕົກລົງ ວ່າດ້ວຍການດຳເນີນທຸລະກິດແລກປ່ຽນເງິນຕາ.pdf,,false,false,true,true,
2,Agreement,legaltype=2&old=1,LA-904,ຂໍ້ຕົກລົງວ່າດ້ວຍ ການອະນຸຍາດດຳເນີນກິດຈະການ ສູນຂໍ້ມູນຂ່າວສານຜ່ານອິນເຕີເນັດ,ກະຊວງ ເຕັກໂນໂລຊີ ແລະ ການສື່ສານ,2016-03-18,2016-03-28,repealed,ສະບັບເກົ່າ,subsidiary_legislation,false,,https://laoofficialgazette.gov.la/kcfinder/upload/files/ຂໍ້ຕົກລົງ ວ່າດ້ວຍ ການອະນຸຍາດດຳເນີນກິດຈະການ.pdf,,false,false,true,true,
2,Agreement,legaltype=2&old=1,LA-862,ຂໍ້​ຕົກ​ລົງ ວ່າ​ດ້ວຍ​ທຸ​ລະ​ກຳ​ໂອ​ນ​ເງິນ ທີ່​ມີ​ມູນ​ຄ່າ​ເກີນ​ກຳ​ນົດ,ທະນາຄານແຫ່ງ ສປປ ລາວ,2015-11-27,2016-01-04,repealed,ສະບັບເກົ່າ,subsidiary_legislation,false,,https://laoofficialgazette.gov.la/kcfinder/upload/files/18. ຂໍ້ຕົກລົງ ວ່າດ້ວຍ ທຸລະກຳໂອນເງິນ ທີ່ມີມູນຄ່າເກີນກຳນົດ.pdf,,false,false,false,true,
2,Agreement,legaltype=2&old=1,LA-761,ຂໍ້ຕົກລົງ ຂອງລັດຖະມົນຕີ ວ່າດ້ວຍກຳນົດໝາຍ ໃຊ້ຈ່າຍງົບປະມານຂອງລັດ (ສະບັບປັບປຸງໃໝ່),ກະຊວງ ການເງິນ,2015-06-25,2015-08-05,repealed,ສະບັບເກົ່າ,subsidiary_legislation,true,,https://laoofficialgazette.gov.la/kcfinder/upload/files/7. ຂໍ້ຕົກລົງ ວ່າດ້ວຍ ກຳນົດໝາຍໃຊ້ງົບປະມານຂອງລັດ.pdf,,false,false,false,true,
2,Agreement,legaltype=2&old=1,LA-826,ຂໍ້ຕົກລົງ ວ່າດ້ວຍການລາຍງານ ທຸລະກຳເງິນສົດ ທີ່ມີມູນຄ່າເກີນກຳນົດ,ທະນາຄານແຫ່ງ ສປປ ລາວ,2015-06-05,2015-07-02,repealed,ສະບັບເກົ່າ,subsidiary_legislation,false,,https://laoofficialgazette.gov.la/kcfinder/upload/files/ຂໍ້ຕົກລົງ  ວ່າດ້ວຍການລາຍງານທຸລະກຳເງິນສົດ ທີ່ມີມູນຄ່າເກີນກຳນົດ.pdf,,false,false,false,true,
2,Agreement,legaltype=2&old=1,LA-825,ຂໍ້ຕົກລົງ ວ່າດ້ວຍການເຄື່ອນຍ້າຍສິນຄ້າ ຄຸ້ມຄອງຜ່ານແດນ ສປປ ລາວ,ກະຊວງ ອຸດສາຫະກຳ ແລະ ການຄ້າ,2015-06-23,2015-07-02,repealed,ສະບັບເກົ່າ,subsidiary_legislation,false,,https://laoofficialgazette.gov.la/kcfinder/upload/files/ຂໍ້ຕົກລົງ ວ່າດ້ວຍການເຄື່ອນຍ້າຍສິນຄ້າຄຸ້ມຄອງຜ່ານແດນ ສປປ ລາວ.pdf,,false,false,false,true,
2,Agreement,legaltype=2&old=1,LA-824,ຂໍ້ຕົກລົງ ວ່າດ້ວຍການນຳເຂົ້າ ເພື່ອສົ່ງອອກຕໍ່ ແລະ ການສົ່ງອອກຊົ່ວຄາວ ສິນຄ້າຄຸ້ມຄອງ,ກະຊວງ ອຸດສາຫະກຳ ແລະ ການຄ້າ,2015-06-23,2015-07-02,repealed,ສະບັບເກົ່າ,subsidiary_legislation,false,,https://laoofficialgazette.gov.la/kcfinder/upload/files/ຂໍ້ຕົກລົງ ວ່າດ້ວຍການນຳເຂົ້າເພື່ອສົ່ງອອກຕໍ່ ແລະ ການສົ່ງອອກຊົ່ວຄາວສິນຄ້າຄຸ້ມຄອງ.pdf,,false,false,false,true,
2,Agreement,legaltype=2&old=1,LA-762,ຂໍ້ຕົກລົງຂອງລັດຖະມົນຕີ ວ່າດ້ວຍກຳນົດໝາຍ ການໃຊ້ຈ່າຍ ງົບປະມານບໍລິຫານຂອງລັດ (ສະບັບປັບປຸງໃໝ່),ກະຊວງ ການເງິນ,2010-01-05,2015-03-04,repealed,ສະບັບເກົ່າ,subsidiary_legislation,true,,https://laoofficialgazette.gov.la/kcfinder/upload/files/ຂໍ້ຕົກລົງ ຂອງລັດຖະມົນຕີ ວ່າດ້ວຍ ກຳນົດໝາຍ ການໃຊ້ຈ່າຍງົບປະມານ ບໍລິຫານລັດ (ປັບປຸງ).pdf,,false,false,false,true,
2,Agreement,legaltype=2&old=1,LA-750,ຂໍ້ຕົກລົງ ວ່າດ້ວຍການຄຸ້ມຄອງ ເລກໝາຍໂທລະສັບ,ກະຊວງ ເຕັກໂນໂລຊີ ແລະ ການສື່ສານ,2015-01-08,2015-01-13,repealed,ສະບັບເກົ່າ,subsidiary_legislation,false,,https://laoofficialgazette.gov.la/kcfinder/upload/files/4. ຂໍ້ຕົກລົງ ວ່າດ້ວຍ ການຄຸ້ມຄອງເລກໝາຍໂທລະສັບ.pdf,,false,false,false,true,
2,Agreement,legaltype=2&old=1,LA-730,ຂໍ້ຕົກລົງວ່າດ້ວຍການສ້າງຕັ້ງ ແລະ ຄຸ້ມຄອງວິສາຫະກິດບໍລິການຈັດຫາງານ,ກະຊວງ ແຮງງານ ແລະ ສະຫວັດດີການສັງຄົມ,2010-01-12,2014-12-24,repealed,ສະບັບເກົ່າ,subsidiary_legislation,false,,https://laoofficialgazette.gov.la/kcfinder/upload/files/3.pdf,,false,false,false,true,
2,Agreement,legaltype=2&old=1,LA-731,ຂໍ້ຕົກລົງວ່າດ້ວຍ ການອະນຸຍາດນຳເຂົ້າແຮງງານຕ່າງປະເທດ ທີ່ມາເຮັດວຽກຢູ່ ສປປ ລາວ,ກະຊວງ ແຮງງານ ແລະ ສະຫວັດດີການສັງຄົມ,2007-12-10,2014-12-24,repealed,ສະບັບເກົ່າ,subsidiary_legislation,false,,https://laoofficialgazette.gov.la/kcfinder/upload/files/2.pdf,,false,false,true,true,
2,Agreement,legaltype=2&old=1,LA-691,ຂໍ້ຕົກລົງຂອງລັດຖະມົນຕີ ວ່າດ້ວຍມາດຕະຖານ ກະສິກຳທີ່ດີ ກ່ຽວກັບຄວາມປອດໄພ ຂອງຜົນຜະລິດ,ກະຊວງ ກະສິກຳ ແລະ ສິ່ງແວດລ້ອມ,2011-01-07,2014-11-10,repealed,ສະບັບເກົ່າ,subsidiary_legislation,false,,https://laoofficialgazette.gov.la/kcfinder/upload/files/ຂໍ້ຕົກລົງ ຂອງລັດຖະມົນຕີ ວ່າດ້ວຍ ມາດຕະຖານກະສິກຳທີ່ດີ ກ່ຽວກັບຄວາມປອດໄພຂອງຜົນຜະລິດ.pdf,,false,false,false,true,
2,Agreement,legaltype=2&old=1,LA-683,ຂໍ້ຕົກລົງຂອງລັດຖະມົນຕີ ວ່າດ້ວຍການຄຸ້ມຄອງ ຢາປາບສັດຕູພືດ ໃນ ສປປ ລາວ,ກະຊວງ ກະສິກຳ ແລະ ສິ່ງແວດລ້ອມ,2010-06-11,2014-11-07,repealed,ສະບັບເກົ່າ,subsidiary_legislation,false,,"https://laoofficialgazette.gov.la/kcfinder/upload/files/14, ຂໍ້ຕົກລົງ .pdf",,false,false,false,true,
2,Agreement,legaltype=2&old=1,LA-684,ຂໍ້ຕົກລົງຂອງລັດຖະມົນຕີ ວ່າດ້ວຍການສ້າງຄອບຄົວຕົວແບບ ແລະບ້ານແບບຢ່າງກະສິກຳ ແລະປ່າໄມ້,ກະຊວງ ກະສິກຳ ແລະ ສິ່ງແວດລ້ອມ,2011-01-07,2014-11-07,repealed,ສະບັບເກົ່າ,subsidiary_legislation,false,,"https://laoofficialgazette.gov.la/kcfinder/upload/files/15, ຂໍ້ຕົກລົງ ຂອງ ລຕ .pdf",,false,false,false,true,
2,Agreement,legaltype=2&old=1,LA-685,ຂໍ້ຕົກລົງຂອງລັດຖະມົນຕີ ວ່າດ້ວຍການກວດກາ ແລະການດຳເນີນຄະດີກ່ຽວກັບປ່າໄມ້ ແລະ ຊັບພະຍາກອນປ່າໄມ້,ກະຊວງ ກະສິກຳ ແລະ ສິ່ງແວດລ້ອມ,2010-11-18,2014-11-07,repealed,ສະບັບເກົ່າ,subsidiary_legislation,false,,"https://laoofficialgazette.gov.la/kcfinder/upload/files/13, ຂໍ້ຕົກລົງ.pdf",,false,false,false,true,
2,Agreement,legaltype=2&old=1,LA-687,"ຂໍ້ຕົກລົງຂອງລັດຖະມົນຕີ ວ່າດ້ວຍການຜະລິດ, ຄຸ້ມຄອງ ແລະ ເຜີຍແຜ່ສະຖິຕິກະສິກຳ",ກະຊວງ ກະສິກຳ ແລະ ສິ່ງແວດລ້ອມ,2014-09-10,2014-11-07,repealed,ສະບັບເກົ່າ,subsidiary_legislation,false,,https://laoofficialgazette.gov.la/kcfinder/upload/files/17. ຂໍ້ຕົກລົງ .pdf,,false,false,true,true,
2,Agreement,legaltype=2&old=1,LA-688,ຂໍ້ຕົກລົງຂອງລັດຖະມົນຕີ ວ່າດ້ວຍການສ້າງຕັັ້ງ ແລະຄຸ້ມຄອງກຸ່ມຜູ່ຜະລິດກະສິກຳ,ກະຊວງ ກະສິກຳ ແລະ ສິ່ງແວດລ້ອມ,2014-09-25,2014-11-07,repealed,ສະບັບເກົ່າ,subsidiary_legislation,false,,https://laoofficialgazette.gov.la/kcfinder/upload/files/18. ຂໍ້ຕົກລົງ .pdf,,false,false,false,true,
2,Agreement,legaltype=2&old=1,LA-689,ຂໍ້ຕົກລົງຂອງລັດຖະມົນຕີ ວ່າດ້ວຍສະຫະກອນ ຜະລິດກະສິກຳ,ກະຊວງ ກະສິກຳ ແລະ ສິ່ງແວດລ້ອມ,2014-09-25,2014-11-07,repealed,ສະບັບເກົ່າ,subsidiary_legislation,false,,https://laoofficialgazette.gov.la/kcfinder/upload/files/19. ຂໍ້ຕົກລົງ .pdf,,false,false,false,true,
2,Agreement,legaltype=2&old=1,LA-675,ຂໍ້ຕົກລົງຂອງລັດຖະມົນຕີ ວ່າດ້ວຍການຄຸ້ມຄອງ ແລະ ນຳໃຊ້ແນວພັນພືດ,ກະຊວງ ກະສິກຳ ແລະ ສິ່ງແວດລ້ອມ,2012-12-19,2014-11-04,repealed,ສະບັບເກົ່າ,subsidiary_legislation,false,,"https://laoofficialgazette.gov.la/kcfinder/upload/files/4,. ຂໍ້ຕົກລົງຂອງລັດຖະມົນຕີ.pdf",,false,false,false,true,
2,Agreement,legaltype=2&old=1,LA-672,ຂໍ້ຕົກລົງຂອງລັດຖະມົນຕີ ວ່າດ້ວຍຄອບຄົວຕົວແບບ ແລະ ບ້ານພັດທະນາດ້ານກະສິກຳ ແລະ ປ່າໄມ້,ກະຊວງ ກະສິກຳ ແລະ ສິ່ງແວດລ້ອມ,2013-07-16,2014-10-23,repealed,ສະບັບເກົ່າ,subsidiary_legislation,false,,https://laoofficialgazette.gov.la/kcfinder/upload/files/ຂໍ້ຕົກລົງ ດ້ານກະສິກຳແລະ ປ້າໄມ້.pdf,,false,false,false,true,
2,Agreement,legaltype=2&old=1,LA-651,ຂໍ້ຕົກລົງ ວ່າດ້ວຍມາດຕະຖານໂຮງງານ ອຸດສາຫະກຳປຸງແຕ່ງໄມ້,ກະຊວງ ອຸດສາຫະກຳ ແລະ ການຄ້າ,2009-04-03,2014-10-02,repealed,ສະບັບເກົ່າ,subsidiary_legislation,false,,https://laoofficialgazette.gov.la/kcfinder/upload/files/ຂໍ້ຕົກລົງ ວ່າດ້ວຍມາດຕະຖານໂຮງງານ ອຸດສາຫະກຳປຸງແຕ່ງໄມ້.pdf,,false,false,false,true,
2,Agreement,legaltype=2&old=1,LA-608,ຂໍ້ຕົກລົງ ວ່າດ້ວຍ ການກຳນົດ ມາດຕະຖານສຽງດັງ ທີ່ເກີດຈາກໂຮງງານ ອຸດສາຫະກຳປຸງແຕ່ງ,ກະຊວງ ອຸດສາຫະກຳ ແລະ ການຄ້າ,2009-10-14,2014-09-17,repealed,ສະບັບເກົ່າ,subsidiary_legislation,false,,https://laoofficialgazette.gov.la/kcfinder/upload/files/1.ຂໍ້ຕົກລົງ ວ່າດ້ວຍການກຳນົດມາດຕະຖານສຽງດັງທີ່ເກີດຈາກໂຮງງານອຸດສາຫະກຳປຸງແຕ່ງ.pdf,,false,false,false,true,
2,Agreement,legaltype=2&old=1,LA-618,ຂໍ້ຕົກລົງ ວ່າດ້ວຍ ການຄຸ້ມຄອງໂຮງງານ ອຸດສາຫະກຳປຸງແຕ່ງ,ກະຊວງ ອຸດສາຫະກຳ ແລະ ການຄ້າ,2007-07-30,2014-09-17,repealed,ສະບັບເກົ່າ,subsidiary_legislation,false,,https://laoofficialgazette.gov.la/kcfinder/upload/files/11.ຂໍ້ຕົກລົງ ວ່າດ້ວຍການຄຸ້ມຄອງໂຮງງານອຸດສາຫະກຳປຸງແຕ່ງ.pdf,,false,false,false,true,
2,Agreement,legaltype=2&old=1,LA-624,ຂໍ້ຕົກລົງ ວ່າດ້ວຍ ມາດຕະຖານໂຮງງານຂ້າສັດ,ກະຊວງ ອຸດສາຫະກຳ ແລະ ການຄ້າ,2010-05-13,2014-09-17,repealed,ສະບັບເກົ່າ,subsidiary_legislation,false,,https://laoofficialgazette.gov.la/kcfinder/upload/files/19.ຂໍ້ຕົກລົງ ວ່າດ້ວຍມາດຕະຖານໂຮງງານຂ້າສັດ.pdf,,false,false,false,true,
2,Agreement,legaltype=2&old=1,LA-628,ຂໍ້ຕົກລົງ ວ່າດ້ວຍ ລະບຽບການຂໍອະນຸຍາດ ນຳເຂົ້າ ແລະ ຈຳໜ່າຍ ນ້ຳມັນເຊື້ອໄຟຢູ່ ສປປ ລາວ,ກະຊວງ ອຸດສາຫະກຳ ແລະ ການຄ້າ,2012-02-02,2014-09-17,repealed,ສະບັບເກົ່າ,subsidiary_legislation,false,,https://laoofficialgazette.gov.la/kcfinder/upload/files/23.ຂໍ້ຕົກລົງ ວ່າດ້ວຍລະບຽບການຂໍອະນຸຍາດນຳເຂົ້າ ແລະ ຈຳໜ່າຍນ້ຳມັນເຊື້ອໄຟຢູ່ ສປປລາວ.pdf,,false,false,false,true,
2,Agreement,legaltype=2&old=1,LA-622,ຂໍ້ຕົກລົງ ວ່າດ້ວຍ ທຸລະກິດການຄ້າຂາຍຍົກ ແລະ ການຄ້າຂາຍຍ່ອຍ,ກະຊວງ ອຸດສາຫະກຳ ແລະ ການຄ້າ,2012-05-18,2014-09-17,repealed,ສະບັບເກົ່າ,subsidiary_legislation,false,,https://laoofficialgazette.gov.la/kcfinder/upload/files/17.ຂໍ້ຕົກລົງ ວ່າດ້ວຍທຸລະກິດການຄ້າຂາຍຍົກ ແລະ ການຄ້າຂາຍຍ່ອຍ.pdf,,false,false,false,true,
2,Agreement,legaltype=2&old=1,LA-478,ຂໍ້ຕົກລົງ ຂອງລັດຖະມົນຕີວ່າການ ກ່ຽວກັບ ການຄຸ້ມຄອງການປຸກສ້າງ,ກະຊວງ ໂຍທາທິການ ແລະ ຂົນສົ່ງ,2000-03-29,2014-01-09,repealed,ສະບັບເກົ່າ,subsidiary_legislation,false,,https://laoofficialgazette.gov.la/kcfinder/upload/files/ຂໍ້​ຕົກ​ລົງ ​ຂອງ​ລັດ​ຖະ​ມົນ​ຕີວ່າ​ການກ່ຽວ​ກັບ​ການ​ຄຸ້ມ​ຄອງ​ການ​ປຸກ​ສ້າງ.pdf,,false,false,false,true,
2,Agreement,legaltype=2&old=1,LA-465,ຂໍ້ຕົກລົງ ຂອງລັດຖະມົນຕີວ່າການ ກ່ຽວກັບ ນະໂຍບາຍລາຄານ້ຳປະປາ ຂອງ ສປປ ລາວ,ກະຊວງ ໂຍທາທິການ ແລະ ຂົນສົ່ງ,2004-04-26,2014-01-07,repealed,ສະບັບເກົ່າ,subsidiary_legislation,false,,https://laoofficialgazette.gov.la/kcfinder/upload/files/ຂໍ້​ຕົກ​ລົງ ​ຂອງ​ລັດ​ຖະ​ມົນ​ຕີ ກ່ຽວ​ກັບ ນະ​ໂຍ​ບາຍ​ລາ​ຄາ​ນ້ຳ​ປະ​ປາ ຂອງ ສ​ປ​ປ ລາວ.pdf,,false,false,false,true,
2,Agreement,legaltype=2&old=1,LA-461,ຂໍ້​ຕົກ​ລົງ ວ່າ​ດ້ວຍ ອັດ​ຕາ​ຄ່າ​ໂທ​ລະ​ສັບ,ກະຊວງ ເຕັກໂນໂລຊີ ແລະ ການສື່ສານ,2011-06-16,2014-01-06,repealed,ສະບັບເກົ່າ,subsidiary_legislation,false,,https://laoofficialgazette.gov.la/kcfinder/upload/files/Free telephone Dicision.pdf,,false,false,false,true,
2,Agreement,legaltype=2&old=1,LA-409,ຂໍ້​ຕົກ​ລົງວ່າ​ດ້ວຍ ການຈັດຕັ້ງປະຕິບັດວຽກງານ ຈົດໝາຍເຫດທາງລັດຖະການ,ກະຊວງ ຍຸຕິທຳ,2013-09-05,2013-09-25,repealed,ສະບັບເກົ່າ,subsidiary_legislation,false,,https://laoofficialgazette.gov.la/kcfinder/upload/files/ຂໍ້​ຕົກ​ລົງ​ວ່າ​ດ້ວຍ​ການ​ຈັດ​ຕັ້ງ​ປະ​ຕິ​ບັດ​ວຽກ​ງານ​ຈົດ​ໝາຍ​ເຫດ​ທາງ​ລັດ​ຖະ​ການ.pdf,,false,false,false,true,
5,Instruction,legaltype=5&old=0,LA-2614,ຄຳແນະນຳວ່າດ້ວຍ ການສຳຫຼວດວັດແທກ ແລະ ສ້າງແຜນທີ່ຕາດິນ,ກະຊວງ ກະສິກຳ ແລະ ສິ່ງແວດລ້ອມ,2026-06-25,2026-08-03,in_force,ປັດຈຸບັນ,other,false,,https://laoofficialgazette.gov.la/kcfinder/upload/files/2759-25-6-2026_0001.pdf,,false,false,false,true,
5,Instruction,legaltype=5&old=0,LA-2581,ຄຳແນະນຳວ່າດ້ວຍ ການກວດກາຄຸນນະພາບແຮ່ທາດ ກ່ອນການສົ່ງອອກຢູ່ປາຍທາງ,ກະຊວງ ການເງິນ,2026-05-06,2026-05-13,in_force,ປັດຈຸບັນ,other,false,,https://laoofficialgazette.gov.la/kcfinder/upload/files/1555-6-5-2026_0001.pdf,,false,false,false,true,
5,Instruction,legaltype=5&old=0,LA-2506,ຄຳແນະນຳ ກ່ຽວກັບການສ້າງຂໍ້ຕົກລົງ ຂອງປະທານຄະນະກຳມະການປົກຄອງແຂວງ,ແຂວງ ຈຳປາສັກ,2026-02-02,2026-02-19,in_force,ປັດຈຸບັນ,other,false,,"https://laoofficialgazette.gov.la/kcfinder/upload/files/01,2,2,2026_0001.pdf",,false,false,false,true,
5,Instruction,legaltype=5&old=0,LA-2481,ຄຳແນະນຳກ່ຽວກັບ ການເຮັດສັນຍາກະສິກຳ,ກະຊວງ ກະສິກຳ ແລະ ສິ່ງແວດລ້ອມ,2025-10-31,2025-11-13,in_force,ປັດຈຸບັນ,other,false,,"https://laoofficialgazette.gov.la/kcfinder/upload/files/2030,31,10,2025_0001.pdf",,false,false,false,true,
5,Instruction,legaltype=5&old=0,LA-2480,ຄຳແນະນຳກ່ຽວກັບ ການຈັດຕັ້ງປະຕິບັດວຽກງານຂື້ນທະບຽນສະຫະກອນ,ກະຊວງ ກະສິກຳ ແລະ ສິ່ງແວດລ້ອມ,2025-11-07,2025-11-13,in_force,ປັດຈຸບັນ,other,false,,https://laoofficialgazette.gov.la/kcfinder/upload/files/2158.7.11.2025_0001.pdf,,false,false,true,true,
5,Instruction,legaltype=5&old=0,LA-2476,"ຄຳແນະນຳກ່ຽວກັບ ການຄ້ຳປະກັນ, ການຖອນວົງເງິນຄ້ຳປະກັນ ແລະ ພັນທະຂອງຜູ້ດຳເນີນກິດຈະການບໍລິການຊື້-ຂາຍຄຳ ຜ່ານທາງເອເລັກໂຕຮນິກ",ກະຊວງ ອຸດສາຫະກຳ ແລະ ການຄ້າ,2025-10-23,2025-11-03,in_force,ປັດຈຸບັນ,other,false,,"https://laoofficialgazette.gov.la/kcfinder/upload/files/2565,23,10,2025_0001.pdf",,false,false,true,true,
5,Instruction,legaltype=5&old=0,LA-2441,ຄຳແນະນຳການຈັດຕັ້ງປະຕິບັດກົດໝາຍວ່າດ້ວຍ ການກວດກາລັດ (ສະບັບປັບປຸງ),ອົງການກວດກາແຫ່ງລັດ,2023-10-03,2025-09-04,in_force,ປັດຈຸບັນ,other,true,,"https://laoofficialgazette.gov.la/kcfinder/upload/files/331,3,10,2025.pdf",,false,false,false,true,
5,Instruction,legaltype=5&old=0,LA-2440,ຄຳແນະນຳການຈັດຕັ້ງປະຕິບັດກົດໝາຍວ່າດ້ວຍ ການຕ້ານການສໍ້ລາດບັງຫຼວງ,ອົງການກວດກາແຫ່ງລັດ,2025-06-26,2025-09-04,in_force,ປັດຈຸບັນ,other,false,,"https://laoofficialgazette.gov.la/kcfinder/upload/files/258,26,6,2025.pdf",,false,false,false,true,
5,Instruction,legaltype=5&old=0,LA-2431,ຄຳແນະນຳ (ສະບັບປັບປຸງ) ກ່ຽວກັບການຈັດຕັ້ງປະຕິບັດ ກົດໝາຍວ່າດ້ວຍ ການປະກັນສັງຄົມ,ກະຊວງ ແຮງງານ ແລະ ສະຫວັດດີການສັງຄົມ,2023-01-11,2025-09-01,in_force,ປັດຈຸບັນ,other,true,,"https://laoofficialgazette.gov.la/kcfinder/upload/files/0060,11,1,2023.pdf",,false,false,false,true,
5,Instruction,legaltype=5&old=0,LA-2387,ຄຳແນະນຳກ່ຽວກັບ ການຈັດຕັ້ງປະຕິບັດກົດໝາຍວ່າດ້ວຍ ການສຳຫຼວດວັດແທກ ແລະ ສ້າງແຜນທີ່,ກະຊວງ ພາຍໃນ,2025-05-20,2025-06-12,in_force,ປັດຈຸບັນ,other,false,,https://laoofficialgazette.gov.la/kcfinder/upload/files/ 01. 20.5.2025.pdf,,false,false,false,true,
5,Instruction,legaltype=5&old=0,LA-2377,"ຄຳແນະນຳກ່ຽວກັບ ການກວດກາ, ວິໄຈ ແລະ ຢັ້ງຢືນ ຄຸນນະພາບຢາງພາລາ",ກະຊວງ ກະສິກຳ ແລະ ສິ່ງແວດລ້ອມ,2025-06-02,2025-06-06,in_force,ປັດຈຸບັນ,other,false,,https://laoofficialgazette.gov.la/kcfinder/upload/files/1916 2.6.2025.pdf,,false,false,false,true,
5,Instruction,legaltype=5&old=0,LA-2374,"ຄຳແນະນຳກ່ຽວກັບ ການຈັດຕັ້ງປະຕິບັດຄຳສັ່ງວ່າດ້ວຍ ການຮັບຮູ້ສິດນຳໃຊ້ທີ່ດິນ ໃນເຂດທີ່ດິນປ່າໄມ້ ສະບັບເລກທີ 20/ນຍ, ລົງວັນທີ 05 ພະຈິກ 2024",ກະຊວງ ກະສິກຳ ແລະ ສິ່ງແວດລ້ອມ,2025-05-26,2025-06-03,in_force,ປັດຈຸບັນ,other,false,,https://laoofficialgazette.gov.la/kcfinder/upload/files/1821 26.5.2025.pdf,,false,false,false,true,
5,Instruction,legaltype=5&old=0,LA-2365,"ຄຳແນະນຳ ກ່ຽວກັບການຕິດຕາມ, ກວດກາ ການເຄື່ອນໄຫວວຽກງານ ຂອງຂະແໜງການກະສິກຳ ແລະ ປ່າໄມ້",ກະຊວງ ກະສິກຳ ແລະ ສິ່ງແວດລ້ອມ,2025-04-02,2025-05-28,in_force,ປັດຈຸບັນ,other,false,,https://laoofficialgazette.gov.la/kcfinder/upload/files/1390.27.5.2025.pdf,,false,false,false,true,
5,Instruction,legaltype=5&old=0,LA-2356,ຄຳແນະນຳວ່າດ້ວຍ ການຄຸ້ມຄອງ ແລະ ນຳໃຊ້ລະບົບຂໍ້ມູນຂ່າວສານຄຸ້ມຄອງຊັບສິນແຫ່ງລັດ ແບບເອເລັກໂຕຼນິກ (AMIS),ກະຊວງ ການເງິນ,2025-01-22,2025-04-04,in_force,ປັດຈຸບັນ,other,false,,https://laoofficialgazette.gov.la/kcfinder/upload/files/0144.ກງ.pdf,,false,false,true,true,
5,Instruction,legaltype=5&old=0,LA-2343,"ຄຳແນະນຳວ່າດ້ວຍ ການຂື້ນທະບຽນ ກຳມະສິດຫ້ອງຊຸດ, ການຈົດທະບຽນການເຄື່ອນໄຫວ ແລະ ການປ່ຽນແປງກຳມະສິດຫ້ອງຊຸດ ໃນຄອນໂດມິນຽມ",ກະຊວງ ກະສິກຳ ແລະ ສິ່ງແວດລ້ອມ,2025-02-14,2025-03-05,in_force,ປັດຈຸບັນ,other,false,,https://laoofficialgazette.gov.la/kcfinder/upload/files/0190 14.2.2025.pdf,,false,false,true,true,
5,Instruction,legaltype=5&old=0,LA-2336,ຄຳແນະນຳວ່າດ້ວຍ ການຮັບຮອງສິດທິບັດເອີຣົບ ຢູ່ ສປປ ລາວ ພາຍໃນສັນຍາ ວ່າດ້ວຍການຮັບຮອງສິດທິບັດເອີຣົບ,ກະຊວງ ອຸດສາຫະກຳ ແລະ ການຄ້າ,2025-01-31,2025-02-21,in_force,ປັດຈຸບັນ,other,false,,https://laoofficialgazette.gov.la/kcfinder/upload/files/0153.pdf,,false,false,false,true,
5,Instruction,legaltype=5&old=0,LA-2313,ຄຳແນະນຳວ່າດ້ວຍ ການປັບປຸງເງິນອຸດໜູນ ແລະ ເງິນນະໂຍບາຍຕ່າງໆ,ກະຊວງ ການເງິນ,2024-08-22,2024-12-18,in_force,ປັດຈຸບັນ,other,false,,https://laoofficialgazette.gov.la/kcfinder/upload/files/4524-18-12-2024.pdf,,false,false,false,true,
5,Instruction,legaltype=5&old=0,LA-2295,ຄຳແນະນຳ ກ່ຽວກັບການສ້າງຂໍ້ຕົກລົງ,ແຂວງ ເຊກອງ,2024-11-19,2024-11-26,in_force,ປັດຈຸບັນ,other,false,,https://laoofficialgazette.gov.la/kcfinder/upload/files/35.pdf,,false,false,false,true,
5,Instruction,legaltype=5&old=0,LA-2262,"ຄຳແນະນຳ ກ່ຽວກັບການສ້າງ, ປັບປຸງ ແລະ ໂຄສະນາເຜີຍແຜ່ນິຕິກຳ ທີ່ຢູ່ໃນຄວາມຮັບຜິດຊອບຂອງກະຊວງກະສິກຳ ແລະ ປ່າໄມ້",ກະຊວງ ກະສິກຳ ແລະ ສິ່ງແວດລ້ອມ,2024-06-29,2024-08-07,in_force,ປັດຈຸບັນ,other,false,,https://laoofficialgazette.gov.la/kcfinder/upload/files/3899_782024.pdf,,false,false,false,true,
5,Instruction,legaltype=5&old=0,LA-2253,ຄຳແນະນຳກ່ຽວກັບ ການຈັດຕັ້ງປະຕິບັດ ດຳລັດວ່າດ້ວຍ ນະໂຍບາຍຕໍ່ຜູ້ມີຜົນງານ ແລະ ສະກັດກັ້ນການລະເມີດກົດໝາຍ ແລະ ລະບຽບການ ກ່ຽວກັບງົບປະມານແຫ່ງລັດ,ກະຊວງ ການເງິນ,2024-05-30,2024-06-18,in_force,ປັດຈຸບັນ,other,false,,https://laoofficialgazette.gov.la/kcfinder/upload/files/1939. 18.6.2024.pdf,,false,false,false,true,
5,Instruction,legaltype=5&old=0,LA-2232,ຄຳແນະນຳວ່າດ້ວຍ ການຈົດທະບຽນການເຄື່ອນໄຫວ ແລະ ການປ່ຽນແປງ ສິດນຳໃຊ້ທີ່ດິນ,ກະຊວງ ກະສິກຳ ແລະ ສິ່ງແວດລ້ອມ,2024-03-28,2024-04-26,in_force,ປັດຈຸບັນ,other,false,,https://laoofficialgazette.gov.la/kcfinder/upload/files/0564.28.3.2024.pdf,,false,false,true,true,
5,Instruction,legaltype=5&old=0,LA-2226,ຄຳແນະນຳ ກ່ຽວກັບການຈັດຕັ້ງປະຕິບັດພັນທະອາກອນມູນຄ່າເພີ່ມ ຜູ້ສະໜອງ ສິນຄ້າດີຈິຕອນ ແລະ ບໍລິການຮູບແບບ ດິຈິຕອນ (Digital Platform) ຫຼື ກິດຈະກຳການຄ້າທາງເອເລັກໂຕຣນິກ ຈາກຕ່າງປະເທດ ໃຫ້ຜູ້ຊົມໃຊ້ ຢູ່ ສປປ ລາວ,ກະຊວງ ການເງິນ,2024-02-14,2024-03-26,in_force,ປັດຈຸບັນ,other,false,,https://laoofficialgazette.gov.la/kcfinder/upload/files/0558 14.2.2024.pdf,,false,false,true,true,
5,Instruction,legaltype=5&old=0,LA-2194,ຄຳແນະນຳວ່າດ້ວຍ ຜະລິດຕະພັນປະກັນໄພ,ກະຊວງ ການເງິນ,2023-12-12,2024-01-31,in_force,ປັດຈຸບັນ,other,false,,https://laoofficialgazette.gov.la/kcfinder/upload/files/3991.pdf,,false,false,true,true,
5,Instruction,legaltype=5&old=0,LA-2193,ຄຳແນະນຳ ກ່ຽວກັບການຈັດຕັ້ງປະຕິບັດກົດໝາຍວ່າດ້ວຍ ການປະກັນໄພ ( ສະບັບປັບປຸງ ),ກະຊວງ ການເງິນ,2023-12-12,2024-01-31,in_force,ປັດຈຸບັນ,other,true,,https://laoofficialgazette.gov.la/kcfinder/upload/files/3996.pdf,,false,false,true,true,
5,Instruction,legaltype=5&old=0,LA-2182,ຄຳແນະນຳກ່ຽວກັບ ການສ້າງຂໍ້ຕົກລົງຂອງເຈົ້າແຂວງ,ແຂວງ ບໍ່ແກ້ວ,2023-12-05,2024-01-10,in_force,ປັດຈຸບັນ,other,false,,https://laoofficialgazette.gov.la/kcfinder/upload/files/1321ຈຂ.ບກ2023.pdf,,false,false,false,true,
5,Instruction,legaltype=5&old=0,LA-2180,ຄຳແນະນຳ ກ່ຽວກັບການຈັດຕັ້ງປະຕິບັດກົດໝາຍວ່າດ້ວຍ ທະບຽນສານ,ກະຊວງ ຍຸຕິທຳ,2023-12-28,2024-01-08,in_force,ປັດຈຸບັນ,other,false,,https://laoofficialgazette.gov.la/kcfinder/upload/files/1786-2-20_merged (1).pdf,,false,false,true,true,
5,Instruction,legaltype=5&old=0,LA-2173,ຄຳແນະນຳກ່ຽວກັບ ການຈັດຕັ້ງປະຕິບັດວຽກງານທະບຽນວິສາຫະກິດ,ກະຊວງ ອຸດສາຫະກຳ ແລະ ການຄ້າ,2023-12-22,2023-12-26,in_force,ປັດຈຸບັນ,other,false,,https://laoofficialgazette.gov.la/kcfinder/upload/files/ຄຳແນະນຳ 2406 ການຈັດຕັ້ງປະຕິບັດວຽກງານທະບຽນວິສາຫະກິດ.pdf,,false,false,true,true,
5,Instruction,legaltype=5&old=0,LA-2144,ຄຳແນະນຳ ກ່ຽວກັບ ການວາງແຜນຄຸ້ມຄອງປ່າໄມ້ຂັ້ນບ້ານ,ກະຊວງ ກະສິກຳ ແລະ ສິ່ງແວດລ້ອມ,2023-10-03,2023-11-01,in_force,ປັດຈຸບັນ,other,false,,https://laoofficialgazette.gov.la/kcfinder/upload/files/ 4143ກປ3.10.2023.pdf,,false,false,false,true,
5,Instruction,legaltype=5&old=0,LA-2140,ຄຳແນະນຳ ການຈັດຕັ້ງປະຕິບັດ ດຳລັດວ່າດ້ວຍ ກຳລັງສຳຮອງປ້ອງກັນຊາດ,ກະຊວງ ປ້ອງກັນປະເທດ,2023-07-21,2023-10-31,in_force,ປັດຈຸບັນ,other,false,,https://laoofficialgazette.gov.la/kcfinder/upload/files/3932ກປທ21.7.2023.pdf,,false,false,false,true,
5,Instruction,legaltype=5&old=0,LA-2118,"ຄຳແນະນຳວ່າດ້ວຍ ການເພີ່ມທະວີແກ້ໄຂບັນຫາເຄັ່ງຮ້ອນຂອງເສດຖະກິດ - ການເງິນ, ບັນຫາເງິນເຟີ້, ອັດຕາແລກປ່ຽນ ແລະ ລາຄາສິນຄ້າ ຢູ່ພາຍໃນແຂວງ ໄຊຍະບູລີ",ແຂວງ ໄຊຍະບູລີ,2023-09-18,2023-10-02,in_force,ປັດຈຸບັນ,other,false,,"https://laoofficialgazette.gov.la/kcfinder/upload/files/115ຈຂຊຍ18,9,2023.pdf",,false,false,false,true,
5,Instruction,legaltype=5&old=0,LA-2115,ຄຳແນະນຳວ່າດ້ວຍ ການປະຕິບັດຜົນຂອງການແກ້ໄຂຂໍ້ຂັດແຍ່ງທາງດ້ານເສດຖະກິດ,ກະຊວງ ຍຸຕິທຳ,2023-05-12,2023-09-27,in_force,ປັດຈຸບັນ,other,false,,https://laoofficialgazette.gov.la/kcfinder/upload/files/499ກຍ2023.pdf,,false,false,false,true,
5,Instruction,legaltype=5&old=0,LA-2075,"ຄຳແນະນຳກ່ຽວກັບ ເງື່ອນໄຂ, ມາດຕະຖານ ແລະ ການແຕ່ງຕັ້ງຕຳແໜ່ງວິຊາການຄູ ຢູ່ສະຖານການສຶກສາຊັ້ນສູງ",ກະຊວງ ສຶກສາທິການ ແລະ ກິລາ,2023-04-11,2023-09-21,in_force,ປັດຈຸບັນ,other,false,,"https://laoofficialgazette.gov.la/kcfinder/upload/files/517ສສກ 11,4,2023.pdf",,false,false,false,true,
5,Instruction,legaltype=5&old=0,LA-2112,"ຄຳແນະນຳວ່າດ້ວຍ ການເພີ່ມທະວີຄວາມເຂັ້ມງວດ ໃນການຄຸ້ມຄອງ, ປົກປັກຮັກສາ, ພັດທະນາ ແລະ ນຳໃຊ້ປ່າໄມ້, ທີ່ດິນປ່າໄມ້ ແລະ ຊັບພະຍາກອນປ່າໄມ້",ແຂວງ ໄຊຍະບູລີ,2023-11-21,2023-09-14,in_force,ປັດຈຸບັນ,other,false,,https://laoofficialgazette.gov.la/kcfinder/upload/files/91-264ຈຂຍຊ2019.pdf,,false,false,false,true,
5,Instruction,legaltype=5&old=0,LA-2104,"ຄຳແນະນຳກ່ຽວກັບ ການຈັດຕັ້ງປະຕິບັດ ຜັນຂະຫຍາຍ ຄຳສັ່ງເລກທີ 05/ນຍ, ລົງວັນທີ 8 ພຶດສະພາ 2018 ວ່າດ້ວຍການເພີ່ມທະວີຄວາມເຂັ້ມງວດ ໃນການຄຸ້ມຄອງ ແລະ ກວດກາ ສັດນໍ້າ-ສັດປ່າ ແລະ ພືດປ່າ ປະເພດຫວງຫ້າມ",ແຂວງ ບໍ່ແກ້ວ,2023-08-10,2023-08-21,in_force,ປັດຈຸບັນ,other,false,,https://laoofficialgazette.gov.la/kcfinder/upload/files/78-825ຈຂ.ບກ2018.pdf,,false,false,false,true,
5,Instruction,legaltype=5&old=0,LA-2060,"ຄຳແນະນຳກ່ຽວກັບ ການສ້າງຕັ້ງ, ຍຸບເລີກ, ໂຮມເຂົ້າ, ແຍກອອກ ແລະ ປ່ຽນຊື່ບ້ານ",ກະຊວງ ພາຍໃນ,2023-01-31,2023-05-05,in_force,ປັດຈຸບັນ,other,false,,https://laoofficialgazette.gov.la/kcfinder/upload/files/06ພນ2023.pdf,,false,false,false,true,
5,Instruction,legaltype=5&old=0,LA-2057,ຄຳແນະນຳກ່ຽວກັບ ການສ້າງກົດລະບຽບຂອງບ້ານ,ກະຊວງ ພາຍໃນ,2023-01-31,2023-05-05,in_force,ປັດຈຸບັນ,other,false,,https://laoofficialgazette.gov.la/kcfinder/upload/files/05ພນ2023.pdf,,false,false,false,true,
5,Instruction,legaltype=5&old=0,LA-2052,ຄຳແນະນຳ ກ່ຽວກັບການແຈ້ງການຢັ້ງຢືນຮັບຮູ້ ແລະ ການຂໍອະນຸຍາດດຳເນີນທຸລະກິດການຄ້າທາງເອເລັກໂຕຣນິກ,ກະຊວງ ອຸດສາຫະກຳ ແລະ ການຄ້າ,2023-04-05,2023-04-20,in_force,ປັດຈຸບັນ,other,false,,https://laoofficialgazette.gov.la/kcfinder/upload/files/0479ອຄ2023.pdf,,false,false,true,true,
5,Instruction,legaltype=5&old=0,LA-2009,ຄຳແນະນຳ ວ່າດ້ວຍການປະເມີນລາຄາທີ່ດິນ,ກະຊວງ ກະສິກຳ ແລະ ສິ່ງແວດລ້ອມ,2023-01-12,2023-02-20,in_force,ປັດຈຸບັນ,other,false,,https://laoofficialgazette.gov.la/kcfinder/upload/files/0040ກສຊ2023.pdf,,false,false,false,true,
5,Instruction,legaltype=5&old=0,LA-1997,"ຄຳແນະນຳ ກ່ຽວກັບການຄຸ້ມຄອງການຂົນສົ່ງສິນຄ້າ, ຕູ້ສິນຄ້າ ແລະ ເອກະສານຂົນສົ່ງສິນຄ້າ ດ້ວຍລະບົບຄຸ້ມຄອງການຂົນສົ່ງຂ້າມແດນ ເອເລັກໂຕຣນິກ",ກະຊວງ ໂຍທາທິການ ແລະ ຂົນສົ່ງ,2023-01-30,2023-02-07,in_force,ປັດຈຸບັນ,other,false,,https://laoofficialgazette.gov.la/kcfinder/upload/files/2525ຍທຂ2023.pdf,,false,false,true,true,
5,Instruction,legaltype=5&old=0,LA-1961,"ຄຳແນະນຳ ກ່ຽວກັບການຈັດຕັ້ງປະຕິບັດ ດຳລັດວ່າດ້ວຍການກຳນົດຕຳແໜ່ງງານ ສະບັບເລກທີ 734/ລບ,ລົງວັນທີ 31 ທັນວາ 2021",ກະຊວງ ພາຍໃນ,2022-11-01,2022-11-21,in_force,ປັດຈຸບັນ,other,false,,https://laoofficialgazette.gov.la/kcfinder/upload/files/04 ພນ 1.11.2022.pdf,,false,false,false,true,
5,Instruction,legaltype=5&old=0,LA-1949,"ຄຳແນະນຳ ກ່ຽວກັບມາດຕະການປະຕິບັດ ສຳລັບການສົ່ງອອກພືດ, ຜະລິດຕະພັນພືດ ແລະ ວັດຖະຕ້ອງຄວບຄຸມ ທີ່ບໍ່ຖືກຕ້ອງກັບເງື່ອນໄຂນຳເຂົ້າ ຂອງສະຫະພາບເອີຣົບ",ກະຊວງ ກະສິກຳ ແລະ ສິ່ງແວດລ້ອມ,2022-10-10,2022-11-02,in_force,ປັດຈຸບັນ,other,false,,https://laoofficialgazette.gov.la/kcfinder/upload/files/4269ກປ2022.pdf,,false,false,false,true,
5,Instruction,legaltype=5&old=0,LA-1922,"ຄຳແນະນຳ ກ່ຽວກັບການຢັ້ງຢືນ ແລະ ການຕັດຕົ້ນໄມ້ທຳມະຊາດ ແລະ ໄມ້ປູກໃຫ້ໝາກ ທີ່ມີໃນທີ່ດິນ ຂອງບຸກຄົນ, ນິຕິບຸກຄົນ ແລະ ການຈັດຕັ້ງ",ກະຊວງ ກະສິກຳ ແລະ ສິ່ງແວດລ້ອມ,2022-08-16,2022-09-06,in_force,ປັດຈຸບັນ,other,false,,https://laoofficialgazette.gov.la/kcfinder/upload/files/3684ກປ2022.pdf,,false,false,false,true,
5,Instruction,legaltype=5&old=0,LA-1903,ຄຳແນະນຳ ວ່າດ້ວຍການແກ້ໄຂຂໍ້ຂັດແຍ່ງທາງດ້ານເສດຖະກິດຢູ່ພະແນກຍຸຕິທຳ ແຂວງຫຼວງນໍ້າທາ,ແຂວງ ຫຼວງນໍ້າທາ,2018-12-26,2022-08-05,in_force,ປັດຈຸບັນ,other,false,,https://laoofficialgazette.gov.la/kcfinder/upload/files/04ຈຂ2018.pdf,,false,false,false,true,
5,Instruction,legaltype=5&old=0,LA-1900,"ຄຳແນະນຳ ກ່ຽວກັບການໄກ່ເກ່ຍຂໍ້ຂັດແຍ່ງ ຢູ່ຫ້ອງການຍຸຕິທຳເມືອງ, ເທດສະບານ, ນະຄອນ",ກະຊວງ ຍຸຕິທຳ,2022-07-21,2022-08-03,in_force,ປັດຈຸບັນ,other,false,,https://laoofficialgazette.gov.la/kcfinder/upload/files/943ກຍ2022.pdf,,false,false,false,true,
5,Instruction,legaltype=5&old=0,LA-1854,ຄຳແນະນຳ ກ່ຽວກັບການສົ່ງອອກຜະລິດຕະພັນໄມ້ທຳມະຊາດໄປຕ່າງປະເທດ,ກະຊວງ ອຸດສາຫະກຳ ແລະ ການຄ້າ,2022-03-22,2022-03-28,in_force,ປັດຈຸບັນ,other,false,,https://laoofficialgazette.gov.la/kcfinder/upload/files/0332ອຄ2022.pdf,,false,false,false,true,
5,Instruction,legaltype=5&old=0,LA-1842,ຄຳແນະນຳ ກ່ຽວກັບການຈັດຕັ້ງປະຕິບັດກົດໝາຍວ່າດ້ວຍ ອາກອນຊົມໃຊ້,ກະຊວງ ການເງິນ,2022-02-04,2022-02-28,in_force,ປັດຈຸບັນ,other,false,,https://laoofficialgazette.gov.la/kcfinder/upload/files/0394ກງ2022.pdf,,false,false,false,true,
5,Instruction,legaltype=5&old=0,LA-1840,ຄຳແນະນຳ ວ່າດ້ວຍການຂຶ້ນທະບຽນອອກໃບຕາດິນ,ກະຊວງ ກະສິກຳ ແລະ ສິ່ງແວດລ້ອມ,2022-02-14,2022-02-25,in_force,ປັດຈຸບັນ,other,false,,https://laoofficialgazette.gov.la/kcfinder/upload/files/0500ກຊສ2022.pdf,,false,false,true,true,
5,Instruction,legaltype=5&old=0,LA-1838,ຄຳແນະນຳ ວ່າດ້ວຍມາດຕະການປົກປ້ອງສິດຕໍ່ຊັບສິນທາງປັນຍາຂອງເຈົ້າໜ້າທີ່ພາສີ,ກະຊວງ ການເງິນ,2022-01-13,2022-02-09,in_force,ປັດຈຸບັນ,other,false,,https://laoofficialgazette.gov.la/kcfinder/upload/files/0121ກງ2022.pdf,,false,false,true,true,
5,Instruction,legaltype=5&old=0,LA-1836,ຄຳແນະນຳ ກ່ຽວກັບການຈັດຕັ້ງປະຕິບັດໂຄງການລົງທຶນຂອງລັດ ຂອງຂະແໜງພະລັງງານ ແລະ ບໍ່ແຮ່,ກະຊວງ ອຸດສາຫະກຳ ແລະ ການຄ້າ,2021-12-31,2022-02-02,in_force,ປັດຈຸບັນ,other,false,,https://laoofficialgazette.gov.la/kcfinder/upload/files/1728ພບ2021.pdf,,false,false,false,true,
5,Instruction,legaltype=5&old=0,LA-1835,ຄຳແນະນຳ ການພິຈາລະນາໂຄງການລົງທຶນຂອງລັດ ຂອງຂະແໜງພະລັງງານ ແລະ ບໍ່ແຮ່,ກະຊວງ ອຸດສາຫະກຳ ແລະ ການຄ້າ,2021-12-31,2022-02-02,in_force,ປັດຈຸບັນ,other,false,,https://laoofficialgazette.gov.la/kcfinder/upload/files/1727ພບ2021.pdf,,false,false,false,true,
5,Instruction,legaltype=5&old=0,LA-1820,"ຄຳແນະນຳ ກ່ຽວກັບການສົ່ງເງິນອາກອນມູນຄ່າເພີ່ມ ໃຫ້ແກ່ ອົງການຈັດຕັ້ງສາກົນ, ສະຖານເອກອັກຄະລັດຖະທູດ, ສະຖານກົງສຸນ ແລະ ນັກການທູດ ທີ່ປະຈຳຢູ່ ສປ ລາວ",ກະຊວງ ການເງິນ,2021-08-30,2021-11-10,in_force,ປັດຈຸບັນ,other,false,,https://laoofficialgazette.gov.la/kcfinder/upload/files/4083ກງ2021.pdf,,false,false,false,true,
5,Instruction,legaltype=5&old=0,LA-1815,ຄຳແນະນຳ ກ່ຽວກັບການສົ່ງອອກໄມ້ປູກໄປຕ່າງປະເທດ,ກະຊວງ ອຸດສາຫະກຳ ແລະ ການຄ້າ,2021-10-19,2021-10-21,in_force,ປັດຈຸບັນ,other,false,,https://laoofficialgazette.gov.la/kcfinder/upload/files/0981ອຄ2021.pdf,,false,false,false,true,
5,Instruction,legaltype=5&old=0,LA-1814,ຄຳແນະນຳ ກ່ຽວກັບການສ້າງ ແລະ ປັບປຸງກົດໝາຍ ໃນໄລຍະການແຜ່ລະບາດຂອງພະຍາດໂຄວິດ-19,ກະຊວງ ຍຸຕິທຳ,2021-10-13,2021-10-18,in_force,ປັດຈຸບັນ,other,false,,https://laoofficialgazette.gov.la/kcfinder/upload/files/1239ກຍ2021.pdf,,false,false,false,true,
5,Instruction,legaltype=5&old=0,LA-1803,ຄຳແນະນຳ ກ່ຽວກັບການຈັດຕັ້ງປະຕິບັດກົດໝາຍວ່າດ້ວຍພາສີ,ກະຊວງ ການເງິນ,2021-07-26,2021-08-19,in_force,ປັດຈຸບັນ,other,false,,https://laoofficialgazette.gov.la/kcfinder/upload/files/3269ກງ2021.pdf,,false,false,false,true,
5,Instruction,legaltype=5&old=0,LA-1802,ຄຳແນະນຳ ກ່ຽວກັບການຜັນຂະຫຍາຍ ດຳລັດວ່າດ້ວຍຕາປະທັບ,ກະຊວງ ພາຍໃນ,2021-08-16,2021-08-19,in_force,ປັດຈຸບັນ,other,false,,https://laoofficialgazette.gov.la/kcfinder/upload/files/08ພນ2021.pdf,,false,false,false,true,
5,Instruction,legaltype=5&old=0,LA-1799,ຄຳແນະນຳ ວ່າດ້ວຍການເກັບຄ່າທຳນຽມ ແລະ ຄ່າບໍລິການ ຂະແໜງການຊັບພະຍາກອນທຳມະຊາດ ແລະ ສິ່ງແວດລ້ອມ,ກະຊວງ ກະສິກຳ ແລະ ສິ່ງແວດລ້ອມ,2021-08-03,2021-08-18,in_force,ປັດຈຸບັນ,other,false,,https://laoofficialgazette.gov.la/kcfinder/upload/files/3662ກຊສ2021.pdf,,false,false,false,true,
5,Instruction,legaltype=5&old=0,LA-1793,ຄຳແນະນຳ ວ່າດ້ວຍການຈັດຕັ້ງປະຕິບັດ ກົດໝາຍວ່າດ້ວຍອາກອນມູນຄ່າເພີ່ມ,ກະຊວງ ການເງິນ,2021-04-12,2021-07-19,in_force,ປັດຈຸບັນ,other,false,,https://laoofficialgazette.gov.la/kcfinder/upload/files/1939ກງ2021.pdf,,false,false,false,true,
5,Instruction,legaltype=5&old=0,LA-1792,ຄຳແນະນຳ ຈັດຕັ້ງປະຕິບັດກົດໝາຍ ວ່າດ້ວຍອາກອນລາຍໄດ້,ກະຊວງ ການເງິນ,2021-02-10,2021-07-19,in_force,ປັດຈຸບັນ,other,false,,https://laoofficialgazette.gov.la/kcfinder/upload/files/0819ກງ2021.pdf,,false,false,false,true,
5,Instruction,legaltype=5&old=0,LA-1791,ຄຳແນະນຳ ກ່ຽວກັບການຢັ້ງຢືນແຫຼ່ງກຳເນີດສິນຄ້າທີ່ໄດ້ຮັບສິດທິພິເສດ,ກະຊວງ ອຸດສາຫະກຳ ແລະ ການຄ້າ,2021-07-12,2021-07-16,in_force,ປັດຈຸບັນ,other,false,,https://laoofficialgazette.gov.la/kcfinder/upload/files/0588ອຄ2021.pdf,,false,false,false,true,
5,Instruction,legaltype=5&old=0,LA-1783,ຄຳແນະນຳ ກ່ຽວກັບການຈັດຕັ້ງປະຕິບັດກົດໝາຍວ່າດ້ວຍການລົງທຶນຂອງລັດ,ກະຊວງ ການເງິນ,2021-06-09,2021-06-18,in_force,ປັດຈຸບັນ,other,false,,https://laoofficialgazette.gov.la/kcfinder/upload/files/0889ກຜທ2021 (2).pdf,,false,false,false,true,
5,Instruction,legaltype=5&old=0,LA-1781,ຄຳແນະນຳ ກ່ຽວກັບການໃຫ້ນະໂຍບາຍສົ່ງເສີມການລົງທຶນ ດ້ານອາກອນກຳໄລ ແລະ ດ້ານຄ່າເຊົ່າ ຫຼື ສຳປະທານທີ່ດິນຂອງລັດ,ກະຊວງ ການເງິນ,2021-05-14,2021-05-28,in_force,ປັດຈຸບັນ,other,false,,https://laoofficialgazette.gov.la/kcfinder/upload/files/0760ກຜທ2021.pdf,,false,false,false,true,
5,Instruction,legaltype=5&old=0,LA-1771,ຄຳແນະນຳ ການຈັດຕັ້ງປະຕິບັດວຽກງານ ຈັນຍາບັນຂອງພະນັກງານ-ລັດຖະກອນ,ກະຊວງ ພາຍໃນ,2021-04-02,2021-04-20,in_force,ປັດຈຸບັນ,other,false,,https://laoofficialgazette.gov.la/kcfinder/upload/files/04ພນ2021.pdf,,false,false,false,true,
5,Instruction,legaltype=5&old=0,LA-1770,ຄຳແນະນຳ ກ່ຽວກັບການຈັດຕັ້ງປະຕິບັດກົດໝາຍ ວ່າດ້ວຍທະບຽນຄອບຄົວ ທີ່ຢູ່ໃນຄວາມຮັບຜິດຊອບຂອງຂະແໜງການພາຍໃນ,ກະຊວງ ພາຍໃນ,2021-03-30,2021-04-20,in_force,ປັດຈຸບັນ,other,false,,https://laoofficialgazette.gov.la/kcfinder/upload/files/03ພນ2021.pdf,,false,false,true,true,
5,Instruction,legaltype=5&old=0,LA-1769,ຄຳແນະນຳ ການນຳໃຊ້ລະບົບກອງປະຊຸມທາງໄກ,ກະຊວງ ເຕັກໂນໂລຊີ ແລະ ການສື່ສານ,2021-03-09,2021-04-08,in_force,ປັດຈຸບັນ,other,false,,https://laoofficialgazette.gov.la/kcfinder/upload/files/688ປທສ2021.pdf,,false,false,false,true,
5,Instruction,legaltype=5&old=0,LA-1756,ຄຳແນະນຳ ວ່າດ້ວຍການເພີ່ມທະວີຄວາມຮັບຜິດຊອບ ໃນການຄຸ້ມຄອງ ແລະ ການຈັດຕັ້ງປະຕິບັດຄຳຕັດສິນຂອງສານ,ກະຊວງ ຍຸຕິທຳ,2019-04-05,2021-04-01,in_force,ປັດຈຸບັນ,other,false,,https://laoofficialgazette.gov.la/kcfinder/upload/files/445ກຍ2019.pdf,,false,false,false,true,
5,Instruction,legaltype=5&old=0,LA-1757,"ຄຳແນະນຳ ກ່ຽວກັບວຽກງານການເງິນ, ການຮິບ ແລະ ມອບຊັບ ໃນການຈັດຕັ້ງປະຕິບັດຄຳຕັດສິນຂອງສານ",ກະຊວງ ຍຸຕິທຳ,2019-04-05,2021-04-01,in_force,ປັດຈຸບັນ,other,false,,https://laoofficialgazette.gov.la/kcfinder/upload/files/446ກຍ2019.pdf,,false,false,false,true,
5,Instruction,legaltype=5&old=0,LA-1758,"ຄຳແນະນຳ ກ່ຽວກັບການຕີລາຄາ, ການຂາຍ ແລະ ການມອບຊັບ ໃນການຈັດຕັ້ງປະຕິບັດຄຳຕັດສິນຂອງສານ",ກະຊວງ ຍຸຕິທຳ,2019-04-05,2021-04-01,in_force,ປັດຈຸບັນ,other,false,,https://laoofficialgazette.gov.la/kcfinder/upload/files/447ກຍ2019.pdf,,false,false,false,true,
5,Instruction,legaltype=5&old=0,LA-1749,ຄຳແນະນຳ ກ່ຽວກັບການຈັດຕັ້ງປະຕິບັດ ກົດໝາຍວ່າດ້ວຍເອກະສານ,ກະຊວງ ພາຍໃນ,2021-03-09,2021-03-22,in_force,ປັດຈຸບັນ,other,false,,https://laoofficialgazette.gov.la/kcfinder/upload/files/law_6831689610980.pdf,,false,false,false,true,
5,Instruction,legaltype=5&old=0,LA-1727,"ຄຳແນະນຳ ກ່ຽວກັບການຄຸ້ມຄອງ ການເຄື່ອນຍ້າຍໄມ້ທ່ອນ ຈາກເຂດປ່າຜະລິດ, ເຂດຫັນປ່ຽນທີ່ດິນປ່າໄມ້ ແລະ ເຂດກໍ່ສ້າງພື້ນຖານໂຄງລ່າງ ແຕ່ສະໜາມ I ຫາສະໜາມ II ແລະ ສະໜາມ III",ກະຊວງ ກະສິກຳ ແລະ ສິ່ງແວດລ້ອມ,2021-01-27,2021-02-09,in_force,ປັດຈຸບັນ,other,false,,https://laoofficialgazette.gov.la/kcfinder/upload/files/0131ກປ2021.pdf,,false,false,false,true,
5,Instruction,legaltype=5&old=0,LA-1721,ຄຳແນະນຳ ການຈັດຕັ້ງປະຕິບັດດຳລັດ ວ່າດ້ວຍຜະລິດຕະພັນອາຫານ ແລະ ອຸປະກອນ ກ່ຽວກັບອາຫານສຳລັບເດັກອ່ອນ ແລະ ເດັກນ້ອຍ,ກະຊວງ ສາທາລະນະສຸກ,2020-12-25,2021-01-13,in_force,ປັດຈຸບັນ,other,false,,https://laoofficialgazette.gov.la/kcfinder/upload/files/1540ສທ2020.pdf,,false,false,false,true,
5,Instruction,legaltype=5&old=0,LA-1718,ຄຳແນະນຳ ກ່ຽວກັບການຂຶ້ນທະບຽນປ່າປູກ ແລະ ຢັ້ງຢືນໄມ້ປູກ,ກະຊວງ ກະສິກຳ ແລະ ສິ່ງແວດລ້ອມ,2020-12-23,2021-01-05,in_force,ປັດຈຸບັນ,other,false,,https://laoofficialgazette.gov.la/kcfinder/upload/files/2429ກປ2020.pdf,,false,false,true,true,
5,Instruction,legaltype=5&old=0,LA-1712,ຄຳແນະນຳ ວ່າດ້ວຍການຈັດຕັ້ງປະຕິບັດລະບົບຜ່ານແດນພາສີອາຊຽນ,ກະຊວງ ການເງິນ,2020-11-26,2020-12-29,in_force,ປັດຈຸບັນ,other,false,,https://laoofficialgazette.gov.la/kcfinder/upload/files/3143ກງ2020.pdf,,false,false,false,true,
5,Instruction,legaltype=5&old=0,LA-1709,ຄຳແນະນຳ ວ່າດ້ວຍສະພາບໍລິຫານລັດວິສາຫະກິດ,ກະຊວງ ການເງິນ,2020-09-28,2020-12-23,in_force,ປັດຈຸບັນ,other,false,,https://laoofficialgazette.gov.la/kcfinder/upload/files/2526ກງ2020.pdf,,false,false,false,true,
5,Instruction,legaltype=5&old=0,LA-1703,ຄຳແນະນຳ ການຈັດຕັ້ງປະຕິບັດ ຂໍ້ຕົກລົງວ່າດ້ວຍ ການອະນຸຍາດດຳເນີນທຸລະກິດບໍລິການໄປສະນີ,ກະຊວງ ເຕັກໂນໂລຊີ ແລະ ການສື່ສານ,2020-12-04,2020-12-22,in_force,ປັດຈຸບັນ,other,false,,https://laoofficialgazette.gov.la/kcfinder/upload/files/2234ປທສ2020.pdf,,false,false,true,true,
5,Instruction,legaltype=5&old=0,LA-1695,ຄຳແນະນຳ ກ່ຽວກັບການຄຸ້ມຄອງ ແລະ ນຳໃຊ້ທຶນສົມທົບຂອງລັດຖະບານປະກອບເຂົ້າໃນການຈັດຕັ້ງປະຕິບັດໂຄງການຊ່ວຍເຫຼືອທາງການເພື່ອການພັດທະນາ,ກະຊວງ ການເງິນ,2020-11-27,2020-12-04,in_force,ປັດຈຸບັນ,other,false,,https://laoofficialgazette.gov.la/kcfinder/upload/files/1987ກຜທ2020.pdf,,false,false,false,true,
5,Instruction,legaltype=5&old=0,LA-1694,"ຄຳແນະນຳ ກ່ຽວກັບການປະເມີນຜົນ ສ້າງແຂວງເປັນຫົວໜ່ວຍຍຸດທະສາດ, ສ້າງເມືອງເປັນຫົວໜ່ວຍເຂັ້ມແຂງຮອບດ້ານ ແລະ ສ້າງບ້ານເປັນຫົວໜ່ວຍພັດທະນາ",ກະຊວງ ພາຍໃນ,2019-12-31,2020-11-26,in_force,ປັດຈຸບັນ,other,false,,https://laoofficialgazette.gov.la/kcfinder/upload/files/05ພນ2019.pdf,,false,false,false,true,
5,Instruction,legaltype=5&old=0,LA-1686,ຄຳແນະນຳ ກ່ຽວກັບຂັ້ນຕອນມາດຕະຖານໃນການປະຕິບັດໜ້າວຽກໂຄງການໄຟຟ້າພະລັງງານນໍ້າ,ກະຊວງ ອຸດສາຫະກຳ ແລະ ການຄ້າ,2020-10-09,2020-11-03,in_force,ປັດຈຸບັນ,other,false,,https://laoofficialgazette.gov.la/kcfinder/upload/files/ຄໍາແນະນໍາກ່ຽວກັບຂັ້ນຕອນມາດຕະຖານໃນການປະຕິບັດໜ້າວຽກໂຄງການໄຟຟ້າພະລັງງານນໍ້າ.pdf,,false,false,false,true,
5,Instruction,legaltype=5&old=0,LA-1672,ຄຳແນະນຳ ກ່ຽວກັບຂັ້ນຕອນການຂໍອະນຸຍາດລົງທຶນຊອກຄົ້ນ ແລະ ສຳຫຼວດແຮ່ທາດ,ກະຊວງ ອຸດສາຫະກຳ ແລະ ການຄ້າ,2020-06-09,2020-09-11,in_force,ປັດຈຸບັນ,other,false,,https://laoofficialgazette.gov.la/kcfinder/upload/files/0739ພບ2020.pdf,,false,false,false,true,
5,Instruction,legaltype=5&old=0,LA-1673,ຄຳແນະນຳ ກ່ຽວກັບມາດຕະຖານການລົງທຶນໃນກິດຈະການຊອກຄົ້ນ ແລະ ສຳຫຼວດແຮ່ທາດ,ກະຊວງ ອຸດສາຫະກຳ ແລະ ການຄ້າ,2020-08-17,2020-09-11,in_force,ປັດຈຸບັນ,other,false,,https://laoofficialgazette.gov.la/kcfinder/upload/files/1210ພບ2020.pdf,,false,false,false,true,
5,Instruction,legaltype=5&old=0,LA-1659,ຄຳແນະນຳ ກ່ຽວກັບການຂຶ້ນທະບຽນສະຖານທີ່ປະກອບການຜະລິດສຳລັບ ການສົ່ງອອກ ພືດ ແລະ ຜະລິດຕະພັນພືດ,ກະຊວງ ກະສິກຳ ແລະ ສິ່ງແວດລ້ອມ,2020-08-25,2020-09-03,in_force,ປັດຈຸບັນ,other,false,,https://laoofficialgazette.gov.la/kcfinder/upload/files/1753ກປ2020.pdf,,false,false,true,true,
5,Instruction,legaltype=5&old=0,LA-1658,ຄຳແນະນຳ ກ່ຽວກັບການນຳໃຊ້ສື່ສັງຄົມອອນລາຍໃຫ້ມີຄວາມປອດໄພ,ກະຊວງ ເຕັກໂນໂລຊີ ແລະ ການສື່ສານ,2020-08-26,2020-09-03,in_force,ປັດຈຸບັນ,other,false,,https://laoofficialgazette.gov.la/kcfinder/upload/files/1561ປທສ2020.pdf,,false,false,false,true,
5,Instruction,legaltype=5&old=0,LA-1653,ຄຳແນະນຳ ກ່ຽວກັບການຈັດຕັ້ງ ແລະ ການເຄື່ອນໄຫວ ຂອງສະມາຄົມປົກປ້ອງຜູ້ຊົມໃຊ້,ກະຊວງ ອຸດສາຫະກຳ ແລະ ການຄ້າ,2020-07-30,2020-08-03,in_force,ປັດຈຸບັນ,other,false,,https://laoofficialgazette.gov.la/kcfinder/upload/files/0707ອຄ2020.pdf,,false,false,false,true,
5,Instruction,legaltype=5&old=0,LA-1648,ຄຳແນະນຳ ກ່ຽວກັບການດຳເນີນກິດຈະການໂຮງງານປຸງແຕ່ງ ສິ່ງເສດເຫຼືອຢາງປລາສະຕິກ,ກະຊວງ ອຸດສາຫະກຳ ແລະ ການຄ້າ,2020-07-17,2020-07-27,in_force,ປັດຈຸບັນ,other,false,,https://laoofficialgazette.gov.la/kcfinder/upload/files/0682ອຄ2020.pdf,,false,false,false,true,
5,Instruction,legaltype=5&old=0,LA-1622,"ຄຳແນະນຳ ກ່ຽວກັບການຈັດຕັ້ງປະຕິບັດ ມາດຕາ 10, 11 ແລະ 18 ຂອງກົດໝາຍວ່າດ້ວຍການຕອບໂຕ້ ການທຸ່ມຕະຫຼາດ ແລະ ການຊ່ວຍໜູນຂອງປະເທດຜູ້ສົ່ງອອກ ສະບັບເລກ 65/ສພຊ, ລົງວັນທີ 14 ມິຖຸນາ 2019",ກະຊວງ ອຸດສາຫະກຳ ແລະ ການຄ້າ,2020-05-12,2020-05-21,in_force,ປັດຈຸບັນ,other,false,,https://laoofficialgazette.gov.la/kcfinder/upload/files/0464ອຄກ.ນຄຕ2020.pdf,,false,false,false,true,
5,Instruction,legaltype=5&old=0,LA-1601,ຄຳແນະນຳ ກ່ຽວກັບການນຳເອົານິຕິກຳຕ່າງໆ ຂອງກະຊວງພາຍໃນ ລົງໃນຈົດໝາຍເຫດທາງລັດຖະການ ຂອງລັດຖະບານ,ກະຊວງ ພາຍໃນ,2016-11-11,2020-03-03,in_force,ປັດຈຸບັນ,other,false,,https://laoofficialgazette.gov.la/kcfinder/upload/files/17ພນ2016.pdf,,false,false,false,true,
5,Instruction,legaltype=5&old=0,LA-1586,ຄຳແນະນຳ ກ່ຽວກັບການຄຸ້ມຄອງລາຍຮັບ-ລາຍຈ່າຍ ຄ່າບໍລິການທາງດ້ານວິຊາການ ແລະ ກອງທຶນຂອງລັດ,ກະຊວງ ການເງິນ,2019-01-03,2020-02-13,in_force,ປັດຈຸບັນ,other,false,,https://laoofficialgazette.gov.la/kcfinder/upload/files/0016ກງ_2019.pdf,,false,false,false,true,
5,Instruction,legaltype=5&old=0,LA-1557,"ຄຳແນະນຳ ວ່າດ້ວຍການ ສ້າງແຂວງເປັນຫົວໜ່ວຍຍຸດທະສາດ, ສ້າງເມືອງເປັນຫົວໜ່ວຍເຂັ້ມແຂງຮອບດ້ານ ແລະ ສ້າງບ້ານເປັນຫົວໜ່ວຍພັດທະນາ ດ້ານການເງິນ",ກະຊວງ ການເງິນ,2019-11-07,2019-11-19,in_force,ປັດຈຸບັນ,other,false,,https://laoofficialgazette.gov.la/kcfinder/upload/files/4488ກງ2019.pdf,,false,false,false,true,
5,Instruction,legaltype=5&old=0,LA-1537,"ຄຳແນະນຳ ກ່ຽວກັບການຈັດຕັ້ງປະຕິບັດຄຳສັ່ງ ເລກທີ 09/ນຍ, ລົງວັນທີ 02 ກໍລະກົດ 2018 ວ່າດ້ວຍການເພີ່ມທະວີການຄຸ້ມຄອງການນຳໃຊ້ເນື້ອທີ່ດິນ ເພື່ອສຳປະທານປູກໄມ້ອຸດສາຫະກຳ ແລະ ພືດຕ່າງໆ ໃນຂອບເຂດທົ່ວປະເທດ",ກະຊວງ ກະສິກຳ ແລະ ສິ່ງແວດລ້ອມ,2018-07-30,2019-09-05,in_force,ປັດຈຸບັນ,other,false,,https://laoofficialgazette.gov.la/kcfinder/upload/files/1758ກປ2019.pdf,,false,false,false,true,
5,Instruction,legaltype=5&old=0,LA-1532,"ຄຳແນະນຳ ກ່ຽວກັບ ການສ້າງ, ພັດທະນາ ແລະ ຄຸ້ມຄອງເວັບໄຊ ໃຫ້ມີຄວາມປອດໄພ",ກະຊວງ ເຕັກໂນໂລຊີ ແລະ ການສື່ສານ,2019-08-16,2019-08-27,in_force,ປັດຈຸບັນ,other,false,,https://laoofficialgazette.gov.la/kcfinder/upload/files/20882019.pdf,,false,false,false,true,
5,Instruction,legaltype=5&old=0,LA-1518,ຄຳແນະນຳ ກ່ຽວກັບການແກ້ໄຂບັນຫາຄົນຕ່າງປະເທດ ເຄື່ອນໄຫວດຳເນີນທຸລະກິດ ບໍ່ຖືກຕ້ອງຕາມລະບຽບກົດໝາຍ ຂອງ ສປປ ລາວ,ກະຊວງ ອຸດສາຫະກຳ ແລະ ການຄ້າ,2019-06-12,2019-06-18,in_force,ປັດຈຸບັນ,other,false,,https://laoofficialgazette.gov.la/kcfinder/upload/files/0651ອຄກຄພນ2019.pdf,,false,false,false,true,
5,Instruction,legaltype=5&old=0,LA-1512,ຄຳແນະນຳການຈັດຕັ້ງປະຕິບັດດຳລັດວ່າດ້ວຍແຊັກ,ທະນາຄານແຫ່ງ ສປປ ລາວ,2019-05-27,2019-06-05,in_force,ປັດຈຸບັນ,other,false,,https://laoofficialgazette.gov.la/kcfinder/upload/files/01ທຫລ2019.pdf,,false,false,false,true,
5,Instruction,legaltype=5&old=0,LA-1510,ຄຳແນະນຳ ກ່ຽວກັບການຄຸ້ມຄອງ ແລະ ນຳໃຊ້ ເງິນປະກອບສ່ວນ ເພື່ອຊ່ວຍເຫຼືອໄພພິບັດ,ກະຊວງ ການເງິນ,2019-05-21,2019-05-30,in_force,ປັດຈຸບັນ,other,false,,https://laoofficialgazette.gov.la/kcfinder/upload/files/1516ກງ2019.pdf,,false,false,false,true,
5,Instruction,legaltype=5&old=0,LA-1507,ຄຳແນະນຳ ການຈັດຕັ້ງປະຕິບັດດຳລັດ ວ່າດ້ວຍການຝຶກອົບຮົມ ແລະ ພັດທະນາພະນັກງານ-ລັດຖະກອນ,ກະຊວງ ພາຍໃນ,2019-05-02,2019-05-23,in_force,ປັດຈຸບັນ,other,false,,https://laoofficialgazette.gov.la/kcfinder/upload/files/07ພນ2019.pdf,,false,false,false,true,
5,Instruction,legaltype=5&old=0,LA-1502,ຄຳແນະນຳ ການຈັດຕັ້ງປະຕິບັດດຳລັດວ່າດ້ວຍ ການປະເມີນຜົນການປະຕິບັດວຽກງານ ຂອງພະນັກງານ-ລັດຖະກອນ,ກະຊວງ ພາຍໃນ,2018-05-02,2019-05-15,in_force,ປັດຈຸບັນ,other,false,,https://laoofficialgazette.gov.la/kcfinder/upload/files/06ພນ2019.pdf,,false,false,false,true,
5,Instruction,legaltype=5&old=0,LA-1475,ຄຳແນະນຳວ່າດ້ວຍ ການສ້າງຕັ້ງຕົວແທນຜູ້ອອກແຮງງານ ຫຼື ກຳມະບານຮາກຖານຢູ່ໃນຫົວໜ່ວຍ ວິສາຫະກິດພາກລັດ-ເອກະຊົນ ແລະ ກຸ່ມຜູ້ອອກແຮງງານນອກລະບົບ,ແຂວງ ຈຳປາສັກ,2019-02-28,2019-04-29,in_force,ປັດຈຸບັນ,other,false,,https://laoofficialgazette.gov.la/kcfinder/upload/files/01ຈຂຈສ2019.pdf,,false,false,true,true,
5,Instruction,legaltype=5&old=0,LA-1484,ຄຳແນະນຳ ກ່ຽວກັບ ການຈັດຕັ້ງປະຕິບັດລະບຽບການຄຸ້ມຄອງການຂໍອະນຸຍາດດຳເນີນທຸລະກິດໃນຂະແໜງການ ໂຍທາທິການ ແລະ ຂົນສົ່ງ,ກະຊວງ ໂຍທາທິການ ແລະ ຂົນສົ່ງ,2019-03-21,2019-04-18,in_force,ປັດຈຸບັນ,other,false,,https://laoofficialgazette.gov.la/kcfinder/upload/files/05949ຍທຂ2019.pdf,,false,false,false,true,
5,Instruction,legaltype=5&old=0,LA-1461,ຄຳແນະນຳ ຂອງປະທານສານປະຊາຊົນສູງສຸດ ວ່າດ້ວຍການພິຈາລະນາຂອງສານປະຊາຊົນ ຕໍ່ຜົນຂອງການແກ້ໄຂຂໍ້ຂັດແຍ່ງທາງດ້ານເສດຖະກິດ,ສານປະຊາຊົນສູງສຸດ,2019-02-07,2019-02-25,in_force,ປັດຈຸບັນ,other,false,,https://laoofficialgazette.gov.la/kcfinder/upload/files/62ສປສສ2019.pdf,,false,false,false,true,
5,Instruction,legaltype=5&old=0,LA-1460,ຄຳແນະນຳ ກ່ຽວກັບການຈັດຕັ້ງປະຕິບັດ ກົດໝາຍວ່າດ້ວຍ ການຈັດຊື້-ຈັດຈ້າງດ້ວຍທຶນຂອງລັດ,ກະຊວງ ການເງິນ,2019-02-13,2019-02-22,in_force,ປັດຈຸບັນ,other,false,,https://laoofficialgazette.gov.la/kcfinder/upload/files/0477ກງ2019.pdf,,false,false,false,true,
5,Instruction,legaltype=5&old=0,LA-1450,ຄຳແນະນຳ ກ່ຽວກັບການອອກອະນຸຍາດດຳເນີນທຸລະກິດ ໃນກິດຈະການອຸດສາຫະກຳ ແລະ ການຄ້າ,ກະຊວງ ອຸດສາຫະກຳ ແລະ ການຄ້າ,2019-01-18,2019-01-21,in_force,ປັດຈຸບັນ,other,false,,"https://laoofficialgazette.gov.la/kcfinder/upload/files/0045ອຄ,ກທຄວ.pdf",,false,false,false,true,
5,Instruction,legaltype=5&old=0,LA-1448,ຄຳແນະນຳວ່າດ້ວຍ ການຈັດຕັ້ງປະຕິບັດກົດໝາຍ ວ່າດ້ວຍການກວດກາລັດ (ສະບັບປັບປຸງ),ອົງການກວດກາແຫ່ງລັດ,2018-12-04,2019-01-21,in_force,ປັດຈຸບັນ,other,true,,https://laoofficialgazette.gov.la/kcfinder/upload/files/419ອກລ.pdf,,false,false,false,true,
5,Instruction,legaltype=5&old=0,LA-1445,ຄຳແນະນຳວ່າດ້ວຍ ການເກັບອາກອນຊົມໃຊ້ຈາກ ຜະລິດຕະພັນເບຍ,ກະຊວງ ການເງິນ,2018-12-28,2019-01-10,in_force,ປັດຈຸບັນ,other,false,,https://laoofficialgazette.gov.la/kcfinder/upload/files/4218ກງ.pdf,,false,false,false,true,
5,Instruction,legaltype=5&old=0,LA-1441,ຄຳແນະນຳເພີ່ມເຕີມ ກ່ຽວກັບການແຈ້ງ ແລະ ຊຳລະພາສີທີ່ດິນຜ່ານລະບົບທະນາຄານ,ກະຊວງ ການເງິນ,2018-12-04,2018-12-24,in_force,ປັດຈຸບັນ,other,false,,https://laoofficialgazette.gov.la/kcfinder/upload/files/3909ກງ.pdf,,false,false,true,true,
5,Instruction,legaltype=5&old=0,LA-1436,ຄຳແນະນຳ ກ່ຽວກັບ ການສ້າງ ລະບົບຄ້ຳປະກັນ ໄມ້ທີ່ຖືກຕ້ອງຕາມກົດໝາຍ,ກະຊວງ ກະສິກຳ ແລະ ສິ່ງແວດລ້ອມ,2018-10-12,2018-12-17,in_force,ປັດຈຸບັນ,other,false,,https://laoofficialgazette.gov.la/kcfinder/upload/files/ໄມ້ທີ່ຖືກຕ້ອງຕາມກົດໝາຍ.pdf,https://laoofficialgazette.gov.la/kcfinder/upload/files/instruction on the development.pdf,true,false,false,true,
5,Instruction,legaltype=5&old=0,LA-1431,ຄຳແນະນຳ ກ່ຽວກັບການເຜີຍແຜ່ ເຊື່ອມຊຶມ ດຳລັດເລກທີ 348/ບລ ວ່າດ້ວຍມາດຕະຖານພົ້ນທຸກ ແລະ ມາດຕະຖານພັດທະນາ,ແຂວງ ອັດຕະປື,2018-07-19,2018-11-30,in_force,ປັດຈຸບັນ,other,false,,https://laoofficialgazette.gov.la/kcfinder/upload/files/ຄຳແນະນຳເຊື່ອມຊຶມດຳລັດ348.pdf,,false,false,false,true,
5,Instruction,legaltype=5&old=0,LA-1397,ຄຳແນະນຳ ສືບຕໍ່ຜັນຂະຫຍາຍຄຳສັ່ງຂອງນາຍົກລັດຖະມົນຕີ ວ່າດ້ວຍການປັບປຸງຄຸນນະພາບການເຄື່ອນໄຫວຂອງກົງຈັກການຈັດຕັ້ງ,ແຂວງ ຈຳປາສັກ,2018-07-23,2018-10-23,in_force,ປັດຈຸບັນ,other,false,,https://laoofficialgazette.gov.la/kcfinder/upload/files/cps03.pdf,,false,false,false,true,
5,Instruction,legaltype=5&old=0,LA-1405,ຄຳແນະນຳ ຂອງເຈົ້າແຂວງ ກ່ຽວກັບການຈັດຕັ້ງປະຕິບັດຄຳສັ່ງຂອງທ່ານ ນາຍົກລັດຖະມົນຕີ ວ່າດ້ວຍການເພີ່ມທະວີຄວາມເອົາໃຈໃສ່ຕໍ່ວຽກງານທະບຽນສານ,ແຂວງ ເຊກອງ,2016-06-13,2018-10-22,in_force,ປັດຈຸບັນ,other,false,,https://laoofficialgazette.gov.la/kcfinder/upload/files/Sk08.pdf,,false,false,true,true,
5,Instruction,legaltype=5&old=0,LA-1387,ຄຳແນະນຳ ການຈັດຕັ້ງປະຕິບັດ ກົດໝາຍວ່າດ້ວຍ ການຕ້ານ ແລະ ສະກັດກັ້ນອາຊະຍາກຳທາງລະບົບຄອມພິວເຕີ,ກະຊວງ ເຕັກໂນໂລຊີ ແລະ ການສື່ສານ,2018-09-24,2018-10-03,in_force,ປັດຈຸບັນ,other,false,,https://laoofficialgazette.gov.la/kcfinder/upload/files/Instruction on Implementation of Cyber Crime Law.pdf,,false,false,true,true,
5,Instruction,legaltype=5&old=0,LA-1375,ຄຳແນະນຳ ກ່ຽວກັບການອະນຸຍາດດຳເນີນທຸລະກິດດ້ານໂທລະຄົມມະນາຄົມ,ກະຊວງ ເຕັກໂນໂລຊີ ແລະ ການສື່ສານ,2018-08-15,2018-08-31,in_force,ປັດຈຸບັນ,other,false,,https://laoofficialgazette.gov.la/kcfinder/upload/files/Instruction_on_permission_of_run_telecomminication_.pdf,,false,false,true,true,
5,Instruction,legaltype=5&old=0,LA-1366,ຄຳແນະນຳ ການຈັດຕັ້ງປະຕິບັດ ກົດໝາຍວ່າດ້ວຍ ການປົກປ້ອງຂໍ້ມູນເອເລັກໂຕຣນິກ,ກະຊວງ ເຕັກໂນໂລຊີ ແລະ ການສື່ສານ,2018-08-08,2018-08-17,in_force,ປັດຈຸບັນ,other,false,,https://laoofficialgazette.gov.la/kcfinder/upload/files/Introduction on Implementation of Data Protection Law.pdf,,false,false,true,true,
5,Instruction,legaltype=5&old=0,LA-1362,"ຄຳແນະນຳ ກ່ຽວກັບການສ້າງຕັ້ງເທດສະບານ, ນະຄອນ",ກະຊວງ ພາຍໃນ,2016-09-13,2018-08-08,in_force,ປັດຈຸບັນ,other,false,,https://laoofficialgazette.gov.la/kcfinder/upload/files/ສ້າງຕັ້ງເທດສະບານນະຄອນ.pdf,,false,false,false,true,
5,Instruction,legaltype=5&old=0,LA-1343,"ຄຳແນະນຳ ກ່ຽວກັບການຈັດຕັ້ງປະຕິບັດ ມາດຕາ 9 ຂອງ ກົດໝາຍວ່າດ້ວຍ ການປົກປ້ອງຜູ້ຜະລິດທີ່ໄດ້ຮັບຜົນກະທົບຈາກການນຳເຂົ້າສິນຄ້າ ສະບັບເລກທີ 27/ສພຊ, ລົງວັນທີ 30 ຕຸລາ 2017",ກະຊວງ ອຸດສາຫະກຳ ແລະ ການຄ້າ,2018-07-05,2018-07-10,in_force,ປັດຈຸບັນ,other,false,,https://laoofficialgazette.gov.la/kcfinder/upload/files/ຂໍ້ຕົກລົງຈັດຕັ້ງປະຕິບັດມາດຕາ9ຂອງກໝ.pdf,,false,false,false,true,
5,Instruction,legaltype=5&old=0,LA-1327,"ຄຳແນະນຳກ່ຽວກັບການຈັດຕັ້ງປະຕິບັດເນື້ອໃນບາງມາດຕາ ຂອງ ດຳລັດວ່າດ້ວຍ ທຸລະກິດນ້ຳມັນເຊື້ອໄຟ ສະບັບເລກທີ 331/ນຍ, ລົງວັນທີ 27 ຕຸລາ 2017",ກະຊວງ ອຸດສາຫະກຳ ແລະ ການຄ້າ,2018-05-02,2018-05-17,in_force,ປັດຈຸບັນ,other,false,,https://laoofficialgazette.gov.la/kcfinder/upload/files/ຄຳ​ແນະ​ນຳ ກ່ຽວ​ກັບ​ການ​ຈັດ​ຕັ້ງ​ປະ​ຕິ​ບັດ ດຳ​ລັດ​ວ່າ​ດ້ວຍ ທຸ​ລະ​ກິດ​ນໍ້າ​ມັນ​ເຊື້ອ​ໄຟ.pdf,,false,false,false,true,
5,Instruction,legaltype=5&old=0,LA-1322,ຄຳແນະນຳ ວ່າດ້ວຍການຈັດຕັ້ງປະຕິບັດວຽກງານແຂ່ງຂັ້ນ-ຍ້ອງຍໍ ຮັກຊາດ ແລະ ພັດທະນາ,ແຂວງ ຫຼວງພະບາງ,2018-03-12,2018-05-11,in_force,ປັດຈຸບັນ,other,false,,https://laoofficialgazette.gov.la/kcfinder/upload/files/ຄຳ​ແນະ​ນຳ​ວ່າ​ດ້ວຍ​ການ​ຈັດ​ຕັ້ງ​ປະ​ຕິ​ບັດ.pdf,,false,false,false,true,
5,Instruction,legaltype=5&old=0,LA-1321,ຄຳແນະນຳວ່າດ້ວຍ ການຄັດເລືອກຜົນງານໃນການຈັດຕັ້ງປະຕິບັດວຽກງານແຂ່ງຂັນຍ້ອງຍໍ ຮັກຊາດ ແລະ ພັດທະນາ,ແຂວງ ຫຼວງພະບາງ,2018-03-12,2018-05-11,in_force,ປັດຈຸບັນ,other,false,,https://laoofficialgazette.gov.la/kcfinder/upload/files/ຄຳ​ແນະ​ນຳ ວ່າ​ດ້ວຍ​ການ​ຄັດ​ເລືອກ​ຜົນ​ງານ .pdf,,false,false,true,true,
5,Instruction,legaltype=5&old=0,LA-1320,"ຄຳແນະນຳວ່າດ້ວຍ ການເປີດຂະບວນການແຂ່ງຂັນຍ້ອງຍໍ ""ຮັກຊາດ ແລະ ພັດທະນາ"" ທົ່ວແຂວງ",ແຂວງ ຫຼວງພະບາງ,2018-03-12,2018-05-11,in_force,ປັດຈຸບັນ,other,false,,https://laoofficialgazette.gov.la/kcfinder/upload/files/ຄຳ​ແນະ​​ນຳວ່າ​ດ້ວຍ​ການ​ເປີດ​ຂະ​ວນ​ການ​ແຂ່ງ​ຂັນ​ຍ້ອງ​ຍໍ.pdf,,false,false,true,true,
5,Instruction,legaltype=5&old=0,LA-1244,ຄຳແນະນຳ ກ່ຽວກັບການຮັກສາຄວາມປອດໄພທາງລະບົບຄອມພິວເຕີ,ກະຊວງ ເຕັກໂນໂລຊີ ແລະ ການສື່ສານ,2017-12-11,2017-12-27,in_force,ປັດຈຸບັນ,other,false,,https://laoofficialgazette.gov.la/kcfinder/upload/files/​ຄຳ​ແນະ​ນຳ ກ່ຽວ​ກັບ​ການ​ຮັກ​ສາ​ຄວາມ​ປອດ​ໄພ​ທາງ​ລະ​ບົບ​ຄອມ​ພິວ​ເຕີ.pdf,,false,false,true,true,
5,Instruction,legaltype=5&old=0,LA-1227,ຄຳແນະນຳ ກ່ຽວກັບການຈັດຕັ້ງປະຕິບັດ ດຳລັດວ່າດ້ວຍສະມາຄົມ,ກະຊວງ ພາຍໃນ,2017-10-11,2017-10-31,in_force,ປັດຈຸບັນ,other,false,,https://laoofficialgazette.gov.la/kcfinder/upload/files/0919578.pdf,,false,false,false,true,
5,Instruction,legaltype=5&old=0,LA-1207,ຄຳແນະນຳ ວ່າດ້ວຍການນຳໃຊ້ມາດຕະຖານສາກົນດ້ານການບັນຊີແຫ່ງລັດ ຕາມພື້ນຖານເງິນສົດ ບັນຊີຄູ່,ແຂວງ ຈຳປາສັກ,2016-09-29,2017-09-20,in_force,ປັດຈຸບັນ,other,false,,https://laoofficialgazette.gov.la/kcfinder/upload/files/ຄຳແນະນຳ019.pdf,,false,false,false,true,
5,Instruction,legaltype=5&old=0,LA-1206,ຄຳແນະນຳ ວ່າດ້ວຍການຄຸ້ມຄອງນາງສາວຈຳປາສັກ,ແຂວງ ຈຳປາສັກ,2017-06-14,2017-09-20,in_force,ປັດຈຸບັນ,other,false,,https://laoofficialgazette.gov.la/kcfinder/upload/files/ຄຳແນະນຳ ຄຸ້ມຄອງນາງສາວຈຳປາສັກ.pdf,,false,false,false,true,
5,Instruction,legaltype=5&old=0,LA-1173,ຄຳແນະນຳ ກ່ຽວກັບການຄຸ້ມຄອງ ແລະ ນຳໃຊ້ໃບເກັບເງິນສະເພາະ ທີ່ອອກດ້ວຍເຄື່ອງບັນທຶກການຂາຍສິນຄ້າ ແລະ ການບໍລິການ,ກະຊວງ ການເງິນ,2017-04-20,2017-05-22,in_force,ປັດຈຸບັນ,other,false,,https://laoofficialgazette.gov.la/kcfinder/upload/files/1178.pdf,,false,false,false,true,
5,Instruction,legaltype=5&old=0,LA-1155,"ຄຳແນະນຳ ກ່ຽວກັບການຈັດຕັ້ງປະຕິບັດຄຳສັ່ງນາຍົກລັດຖະມົນຕີ ວ່າດ້ວຍທິດທາງ, ເປົ້າໝາຍ ແລະ ມາດຕະການ ສ້າງແຂວງເປັນຫົວໜ່ວຍຍຸດທະສາດ, ສ້າງເມືອງເປັນຫົວໜ່ວຍເຂັ້ມແຂງຮອບດ້ານ, ສ້າງບ້ານເປັນຫົວໜ່ວຍພັດທະນາ",ກະຊວງ ພາຍໃນ,2017-02-14,2017-04-04,in_force,ປັດຈຸບັນ,other,false,,https://laoofficialgazette.gov.la/kcfinder/upload/files/ຄຳແນະນຳ02.pdf,,false,false,false,true,
5,Instruction,legaltype=5&old=0,LA-1126,ຄຳແນະນຳ ຊັບທີ່ບໍ່ໄດ້ພົວພັນກັບຄະດີ,ສານປະຊາຊົນສູງສຸດ,2016-09-29,2017-02-10,in_force,ປັດຈຸບັນ,other,false,,https://laoofficialgazette.gov.la/kcfinder/upload/files/1.ຊັບທີ່ບໍ່ໄດ້ພົວພັນກັບຄະດີ.pdf,,false,false,false,true,
5,Instruction,legaltype=5&old=0,LA-1125,"ຄຳແນະນຳ ການຈັດຕັ້ງປະຕິບັດກົດໝາຍວ່າດ້ວຍການປັບປຸງ ມາດຕາ 146 ຂອງກົດໝາຍອາຍາ ແລະ ມາດຕາ 75, 76 ຂອງກົດໝາຍວ່າດ້ວຍ ຢາເສບຕິດ",ສານປະຊາຊົນສູງສຸດ,2016-09-29,2017-02-10,in_force,ປັດຈຸບັນ,other,false,,https://laoofficialgazette.gov.la/kcfinder/upload/files/9.ການຈັດຕັ້ງປະຕິບັດກົດໝາຍວ່າດ້ວຍການປັບປຸງ ມາດຕາ 146 ຂອງກົດໝາຍອາຍາ ແລະ ສານທະຫານ.pdf,,false,false,false,true,
5,Instruction,legaltype=5&old=0,LA-1124,ຄຳແນະນຳ ການສົ່ງສຳນວນຄະດີອາຍາໄປອົງການໄອຍະການປະຊາຊົນ,ສານປະຊາຊົນສູງສຸດ,2016-09-29,2017-02-10,in_force,ປັດຈຸບັນ,other,false,,https://laoofficialgazette.gov.la/kcfinder/upload/files/08ສປຊຊ.pdf,,false,false,false,true,
5,Instruction,legaltype=5&old=0,LA-1130,ຄຳແນະນຳ ການກວດຄົ້ນກ່ອນເຂົ້າຫ້ອງປະຊຸມສານ,ສານປະຊາຊົນສູງສຸດ,2014-01-29,2017-02-10,in_force,ປັດຈຸບັນ,other,false,,"https://laoofficialgazette.gov.la/kcfinder/upload/files/5,ການກວດຄົ້ນກ່ອນເຂົ້າຫ້ອງປະຊຸມສານ.pdf",,false,false,false,true,
5,Instruction,legaltype=5&old=0,LA-1127,"ຄຳແນະນຳ ການນັບກຳນົດເວລາ ຂໍອຸທອນ, ຂໍລົບລ້າງ ຫຼື ການສະເໜີຄັດຄ້ານ",ສານປະຊາຊົນສູງສຸດ,2016-09-29,2017-02-10,in_force,ປັດຈຸບັນ,other,false,,"https://laoofficialgazette.gov.la/kcfinder/upload/files/2. ການກຳນົດເວລາ ຂໍອຸທອນ, ຂໍລົບລ້າງ ຫຼື ການສະເໜີຄັດຄ້ານ.pdf",,false,false,false,true,
5,Instruction,legaltype=5&old=0,LA-1128,ຄຳແນະນຳ ການພິຈາລະນາຫຼັກຊັບຄ້ຳປະກັນໃນການກູ້ຢືມເງິນ,ສານປະຊາຊົນສູງສຸດ,2016-06-29,2017-02-10,in_force,ປັດຈຸບັນ,other,false,,"https://laoofficialgazette.gov.la/kcfinder/upload/files/3, ການພິຈາລະນາຫຼັກຊັບຄ້ຳປະກັນໃນການກູ້ຢືມເງິນ.pdf",,false,false,true,true,
5,Instruction,legaltype=5&old=0,LA-1129,ຄຳແນະນຳ ຫຼັກຊັບປະກັນໃນການປ່ອຍຕົວພາງ,ສານປະຊາຊົນສູງສຸດ,2014-01-29,2017-02-10,in_force,ປັດຈຸບັນ,other,false,,https://laoofficialgazette.gov.la/kcfinder/upload/files/4. ຫຼັກຊັບຄຳປະກັນໃນການປ່ອຍຕົວພາງ.pdf,,false,false,true,true,
5,Instruction,legaltype=5&old=0,LA-1133,ຄຳແນະນຳ ການເກັບອາກອນຂອງລັດ ກ່ຽວກັບການພິຈາລະນາຄຳຮ້ອງຂໍທາງແພ່ງ,ສານປະຊາຊົນສູງສຸດ,2013-06-06,2017-02-10,in_force,ປັດຈຸບັນ,other,false,,https://laoofficialgazette.gov.la/kcfinder/upload/files/8.ການເກັບອາກອນຂອງລັດ ກ່ຽວກັບການພິຈາລະນາຄຳຮ້ອງຂໍທາງແພ່ງ.pdf,,false,false,false,true,
5,Instruction,legaltype=5&old=0,LA-1132,ຄຳແນະນຳ ລະບຽບໃນທີ່ປະຊຸມສານ ເວລາອ່ານຄຳຕັດສີນ ຫຼື ຄຳພິພາກສາ,ສານປະຊາຊົນສູງສຸດ,2013-06-06,2017-02-10,in_force,ປັດຈຸບັນ,other,false,,https://laoofficialgazette.gov.la/kcfinder/upload/files/7. ລະບຽບໃນທີ່ປະຊຸມສານ ເວລາອ່ານຄຳຕັດສິນ ຫຼື ຄຳພິພາກສາ.pdf,,false,false,false,true,
5,Instruction,legaltype=5&old=0,LA-1131,ຄຳແນະນຳ ການແຈ້ງສິດໃນການຂໍອຸທອນ ແລະ ຂໍລົບລ້າງ ໃຫ້ແກ່ຄູ່ຄວາມ,ສານປະຊາຊົນສູງສຸດ,2014-01-29,2017-02-10,in_force,ປັດຈຸບັນ,other,false,,https://laoofficialgazette.gov.la/kcfinder/upload/files/6. ການແຈ້ງສິດໃນການຂໍອຸທອນ ແລະ ຂໍລົບລ້າງ ໃຫ້ແກ່ຄູ່ຄວາມ.pdf,,false,false,false,true,
5,Instruction,legaltype=5&old=0,LA-1121,ຄຳແນະນຳ ກ່ຽວກັບການຈັດຕັ້ງປະຕິບັດວຽກງານສຸຂານາໄມ ແລະ ສຸຂານາໄມພືດ ພາຍໃຕ້ສັນຍາການຄ້າຊາຍແດນ ລະຫວ່າງ ລັດຖະບານ ແຫ່ງ ສປປ ລາວ ແລະ ລັດຖະບານ ແຫ່ງ ສສ ຫວຽດນາມ,ກະຊວງ ກະສິກຳ ແລະ ສິ່ງແວດລ້ອມ,2017-02-01,2017-02-06,in_force,ປັດຈຸບັນ,other,false,,https://laoofficialgazette.gov.la/kcfinder/upload/files/ຄຳແນະນຳ ວຽກງານສຸຂານາໄມ.pdf,,false,false,false,true,
5,Instruction,legaltype=5&old=0,LA-1114,ຄຳແນະນຳ ກ່ຽວກັບການຈັດຕັ້ງປະຕິບັດກົດໝາຍວ່າດ້ວຍ ອາກອນມູນຄ່າເພີ່ມ,ກະຊວງ ການເງິນ,2017-01-11,2017-01-25,in_force,ປັດຈຸບັນ,other,false,,https://laoofficialgazette.gov.la/kcfinder/upload/files/ຄຳແນະນຳ ກ່ຽວກັບການຈັດຕັ້ງປະຕິບັດກົດໝາຍ ອາກອນມູນຄ່າເພີ່ມ.pdf,,false,false,false,true,
5,Instruction,legaltype=5&old=0,LA-1107,"ຄຳແນະນຳ ວ່າດ້ວຍໃຫ້ເອົາໃຈໃສ່ໂຄສະນາເຜີຍແຜ່, ສຶກສາອົບຮົມສ້າງສະຕິເຄົາລົບກົດໝາຍ ແລະ ນິຕິກຳຕ່າງໆ",ແຂວງ ອັດຕະປື,2016-09-15,2017-01-17,in_force,ປັດຈຸບັນ,other,false,,"https://laoofficialgazette.gov.la/kcfinder/upload/files/ຄຳແນະນຳ ວ່າດ້ວຍໃຫ້ເອົາໃຈໃສ່ໂຄສະນາເຜີຍແຜ່, ສຶກສາອົບຮົມສ້າງສະຕິເຄົາລົບກົດໝາຍpdf.pdf",,false,false,false,true,
5,Instruction,legaltype=5&old=0,LA-1104,ຄຳແນະນຳ ການຈັດຕັ້ງປະຕິບັດ ດຳລັດວ່າດ້ວຍການຄຸ້ມຄອງ ແລະ ປົກປ້ອງ ການເຄື່ອນໄຫວສາສະໜາ ຢູ່ ສປປ ລາວ,ກະຊວງ ພາຍໃນ,2016-11-09,2016-12-27,in_force,ປັດຈຸບັນ,other,false,,https://laoofficialgazette.gov.la/kcfinder/upload/files/16.pdf,,false,false,false,true,
5,Instruction,legaltype=5&old=0,LA-1101,ຄຳແນະນຳ ວ່າດ້ວຍການຄຸ້ມຄອງການຄ່ຽນຖ່າຍສິນຄ້າຢູ່ດ່ານສາກົນພາຍໃນແຂວງຄຳມ່ວນ,ແຂວງ ຄຳມ່ວນ,2015-12-17,2016-12-16,in_force,ປັດຈຸບັນ,other,false,,https://laoofficialgazette.gov.la/kcfinder/upload/files/07.pdf,https://laoofficialgazette.gov.la/kcfinder/upload/files/scan07.pdf,true,false,false,true,
5,Instruction,legaltype=5&old=0,LA-1098,ຄຳແນະນຳ ວ່າດ້ວຍການເກັບກຳ ແລະ ສຳຫຼວດ ຖານລາຍຮັບງົບປະມານຄືນໃໝ່ໃນຂອບເຂດທົ່ວປະເທດ,ກະຊວງ ການເງິນ,2016-11-22,2016-12-12,in_force,ປັດຈຸບັນ,other,false,,https://laoofficialgazette.gov.la/kcfinder/upload/files/3905.pdf,,false,false,false,true,
5,Instruction,legaltype=5&old=0,LA-1051,"ຄຳແນະນຳ ກ່ຽວກັບການຈັດຕັ້ງຜັນຂະຫຍາຍ ຄຳສັ່ງ ສະບັບເລກທີ 28/ນຍ, ລົງວັນທີ 16 ສິງຫາ 2016 ວ່າດ້ວຍການເພີ່ມທະວີຄວາມຮັບຜິດຊອບຕໍ່ການປ້ອງກັນ ແລະ ກຳຈັດຕັກແຕນຝູງໄມ້ປ່ອງ ຢູ່ແຂວງພາກເໜືອ, ສປປ ລາວ",ກະຊວງ ກະສິກຳ ແລະ ສິ່ງແວດລ້ອມ,2016-10-04,2016-10-07,in_force,ປັດຈຸບັນ,other,false,,https://laoofficialgazette.gov.la/kcfinder/upload/files/3349.pdf,,false,false,false,true,
5,Instruction,legaltype=5&old=0,LA-1041,"ຄຳແນະນຳ ກ່ຽວກັບການຈັດຕັ້ງປະຕິບັດຄຳສັ່ງຂອງນາຍົກລັດຖະມົນຕີ ສະບັບເລກທີ 56/ນຍ ວ່າດ້ວຍການຄຸ້ມຄອງ ແລະ ແກ້ໄຂວຽກງານ ເຂດແດນເຊື່ອຕໍ່ລະຫວ່າງນະຄອນຫຼວງ, ແຂວງ ກັບ ແຂວງ ທົ່ວປະເທດ",ກະຊວງ ພາຍໃນ,2016-02-11,2016-09-13,in_force,ປັດຈຸບັນ,other,false,,https://laoofficialgazette.gov.la/kcfinder/upload/files/ຄໍາແນະນໍາ ວຽກເຂດແດນເຊື່ອມຕໍ່ລະຫວ່າງແຂວງ.pdf,,false,false,false,true,
5,Instruction,legaltype=5&old=0,LA-986,ຄຳແນະນຳ ວ່າດ້ວຍການອຳນວຍຄວາມສະດວກໃນການຂຶ້ນທະບຽນ ແລະ ອອກບັດອະນຸຍາດເຄື່ອນໄຫວຊົ່ວຄາວໃຫ້ຄົນຕ່າງປະເທດ,ແຂວງ ສາລະວັນ,2015-12-31,2016-07-08,in_force,ປັດຈຸບັນ,other,false,,"https://laoofficialgazette.gov.la/kcfinder/upload/files/ຄຳແນະນຳ ຫົວໜ້າພະແນກ, ອົງການທຽບເທົ່າຂັ້ນແຂວງ.pdf",,false,false,true,true,
5,Instruction,legaltype=5&old=0,LA-983,ຄຳແນະນຳ ກ່ຽວກັບການຈັດຕັ້ງປະຕິບັດຄຳສັ່ງ ເລກທີ 15/ນຍ ວ່າດ້ວຍ ການເພີ່ມທະວີຄວາມເຂັ້ມງວດໃນການຄຸ້ມຄອງ ແລະ ກວດກາການຂຸດຄົ້ນໄມ້ ເຄື່ອນຍ້າຍໄມ້ ແລະ ທຸລະກິດໄມ້,ແຂວງ ອັດຕະປື,2016-06-22,2016-07-08,in_force,ປັດຈຸບັນ,other,false,,https://laoofficialgazette.gov.la/kcfinder/upload/files/ຄຳແນະນຳ ກ່ຽວກັບການຈັດຕັ້ງປະຕິບັດ ຄຳສັ່ງ ເລກທີ 15 ນຍ.pdf,,false,false,false,true,
5,Instruction,legaltype=5&old=0,LA-951,ຄຳແນະນຳການຈັດຕັ້ງປະຕິບັດ ດຳລັດວ່າດ້ວຍສະຖາບັນການເງິນຈຸລະພາກ,ທະນາຄານແຫ່ງ ສປປ ລາວ,2016-04-19,2016-05-30,in_force,ປັດຈຸບັນ,other,false,,https://laoofficialgazette.gov.la/kcfinder/upload/files/ຄຳແນະນຳ ດຳລັດສະຖາບັນການເງິນຈຸລະພາກ.pdf,,false,false,true,true,
5,Instruction,legaltype=5&old=0,LA-930,ຄຳແນະນຳ ວ່າດ້ວຍການອຳນວຍຄວາມສະດວກ ແລະ ໃຫ້ການຮ່ວມມື ໃນການຂຶ້ນທະບຽນ ແລະ ອອກບັດອະນຸຍາດເຄື່ອນໄຫວຊົ່ວຄາວໃຫ້ຄົນຕ່າງປະເທດ,ແຂວງ ໄຊຍະບູລີ,2016-01-04,2016-05-12,in_force,ປັດຈຸບັນ,other,false,,https://laoofficialgazette.gov.la/kcfinder/upload/files/ຄຳແນະນຳ ວ່າດ້ວຍການອຳນວຍຄວາມສະດວກ.pdf,,false,false,true,true,
5,Instruction,legaltype=5&old=0,LA-927,ຄຳແນະນຳ ກ່ຽວກັບການຈັດຕັ້ງປະຕິບັດດຳລັດວ່າດ້ວຍ ເອກະສານທາງການ,ກະຊວງ ພາຍໃນ,2016-04-05,2016-05-11,in_force,ປັດຈຸບັນ,other,false,,https://laoofficialgazette.gov.la/kcfinder/upload/files/ຄຳແນະນຳ ວ່າດ້ວຍເອກະສານທາງການ.pdf,,false,false,false,true,
5,Instruction,legaltype=5&old=0,LA-915,ຄຳແນະນຳວ່າດ້ວຍ ການຈັດຕັ້ງປະຕິບັດ ກົດໝາຍວ່າດ້ວຍ ການບັນຊີ,ກະຊວງ ການເງິນ,2016-02-26,2016-04-07,in_force,ປັດຈຸບັນ,other,false,,"https://laoofficialgazette.gov.la/kcfinder/upload/files/4, ຄຳແນະນຳ ວ່າດດ້ວຍການຈັດຕັ້ງປະຕິບັດກົດໝາຍວ່າດ້ວຍ ການບັນຊີ.pdf",,false,false,false,true,
5,Instruction,legaltype=5&old=0,LA-907,ຄຳແນະນຳ ກ່ຽວກັບການຈັດຕັ້ງປະຕິບັດ ດຳລັດວ່າດ້ວຍ ມູນນິທິ,ກະຊວງ ພາຍໃນ,2012-04-27,2016-03-28,in_force,ປັດຈຸບັນ,other,false,,https://laoofficialgazette.gov.la/kcfinder/upload/files/ຄຳແນະນຳ ກ່ຽວກັບການຈັດຕັ້ງປະຕິບັດ ດຳລັດວ່າດ້ວຍມູນນິທິ.pdf,,false,false,false,true,
5,Instruction,legaltype=5&old=0,LA-910,ຄຳແນະນຳ ກ່ຽວກັບການຈັດຕັ້ງປະຕິບັດ ດຳລັດວ່າດ້ວຍ ສະມາຄົມ,ກະຊວງ ພາຍໃນ,2009-12-08,2016-03-28,in_force,ປັດຈຸບັນ,other,false,,https://laoofficialgazette.gov.la/kcfinder/upload/files/ຄຳແນະນຳ ກ່ຽວກັບການຈັດຕັ້ງປະຕິບັດ ດຳລັດວ່າດ້ວຍສະມາຄົມ.pdf,,false,false,false,true,
5,Instruction,legaltype=5&old=0,LA-870,ຄຳແນະນຳ ວ່າດ້ວຍການຈັດຕັ້ງປະຕິບັດ ກົດໝາຍວ່າດ້ວຍ ຊັບສິນຂອງລັດ,ກະຊວງ ການເງິນ,2015-03-19,2015-12-04,in_force,ປັດຈຸບັນ,other,false,,https://laoofficialgazette.gov.la/kcfinder/upload/files/ຄຳແນະນຳ ວ່າດ້ວຍການຈັດຕັ້ງປະຕິບັດ ກົດໝາຍວ່າດ້ວຍຊັບສິນຂອງລັດ.pdf,,false,false,false,true,
5,Instruction,legaltype=5&old=0,LA-845,ຄຳແນະນຳກ່ຽວກັບ ການຈັດຕັ້ງປະຕິບັດ ກົດໝາຍວ່າດ້ວຍ ການປະກັນສັງຄົມ (ສະບັບປັບປຸງ),ກະຊວງ ແຮງງານ ແລະ ສະຫວັດດີການສັງຄົມ,2015-07-24,2015-09-25,in_force,ປັດຈຸບັນ,other,true,,https://laoofficialgazette.gov.la/kcfinder/upload/files/ຄຳແນະນຳ ກ່ຽວກັບການຈັດຕັ້ງປະຕິບັດ ກົດໝາຍວ່າດ້ວຍການປະກັນສັງຄົມ(ສະບັບປັບປຸງ).pdf,,false,false,false,true,
5,Instruction,legaltype=5&old=0,LA-830,ຄຳແນະນຳ ວ່າດ້ວຍການຢັ້ງຢືນຄວາມຖືກຕ້ອງ ຂອງບັນດາເອກະສານ ແລະ ນິຕິກຳຕ່າງໆ ທີ່ຕ້ອງຜ່ານ ຫ້ອງການທະບຽນສານ,ແຂວງ ຫຼວງນໍ້າທາ,2015-07-06,2015-08-05,in_force,ປັດຈຸບັນ,other,false,,https://laoofficialgazette.gov.la/kcfinder/upload/files/ຄຳແນະນຳ ວ່າດ້ວຍການຢັ້ງຢືນຄວາມຖືກຕ້ອງຂອງບັນດາເອກະສານ ແລະ ນິຕິກຳຕ່າງໆ.pdf,,false,false,true,true,
5,Instruction,legaltype=5&old=0,LA-816,ຄຳແນະນຳ ກ່ຽວກັບການຈັດຕັ້ງປະຕິບັດ ນຳພາປະຊາຊົນໃຫ້ມີສ່ວນຮ່ວມ ໃນການປົກປັກຮັກສາ ເສັ້ນທາງຫຼວງທ້ອງຖິ່ນ,ແຂວງ ເຊກອງ,2015-02-27,2015-06-19,in_force,ປັດຈຸບັນ,other,false,,"https://laoofficialgazette.gov.la/kcfinder/upload/files/1, ຄຳແນະນຳການຈັດຕັ້ງປະຕິບັດນຳພາປະຊາຊົນໃນການປົກປັກຮັກສາເສັ້ນທາງຫຼວງທ້ອງຖິ່ນ.pdf",,false,false,false,true,
5,Instruction,legaltype=5&old=0,LA-812,ຄຳແນະນຳ ວ່າດ້ວຍ ການສົ່ງອອກຜະລິດຕະພັນໄມ້ສຳເລັດຮູບ ທີ່ຊື້ຢູ່ງານວາງສະແດງ,ກະຊວງ ອຸດສາຫະກຳ ແລະ ການຄ້າ,2015-05-25,2015-05-27,in_force,ປັດຈຸບັນ,other,false,,https://laoofficialgazette.gov.la/kcfinder/upload/files/ຄຳແນະນຳການສົ່ງອອກຜະລິດຕະພັນໄມ້ສຳເລັດຮູບ ທີ່ຊື້ຢູ່ງານວາງສະແດງ.pdf,,false,false,false,true,
5,Instruction,legaltype=5&old=0,LA-768,"ຄຳແນະນຳຂອງລັດຖະມົນຕີວ່າການກະຊວງການເງິນ ວ່າດ້ວຍການຫັນວຽກງານພາສີ, ສ່ວຍສາອາກອນ ແລະ ຄັງເງິນແຫ່ງຊາດ ໄປສູ່ການຄຸ້ມຄອງລວມສູນຕາມສາຍຕັ້ງ",ກະຊວງ ການເງິນ,2007-09-07,2015-03-04,in_force,ປັດຈຸບັນ,other,false,,"https://laoofficialgazette.gov.la/kcfinder/upload/files/ຄຳແນະນຳວ່າດ້ວຍການຫັນວຽກງານພາສີ, ສ່ວຍສາອາກອນ ແລະ ຄັງເງິນແຫ່ງຊາດ .pdf",,false,false,false,true,
5,Instruction,legaltype=5&old=0,LA-748,"ຄຳແນະນຳ ກ່ຽວກັບການກວດກາ ເອກະສານຢັ້ງຢືນການສຶກສາ, ປະກາສະນິຍະບັດ ແລະ ວຸດທິການສຶກສາ ໃນຂອບເຂດທົ່ວປະເທດ",ກະຊວງ ສຶກສາທິການ ແລະ ກິລາ,2014-05-16,2015-01-09,in_force,ປັດຈຸບັນ,other,false,,"https://laoofficialgazette.gov.la/kcfinder/upload/files/ຄຳແນະນຳ ກ່ຽວກັບການກວດກາເອກະສານຢັ້ງຢືນການສຶກສາ, ປະກາສະນິຍະບັດ.pdf",,false,false,false,true,
5,Instruction,legaltype=5&old=0,LA-736,ຄຳແນະນຳ ການຈັດຕັ້ງປະຕິບັດດຳລັດ 343/ນຍ ວ່າດ້ວຍການປະຕິບັດ ນະໂບບາຍຕໍ່ຜູ່ມີຜົນງານ ແລະ ຄຸນງາມຄວາມດີ ໃນພາລະກິດ ຮັບໃຊ້ການປະຕິວັດຊາດ ປະຊາທິປະໄຕ,ກະຊວງ ແຮງງານ ແລະ ສະຫວັດດີການສັງຄົມ,2008-08-08,2014-12-26,in_force,ປັດຈຸບັນ,other,false,,https://laoofficialgazette.gov.la/kcfinder/upload/files/12.pdf,,false,false,false,true,
5,Instruction,legaltype=5&old=0,LA-725,ຄຳແນະນຳວ່າດ້ວຍ ການຮັບຮອງບົດລາຍງານ ການສຶກສາຄວາມເປັນໄປໄດ້ ທາງດ້ານເສດຖະກິດ ເຕັກນິກຂັ້ນລະອຽດກ່ຽວກັບ ໂຄງການຂຸດຄົ້ນແຮ່ທາດຕ່າງໆ,ກະຊວງ ອຸດສາຫະກຳ ແລະ ການຄ້າ,2014-07-16,2014-12-08,in_force,ປັດຈຸບັນ,other,false,,https://laoofficialgazette.gov.la/kcfinder/upload/files/1. ຄຳແນະນຳວ່າດ້ວຍ ການຮັບຮອງບົດລາຍງານການສຶກສາຄວາມເປັນໄປໄດ້ ທາງດ້ານເສດຖະກິດ.pdf,https://laoofficialgazette.gov.la/kcfinder/upload/files/Order on Approval of Detailed Feasibility Studies on Mining Projects.pdf,true,false,false,true,
5,Instruction,legaltype=5&old=0,LA-721,ຄຳແນະນຳເພີ່ມເຕີມກ່ຽວກັບ ການຖອນເງິນສົດ ເງິນຕາຕ່າງປະເທດ,ທະນາຄານແຫ່ງ ສປປ ລາວ,2007-11-30,2014-12-03,in_force,ປັດຈຸບັນ,other,false,,https://laoofficialgazette.gov.la/kcfinder/upload/files/ຄຳແນະນຳເພີ່ມເຕີມ ກ່ຽວກັບການຖອນເງິນສົດ ເງິນຕາຕ່າງປະເທດ.pdf,,false,false,true,true,
5,Instruction,legaltype=5&old=0,LA-674,ຄຳແນະນຳ ກ່ຽວກັບການຈັດຕັ້ງປະຕິບັດກົດໝາຍວ່າດ້ວຍການປະກັນສັງຄົມ,ກະຊວງ ແຮງງານ ແລະ ສະຫວັດດີການສັງຄົມ,2014-07-02,2014-11-03,in_force,ປັດຈຸບັນ,other,false,,https://laoofficialgazette.gov.la/kcfinder/upload/files/​ຄຳ​ແນະ​ນຳ​ກ່ຽວ​ກັບ​ການ​ຈັດ​ຕັ້ງ​ປະ​ຕິ​ບັດ​ກົດ​ໝາຍ​ວ່າ​ດ້ວຍ​ການ​ປະ​ກັນ​ສັງ​ຄົມ..pdf,,false,false,false,true,
5,Instruction,legaltype=5&old=0,LA-663,ຄຳແນະນຳຂອງລັດຖະມົນຕີ ກ່ຽວກັບການຊຸກຍູ້ ການບົວລະບັດເຂົ້ານາປີ ແລະ ການກະກຽມການຜະລິດລະດູແລ້ງ,ກະຊວງ ກະສິກຳ ແລະ ສິ່ງແວດລ້ອມ,2010-10-05,2014-10-07,in_force,ປັດຈຸບັນ,other,false,,https://laoofficialgazette.gov.la/kcfinder/upload/files/8. ຄຳ​ແນະ​ນຳ​ຊຸກ​ຍູ້​ການ​ບົວ​ລະ​ບັດ​ເຂົ້າ​ນາ​ປີ ແລະ ການ​ກະ​ກຽມ​ການ​ຜະ​ລິດ​ລະ​ດູ​ແລ້ງ.pdf,,false,false,false,true,
5,Instruction,legaltype=5&old=0,LA-664,ຄຳແນະນຳຂອງລັດຖະມົນຕີ ກ່ຽວກັັບການຂະຫຍາຍກະເສດສຸມ ເຮັດນາປູກເຂົ້າດ້ວຍການນຳໃຊ້ ກ້າກີບດຽວຢ່າງກ້ວາງຂວາງ,ກະຊວງ ກະສິກຳ ແລະ ສິ່ງແວດລ້ອມ,2010-05-06,2014-10-07,in_force,ປັດຈຸບັນ,other,false,,https://laoofficialgazette.gov.la/kcfinder/upload/files/9.ຄຳ​ແນະ​ນຳ ເຮັດ​ນາ​ປູກ​ເຂົ້າ​ດ້ວຍ​ການ​ນຳ​ໃຊ້​ກ້າ​ກີບ​ດຽວ​ຢ່າງ​ກ້ວງ​ຂວາງ.pdf,,false,false,false,true,
5,Instruction,legaltype=5&old=0,LA-649,ຄຳແນະນຳ ຂອງລັດຖະມົນວ່າການ ຕີກະຊວງອຸດສາຫະກຳ ແລະ ການຄ້າ ກ່ຽວກັບການແຈ້ງຂຶ້ນທະບຽນວິສາຫະກິດ,ກະຊວງ ອຸດສາຫະກຳ ແລະ ການຄ້າ,2008-06-19,2014-09-26,in_force,ປັດຈຸບັນ,other,false,,"https://laoofficialgazette.gov.la/kcfinder/upload/files/18,ຄຳແນະນຳຂອງລັດຖະມົນຕີວ່າການກະຊວງອຸດສາຫະກຳ .pdf",,false,false,true,true,
5,Instruction,legaltype=5&old=0,LA-648,ຄຳແນະນຳເພີ່ມເຕີມ ຂອງລັດຖະມົນຕີວ່າການ ກະຊວງອຸດສາຫະກຳ ແລະ ການຄ້າ ກ່ຽວກັບການແຈ້ງຂຶ້ນແລະ ດັດແກ້ທະບຽນວິສາຫະກິດ ຕາມກົດໝາຍວ່າດ້ວຍວິສາຫະກິດ,ກະຊວງ ອຸດສາຫະກຳ ແລະ ການຄ້າ,2008-06-25,2014-09-26,in_force,ປັດຈຸບັນ,other,false,,"https://laoofficialgazette.gov.la/kcfinder/upload/files/17,ຄຳແນະນຳຂອງລັດຖະມົນຕີກະຊວງອຸດສາຫະກຳ ແລະ .pdf",,false,false,true,true,
5,Instruction,legaltype=5&old=0,LA-457,ຄຳແນະນຳ ຂະບວນການປະເມີນຜົນກະທົບຕໍ່ສິ່ງແວດສັງຄົມ ແລະ ທຳມະຊາດ ຈາກໂຄງການລົງທຶນ ແລະ ກິດຈະການຕ່າງໆ,ກະຊວງ ກະສິກຳ ແລະ ສິ່ງແວດລ້ອມ,2013-12-17,2013-12-30,in_force,ປັດຈຸບັນ,other,false,,https://laoofficialgazette.gov.la/kcfinder/upload/files/Ministerial instruction on Environment and Social impact Assessment of the invesment projects and activities.pdf,,false,false,false,true,
5,Instruction,legaltype=5&old=0,LA-456,ຄຳແນະນຳ ຂະບວນການສຶກສາເບື້ອງຕົ້ນ ກ່ຽວກັບ ຜົນກະທົບຕໍ່ສິ່ງແວດລ້ອມ ຈາກໂຄງການລົງທຶນ ແລະ ກິດຈະການຕ່າງໆ,ກະຊວງ ກະສິກຳ ແລະ ສິ່ງແວດລ້ອມ,2013-12-17,2013-12-30,in_force,ປັດຈຸບັນ,other,false,,https://laoofficialgazette.gov.la/kcfinder/upload/files/Ministerial instruction on initial Environment examination of theinvesment projects.pdf,,false,false,false,true,
5,Instruction,legaltype=5&old=1,LA-2339,"ຄຳແນະນຳກ່ຽວກັບ ການຕິດຕາມ, ກວດກາ ການເຄື່ອນໄຫວວຽກງານຂອງຂະແໜງການກະສິກຳ ແລະ ປ່າໄມ້",ກະຊວງ ກະສິກຳ ແລະ ສິ່ງແວດລ້ອມ,2025-02-13,2025-02-26,repealed,ສະບັບເກົ່າ,other,false,,https://laoofficialgazette.gov.la/kcfinder/upload/files/0942.pdf,,false,false,false,true,
5,Instruction,legaltype=5&old=1,LA-1590,ຄຳແນະນຳ ກ່ຽວກັບການຢັ້ງຢືນແຫຼ່ງກຳເນີດສິນຄ້າທີ່ໄດ້ຮັບສິດທິພິເສດ,ກະຊວງ ອຸດສາຫະກຳ ແລະ ການຄ້າ,2020-01-31,2020-02-20,repealed,ສະບັບເກົ່າ,other,false,,https://laoofficialgazette.gov.la/kcfinder/upload/files/0118ອຄ2020.pdf,,false,false,false,true,
5,Instruction,legaltype=5&old=1,LA-1542,ຄຳແນະນຳ ກ່ຽວກັບການຈັດຕັ້ງປະຕິບັດກົດໝາຍວ່າດ້ວຍການລົງທຶນຂອງລັດ,ກະຊວງ ການເງິນ,2019-09-19,2019-10-02,repealed,ສະບັບເກົ່າ,other,false,,https://laoofficialgazette.gov.la/kcfinder/upload/files/2129ກຜທ2019.pdf,,false,false,false,true,
5,Instruction,legaltype=5&old=1,LA-1452,ຄຳແນະນຳ ກ່ຽວກັບການຈັດຕັ້ງປະຕິບັດ ກົດໝາຍ ວ່າດ້ວຍທະບຽນຄອບຄົວ ທີ່ຢູ່ໃນຄວາມຮັບຜິດຊອບຂອງຂະແໜງການພາຍໃນ,ກະຊວງ ພາຍໃນ,2019-01-08,2019-01-31,repealed,ສະບັບເກົ່າ,other,false,,https://laoofficialgazette.gov.la/kcfinder/upload/files/20ພນ.pdf,,false,false,true,true,
5,Instruction,legaltype=5&old=1,LA-1361,"ຄຳແນະນຳ ກ່ຽວກັບການສ້າງຕັ້ງ, ຍຸບເລີກ, ໂຮມເຂົ້າ, ແຍກອອກ ແລະ ປ່ຽນຊື່ບ້ານ",ກະຊວງ ພາຍໃນ,2016-08-24,2018-08-08,repealed,ສະບັບເກົ່າ,other,false,,https://laoofficialgazette.gov.la/kcfinder/upload/files/ສ້າງຕັ້ງ_ຍຸບເລີກໂຮມເຂົ້າແຍກອອກປ່ຽນຊື່ບ້ານ.pdf,,false,false,false,true,
5,Instruction,legaltype=5&old=1,LA-1360,ຄຳແນະນຳ ກ່ຽວກັບການສ້າງກົດລະບຽບບ້ານ,ກະຊວງ ພາຍໃນ,2016-08-24,2018-08-08,repealed,ສະບັບເກົ່າ,other,false,,https://laoofficialgazette.gov.la/kcfinder/upload/files/ສ້າງກົດລະບຽບບ້ານ.pdf,,false,false,false,true,
5,Instruction,legaltype=5&old=1,LA-1316,"ຄຳແນະນຳ ການຂຶ້ນທະບຽນສ້າງຕັ້ງວິສາຫະກິດ (ສ່ວນບຸກຄົນ ຫຼື ນິຕິບຸກຄົນ) ຕິດພັນກັບການຂໍອະນຸຍາດລົງທຶນ ຫຼື ຂໍອະນຸຍາດດຳເນີນທຸລະກິດ ຕາມຄຳສັ່ງຂອງນາຍົກ, ເລກທີ 02/ນຍ, ລົງວັນທີ 1 ກຸມພາ 2018",ກະຊວງ ອຸດສາຫະກຳ ແລະ ການຄ້າ,2018-05-04,2018-05-09,repealed,ສະບັບເກົ່າ,other,false,,https://laoofficialgazette.gov.la/kcfinder/upload/files/ຄຳ​ແນະ​ນຳ​ການ​ຂຶ້ນ​ທະ​ບຽນ​ສ້າງ​ຕັ້ງ​ວິ​ສາ​ຫະ​ກິດ.pdf,,false,false,true,true,
5,Instruction,legaltype=5&old=1,LA-1214,"ຄຳແນະນຳ ກ່ຽວກັບການຂຸດຄົ້ນ ແລະເຄື່ອນຍ້າຍໄມ້ຕິ້ວ, ການເຄື່ອນຍ້າຍຖ່ານຂາວ ທີ່ຜະລິດມາຈາກໄມ້ຕິ້ວ ພາຍໃນ ແລະສົ່ງອອກຕ່າງປະເທດ",ກະຊວງ ກະສິກຳ ແລະ ສິ່ງແວດລ້ອມ,2017-09-18,2017-09-28,repealed,ສະບັບເກົ່າ,other,false,,https://laoofficialgazette.gov.la/kcfinder/upload/files/ຄຳແນະນຳ ເຄື່ອນຍ້າຍໄມ້ຕິ້ວ ຖ່ານຂາວ.pdf,,false,false,false,true,
5,Instruction,legaltype=5&old=1,LA-1106,ຄຳແນະນຳ ວ່າດ້ວຍການເພີ່ມທະວີຄວາມເອົາໃຈໃສ່ຕໍ່ວຽກງານທະບຽນສານ,ແຂວງ ອັດຕະປື,2016-09-14,2017-01-17,repealed,ສະບັບເກົ່າ,other,false,,https://laoofficialgazette.gov.la/kcfinder/upload/files/ຄຳແນະນຳວ່າດ້ວຍ ການເພີ່ມທະວີຄວາມເອົາໃຈໃສ່ຕໍ່ວຽກງານທະບຽນສານ.pdf,,false,false,true,true,
5,Instruction,legaltype=5&old=1,LA-586,ຄຳແນະນຳຂອງລັດຖະມົນຕີ ກ່ຽວກັບ ການປະຕິບັດກົດໝາຍວ່າດ້ວຍ ການປະກັນໄພ,ກະຊວງ ການເງິນ,2014-02-19,2014-06-27,repealed,ສະບັບເກົ່າ,other,false,,https://laoofficialgazette.gov.la/kcfinder/upload/files/Advice of Minister on the Implementation of the Law on Insurance.pdf,,false,false,true,true,
12,Resolution,legaltype=12&old=0,LA-2477,ມະຕິຄະນະປະຈຳສະພາແຫ່ງຊາດກ່ຽວກັບ ການປັບປຸງການໃສ່ສີໃສ່ເຄື່ອງໝາຍຊາດ,ສະພາແຫ່ງຊາດ,2025-07-30,2025-11-13,in_force,ປັດຈຸບັນ,other,false,,https://laoofficialgazette.gov.la/kcfinder/upload/files/203.30.7.2025_0001.pdf,,false,false,false,true,
12,Resolution,legaltype=12&old=0,LA-2478,ມະຕິຄະນະປະຈຳສະພາແຫ່ງຊາດກ່ຽວກັບ ການກຳນົດວັນສ້າງຕັ້ງສະພາປະຊາຊົນທ້ອງຖິ່ນ ແລະ ການກຳນົດການຈັດຊຸດ ສະພາປະຊາຊົນຂັ້ນແຂວງ,ສະພາແຫ່ງຊາດ,2025-07-30,2025-11-13,in_force,ປັດຈຸບັນ,other,false,,https://laoofficialgazette.gov.la/kcfinder/upload/files/204.30.7.2025_0001.pdf,,false,false,false,true,
12,Resolution,legaltype=12&old=0,LA-2412,ມະຕິຂອງຄະນະປະຈຳສະພາແຫ່ງຊາດວ່າດ້ວຍການຂຽນມາດຕາຂອງກົດໝາຍໃສ່ເອກະສານທາງລັດຖະການ,ສະພາແຫ່ງຊາດ,2025-07-22,2025-07-25,in_force,ປັດຈຸບັນ,other,false,,https://laoofficialgazette.gov.la/kcfinder/upload/files/197.22.7.2025.pdf,,false,false,false,true,
12,Resolution,legaltype=12&old=0,LA-2379,ມະຕິຂອງຄະນະປະຈຳສະພາແຫ່ງຊາດ ກ່ຽວກັບການຮັບຮອງເອົາການປັບປຸງເນື້ອໃນມາດຕາ 34 ແລະ ມາດຕາ 38 ຂອງກົດໝາຍວ່າດ້ວຍ ການປະກັນສັງຄົມ,ສະພາແຫ່ງຊາດ,2025-05-30,2025-06-09,in_force,ປັດຈຸບັນ,other,false,,https://laoofficialgazette.gov.la/kcfinder/upload/files/162. 30.5.2025.pdf,,false,false,false,true,
12,Resolution,legaltype=12&old=0,LA-1857,ມະຕິ ຂອງຄະນະປະຈຳສະພາແຫ່ງຊາດ ວ່າດ້ວຍການຕີຄວາມໝາຍ ແລະ ການອະທິບາຍກົດໝາຍ,ສະພາແຫ່ງຊາດ,2022-02-07,2022-03-29,in_force,ປັດຈຸບັນ,other,false,,https://laoofficialgazette.gov.la/kcfinder/upload/files/30ຄປຈ2022-1-5.pdf,,false,false,false,true,
12,Resolution,legaltype=12&old=0,LA-1702,"ມະຕິຄະນະປະຈຳສະພາແຫ່ງຊາດ ວ່າດ້ວຍການລົບລ້າງລັດຖະບັນຍັດ ເລກທີ 001/ປປທ, ລົງວັນທີ 28 ທັນວາ 2010 ວ່າດ້ວຍການກຳນົດອັດຕາອາກອນກຳໄລ ແລະ ຄ່າທຳນຽມ ສຳລັບການດຳເນີນທຸລະກິດ ໃນຕະຫຼາດຫຼັກຊັບລາວ",ທະນາຄານແຫ່ງ ສປປ ລາວ,2020-03-27,2020-08-19,in_force,ປັດຈຸບັນ,repealing_act,false,,https://laoofficialgazette.gov.la/kcfinder/upload/files/21ຄປຈ2020-1.pdf,,false,false,true,true,
12,Resolution,legaltype=12&old=0,LA-1506,ມະຕິ ຂອງຄະນະປະຈຳສະພາແຫ່ງຊາດ ວ່າດ້ວຍການຕີຄວາມໝາຍ ມາດຕາ 35 ຂໍ້ 2 ຂີດໜ້າ 4 ຂອງກົດໝາຍວ່າດ້ວຍສ່ວຍສາອາກອນ,ສະພາແຫ່ງຊາດ,2019-05-15,2019-05-22,in_force,ປັດຈຸບັນ,other,false,,https://laoofficialgazette.gov.la/kcfinder/upload/files/81ຄປຈ2019.pdf,,false,false,false,true,
12,Resolution,legaltype=12&old=0,LA-777,ມະຕິຕົກລົງຂອງສະພາລັດຖະມົນຕີ ກ່ຽວກັບການພິມຈຳໜ່າຍ ໃບຫວຍພັດທະນາ,ກະຊວງ ການເງິນ,1982-12-14,2015-03-19,in_force,ປັດຈຸບັນ,other,false,,https://laoofficialgazette.gov.la/kcfinder/upload/files/ມະຕິຕົກລົງ ຂອງສະພາລັດຖະມົນຕີ ກ່ຽວກັບການພິມຈຳໜ່າຍໃບຫວຍພັດທະນາ.pdf,,false,false,false,true,
12,Resolution,legaltype=12&old=1,LA-1138,ມະຕິຂອງຄະນະປະຈຳສະພາແຫ່ງຊາດ ວ່າດ້ວຍການຕີຄວາມໝາຍກົດໝາຍ,ສະພາແຫ່ງຊາດ,2013-12-04,2017-02-23,repealed,ສະບັບເກົ່າ,other,false,,https://laoofficialgazette.gov.la/kcfinder/upload/files/ມະຕິການຕີຄວາມໝາຍກົດໝາຍ.pdf,,false,false,false,true,
